Cons
Running CVC: false
DFSPriority
Eager
Size bound: 20
Depth bound: 4
=====

[16:06:41.998544]	BEG Init search
[16:06:42.008963]	Exploring 0: L, LLi: L, Li: L, []b: L, cons: _1_ -> _2_, tr: L
[16:06:42.025922]	Exploring 0: L, LLi: L, Li: L, []b: L, cons: V -> _2_, tr: L
[16:06:42.027286]	Exploring 0: L, LLi: L, Li: L, []b: L, cons: V -> _3_ -> _4_, tr: L
[16:06:42.027895]	Exploring 0: L, LLi: L, Li: L, []b: L, cons: V -> V -> _4_, tr: L
[16:06:42.028387]	Exploring 0: L, LLi: L, Li: L, []b: L, cons: V -> V -> V, tr: L
[16:06:42.030639]	Exploring 0: L, LLi: L, Li: L, []b: L, cons: V -> V -> L, tr: L
[16:06:42.031239]	Exploring 0: L, LLi: L, Li: L, []b: L, cons: V -> L -> _4_, tr: L
[16:06:42.031747]	Exploring 0: L, LLi: L, Li: L, []b: L, cons: V -> L -> V, tr: L
[16:06:42.032506]	Exploring 0: L, LLi: L, Li: L, []b: L, cons: V -> L -> L, tr: L
[16:06:42.033371]	Exploring 0: L, LLi: L, Li: L, []b: L, cons: L -> _2_, tr: L
[16:06:42.034275]	Exploring 0: L, LLi: L, Li: L, []b: L, cons: L -> _3_ -> _4_, tr: L
[16:06:42.035084]	Exploring 0: L, LLi: L, Li: L, []b: L, cons: L -> V -> _4_, tr: L
[16:06:42.035802]	Exploring 0: L, LLi: L, Li: L, []b: L, cons: L -> V -> V, tr: L
[16:06:42.036511]	Exploring 0: L, LLi: L, Li: L, []b: L, cons: L -> V -> L, tr: L
[16:06:42.037309]	Exploring 0: L, LLi: L, Li: L, []b: L, cons: L -> L -> _4_, tr: L
[16:06:42.038085]	Exploring 0: L, LLi: L, Li: L, []b: L, cons: L -> L -> V, tr: L
[16:06:42.039168]	Exploring 0: L, LLi: L, Li: L, []b: L, cons: L -> L -> L, tr: L
[16:06:42.039750]	END Init search : 66 ms
[16:06:42.040489]	BEG Compile Init to Elab
[16:06:42.043521]	END Compile Init to Elab : 3 ms
[16:06:42.044345]	BEG Elab search
[16:06:42.044842]	Exploring 0: L, LLi: L, Li: L, []b: L, cons: V_5_ -> V_6_ -> V_7_, tr: L
[16:06:42.047430]	Exploring 0: L, LLi: L, Li: L, []b: L, cons: V0 -> V_6_ -> V_7_, tr: L
[16:06:42.048359]	Exploring 0: L, LLi: L, Li: L, []b: L, cons: V0 -> V0 -> V_7_, tr: L
[16:06:42.049074]	Exploring 0: L, LLi: L, Li: L, []b: L, cons: V0 -> V0 -> V0, tr: L
[16:06:42.049979]	Exploring 0: L, LLi: L, Li: L, []b: L, cons: V0 -> V0 -> V1, tr: L
[16:06:42.050694]	Exploring 0: L, LLi: L, Li: L, []b: L, cons: V0 -> V1 -> V_7_, tr: L
[16:06:42.051154]	Exploring 0: L, LLi: L, Li: L, []b: L, cons: V0 -> V1 -> V0, tr: L
[16:06:42.052057]	Exploring 0: L, LLi: L, Li: L, []b: L, cons: V0 -> V1 -> V1, tr: L
[16:06:42.053127]	Exploring 0: L, LLi: L, Li: L, []b: L, cons: V0 -> V1 -> V2, tr: L
[16:06:42.053660]	Exploring 0: L, LLi: L, Li: L, []b: L, cons: V_8_ -> V_9_ -> L, tr: L
[16:06:42.054486]	Exploring 0: L, LLi: L, Li: L, []b: L, cons: V0 -> V_9_ -> L, tr: L
[16:06:42.055207]	Exploring 0: L, LLi: L, Li: L, []b: L, cons: V0 -> V0 -> L, tr: L
[16:06:42.055901]	Exploring 0: L, LLi: L, Li: L, []b: L, cons: V0 -> V1 -> L, tr: L
[16:06:42.056410]	Exploring 0: L, LLi: L, Li: L, []b: L, cons: V_10_ -> L -> V_11_, tr: L
[16:06:42.056954]	Exploring 0: L, LLi: L, Li: L, []b: L, cons: V0 -> L -> V_11_, tr: L
[16:06:42.057539]	Exploring 0: L, LLi: L, Li: L, []b: L, cons: V0 -> L -> V0, tr: L
[16:06:42.058238]	Exploring 0: L, LLi: L, Li: L, []b: L, cons: V0 -> L -> V1, tr: L
[16:06:42.058762]	Exploring 0: L, LLi: L, Li: L, []b: L, cons: V_12_ -> L -> L, tr: L
[16:06:42.059282]	Exploring 0: L, LLi: L, Li: L, []b: L, cons: V0 -> L -> L, tr: L
[16:06:42.059722]	Exploring 0: L, LLi: L, Li: L, []b: L, cons: L -> V_13_ -> V_14_, tr: L
[16:06:42.060217]	Exploring 0: L, LLi: L, Li: L, []b: L, cons: L -> V0 -> V_14_, tr: L
[16:06:42.060684]	Exploring 0: L, LLi: L, Li: L, []b: L, cons: L -> V0 -> V0, tr: L
[16:06:42.061240]	Exploring 0: L, LLi: L, Li: L, []b: L, cons: L -> V0 -> V1, tr: L
[16:06:42.061670]	Exploring 0: L, LLi: L, Li: L, []b: L, cons: L -> V_15_ -> L, tr: L
[16:06:42.062096]	Exploring 0: L, LLi: L, Li: L, []b: L, cons: L -> V0 -> L, tr: L
[16:06:42.062457]	Exploring 0: L, LLi: L, Li: L, []b: L, cons: L -> L -> V_16_, tr: L
[16:06:42.062839]	Exploring 0: L, LLi: L, Li: L, []b: L, cons: L -> L -> V0, tr: L
[16:06:42.063168]	Exploring 0: L, LLi: L, Li: L, []b: L, cons: L -> L -> L, tr: L
[16:06:42.063483]	END Elab search : 19 ms
[16:06:42.064164]	BEG Compile Elab to Concrete
[16:06:42.753238]	END Compile Elab to Concrete : 689 ms
[16:06:42.754234]	BEG Concrete search
[16:06:42.754439]	BEG Depth 2
[16:06:42.754525]	BEG Size 1
[16:06:42.754703]	Exploring 0: L0[], LLi: L0[], Li: L0[], []b: L3[], cons: V0 -> V0 -> V0, tr: L3[]
[16:06:42.756134]	END Size 1 : 2 ms
[16:06:42.756298]	BEG Size 2
[16:06:42.756513]	Exploring 0: L0[], LLi: L0[], Li: L0[], []b: L3[], cons: V0 -> V0 -> V0, tr: L3[]
[16:06:42.756871]	END Size 2 : 0 ms
[16:06:42.756972]	BEG Size 3
[16:06:42.757128]	Exploring 0: L0[], LLi: L0[], Li: L0[], []b: L3[], cons: V0 -> V0 -> V0, tr: L3[]
[16:06:42.757488]	END Size 3 : 1 ms
[16:06:42.757589]	BEG Size 4
[16:06:42.757728]	Exploring 0: L0[], LLi: L0[], Li: L0[], []b: L3[], cons: V0 -> V0 -> V0, tr: L3[]
[16:06:42.758051]	END Size 4 : 1 ms
[16:06:42.758151]	BEG Size 5
[16:06:42.758288]	Exploring 0: L0[], LLi: L0[], Li: L0[], []b: L3[], cons: V0 -> V0 -> V0, tr: L3[]
[16:06:42.758722]	Exploring 0: L0[], LLi: L1[_0_], Li: L1[_1_], []b: L1[_2_], cons: V0 -> L1[_3_] -> L1[_4_], tr: L6[]
[16:06:42.761054]	Exploring 0: L0[], LLi: L1[L0[]], Li: L1[_1_], []b: L1[_2_], cons: V0 -> L1[_3_] -> L1[_4_], tr: L6[]
[16:06:42.761816]	Exploring 0: L0[], LLi: L1[L0[]], Li: L1[L0[]], []b: L1[_2_], cons: V0 -> L1[_3_] -> L1[_4_], tr: L6[]
[16:06:42.762362]	Exploring 0: L0[], LLi: L1[L0[]], Li: L1[L0[]], []b: L1[L0[]], cons: V0 -> L1[_3_] -> L1[_4_], tr: L6[]
[16:06:42.763285]	Exploring 0: L0[], LLi: L1[L0[]], Li: L1[L0[]], []b: L1[L0[]], cons: V0 -> L1[L0[]] -> L1[_4_], tr: L6[]
[16:06:42.763855]	Exploring 0: L0[], LLi: L1[L0[]], Li: L1[L0[]], []b: L1[L0[]], cons: V0 -> L1[L0[]] -> L1[L0[]], tr: L6[]
[16:06:42.765340]	Exploring 0: L0[], LLi: L1[L0[]], Li: L1[L0[]], []b: L1[L6[]], cons: V0 -> L1[_3_] -> L1[_4_], tr: L6[]
[16:06:42.766351]	Exploring 0: L0[], LLi: L1[L0[]], Li: L1[L6[]], []b: L1[_2_], cons: V0 -> L1[_3_] -> L1[_4_], tr: L6[]
[16:06:42.767084]	Exploring 0: L0[], LLi: L1[L0[]], Li: L1[L6[]], []b: L1[L0[]], cons: V0 -> L1[_3_] -> L1[_4_], tr: L6[]
[16:06:42.767995]	Exploring 0: L0[], LLi: L1[L0[]], Li: L1[L6[]], []b: L1[L6[]], cons: V0 -> L1[_3_] -> L1[_4_], tr: L6[]
[16:06:42.768847]	Exploring 0: L0[], LLi: L1[L6[]], Li: L1[_1_], []b: L1[_2_], cons: V0 -> L1[_3_] -> L1[_4_], tr: L6[]
[16:06:42.769318]	Exploring 0: L0[], LLi: L1[L6[]], Li: L1[L0[]], []b: L1[_2_], cons: V0 -> L1[_3_] -> L1[_4_], tr: L6[]
[16:06:42.769819]	Exploring 0: L0[], LLi: L1[L6[]], Li: L1[L0[]], []b: L1[L0[]], cons: V0 -> L1[_3_] -> L1[_4_], tr: L6[]
[16:06:42.770479]	Exploring 0: L0[], LLi: L1[L6[]], Li: L1[L0[]], []b: L1[L6[]], cons: V0 -> L1[_3_] -> L1[_4_], tr: L6[]
[16:06:42.771384]	Exploring 0: L0[], LLi: L1[L6[]], Li: L1[L6[]], []b: L1[_2_], cons: V0 -> L1[_3_] -> L1[_4_], tr: L6[]
[16:06:42.772]	Exploring 0: L0[], LLi: L1[L6[]], Li: L1[L6[]], []b: L1[L0[]], cons: V0 -> L1[_3_] -> L1[_4_], tr: L6[]
[16:06:42.772871]	Exploring 0: L0[], LLi: L1[L6[]], Li: L1[L6[]], []b: L1[L6[]], cons: V0 -> L1[_3_] -> L1[_4_], tr: L6[]
[16:06:42.773540]	Exploring 0: L0[], LLi: L1[L6[]], Li: L1[L6[]], []b: L1[L6[]], cons: V0 -> L1[L6[]] -> L1[_4_], tr: L6[]
[16:06:42.774153]	Exploring 0: L0[], LLi: L1[L6[]], Li: L1[L6[]], []b: L1[L6[]], cons: V0 -> L1[L6[]] -> L1[L6[]], tr: L6[]
[16:06:42.774800]	END Size 5 : 16 ms
[16:06:42.774928]	BEG Size 6
[16:06:42.775150]	Exploring 0: L0[], LLi: L0[], Li: L0[], []b: L3[], cons: V0 -> V0 -> V0, tr: L3[]
[16:06:42.775513]	Exploring 0: L0[], LLi: L1[_0_], Li: L1[_1_], []b: L1[_2_], cons: V0 -> L1[_3_] -> L1[_4_], tr: L6[]
[16:06:42.776135]	Exploring 0: L0[], LLi: L1[L0[]], Li: L1[_1_], []b: L1[_2_], cons: V0 -> L1[_3_] -> L1[_4_], tr: L6[]
[16:06:42.776659]	Exploring 0: L0[], LLi: L1[L0[]], Li: L1[L0[]], []b: L1[_2_], cons: V0 -> L1[_3_] -> L1[_4_], tr: L6[]
[16:06:42.777139]	Exploring 0: L0[], LLi: L1[L0[]], Li: L1[L0[]], []b: L1[L0[]], cons: V0 -> L1[_3_] -> L1[_4_], tr: L6[]
[16:06:42.777853]	Exploring 0: L0[], LLi: L1[L0[]], Li: L1[L0[]], []b: L1[L0[]], cons: V0 -> L1[L0[]] -> L1[_4_], tr: L6[]
[16:06:42.778503]	Exploring 0: L0[], LLi: L1[L0[]], Li: L1[L0[]], []b: L1[L0[]], cons: V0 -> L1[L0[]] -> L1[L0[]], tr: L6[]
[16:06:42.779678]	Exploring 0: L0[], LLi: L1[L0[]], Li: L1[L0[]], []b: L1[L6[]], cons: V0 -> L1[_3_] -> L1[_4_], tr: L6[]
[16:06:42.780584]	Exploring 0: L0[], LLi: L1[L0[]], Li: L1[L6[]], []b: L1[_2_], cons: V0 -> L1[_3_] -> L1[_4_], tr: L6[]
[16:06:42.780978]	Exploring 0: L0[], LLi: L1[L0[]], Li: L1[L6[]], []b: L1[L0[]], cons: V0 -> L1[_3_] -> L1[_4_], tr: L6[]
[16:06:42.781663]	Exploring 0: L0[], LLi: L1[L0[]], Li: L1[L6[]], []b: L1[L6[]], cons: V0 -> L1[_3_] -> L1[_4_], tr: L6[]
[16:06:42.782367]	Exploring 0: L0[], LLi: L1[L6[]], Li: L1[_1_], []b: L1[_2_], cons: V0 -> L1[_3_] -> L1[_4_], tr: L6[]
[16:06:42.782835]	Exploring 0: L0[], LLi: L1[L6[]], Li: L1[L0[]], []b: L1[_2_], cons: V0 -> L1[_3_] -> L1[_4_], tr: L6[]
[16:06:42.783238]	Exploring 0: L0[], LLi: L1[L6[]], Li: L1[L0[]], []b: L1[L0[]], cons: V0 -> L1[_3_] -> L1[_4_], tr: L6[]
[16:06:42.783867]	Exploring 0: L0[], LLi: L1[L6[]], Li: L1[L0[]], []b: L1[L6[]], cons: V0 -> L1[_3_] -> L1[_4_], tr: L6[]
[16:06:42.784570]	Exploring 0: L0[], LLi: L1[L6[]], Li: L1[L6[]], []b: L1[_2_], cons: V0 -> L1[_3_] -> L1[_4_], tr: L6[]
[16:06:42.784968]	Exploring 0: L0[], LLi: L1[L6[]], Li: L1[L6[]], []b: L1[L0[]], cons: V0 -> L1[_3_] -> L1[_4_], tr: L6[]
[16:06:42.785387]	Exploring 0: L0[], LLi: L1[L6[]], Li: L1[L6[]], []b: L1[L6[]], cons: V0 -> L1[_3_] -> L1[_4_], tr: L6[]
[16:06:42.785754]	Exploring 0: L0[], LLi: L1[L6[]], Li: L1[L6[]], []b: L1[L6[]], cons: V0 -> L1[L6[]] -> L1[_4_], tr: L6[]
[16:06:42.786056]	Exploring 0: L0[], LLi: L1[L6[]], Li: L1[L6[]], []b: L1[L6[]], cons: V0 -> L1[L6[]] -> L1[L6[]], tr: L6[]
[16:06:42.786467]	END Size 6 : 12 ms
[16:06:42.786550]	BEG Size 7
[16:06:42.786663]	Exploring 0: L0[], LLi: L0[], Li: L0[], []b: L3[], cons: V0 -> V0 -> V0, tr: L3[]
[16:06:42.786869]	Exploring 0: L0[], LLi: L1[_0_], Li: L1[_1_], []b: L1[_2_], cons: V0 -> L1[_3_] -> L1[_4_], tr: L6[]
[16:06:42.787365]	Exploring 0: L0[], LLi: L1[L0[]], Li: L1[_1_], []b: L1[_2_], cons: V0 -> L1[_3_] -> L1[_4_], tr: L6[]
[16:06:42.787650]	Exploring 0: L0[], LLi: L1[L0[]], Li: L1[L0[]], []b: L1[_2_], cons: V0 -> L1[_3_] -> L1[_4_], tr: L6[]
[16:06:42.787901]	Exploring 0: L0[], LLi: L1[L0[]], Li: L1[L0[]], []b: L1[L0[]], cons: V0 -> L1[_3_] -> L1[_4_], tr: L6[]
[16:06:42.788202]	Exploring 0: L0[], LLi: L1[L0[]], Li: L1[L0[]], []b: L1[L0[]], cons: V0 -> L1[L0[]] -> L1[_4_], tr: L6[]
[16:06:42.788513]	Exploring 0: L0[], LLi: L1[L0[]], Li: L1[L0[]], []b: L1[L0[]], cons: V0 -> L1[L0[]] -> L1[L0[]], tr: L6[]
[16:06:42.789048]	Exploring 0: L0[], LLi: L1[L0[]], Li: L1[L0[]], []b: L1[L6[]], cons: V0 -> L1[_3_] -> L1[_4_], tr: L6[]
[16:06:42.789461]	Exploring 0: L0[], LLi: L1[L0[]], Li: L1[L6[]], []b: L1[_2_], cons: V0 -> L1[_3_] -> L1[_4_], tr: L6[]
[16:06:42.789723]	Exploring 0: L0[], LLi: L1[L0[]], Li: L1[L6[]], []b: L1[L0[]], cons: V0 -> L1[_3_] -> L1[_4_], tr: L6[]
[16:06:42.790132]	Exploring 0: L0[], LLi: L1[L0[]], Li: L1[L6[]], []b: L1[L6[]], cons: V0 -> L1[_3_] -> L1[_4_], tr: L6[]
[16:06:42.790470]	Exploring 0: L0[], LLi: L1[L6[]], Li: L1[_1_], []b: L1[_2_], cons: V0 -> L1[_3_] -> L1[_4_], tr: L6[]
[16:06:42.790708]	Exploring 0: L0[], LLi: L1[L6[]], Li: L1[L0[]], []b: L1[_2_], cons: V0 -> L1[_3_] -> L1[_4_], tr: L6[]
[16:06:42.790949]	Exploring 0: L0[], LLi: L1[L6[]], Li: L1[L0[]], []b: L1[L0[]], cons: V0 -> L1[_3_] -> L1[_4_], tr: L6[]
[16:06:42.791351]	Exploring 0: L0[], LLi: L1[L6[]], Li: L1[L0[]], []b: L1[L6[]], cons: V0 -> L1[_3_] -> L1[_4_], tr: L6[]
[16:06:42.791750]	Exploring 0: L0[], LLi: L1[L6[]], Li: L1[L6[]], []b: L1[_2_], cons: V0 -> L1[_3_] -> L1[_4_], tr: L6[]
[16:06:42.792144]	Exploring 0: L0[], LLi: L1[L6[]], Li: L1[L6[]], []b: L1[L0[]], cons: V0 -> L1[_3_] -> L1[_4_], tr: L6[]
[16:06:42.792594]	Exploring 0: L0[], LLi: L1[L6[]], Li: L1[L6[]], []b: L1[L6[]], cons: V0 -> L1[_3_] -> L1[_4_], tr: L6[]
[16:06:42.792895]	Exploring 0: L0[], LLi: L1[L6[]], Li: L1[L6[]], []b: L1[L6[]], cons: V0 -> L1[L6[]] -> L1[_4_], tr: L6[]
[16:06:42.793172]	Exploring 0: L0[], LLi: L1[L6[]], Li: L1[L6[]], []b: L1[L6[]], cons: V0 -> L1[L6[]] -> L1[L6[]], tr: L6[]
[16:06:42.793629]	END Size 7 : 7 ms
[16:06:42.793718]	BEG Size 8
[16:06:42.793863]	Exploring 0: L0[], LLi: L0[], Li: L0[], []b: L3[], cons: V0 -> V0 -> V0, tr: L3[]
[16:06:42.794177]	Exploring 0: L0[], LLi: L1[_0_], Li: L1[_1_], []b: L1[_2_], cons: V0 -> L1[_3_] -> L1[_4_], tr: L6[]
[16:06:42.794654]	Exploring 0: L0[], LLi: L1[L0[]], Li: L1[_1_], []b: L1[_2_], cons: V0 -> L1[_3_] -> L1[_4_], tr: L6[]
[16:06:42.795076]	Exploring 0: L0[], LLi: L1[L0[]], Li: L1[L0[]], []b: L1[_2_], cons: V0 -> L1[_3_] -> L1[_4_], tr: L6[]
[16:06:42.795425]	Exploring 0: L0[], LLi: L1[L0[]], Li: L1[L0[]], []b: L1[L0[]], cons: V0 -> L1[_3_] -> L1[_4_], tr: L6[]
[16:06:42.795732]	Exploring 0: L0[], LLi: L1[L0[]], Li: L1[L0[]], []b: L1[L0[]], cons: V0 -> L1[L0[]] -> L1[_4_], tr: L6[]
[16:06:42.796124]	Exploring 0: L0[], LLi: L1[L0[]], Li: L1[L0[]], []b: L1[L0[]], cons: V0 -> L1[L0[]] -> L1[L0[]], tr: L6[]
[16:06:42.796939]	Exploring 0: L0[], LLi: L1[L0[]], Li: L1[L0[]], []b: L1[L6[]], cons: V0 -> L1[_3_] -> L1[_4_], tr: L6[]
[16:06:42.797326]	Exploring 0: L0[], LLi: L1[L0[]], Li: L1[L6[]], []b: L1[_2_], cons: V0 -> L1[_3_] -> L1[_4_], tr: L6[]
[16:06:42.797569]	Exploring 0: L0[], LLi: L1[L0[]], Li: L1[L6[]], []b: L1[L0[]], cons: V0 -> L1[_3_] -> L1[_4_], tr: L6[]
[16:06:42.797978]	Exploring 0: L0[], LLi: L1[L0[]], Li: L1[L6[]], []b: L1[L6[]], cons: V0 -> L1[_3_] -> L1[_4_], tr: L6[]
[16:06:42.798436]	Exploring 0: L0[], LLi: L1[L6[]], Li: L1[_1_], []b: L1[_2_], cons: V0 -> L1[_3_] -> L1[_4_], tr: L6[]
[16:06:42.798835]	Exploring 0: L0[], LLi: L1[L6[]], Li: L1[L0[]], []b: L1[_2_], cons: V0 -> L1[_3_] -> L1[_4_], tr: L6[]
[16:06:42.799235]	Exploring 0: L0[], LLi: L1[L6[]], Li: L1[L0[]], []b: L1[L0[]], cons: V0 -> L1[_3_] -> L1[_4_], tr: L6[]
[16:06:42.799838]	Exploring 0: L0[], LLi: L1[L6[]], Li: L1[L0[]], []b: L1[L6[]], cons: V0 -> L1[_3_] -> L1[_4_], tr: L6[]
[16:06:42.800460]	Exploring 0: L0[], LLi: L1[L6[]], Li: L1[L6[]], []b: L1[_2_], cons: V0 -> L1[_3_] -> L1[_4_], tr: L6[]
[16:06:42.800843]	Exploring 0: L0[], LLi: L1[L6[]], Li: L1[L6[]], []b: L1[L0[]], cons: V0 -> L1[_3_] -> L1[_4_], tr: L6[]
[16:06:42.801467]	Exploring 0: L0[], LLi: L1[L6[]], Li: L1[L6[]], []b: L1[L6[]], cons: V0 -> L1[_3_] -> L1[_4_], tr: L6[]
[16:06:42.802069]	Exploring 0: L0[], LLi: L1[L6[]], Li: L1[L6[]], []b: L1[L6[]], cons: V0 -> L1[L6[]] -> L1[_4_], tr: L6[]
[16:06:42.802576]	Exploring 0: L0[], LLi: L1[L6[]], Li: L1[L6[]], []b: L1[L6[]], cons: V0 -> L1[L6[]] -> L1[L6[]], tr: L6[]
[16:06:42.803452]	END Size 8 : 10 ms
[16:06:42.803641]	BEG Size 9
[16:06:42.803811]	Exploring 0: L0[], LLi: L0[], Li: L0[], []b: L3[], cons: V0 -> V0 -> V0, tr: L3[]
[16:06:42.804070]	Exploring 0: L0[], LLi: L1[_0_], Li: L1[_1_], []b: L1[_2_], cons: V0 -> L1[_3_] -> L1[_4_], tr: L6[]
[16:06:42.804630]	Exploring 0: L0[], LLi: L1[L0[]], Li: L1[_1_], []b: L1[_2_], cons: V0 -> L1[_3_] -> L1[_4_], tr: L6[]
[16:06:42.805105]	Exploring 0: L0[], LLi: L1[L0[]], Li: L1[L0[]], []b: L1[_2_], cons: V0 -> L1[_3_] -> L1[_4_], tr: L6[]
[16:06:42.805571]	Exploring 0: L0[], LLi: L1[L0[]], Li: L1[L0[]], []b: L1[L0[]], cons: V0 -> L1[_3_] -> L1[_4_], tr: L6[]
[16:06:42.806252]	Exploring 0: L0[], LLi: L1[L0[]], Li: L1[L0[]], []b: L1[L0[]], cons: V0 -> L1[L0[]] -> L1[_4_], tr: L6[]
[16:06:42.806872]	Exploring 0: L0[], LLi: L1[L0[]], Li: L1[L0[]], []b: L1[L0[]], cons: V0 -> L1[L0[]] -> L1[L0[]], tr: L6[]
[16:06:42.807815]	Exploring 0: L0[], LLi: L1[L0[]], Li: L1[L0[]], []b: L1[L6[]], cons: V0 -> L1[_3_] -> L1[_4_], tr: L6[]
[16:06:42.808437]	Exploring 0: L0[], LLi: L1[L0[]], Li: L1[L6[]], []b: L1[_2_], cons: V0 -> L1[_3_] -> L1[_4_], tr: L6[]
[16:06:42.808874]	Exploring 0: L0[], LLi: L1[L0[]], Li: L1[L6[]], []b: L1[L0[]], cons: V0 -> L1[_3_] -> L1[_4_], tr: L6[]
[16:06:42.809390]	Exploring 0: L0[], LLi: L1[L0[]], Li: L1[L6[]], []b: L1[L6[]], cons: V0 -> L1[_3_] -> L1[_4_], tr: L6[]
[16:06:42.809856]	Exploring 0: L0[], LLi: L1[L6[]], Li: L1[_1_], []b: L1[_2_], cons: V0 -> L1[_3_] -> L1[_4_], tr: L6[]
[16:06:42.810294]	Exploring 0: L0[], LLi: L1[L6[]], Li: L1[L0[]], []b: L1[_2_], cons: V0 -> L1[_3_] -> L1[_4_], tr: L6[]
[16:06:42.810581]	Exploring 0: L0[], LLi: L1[L6[]], Li: L1[L0[]], []b: L1[L0[]], cons: V0 -> L1[_3_] -> L1[_4_], tr: L6[]
[16:06:42.811019]	Exploring 0: L0[], LLi: L1[L6[]], Li: L1[L0[]], []b: L1[L6[]], cons: V0 -> L1[_3_] -> L1[_4_], tr: L6[]
[16:06:42.811484]	Exploring 0: L0[], LLi: L1[L6[]], Li: L1[L6[]], []b: L1[_2_], cons: V0 -> L1[_3_] -> L1[_4_], tr: L6[]
[16:06:42.811900]	Exploring 0: L0[], LLi: L1[L6[]], Li: L1[L6[]], []b: L1[L0[]], cons: V0 -> L1[_3_] -> L1[_4_], tr: L6[]
[16:06:42.812375]	Exploring 0: L0[], LLi: L1[L6[]], Li: L1[L6[]], []b: L1[L6[]], cons: V0 -> L1[_3_] -> L1[_4_], tr: L6[]
[16:06:42.812795]	Exploring 0: L0[], LLi: L1[L6[]], Li: L1[L6[]], []b: L1[L6[]], cons: V0 -> L1[L6[]] -> L1[_4_], tr: L6[]
[16:06:42.813192]	Exploring 0: L0[], LLi: L1[L6[]], Li: L1[L6[]], []b: L1[L6[]], cons: V0 -> L1[L6[]] -> L1[L6[]], tr: L6[]
[16:06:42.813645]	END Size 9 : 10 ms
[16:06:42.813742]	BEG Size 10
[16:06:42.813931]	Exploring 0: L0[], LLi: L0[], Li: L0[], []b: L3[], cons: V0 -> V0 -> V0, tr: L3[]
[16:06:42.814161]	Exploring 0: L0[], LLi: L1[_0_], Li: L1[_1_], []b: L1[_2_], cons: V0 -> L1[_3_] -> L1[_4_], tr: L6[]
[16:06:42.814484]	Exploring 0: L0[], LLi: L1[L0[]], Li: L1[_1_], []b: L1[_2_], cons: V0 -> L1[_3_] -> L1[_4_], tr: L6[]
[16:06:42.814717]	Exploring 0: L0[], LLi: L1[L0[]], Li: L1[L0[]], []b: L1[_2_], cons: V0 -> L1[_3_] -> L1[_4_], tr: L6[]
[16:06:42.815]	Exploring 0: L0[], LLi: L1[L0[]], Li: L1[L0[]], []b: L1[L0[]], cons: V0 -> L1[_3_] -> L1[_4_], tr: L6[]
[16:06:42.815389]	Exploring 0: L0[], LLi: L1[L0[]], Li: L1[L0[]], []b: L1[L0[]], cons: V0 -> L1[L0[]] -> L1[_4_], tr: L6[]
[16:06:42.815803]	Exploring 0: L0[], LLi: L1[L0[]], Li: L1[L0[]], []b: L1[L0[]], cons: V0 -> L1[L0[]] -> L1[L0[]], tr: L6[]
[16:06:42.816601]	Exploring 0: L0[], LLi: L1[L0[]], Li: L1[L0[]], []b: L1[L6[]], cons: V0 -> L1[_3_] -> L1[_4_], tr: L6[]
[16:06:42.817146]	Exploring 0: L0[], LLi: L1[L0[]], Li: L1[L6[]], []b: L1[_2_], cons: V0 -> L1[_3_] -> L1[_4_], tr: L6[]
[16:06:42.817495]	Exploring 0: L0[], LLi: L1[L0[]], Li: L1[L6[]], []b: L1[L0[]], cons: V0 -> L1[_3_] -> L1[_4_], tr: L6[]
[16:06:42.817923]	Exploring 0: L0[], LLi: L1[L0[]], Li: L1[L6[]], []b: L1[L6[]], cons: V0 -> L1[_3_] -> L1[_4_], tr: L6[]
[16:06:42.818405]	Exploring 0: L0[], LLi: L1[L6[]], Li: L1[_1_], []b: L1[_2_], cons: V0 -> L1[_3_] -> L1[_4_], tr: L6[]
[16:06:42.818772]	Exploring 0: L0[], LLi: L1[L6[]], Li: L1[L0[]], []b: L1[_2_], cons: V0 -> L1[_3_] -> L1[_4_], tr: L6[]
[16:06:42.819098]	Exploring 0: L0[], LLi: L1[L6[]], Li: L1[L0[]], []b: L1[L0[]], cons: V0 -> L1[_3_] -> L1[_4_], tr: L6[]
[16:06:42.819412]	Exploring 0: L0[], LLi: L1[L6[]], Li: L1[L0[]], []b: L1[L6[]], cons: V0 -> L1[_3_] -> L1[_4_], tr: L6[]
[16:06:42.819770]	Exploring 0: L0[], LLi: L1[L6[]], Li: L1[L6[]], []b: L1[_2_], cons: V0 -> L1[_3_] -> L1[_4_], tr: L6[]
[16:06:42.820011]	Exploring 0: L0[], LLi: L1[L6[]], Li: L1[L6[]], []b: L1[L0[]], cons: V0 -> L1[_3_] -> L1[_4_], tr: L6[]
[16:06:42.820274]	Exploring 0: L0[], LLi: L1[L6[]], Li: L1[L6[]], []b: L1[L6[]], cons: V0 -> L1[_3_] -> L1[_4_], tr: L6[]
[16:06:42.820550]	Exploring 0: L0[], LLi: L1[L6[]], Li: L1[L6[]], []b: L1[L6[]], cons: V0 -> L1[L6[]] -> L1[_4_], tr: L6[]
[16:06:42.820775]	Exploring 0: L0[], LLi: L1[L6[]], Li: L1[L6[]], []b: L1[L6[]], cons: V0 -> L1[L6[]] -> L1[L6[]], tr: L6[]
[16:06:42.821096]	END Size 10 : 8 ms
[16:06:42.821153]	BEG Size 11
[16:06:42.821231]	Exploring 0: L0[], LLi: L0[], Li: L0[], []b: L3[], cons: V0 -> V0 -> V0, tr: L3[]
[16:06:42.821376]	Exploring 0: L0[], LLi: L1[_0_], Li: L1[_1_], []b: L1[_2_], cons: V0 -> L1[_3_] -> L1[_4_], tr: L6[]
[16:06:42.821620]	Exploring 0: L0[], LLi: L1[L0[]], Li: L1[_1_], []b: L1[_2_], cons: V0 -> L1[_3_] -> L1[_4_], tr: L6[]
[16:06:42.821795]	Exploring 0: L0[], LLi: L1[L0[]], Li: L1[L0[]], []b: L1[_2_], cons: V0 -> L1[_3_] -> L1[_4_], tr: L6[]
[16:06:42.821980]	Exploring 0: L0[], LLi: L1[L0[]], Li: L1[L0[]], []b: L1[L0[]], cons: V0 -> L1[_3_] -> L1[_4_], tr: L6[]
[16:06:42.822346]	Exploring 0: L0[], LLi: L1[L0[]], Li: L1[L0[]], []b: L1[L0[]], cons: V0 -> L1[L0[]] -> L1[_4_], tr: L6[]
[16:06:42.822583]	Exploring 0: L0[], LLi: L1[L0[]], Li: L1[L0[]], []b: L1[L0[]], cons: V0 -> L1[L0[]] -> L1[L0[]], tr: L6[]
[16:06:42.823016]	Exploring 0: L0[], LLi: L1[L0[]], Li: L1[L0[]], []b: L1[L6[]], cons: V0 -> L1[_3_] -> L1[_4_], tr: L6[]
[16:06:42.823298]	Exploring 0: L0[], LLi: L1[L0[]], Li: L1[L6[]], []b: L1[_2_], cons: V0 -> L1[_3_] -> L1[_4_], tr: L6[]
[16:06:42.823502]	Exploring 0: L0[], LLi: L1[L0[]], Li: L1[L6[]], []b: L1[L0[]], cons: V0 -> L1[_3_] -> L1[_4_], tr: L6[]
[16:06:42.823756]	Exploring 0: L0[], LLi: L1[L0[]], Li: L1[L6[]], []b: L1[L6[]], cons: V0 -> L1[_3_] -> L1[_4_], tr: L6[]
[16:06:42.824006]	Exploring 0: L0[], LLi: L1[L6[]], Li: L1[_1_], []b: L1[_2_], cons: V0 -> L1[_3_] -> L1[_4_], tr: L6[]
[16:06:42.824192]	Exploring 0: L0[], LLi: L1[L6[]], Li: L1[L0[]], []b: L1[_2_], cons: V0 -> L1[_3_] -> L1[_4_], tr: L6[]
[16:06:42.824369]	Exploring 0: L0[], LLi: L1[L6[]], Li: L1[L0[]], []b: L1[L0[]], cons: V0 -> L1[_3_] -> L1[_4_], tr: L6[]
[16:06:42.824622]	Exploring 0: L0[], LLi: L1[L6[]], Li: L1[L0[]], []b: L1[L6[]], cons: V0 -> L1[_3_] -> L1[_4_], tr: L6[]
[16:06:42.824880]	Exploring 0: L0[], LLi: L1[L6[]], Li: L1[L6[]], []b: L1[_2_], cons: V0 -> L1[_3_] -> L1[_4_], tr: L6[]
[16:06:42.825063]	Exploring 0: L0[], LLi: L1[L6[]], Li: L1[L6[]], []b: L1[L0[]], cons: V0 -> L1[_3_] -> L1[_4_], tr: L6[]
[16:06:42.825311]	Exploring 0: L0[], LLi: L1[L6[]], Li: L1[L6[]], []b: L1[L6[]], cons: V0 -> L1[_3_] -> L1[_4_], tr: L6[]
[16:06:42.825610]	Exploring 0: L0[], LLi: L1[L6[]], Li: L1[L6[]], []b: L1[L6[]], cons: V0 -> L1[L6[]] -> L1[_4_], tr: L6[]
[16:06:42.825911]	Exploring 0: L0[], LLi: L1[L6[]], Li: L1[L6[]], []b: L1[L6[]], cons: V0 -> L1[L6[]] -> L1[L6[]], tr: L6[]
[16:06:42.826236]	END Size 11 : 5 ms
[16:06:42.826291]	BEG Size 12
[16:06:42.826356]	Exploring 0: L0[], LLi: L0[], Li: L0[], []b: L3[], cons: V0 -> V0 -> V0, tr: L3[]
[16:06:42.826517]	Exploring 0: L0[], LLi: L1[_0_], Li: L1[_1_], []b: L1[_2_], cons: V0 -> L1[_3_] -> L1[_4_], tr: L6[]
[16:06:42.826773]	Exploring 0: L0[], LLi: L1[L0[]], Li: L1[_1_], []b: L1[_2_], cons: V0 -> L1[_3_] -> L1[_4_], tr: L6[]
[16:06:42.827022]	Exploring 0: L0[], LLi: L1[L0[]], Li: L1[L0[]], []b: L1[_2_], cons: V0 -> L1[_3_] -> L1[_4_], tr: L6[]
[16:06:42.827348]	Exploring 0: L0[], LLi: L1[L0[]], Li: L1[L0[]], []b: L1[L0[]], cons: V0 -> L1[_3_] -> L1[_4_], tr: L6[]
[16:06:42.827737]	Exploring 0: L0[], LLi: L1[L0[]], Li: L1[L0[]], []b: L1[L0[]], cons: V0 -> L1[L0[]] -> L1[_4_], tr: L6[]
[16:06:42.828059]	Exploring 0: L0[], LLi: L1[L0[]], Li: L1[L0[]], []b: L1[L0[]], cons: V0 -> L1[L0[]] -> L1[L0[]], tr: L6[]
[16:06:42.828535]	Exploring 0: L0[], LLi: L1[L0[]], Li: L1[L0[]], []b: L1[L6[]], cons: V0 -> L1[_3_] -> L1[_4_], tr: L6[]
[16:06:42.828821]	Exploring 0: L0[], LLi: L1[L0[]], Li: L1[L6[]], []b: L1[_2_], cons: V0 -> L1[_3_] -> L1[_4_], tr: L6[]
[16:06:42.829013]	Exploring 0: L0[], LLi: L1[L0[]], Li: L1[L6[]], []b: L1[L0[]], cons: V0 -> L1[_3_] -> L1[_4_], tr: L6[]
[16:06:42.829259]	Exploring 0: L0[], LLi: L1[L0[]], Li: L1[L6[]], []b: L1[L6[]], cons: V0 -> L1[_3_] -> L1[_4_], tr: L6[]
[16:06:42.829563]	Exploring 0: L0[], LLi: L1[L6[]], Li: L1[_1_], []b: L1[_2_], cons: V0 -> L1[_3_] -> L1[_4_], tr: L6[]
[16:06:42.829772]	Exploring 0: L0[], LLi: L1[L6[]], Li: L1[L0[]], []b: L1[_2_], cons: V0 -> L1[_3_] -> L1[_4_], tr: L6[]
[16:06:42.829961]	Exploring 0: L0[], LLi: L1[L6[]], Li: L1[L0[]], []b: L1[L0[]], cons: V0 -> L1[_3_] -> L1[_4_], tr: L6[]
[16:06:42.830232]	Exploring 0: L0[], LLi: L1[L6[]], Li: L1[L0[]], []b: L1[L6[]], cons: V0 -> L1[_3_] -> L1[_4_], tr: L6[]
[16:06:42.830595]	Exploring 0: L0[], LLi: L1[L6[]], Li: L1[L6[]], []b: L1[_2_], cons: V0 -> L1[_3_] -> L1[_4_], tr: L6[]
[16:06:42.830853]	Exploring 0: L0[], LLi: L1[L6[]], Li: L1[L6[]], []b: L1[L0[]], cons: V0 -> L1[_3_] -> L1[_4_], tr: L6[]
[16:06:42.831130]	Exploring 0: L0[], LLi: L1[L6[]], Li: L1[L6[]], []b: L1[L6[]], cons: V0 -> L1[_3_] -> L1[_4_], tr: L6[]
[16:06:42.831469]	Exploring 0: L0[], LLi: L1[L6[]], Li: L1[L6[]], []b: L1[L6[]], cons: V0 -> L1[L6[]] -> L1[_4_], tr: L6[]
[16:06:42.831903]	Exploring 0: L0[], LLi: L1[L6[]], Li: L1[L6[]], []b: L1[L6[]], cons: V0 -> L1[L6[]] -> L1[L6[]], tr: L6[]
[16:06:42.832660]	END Size 12 : 6 ms
[16:06:42.832879]	BEG Size 13
[16:06:42.833050]	Exploring 0: L0[], LLi: L0[], Li: L0[], []b: L3[], cons: V0 -> V0 -> V0, tr: L3[]
[16:06:42.833395]	Exploring 0: L0[], LLi: L1[_0_], Li: L1[_1_], []b: L1[_2_], cons: V0 -> L1[_3_] -> L1[_4_], tr: L6[]
[16:06:42.834082]	Exploring 0: L0[], LLi: L1[L0[]], Li: L1[_1_], []b: L1[_2_], cons: V0 -> L1[_3_] -> L1[_4_], tr: L6[]
[16:06:42.834817]	Exploring 0: L0[], LLi: L1[L0[]], Li: L1[L0[]], []b: L1[_2_], cons: V0 -> L1[_3_] -> L1[_4_], tr: L6[]
[16:06:42.835573]	Exploring 0: L0[], LLi: L1[L0[]], Li: L1[L0[]], []b: L1[L0[]], cons: V0 -> L1[_3_] -> L1[_4_], tr: L6[]
[16:06:42.836270]	Exploring 0: L0[], LLi: L1[L0[]], Li: L1[L0[]], []b: L1[L0[]], cons: V0 -> L1[L0[]] -> L1[_4_], tr: L6[]
[16:06:42.837294]	Exploring 0: L0[], LLi: L1[L0[]], Li: L1[L0[]], []b: L1[L0[]], cons: V0 -> L1[L0[]] -> L1[L0[]], tr: L6[]
[16:06:42.837948]	Exploring 0: L0[], LLi: L1[L0[]], Li: L1[L0[]], []b: L1[L6[]], cons: V0 -> L1[_3_] -> L1[_4_], tr: L6[]
[16:06:42.838399]	Exploring 0: L0[], LLi: L1[L0[]], Li: L1[L6[]], []b: L1[_2_], cons: V0 -> L1[_3_] -> L1[_4_], tr: L6[]
[16:06:42.838703]	Exploring 0: L0[], LLi: L1[L0[]], Li: L1[L6[]], []b: L1[L0[]], cons: V0 -> L1[_3_] -> L1[_4_], tr: L6[]
[16:06:42.839106]	Exploring 0: L0[], LLi: L1[L0[]], Li: L1[L6[]], []b: L1[L6[]], cons: V0 -> L1[_3_] -> L1[_4_], tr: L6[]
[16:06:42.839517]	Exploring 0: L0[], LLi: L1[L6[]], Li: L1[_1_], []b: L1[_2_], cons: V0 -> L1[_3_] -> L1[_4_], tr: L6[]
[16:06:42.839813]	Exploring 0: L0[], LLi: L1[L6[]], Li: L1[L0[]], []b: L1[_2_], cons: V0 -> L1[_3_] -> L1[_4_], tr: L6[]
[16:06:42.840066]	Exploring 0: L0[], LLi: L1[L6[]], Li: L1[L0[]], []b: L1[L0[]], cons: V0 -> L1[_3_] -> L1[_4_], tr: L6[]
[16:06:42.840517]	Exploring 0: L0[], LLi: L1[L6[]], Li: L1[L0[]], []b: L1[L6[]], cons: V0 -> L1[_3_] -> L1[_4_], tr: L6[]
[16:06:42.840922]	Exploring 0: L0[], LLi: L1[L6[]], Li: L1[L6[]], []b: L1[_2_], cons: V0 -> L1[_3_] -> L1[_4_], tr: L6[]
[16:06:42.841358]	Exploring 0: L0[], LLi: L1[L6[]], Li: L1[L6[]], []b: L1[L0[]], cons: V0 -> L1[_3_] -> L1[_4_], tr: L6[]
[16:06:42.841782]	Exploring 0: L0[], LLi: L1[L6[]], Li: L1[L6[]], []b: L1[L6[]], cons: V0 -> L1[_3_] -> L1[_4_], tr: L6[]
[16:06:42.842157]	Exploring 0: L0[], LLi: L1[L6[]], Li: L1[L6[]], []b: L1[L6[]], cons: V0 -> L1[L6[]] -> L1[_4_], tr: L6[]
[16:06:42.842545]	Exploring 0: L0[], LLi: L1[L6[]], Li: L1[L6[]], []b: L1[L6[]], cons: V0 -> L1[L6[]] -> L1[L6[]], tr: L6[]
[16:06:42.843094]	END Size 13 : 11 ms
[16:06:42.843238]	BEG Size 14
[16:06:42.843352]	Exploring 0: L0[], LLi: L0[], Li: L0[], []b: L3[], cons: V0 -> V0 -> V0, tr: L3[]
[16:06:42.843641]	Exploring 0: L0[], LLi: L1[_0_], Li: L1[_1_], []b: L1[_2_], cons: V0 -> L1[_3_] -> L1[_4_], tr: L6[]
[16:06:42.844044]	Exploring 0: L0[], LLi: L1[L0[]], Li: L1[_1_], []b: L1[_2_], cons: V0 -> L1[_3_] -> L1[_4_], tr: L6[]
[16:06:42.844369]	Exploring 0: L0[], LLi: L1[L0[]], Li: L1[L0[]], []b: L1[_2_], cons: V0 -> L1[_3_] -> L1[_4_], tr: L6[]
[16:06:42.844769]	Exploring 0: L0[], LLi: L1[L0[]], Li: L1[L0[]], []b: L1[L0[]], cons: V0 -> L1[_3_] -> L1[_4_], tr: L6[]
[16:06:42.845326]	Exploring 0: L0[], LLi: L1[L0[]], Li: L1[L0[]], []b: L1[L0[]], cons: V0 -> L1[L0[]] -> L1[_4_], tr: L6[]
[16:06:42.845943]	Exploring 0: L0[], LLi: L1[L0[]], Li: L1[L0[]], []b: L1[L0[]], cons: V0 -> L1[L0[]] -> L1[L0[]], tr: L6[]
[16:06:42.846824]	Exploring 0: L0[], LLi: L1[L0[]], Li: L1[L0[]], []b: L1[L6[]], cons: V0 -> L1[_3_] -> L1[_4_], tr: L6[]
[16:06:42.847447]	Exploring 0: L0[], LLi: L1[L0[]], Li: L1[L6[]], []b: L1[_2_], cons: V0 -> L1[_3_] -> L1[_4_], tr: L6[]
[16:06:42.847860]	Exploring 0: L0[], LLi: L1[L0[]], Li: L1[L6[]], []b: L1[L0[]], cons: V0 -> L1[_3_] -> L1[_4_], tr: L6[]
[16:06:42.848332]	Exploring 0: L0[], LLi: L1[L0[]], Li: L1[L6[]], []b: L1[L6[]], cons: V0 -> L1[_3_] -> L1[_4_], tr: L6[]
[16:06:42.848845]	Exploring 0: L0[], LLi: L1[L6[]], Li: L1[_1_], []b: L1[_2_], cons: V0 -> L1[_3_] -> L1[_4_], tr: L6[]
[16:06:42.849203]	Exploring 0: L0[], LLi: L1[L6[]], Li: L1[L0[]], []b: L1[_2_], cons: V0 -> L1[_3_] -> L1[_4_], tr: L6[]
[16:06:42.849646]	Exploring 0: L0[], LLi: L1[L6[]], Li: L1[L0[]], []b: L1[L0[]], cons: V0 -> L1[_3_] -> L1[_4_], tr: L6[]
[16:06:42.857147]	Exploring 0: L0[], LLi: L1[L6[]], Li: L1[L0[]], []b: L1[L6[]], cons: V0 -> L1[_3_] -> L1[_4_], tr: L6[]
[16:06:42.857622]	Exploring 0: L0[], LLi: L1[L6[]], Li: L1[L6[]], []b: L1[_2_], cons: V0 -> L1[_3_] -> L1[_4_], tr: L6[]
[16:06:42.857878]	Exploring 0: L0[], LLi: L1[L6[]], Li: L1[L6[]], []b: L1[L0[]], cons: V0 -> L1[_3_] -> L1[_4_], tr: L6[]
[16:06:42.858168]	Exploring 0: L0[], LLi: L1[L6[]], Li: L1[L6[]], []b: L1[L6[]], cons: V0 -> L1[_3_] -> L1[_4_], tr: L6[]
[16:06:42.858428]	Exploring 0: L0[], LLi: L1[L6[]], Li: L1[L6[]], []b: L1[L6[]], cons: V0 -> L1[L6[]] -> L1[_4_], tr: L6[]
[16:06:42.858683]	Exploring 0: L0[], LLi: L1[L6[]], Li: L1[L6[]], []b: L1[L6[]], cons: V0 -> L1[L6[]] -> L1[L6[]], tr: L6[]
[16:06:42.859067]	END Size 14 : 16 ms
[16:06:42.859149]	BEG Size 15
[16:06:42.859239]	Exploring 0: L0[], LLi: L0[], Li: L0[], []b: L3[], cons: V0 -> V0 -> V0, tr: L3[]
[16:06:42.859449]	Exploring 0: L0[], LLi: L1[_0_], Li: L1[_1_], []b: L1[_2_], cons: V0 -> L1[_3_] -> L1[_4_], tr: L6[]
[16:06:42.859772]	Exploring 0: L0[], LLi: L1[L0[]], Li: L1[_1_], []b: L1[_2_], cons: V0 -> L1[_3_] -> L1[_4_], tr: L6[]
[16:06:42.859997]	Exploring 0: L0[], LLi: L1[L0[]], Li: L1[L0[]], []b: L1[_2_], cons: V0 -> L1[_3_] -> L1[_4_], tr: L6[]
[16:06:42.860212]	Exploring 0: L0[], LLi: L1[L0[]], Li: L1[L0[]], []b: L1[L0[]], cons: V0 -> L1[_3_] -> L1[_4_], tr: L6[]
[16:06:42.860460]	Exploring 0: L0[], LLi: L1[L0[]], Li: L1[L0[]], []b: L1[L0[]], cons: V0 -> L1[L0[]] -> L1[_4_], tr: L6[]
[16:06:42.860730]	Exploring 0: L0[], LLi: L1[L0[]], Li: L1[L0[]], []b: L1[L0[]], cons: V0 -> L1[L0[]] -> L1[L0[]], tr: L6[]
[16:06:42.861421]	Exploring 0: L0[], LLi: L1[L0[]], Li: L1[L0[]], []b: L1[L6[]], cons: V0 -> L1[_3_] -> L1[_4_], tr: L6[]
[16:06:42.861841]	Exploring 0: L0[], LLi: L1[L0[]], Li: L1[L6[]], []b: L1[_2_], cons: V0 -> L1[_3_] -> L1[_4_], tr: L6[]
[16:06:42.862144]	Exploring 0: L0[], LLi: L1[L0[]], Li: L1[L6[]], []b: L1[L0[]], cons: V0 -> L1[_3_] -> L1[_4_], tr: L6[]
[16:06:42.862473]	Exploring 0: L0[], LLi: L1[L0[]], Li: L1[L6[]], []b: L1[L6[]], cons: V0 -> L1[_3_] -> L1[_4_], tr: L6[]
[16:06:42.862739]	Exploring 0: L0[], LLi: L1[L6[]], Li: L1[_1_], []b: L1[_2_], cons: V0 -> L1[_3_] -> L1[_4_], tr: L6[]
[16:06:42.862921]	Exploring 0: L0[], LLi: L1[L6[]], Li: L1[L0[]], []b: L1[_2_], cons: V0 -> L1[_3_] -> L1[_4_], tr: L6[]
[16:06:42.863155]	Exploring 0: L0[], LLi: L1[L6[]], Li: L1[L0[]], []b: L1[L0[]], cons: V0 -> L1[_3_] -> L1[_4_], tr: L6[]
[16:06:42.863510]	Exploring 0: L0[], LLi: L1[L6[]], Li: L1[L0[]], []b: L1[L6[]], cons: V0 -> L1[_3_] -> L1[_4_], tr: L6[]
[16:06:42.863787]	Exploring 0: L0[], LLi: L1[L6[]], Li: L1[L6[]], []b: L1[_2_], cons: V0 -> L1[_3_] -> L1[_4_], tr: L6[]
[16:06:42.863979]	Exploring 0: L0[], LLi: L1[L6[]], Li: L1[L6[]], []b: L1[L0[]], cons: V0 -> L1[_3_] -> L1[_4_], tr: L6[]
[16:06:42.864265]	Exploring 0: L0[], LLi: L1[L6[]], Li: L1[L6[]], []b: L1[L6[]], cons: V0 -> L1[_3_] -> L1[_4_], tr: L6[]
[16:06:42.864509]	Exploring 0: L0[], LLi: L1[L6[]], Li: L1[L6[]], []b: L1[L6[]], cons: V0 -> L1[L6[]] -> L1[_4_], tr: L6[]
[16:06:42.864786]	Exploring 0: L0[], LLi: L1[L6[]], Li: L1[L6[]], []b: L1[L6[]], cons: V0 -> L1[L6[]] -> L1[L6[]], tr: L6[]
[16:06:42.865212]	END Size 15 : 6 ms
[16:06:42.865280]	BEG Size 16
[16:06:42.865366]	Exploring 0: L0[], LLi: L0[], Li: L0[], []b: L3[], cons: V0 -> V0 -> V0, tr: L3[]
[16:06:42.865562]	Exploring 0: L0[], LLi: L1[_0_], Li: L1[_1_], []b: L1[_2_], cons: V0 -> L1[_3_] -> L1[_4_], tr: L6[]
[16:06:42.865966]	Exploring 0: L0[], LLi: L1[L0[]], Li: L1[_1_], []b: L1[_2_], cons: V0 -> L1[_3_] -> L1[_4_], tr: L6[]
[16:06:42.866330]	Exploring 0: L0[], LLi: L1[L0[]], Li: L1[L0[]], []b: L1[_2_], cons: V0 -> L1[_3_] -> L1[_4_], tr: L6[]
[16:06:42.866800]	Exploring 0: L0[], LLi: L1[L0[]], Li: L1[L0[]], []b: L1[L0[]], cons: V0 -> L1[_3_] -> L1[_4_], tr: L6[]
[16:06:42.867270]	Exploring 0: L0[], LLi: L1[L0[]], Li: L1[L0[]], []b: L1[L0[]], cons: V0 -> L1[L0[]] -> L1[_4_], tr: L6[]
[16:06:42.867809]	Exploring 0: L0[], LLi: L1[L0[]], Li: L1[L0[]], []b: L1[L0[]], cons: V0 -> L1[L0[]] -> L1[L0[]], tr: L6[]
[16:06:42.868431]	Exploring 0: L0[], LLi: L1[L0[]], Li: L1[L0[]], []b: L1[L6[]], cons: V0 -> L1[_3_] -> L1[_4_], tr: L6[]
[16:06:42.869189]	Exploring 0: L0[], LLi: L1[L0[]], Li: L1[L6[]], []b: L1[_2_], cons: V0 -> L1[_3_] -> L1[_4_], tr: L6[]
[16:06:42.869626]	Exploring 0: L0[], LLi: L1[L0[]], Li: L1[L6[]], []b: L1[L0[]], cons: V0 -> L1[_3_] -> L1[_4_], tr: L6[]
[16:06:42.869999]	Exploring 0: L0[], LLi: L1[L0[]], Li: L1[L6[]], []b: L1[L6[]], cons: V0 -> L1[_3_] -> L1[_4_], tr: L6[]
[16:06:42.870441]	Exploring 0: L0[], LLi: L1[L6[]], Li: L1[_1_], []b: L1[_2_], cons: V0 -> L1[_3_] -> L1[_4_], tr: L6[]
[16:06:42.870752]	Exploring 0: L0[], LLi: L1[L6[]], Li: L1[L0[]], []b: L1[_2_], cons: V0 -> L1[_3_] -> L1[_4_], tr: L6[]
[16:06:42.871042]	Exploring 0: L0[], LLi: L1[L6[]], Li: L1[L0[]], []b: L1[L0[]], cons: V0 -> L1[_3_] -> L1[_4_], tr: L6[]
[16:06:42.871312]	Exploring 0: L0[], LLi: L1[L6[]], Li: L1[L0[]], []b: L1[L6[]], cons: V0 -> L1[_3_] -> L1[_4_], tr: L6[]
[16:06:42.871608]	Exploring 0: L0[], LLi: L1[L6[]], Li: L1[L6[]], []b: L1[_2_], cons: V0 -> L1[_3_] -> L1[_4_], tr: L6[]
[16:06:42.871825]	Exploring 0: L0[], LLi: L1[L6[]], Li: L1[L6[]], []b: L1[L0[]], cons: V0 -> L1[_3_] -> L1[_4_], tr: L6[]
[16:06:42.872099]	Exploring 0: L0[], LLi: L1[L6[]], Li: L1[L6[]], []b: L1[L6[]], cons: V0 -> L1[_3_] -> L1[_4_], tr: L6[]
[16:06:42.872401]	Exploring 0: L0[], LLi: L1[L6[]], Li: L1[L6[]], []b: L1[L6[]], cons: V0 -> L1[L6[]] -> L1[_4_], tr: L6[]
[16:06:42.872663]	Exploring 0: L0[], LLi: L1[L6[]], Li: L1[L6[]], []b: L1[L6[]], cons: V0 -> L1[L6[]] -> L1[L6[]], tr: L6[]
[16:06:42.873074]	END Size 16 : 8 ms
[16:06:42.873185]	BEG Size 17
[16:06:42.873314]	Exploring 0: L0[], LLi: L0[], Li: L0[], []b: L3[], cons: V0 -> V0 -> V0, tr: L3[]
[16:06:42.873500]	Exploring 0: L0[], LLi: L1[_0_], Li: L1[_1_], []b: L1[_2_], cons: V0 -> L1[_3_] -> L1[_4_], tr: L6[]
[16:06:42.873919]	Exploring 0: L0[], LLi: L1[L0[]], Li: L1[_1_], []b: L1[_2_], cons: V0 -> L1[_3_] -> L1[_4_], tr: L6[]
[16:06:42.874310]	Exploring 0: L0[], LLi: L1[L0[]], Li: L1[L0[]], []b: L1[_2_], cons: V0 -> L1[_3_] -> L1[_4_], tr: L6[]
[16:06:42.874621]	Exploring 0: L0[], LLi: L1[L0[]], Li: L1[L0[]], []b: L1[L0[]], cons: V0 -> L1[_3_] -> L1[_4_], tr: L6[]
[16:06:42.874931]	Exploring 0: L0[], LLi: L1[L0[]], Li: L1[L0[]], []b: L1[L0[]], cons: V0 -> L1[L0[]] -> L1[_4_], tr: L6[]
[16:06:42.875191]	Exploring 0: L0[], LLi: L1[L0[]], Li: L1[L0[]], []b: L1[L0[]], cons: V0 -> L1[L0[]] -> L1[L0[]], tr: L6[]
[16:06:42.875673]	Exploring 0: L0[], LLi: L1[L0[]], Li: L1[L0[]], []b: L1[L6[]], cons: V0 -> L1[_3_] -> L1[_4_], tr: L6[]
[16:06:42.876037]	Exploring 0: L0[], LLi: L1[L0[]], Li: L1[L6[]], []b: L1[_2_], cons: V0 -> L1[_3_] -> L1[_4_], tr: L6[]
[16:06:42.876290]	Exploring 0: L0[], LLi: L1[L0[]], Li: L1[L6[]], []b: L1[L0[]], cons: V0 -> L1[_3_] -> L1[_4_], tr: L6[]
[16:06:42.876616]	Exploring 0: L0[], LLi: L1[L0[]], Li: L1[L6[]], []b: L1[L6[]], cons: V0 -> L1[_3_] -> L1[_4_], tr: L6[]
[16:06:42.876888]	Exploring 0: L0[], LLi: L1[L6[]], Li: L1[_1_], []b: L1[_2_], cons: V0 -> L1[_3_] -> L1[_4_], tr: L6[]
[16:06:42.877170]	Exploring 0: L0[], LLi: L1[L6[]], Li: L1[L0[]], []b: L1[_2_], cons: V0 -> L1[_3_] -> L1[_4_], tr: L6[]
[16:06:42.877450]	Exploring 0: L0[], LLi: L1[L6[]], Li: L1[L0[]], []b: L1[L0[]], cons: V0 -> L1[_3_] -> L1[_4_], tr: L6[]
[16:06:42.877771]	Exploring 0: L0[], LLi: L1[L6[]], Li: L1[L0[]], []b: L1[L6[]], cons: V0 -> L1[_3_] -> L1[_4_], tr: L6[]
[16:06:42.878130]	Exploring 0: L0[], LLi: L1[L6[]], Li: L1[L6[]], []b: L1[_2_], cons: V0 -> L1[_3_] -> L1[_4_], tr: L6[]
[16:06:42.878483]	Exploring 0: L0[], LLi: L1[L6[]], Li: L1[L6[]], []b: L1[L0[]], cons: V0 -> L1[_3_] -> L1[_4_], tr: L6[]
[16:06:42.878919]	Exploring 0: L0[], LLi: L1[L6[]], Li: L1[L6[]], []b: L1[L6[]], cons: V0 -> L1[_3_] -> L1[_4_], tr: L6[]
[16:06:42.879382]	Exploring 0: L0[], LLi: L1[L6[]], Li: L1[L6[]], []b: L1[L6[]], cons: V0 -> L1[L6[]] -> L1[_4_], tr: L6[]
[16:06:42.879869]	Exploring 0: L0[], LLi: L1[L6[]], Li: L1[L6[]], []b: L1[L6[]], cons: V0 -> L1[L6[]] -> L1[L6[]], tr: L6[]
[16:06:42.880358]	END Size 17 : 7 ms
[16:06:42.880459]	BEG Size 18
[16:06:42.880563]	Exploring 0: L0[], LLi: L0[], Li: L0[], []b: L3[], cons: V0 -> V0 -> V0, tr: L3[]
[16:06:42.880794]	Exploring 0: L0[], LLi: L1[_0_], Li: L1[_1_], []b: L1[_2_], cons: V0 -> L1[_3_] -> L1[_4_], tr: L6[]
[16:06:42.881146]	Exploring 0: L0[], LLi: L1[L0[]], Li: L1[_1_], []b: L1[_2_], cons: V0 -> L1[_3_] -> L1[_4_], tr: L6[]
[16:06:42.881437]	Exploring 0: L0[], LLi: L1[L0[]], Li: L1[L0[]], []b: L1[_2_], cons: V0 -> L1[_3_] -> L1[_4_], tr: L6[]
[16:06:42.881713]	Exploring 0: L0[], LLi: L1[L0[]], Li: L1[L0[]], []b: L1[L0[]], cons: V0 -> L1[_3_] -> L1[_4_], tr: L6[]
[16:06:42.882027]	Exploring 0: L0[], LLi: L1[L0[]], Li: L1[L0[]], []b: L1[L0[]], cons: V0 -> L1[L0[]] -> L1[_4_], tr: L6[]
[16:06:42.882312]	Exploring 0: L0[], LLi: L1[L0[]], Li: L1[L0[]], []b: L1[L0[]], cons: V0 -> L1[L0[]] -> L1[L0[]], tr: L6[]
[16:06:42.882822]	Exploring 0: L0[], LLi: L1[L0[]], Li: L1[L0[]], []b: L1[L6[]], cons: V0 -> L1[_3_] -> L1[_4_], tr: L6[]
[16:06:42.883167]	Exploring 0: L0[], LLi: L1[L0[]], Li: L1[L6[]], []b: L1[_2_], cons: V0 -> L1[_3_] -> L1[_4_], tr: L6[]
[16:06:42.883414]	Exploring 0: L0[], LLi: L1[L0[]], Li: L1[L6[]], []b: L1[L0[]], cons: V0 -> L1[_3_] -> L1[_4_], tr: L6[]
[16:06:42.883696]	Exploring 0: L0[], LLi: L1[L0[]], Li: L1[L6[]], []b: L1[L6[]], cons: V0 -> L1[_3_] -> L1[_4_], tr: L6[]
[16:06:42.883969]	Exploring 0: L0[], LLi: L1[L6[]], Li: L1[_1_], []b: L1[_2_], cons: V0 -> L1[_3_] -> L1[_4_], tr: L6[]
[16:06:42.884199]	Exploring 0: L0[], LLi: L1[L6[]], Li: L1[L0[]], []b: L1[_2_], cons: V0 -> L1[_3_] -> L1[_4_], tr: L6[]
[16:06:42.884454]	Exploring 0: L0[], LLi: L1[L6[]], Li: L1[L0[]], []b: L1[L0[]], cons: V0 -> L1[_3_] -> L1[_4_], tr: L6[]
[16:06:42.884757]	Exploring 0: L0[], LLi: L1[L6[]], Li: L1[L0[]], []b: L1[L6[]], cons: V0 -> L1[_3_] -> L1[_4_], tr: L6[]
[16:06:42.885126]	Exploring 0: L0[], LLi: L1[L6[]], Li: L1[L6[]], []b: L1[_2_], cons: V0 -> L1[_3_] -> L1[_4_], tr: L6[]
[16:06:42.885366]	Exploring 0: L0[], LLi: L1[L6[]], Li: L1[L6[]], []b: L1[L0[]], cons: V0 -> L1[_3_] -> L1[_4_], tr: L6[]
[16:06:42.885656]	Exploring 0: L0[], LLi: L1[L6[]], Li: L1[L6[]], []b: L1[L6[]], cons: V0 -> L1[_3_] -> L1[_4_], tr: L6[]
[16:06:42.885913]	Exploring 0: L0[], LLi: L1[L6[]], Li: L1[L6[]], []b: L1[L6[]], cons: V0 -> L1[L6[]] -> L1[_4_], tr: L6[]
[16:06:42.886184]	Exploring 0: L0[], LLi: L1[L6[]], Li: L1[L6[]], []b: L1[L6[]], cons: V0 -> L1[L6[]] -> L1[L6[]], tr: L6[]
[16:06:42.886538]	END Size 18 : 6 ms
[16:06:42.886606]	BEG Size 19
[16:06:42.886692]	Exploring 0: L0[], LLi: L0[], Li: L0[], []b: L3[], cons: V0 -> V0 -> V0, tr: L3[]
[16:06:42.886877]	Exploring 0: L0[], LLi: L1[_0_], Li: L1[_1_], []b: L1[_2_], cons: V0 -> L1[_3_] -> L1[_4_], tr: L6[]
[16:06:42.887182]	Exploring 0: L0[], LLi: L1[L0[]], Li: L1[_1_], []b: L1[_2_], cons: V0 -> L1[_3_] -> L1[_4_], tr: L6[]
[16:06:42.887414]	Exploring 0: L0[], LLi: L1[L0[]], Li: L1[L0[]], []b: L1[_2_], cons: V0 -> L1[_3_] -> L1[_4_], tr: L6[]
[16:06:42.887648]	Exploring 0: L0[], LLi: L1[L0[]], Li: L1[L0[]], []b: L1[L0[]], cons: V0 -> L1[_3_] -> L1[_4_], tr: L6[]
[16:06:42.887924]	Exploring 0: L0[], LLi: L1[L0[]], Li: L1[L0[]], []b: L1[L0[]], cons: V0 -> L1[L0[]] -> L1[_4_], tr: L6[]
[16:06:42.888192]	Exploring 0: L0[], LLi: L1[L0[]], Li: L1[L0[]], []b: L1[L0[]], cons: V0 -> L1[L0[]] -> L1[L0[]], tr: L6[]
[16:06:42.888660]	Exploring 0: L0[], LLi: L1[L0[]], Li: L1[L0[]], []b: L1[L6[]], cons: V0 -> L1[_3_] -> L1[_4_], tr: L6[]
[16:06:42.888980]	Exploring 0: L0[], LLi: L1[L0[]], Li: L1[L6[]], []b: L1[_2_], cons: V0 -> L1[_3_] -> L1[_4_], tr: L6[]
[16:06:42.889198]	Exploring 0: L0[], LLi: L1[L0[]], Li: L1[L6[]], []b: L1[L0[]], cons: V0 -> L1[_3_] -> L1[_4_], tr: L6[]
[16:06:42.889465]	Exploring 0: L0[], LLi: L1[L0[]], Li: L1[L6[]], []b: L1[L6[]], cons: V0 -> L1[_3_] -> L1[_4_], tr: L6[]
[16:06:42.889762]	Exploring 0: L0[], LLi: L1[L6[]], Li: L1[_1_], []b: L1[_2_], cons: V0 -> L1[_3_] -> L1[_4_], tr: L6[]
[16:06:42.890135]	Exploring 0: L0[], LLi: L1[L6[]], Li: L1[L0[]], []b: L1[_2_], cons: V0 -> L1[_3_] -> L1[_4_], tr: L6[]
[16:06:42.890337]	Exploring 0: L0[], LLi: L1[L6[]], Li: L1[L0[]], []b: L1[L0[]], cons: V0 -> L1[_3_] -> L1[_4_], tr: L6[]
[16:06:42.890700]	Exploring 0: L0[], LLi: L1[L6[]], Li: L1[L0[]], []b: L1[L6[]], cons: V0 -> L1[_3_] -> L1[_4_], tr: L6[]
[16:06:42.890945]	Exploring 0: L0[], LLi: L1[L6[]], Li: L1[L6[]], []b: L1[_2_], cons: V0 -> L1[_3_] -> L1[_4_], tr: L6[]
[16:06:42.891112]	Exploring 0: L0[], LLi: L1[L6[]], Li: L1[L6[]], []b: L1[L0[]], cons: V0 -> L1[_3_] -> L1[_4_], tr: L6[]
[16:06:42.891347]	Exploring 0: L0[], LLi: L1[L6[]], Li: L1[L6[]], []b: L1[L6[]], cons: V0 -> L1[_3_] -> L1[_4_], tr: L6[]
[16:06:42.891542]	Exploring 0: L0[], LLi: L1[L6[]], Li: L1[L6[]], []b: L1[L6[]], cons: V0 -> L1[L6[]] -> L1[_4_], tr: L6[]
[16:06:42.891739]	Exploring 0: L0[], LLi: L1[L6[]], Li: L1[L6[]], []b: L1[L6[]], cons: V0 -> L1[L6[]] -> L1[L6[]], tr: L6[]
[16:06:42.891980]	END Size 19 : 5 ms
[16:06:42.892034]	BEG Size 20
[16:06:42.892112]	Exploring 0: L0[], LLi: L0[], Li: L0[], []b: L3[], cons: V0 -> V0 -> V0, tr: L3[]
[16:06:42.892296]	Exploring 0: L0[], LLi: L1[_0_], Li: L1[_1_], []b: L1[_2_], cons: V0 -> L1[_3_] -> L1[_4_], tr: L6[]
[16:06:42.893046]	Exploring 0: L0[], LLi: L1[L0[]], Li: L1[_1_], []b: L1[_2_], cons: V0 -> L1[_3_] -> L1[_4_], tr: L6[]
[16:06:42.893361]	Exploring 0: L0[], LLi: L1[L0[]], Li: L1[L0[]], []b: L1[_2_], cons: V0 -> L1[_3_] -> L1[_4_], tr: L6[]
[16:06:42.893677]	Exploring 0: L0[], LLi: L1[L0[]], Li: L1[L0[]], []b: L1[L0[]], cons: V0 -> L1[_3_] -> L1[_4_], tr: L6[]
[16:06:42.894126]	Exploring 0: L0[], LLi: L1[L0[]], Li: L1[L0[]], []b: L1[L0[]], cons: V0 -> L1[L0[]] -> L1[_4_], tr: L6[]
[16:06:42.894352]	Exploring 0: L0[], LLi: L1[L0[]], Li: L1[L0[]], []b: L1[L0[]], cons: V0 -> L1[L0[]] -> L1[L0[]], tr: L6[]
[16:06:42.894654]	Exploring 0: L0[], LLi: L1[L0[]], Li: L1[L0[]], []b: L1[L6[]], cons: V0 -> L1[_3_] -> L1[_4_], tr: L6[]
[16:06:42.895004]	Exploring 0: L0[], LLi: L1[L0[]], Li: L1[L6[]], []b: L1[_2_], cons: V0 -> L1[_3_] -> L1[_4_], tr: L6[]
[16:06:42.895192]	Exploring 0: L0[], LLi: L1[L0[]], Li: L1[L6[]], []b: L1[L0[]], cons: V0 -> L1[_3_] -> L1[_4_], tr: L6[]
[16:06:42.895439]	Exploring 0: L0[], LLi: L1[L0[]], Li: L1[L6[]], []b: L1[L6[]], cons: V0 -> L1[_3_] -> L1[_4_], tr: L6[]
[16:06:42.895642]	Exploring 0: L0[], LLi: L1[L6[]], Li: L1[_1_], []b: L1[_2_], cons: V0 -> L1[_3_] -> L1[_4_], tr: L6[]
[16:06:42.895824]	Exploring 0: L0[], LLi: L1[L6[]], Li: L1[L0[]], []b: L1[_2_], cons: V0 -> L1[_3_] -> L1[_4_], tr: L6[]
[16:06:42.896010]	Exploring 0: L0[], LLi: L1[L6[]], Li: L1[L0[]], []b: L1[L0[]], cons: V0 -> L1[_3_] -> L1[_4_], tr: L6[]
[16:06:42.896259]	Exploring 0: L0[], LLi: L1[L6[]], Li: L1[L0[]], []b: L1[L6[]], cons: V0 -> L1[_3_] -> L1[_4_], tr: L6[]
[16:06:42.896508]	Exploring 0: L0[], LLi: L1[L6[]], Li: L1[L6[]], []b: L1[_2_], cons: V0 -> L1[_3_] -> L1[_4_], tr: L6[]
[16:06:42.896698]	Exploring 0: L0[], LLi: L1[L6[]], Li: L1[L6[]], []b: L1[L0[]], cons: V0 -> L1[_3_] -> L1[_4_], tr: L6[]
[16:06:42.896891]	Exploring 0: L0[], LLi: L1[L6[]], Li: L1[L6[]], []b: L1[L6[]], cons: V0 -> L1[_3_] -> L1[_4_], tr: L6[]
[16:06:42.897103]	Exploring 0: L0[], LLi: L1[L6[]], Li: L1[L6[]], []b: L1[L6[]], cons: V0 -> L1[L6[]] -> L1[_4_], tr: L6[]
[16:06:42.897315]	Exploring 0: L0[], LLi: L1[L6[]], Li: L1[L6[]], []b: L1[L6[]], cons: V0 -> L1[L6[]] -> L1[L6[]], tr: L6[]
[16:06:42.897599]	END Size 20 : 5 ms
[16:06:42.897660]	END Depth 2 : 143 ms
[16:06:42.897712]	BEG Depth 3
[16:06:42.897765]	BEG Size 1
[16:06:42.897967]	Exploring 0: L0[], LLi: L0[], Li: L0[], []b: L3[], cons: V0 -> V0 -> V0, tr: L3[]
[16:06:42.898229]	END Size 1 : 1 ms
[16:06:42.898370]	BEG Size 2
[16:06:42.898525]	Exploring 0: L0[], LLi: L0[], Li: L0[], []b: L3[], cons: V0 -> V0 -> V0, tr: L3[]
[16:06:42.898757]	END Size 2 : 0 ms
[16:06:42.898891]	BEG Size 3
[16:06:42.899042]	Exploring 0: L0[], LLi: L0[], Li: L0[], []b: L3[], cons: V0 -> V0 -> V0, tr: L3[]
[16:06:42.899279]	END Size 3 : 1 ms
[16:06:42.899428]	BEG Size 4
[16:06:42.899590]	Exploring 0: L0[], LLi: L0[], Li: L0[], []b: L3[], cons: V0 -> V0 -> V0, tr: L3[]
[16:06:42.899817]	END Size 4 : 0 ms
[16:06:42.899953]	BEG Size 5
[16:06:42.900118]	Exploring 0: L0[], LLi: L0[], Li: L0[], []b: L3[], cons: V0 -> V0 -> V0, tr: L3[]
[16:06:42.900362]	Exploring 0: L0[], LLi: L1[_0_], Li: L1[_1_], []b: L1[_2_], cons: V0 -> L1[_3_] -> L1[_4_], tr: L6[]
[16:06:42.900779]	Exploring 0: L0[], LLi: L1[L0[]], Li: L1[_1_], []b: L1[_2_], cons: V0 -> L1[_3_] -> L1[_4_], tr: L6[]
[16:06:42.901046]	Exploring 0: L0[], LLi: L1[L0[]], Li: L1[L0[]], []b: L1[_2_], cons: V0 -> L1[_3_] -> L1[_4_], tr: L6[]
[16:06:42.901304]	Exploring 0: L0[], LLi: L1[L0[]], Li: L1[L0[]], []b: L1[L0[]], cons: V0 -> L1[_3_] -> L1[_4_], tr: L6[]
[16:06:42.901828]	Exploring 0: L0[], LLi: L1[L0[]], Li: L1[L0[]], []b: L1[L0[]], cons: V0 -> L1[L0[]] -> L1[_4_], tr: L6[]
[16:06:42.902141]	Exploring 0: L0[], LLi: L1[L0[]], Li: L1[L0[]], []b: L1[L0[]], cons: V0 -> L1[L0[]] -> L1[L0[]], tr: L6[]
[16:06:42.902605]	Exploring 0: L0[], LLi: L1[L0[]], Li: L1[L0[]], []b: L1[L1[_11_]], cons: V0 -> L1[_3_] -> L1[_4_], tr: L6[]
[16:06:42.902883]	Exploring 0: L0[], LLi: L1[L0[]], Li: L1[L0[]], []b: L1[L1[L0[]]], cons: V0 -> L1[_3_] -> L1[_4_], tr: L6[]
[16:06:42.903240]	Exploring 0: L0[], LLi: L1[L0[]], Li: L1[L0[]], []b: L1[L1[L6[]]], cons: V0 -> L1[_3_] -> L1[_4_], tr: L6[]
[16:06:42.903546]	Exploring 0: L0[], LLi: L1[L0[]], Li: L1[L0[]], []b: L1[L6[]], cons: V0 -> L1[_3_] -> L1[_4_], tr: L6[]
[16:06:42.903837]	Exploring 0: L0[], LLi: L1[L0[]], Li: L1[L0[]], []b: L1[_12_ -> _13_], cons: V0 -> L1[_3_] -> L1[_4_], tr: L6[]
[16:06:42.904081]	Exploring 0: L0[], LLi: L1[L0[]], Li: L1[L0[]], []b: L1[L0[] -> _13_], cons: V0 -> L1[_3_] -> L1[_4_], tr: L6[]
[16:06:42.904319]	Exploring 0: L0[], LLi: L1[L0[]], Li: L1[L0[]], []b: L1[L0[] -> L0[]], cons: V0 -> L1[_3_] -> L1[_4_], tr: L6[]
[16:06:42.904637]	Exploring 0: L0[], LLi: L1[L0[]], Li: L1[L0[]], []b: L1[L0[] -> L6[]], cons: V0 -> L1[_3_] -> L1[_4_], tr: L6[]
[16:06:42.904952]	Exploring 0: L0[], LLi: L1[L0[]], Li: L1[L0[]], []b: L1[L6[] -> _13_], cons: V0 -> L1[_3_] -> L1[_4_], tr: L6[]
[16:06:42.905238]	Exploring 0: L0[], LLi: L1[L0[]], Li: L1[L0[]], []b: L1[L6[] -> L0[]], cons: V0 -> L1[_3_] -> L1[_4_], tr: L6[]
[16:06:42.905552]	Exploring 0: L0[], LLi: L1[L0[]], Li: L1[L0[]], []b: L1[L6[] -> L6[]], cons: V0 -> L1[_3_] -> L1[_4_], tr: L6[]
[16:06:42.905864]	Exploring 0: L0[], LLi: L1[L0[]], Li: L1[L1[_8_]], []b: L1[_2_], cons: V0 -> L1[_3_] -> L1[_4_], tr: L6[]
[16:06:42.906152]	Exploring 0: L0[], LLi: L1[L0[]], Li: L1[L1[L0[]]], []b: L1[_2_], cons: V0 -> L1[_3_] -> L1[_4_], tr: L6[]
[16:06:42.906402]	Exploring 0: L0[], LLi: L1[L0[]], Li: L1[L1[L0[]]], []b: L1[L0[]], cons: V0 -> L1[_3_] -> L1[_4_], tr: L6[]
[16:06:42.906651]	Exploring 0: L0[], LLi: L1[L0[]], Li: L1[L1[L0[]]], []b: L1[L1[_11_]], cons: V0 -> L1[_3_] -> L1[_4_], tr: L6[]
[16:06:42.906859]	Exploring 0: L0[], LLi: L1[L0[]], Li: L1[L1[L0[]]], []b: L1[L1[L0[]]], cons: V0 -> L1[_3_] -> L1[_4_], tr: L6[]
[16:06:42.907134]	Exploring 0: L0[], LLi: L1[L0[]], Li: L1[L1[L0[]]], []b: L1[L1[L6[]]], cons: V0 -> L1[_3_] -> L1[_4_], tr: L6[]
[16:06:42.907423]	Exploring 0: L0[], LLi: L1[L0[]], Li: L1[L1[L0[]]], []b: L1[L6[]], cons: V0 -> L1[_3_] -> L1[_4_], tr: L6[]
[16:06:42.907787]	Exploring 0: L0[], LLi: L1[L0[]], Li: L1[L1[L0[]]], []b: L1[_12_ -> _13_], cons: V0 -> L1[_3_] -> L1[_4_], tr: L6[]
[16:06:42.908060]	Exploring 0: L0[], LLi: L1[L0[]], Li: L1[L1[L0[]]], []b: L1[L0[] -> _13_], cons: V0 -> L1[_3_] -> L1[_4_], tr: L6[]
[16:06:42.908317]	Exploring 0: L0[], LLi: L1[L0[]], Li: L1[L1[L0[]]], []b: L1[L6[] -> _13_], cons: V0 -> L1[_3_] -> L1[_4_], tr: L6[]
[16:06:42.908549]	Exploring 0: L0[], LLi: L1[L0[]], Li: L1[L1[L6[]]], []b: L1[_2_], cons: V0 -> L1[_3_] -> L1[_4_], tr: L6[]
[16:06:42.908775]	Exploring 0: L0[], LLi: L1[L0[]], Li: L1[L1[L6[]]], []b: L1[L0[]], cons: V0 -> L1[_3_] -> L1[_4_], tr: L6[]
[16:06:42.909025]	Exploring 0: L0[], LLi: L1[L0[]], Li: L1[L1[L6[]]], []b: L1[L1[_11_]], cons: V0 -> L1[_3_] -> L1[_4_], tr: L6[]
[16:06:42.909234]	Exploring 0: L0[], LLi: L1[L0[]], Li: L1[L1[L6[]]], []b: L1[L1[L0[]]], cons: V0 -> L1[_3_] -> L1[_4_], tr: L6[]
[16:06:42.909460]	Exploring 0: L0[], LLi: L1[L0[]], Li: L1[L1[L6[]]], []b: L1[L1[L6[]]], cons: V0 -> L1[_3_] -> L1[_4_], tr: L6[]
[16:06:42.909682]	Exploring 0: L0[], LLi: L1[L0[]], Li: L1[L1[L6[]]], []b: L1[L6[]], cons: V0 -> L1[_3_] -> L1[_4_], tr: L6[]
[16:06:42.909925]	Exploring 0: L0[], LLi: L1[L0[]], Li: L1[L1[L6[]]], []b: L1[_12_ -> _13_], cons: V0 -> L1[_3_] -> L1[_4_], tr: L6[]
[16:06:42.910096]	Exploring 0: L0[], LLi: L1[L0[]], Li: L1[L1[L6[]]], []b: L1[L0[] -> _13_], cons: V0 -> L1[_3_] -> L1[_4_], tr: L6[]
[16:06:42.910247]	Exploring 0: L0[], LLi: L1[L0[]], Li: L1[L1[L6[]]], []b: L1[L6[] -> _13_], cons: V0 -> L1[_3_] -> L1[_4_], tr: L6[]
[16:06:42.910391]	Exploring 0: L0[], LLi: L1[L0[]], Li: L1[L6[]], []b: L1[_2_], cons: V0 -> L1[_3_] -> L1[_4_], tr: L6[]
[16:06:42.910535]	Exploring 0: L0[], LLi: L1[L0[]], Li: L1[L6[]], []b: L1[L0[]], cons: V0 -> L1[_3_] -> L1[_4_], tr: L6[]
[16:06:42.910834]	Exploring 0: L0[], LLi: L1[L0[]], Li: L1[L6[]], []b: L1[L1[_11_]], cons: V0 -> L1[_3_] -> L1[_4_], tr: L6[]
[16:06:42.911041]	Exploring 0: L0[], LLi: L1[L0[]], Li: L1[L6[]], []b: L1[L1[L0[]]], cons: V0 -> L1[_3_] -> L1[_4_], tr: L6[]
[16:06:42.911228]	Exploring 0: L0[], LLi: L1[L0[]], Li: L1[L6[]], []b: L1[L1[L6[]]], cons: V0 -> L1[_3_] -> L1[_4_], tr: L6[]
[16:06:42.911455]	Exploring 0: L0[], LLi: L1[L0[]], Li: L1[L6[]], []b: L1[L6[]], cons: V0 -> L1[_3_] -> L1[_4_], tr: L6[]
[16:06:42.911633]	Exploring 0: L0[], LLi: L1[L0[]], Li: L1[L6[]], []b: L1[_12_ -> _13_], cons: V0 -> L1[_3_] -> L1[_4_], tr: L6[]
[16:06:42.911770]	Exploring 0: L0[], LLi: L1[L0[]], Li: L1[L6[]], []b: L1[L0[] -> _13_], cons: V0 -> L1[_3_] -> L1[_4_], tr: L6[]
[16:06:42.911902]	Exploring 0: L0[], LLi: L1[L0[]], Li: L1[L6[]], []b: L1[L0[] -> L0[]], cons: V0 -> L1[_3_] -> L1[_4_], tr: L6[]
[16:06:42.912048]	Exploring 0: L0[], LLi: L1[L0[]], Li: L1[L6[]], []b: L1[L0[] -> L6[]], cons: V0 -> L1[_3_] -> L1[_4_], tr: L6[]
[16:06:42.912284]	Exploring 0: L0[], LLi: L1[L0[]], Li: L1[L6[]], []b: L1[L6[] -> _13_], cons: V0 -> L1[_3_] -> L1[_4_], tr: L6[]
[16:06:42.912474]	Exploring 0: L0[], LLi: L1[L0[]], Li: L1[L6[]], []b: L1[L6[] -> L0[]], cons: V0 -> L1[_3_] -> L1[_4_], tr: L6[]
[16:06:42.912628]	Exploring 0: L0[], LLi: L1[L0[]], Li: L1[L6[]], []b: L1[L6[] -> L6[]], cons: V0 -> L1[_3_] -> L1[_4_], tr: L6[]
[16:06:42.912852]	Exploring 0: L0[], LLi: L1[L0[]], Li: L1[_9_ -> _10_], []b: L1[_2_], cons: V0 -> L1[_3_] -> L1[_4_], tr: L6[]
[16:06:42.913013]	Exploring 0: L0[], LLi: L1[L0[]], Li: L1[L0[] -> _10_], []b: L1[_2_], cons: V0 -> L1[_3_] -> L1[_4_], tr: L6[]
[16:06:42.913155]	Exploring 0: L0[], LLi: L1[L0[]], Li: L1[L0[] -> L0[]], []b: L1[_2_], cons: V0 -> L1[_3_] -> L1[_4_], tr: L6[]
[16:06:42.913294]	Exploring 0: L0[], LLi: L1[L0[]], Li: L1[L0[] -> L0[]], []b: L1[L0[]], cons: V0 -> L1[_3_] -> L1[_4_], tr: L6[]
[16:06:42.913446]	Exploring 0: L0[], LLi: L1[L0[]], Li: L1[L0[] -> L0[]], []b: L1[L6[]], cons: V0 -> L1[_3_] -> L1[_4_], tr: L6[]
[16:06:42.913612]	Exploring 0: L0[], LLi: L1[L0[]], Li: L1[L0[] -> L6[]], []b: L1[_2_], cons: V0 -> L1[_3_] -> L1[_4_], tr: L6[]
[16:06:42.913792]	Exploring 0: L0[], LLi: L1[L0[]], Li: L1[L0[] -> L6[]], []b: L1[L0[]], cons: V0 -> L1[_3_] -> L1[_4_], tr: L6[]
[16:06:42.914002]	Exploring 0: L0[], LLi: L1[L0[]], Li: L1[L0[] -> L6[]], []b: L1[L6[]], cons: V0 -> L1[_3_] -> L1[_4_], tr: L6[]
[16:06:42.914159]	Exploring 0: L0[], LLi: L1[L0[]], Li: L1[L6[] -> _10_], []b: L1[_2_], cons: V0 -> L1[_3_] -> L1[_4_], tr: L6[]
[16:06:42.914339]	Exploring 0: L0[], LLi: L1[L0[]], Li: L1[L6[] -> L0[]], []b: L1[_2_], cons: V0 -> L1[_3_] -> L1[_4_], tr: L6[]
[16:06:42.914483]	Exploring 0: L0[], LLi: L1[L0[]], Li: L1[L6[] -> L0[]], []b: L1[L0[]], cons: V0 -> L1[_3_] -> L1[_4_], tr: L6[]
[16:06:42.914625]	Exploring 0: L0[], LLi: L1[L0[]], Li: L1[L6[] -> L0[]], []b: L1[L6[]], cons: V0 -> L1[_3_] -> L1[_4_], tr: L6[]
[16:06:42.914782]	Exploring 0: L0[], LLi: L1[L0[]], Li: L1[L6[] -> L6[]], []b: L1[_2_], cons: V0 -> L1[_3_] -> L1[_4_], tr: L6[]
[16:06:42.914911]	Exploring 0: L0[], LLi: L1[L0[]], Li: L1[L6[] -> L6[]], []b: L1[L0[]], cons: V0 -> L1[_3_] -> L1[_4_], tr: L6[]
[16:06:42.915053]	Exploring 0: L0[], LLi: L1[L0[]], Li: L1[L6[] -> L6[]], []b: L1[L6[]], cons: V0 -> L1[_3_] -> L1[_4_], tr: L6[]
[16:06:42.915284]	Exploring 0: L0[], LLi: L1[L1[_5_]], Li: L1[_1_], []b: L1[_2_], cons: V0 -> L1[_3_] -> L1[_4_], tr: L6[]
[16:06:42.915482]	Exploring 0: L0[], LLi: L1[L1[L0[]]], Li: L1[_1_], []b: L1[_2_], cons: V0 -> L1[_3_] -> L1[_4_], tr: L6[]
[16:06:42.915668]	Exploring 0: L0[], LLi: L1[L1[L0[]]], Li: L1[L0[]], []b: L1[_2_], cons: V0 -> L1[_3_] -> L1[_4_], tr: L6[]
[16:06:42.915806]	Exploring 0: L0[], LLi: L1[L1[L0[]]], Li: L1[L0[]], []b: L1[L0[]], cons: V0 -> L1[_3_] -> L1[_4_], tr: L6[]
[16:06:42.916083]	Exploring 0: L0[], LLi: L1[L1[L0[]]], Li: L1[L0[]], []b: L1[L1[_11_]], cons: V0 -> L1[_3_] -> L1[_4_], tr: L6[]
[16:06:42.916220]	Exploring 0: L0[], LLi: L1[L1[L0[]]], Li: L1[L0[]], []b: L1[L1[L0[]]], cons: V0 -> L1[_3_] -> L1[_4_], tr: L6[]
[16:06:42.916367]	Exploring 0: L0[], LLi: L1[L1[L0[]]], Li: L1[L0[]], []b: L1[L1[L6[]]], cons: V0 -> L1[_3_] -> L1[_4_], tr: L6[]
[16:06:42.916524]	Exploring 0: L0[], LLi: L1[L1[L0[]]], Li: L1[L0[]], []b: L1[L6[]], cons: V0 -> L1[_3_] -> L1[_4_], tr: L6[]
[16:06:42.916674]	Exploring 0: L0[], LLi: L1[L1[L0[]]], Li: L1[L0[]], []b: L1[L6[]], cons: V0 -> L1[V0] -> L1[_4_], tr: L6[]
[16:06:42.916919]	Exploring 0: L0[], LLi: L1[L1[L0[]]], Li: L1[L0[]], []b: L1[_12_ -> _13_], cons: V0 -> L1[_3_] -> L1[_4_], tr: L6[]
[16:06:42.917095]	Exploring 0: L0[], LLi: L1[L1[L0[]]], Li: L1[L0[]], []b: L1[L0[] -> _13_], cons: V0 -> L1[_3_] -> L1[_4_], tr: L6[]
[16:06:42.917353]	Exploring 0: L0[], LLi: L1[L1[L0[]]], Li: L1[L0[]], []b: L1[L6[] -> _13_], cons: V0 -> L1[_3_] -> L1[_4_], tr: L6[]
[16:06:42.917552]	Exploring 0: L0[], LLi: L1[L1[L0[]]], Li: L1[L1[_8_]], []b: L1[_2_], cons: V0 -> L1[_3_] -> L1[_4_], tr: L6[]
[16:06:42.917788]	Exploring 0: L0[], LLi: L1[L1[L0[]]], Li: L1[L1[L0[]]], []b: L1[_2_], cons: V0 -> L1[_3_] -> L1[_4_], tr: L6[]
[16:06:42.917947]	Exploring 0: L0[], LLi: L1[L1[L0[]]], Li: L1[L1[L0[]]], []b: L1[L0[]], cons: V0 -> L1[_3_] -> L1[_4_], tr: L6[]
[16:06:42.918098]	Exploring 0: L0[], LLi: L1[L1[L0[]]], Li: L1[L1[L0[]]], []b: L1[L6[]], cons: V0 -> L1[_3_] -> L1[_4_], tr: L6[]
[16:06:42.918259]	Exploring 0: L0[], LLi: L1[L1[L0[]]], Li: L1[L1[L6[]]], []b: L1[_2_], cons: V0 -> L1[_3_] -> L1[_4_], tr: L6[]
[16:06:42.918395]	Exploring 0: L0[], LLi: L1[L1[L0[]]], Li: L1[L1[L6[]]], []b: L1[L0[]], cons: V0 -> L1[_3_] -> L1[_4_], tr: L6[]
[16:06:42.918610]	Exploring 0: L0[], LLi: L1[L1[L0[]]], Li: L1[L1[L6[]]], []b: L1[L6[]], cons: V0 -> L1[_3_] -> L1[_4_], tr: L6[]
[16:06:42.918763]	Exploring 0: L0[], LLi: L1[L1[L0[]]], Li: L1[L6[]], []b: L1[_2_], cons: V0 -> L1[_3_] -> L1[_4_], tr: L6[]
[16:06:42.918945]	Exploring 0: L0[], LLi: L1[L1[L0[]]], Li: L1[L6[]], []b: L1[L0[]], cons: V0 -> L1[_3_] -> L1[_4_], tr: L6[]
[16:06:42.919188]	Exploring 0: L0[], LLi: L1[L1[L0[]]], Li: L1[L6[]], []b: L1[L1[_11_]], cons: V0 -> L1[_3_] -> L1[_4_], tr: L6[]
[16:06:42.919450]	Exploring 0: L0[], LLi: L1[L1[L0[]]], Li: L1[L6[]], []b: L1[L1[L0[]]], cons: V0 -> L1[_3_] -> L1[_4_], tr: L6[]
[16:06:42.919639]	Exploring 0: L0[], LLi: L1[L1[L0[]]], Li: L1[L6[]], []b: L1[L1[L6[]]], cons: V0 -> L1[_3_] -> L1[_4_], tr: L6[]
[16:06:42.919778]	Exploring 0: L0[], LLi: L1[L1[L0[]]], Li: L1[L6[]], []b: L1[L6[]], cons: V0 -> L1[_3_] -> L1[_4_], tr: L6[]
[16:06:42.919956]	Exploring 0: L0[], LLi: L1[L1[L0[]]], Li: L1[L6[]], []b: L1[_12_ -> _13_], cons: V0 -> L1[_3_] -> L1[_4_], tr: L6[]
[16:06:42.920086]	Exploring 0: L0[], LLi: L1[L1[L0[]]], Li: L1[L6[]], []b: L1[L0[] -> _13_], cons: V0 -> L1[_3_] -> L1[_4_], tr: L6[]
[16:06:42.920233]	Exploring 0: L0[], LLi: L1[L1[L0[]]], Li: L1[L6[]], []b: L1[L6[] -> _13_], cons: V0 -> L1[_3_] -> L1[_4_], tr: L6[]
[16:06:42.920439]	Exploring 0: L0[], LLi: L1[L1[L0[]]], Li: L1[_9_ -> _10_], []b: L1[_2_], cons: V0 -> L1[_3_] -> L1[_4_], tr: L6[]
[16:06:42.920646]	Exploring 0: L0[], LLi: L1[L1[L0[]]], Li: L1[L0[] -> _10_], []b: L1[_2_], cons: V0 -> L1[_3_] -> L1[_4_], tr: L6[]
[16:06:42.920827]	Exploring 0: L0[], LLi: L1[L1[L0[]]], Li: L1[L0[] -> L0[]], []b: L1[_2_], cons: V0 -> L1[_3_] -> L1[_4_], tr: L6[]
[16:06:42.921031]	Exploring 0: L0[], LLi: L1[L1[L0[]]], Li: L1[L0[] -> L6[]], []b: L1[_2_], cons: V0 -> L1[_3_] -> L1[_4_], tr: L6[]
[16:06:42.921250]	Exploring 0: L0[], LLi: L1[L1[L0[]]], Li: L1[L6[] -> _10_], []b: L1[_2_], cons: V0 -> L1[_3_] -> L1[_4_], tr: L6[]
[16:06:42.921442]	Exploring 0: L0[], LLi: L1[L1[L0[]]], Li: L1[L6[] -> L0[]], []b: L1[_2_], cons: V0 -> L1[_3_] -> L1[_4_], tr: L6[]
[16:06:42.921654]	Exploring 0: L0[], LLi: L1[L1[L0[]]], Li: L1[L6[] -> L6[]], []b: L1[_2_], cons: V0 -> L1[_3_] -> L1[_4_], tr: L6[]
[16:06:42.921875]	Exploring 0: L0[], LLi: L1[L1[L6[]]], Li: L1[_1_], []b: L1[_2_], cons: V0 -> L1[_3_] -> L1[_4_], tr: L6[]
[16:06:42.922084]	Exploring 0: L0[], LLi: L1[L1[L6[]]], Li: L1[L0[]], []b: L1[_2_], cons: V0 -> L1[_3_] -> L1[_4_], tr: L6[]
[16:06:42.922259]	Exploring 0: L0[], LLi: L1[L1[L6[]]], Li: L1[L0[]], []b: L1[L0[]], cons: V0 -> L1[_3_] -> L1[_4_], tr: L6[]
[16:06:42.922532]	Exploring 0: L0[], LLi: L1[L1[L6[]]], Li: L1[L0[]], []b: L1[L1[_11_]], cons: V0 -> L1[_3_] -> L1[_4_], tr: L6[]
[16:06:42.922707]	Exploring 0: L0[], LLi: L1[L1[L6[]]], Li: L1[L0[]], []b: L1[L1[L0[]]], cons: V0 -> L1[_3_] -> L1[_4_], tr: L6[]
[16:06:42.922908]	Exploring 0: L0[], LLi: L1[L1[L6[]]], Li: L1[L0[]], []b: L1[L1[L6[]]], cons: V0 -> L1[_3_] -> L1[_4_], tr: L6[]
[16:06:42.923108]	Exploring 0: L0[], LLi: L1[L1[L6[]]], Li: L1[L0[]], []b: L1[L6[]], cons: V0 -> L1[_3_] -> L1[_4_], tr: L6[]
[16:06:42.923374]	Exploring 0: L0[], LLi: L1[L1[L6[]]], Li: L1[L0[]], []b: L1[_12_ -> _13_], cons: V0 -> L1[_3_] -> L1[_4_], tr: L6[]
[16:06:42.923594]	Exploring 0: L0[], LLi: L1[L1[L6[]]], Li: L1[L0[]], []b: L1[L0[] -> _13_], cons: V0 -> L1[_3_] -> L1[_4_], tr: L6[]
[16:06:42.923813]	Exploring 0: L0[], LLi: L1[L1[L6[]]], Li: L1[L0[]], []b: L1[L6[] -> _13_], cons: V0 -> L1[_3_] -> L1[_4_], tr: L6[]
[16:06:42.924031]	Exploring 0: L0[], LLi: L1[L1[L6[]]], Li: L1[L1[_8_]], []b: L1[_2_], cons: V0 -> L1[_3_] -> L1[_4_], tr: L6[]
[16:06:42.924211]	Exploring 0: L0[], LLi: L1[L1[L6[]]], Li: L1[L1[L0[]]], []b: L1[_2_], cons: V0 -> L1[_3_] -> L1[_4_], tr: L6[]
[16:06:42.924391]	Exploring 0: L0[], LLi: L1[L1[L6[]]], Li: L1[L1[L0[]]], []b: L1[L0[]], cons: V0 -> L1[_3_] -> L1[_4_], tr: L6[]
[16:06:42.924597]	Exploring 0: L0[], LLi: L1[L1[L6[]]], Li: L1[L1[L0[]]], []b: L1[L6[]], cons: V0 -> L1[_3_] -> L1[_4_], tr: L6[]
[16:06:42.924799]	Exploring 0: L0[], LLi: L1[L1[L6[]]], Li: L1[L1[L6[]]], []b: L1[_2_], cons: V0 -> L1[_3_] -> L1[_4_], tr: L6[]
[16:06:42.924980]	Exploring 0: L0[], LLi: L1[L1[L6[]]], Li: L1[L1[L6[]]], []b: L1[L0[]], cons: V0 -> L1[_3_] -> L1[_4_], tr: L6[]
[16:06:42.925179]	Exploring 0: L0[], LLi: L1[L1[L6[]]], Li: L1[L1[L6[]]], []b: L1[L6[]], cons: V0 -> L1[_3_] -> L1[_4_], tr: L6[]
[16:06:42.925379]	Exploring 0: L0[], LLi: L1[L1[L6[]]], Li: L1[L6[]], []b: L1[_2_], cons: V0 -> L1[_3_] -> L1[_4_], tr: L6[]
[16:06:42.925564]	Exploring 0: L0[], LLi: L1[L1[L6[]]], Li: L1[L6[]], []b: L1[L0[]], cons: V0 -> L1[_3_] -> L1[_4_], tr: L6[]
[16:06:42.925794]	Exploring 0: L0[], LLi: L1[L1[L6[]]], Li: L1[L6[]], []b: L1[L1[_11_]], cons: V0 -> L1[_3_] -> L1[_4_], tr: L6[]
[16:06:42.925965]	Exploring 0: L0[], LLi: L1[L1[L6[]]], Li: L1[L6[]], []b: L1[L1[L0[]]], cons: V0 -> L1[_3_] -> L1[_4_], tr: L6[]
[16:06:42.926171]	Exploring 0: L0[], LLi: L1[L1[L6[]]], Li: L1[L6[]], []b: L1[L1[L6[]]], cons: V0 -> L1[_3_] -> L1[_4_], tr: L6[]
[16:06:42.926357]	Exploring 0: L0[], LLi: L1[L1[L6[]]], Li: L1[L6[]], []b: L1[L6[]], cons: V0 -> L1[_3_] -> L1[_4_], tr: L6[]
[16:06:42.926570]	Exploring 0: L0[], LLi: L1[L1[L6[]]], Li: L1[L6[]], []b: L1[_12_ -> _13_], cons: V0 -> L1[_3_] -> L1[_4_], tr: L6[]
[16:06:42.926744]	Exploring 0: L0[], LLi: L1[L1[L6[]]], Li: L1[L6[]], []b: L1[L0[] -> _13_], cons: V0 -> L1[_3_] -> L1[_4_], tr: L6[]
[16:06:42.926961]	Exploring 0: L0[], LLi: L1[L1[L6[]]], Li: L1[L6[]], []b: L1[L6[] -> _13_], cons: V0 -> L1[_3_] -> L1[_4_], tr: L6[]
[16:06:42.927157]	Exploring 0: L0[], LLi: L1[L1[L6[]]], Li: L1[_9_ -> _10_], []b: L1[_2_], cons: V0 -> L1[_3_] -> L1[_4_], tr: L6[]
[16:06:42.927336]	Exploring 0: L0[], LLi: L1[L1[L6[]]], Li: L1[L0[] -> _10_], []b: L1[_2_], cons: V0 -> L1[_3_] -> L1[_4_], tr: L6[]
[16:06:42.927518]	Exploring 0: L0[], LLi: L1[L1[L6[]]], Li: L1[L0[] -> L0[]], []b: L1[_2_], cons: V0 -> L1[_3_] -> L1[_4_], tr: L6[]
[16:06:42.927714]	Exploring 0: L0[], LLi: L1[L1[L6[]]], Li: L1[L0[] -> L6[]], []b: L1[_2_], cons: V0 -> L1[_3_] -> L1[_4_], tr: L6[]
[16:06:42.927917]	Exploring 0: L0[], LLi: L1[L1[L6[]]], Li: L1[L6[] -> _10_], []b: L1[_2_], cons: V0 -> L1[_3_] -> L1[_4_], tr: L6[]
[16:06:42.928122]	Exploring 0: L0[], LLi: L1[L1[L6[]]], Li: L1[L6[] -> L0[]], []b: L1[_2_], cons: V0 -> L1[_3_] -> L1[_4_], tr: L6[]
[16:06:42.928326]	Exploring 0: L0[], LLi: L1[L1[L6[]]], Li: L1[L6[] -> L6[]], []b: L1[_2_], cons: V0 -> L1[_3_] -> L1[_4_], tr: L6[]
[16:06:42.928534]	Exploring 0: L0[], LLi: L1[L6[]], Li: L1[_1_], []b: L1[_2_], cons: V0 -> L1[_3_] -> L1[_4_], tr: L6[]
[16:06:42.928700]	Exploring 0: L0[], LLi: L1[L6[]], Li: L1[L0[]], []b: L1[_2_], cons: V0 -> L1[_3_] -> L1[_4_], tr: L6[]
[16:06:42.928872]	Exploring 0: L0[], LLi: L1[L6[]], Li: L1[L0[]], []b: L1[L0[]], cons: V0 -> L1[_3_] -> L1[_4_], tr: L6[]
[16:06:42.929107]	Exploring 0: L0[], LLi: L1[L6[]], Li: L1[L0[]], []b: L1[L1[_11_]], cons: V0 -> L1[_3_] -> L1[_4_], tr: L6[]
[16:06:42.929268]	Exploring 0: L0[], LLi: L1[L6[]], Li: L1[L0[]], []b: L1[L1[L0[]]], cons: V0 -> L1[_3_] -> L1[_4_], tr: L6[]
[16:06:42.929512]	Exploring 0: L0[], LLi: L1[L6[]], Li: L1[L0[]], []b: L1[L1[L6[]]], cons: V0 -> L1[_3_] -> L1[_4_], tr: L6[]
[16:06:42.929717]	Exploring 0: L0[], LLi: L1[L6[]], Li: L1[L0[]], []b: L1[L6[]], cons: V0 -> L1[_3_] -> L1[_4_], tr: L6[]
[16:06:42.930006]	Exploring 0: L0[], LLi: L1[L6[]], Li: L1[L0[]], []b: L1[_12_ -> _13_], cons: V0 -> L1[_3_] -> L1[_4_], tr: L6[]
[16:06:42.930190]	Exploring 0: L0[], LLi: L1[L6[]], Li: L1[L0[]], []b: L1[L0[] -> _13_], cons: V0 -> L1[_3_] -> L1[_4_], tr: L6[]
[16:06:42.930347]	Exploring 0: L0[], LLi: L1[L6[]], Li: L1[L0[]], []b: L1[L0[] -> L0[]], cons: V0 -> L1[_3_] -> L1[_4_], tr: L6[]
[16:06:42.930532]	Exploring 0: L0[], LLi: L1[L6[]], Li: L1[L0[]], []b: L1[L0[] -> L6[]], cons: V0 -> L1[_3_] -> L1[_4_], tr: L6[]
[16:06:42.930712]	Exploring 0: L0[], LLi: L1[L6[]], Li: L1[L0[]], []b: L1[L6[] -> _13_], cons: V0 -> L1[_3_] -> L1[_4_], tr: L6[]
[16:06:42.930879]	Exploring 0: L0[], LLi: L1[L6[]], Li: L1[L0[]], []b: L1[L6[] -> L0[]], cons: V0 -> L1[_3_] -> L1[_4_], tr: L6[]
[16:06:42.931068]	Exploring 0: L0[], LLi: L1[L6[]], Li: L1[L0[]], []b: L1[L6[] -> L6[]], cons: V0 -> L1[_3_] -> L1[_4_], tr: L6[]
[16:06:42.931270]	Exploring 0: L0[], LLi: L1[L6[]], Li: L1[L1[_8_]], []b: L1[_2_], cons: V0 -> L1[_3_] -> L1[_4_], tr: L6[]
[16:06:42.931449]	Exploring 0: L0[], LLi: L1[L6[]], Li: L1[L1[L0[]]], []b: L1[_2_], cons: V0 -> L1[_3_] -> L1[_4_], tr: L6[]
[16:06:42.931610]	Exploring 0: L0[], LLi: L1[L6[]], Li: L1[L1[L0[]]], []b: L1[L0[]], cons: V0 -> L1[_3_] -> L1[_4_], tr: L6[]
[16:06:42.931810]	Exploring 0: L0[], LLi: L1[L6[]], Li: L1[L1[L0[]]], []b: L1[L1[_11_]], cons: V0 -> L1[_3_] -> L1[_4_], tr: L6[]
[16:06:42.931988]	Exploring 0: L0[], LLi: L1[L6[]], Li: L1[L1[L0[]]], []b: L1[L1[L0[]]], cons: V0 -> L1[_3_] -> L1[_4_], tr: L6[]
[16:06:42.932165]	Exploring 0: L0[], LLi: L1[L6[]], Li: L1[L1[L0[]]], []b: L1[L1[L6[]]], cons: V0 -> L1[_3_] -> L1[_4_], tr: L6[]
[16:06:42.932339]	Exploring 0: L0[], LLi: L1[L6[]], Li: L1[L1[L0[]]], []b: L1[L6[]], cons: V0 -> L1[_3_] -> L1[_4_], tr: L6[]
[16:06:42.932545]	Exploring 0: L0[], LLi: L1[L6[]], Li: L1[L1[L0[]]], []b: L1[_12_ -> _13_], cons: V0 -> L1[_3_] -> L1[_4_], tr: L6[]
[16:06:42.932734]	Exploring 0: L0[], LLi: L1[L6[]], Li: L1[L1[L0[]]], []b: L1[L0[] -> _13_], cons: V0 -> L1[_3_] -> L1[_4_], tr: L6[]
[16:06:42.932917]	Exploring 0: L0[], LLi: L1[L6[]], Li: L1[L1[L0[]]], []b: L1[L6[] -> _13_], cons: V0 -> L1[_3_] -> L1[_4_], tr: L6[]
[16:06:42.933111]	Exploring 0: L0[], LLi: L1[L6[]], Li: L1[L1[L6[]]], []b: L1[_2_], cons: V0 -> L1[_3_] -> L1[_4_], tr: L6[]
[16:06:42.933341]	Exploring 0: L0[], LLi: L1[L6[]], Li: L1[L1[L6[]]], []b: L1[L0[]], cons: V0 -> L1[_3_] -> L1[_4_], tr: L6[]
[16:06:42.933542]	Exploring 0: L0[], LLi: L1[L6[]], Li: L1[L1[L6[]]], []b: L1[L1[_11_]], cons: V0 -> L1[_3_] -> L1[_4_], tr: L6[]
[16:06:42.933709]	Exploring 0: L0[], LLi: L1[L6[]], Li: L1[L1[L6[]]], []b: L1[L1[L0[]]], cons: V0 -> L1[_3_] -> L1[_4_], tr: L6[]
[16:06:42.933874]	Exploring 0: L0[], LLi: L1[L6[]], Li: L1[L1[L6[]]], []b: L1[L1[L6[]]], cons: V0 -> L1[_3_] -> L1[_4_], tr: L6[]
[16:06:42.934113]	Exploring 0: L0[], LLi: L1[L6[]], Li: L1[L1[L6[]]], []b: L1[L6[]], cons: V0 -> L1[_3_] -> L1[_4_], tr: L6[]
[16:06:42.934326]	Exploring 0: L0[], LLi: L1[L6[]], Li: L1[L1[L6[]]], []b: L1[_12_ -> _13_], cons: V0 -> L1[_3_] -> L1[_4_], tr: L6[]
[16:06:42.934493]	Exploring 0: L0[], LLi: L1[L6[]], Li: L1[L1[L6[]]], []b: L1[L0[] -> _13_], cons: V0 -> L1[_3_] -> L1[_4_], tr: L6[]
[16:06:42.934643]	Exploring 0: L0[], LLi: L1[L6[]], Li: L1[L1[L6[]]], []b: L1[L6[] -> _13_], cons: V0 -> L1[_3_] -> L1[_4_], tr: L6[]
[16:06:42.934794]	Exploring 0: L0[], LLi: L1[L6[]], Li: L1[L6[]], []b: L1[_2_], cons: V0 -> L1[_3_] -> L1[_4_], tr: L6[]
[16:06:42.934925]	Exploring 0: L0[], LLi: L1[L6[]], Li: L1[L6[]], []b: L1[L0[]], cons: V0 -> L1[_3_] -> L1[_4_], tr: L6[]
[16:06:42.935143]	Exploring 0: L0[], LLi: L1[L6[]], Li: L1[L6[]], []b: L1[L1[_11_]], cons: V0 -> L1[_3_] -> L1[_4_], tr: L6[]
[16:06:42.935286]	Exploring 0: L0[], LLi: L1[L6[]], Li: L1[L6[]], []b: L1[L1[L0[]]], cons: V0 -> L1[_3_] -> L1[_4_], tr: L6[]
[16:06:42.935482]	Exploring 0: L0[], LLi: L1[L6[]], Li: L1[L6[]], []b: L1[L1[L6[]]], cons: V0 -> L1[_3_] -> L1[_4_], tr: L6[]
[16:06:42.935668]	Exploring 0: L0[], LLi: L1[L6[]], Li: L1[L6[]], []b: L1[L6[]], cons: V0 -> L1[_3_] -> L1[_4_], tr: L6[]
[16:06:42.935839]	Exploring 0: L0[], LLi: L1[L6[]], Li: L1[L6[]], []b: L1[L6[]], cons: V0 -> L1[L6[]] -> L1[_4_], tr: L6[]
[16:06:42.936011]	Exploring 0: L0[], LLi: L1[L6[]], Li: L1[L6[]], []b: L1[L6[]], cons: V0 -> L1[L6[]] -> L1[L6[]], tr: L6[]
[16:06:42.936375]	Exploring 0: L0[], LLi: L1[L6[]], Li: L1[L6[]], []b: L1[_12_ -> _13_], cons: V0 -> L1[_3_] -> L1[_4_], tr: L6[]
[16:06:42.936567]	Exploring 0: L0[], LLi: L1[L6[]], Li: L1[L6[]], []b: L1[L0[] -> _13_], cons: V0 -> L1[_3_] -> L1[_4_], tr: L6[]
[16:06:42.936724]	Exploring 0: L0[], LLi: L1[L6[]], Li: L1[L6[]], []b: L1[L0[] -> L0[]], cons: V0 -> L1[_3_] -> L1[_4_], tr: L6[]
[16:06:42.936898]	Exploring 0: L0[], LLi: L1[L6[]], Li: L1[L6[]], []b: L1[L0[] -> L6[]], cons: V0 -> L1[_3_] -> L1[_4_], tr: L6[]
[16:06:42.937066]	Exploring 0: L0[], LLi: L1[L6[]], Li: L1[L6[]], []b: L1[L6[] -> _13_], cons: V0 -> L1[_3_] -> L1[_4_], tr: L6[]
[16:06:42.937367]	Exploring 0: L0[], LLi: L1[L6[]], Li: L1[L6[]], []b: L1[L6[] -> L0[]], cons: V0 -> L1[_3_] -> L1[_4_], tr: L6[]
[16:06:42.937561]	Exploring 0: L0[], LLi: L1[L6[]], Li: L1[L6[]], []b: L1[L6[] -> L6[]], cons: V0 -> L1[_3_] -> L1[_4_], tr: L6[]
[16:06:42.937760]	Exploring 0: L0[], LLi: L1[L6[]], Li: L1[_9_ -> _10_], []b: L1[_2_], cons: V0 -> L1[_3_] -> L1[_4_], tr: L6[]
[16:06:42.937970]	Exploring 0: L0[], LLi: L1[L6[]], Li: L1[L0[] -> _10_], []b: L1[_2_], cons: V0 -> L1[_3_] -> L1[_4_], tr: L6[]
[16:06:42.938128]	Exploring 0: L0[], LLi: L1[L6[]], Li: L1[L0[] -> L0[]], []b: L1[_2_], cons: V0 -> L1[_3_] -> L1[_4_], tr: L6[]
[16:06:42.938273]	Exploring 0: L0[], LLi: L1[L6[]], Li: L1[L0[] -> L0[]], []b: L1[L0[]], cons: V0 -> L1[_3_] -> L1[_4_], tr: L6[]
[16:06:42.938444]	Exploring 0: L0[], LLi: L1[L6[]], Li: L1[L0[] -> L0[]], []b: L1[L6[]], cons: V0 -> L1[_3_] -> L1[_4_], tr: L6[]
[16:06:42.938609]	Exploring 0: L0[], LLi: L1[L6[]], Li: L1[L0[] -> L6[]], []b: L1[_2_], cons: V0 -> L1[_3_] -> L1[_4_], tr: L6[]
[16:06:42.938756]	Exploring 0: L0[], LLi: L1[L6[]], Li: L1[L0[] -> L6[]], []b: L1[L0[]], cons: V0 -> L1[_3_] -> L1[_4_], tr: L6[]
[16:06:42.938940]	Exploring 0: L0[], LLi: L1[L6[]], Li: L1[L0[] -> L6[]], []b: L1[L6[]], cons: V0 -> L1[_3_] -> L1[_4_], tr: L6[]
[16:06:42.939182]	Exploring 0: L0[], LLi: L1[L6[]], Li: L1[L6[] -> _10_], []b: L1[_2_], cons: V0 -> L1[_3_] -> L1[_4_], tr: L6[]
[16:06:42.939352]	Exploring 0: L0[], LLi: L1[L6[]], Li: L1[L6[] -> L0[]], []b: L1[_2_], cons: V0 -> L1[_3_] -> L1[_4_], tr: L6[]
[16:06:42.939542]	Exploring 0: L0[], LLi: L1[L6[]], Li: L1[L6[] -> L0[]], []b: L1[L0[]], cons: V0 -> L1[_3_] -> L1[_4_], tr: L6[]
[16:06:42.939718]	Exploring 0: L0[], LLi: L1[L6[]], Li: L1[L6[] -> L0[]], []b: L1[L6[]], cons: V0 -> L1[_3_] -> L1[_4_], tr: L6[]
[16:06:42.939892]	Exploring 0: L0[], LLi: L1[L6[]], Li: L1[L6[] -> L6[]], []b: L1[_2_], cons: V0 -> L1[_3_] -> L1[_4_], tr: L6[]
[16:06:42.940042]	Exploring 0: L0[], LLi: L1[L6[]], Li: L1[L6[] -> L6[]], []b: L1[L0[]], cons: V0 -> L1[_3_] -> L1[_4_], tr: L6[]
[16:06:42.940206]	Exploring 0: L0[], LLi: L1[L6[]], Li: L1[L6[] -> L6[]], []b: L1[L6[]], cons: V0 -> L1[_3_] -> L1[_4_], tr: L6[]
[16:06:42.940402]	Exploring 0: L0[], LLi: L1[_6_ -> _7_], Li: L1[_1_], []b: L1[_2_], cons: V0 -> L1[_3_] -> L1[_4_], tr: L6[]
[16:06:42.940594]	Exploring 0: L0[], LLi: L1[L0[] -> _7_], Li: L1[_1_], []b: L1[_2_], cons: V0 -> L1[_3_] -> L1[_4_], tr: L6[]
[16:06:42.940869]	Exploring 0: L0[], LLi: L1[L0[] -> L0[]], Li: L1[_1_], []b: L1[_2_], cons: V0 -> L1[_3_] -> L1[_4_], tr: L6[]
[16:06:42.941113]	Exploring 0: L0[], LLi: L1[L0[] -> L0[]], Li: L1[L0[]], []b: L1[_2_], cons: V0 -> L1[_3_] -> L1[_4_], tr: L6[]
[16:06:42.941415]	Exploring 0: L0[], LLi: L1[L0[] -> L0[]], Li: L1[L0[]], []b: L1[L0[]], cons: V0 -> L1[_3_] -> L1[_4_], tr: L6[]
[16:06:42.941591]	Exploring 0: L0[], LLi: L1[L0[] -> L0[]], Li: L1[L0[]], []b: L1[L6[]], cons: V0 -> L1[_3_] -> L1[_4_], tr: L6[]
[16:06:42.941878]	Exploring 0: L0[], LLi: L1[L0[] -> L0[]], Li: L1[L1[_8_]], []b: L1[_2_], cons: V0 -> L1[_3_] -> L1[_4_], tr: L6[]
[16:06:42.942100]	Exploring 0: L0[], LLi: L1[L0[] -> L0[]], Li: L1[L1[L0[]]], []b: L1[_2_], cons: V0 -> L1[_3_] -> L1[_4_], tr: L6[]
[16:06:42.942350]	Exploring 0: L0[], LLi: L1[L0[] -> L0[]], Li: L1[L1[L6[]]], []b: L1[_2_], cons: V0 -> L1[_3_] -> L1[_4_], tr: L6[]
[16:06:42.942799]	Exploring 0: L0[], LLi: L1[L0[] -> L0[]], Li: L1[L6[]], []b: L1[_2_], cons: V0 -> L1[_3_] -> L1[_4_], tr: L6[]
[16:06:42.943073]	Exploring 0: L0[], LLi: L1[L0[] -> L0[]], Li: L1[L6[]], []b: L1[L0[]], cons: V0 -> L1[_3_] -> L1[_4_], tr: L6[]
[16:06:42.943298]	Exploring 0: L0[], LLi: L1[L0[] -> L0[]], Li: L1[L6[]], []b: L1[L6[]], cons: V0 -> L1[_3_] -> L1[_4_], tr: L6[]
[16:06:42.943584]	Exploring 0: L0[], LLi: L1[L0[] -> L0[]], Li: L1[_9_ -> _10_], []b: L1[_2_], cons: V0 -> L1[_3_] -> L1[_4_], tr: L6[]
[16:06:42.944013]	Exploring 0: L0[], LLi: L1[L0[] -> L0[]], Li: L1[L0[] -> _10_], []b: L1[_2_], cons: V0 -> L1[_3_] -> L1[_4_], tr: L6[]
[16:06:42.944406]	Exploring 0: L0[], LLi: L1[L0[] -> L0[]], Li: L1[L6[] -> _10_], []b: L1[_2_], cons: V0 -> L1[_3_] -> L1[_4_], tr: L6[]
[16:06:42.944742]	Exploring 0: L0[], LLi: L1[L0[] -> L6[]], Li: L1[_1_], []b: L1[_2_], cons: V0 -> L1[_3_] -> L1[_4_], tr: L6[]
[16:06:42.945088]	Exploring 0: L0[], LLi: L1[L0[] -> L6[]], Li: L1[L0[]], []b: L1[_2_], cons: V0 -> L1[_3_] -> L1[_4_], tr: L6[]
[16:06:42.945408]	Exploring 0: L0[], LLi: L1[L0[] -> L6[]], Li: L1[L0[]], []b: L1[L0[]], cons: V0 -> L1[_3_] -> L1[_4_], tr: L6[]
[16:06:42.945754]	Exploring 0: L0[], LLi: L1[L0[] -> L6[]], Li: L1[L0[]], []b: L1[L6[]], cons: V0 -> L1[_3_] -> L1[_4_], tr: L6[]
[16:06:42.946060]	Exploring 0: L0[], LLi: L1[L0[] -> L6[]], Li: L1[L1[_8_]], []b: L1[_2_], cons: V0 -> L1[_3_] -> L1[_4_], tr: L6[]
[16:06:42.946544]	Exploring 0: L0[], LLi: L1[L0[] -> L6[]], Li: L1[L1[L0[]]], []b: L1[_2_], cons: V0 -> L1[_3_] -> L1[_4_], tr: L6[]
[16:06:42.947070]	Exploring 0: L0[], LLi: L1[L0[] -> L6[]], Li: L1[L1[L6[]]], []b: L1[_2_], cons: V0 -> L1[_3_] -> L1[_4_], tr: L6[]
[16:06:42.947445]	Exploring 0: L0[], LLi: L1[L0[] -> L6[]], Li: L1[L6[]], []b: L1[_2_], cons: V0 -> L1[_3_] -> L1[_4_], tr: L6[]
[16:06:42.947730]	Exploring 0: L0[], LLi: L1[L0[] -> L6[]], Li: L1[L6[]], []b: L1[L0[]], cons: V0 -> L1[_3_] -> L1[_4_], tr: L6[]
[16:06:42.948041]	Exploring 0: L0[], LLi: L1[L0[] -> L6[]], Li: L1[L6[]], []b: L1[L6[]], cons: V0 -> L1[_3_] -> L1[_4_], tr: L6[]
[16:06:42.948301]	Exploring 0: L0[], LLi: L1[L0[] -> L6[]], Li: L1[_9_ -> _10_], []b: L1[_2_], cons: V0 -> L1[_3_] -> L1[_4_], tr: L6[]
[16:06:42.948568]	Exploring 0: L0[], LLi: L1[L0[] -> L6[]], Li: L1[L0[] -> _10_], []b: L1[_2_], cons: V0 -> L1[_3_] -> L1[_4_], tr: L6[]
[16:06:42.948817]	Exploring 0: L0[], LLi: L1[L0[] -> L6[]], Li: L1[L6[] -> _10_], []b: L1[_2_], cons: V0 -> L1[_3_] -> L1[_4_], tr: L6[]
[16:06:42.949025]	Exploring 0: L0[], LLi: L1[L6[] -> _7_], Li: L1[_1_], []b: L1[_2_], cons: V0 -> L1[_3_] -> L1[_4_], tr: L6[]
[16:06:42.949209]	Exploring 0: L0[], LLi: L1[L6[] -> L0[]], Li: L1[_1_], []b: L1[_2_], cons: V0 -> L1[_3_] -> L1[_4_], tr: L6[]
[16:06:42.949368]	Exploring 0: L0[], LLi: L1[L6[] -> L0[]], Li: L1[L0[]], []b: L1[_2_], cons: V0 -> L1[_3_] -> L1[_4_], tr: L6[]
[16:06:42.949513]	Exploring 0: L0[], LLi: L1[L6[] -> L0[]], Li: L1[L0[]], []b: L1[L0[]], cons: V0 -> L1[_3_] -> L1[_4_], tr: L6[]
[16:06:42.949742]	Exploring 0: L0[], LLi: L1[L6[] -> L0[]], Li: L1[L0[]], []b: L1[L6[]], cons: V0 -> L1[_3_] -> L1[_4_], tr: L6[]
[16:06:42.949921]	Exploring 0: L0[], LLi: L1[L6[] -> L0[]], Li: L1[L1[_8_]], []b: L1[_2_], cons: V0 -> L1[_3_] -> L1[_4_], tr: L6[]
[16:06:42.950081]	Exploring 0: L0[], LLi: L1[L6[] -> L0[]], Li: L1[L1[L0[]]], []b: L1[_2_], cons: V0 -> L1[_3_] -> L1[_4_], tr: L6[]
[16:06:42.950317]	Exploring 0: L0[], LLi: L1[L6[] -> L0[]], Li: L1[L1[L6[]]], []b: L1[_2_], cons: V0 -> L1[_3_] -> L1[_4_], tr: L6[]
[16:06:42.950500]	Exploring 0: L0[], LLi: L1[L6[] -> L0[]], Li: L1[L6[]], []b: L1[_2_], cons: V0 -> L1[_3_] -> L1[_4_], tr: L6[]
[16:06:42.950674]	Exploring 0: L0[], LLi: L1[L6[] -> L0[]], Li: L1[L6[]], []b: L1[L0[]], cons: V0 -> L1[_3_] -> L1[_4_], tr: L6[]
[16:06:42.950856]	Exploring 0: L0[], LLi: L1[L6[] -> L0[]], Li: L1[L6[]], []b: L1[L6[]], cons: V0 -> L1[_3_] -> L1[_4_], tr: L6[]
[16:06:42.951040]	Exploring 0: L0[], LLi: L1[L6[] -> L0[]], Li: L1[_9_ -> _10_], []b: L1[_2_], cons: V0 -> L1[_3_] -> L1[_4_], tr: L6[]
[16:06:42.951248]	Exploring 0: L0[], LLi: L1[L6[] -> L0[]], Li: L1[L0[] -> _10_], []b: L1[_2_], cons: V0 -> L1[_3_] -> L1[_4_], tr: L6[]
[16:06:42.951480]	Exploring 0: L0[], LLi: L1[L6[] -> L0[]], Li: L1[L6[] -> _10_], []b: L1[_2_], cons: V0 -> L1[_3_] -> L1[_4_], tr: L6[]
[16:06:42.951805]	Exploring 0: L0[], LLi: L1[L6[] -> L6[]], Li: L1[_1_], []b: L1[_2_], cons: V0 -> L1[_3_] -> L1[_4_], tr: L6[]
[16:06:42.952054]	Exploring 0: L0[], LLi: L1[L6[] -> L6[]], Li: L1[L0[]], []b: L1[_2_], cons: V0 -> L1[_3_] -> L1[_4_], tr: L6[]
[16:06:42.952258]	Exploring 0: L0[], LLi: L1[L6[] -> L6[]], Li: L1[L0[]], []b: L1[L0[]], cons: V0 -> L1[_3_] -> L1[_4_], tr: L6[]
[16:06:42.952654]	Exploring 0: L0[], LLi: L1[L6[] -> L6[]], Li: L1[L0[]], []b: L1[L6[]], cons: V0 -> L1[_3_] -> L1[_4_], tr: L6[]
[16:06:42.953055]	Exploring 0: L0[], LLi: L1[L6[] -> L6[]], Li: L1[L1[_8_]], []b: L1[_2_], cons: V0 -> L1[_3_] -> L1[_4_], tr: L6[]
[16:06:42.953394]	Exploring 0: L0[], LLi: L1[L6[] -> L6[]], Li: L1[L1[L0[]]], []b: L1[_2_], cons: V0 -> L1[_3_] -> L1[_4_], tr: L6[]
[16:06:42.953672]	Exploring 0: L0[], LLi: L1[L6[] -> L6[]], Li: L1[L1[L6[]]], []b: L1[_2_], cons: V0 -> L1[_3_] -> L1[_4_], tr: L6[]
[16:06:42.953935]	Exploring 0: L0[], LLi: L1[L6[] -> L6[]], Li: L1[L6[]], []b: L1[_2_], cons: V0 -> L1[_3_] -> L1[_4_], tr: L6[]
[16:06:42.954172]	Exploring 0: L0[], LLi: L1[L6[] -> L6[]], Li: L1[L6[]], []b: L1[L0[]], cons: V0 -> L1[_3_] -> L1[_4_], tr: L6[]
[16:06:42.954429]	Exploring 0: L0[], LLi: L1[L6[] -> L6[]], Li: L1[L6[]], []b: L1[L6[]], cons: V0 -> L1[_3_] -> L1[_4_], tr: L6[]
[16:06:42.954665]	Exploring 0: L0[], LLi: L1[L6[] -> L6[]], Li: L1[_9_ -> _10_], []b: L1[_2_], cons: V0 -> L1[_3_] -> L1[_4_], tr: L6[]
[16:06:42.954915]	Exploring 0: L0[], LLi: L1[L6[] -> L6[]], Li: L1[L0[] -> _10_], []b: L1[_2_], cons: V0 -> L1[_3_] -> L1[_4_], tr: L6[]
[16:06:42.955166]	Exploring 0: L0[], LLi: L1[L6[] -> L6[]], Li: L1[L6[] -> _10_], []b: L1[_2_], cons: V0 -> L1[_3_] -> L1[_4_], tr: L6[]
[16:06:42.955345]	END Size 5 : 56 ms
[16:06:42.955391]	BEG Size 6
[16:06:42.955464]	Exploring 0: L0[], LLi: L0[], Li: L0[], []b: L3[], cons: V0 -> V0 -> V0, tr: L3[]
[16:06:42.955682]	Exploring 0: L0[], LLi: L1[_0_], Li: L1[_1_], []b: L1[_2_], cons: V0 -> L1[_3_] -> L1[_4_], tr: L6[]
[16:06:42.955964]	Exploring 0: L0[], LLi: L1[L0[]], Li: L1[_1_], []b: L1[_2_], cons: V0 -> L1[_3_] -> L1[_4_], tr: L6[]
[16:06:42.956136]	Exploring 0: L0[], LLi: L1[L0[]], Li: L1[L0[]], []b: L1[_2_], cons: V0 -> L1[_3_] -> L1[_4_], tr: L6[]
[16:06:42.956266]	Exploring 0: L0[], LLi: L1[L0[]], Li: L1[L0[]], []b: L1[L0[]], cons: V0 -> L1[_3_] -> L1[_4_], tr: L6[]
[16:06:42.956486]	Exploring 0: L0[], LLi: L1[L0[]], Li: L1[L0[]], []b: L1[L0[]], cons: V0 -> L1[L0[]] -> L1[_4_], tr: L6[]
[16:06:42.956669]	Exploring 0: L0[], LLi: L1[L0[]], Li: L1[L0[]], []b: L1[L0[]], cons: V0 -> L1[L0[]] -> L1[L0[]], tr: L6[]
[16:06:42.957049]	Exploring 0: L0[], LLi: L1[L0[]], Li: L1[L0[]], []b: L1[L1[_11_]], cons: V0 -> L1[_3_] -> L1[_4_], tr: L6[]
[16:06:42.957297]	Exploring 0: L0[], LLi: L1[L0[]], Li: L1[L0[]], []b: L1[L1[L0[]]], cons: V0 -> L1[_3_] -> L1[_4_], tr: L6[]
[16:06:42.957614]	Exploring 0: L0[], LLi: L1[L0[]], Li: L1[L0[]], []b: L1[L1[L6[]]], cons: V0 -> L1[_3_] -> L1[_4_], tr: L6[]
[16:06:42.957854]	Exploring 0: L0[], LLi: L1[L0[]], Li: L1[L0[]], []b: L1[L6[]], cons: V0 -> L1[_3_] -> L1[_4_], tr: L6[]
[16:06:42.958068]	Exploring 0: L0[], LLi: L1[L0[]], Li: L1[L0[]], []b: L1[_12_ -> _13_], cons: V0 -> L1[_3_] -> L1[_4_], tr: L6[]
[16:06:42.958234]	Exploring 0: L0[], LLi: L1[L0[]], Li: L1[L0[]], []b: L1[L0[] -> _13_], cons: V0 -> L1[_3_] -> L1[_4_], tr: L6[]
[16:06:42.958376]	Exploring 0: L0[], LLi: L1[L0[]], Li: L1[L0[]], []b: L1[L0[] -> L0[]], cons: V0 -> L1[_3_] -> L1[_4_], tr: L6[]
[16:06:42.958594]	Exploring 0: L0[], LLi: L1[L0[]], Li: L1[L0[]], []b: L1[L0[] -> L6[]], cons: V0 -> L1[_3_] -> L1[_4_], tr: L6[]
[16:06:42.958805]	Exploring 0: L0[], LLi: L1[L0[]], Li: L1[L0[]], []b: L1[L6[] -> _13_], cons: V0 -> L1[_3_] -> L1[_4_], tr: L6[]
[16:06:42.958963]	Exploring 0: L0[], LLi: L1[L0[]], Li: L1[L0[]], []b: L1[L6[] -> L0[]], cons: V0 -> L1[_3_] -> L1[_4_], tr: L6[]
[16:06:42.959171]	Exploring 0: L0[], LLi: L1[L0[]], Li: L1[L0[]], []b: L1[L6[] -> L6[]], cons: V0 -> L1[_3_] -> L1[_4_], tr: L6[]
[16:06:42.959374]	Exploring 0: L0[], LLi: L1[L0[]], Li: L1[L1[_8_]], []b: L1[_2_], cons: V0 -> L1[_3_] -> L1[_4_], tr: L6[]
[16:06:42.959542]	Exploring 0: L0[], LLi: L1[L0[]], Li: L1[L1[L0[]]], []b: L1[_2_], cons: V0 -> L1[_3_] -> L1[_4_], tr: L6[]
[16:06:42.959685]	Exploring 0: L0[], LLi: L1[L0[]], Li: L1[L1[L0[]]], []b: L1[L0[]], cons: V0 -> L1[_3_] -> L1[_4_], tr: L6[]
[16:06:42.959883]	Exploring 0: L0[], LLi: L1[L0[]], Li: L1[L1[L0[]]], []b: L1[L1[_11_]], cons: V0 -> L1[_3_] -> L1[_4_], tr: L6[]
[16:06:42.960027]	Exploring 0: L0[], LLi: L1[L0[]], Li: L1[L1[L0[]]], []b: L1[L1[L0[]]], cons: V0 -> L1[_3_] -> L1[_4_], tr: L6[]
[16:06:42.960225]	Exploring 0: L0[], LLi: L1[L0[]], Li: L1[L1[L0[]]], []b: L1[L1[L6[]]], cons: V0 -> L1[_3_] -> L1[_4_], tr: L6[]
[16:06:42.960401]	Exploring 0: L0[], LLi: L1[L0[]], Li: L1[L1[L0[]]], []b: L1[L6[]], cons: V0 -> L1[_3_] -> L1[_4_], tr: L6[]
[16:06:42.960578]	Exploring 0: L0[], LLi: L1[L0[]], Li: L1[L1[L0[]]], []b: L1[_12_ -> _13_], cons: V0 -> L1[_3_] -> L1[_4_], tr: L6[]
[16:06:42.960732]	Exploring 0: L0[], LLi: L1[L0[]], Li: L1[L1[L0[]]], []b: L1[L0[] -> _13_], cons: V0 -> L1[_3_] -> L1[_4_], tr: L6[]
[16:06:42.960875]	Exploring 0: L0[], LLi: L1[L0[]], Li: L1[L1[L0[]]], []b: L1[L0[] -> L0[]], cons: V0 -> L1[_3_] -> L1[_4_], tr: L6[]
[16:06:42.961062]	Exploring 0: L0[], LLi: L1[L0[]], Li: L1[L1[L0[]]], []b: L1[L0[] -> L6[]], cons: V0 -> L1[_3_] -> L1[_4_], tr: L6[]
[16:06:42.961238]	Exploring 0: L0[], LLi: L1[L0[]], Li: L1[L1[L0[]]], []b: L1[L6[] -> _13_], cons: V0 -> L1[_3_] -> L1[_4_], tr: L6[]
[16:06:42.961409]	Exploring 0: L0[], LLi: L1[L0[]], Li: L1[L1[L0[]]], []b: L1[L6[] -> L0[]], cons: V0 -> L1[_3_] -> L1[_4_], tr: L6[]
[16:06:42.961585]	Exploring 0: L0[], LLi: L1[L0[]], Li: L1[L1[L0[]]], []b: L1[L6[] -> L6[]], cons: V0 -> L1[_3_] -> L1[_4_], tr: L6[]
[16:06:42.961786]	Exploring 0: L0[], LLi: L1[L0[]], Li: L1[L1[L6[]]], []b: L1[_2_], cons: V0 -> L1[_3_] -> L1[_4_], tr: L6[]
[16:06:42.961934]	Exploring 0: L0[], LLi: L1[L0[]], Li: L1[L1[L6[]]], []b: L1[L0[]], cons: V0 -> L1[_3_] -> L1[_4_], tr: L6[]
[16:06:42.962112]	Exploring 0: L0[], LLi: L1[L0[]], Li: L1[L1[L6[]]], []b: L1[L1[_11_]], cons: V0 -> L1[_3_] -> L1[_4_], tr: L6[]
[16:06:42.962253]	Exploring 0: L0[], LLi: L1[L0[]], Li: L1[L1[L6[]]], []b: L1[L1[L0[]]], cons: V0 -> L1[_3_] -> L1[_4_], tr: L6[]
[16:06:42.962426]	Exploring 0: L0[], LLi: L1[L0[]], Li: L1[L1[L6[]]], []b: L1[L1[L6[]]], cons: V0 -> L1[_3_] -> L1[_4_], tr: L6[]
[16:06:42.962618]	Exploring 0: L0[], LLi: L1[L0[]], Li: L1[L1[L6[]]], []b: L1[L6[]], cons: V0 -> L1[_3_] -> L1[_4_], tr: L6[]
[16:06:42.962814]	Exploring 0: L0[], LLi: L1[L0[]], Li: L1[L1[L6[]]], []b: L1[_12_ -> _13_], cons: V0 -> L1[_3_] -> L1[_4_], tr: L6[]
[16:06:42.962966]	Exploring 0: L0[], LLi: L1[L0[]], Li: L1[L1[L6[]]], []b: L1[L0[] -> _13_], cons: V0 -> L1[_3_] -> L1[_4_], tr: L6[]
[16:06:42.963128]	Exploring 0: L0[], LLi: L1[L0[]], Li: L1[L1[L6[]]], []b: L1[L0[] -> L0[]], cons: V0 -> L1[_3_] -> L1[_4_], tr: L6[]
[16:06:42.963340]	Exploring 0: L0[], LLi: L1[L0[]], Li: L1[L1[L6[]]], []b: L1[L0[] -> L6[]], cons: V0 -> L1[_3_] -> L1[_4_], tr: L6[]
[16:06:42.963536]	Exploring 0: L0[], LLi: L1[L0[]], Li: L1[L1[L6[]]], []b: L1[L6[] -> _13_], cons: V0 -> L1[_3_] -> L1[_4_], tr: L6[]
[16:06:42.963715]	Exploring 0: L0[], LLi: L1[L0[]], Li: L1[L1[L6[]]], []b: L1[L6[] -> L0[]], cons: V0 -> L1[_3_] -> L1[_4_], tr: L6[]
[16:06:42.963894]	Exploring 0: L0[], LLi: L1[L0[]], Li: L1[L1[L6[]]], []b: L1[L6[] -> L6[]], cons: V0 -> L1[_3_] -> L1[_4_], tr: L6[]
[16:06:42.964081]	Exploring 0: L0[], LLi: L1[L0[]], Li: L1[L6[]], []b: L1[_2_], cons: V0 -> L1[_3_] -> L1[_4_], tr: L6[]
[16:06:42.964318]	Exploring 0: L0[], LLi: L1[L0[]], Li: L1[L6[]], []b: L1[L0[]], cons: V0 -> L1[_3_] -> L1[_4_], tr: L6[]
[16:06:42.964539]	Exploring 0: L0[], LLi: L1[L0[]], Li: L1[L6[]], []b: L1[L1[_11_]], cons: V0 -> L1[_3_] -> L1[_4_], tr: L6[]
[16:06:42.964690]	Exploring 0: L0[], LLi: L1[L0[]], Li: L1[L6[]], []b: L1[L1[L0[]]], cons: V0 -> L1[_3_] -> L1[_4_], tr: L6[]
[16:06:42.964870]	Exploring 0: L0[], LLi: L1[L0[]], Li: L1[L6[]], []b: L1[L1[L6[]]], cons: V0 -> L1[_3_] -> L1[_4_], tr: L6[]
[16:06:42.965063]	Exploring 0: L0[], LLi: L1[L0[]], Li: L1[L6[]], []b: L1[L6[]], cons: V0 -> L1[_3_] -> L1[_4_], tr: L6[]
[16:06:42.965247]	Exploring 0: L0[], LLi: L1[L0[]], Li: L1[L6[]], []b: L1[_12_ -> _13_], cons: V0 -> L1[_3_] -> L1[_4_], tr: L6[]
[16:06:42.965401]	Exploring 0: L0[], LLi: L1[L0[]], Li: L1[L6[]], []b: L1[L0[] -> _13_], cons: V0 -> L1[_3_] -> L1[_4_], tr: L6[]
[16:06:42.965545]	Exploring 0: L0[], LLi: L1[L0[]], Li: L1[L6[]], []b: L1[L0[] -> L0[]], cons: V0 -> L1[_3_] -> L1[_4_], tr: L6[]
[16:06:42.965733]	Exploring 0: L0[], LLi: L1[L0[]], Li: L1[L6[]], []b: L1[L0[] -> L6[]], cons: V0 -> L1[_3_] -> L1[_4_], tr: L6[]
[16:06:42.965939]	Exploring 0: L0[], LLi: L1[L0[]], Li: L1[L6[]], []b: L1[L6[] -> _13_], cons: V0 -> L1[_3_] -> L1[_4_], tr: L6[]
[16:06:42.966091]	Exploring 0: L0[], LLi: L1[L0[]], Li: L1[L6[]], []b: L1[L6[] -> L0[]], cons: V0 -> L1[_3_] -> L1[_4_], tr: L6[]
[16:06:42.966284]	Exploring 0: L0[], LLi: L1[L0[]], Li: L1[L6[]], []b: L1[L6[] -> L6[]], cons: V0 -> L1[_3_] -> L1[_4_], tr: L6[]
[16:06:42.966475]	Exploring 0: L0[], LLi: L1[L0[]], Li: L1[_9_ -> _10_], []b: L1[_2_], cons: V0 -> L1[_3_] -> L1[_4_], tr: L6[]
[16:06:42.966621]	Exploring 0: L0[], LLi: L1[L0[]], Li: L1[L0[] -> _10_], []b: L1[_2_], cons: V0 -> L1[_3_] -> L1[_4_], tr: L6[]
[16:06:42.966767]	Exploring 0: L0[], LLi: L1[L0[]], Li: L1[L0[] -> L0[]], []b: L1[_2_], cons: V0 -> L1[_3_] -> L1[_4_], tr: L6[]
[16:06:42.966892]	Exploring 0: L0[], LLi: L1[L0[]], Li: L1[L0[] -> L0[]], []b: L1[L0[]], cons: V0 -> L1[_3_] -> L1[_4_], tr: L6[]
[16:06:42.967117]	Exploring 0: L0[], LLi: L1[L0[]], Li: L1[L0[] -> L0[]], []b: L1[L1[_11_]], cons: V0 -> L1[_3_] -> L1[_4_], tr: L6[]
[16:06:42.967266]	Exploring 0: L0[], LLi: L1[L0[]], Li: L1[L0[] -> L0[]], []b: L1[L1[L0[]]], cons: V0 -> L1[_3_] -> L1[_4_], tr: L6[]
[16:06:42.967487]	Exploring 0: L0[], LLi: L1[L0[]], Li: L1[L0[] -> L0[]], []b: L1[L1[L6[]]], cons: V0 -> L1[_3_] -> L1[_4_], tr: L6[]
[16:06:42.967661]	Exploring 0: L0[], LLi: L1[L0[]], Li: L1[L0[] -> L0[]], []b: L1[L6[]], cons: V0 -> L1[_3_] -> L1[_4_], tr: L6[]
[16:06:42.967848]	Exploring 0: L0[], LLi: L1[L0[]], Li: L1[L0[] -> L0[]], []b: L1[_12_ -> _13_], cons: V0 -> L1[_3_] -> L1[_4_], tr: L6[]
[16:06:42.967988]	Exploring 0: L0[], LLi: L1[L0[]], Li: L1[L0[] -> L0[]], []b: L1[L0[] -> _13_], cons: V0 -> L1[_3_] -> L1[_4_], tr: L6[]
[16:06:42.968152]	Exploring 0: L0[], LLi: L1[L0[]], Li: L1[L0[] -> L0[]], []b: L1[L6[] -> _13_], cons: V0 -> L1[_3_] -> L1[_4_], tr: L6[]
[16:06:42.968309]	Exploring 0: L0[], LLi: L1[L0[]], Li: L1[L0[] -> L6[]], []b: L1[_2_], cons: V0 -> L1[_3_] -> L1[_4_], tr: L6[]
[16:06:42.968444]	Exploring 0: L0[], LLi: L1[L0[]], Li: L1[L0[] -> L6[]], []b: L1[L0[]], cons: V0 -> L1[_3_] -> L1[_4_], tr: L6[]
[16:06:42.968635]	Exploring 0: L0[], LLi: L1[L0[]], Li: L1[L0[] -> L6[]], []b: L1[L1[_11_]], cons: V0 -> L1[_3_] -> L1[_4_], tr: L6[]
[16:06:42.968776]	Exploring 0: L0[], LLi: L1[L0[]], Li: L1[L0[] -> L6[]], []b: L1[L1[L0[]]], cons: V0 -> L1[_3_] -> L1[_4_], tr: L6[]
[16:06:42.968984]	Exploring 0: L0[], LLi: L1[L0[]], Li: L1[L0[] -> L6[]], []b: L1[L1[L6[]]], cons: V0 -> L1[_3_] -> L1[_4_], tr: L6[]
[16:06:42.969167]	Exploring 0: L0[], LLi: L1[L0[]], Li: L1[L0[] -> L6[]], []b: L1[L6[]], cons: V0 -> L1[_3_] -> L1[_4_], tr: L6[]
[16:06:42.969375]	Exploring 0: L0[], LLi: L1[L0[]], Li: L1[L0[] -> L6[]], []b: L1[_12_ -> _13_], cons: V0 -> L1[_3_] -> L1[_4_], tr: L6[]
[16:06:42.969531]	Exploring 0: L0[], LLi: L1[L0[]], Li: L1[L0[] -> L6[]], []b: L1[L0[] -> _13_], cons: V0 -> L1[_3_] -> L1[_4_], tr: L6[]
[16:06:42.969717]	Exploring 0: L0[], LLi: L1[L0[]], Li: L1[L0[] -> L6[]], []b: L1[L6[] -> _13_], cons: V0 -> L1[_3_] -> L1[_4_], tr: L6[]
[16:06:42.969901]	Exploring 0: L0[], LLi: L1[L0[]], Li: L1[L6[] -> _10_], []b: L1[_2_], cons: V0 -> L1[_3_] -> L1[_4_], tr: L6[]
[16:06:42.970056]	Exploring 0: L0[], LLi: L1[L0[]], Li: L1[L6[] -> L0[]], []b: L1[_2_], cons: V0 -> L1[_3_] -> L1[_4_], tr: L6[]
[16:06:42.970199]	Exploring 0: L0[], LLi: L1[L0[]], Li: L1[L6[] -> L0[]], []b: L1[L0[]], cons: V0 -> L1[_3_] -> L1[_4_], tr: L6[]
[16:06:42.970401]	Exploring 0: L0[], LLi: L1[L0[]], Li: L1[L6[] -> L0[]], []b: L1[L1[_11_]], cons: V0 -> L1[_3_] -> L1[_4_], tr: L6[]
[16:06:42.970543]	Exploring 0: L0[], LLi: L1[L0[]], Li: L1[L6[] -> L0[]], []b: L1[L1[L0[]]], cons: V0 -> L1[_3_] -> L1[_4_], tr: L6[]
[16:06:42.970722]	Exploring 0: L0[], LLi: L1[L0[]], Li: L1[L6[] -> L0[]], []b: L1[L1[L6[]]], cons: V0 -> L1[_3_] -> L1[_4_], tr: L6[]
[16:06:42.970889]	Exploring 0: L0[], LLi: L1[L0[]], Li: L1[L6[] -> L0[]], []b: L1[L6[]], cons: V0 -> L1[_3_] -> L1[_4_], tr: L6[]
[16:06:42.971088]	Exploring 0: L0[], LLi: L1[L0[]], Li: L1[L6[] -> L0[]], []b: L1[_12_ -> _13_], cons: V0 -> L1[_3_] -> L1[_4_], tr: L6[]
[16:06:42.971241]	Exploring 0: L0[], LLi: L1[L0[]], Li: L1[L6[] -> L0[]], []b: L1[L0[] -> _13_], cons: V0 -> L1[_3_] -> L1[_4_], tr: L6[]
[16:06:42.971428]	Exploring 0: L0[], LLi: L1[L0[]], Li: L1[L6[] -> L0[]], []b: L1[L6[] -> _13_], cons: V0 -> L1[_3_] -> L1[_4_], tr: L6[]
[16:06:42.971614]	Exploring 0: L0[], LLi: L1[L0[]], Li: L1[L6[] -> L6[]], []b: L1[_2_], cons: V0 -> L1[_3_] -> L1[_4_], tr: L6[]
[16:06:42.971760]	Exploring 0: L0[], LLi: L1[L0[]], Li: L1[L6[] -> L6[]], []b: L1[L0[]], cons: V0 -> L1[_3_] -> L1[_4_], tr: L6[]
[16:06:42.971945]	Exploring 0: L0[], LLi: L1[L0[]], Li: L1[L6[] -> L6[]], []b: L1[L1[_11_]], cons: V0 -> L1[_3_] -> L1[_4_], tr: L6[]
[16:06:42.972089]	Exploring 0: L0[], LLi: L1[L0[]], Li: L1[L6[] -> L6[]], []b: L1[L1[L0[]]], cons: V0 -> L1[_3_] -> L1[_4_], tr: L6[]
[16:06:42.972261]	Exploring 0: L0[], LLi: L1[L0[]], Li: L1[L6[] -> L6[]], []b: L1[L1[L6[]]], cons: V0 -> L1[_3_] -> L1[_4_], tr: L6[]
[16:06:42.972414]	Exploring 0: L0[], LLi: L1[L0[]], Li: L1[L6[] -> L6[]], []b: L1[L6[]], cons: V0 -> L1[_3_] -> L1[_4_], tr: L6[]
[16:06:42.972625]	Exploring 0: L0[], LLi: L1[L0[]], Li: L1[L6[] -> L6[]], []b: L1[_12_ -> _13_], cons: V0 -> L1[_3_] -> L1[_4_], tr: L6[]
[16:06:42.972777]	Exploring 0: L0[], LLi: L1[L0[]], Li: L1[L6[] -> L6[]], []b: L1[L0[] -> _13_], cons: V0 -> L1[_3_] -> L1[_4_], tr: L6[]
[16:06:42.972951]	Exploring 0: L0[], LLi: L1[L0[]], Li: L1[L6[] -> L6[]], []b: L1[L6[] -> _13_], cons: V0 -> L1[_3_] -> L1[_4_], tr: L6[]
[16:06:42.973125]	Exploring 0: L0[], LLi: L1[L1[_5_]], Li: L1[_1_], []b: L1[_2_], cons: V0 -> L1[_3_] -> L1[_4_], tr: L6[]
[16:06:42.973260]	Exploring 0: L0[], LLi: L1[L1[L0[]]], Li: L1[_1_], []b: L1[_2_], cons: V0 -> L1[_3_] -> L1[_4_], tr: L6[]
[16:06:42.973386]	Exploring 0: L0[], LLi: L1[L1[L0[]]], Li: L1[L0[]], []b: L1[_2_], cons: V0 -> L1[_3_] -> L1[_4_], tr: L6[]
[16:06:42.973525]	Exploring 0: L0[], LLi: L1[L1[L0[]]], Li: L1[L0[]], []b: L1[L0[]], cons: V0 -> L1[_3_] -> L1[_4_], tr: L6[]
[16:06:42.973753]	Exploring 0: L0[], LLi: L1[L1[L0[]]], Li: L1[L0[]], []b: L1[L1[_11_]], cons: V0 -> L1[_3_] -> L1[_4_], tr: L6[]
[16:06:42.973883]	Exploring 0: L0[], LLi: L1[L1[L0[]]], Li: L1[L0[]], []b: L1[L1[L0[]]], cons: V0 -> L1[_3_] -> L1[_4_], tr: L6[]
[16:06:42.974135]	Exploring 0: L0[], LLi: L1[L1[L0[]]], Li: L1[L0[]], []b: L1[L1[L6[]]], cons: V0 -> L1[_3_] -> L1[_4_], tr: L6[]
[16:06:42.974362]	Exploring 0: L0[], LLi: L1[L1[L0[]]], Li: L1[L0[]], []b: L1[L6[]], cons: V0 -> L1[_3_] -> L1[_4_], tr: L6[]
[16:06:42.974529]	Exploring 0: L0[], LLi: L1[L1[L0[]]], Li: L1[L0[]], []b: L1[L6[]], cons: V0 -> L1[V0] -> L1[_4_], tr: L6[]
[16:06:42.974709]	Exploring 0: L0[], LLi: L1[L1[L0[]]], Li: L1[L0[]], []b: L1[L6[]], cons: V0 -> L1[V0] -> L1[V0], tr: L6[]
[16:06:42.975053]	Exploring 0: L0[], LLi: L1[L1[L0[]]], Li: L1[L0[]], []b: L1[_12_ -> _13_], cons: V0 -> L1[_3_] -> L1[_4_], tr: L6[]
[16:06:42.975209]	Exploring 0: L0[], LLi: L1[L1[L0[]]], Li: L1[L0[]], []b: L1[L0[] -> _13_], cons: V0 -> L1[_3_] -> L1[_4_], tr: L6[]
[16:06:42.975353]	Exploring 0: L0[], LLi: L1[L1[L0[]]], Li: L1[L0[]], []b: L1[L0[] -> L0[]], cons: V0 -> L1[_3_] -> L1[_4_], tr: L6[]
[16:06:42.975558]	Exploring 0: L0[], LLi: L1[L1[L0[]]], Li: L1[L0[]], []b: L1[L0[] -> L6[]], cons: V0 -> L1[_3_] -> L1[_4_], tr: L6[]
[16:06:42.975738]	Exploring 0: L0[], LLi: L1[L1[L0[]]], Li: L1[L0[]], []b: L1[L6[] -> _13_], cons: V0 -> L1[_3_] -> L1[_4_], tr: L6[]
[16:06:42.975893]	Exploring 0: L0[], LLi: L1[L1[L0[]]], Li: L1[L0[]], []b: L1[L6[] -> L0[]], cons: V0 -> L1[_3_] -> L1[_4_], tr: L6[]
[16:06:42.976194]	Exploring 0: L0[], LLi: L1[L1[L0[]]], Li: L1[L0[]], []b: L1[L6[] -> L6[]], cons: V0 -> L1[_3_] -> L1[_4_], tr: L6[]
[16:06:42.976548]	Exploring 0: L0[], LLi: L1[L1[L0[]]], Li: L1[L1[_8_]], []b: L1[_2_], cons: V0 -> L1[_3_] -> L1[_4_], tr: L6[]
[16:06:42.976872]	Exploring 0: L0[], LLi: L1[L1[L0[]]], Li: L1[L1[L0[]]], []b: L1[_2_], cons: V0 -> L1[_3_] -> L1[_4_], tr: L6[]
[16:06:42.977167]	Exploring 0: L0[], LLi: L1[L1[L0[]]], Li: L1[L1[L0[]]], []b: L1[L0[]], cons: V0 -> L1[_3_] -> L1[_4_], tr: L6[]
[16:06:42.977540]	Exploring 0: L0[], LLi: L1[L1[L0[]]], Li: L1[L1[L0[]]], []b: L1[L1[_11_]], cons: V0 -> L1[_3_] -> L1[_4_], tr: L6[]
[16:06:42.977767]	Exploring 0: L0[], LLi: L1[L1[L0[]]], Li: L1[L1[L0[]]], []b: L1[L1[L0[]]], cons: V0 -> L1[_3_] -> L1[_4_], tr: L6[]
[16:06:42.977985]	Exploring 0: L0[], LLi: L1[L1[L0[]]], Li: L1[L1[L0[]]], []b: L1[L1[L6[]]], cons: V0 -> L1[_3_] -> L1[_4_], tr: L6[]
[16:06:42.978176]	Exploring 0: L0[], LLi: L1[L1[L0[]]], Li: L1[L1[L0[]]], []b: L1[L6[]], cons: V0 -> L1[_3_] -> L1[_4_], tr: L6[]
[16:06:42.978403]	Exploring 0: L0[], LLi: L1[L1[L0[]]], Li: L1[L1[L0[]]], []b: L1[_12_ -> _13_], cons: V0 -> L1[_3_] -> L1[_4_], tr: L6[]
[16:06:42.978587]	Exploring 0: L0[], LLi: L1[L1[L0[]]], Li: L1[L1[L0[]]], []b: L1[L0[] -> _13_], cons: V0 -> L1[_3_] -> L1[_4_], tr: L6[]
[16:06:42.978821]	Exploring 0: L0[], LLi: L1[L1[L0[]]], Li: L1[L1[L0[]]], []b: L1[L6[] -> _13_], cons: V0 -> L1[_3_] -> L1[_4_], tr: L6[]
[16:06:42.979047]	Exploring 0: L0[], LLi: L1[L1[L0[]]], Li: L1[L1[L6[]]], []b: L1[_2_], cons: V0 -> L1[_3_] -> L1[_4_], tr: L6[]
[16:06:42.979214]	Exploring 0: L0[], LLi: L1[L1[L0[]]], Li: L1[L1[L6[]]], []b: L1[L0[]], cons: V0 -> L1[_3_] -> L1[_4_], tr: L6[]
[16:06:42.979460]	Exploring 0: L0[], LLi: L1[L1[L0[]]], Li: L1[L1[L6[]]], []b: L1[L1[_11_]], cons: V0 -> L1[_3_] -> L1[_4_], tr: L6[]
[16:06:42.979608]	Exploring 0: L0[], LLi: L1[L1[L0[]]], Li: L1[L1[L6[]]], []b: L1[L1[L0[]]], cons: V0 -> L1[_3_] -> L1[_4_], tr: L6[]
[16:06:42.979791]	Exploring 0: L0[], LLi: L1[L1[L0[]]], Li: L1[L1[L6[]]], []b: L1[L1[L6[]]], cons: V0 -> L1[_3_] -> L1[_4_], tr: L6[]
[16:06:42.979986]	Exploring 0: L0[], LLi: L1[L1[L0[]]], Li: L1[L1[L6[]]], []b: L1[L6[]], cons: V0 -> L1[_3_] -> L1[_4_], tr: L6[]
[16:06:42.980249]	Exploring 0: L0[], LLi: L1[L1[L0[]]], Li: L1[L1[L6[]]], []b: L1[_12_ -> _13_], cons: V0 -> L1[_3_] -> L1[_4_], tr: L6[]
[16:06:42.980463]	Exploring 0: L0[], LLi: L1[L1[L0[]]], Li: L1[L1[L6[]]], []b: L1[L0[] -> _13_], cons: V0 -> L1[_3_] -> L1[_4_], tr: L6[]
[16:06:42.980707]	Exploring 0: L0[], LLi: L1[L1[L0[]]], Li: L1[L1[L6[]]], []b: L1[L6[] -> _13_], cons: V0 -> L1[_3_] -> L1[_4_], tr: L6[]
[16:06:42.980935]	Exploring 0: L0[], LLi: L1[L1[L0[]]], Li: L1[L6[]], []b: L1[_2_], cons: V0 -> L1[_3_] -> L1[_4_], tr: L6[]
[16:06:42.981125]	Exploring 0: L0[], LLi: L1[L1[L0[]]], Li: L1[L6[]], []b: L1[L0[]], cons: V0 -> L1[_3_] -> L1[_4_], tr: L6[]
[16:06:42.981319]	Exploring 0: L0[], LLi: L1[L1[L0[]]], Li: L1[L6[]], []b: L1[L1[_11_]], cons: V0 -> L1[_3_] -> L1[_4_], tr: L6[]
[16:06:42.981485]	Exploring 0: L0[], LLi: L1[L1[L0[]]], Li: L1[L6[]], []b: L1[L1[L0[]]], cons: V0 -> L1[_3_] -> L1[_4_], tr: L6[]
[16:06:42.981780]	Exploring 0: L0[], LLi: L1[L1[L0[]]], Li: L1[L6[]], []b: L1[L1[L6[]]], cons: V0 -> L1[_3_] -> L1[_4_], tr: L6[]
[16:06:42.981971]	Exploring 0: L0[], LLi: L1[L1[L0[]]], Li: L1[L6[]], []b: L1[L6[]], cons: V0 -> L1[_3_] -> L1[_4_], tr: L6[]
[16:06:42.982166]	Exploring 0: L0[], LLi: L1[L1[L0[]]], Li: L1[L6[]], []b: L1[_12_ -> _13_], cons: V0 -> L1[_3_] -> L1[_4_], tr: L6[]
[16:06:42.982349]	Exploring 0: L0[], LLi: L1[L1[L0[]]], Li: L1[L6[]], []b: L1[L0[] -> _13_], cons: V0 -> L1[_3_] -> L1[_4_], tr: L6[]
[16:06:42.982570]	Exploring 0: L0[], LLi: L1[L1[L0[]]], Li: L1[L6[]], []b: L1[L0[] -> L0[]], cons: V0 -> L1[_3_] -> L1[_4_], tr: L6[]
[16:06:42.982812]	Exploring 0: L0[], LLi: L1[L1[L0[]]], Li: L1[L6[]], []b: L1[L0[] -> L6[]], cons: V0 -> L1[_3_] -> L1[_4_], tr: L6[]
[16:06:42.983038]	Exploring 0: L0[], LLi: L1[L1[L0[]]], Li: L1[L6[]], []b: L1[L6[] -> _13_], cons: V0 -> L1[_3_] -> L1[_4_], tr: L6[]
[16:06:42.983223]	Exploring 0: L0[], LLi: L1[L1[L0[]]], Li: L1[L6[]], []b: L1[L6[] -> L0[]], cons: V0 -> L1[_3_] -> L1[_4_], tr: L6[]
[16:06:42.983447]	Exploring 0: L0[], LLi: L1[L1[L0[]]], Li: L1[L6[]], []b: L1[L6[] -> L6[]], cons: V0 -> L1[_3_] -> L1[_4_], tr: L6[]
[16:06:42.983726]	Exploring 0: L0[], LLi: L1[L1[L0[]]], Li: L1[_9_ -> _10_], []b: L1[_2_], cons: V0 -> L1[_3_] -> L1[_4_], tr: L6[]
[16:06:42.984049]	Exploring 0: L0[], LLi: L1[L1[L0[]]], Li: L1[L0[] -> _10_], []b: L1[_2_], cons: V0 -> L1[_3_] -> L1[_4_], tr: L6[]
[16:06:42.984335]	Exploring 0: L0[], LLi: L1[L1[L0[]]], Li: L1[L0[] -> L0[]], []b: L1[_2_], cons: V0 -> L1[_3_] -> L1[_4_], tr: L6[]
[16:06:42.984666]	Exploring 0: L0[], LLi: L1[L1[L0[]]], Li: L1[L0[] -> L0[]], []b: L1[L0[]], cons: V0 -> L1[_3_] -> L1[_4_], tr: L6[]
[16:06:42.985115]	Exploring 0: L0[], LLi: L1[L1[L0[]]], Li: L1[L0[] -> L0[]], []b: L1[L6[]], cons: V0 -> L1[_3_] -> L1[_4_], tr: L6[]
[16:06:42.985645]	Exploring 0: L0[], LLi: L1[L1[L0[]]], Li: L1[L0[] -> L6[]], []b: L1[_2_], cons: V0 -> L1[_3_] -> L1[_4_], tr: L6[]
[16:06:42.986020]	Exploring 0: L0[], LLi: L1[L1[L0[]]], Li: L1[L0[] -> L6[]], []b: L1[L0[]], cons: V0 -> L1[_3_] -> L1[_4_], tr: L6[]
[16:06:42.986383]	Exploring 0: L0[], LLi: L1[L1[L0[]]], Li: L1[L0[] -> L6[]], []b: L1[L6[]], cons: V0 -> L1[_3_] -> L1[_4_], tr: L6[]
[16:06:42.986742]	Exploring 0: L0[], LLi: L1[L1[L0[]]], Li: L1[L6[] -> _10_], []b: L1[_2_], cons: V0 -> L1[_3_] -> L1[_4_], tr: L6[]
[16:06:42.987080]	Exploring 0: L0[], LLi: L1[L1[L0[]]], Li: L1[L6[] -> L0[]], []b: L1[_2_], cons: V0 -> L1[_3_] -> L1[_4_], tr: L6[]
[16:06:42.987552]	Exploring 0: L0[], LLi: L1[L1[L0[]]], Li: L1[L6[] -> L0[]], []b: L1[L0[]], cons: V0 -> L1[_3_] -> L1[_4_], tr: L6[]
[16:06:42.987876]	Exploring 0: L0[], LLi: L1[L1[L0[]]], Li: L1[L6[] -> L0[]], []b: L1[L6[]], cons: V0 -> L1[_3_] -> L1[_4_], tr: L6[]
[16:06:42.988137]	Exploring 0: L0[], LLi: L1[L1[L0[]]], Li: L1[L6[] -> L6[]], []b: L1[_2_], cons: V0 -> L1[_3_] -> L1[_4_], tr: L6[]
[16:06:42.988365]	Exploring 0: L0[], LLi: L1[L1[L0[]]], Li: L1[L6[] -> L6[]], []b: L1[L0[]], cons: V0 -> L1[_3_] -> L1[_4_], tr: L6[]
[16:06:42.988658]	Exploring 0: L0[], LLi: L1[L1[L0[]]], Li: L1[L6[] -> L6[]], []b: L1[L6[]], cons: V0 -> L1[_3_] -> L1[_4_], tr: L6[]
[16:06:42.989008]	Exploring 0: L0[], LLi: L1[L1[L6[]]], Li: L1[_1_], []b: L1[_2_], cons: V0 -> L1[_3_] -> L1[_4_], tr: L6[]
[16:06:42.989283]	Exploring 0: L0[], LLi: L1[L1[L6[]]], Li: L1[L0[]], []b: L1[_2_], cons: V0 -> L1[_3_] -> L1[_4_], tr: L6[]
[16:06:42.989591]	Exploring 0: L0[], LLi: L1[L1[L6[]]], Li: L1[L0[]], []b: L1[L0[]], cons: V0 -> L1[_3_] -> L1[_4_], tr: L6[]
[16:06:42.990033]	Exploring 0: L0[], LLi: L1[L1[L6[]]], Li: L1[L0[]], []b: L1[L1[_11_]], cons: V0 -> L1[_3_] -> L1[_4_], tr: L6[]
[16:06:42.990466]	Exploring 0: L0[], LLi: L1[L1[L6[]]], Li: L1[L0[]], []b: L1[L1[L0[]]], cons: V0 -> L1[_3_] -> L1[_4_], tr: L6[]
[16:06:42.990955]	Exploring 0: L0[], LLi: L1[L1[L6[]]], Li: L1[L0[]], []b: L1[L1[L6[]]], cons: V0 -> L1[_3_] -> L1[_4_], tr: L6[]
[16:06:42.991517]	Exploring 0: L0[], LLi: L1[L1[L6[]]], Li: L1[L0[]], []b: L1[L6[]], cons: V0 -> L1[_3_] -> L1[_4_], tr: L6[]
[16:06:42.992036]	Exploring 0: L0[], LLi: L1[L1[L6[]]], Li: L1[L0[]], []b: L1[_12_ -> _13_], cons: V0 -> L1[_3_] -> L1[_4_], tr: L6[]
[16:06:42.992409]	Exploring 0: L0[], LLi: L1[L1[L6[]]], Li: L1[L0[]], []b: L1[L0[] -> _13_], cons: V0 -> L1[_3_] -> L1[_4_], tr: L6[]
[16:06:42.992644]	Exploring 0: L0[], LLi: L1[L1[L6[]]], Li: L1[L0[]], []b: L1[L0[] -> L0[]], cons: V0 -> L1[_3_] -> L1[_4_], tr: L6[]
[16:06:42.992883]	Exploring 0: L0[], LLi: L1[L1[L6[]]], Li: L1[L0[]], []b: L1[L0[] -> L6[]], cons: V0 -> L1[_3_] -> L1[_4_], tr: L6[]
[16:06:42.993120]	Exploring 0: L0[], LLi: L1[L1[L6[]]], Li: L1[L0[]], []b: L1[L6[] -> _13_], cons: V0 -> L1[_3_] -> L1[_4_], tr: L6[]
[16:06:42.993423]	Exploring 0: L0[], LLi: L1[L1[L6[]]], Li: L1[L0[]], []b: L1[L6[] -> L0[]], cons: V0 -> L1[_3_] -> L1[_4_], tr: L6[]
[16:06:42.994075]	Exploring 0: L0[], LLi: L1[L1[L6[]]], Li: L1[L0[]], []b: L1[L6[] -> L6[]], cons: V0 -> L1[_3_] -> L1[_4_], tr: L6[]
[16:06:42.994632]	Exploring 0: L0[], LLi: L1[L1[L6[]]], Li: L1[L1[_8_]], []b: L1[_2_], cons: V0 -> L1[_3_] -> L1[_4_], tr: L6[]
[16:06:42.994881]	Exploring 0: L0[], LLi: L1[L1[L6[]]], Li: L1[L1[L0[]]], []b: L1[_2_], cons: V0 -> L1[_3_] -> L1[_4_], tr: L6[]
[16:06:42.995083]	Exploring 0: L0[], LLi: L1[L1[L6[]]], Li: L1[L1[L0[]]], []b: L1[L0[]], cons: V0 -> L1[_3_] -> L1[_4_], tr: L6[]
[16:06:42.995350]	Exploring 0: L0[], LLi: L1[L1[L6[]]], Li: L1[L1[L0[]]], []b: L1[L1[_11_]], cons: V0 -> L1[_3_] -> L1[_4_], tr: L6[]
[16:06:42.995577]	Exploring 0: L0[], LLi: L1[L1[L6[]]], Li: L1[L1[L0[]]], []b: L1[L1[L0[]]], cons: V0 -> L1[_3_] -> L1[_4_], tr: L6[]
[16:06:42.995807]	Exploring 0: L0[], LLi: L1[L1[L6[]]], Li: L1[L1[L0[]]], []b: L1[L1[L6[]]], cons: V0 -> L1[_3_] -> L1[_4_], tr: L6[]
[16:06:42.995987]	Exploring 0: L0[], LLi: L1[L1[L6[]]], Li: L1[L1[L0[]]], []b: L1[L6[]], cons: V0 -> L1[_3_] -> L1[_4_], tr: L6[]
[16:06:42.996207]	Exploring 0: L0[], LLi: L1[L1[L6[]]], Li: L1[L1[L0[]]], []b: L1[_12_ -> _13_], cons: V0 -> L1[_3_] -> L1[_4_], tr: L6[]
[16:06:42.996375]	Exploring 0: L0[], LLi: L1[L1[L6[]]], Li: L1[L1[L0[]]], []b: L1[L0[] -> _13_], cons: V0 -> L1[_3_] -> L1[_4_], tr: L6[]
[16:06:42.996580]	Exploring 0: L0[], LLi: L1[L1[L6[]]], Li: L1[L1[L0[]]], []b: L1[L6[] -> _13_], cons: V0 -> L1[_3_] -> L1[_4_], tr: L6[]
[16:06:42.996793]	Exploring 0: L0[], LLi: L1[L1[L6[]]], Li: L1[L1[L6[]]], []b: L1[_2_], cons: V0 -> L1[_3_] -> L1[_4_], tr: L6[]
[16:06:42.996935]	Exploring 0: L0[], LLi: L1[L1[L6[]]], Li: L1[L1[L6[]]], []b: L1[L0[]], cons: V0 -> L1[_3_] -> L1[_4_], tr: L6[]
[16:06:42.997139]	Exploring 0: L0[], LLi: L1[L1[L6[]]], Li: L1[L1[L6[]]], []b: L1[L1[_11_]], cons: V0 -> L1[_3_] -> L1[_4_], tr: L6[]
[16:06:42.997286]	Exploring 0: L0[], LLi: L1[L1[L6[]]], Li: L1[L1[L6[]]], []b: L1[L1[L0[]]], cons: V0 -> L1[_3_] -> L1[_4_], tr: L6[]
[16:06:42.997473]	Exploring 0: L0[], LLi: L1[L1[L6[]]], Li: L1[L1[L6[]]], []b: L1[L1[L6[]]], cons: V0 -> L1[_3_] -> L1[_4_], tr: L6[]
[16:06:42.997649]	Exploring 0: L0[], LLi: L1[L1[L6[]]], Li: L1[L1[L6[]]], []b: L1[L6[]], cons: V0 -> L1[_3_] -> L1[_4_], tr: L6[]
[16:06:42.997843]	Exploring 0: L0[], LLi: L1[L1[L6[]]], Li: L1[L1[L6[]]], []b: L1[_12_ -> _13_], cons: V0 -> L1[_3_] -> L1[_4_], tr: L6[]
[16:06:42.998004]	Exploring 0: L0[], LLi: L1[L1[L6[]]], Li: L1[L1[L6[]]], []b: L1[L0[] -> _13_], cons: V0 -> L1[_3_] -> L1[_4_], tr: L6[]
[16:06:42.998199]	Exploring 0: L0[], LLi: L1[L1[L6[]]], Li: L1[L1[L6[]]], []b: L1[L6[] -> _13_], cons: V0 -> L1[_3_] -> L1[_4_], tr: L6[]
[16:06:42.998372]	Exploring 0: L0[], LLi: L1[L1[L6[]]], Li: L1[L6[]], []b: L1[_2_], cons: V0 -> L1[_3_] -> L1[_4_], tr: L6[]
[16:06:42.998510]	Exploring 0: L0[], LLi: L1[L1[L6[]]], Li: L1[L6[]], []b: L1[L0[]], cons: V0 -> L1[_3_] -> L1[_4_], tr: L6[]
[16:06:42.998681]	Exploring 0: L0[], LLi: L1[L1[L6[]]], Li: L1[L6[]], []b: L1[L1[_11_]], cons: V0 -> L1[_3_] -> L1[_4_], tr: L6[]
[16:06:42.998815]	Exploring 0: L0[], LLi: L1[L1[L6[]]], Li: L1[L6[]], []b: L1[L1[L0[]]], cons: V0 -> L1[_3_] -> L1[_4_], tr: L6[]
[16:06:42.998993]	Exploring 0: L0[], LLi: L1[L1[L6[]]], Li: L1[L6[]], []b: L1[L1[L6[]]], cons: V0 -> L1[_3_] -> L1[_4_], tr: L6[]
[16:06:42.999176]	Exploring 0: L0[], LLi: L1[L1[L6[]]], Li: L1[L6[]], []b: L1[L6[]], cons: V0 -> L1[_3_] -> L1[_4_], tr: L6[]
[16:06:42.999382]	Exploring 0: L0[], LLi: L1[L1[L6[]]], Li: L1[L6[]], []b: L1[_12_ -> _13_], cons: V0 -> L1[_3_] -> L1[_4_], tr: L6[]
[16:06:42.999556]	Exploring 0: L0[], LLi: L1[L1[L6[]]], Li: L1[L6[]], []b: L1[L0[] -> _13_], cons: V0 -> L1[_3_] -> L1[_4_], tr: L6[]
[16:06:42.999696]	Exploring 0: L0[], LLi: L1[L1[L6[]]], Li: L1[L6[]], []b: L1[L0[] -> L0[]], cons: V0 -> L1[_3_] -> L1[_4_], tr: L6[]
[16:06:42.999879]	Exploring 0: L0[], LLi: L1[L1[L6[]]], Li: L1[L6[]], []b: L1[L0[] -> L6[]], cons: V0 -> L1[_3_] -> L1[_4_], tr: L6[]
[16:06:43.000081]	Exploring 0: L0[], LLi: L1[L1[L6[]]], Li: L1[L6[]], []b: L1[L6[] -> _13_], cons: V0 -> L1[_3_] -> L1[_4_], tr: L6[]
[16:06:43.000239]	Exploring 0: L0[], LLi: L1[L1[L6[]]], Li: L1[L6[]], []b: L1[L6[] -> L0[]], cons: V0 -> L1[_3_] -> L1[_4_], tr: L6[]
[16:06:43.000424]	Exploring 0: L0[], LLi: L1[L1[L6[]]], Li: L1[L6[]], []b: L1[L6[] -> L6[]], cons: V0 -> L1[_3_] -> L1[_4_], tr: L6[]
[16:06:43.000622]	Exploring 0: L0[], LLi: L1[L1[L6[]]], Li: L1[_9_ -> _10_], []b: L1[_2_], cons: V0 -> L1[_3_] -> L1[_4_], tr: L6[]
[16:06:43.000791]	Exploring 0: L0[], LLi: L1[L1[L6[]]], Li: L1[L0[] -> _10_], []b: L1[_2_], cons: V0 -> L1[_3_] -> L1[_4_], tr: L6[]
[16:06:43.000952]	Exploring 0: L0[], LLi: L1[L1[L6[]]], Li: L1[L0[] -> L0[]], []b: L1[_2_], cons: V0 -> L1[_3_] -> L1[_4_], tr: L6[]
[16:06:43.001110]	Exploring 0: L0[], LLi: L1[L1[L6[]]], Li: L1[L0[] -> L0[]], []b: L1[L0[]], cons: V0 -> L1[_3_] -> L1[_4_], tr: L6[]
[16:06:43.001307]	Exploring 0: L0[], LLi: L1[L1[L6[]]], Li: L1[L0[] -> L0[]], []b: L1[L6[]], cons: V0 -> L1[_3_] -> L1[_4_], tr: L6[]
[16:06:43.001494]	Exploring 0: L0[], LLi: L1[L1[L6[]]], Li: L1[L0[] -> L6[]], []b: L1[_2_], cons: V0 -> L1[_3_] -> L1[_4_], tr: L6[]
[16:06:43.001649]	Exploring 0: L0[], LLi: L1[L1[L6[]]], Li: L1[L0[] -> L6[]], []b: L1[L0[]], cons: V0 -> L1[_3_] -> L1[_4_], tr: L6[]
[16:06:43.001827]	Exploring 0: L0[], LLi: L1[L1[L6[]]], Li: L1[L0[] -> L6[]], []b: L1[L6[]], cons: V0 -> L1[_3_] -> L1[_4_], tr: L6[]
[16:06:43.002023]	Exploring 0: L0[], LLi: L1[L1[L6[]]], Li: L1[L6[] -> _10_], []b: L1[_2_], cons: V0 -> L1[_3_] -> L1[_4_], tr: L6[]
[16:06:43.002196]	Exploring 0: L0[], LLi: L1[L1[L6[]]], Li: L1[L6[] -> L0[]], []b: L1[_2_], cons: V0 -> L1[_3_] -> L1[_4_], tr: L6[]
[16:06:43.002367]	Exploring 0: L0[], LLi: L1[L1[L6[]]], Li: L1[L6[] -> L0[]], []b: L1[L0[]], cons: V0 -> L1[_3_] -> L1[_4_], tr: L6[]
[16:06:43.002596]	Exploring 0: L0[], LLi: L1[L1[L6[]]], Li: L1[L6[] -> L0[]], []b: L1[L6[]], cons: V0 -> L1[_3_] -> L1[_4_], tr: L6[]
[16:06:43.002795]	Exploring 0: L0[], LLi: L1[L1[L6[]]], Li: L1[L6[] -> L6[]], []b: L1[_2_], cons: V0 -> L1[_3_] -> L1[_4_], tr: L6[]
[16:06:43.002958]	Exploring 0: L0[], LLi: L1[L1[L6[]]], Li: L1[L6[] -> L6[]], []b: L1[L0[]], cons: V0 -> L1[_3_] -> L1[_4_], tr: L6[]
[16:06:43.003130]	Exploring 0: L0[], LLi: L1[L1[L6[]]], Li: L1[L6[] -> L6[]], []b: L1[L6[]], cons: V0 -> L1[_3_] -> L1[_4_], tr: L6[]
[16:06:43.003303]	Exploring 0: L0[], LLi: L1[L6[]], Li: L1[_1_], []b: L1[_2_], cons: V0 -> L1[_3_] -> L1[_4_], tr: L6[]
[16:06:43.003481]	Exploring 0: L0[], LLi: L1[L6[]], Li: L1[L0[]], []b: L1[_2_], cons: V0 -> L1[_3_] -> L1[_4_], tr: L6[]
[16:06:43.003652]	Exploring 0: L0[], LLi: L1[L6[]], Li: L1[L0[]], []b: L1[L0[]], cons: V0 -> L1[_3_] -> L1[_4_], tr: L6[]
[16:06:43.003890]	Exploring 0: L0[], LLi: L1[L6[]], Li: L1[L0[]], []b: L1[L1[_11_]], cons: V0 -> L1[_3_] -> L1[_4_], tr: L6[]
[16:06:43.004046]	Exploring 0: L0[], LLi: L1[L6[]], Li: L1[L0[]], []b: L1[L1[L0[]]], cons: V0 -> L1[_3_] -> L1[_4_], tr: L6[]
[16:06:43.004241]	Exploring 0: L0[], LLi: L1[L6[]], Li: L1[L0[]], []b: L1[L1[L6[]]], cons: V0 -> L1[_3_] -> L1[_4_], tr: L6[]
[16:06:43.004439]	Exploring 0: L0[], LLi: L1[L6[]], Li: L1[L0[]], []b: L1[L6[]], cons: V0 -> L1[_3_] -> L1[_4_], tr: L6[]
[16:06:43.004631]	Exploring 0: L0[], LLi: L1[L6[]], Li: L1[L0[]], []b: L1[_12_ -> _13_], cons: V0 -> L1[_3_] -> L1[_4_], tr: L6[]
[16:06:43.004792]	Exploring 0: L0[], LLi: L1[L6[]], Li: L1[L0[]], []b: L1[L0[] -> _13_], cons: V0 -> L1[_3_] -> L1[_4_], tr: L6[]
[16:06:43.005003]	Exploring 0: L0[], LLi: L1[L6[]], Li: L1[L0[]], []b: L1[L0[] -> L0[]], cons: V0 -> L1[_3_] -> L1[_4_], tr: L6[]
[16:06:43.005313]	Exploring 0: L0[], LLi: L1[L6[]], Li: L1[L0[]], []b: L1[L0[] -> L6[]], cons: V0 -> L1[_3_] -> L1[_4_], tr: L6[]
[16:06:43.005618]	Exploring 0: L0[], LLi: L1[L6[]], Li: L1[L0[]], []b: L1[L6[] -> _13_], cons: V0 -> L1[_3_] -> L1[_4_], tr: L6[]
[16:06:43.005894]	Exploring 0: L0[], LLi: L1[L6[]], Li: L1[L0[]], []b: L1[L6[] -> L0[]], cons: V0 -> L1[_3_] -> L1[_4_], tr: L6[]
[16:06:43.006147]	Exploring 0: L0[], LLi: L1[L6[]], Li: L1[L0[]], []b: L1[L6[] -> L6[]], cons: V0 -> L1[_3_] -> L1[_4_], tr: L6[]
[16:06:43.006381]	Exploring 0: L0[], LLi: L1[L6[]], Li: L1[L1[_8_]], []b: L1[_2_], cons: V0 -> L1[_3_] -> L1[_4_], tr: L6[]
[16:06:43.006550]	Exploring 0: L0[], LLi: L1[L6[]], Li: L1[L1[L0[]]], []b: L1[_2_], cons: V0 -> L1[_3_] -> L1[_4_], tr: L6[]
[16:06:43.006714]	Exploring 0: L0[], LLi: L1[L6[]], Li: L1[L1[L0[]]], []b: L1[L0[]], cons: V0 -> L1[_3_] -> L1[_4_], tr: L6[]
[16:06:43.006919]	Exploring 0: L0[], LLi: L1[L6[]], Li: L1[L1[L0[]]], []b: L1[L1[_11_]], cons: V0 -> L1[_3_] -> L1[_4_], tr: L6[]
[16:06:43.007097]	Exploring 0: L0[], LLi: L1[L6[]], Li: L1[L1[L0[]]], []b: L1[L1[L0[]]], cons: V0 -> L1[_3_] -> L1[_4_], tr: L6[]
[16:06:43.007314]	Exploring 0: L0[], LLi: L1[L6[]], Li: L1[L1[L0[]]], []b: L1[L1[L6[]]], cons: V0 -> L1[_3_] -> L1[_4_], tr: L6[]
[16:06:43.007539]	Exploring 0: L0[], LLi: L1[L6[]], Li: L1[L1[L0[]]], []b: L1[L6[]], cons: V0 -> L1[_3_] -> L1[_4_], tr: L6[]
[16:06:43.007759]	Exploring 0: L0[], LLi: L1[L6[]], Li: L1[L1[L0[]]], []b: L1[_12_ -> _13_], cons: V0 -> L1[_3_] -> L1[_4_], tr: L6[]
[16:06:43.007943]	Exploring 0: L0[], LLi: L1[L6[]], Li: L1[L1[L0[]]], []b: L1[L0[] -> _13_], cons: V0 -> L1[_3_] -> L1[_4_], tr: L6[]
[16:06:43.008125]	Exploring 0: L0[], LLi: L1[L6[]], Li: L1[L1[L0[]]], []b: L1[L0[] -> L0[]], cons: V0 -> L1[_3_] -> L1[_4_], tr: L6[]
[16:06:43.008392]	Exploring 0: L0[], LLi: L1[L6[]], Li: L1[L1[L0[]]], []b: L1[L0[] -> L6[]], cons: V0 -> L1[_3_] -> L1[_4_], tr: L6[]
[16:06:43.008648]	Exploring 0: L0[], LLi: L1[L6[]], Li: L1[L1[L0[]]], []b: L1[L6[] -> _13_], cons: V0 -> L1[_3_] -> L1[_4_], tr: L6[]
[16:06:43.008888]	Exploring 0: L0[], LLi: L1[L6[]], Li: L1[L1[L0[]]], []b: L1[L6[] -> L0[]], cons: V0 -> L1[_3_] -> L1[_4_], tr: L6[]
[16:06:43.009149]	Exploring 0: L0[], LLi: L1[L6[]], Li: L1[L1[L0[]]], []b: L1[L6[] -> L6[]], cons: V0 -> L1[_3_] -> L1[_4_], tr: L6[]
[16:06:43.009414]	Exploring 0: L0[], LLi: L1[L6[]], Li: L1[L1[L6[]]], []b: L1[_2_], cons: V0 -> L1[_3_] -> L1[_4_], tr: L6[]
[16:06:43.009642]	Exploring 0: L0[], LLi: L1[L6[]], Li: L1[L1[L6[]]], []b: L1[L0[]], cons: V0 -> L1[_3_] -> L1[_4_], tr: L6[]
[16:06:43.009930]	Exploring 0: L0[], LLi: L1[L6[]], Li: L1[L1[L6[]]], []b: L1[L1[_11_]], cons: V0 -> L1[_3_] -> L1[_4_], tr: L6[]
[16:06:43.010128]	Exploring 0: L0[], LLi: L1[L6[]], Li: L1[L1[L6[]]], []b: L1[L1[L0[]]], cons: V0 -> L1[_3_] -> L1[_4_], tr: L6[]
[16:06:43.010446]	Exploring 0: L0[], LLi: L1[L6[]], Li: L1[L1[L6[]]], []b: L1[L1[L6[]]], cons: V0 -> L1[_3_] -> L1[_4_], tr: L6[]
[16:06:43.010835]	Exploring 0: L0[], LLi: L1[L6[]], Li: L1[L1[L6[]]], []b: L1[L6[]], cons: V0 -> L1[_3_] -> L1[_4_], tr: L6[]
[16:06:43.011164]	Exploring 0: L0[], LLi: L1[L6[]], Li: L1[L1[L6[]]], []b: L1[_12_ -> _13_], cons: V0 -> L1[_3_] -> L1[_4_], tr: L6[]
[16:06:43.011504]	Exploring 0: L0[], LLi: L1[L6[]], Li: L1[L1[L6[]]], []b: L1[L0[] -> _13_], cons: V0 -> L1[_3_] -> L1[_4_], tr: L6[]
[16:06:43.011772]	Exploring 0: L0[], LLi: L1[L6[]], Li: L1[L1[L6[]]], []b: L1[L0[] -> L0[]], cons: V0 -> L1[_3_] -> L1[_4_], tr: L6[]
[16:06:43.012100]	Exploring 0: L0[], LLi: L1[L6[]], Li: L1[L1[L6[]]], []b: L1[L0[] -> L6[]], cons: V0 -> L1[_3_] -> L1[_4_], tr: L6[]
[16:06:43.012522]	Exploring 0: L0[], LLi: L1[L6[]], Li: L1[L1[L6[]]], []b: L1[L6[] -> _13_], cons: V0 -> L1[_3_] -> L1[_4_], tr: L6[]
[16:06:43.012873]	Exploring 0: L0[], LLi: L1[L6[]], Li: L1[L1[L6[]]], []b: L1[L6[] -> L0[]], cons: V0 -> L1[_3_] -> L1[_4_], tr: L6[]
[16:06:43.013229]	Exploring 0: L0[], LLi: L1[L6[]], Li: L1[L1[L6[]]], []b: L1[L6[] -> L6[]], cons: V0 -> L1[_3_] -> L1[_4_], tr: L6[]
[16:06:43.013479]	Exploring 0: L0[], LLi: L1[L6[]], Li: L1[L6[]], []b: L1[_2_], cons: V0 -> L1[_3_] -> L1[_4_], tr: L6[]
[16:06:43.013687]	Exploring 0: L0[], LLi: L1[L6[]], Li: L1[L6[]], []b: L1[L0[]], cons: V0 -> L1[_3_] -> L1[_4_], tr: L6[]
[16:06:43.013979]	Exploring 0: L0[], LLi: L1[L6[]], Li: L1[L6[]], []b: L1[L1[_11_]], cons: V0 -> L1[_3_] -> L1[_4_], tr: L6[]
[16:06:43.014176]	Exploring 0: L0[], LLi: L1[L6[]], Li: L1[L6[]], []b: L1[L1[L0[]]], cons: V0 -> L1[_3_] -> L1[_4_], tr: L6[]
[16:06:43.014451]	Exploring 0: L0[], LLi: L1[L6[]], Li: L1[L6[]], []b: L1[L1[L6[]]], cons: V0 -> L1[_3_] -> L1[_4_], tr: L6[]
[16:06:43.014754]	Exploring 0: L0[], LLi: L1[L6[]], Li: L1[L6[]], []b: L1[L6[]], cons: V0 -> L1[_3_] -> L1[_4_], tr: L6[]
[16:06:43.015058]	Exploring 0: L0[], LLi: L1[L6[]], Li: L1[L6[]], []b: L1[L6[]], cons: V0 -> L1[L6[]] -> L1[_4_], tr: L6[]
[16:06:43.015337]	Exploring 0: L0[], LLi: L1[L6[]], Li: L1[L6[]], []b: L1[L6[]], cons: V0 -> L1[L6[]] -> L1[L6[]], tr: L6[]
[16:06:43.015983]	Exploring 0: L0[], LLi: L1[L6[]], Li: L1[L6[]], []b: L1[_12_ -> _13_], cons: V0 -> L1[_3_] -> L1[_4_], tr: L6[]
[16:06:43.016347]	Exploring 0: L0[], LLi: L1[L6[]], Li: L1[L6[]], []b: L1[L0[] -> _13_], cons: V0 -> L1[_3_] -> L1[_4_], tr: L6[]
[16:06:43.016646]	Exploring 0: L0[], LLi: L1[L6[]], Li: L1[L6[]], []b: L1[L0[] -> L0[]], cons: V0 -> L1[_3_] -> L1[_4_], tr: L6[]
[16:06:43.016993]	Exploring 0: L0[], LLi: L1[L6[]], Li: L1[L6[]], []b: L1[L0[] -> L6[]], cons: V0 -> L1[_3_] -> L1[_4_], tr: L6[]
[16:06:43.017360]	Exploring 0: L0[], LLi: L1[L6[]], Li: L1[L6[]], []b: L1[L6[] -> _13_], cons: V0 -> L1[_3_] -> L1[_4_], tr: L6[]
[16:06:43.017615]	Exploring 0: L0[], LLi: L1[L6[]], Li: L1[L6[]], []b: L1[L6[] -> L0[]], cons: V0 -> L1[_3_] -> L1[_4_], tr: L6[]
[16:06:43.017901]	Exploring 0: L0[], LLi: L1[L6[]], Li: L1[L6[]], []b: L1[L6[] -> L6[]], cons: V0 -> L1[_3_] -> L1[_4_], tr: L6[]
[16:06:43.018207]	Exploring 0: L0[], LLi: L1[L6[]], Li: L1[_9_ -> _10_], []b: L1[_2_], cons: V0 -> L1[_3_] -> L1[_4_], tr: L6[]
[16:06:43.018460]	Exploring 0: L0[], LLi: L1[L6[]], Li: L1[L0[] -> _10_], []b: L1[_2_], cons: V0 -> L1[_3_] -> L1[_4_], tr: L6[]
[16:06:43.018717]	Exploring 0: L0[], LLi: L1[L6[]], Li: L1[L0[] -> L0[]], []b: L1[_2_], cons: V0 -> L1[_3_] -> L1[_4_], tr: L6[]
[16:06:43.018945]	Exploring 0: L0[], LLi: L1[L6[]], Li: L1[L0[] -> L0[]], []b: L1[L0[]], cons: V0 -> L1[_3_] -> L1[_4_], tr: L6[]
[16:06:43.019262]	Exploring 0: L0[], LLi: L1[L6[]], Li: L1[L0[] -> L0[]], []b: L1[L1[_11_]], cons: V0 -> L1[_3_] -> L1[_4_], tr: L6[]
[16:06:43.019483]	Exploring 0: L0[], LLi: L1[L6[]], Li: L1[L0[] -> L0[]], []b: L1[L1[L0[]]], cons: V0 -> L1[_3_] -> L1[_4_], tr: L6[]
[16:06:43.019749]	Exploring 0: L0[], LLi: L1[L6[]], Li: L1[L0[] -> L0[]], []b: L1[L1[L6[]]], cons: V0 -> L1[_3_] -> L1[_4_], tr: L6[]
[16:06:43.020277]	Exploring 0: L0[], LLi: L1[L6[]], Li: L1[L0[] -> L0[]], []b: L1[L6[]], cons: V0 -> L1[_3_] -> L1[_4_], tr: L6[]
[16:06:43.020577]	Exploring 0: L0[], LLi: L1[L6[]], Li: L1[L0[] -> L0[]], []b: L1[_12_ -> _13_], cons: V0 -> L1[_3_] -> L1[_4_], tr: L6[]
[16:06:43.020782]	Exploring 0: L0[], LLi: L1[L6[]], Li: L1[L0[] -> L0[]], []b: L1[L0[] -> _13_], cons: V0 -> L1[_3_] -> L1[_4_], tr: L6[]
[16:06:43.021106]	Exploring 0: L0[], LLi: L1[L6[]], Li: L1[L0[] -> L0[]], []b: L1[L6[] -> _13_], cons: V0 -> L1[_3_] -> L1[_4_], tr: L6[]
[16:06:43.021387]	Exploring 0: L0[], LLi: L1[L6[]], Li: L1[L0[] -> L6[]], []b: L1[_2_], cons: V0 -> L1[_3_] -> L1[_4_], tr: L6[]
[16:06:43.021659]	Exploring 0: L0[], LLi: L1[L6[]], Li: L1[L0[] -> L6[]], []b: L1[L0[]], cons: V0 -> L1[_3_] -> L1[_4_], tr: L6[]
[16:06:43.021964]	Exploring 0: L0[], LLi: L1[L6[]], Li: L1[L0[] -> L6[]], []b: L1[L1[_11_]], cons: V0 -> L1[_3_] -> L1[_4_], tr: L6[]
[16:06:43.022202]	Exploring 0: L0[], LLi: L1[L6[]], Li: L1[L0[] -> L6[]], []b: L1[L1[L0[]]], cons: V0 -> L1[_3_] -> L1[_4_], tr: L6[]
[16:06:43.022463]	Exploring 0: L0[], LLi: L1[L6[]], Li: L1[L0[] -> L6[]], []b: L1[L1[L6[]]], cons: V0 -> L1[_3_] -> L1[_4_], tr: L6[]
[16:06:43.022722]	Exploring 0: L0[], LLi: L1[L6[]], Li: L1[L0[] -> L6[]], []b: L1[L6[]], cons: V0 -> L1[_3_] -> L1[_4_], tr: L6[]
[16:06:43.023035]	Exploring 0: L0[], LLi: L1[L6[]], Li: L1[L0[] -> L6[]], []b: L1[_12_ -> _13_], cons: V0 -> L1[_3_] -> L1[_4_], tr: L6[]
[16:06:43.023275]	Exploring 0: L0[], LLi: L1[L6[]], Li: L1[L0[] -> L6[]], []b: L1[L0[] -> _13_], cons: V0 -> L1[_3_] -> L1[_4_], tr: L6[]
[16:06:43.023538]	Exploring 0: L0[], LLi: L1[L6[]], Li: L1[L0[] -> L6[]], []b: L1[L6[] -> _13_], cons: V0 -> L1[_3_] -> L1[_4_], tr: L6[]
[16:06:43.023761]	Exploring 0: L0[], LLi: L1[L6[]], Li: L1[L6[] -> _10_], []b: L1[_2_], cons: V0 -> L1[_3_] -> L1[_4_], tr: L6[]
[16:06:43.023958]	Exploring 0: L0[], LLi: L1[L6[]], Li: L1[L6[] -> L0[]], []b: L1[_2_], cons: V0 -> L1[_3_] -> L1[_4_], tr: L6[]
[16:06:43.024341]	Exploring 0: L0[], LLi: L1[L6[]], Li: L1[L6[] -> L0[]], []b: L1[L0[]], cons: V0 -> L1[_3_] -> L1[_4_], tr: L6[]
[16:06:43.024611]	Exploring 0: L0[], LLi: L1[L6[]], Li: L1[L6[] -> L0[]], []b: L1[L1[_11_]], cons: V0 -> L1[_3_] -> L1[_4_], tr: L6[]
[16:06:43.024809]	Exploring 0: L0[], LLi: L1[L6[]], Li: L1[L6[] -> L0[]], []b: L1[L1[L0[]]], cons: V0 -> L1[_3_] -> L1[_4_], tr: L6[]
[16:06:43.025017]	Exploring 0: L0[], LLi: L1[L6[]], Li: L1[L6[] -> L0[]], []b: L1[L1[L6[]]], cons: V0 -> L1[_3_] -> L1[_4_], tr: L6[]
[16:06:43.025222]	Exploring 0: L0[], LLi: L1[L6[]], Li: L1[L6[] -> L0[]], []b: L1[L6[]], cons: V0 -> L1[_3_] -> L1[_4_], tr: L6[]
[16:06:43.025468]	Exploring 0: L0[], LLi: L1[L6[]], Li: L1[L6[] -> L0[]], []b: L1[_12_ -> _13_], cons: V0 -> L1[_3_] -> L1[_4_], tr: L6[]
[16:06:43.025674]	Exploring 0: L0[], LLi: L1[L6[]], Li: L1[L6[] -> L0[]], []b: L1[L0[] -> _13_], cons: V0 -> L1[_3_] -> L1[_4_], tr: L6[]
[16:06:43.025946]	Exploring 0: L0[], LLi: L1[L6[]], Li: L1[L6[] -> L0[]], []b: L1[L6[] -> _13_], cons: V0 -> L1[_3_] -> L1[_4_], tr: L6[]
[16:06:43.026172]	Exploring 0: L0[], LLi: L1[L6[]], Li: L1[L6[] -> L6[]], []b: L1[_2_], cons: V0 -> L1[_3_] -> L1[_4_], tr: L6[]
[16:06:43.026359]	Exploring 0: L0[], LLi: L1[L6[]], Li: L1[L6[] -> L6[]], []b: L1[L0[]], cons: V0 -> L1[_3_] -> L1[_4_], tr: L6[]
[16:06:43.026677]	Exploring 0: L0[], LLi: L1[L6[]], Li: L1[L6[] -> L6[]], []b: L1[L1[_11_]], cons: V0 -> L1[_3_] -> L1[_4_], tr: L6[]
[16:06:43.026912]	Exploring 0: L0[], LLi: L1[L6[]], Li: L1[L6[] -> L6[]], []b: L1[L1[L0[]]], cons: V0 -> L1[_3_] -> L1[_4_], tr: L6[]
[16:06:43.027181]	Exploring 0: L0[], LLi: L1[L6[]], Li: L1[L6[] -> L6[]], []b: L1[L1[L6[]]], cons: V0 -> L1[_3_] -> L1[_4_], tr: L6[]
[16:06:43.027415]	Exploring 0: L0[], LLi: L1[L6[]], Li: L1[L6[] -> L6[]], []b: L1[L6[]], cons: V0 -> L1[_3_] -> L1[_4_], tr: L6[]
[16:06:43.027710]	Exploring 0: L0[], LLi: L1[L6[]], Li: L1[L6[] -> L6[]], []b: L1[_12_ -> _13_], cons: V0 -> L1[_3_] -> L1[_4_], tr: L6[]
[16:06:43.027921]	Exploring 0: L0[], LLi: L1[L6[]], Li: L1[L6[] -> L6[]], []b: L1[L0[] -> _13_], cons: V0 -> L1[_3_] -> L1[_4_], tr: L6[]
[16:06:43.028149]	Exploring 0: L0[], LLi: L1[L6[]], Li: L1[L6[] -> L6[]], []b: L1[L6[] -> _13_], cons: V0 -> L1[_3_] -> L1[_4_], tr: L6[]
[16:06:43.028415]	Exploring 0: L0[], LLi: L1[_6_ -> _7_], Li: L1[_1_], []b: L1[_2_], cons: V0 -> L1[_3_] -> L1[_4_], tr: L6[]
[16:06:43.028647]	Exploring 0: L0[], LLi: L1[L0[] -> _7_], Li: L1[_1_], []b: L1[_2_], cons: V0 -> L1[_3_] -> L1[_4_], tr: L6[]
[16:06:43.028850]	Exploring 0: L0[], LLi: L1[L0[] -> L0[]], Li: L1[_1_], []b: L1[_2_], cons: V0 -> L1[_3_] -> L1[_4_], tr: L6[]
[16:06:43.029046]	Exploring 0: L0[], LLi: L1[L0[] -> L0[]], Li: L1[L0[]], []b: L1[_2_], cons: V0 -> L1[_3_] -> L1[_4_], tr: L6[]
[16:06:43.029232]	Exploring 0: L0[], LLi: L1[L0[] -> L0[]], Li: L1[L0[]], []b: L1[L0[]], cons: V0 -> L1[_3_] -> L1[_4_], tr: L6[]
[16:06:43.029507]	Exploring 0: L0[], LLi: L1[L0[] -> L0[]], Li: L1[L0[]], []b: L1[L1[_11_]], cons: V0 -> L1[_3_] -> L1[_4_], tr: L6[]
[16:06:43.029716]	Exploring 0: L0[], LLi: L1[L0[] -> L0[]], Li: L1[L0[]], []b: L1[L1[L0[]]], cons: V0 -> L1[_3_] -> L1[_4_], tr: L6[]
[16:06:43.029971]	Exploring 0: L0[], LLi: L1[L0[] -> L0[]], Li: L1[L0[]], []b: L1[L1[L6[]]], cons: V0 -> L1[_3_] -> L1[_4_], tr: L6[]
[16:06:43.030257]	Exploring 0: L0[], LLi: L1[L0[] -> L0[]], Li: L1[L0[]], []b: L1[L6[]], cons: V0 -> L1[_3_] -> L1[_4_], tr: L6[]
[16:06:43.030664]	Exploring 0: L0[], LLi: L1[L0[] -> L0[]], Li: L1[L0[]], []b: L1[_12_ -> _13_], cons: V0 -> L1[_3_] -> L1[_4_], tr: L6[]
[16:06:43.030997]	Exploring 0: L0[], LLi: L1[L0[] -> L0[]], Li: L1[L0[]], []b: L1[L0[] -> _13_], cons: V0 -> L1[_3_] -> L1[_4_], tr: L6[]
[16:06:43.031344]	Exploring 0: L0[], LLi: L1[L0[] -> L0[]], Li: L1[L0[]], []b: L1[L6[] -> _13_], cons: V0 -> L1[_3_] -> L1[_4_], tr: L6[]
[16:06:43.031613]	Exploring 0: L0[], LLi: L1[L0[] -> L0[]], Li: L1[L1[_8_]], []b: L1[_2_], cons: V0 -> L1[_3_] -> L1[_4_], tr: L6[]
[16:06:43.031803]	Exploring 0: L0[], LLi: L1[L0[] -> L0[]], Li: L1[L1[L0[]]], []b: L1[_2_], cons: V0 -> L1[_3_] -> L1[_4_], tr: L6[]
[16:06:43.031973]	Exploring 0: L0[], LLi: L1[L0[] -> L0[]], Li: L1[L1[L0[]]], []b: L1[L0[]], cons: V0 -> L1[_3_] -> L1[_4_], tr: L6[]
[16:06:43.032158]	Exploring 0: L0[], LLi: L1[L0[] -> L0[]], Li: L1[L1[L0[]]], []b: L1[L6[]], cons: V0 -> L1[_3_] -> L1[_4_], tr: L6[]
[16:06:43.032354]	Exploring 0: L0[], LLi: L1[L0[] -> L0[]], Li: L1[L1[L6[]]], []b: L1[_2_], cons: V0 -> L1[_3_] -> L1[_4_], tr: L6[]
[16:06:43.032531]	Exploring 0: L0[], LLi: L1[L0[] -> L0[]], Li: L1[L1[L6[]]], []b: L1[L0[]], cons: V0 -> L1[_3_] -> L1[_4_], tr: L6[]
[16:06:43.032716]	Exploring 0: L0[], LLi: L1[L0[] -> L0[]], Li: L1[L1[L6[]]], []b: L1[L6[]], cons: V0 -> L1[_3_] -> L1[_4_], tr: L6[]
[16:06:43.032910]	Exploring 0: L0[], LLi: L1[L0[] -> L0[]], Li: L1[L6[]], []b: L1[_2_], cons: V0 -> L1[_3_] -> L1[_4_], tr: L6[]
[16:06:43.033089]	Exploring 0: L0[], LLi: L1[L0[] -> L0[]], Li: L1[L6[]], []b: L1[L0[]], cons: V0 -> L1[_3_] -> L1[_4_], tr: L6[]
[16:06:43.033309]	Exploring 0: L0[], LLi: L1[L0[] -> L0[]], Li: L1[L6[]], []b: L1[L1[_11_]], cons: V0 -> L1[_3_] -> L1[_4_], tr: L6[]
[16:06:43.033479]	Exploring 0: L0[], LLi: L1[L0[] -> L0[]], Li: L1[L6[]], []b: L1[L1[L0[]]], cons: V0 -> L1[_3_] -> L1[_4_], tr: L6[]
[16:06:43.033666]	Exploring 0: L0[], LLi: L1[L0[] -> L0[]], Li: L1[L6[]], []b: L1[L1[L6[]]], cons: V0 -> L1[_3_] -> L1[_4_], tr: L6[]
[16:06:43.033847]	Exploring 0: L0[], LLi: L1[L0[] -> L0[]], Li: L1[L6[]], []b: L1[L6[]], cons: V0 -> L1[_3_] -> L1[_4_], tr: L6[]
[16:06:43.034059]	Exploring 0: L0[], LLi: L1[L0[] -> L0[]], Li: L1[L6[]], []b: L1[_12_ -> _13_], cons: V0 -> L1[_3_] -> L1[_4_], tr: L6[]
[16:06:43.034247]	Exploring 0: L0[], LLi: L1[L0[] -> L0[]], Li: L1[L6[]], []b: L1[L0[] -> _13_], cons: V0 -> L1[_3_] -> L1[_4_], tr: L6[]
[16:06:43.034436]	Exploring 0: L0[], LLi: L1[L0[] -> L0[]], Li: L1[L6[]], []b: L1[L6[] -> _13_], cons: V0 -> L1[_3_] -> L1[_4_], tr: L6[]
[16:06:43.034623]	Exploring 0: L0[], LLi: L1[L0[] -> L0[]], Li: L1[_9_ -> _10_], []b: L1[_2_], cons: V0 -> L1[_3_] -> L1[_4_], tr: L6[]
[16:06:43.034794]	Exploring 0: L0[], LLi: L1[L0[] -> L0[]], Li: L1[L0[] -> _10_], []b: L1[_2_], cons: V0 -> L1[_3_] -> L1[_4_], tr: L6[]
[16:06:43.034966]	Exploring 0: L0[], LLi: L1[L0[] -> L0[]], Li: L1[L0[] -> L0[]], []b: L1[_2_], cons: V0 -> L1[_3_] -> L1[_4_], tr: L6[]
[16:06:43.035258]	Exploring 0: L0[], LLi: L1[L0[] -> L0[]], Li: L1[L0[] -> L6[]], []b: L1[_2_], cons: V0 -> L1[_3_] -> L1[_4_], tr: L6[]
[16:06:43.035485]	Exploring 0: L0[], LLi: L1[L0[] -> L0[]], Li: L1[L6[] -> _10_], []b: L1[_2_], cons: V0 -> L1[_3_] -> L1[_4_], tr: L6[]
[16:06:43.035683]	Exploring 0: L0[], LLi: L1[L0[] -> L0[]], Li: L1[L6[] -> L0[]], []b: L1[_2_], cons: V0 -> L1[_3_] -> L1[_4_], tr: L6[]
[16:06:43.035881]	Exploring 0: L0[], LLi: L1[L0[] -> L0[]], Li: L1[L6[] -> L6[]], []b: L1[_2_], cons: V0 -> L1[_3_] -> L1[_4_], tr: L6[]
[16:06:43.036093]	Exploring 0: L0[], LLi: L1[L0[] -> L6[]], Li: L1[_1_], []b: L1[_2_], cons: V0 -> L1[_3_] -> L1[_4_], tr: L6[]
[16:06:43.036262]	Exploring 0: L0[], LLi: L1[L0[] -> L6[]], Li: L1[L0[]], []b: L1[_2_], cons: V0 -> L1[_3_] -> L1[_4_], tr: L6[]
[16:06:43.036421]	Exploring 0: L0[], LLi: L1[L0[] -> L6[]], Li: L1[L0[]], []b: L1[L0[]], cons: V0 -> L1[_3_] -> L1[_4_], tr: L6[]
[16:06:43.036672]	Exploring 0: L0[], LLi: L1[L0[] -> L6[]], Li: L1[L0[]], []b: L1[L1[_11_]], cons: V0 -> L1[_3_] -> L1[_4_], tr: L6[]
[16:06:43.036847]	Exploring 0: L0[], LLi: L1[L0[] -> L6[]], Li: L1[L0[]], []b: L1[L1[L0[]]], cons: V0 -> L1[_3_] -> L1[_4_], tr: L6[]
[16:06:43.037044]	Exploring 0: L0[], LLi: L1[L0[] -> L6[]], Li: L1[L0[]], []b: L1[L1[L6[]]], cons: V0 -> L1[_3_] -> L1[_4_], tr: L6[]
[16:06:43.037237]	Exploring 0: L0[], LLi: L1[L0[] -> L6[]], Li: L1[L0[]], []b: L1[L6[]], cons: V0 -> L1[_3_] -> L1[_4_], tr: L6[]
[16:06:43.037480]	Exploring 0: L0[], LLi: L1[L0[] -> L6[]], Li: L1[L0[]], []b: L1[_12_ -> _13_], cons: V0 -> L1[_3_] -> L1[_4_], tr: L6[]
[16:06:43.037660]	Exploring 0: L0[], LLi: L1[L0[] -> L6[]], Li: L1[L0[]], []b: L1[L0[] -> _13_], cons: V0 -> L1[_3_] -> L1[_4_], tr: L6[]
[16:06:43.037861]	Exploring 0: L0[], LLi: L1[L0[] -> L6[]], Li: L1[L0[]], []b: L1[L6[] -> _13_], cons: V0 -> L1[_3_] -> L1[_4_], tr: L6[]
[16:06:43.038058]	Exploring 0: L0[], LLi: L1[L0[] -> L6[]], Li: L1[L1[_8_]], []b: L1[_2_], cons: V0 -> L1[_3_] -> L1[_4_], tr: L6[]
[16:06:43.038259]	Exploring 0: L0[], LLi: L1[L0[] -> L6[]], Li: L1[L1[L0[]]], []b: L1[_2_], cons: V0 -> L1[_3_] -> L1[_4_], tr: L6[]
[16:06:43.038466]	Exploring 0: L0[], LLi: L1[L0[] -> L6[]], Li: L1[L1[L0[]]], []b: L1[L0[]], cons: V0 -> L1[_3_] -> L1[_4_], tr: L6[]
[16:06:43.038713]	Exploring 0: L0[], LLi: L1[L0[] -> L6[]], Li: L1[L1[L0[]]], []b: L1[L6[]], cons: V0 -> L1[_3_] -> L1[_4_], tr: L6[]
[16:06:43.038979]	Exploring 0: L0[], LLi: L1[L0[] -> L6[]], Li: L1[L1[L6[]]], []b: L1[_2_], cons: V0 -> L1[_3_] -> L1[_4_], tr: L6[]
[16:06:43.039254]	Exploring 0: L0[], LLi: L1[L0[] -> L6[]], Li: L1[L1[L6[]]], []b: L1[L0[]], cons: V0 -> L1[_3_] -> L1[_4_], tr: L6[]
[16:06:43.039555]	Exploring 0: L0[], LLi: L1[L0[] -> L6[]], Li: L1[L1[L6[]]], []b: L1[L6[]], cons: V0 -> L1[_3_] -> L1[_4_], tr: L6[]
[16:06:43.039833]	Exploring 0: L0[], LLi: L1[L0[] -> L6[]], Li: L1[L6[]], []b: L1[_2_], cons: V0 -> L1[_3_] -> L1[_4_], tr: L6[]
[16:06:43.040144]	Exploring 0: L0[], LLi: L1[L0[] -> L6[]], Li: L1[L6[]], []b: L1[L0[]], cons: V0 -> L1[_3_] -> L1[_4_], tr: L6[]
[16:06:43.040512]	Exploring 0: L0[], LLi: L1[L0[] -> L6[]], Li: L1[L6[]], []b: L1[L1[_11_]], cons: V0 -> L1[_3_] -> L1[_4_], tr: L6[]
[16:06:43.040810]	Exploring 0: L0[], LLi: L1[L0[] -> L6[]], Li: L1[L6[]], []b: L1[L1[L0[]]], cons: V0 -> L1[_3_] -> L1[_4_], tr: L6[]
[16:06:43.041383]	Exploring 0: L0[], LLi: L1[L0[] -> L6[]], Li: L1[L6[]], []b: L1[L1[L6[]]], cons: V0 -> L1[_3_] -> L1[_4_], tr: L6[]
[16:06:43.041818]	Exploring 0: L0[], LLi: L1[L0[] -> L6[]], Li: L1[L6[]], []b: L1[L6[]], cons: V0 -> L1[_3_] -> L1[_4_], tr: L6[]
[16:06:43.042240]	Exploring 0: L0[], LLi: L1[L0[] -> L6[]], Li: L1[L6[]], []b: L1[_12_ -> _13_], cons: V0 -> L1[_3_] -> L1[_4_], tr: L6[]
[16:06:43.042573]	Exploring 0: L0[], LLi: L1[L0[] -> L6[]], Li: L1[L6[]], []b: L1[L0[] -> _13_], cons: V0 -> L1[_3_] -> L1[_4_], tr: L6[]
[16:06:43.042893]	Exploring 0: L0[], LLi: L1[L0[] -> L6[]], Li: L1[L6[]], []b: L1[L6[] -> _13_], cons: V0 -> L1[_3_] -> L1[_4_], tr: L6[]
[16:06:43.043202]	Exploring 0: L0[], LLi: L1[L0[] -> L6[]], Li: L1[_9_ -> _10_], []b: L1[_2_], cons: V0 -> L1[_3_] -> L1[_4_], tr: L6[]
[16:06:43.043481]	Exploring 0: L0[], LLi: L1[L0[] -> L6[]], Li: L1[L0[] -> _10_], []b: L1[_2_], cons: V0 -> L1[_3_] -> L1[_4_], tr: L6[]
[16:06:43.043727]	Exploring 0: L0[], LLi: L1[L0[] -> L6[]], Li: L1[L0[] -> L0[]], []b: L1[_2_], cons: V0 -> L1[_3_] -> L1[_4_], tr: L6[]
[16:06:43.043946]	Exploring 0: L0[], LLi: L1[L0[] -> L6[]], Li: L1[L0[] -> L6[]], []b: L1[_2_], cons: V0 -> L1[_3_] -> L1[_4_], tr: L6[]
[16:06:43.044167]	Exploring 0: L0[], LLi: L1[L0[] -> L6[]], Li: L1[L6[] -> _10_], []b: L1[_2_], cons: V0 -> L1[_3_] -> L1[_4_], tr: L6[]
[16:06:43.044398]	Exploring 0: L0[], LLi: L1[L0[] -> L6[]], Li: L1[L6[] -> L0[]], []b: L1[_2_], cons: V0 -> L1[_3_] -> L1[_4_], tr: L6[]
[16:06:43.044624]	Exploring 0: L0[], LLi: L1[L0[] -> L6[]], Li: L1[L6[] -> L6[]], []b: L1[_2_], cons: V0 -> L1[_3_] -> L1[_4_], tr: L6[]
[16:06:43.044865]	Exploring 0: L0[], LLi: L1[L6[] -> _7_], Li: L1[_1_], []b: L1[_2_], cons: V0 -> L1[_3_] -> L1[_4_], tr: L6[]
[16:06:43.045091]	Exploring 0: L0[], LLi: L1[L6[] -> L0[]], Li: L1[_1_], []b: L1[_2_], cons: V0 -> L1[_3_] -> L1[_4_], tr: L6[]
[16:06:43.045279]	Exploring 0: L0[], LLi: L1[L6[] -> L0[]], Li: L1[L0[]], []b: L1[_2_], cons: V0 -> L1[_3_] -> L1[_4_], tr: L6[]
[16:06:43.045476]	Exploring 0: L0[], LLi: L1[L6[] -> L0[]], Li: L1[L0[]], []b: L1[L0[]], cons: V0 -> L1[_3_] -> L1[_4_], tr: L6[]
[16:06:43.045743]	Exploring 0: L0[], LLi: L1[L6[] -> L0[]], Li: L1[L0[]], []b: L1[L1[_11_]], cons: V0 -> L1[_3_] -> L1[_4_], tr: L6[]
[16:06:43.045976]	Exploring 0: L0[], LLi: L1[L6[] -> L0[]], Li: L1[L0[]], []b: L1[L1[L0[]]], cons: V0 -> L1[_3_] -> L1[_4_], tr: L6[]
[16:06:43.046219]	Exploring 0: L0[], LLi: L1[L6[] -> L0[]], Li: L1[L0[]], []b: L1[L1[L6[]]], cons: V0 -> L1[_3_] -> L1[_4_], tr: L6[]
[16:06:43.046427]	Exploring 0: L0[], LLi: L1[L6[] -> L0[]], Li: L1[L0[]], []b: L1[L6[]], cons: V0 -> L1[_3_] -> L1[_4_], tr: L6[]
[16:06:43.046752]	Exploring 0: L0[], LLi: L1[L6[] -> L0[]], Li: L1[L0[]], []b: L1[_12_ -> _13_], cons: V0 -> L1[_3_] -> L1[_4_], tr: L6[]
[16:06:43.046985]	Exploring 0: L0[], LLi: L1[L6[] -> L0[]], Li: L1[L0[]], []b: L1[L0[] -> _13_], cons: V0 -> L1[_3_] -> L1[_4_], tr: L6[]
[16:06:43.047264]	Exploring 0: L0[], LLi: L1[L6[] -> L0[]], Li: L1[L0[]], []b: L1[L6[] -> _13_], cons: V0 -> L1[_3_] -> L1[_4_], tr: L6[]
[16:06:43.047508]	Exploring 0: L0[], LLi: L1[L6[] -> L0[]], Li: L1[L1[_8_]], []b: L1[_2_], cons: V0 -> L1[_3_] -> L1[_4_], tr: L6[]
[16:06:43.047746]	Exploring 0: L0[], LLi: L1[L6[] -> L0[]], Li: L1[L1[L0[]]], []b: L1[_2_], cons: V0 -> L1[_3_] -> L1[_4_], tr: L6[]
[16:06:43.047961]	Exploring 0: L0[], LLi: L1[L6[] -> L0[]], Li: L1[L1[L0[]]], []b: L1[L0[]], cons: V0 -> L1[_3_] -> L1[_4_], tr: L6[]
[16:06:43.048219]	Exploring 0: L0[], LLi: L1[L6[] -> L0[]], Li: L1[L1[L0[]]], []b: L1[L6[]], cons: V0 -> L1[_3_] -> L1[_4_], tr: L6[]
[16:06:43.048473]	Exploring 0: L0[], LLi: L1[L6[] -> L0[]], Li: L1[L1[L6[]]], []b: L1[_2_], cons: V0 -> L1[_3_] -> L1[_4_], tr: L6[]
[16:06:43.048711]	Exploring 0: L0[], LLi: L1[L6[] -> L0[]], Li: L1[L1[L6[]]], []b: L1[L0[]], cons: V0 -> L1[_3_] -> L1[_4_], tr: L6[]
[16:06:43.048946]	Exploring 0: L0[], LLi: L1[L6[] -> L0[]], Li: L1[L1[L6[]]], []b: L1[L6[]], cons: V0 -> L1[_3_] -> L1[_4_], tr: L6[]
[16:06:43.049172]	Exploring 0: L0[], LLi: L1[L6[] -> L0[]], Li: L1[L6[]], []b: L1[_2_], cons: V0 -> L1[_3_] -> L1[_4_], tr: L6[]
[16:06:43.049416]	Exploring 0: L0[], LLi: L1[L6[] -> L0[]], Li: L1[L6[]], []b: L1[L0[]], cons: V0 -> L1[_3_] -> L1[_4_], tr: L6[]
[16:06:43.049666]	Exploring 0: L0[], LLi: L1[L6[] -> L0[]], Li: L1[L6[]], []b: L1[L1[_11_]], cons: V0 -> L1[_3_] -> L1[_4_], tr: L6[]
[16:06:43.049840]	Exploring 0: L0[], LLi: L1[L6[] -> L0[]], Li: L1[L6[]], []b: L1[L1[L0[]]], cons: V0 -> L1[_3_] -> L1[_4_], tr: L6[]
[16:06:43.050033]	Exploring 0: L0[], LLi: L1[L6[] -> L0[]], Li: L1[L6[]], []b: L1[L1[L6[]]], cons: V0 -> L1[_3_] -> L1[_4_], tr: L6[]
[16:06:43.050222]	Exploring 0: L0[], LLi: L1[L6[] -> L0[]], Li: L1[L6[]], []b: L1[L6[]], cons: V0 -> L1[_3_] -> L1[_4_], tr: L6[]
[16:06:43.050454]	Exploring 0: L0[], LLi: L1[L6[] -> L0[]], Li: L1[L6[]], []b: L1[_12_ -> _13_], cons: V0 -> L1[_3_] -> L1[_4_], tr: L6[]
[16:06:43.050653]	Exploring 0: L0[], LLi: L1[L6[] -> L0[]], Li: L1[L6[]], []b: L1[L0[] -> _13_], cons: V0 -> L1[_3_] -> L1[_4_], tr: L6[]
[16:06:43.050854]	Exploring 0: L0[], LLi: L1[L6[] -> L0[]], Li: L1[L6[]], []b: L1[L6[] -> _13_], cons: V0 -> L1[_3_] -> L1[_4_], tr: L6[]
[16:06:43.051046]	Exploring 0: L0[], LLi: L1[L6[] -> L0[]], Li: L1[_9_ -> _10_], []b: L1[_2_], cons: V0 -> L1[_3_] -> L1[_4_], tr: L6[]
[16:06:43.051230]	Exploring 0: L0[], LLi: L1[L6[] -> L0[]], Li: L1[L0[] -> _10_], []b: L1[_2_], cons: V0 -> L1[_3_] -> L1[_4_], tr: L6[]
[16:06:43.051419]	Exploring 0: L0[], LLi: L1[L6[] -> L0[]], Li: L1[L0[] -> L0[]], []b: L1[_2_], cons: V0 -> L1[_3_] -> L1[_4_], tr: L6[]
[16:06:43.051657]	Exploring 0: L0[], LLi: L1[L6[] -> L0[]], Li: L1[L0[] -> L6[]], []b: L1[_2_], cons: V0 -> L1[_3_] -> L1[_4_], tr: L6[]
[16:06:43.051911]	Exploring 0: L0[], LLi: L1[L6[] -> L0[]], Li: L1[L6[] -> _10_], []b: L1[_2_], cons: V0 -> L1[_3_] -> L1[_4_], tr: L6[]
[16:06:43.052183]	Exploring 0: L0[], LLi: L1[L6[] -> L0[]], Li: L1[L6[] -> L0[]], []b: L1[_2_], cons: V0 -> L1[_3_] -> L1[_4_], tr: L6[]
[16:06:43.052440]	Exploring 0: L0[], LLi: L1[L6[] -> L0[]], Li: L1[L6[] -> L6[]], []b: L1[_2_], cons: V0 -> L1[_3_] -> L1[_4_], tr: L6[]
[16:06:43.052686]	Exploring 0: L0[], LLi: L1[L6[] -> L6[]], Li: L1[_1_], []b: L1[_2_], cons: V0 -> L1[_3_] -> L1[_4_], tr: L6[]
[16:06:43.052911]	Exploring 0: L0[], LLi: L1[L6[] -> L6[]], Li: L1[L0[]], []b: L1[_2_], cons: V0 -> L1[_3_] -> L1[_4_], tr: L6[]
[16:06:43.053107]	Exploring 0: L0[], LLi: L1[L6[] -> L6[]], Li: L1[L0[]], []b: L1[L0[]], cons: V0 -> L1[_3_] -> L1[_4_], tr: L6[]
[16:06:43.053381]	Exploring 0: L0[], LLi: L1[L6[] -> L6[]], Li: L1[L0[]], []b: L1[L1[_11_]], cons: V0 -> L1[_3_] -> L1[_4_], tr: L6[]
[16:06:43.053608]	Exploring 0: L0[], LLi: L1[L6[] -> L6[]], Li: L1[L0[]], []b: L1[L1[L0[]]], cons: V0 -> L1[_3_] -> L1[_4_], tr: L6[]
[16:06:43.053841]	Exploring 0: L0[], LLi: L1[L6[] -> L6[]], Li: L1[L0[]], []b: L1[L1[L6[]]], cons: V0 -> L1[_3_] -> L1[_4_], tr: L6[]
[16:06:43.054046]	Exploring 0: L0[], LLi: L1[L6[] -> L6[]], Li: L1[L0[]], []b: L1[L6[]], cons: V0 -> L1[_3_] -> L1[_4_], tr: L6[]
[16:06:43.054301]	Exploring 0: L0[], LLi: L1[L6[] -> L6[]], Li: L1[L0[]], []b: L1[_12_ -> _13_], cons: V0 -> L1[_3_] -> L1[_4_], tr: L6[]
[16:06:43.054483]	Exploring 0: L0[], LLi: L1[L6[] -> L6[]], Li: L1[L0[]], []b: L1[L0[] -> _13_], cons: V0 -> L1[_3_] -> L1[_4_], tr: L6[]
[16:06:43.054796]	Exploring 0: L0[], LLi: L1[L6[] -> L6[]], Li: L1[L0[]], []b: L1[L6[] -> _13_], cons: V0 -> L1[_3_] -> L1[_4_], tr: L6[]
[16:06:43.055009]	Exploring 0: L0[], LLi: L1[L6[] -> L6[]], Li: L1[L1[_8_]], []b: L1[_2_], cons: V0 -> L1[_3_] -> L1[_4_], tr: L6[]
[16:06:43.055222]	Exploring 0: L0[], LLi: L1[L6[] -> L6[]], Li: L1[L1[L0[]]], []b: L1[_2_], cons: V0 -> L1[_3_] -> L1[_4_], tr: L6[]
[16:06:43.055458]	Exploring 0: L0[], LLi: L1[L6[] -> L6[]], Li: L1[L1[L0[]]], []b: L1[L0[]], cons: V0 -> L1[_3_] -> L1[_4_], tr: L6[]
[16:06:43.055662]	Exploring 0: L0[], LLi: L1[L6[] -> L6[]], Li: L1[L1[L0[]]], []b: L1[L6[]], cons: V0 -> L1[_3_] -> L1[_4_], tr: L6[]
[16:06:43.055862]	Exploring 0: L0[], LLi: L1[L6[] -> L6[]], Li: L1[L1[L6[]]], []b: L1[_2_], cons: V0 -> L1[_3_] -> L1[_4_], tr: L6[]
[16:06:43.056042]	Exploring 0: L0[], LLi: L1[L6[] -> L6[]], Li: L1[L1[L6[]]], []b: L1[L0[]], cons: V0 -> L1[_3_] -> L1[_4_], tr: L6[]
[16:06:43.056253]	Exploring 0: L0[], LLi: L1[L6[] -> L6[]], Li: L1[L1[L6[]]], []b: L1[L6[]], cons: V0 -> L1[_3_] -> L1[_4_], tr: L6[]
[16:06:43.056447]	Exploring 0: L0[], LLi: L1[L6[] -> L6[]], Li: L1[L6[]], []b: L1[_2_], cons: V0 -> L1[_3_] -> L1[_4_], tr: L6[]
[16:06:43.056614]	Exploring 0: L0[], LLi: L1[L6[] -> L6[]], Li: L1[L6[]], []b: L1[L0[]], cons: V0 -> L1[_3_] -> L1[_4_], tr: L6[]
[16:06:43.056835]	Exploring 0: L0[], LLi: L1[L6[] -> L6[]], Li: L1[L6[]], []b: L1[L1[_11_]], cons: V0 -> L1[_3_] -> L1[_4_], tr: L6[]
[16:06:43.057010]	Exploring 0: L0[], LLi: L1[L6[] -> L6[]], Li: L1[L6[]], []b: L1[L1[L0[]]], cons: V0 -> L1[_3_] -> L1[_4_], tr: L6[]
[16:06:43.057230]	Exploring 0: L0[], LLi: L1[L6[] -> L6[]], Li: L1[L6[]], []b: L1[L1[L6[]]], cons: V0 -> L1[_3_] -> L1[_4_], tr: L6[]
[16:06:43.057421]	Exploring 0: L0[], LLi: L1[L6[] -> L6[]], Li: L1[L6[]], []b: L1[L6[]], cons: V0 -> L1[_3_] -> L1[_4_], tr: L6[]
[16:06:43.057644]	Exploring 0: L0[], LLi: L1[L6[] -> L6[]], Li: L1[L6[]], []b: L1[_12_ -> _13_], cons: V0 -> L1[_3_] -> L1[_4_], tr: L6[]
[16:06:43.057817]	Exploring 0: L0[], LLi: L1[L6[] -> L6[]], Li: L1[L6[]], []b: L1[L0[] -> _13_], cons: V0 -> L1[_3_] -> L1[_4_], tr: L6[]
[16:06:43.058036]	Exploring 0: L0[], LLi: L1[L6[] -> L6[]], Li: L1[L6[]], []b: L1[L6[] -> _13_], cons: V0 -> L1[_3_] -> L1[_4_], tr: L6[]
[16:06:43.058234]	Exploring 0: L0[], LLi: L1[L6[] -> L6[]], Li: L1[_9_ -> _10_], []b: L1[_2_], cons: V0 -> L1[_3_] -> L1[_4_], tr: L6[]
[16:06:43.058410]	Exploring 0: L0[], LLi: L1[L6[] -> L6[]], Li: L1[L0[] -> _10_], []b: L1[_2_], cons: V0 -> L1[_3_] -> L1[_4_], tr: L6[]
[16:06:43.058587]	Exploring 0: L0[], LLi: L1[L6[] -> L6[]], Li: L1[L0[] -> L0[]], []b: L1[_2_], cons: V0 -> L1[_3_] -> L1[_4_], tr: L6[]
[16:06:43.058787]	Exploring 0: L0[], LLi: L1[L6[] -> L6[]], Li: L1[L0[] -> L6[]], []b: L1[_2_], cons: V0 -> L1[_3_] -> L1[_4_], tr: L6[]
[16:06:43.058983]	Exploring 0: L0[], LLi: L1[L6[] -> L6[]], Li: L1[L6[] -> _10_], []b: L1[_2_], cons: V0 -> L1[_3_] -> L1[_4_], tr: L6[]
[16:06:43.059164]	Exploring 0: L0[], LLi: L1[L6[] -> L6[]], Li: L1[L6[] -> L0[]], []b: L1[_2_], cons: V0 -> L1[_3_] -> L1[_4_], tr: L6[]
[16:06:43.059365]	Exploring 0: L0[], LLi: L1[L6[] -> L6[]], Li: L1[L6[] -> L6[]], []b: L1[_2_], cons: V0 -> L1[_3_] -> L1[_4_], tr: L6[]
[16:06:43.059541]	END Size 6 : 104 ms
[16:06:43.059606]	STOPPED AT SIZE 6
[16:06:43.059642]	END Depth 3 : 162 ms
[16:06:43.059670]	STOPPED AT DEPTH 3
[16:06:43.059700]	END Concrete search : 305 ms
[16:06:43.060008]	Counts:
Cands under 0: L, LLi: L, Li: L, []b: L, cons: _1_ -> _2_, tr: L=17
Cand under 0: L, LLi: L, Li: L, []b: L, cons: _1_ -> _2_, tr: L passed all posexs=8
Cands under 0: L, LLi: L, Li: L, []b: L, cons: V_5_ -> V_6_ -> V_7_, tr: L=9
Cand under 0: L, LLi: L, Li: L, []b: L, cons: V_5_ -> V_6_ -> V_7_, tr: L passed all posexs=5
Cands under 0: L, LLi: L, Li: L, []b: L, cons: V_8_ -> V_9_ -> L, tr: L=4
Cand under 0: L, LLi: L, Li: L, []b: L, cons: V_8_ -> V_9_ -> L, tr: L passed all posexs=2
Cands under 0: L, LLi: L, Li: L, []b: L, cons: V_10_ -> L -> V_11_, tr: L=4
Cand under 0: L, LLi: L, Li: L, []b: L, cons: V_10_ -> L -> V_11_, tr: L passed all posexs=2
Cands under 0: L, LLi: L, Li: L, []b: L, cons: V_12_ -> L -> L, tr: L=2
Cand under 0: L, LLi: L, Li: L, []b: L, cons: V_12_ -> L -> L, tr: L passed all posexs=1
Cands under 0: L, LLi: L, Li: L, []b: L, cons: L -> V_13_ -> V_14_, tr: L=4
Cand under 0: L, LLi: L, Li: L, []b: L, cons: L -> V_13_ -> V_14_, tr: L passed all posexs=2
Cands under 0: L, LLi: L, Li: L, []b: L, cons: L -> V_15_ -> L, tr: L=2
Cand under 0: L, LLi: L, Li: L, []b: L, cons: L -> V_15_ -> L, tr: L passed all posexs=1
Cands under 0: L, LLi: L, Li: L, []b: L, cons: L -> L -> V_16_, tr: L=2
Cand under 0: L, LLi: L, Li: L, []b: L, cons: L -> L -> V_16_, tr: L passed all posexs=1
Cands under 0: L, LLi: L, Li: L, []b: L, cons: L -> L -> L, tr: L=1
Cand under 0: L, LLi: L, Li: L, []b: L, cons: L -> L -> L, tr: L passed all posexs=1
Cands under 0: L0[], LLi: L0[], Li: L0[], []b: L3[], cons: V0 -> V0 -> V0, tr: L3[]=26
Cand under 0: L0[], LLi: L0[], Li: L0[], []b: L3[], cons: V0 -> V0 -> V0, tr: L3[] passed all posexs=26
Cands under 0: L0[], LLi: L1[_0_], Li: L1[_1_], []b: L1[_2_], cons: V0 -> L1[_3_] -> L1[_4_], tr: L6[]=1005
Cand under 0: L0[], LLi: L1[_0_], Li: L1[_1_], []b: L1[_2_], cons: V0 -> L1[_3_] -> L1[_4_], tr: L6[] passed all posexs=37
Hit size bound under 0: L0[], LLi: L1[_0_], Li: L1[_1_], []b: L1[_2_], cons: V0 -> L1[_3_] -> L1[_4_], tr: L6[]=273
[16:06:43.060102]	Total time: 1097 ms
