Dict
Running CVC: false
DFSPriority
Eager
Size bound: 20
Depth bound: 4
=====

[16:08:20.723669]	BEG Init search
[16:08:20.733851]	Exploring 0: L, 1: L, Ebi: L, Eib: L, Eii: L, put: _1_ -> _2_, tr: L
[16:08:20.749404]	Exploring 0: L, 1: L, Ebi: L, Eib: L, Eii: L, put: V -> _2_, tr: L
[16:08:20.751078]	Exploring 0: L, 1: L, Ebi: L, Eib: L, Eii: L, put: V -> _3_ -> _4_, tr: L
[16:08:20.751828]	Exploring 0: L, 1: L, Ebi: L, Eib: L, Eii: L, put: V -> V -> _4_, tr: L
[16:08:20.752717]	Exploring 0: L, 1: L, Ebi: L, Eib: L, Eii: L, put: V -> V -> _5_ -> _6_, tr: L
[16:08:20.753418]	Exploring 0: L, 1: L, Ebi: L, Eib: L, Eii: L, put: V -> V -> V -> _6_, tr: L
[16:08:20.754113]	Exploring 0: L, 1: L, Ebi: L, Eib: L, Eii: L, put: V -> V -> V -> V, tr: L
[16:08:20.756045]	Exploring 0: L, 1: L, Ebi: L, Eib: L, Eii: L, put: V -> V -> V -> L, tr: L
[16:08:20.756936]	Exploring 0: L, 1: L, Ebi: L, Eib: L, Eii: L, put: V -> V -> L -> _6_, tr: L
[16:08:20.757483]	Exploring 0: L, 1: L, Ebi: L, Eib: L, Eii: L, put: V -> V -> L -> V, tr: L
[16:08:20.758348]	Exploring 0: L, 1: L, Ebi: L, Eib: L, Eii: L, put: V -> V -> L -> L, tr: L
[16:08:20.759251]	Exploring 0: L, 1: L, Ebi: L, Eib: L, Eii: L, put: V -> L -> _4_, tr: L
[16:08:20.759991]	Exploring 0: L, 1: L, Ebi: L, Eib: L, Eii: L, put: V -> L -> _5_ -> _6_, tr: L
[16:08:20.760508]	Exploring 0: L, 1: L, Ebi: L, Eib: L, Eii: L, put: V -> L -> V -> _6_, tr: L
[16:08:20.760966]	Exploring 0: L, 1: L, Ebi: L, Eib: L, Eii: L, put: V -> L -> V -> V, tr: L
[16:08:20.761598]	Exploring 0: L, 1: L, Ebi: L, Eib: L, Eii: L, put: V -> L -> V -> L, tr: L
[16:08:20.762211]	Exploring 0: L, 1: L, Ebi: L, Eib: L, Eii: L, put: V -> L -> L -> _6_, tr: L
[16:08:20.762847]	Exploring 0: L, 1: L, Ebi: L, Eib: L, Eii: L, put: V -> L -> L -> V, tr: L
[16:08:20.763864]	Exploring 0: L, 1: L, Ebi: L, Eib: L, Eii: L, put: V -> L -> L -> L, tr: L
[16:08:20.764840]	Exploring 0: L, 1: L, Ebi: L, Eib: L, Eii: L, put: L -> _2_, tr: L
[16:08:20.765516]	Exploring 0: L, 1: L, Ebi: L, Eib: L, Eii: L, put: L -> _3_ -> _4_, tr: L
[16:08:20.766034]	Exploring 0: L, 1: L, Ebi: L, Eib: L, Eii: L, put: L -> V -> _4_, tr: L
[16:08:20.766880]	Exploring 0: L, 1: L, Ebi: L, Eib: L, Eii: L, put: L -> V -> _5_ -> _6_, tr: L
[16:08:20.767538]	Exploring 0: L, 1: L, Ebi: L, Eib: L, Eii: L, put: L -> V -> V -> _6_, tr: L
[16:08:20.768066]	Exploring 0: L, 1: L, Ebi: L, Eib: L, Eii: L, put: L -> V -> V -> V, tr: L
[16:08:20.768657]	Exploring 0: L, 1: L, Ebi: L, Eib: L, Eii: L, put: L -> V -> V -> L, tr: L
[16:08:20.769104]	Exploring 0: L, 1: L, Ebi: L, Eib: L, Eii: L, put: L -> V -> L -> _6_, tr: L
[16:08:20.769487]	Exploring 0: L, 1: L, Ebi: L, Eib: L, Eii: L, put: L -> V -> L -> V, tr: L
[16:08:20.769871]	Exploring 0: L, 1: L, Ebi: L, Eib: L, Eii: L, put: L -> V -> L -> L, tr: L
[16:08:20.770322]	Exploring 0: L, 1: L, Ebi: L, Eib: L, Eii: L, put: L -> L -> _4_, tr: L
[16:08:20.770742]	Exploring 0: L, 1: L, Ebi: L, Eib: L, Eii: L, put: L -> L -> _5_ -> _6_, tr: L
[16:08:20.771072]	Exploring 0: L, 1: L, Ebi: L, Eib: L, Eii: L, put: L -> L -> V -> _6_, tr: L
[16:08:20.771490]	Exploring 0: L, 1: L, Ebi: L, Eib: L, Eii: L, put: L -> L -> V -> V, tr: L
[16:08:20.771890]	Exploring 0: L, 1: L, Ebi: L, Eib: L, Eii: L, put: L -> L -> V -> L, tr: L
[16:08:20.772291]	Exploring 0: L, 1: L, Ebi: L, Eib: L, Eii: L, put: L -> L -> L -> _6_, tr: L
[16:08:20.772606]	Exploring 0: L, 1: L, Ebi: L, Eib: L, Eii: L, put: L -> L -> L -> V, tr: L
[16:08:20.773254]	Exploring 0: L, 1: L, Ebi: L, Eib: L, Eii: L, put: L -> L -> L -> L, tr: L
[16:08:20.773647]	END Init search : 71 ms
[16:08:20.774277]	BEG Compile Init to Elab
[16:08:20.777038]	END Compile Init to Elab : 3 ms
[16:08:20.777569]	BEG Elab search
[16:08:20.778042]	Exploring 0: L, 1: L, Ebi: L, Eib: L, Eii: L, put: V_7_ -> V_8_ -> V_9_ -> V_10_, tr: L
[16:08:20.780090]	Exploring 0: L, 1: L, Ebi: L, Eib: L, Eii: L, put: V0 -> V_8_ -> V_9_ -> V_10_, tr: L
[16:08:20.781019]	Exploring 0: L, 1: L, Ebi: L, Eib: L, Eii: L, put: V0 -> V0 -> V_9_ -> V_10_, tr: L
[16:08:20.781841]	Exploring 0: L, 1: L, Ebi: L, Eib: L, Eii: L, put: V0 -> V0 -> V0 -> V_10_, tr: L
[16:08:20.782655]	Exploring 0: L, 1: L, Ebi: L, Eib: L, Eii: L, put: V0 -> V0 -> V0 -> V0, tr: L
[16:08:20.783838]	Exploring 0: L, 1: L, Ebi: L, Eib: L, Eii: L, put: V0 -> V0 -> V0 -> V1, tr: L
[16:08:20.785038]	Exploring 0: L, 1: L, Ebi: L, Eib: L, Eii: L, put: V0 -> V0 -> V1 -> V_10_, tr: L
[16:08:20.785875]	Exploring 0: L, 1: L, Ebi: L, Eib: L, Eii: L, put: V0 -> V0 -> V1 -> V0, tr: L
[16:08:20.786817]	Exploring 0: L, 1: L, Ebi: L, Eib: L, Eii: L, put: V0 -> V0 -> V1 -> V1, tr: L
[16:08:20.787773]	Exploring 0: L, 1: L, Ebi: L, Eib: L, Eii: L, put: V0 -> V0 -> V1 -> V2, tr: L
[16:08:20.788608]	Exploring 0: L, 1: L, Ebi: L, Eib: L, Eii: L, put: V0 -> V1 -> V_9_ -> V_10_, tr: L
[16:08:20.789157]	Exploring 0: L, 1: L, Ebi: L, Eib: L, Eii: L, put: V0 -> V1 -> V0 -> V_10_, tr: L
[16:08:20.789649]	Exploring 0: L, 1: L, Ebi: L, Eib: L, Eii: L, put: V0 -> V1 -> V0 -> V0, tr: L
[16:08:20.790365]	Exploring 0: L, 1: L, Ebi: L, Eib: L, Eii: L, put: V0 -> V1 -> V0 -> V1, tr: L
[16:08:20.791137]	Exploring 0: L, 1: L, Ebi: L, Eib: L, Eii: L, put: V0 -> V1 -> V0 -> V2, tr: L
[16:08:20.791945]	Exploring 0: L, 1: L, Ebi: L, Eib: L, Eii: L, put: V0 -> V1 -> V1 -> V_10_, tr: L
[16:08:20.792497]	Exploring 0: L, 1: L, Ebi: L, Eib: L, Eii: L, put: V0 -> V1 -> V1 -> V0, tr: L
[16:08:20.793195]	Exploring 0: L, 1: L, Ebi: L, Eib: L, Eii: L, put: V0 -> V1 -> V1 -> V1, tr: L
[16:08:20.793877]	Exploring 0: L, 1: L, Ebi: L, Eib: L, Eii: L, put: V0 -> V1 -> V1 -> V2, tr: L
[16:08:20.794592]	Exploring 0: L, 1: L, Ebi: L, Eib: L, Eii: L, put: V0 -> V1 -> V2 -> V_10_, tr: L
[16:08:20.795026]	Exploring 0: L, 1: L, Ebi: L, Eib: L, Eii: L, put: V0 -> V1 -> V2 -> V0, tr: L
[16:08:20.795679]	Exploring 0: L, 1: L, Ebi: L, Eib: L, Eii: L, put: V0 -> V1 -> V2 -> V1, tr: L
[16:08:20.796357]	Exploring 0: L, 1: L, Ebi: L, Eib: L, Eii: L, put: V0 -> V1 -> V2 -> V2, tr: L
[16:08:20.796972]	Exploring 0: L, 1: L, Ebi: L, Eib: L, Eii: L, put: V0 -> V1 -> V2 -> V3, tr: L
[16:08:20.797400]	Exploring 0: L, 1: L, Ebi: L, Eib: L, Eii: L, put: V_11_ -> V_12_ -> V_13_ -> L, tr: L
[16:08:20.797824]	Exploring 0: L, 1: L, Ebi: L, Eib: L, Eii: L, put: V0 -> V_12_ -> V_13_ -> L, tr: L
[16:08:20.798270]	Exploring 0: L, 1: L, Ebi: L, Eib: L, Eii: L, put: V0 -> V0 -> V_13_ -> L, tr: L
[16:08:20.798744]	Exploring 0: L, 1: L, Ebi: L, Eib: L, Eii: L, put: V0 -> V0 -> V0 -> L, tr: L
[16:08:20.799351]	Exploring 0: L, 1: L, Ebi: L, Eib: L, Eii: L, put: V0 -> V0 -> V1 -> L, tr: L
[16:08:20.799991]	Exploring 0: L, 1: L, Ebi: L, Eib: L, Eii: L, put: V0 -> V1 -> V_13_ -> L, tr: L
[16:08:20.800482]	Exploring 0: L, 1: L, Ebi: L, Eib: L, Eii: L, put: V0 -> V1 -> V0 -> L, tr: L
[16:08:20.801135]	Exploring 0: L, 1: L, Ebi: L, Eib: L, Eii: L, put: V0 -> V1 -> V1 -> L, tr: L
[16:08:20.801765]	Exploring 0: L, 1: L, Ebi: L, Eib: L, Eii: L, put: V0 -> V1 -> V2 -> L, tr: L
[16:08:20.802151]	Exploring 0: L, 1: L, Ebi: L, Eib: L, Eii: L, put: V_14_ -> V_15_ -> L -> V_16_, tr: L
[16:08:20.802549]	Exploring 0: L, 1: L, Ebi: L, Eib: L, Eii: L, put: V0 -> V_15_ -> L -> V_16_, tr: L
[16:08:20.802991]	Exploring 0: L, 1: L, Ebi: L, Eib: L, Eii: L, put: V0 -> V0 -> L -> V_16_, tr: L
[16:08:20.803493]	Exploring 0: L, 1: L, Ebi: L, Eib: L, Eii: L, put: V0 -> V0 -> L -> V0, tr: L
[16:08:20.804183]	Exploring 0: L, 1: L, Ebi: L, Eib: L, Eii: L, put: V0 -> V0 -> L -> V1, tr: L
[16:08:20.804815]	Exploring 0: L, 1: L, Ebi: L, Eib: L, Eii: L, put: V0 -> V1 -> L -> V_16_, tr: L
[16:08:20.805289]	Exploring 0: L, 1: L, Ebi: L, Eib: L, Eii: L, put: V0 -> V1 -> L -> V0, tr: L
[16:08:20.805958]	Exploring 0: L, 1: L, Ebi: L, Eib: L, Eii: L, put: V0 -> V1 -> L -> V1, tr: L
[16:08:20.806678]	Exploring 0: L, 1: L, Ebi: L, Eib: L, Eii: L, put: V0 -> V1 -> L -> V2, tr: L
[16:08:20.807120]	Exploring 0: L, 1: L, Ebi: L, Eib: L, Eii: L, put: V_17_ -> V_18_ -> L -> L, tr: L
[16:08:20.807629]	Exploring 0: L, 1: L, Ebi: L, Eib: L, Eii: L, put: V0 -> V_18_ -> L -> L, tr: L
[16:08:20.808111]	Exploring 0: L, 1: L, Ebi: L, Eib: L, Eii: L, put: V0 -> V0 -> L -> L, tr: L
[16:08:20.808690]	Exploring 0: L, 1: L, Ebi: L, Eib: L, Eii: L, put: V0 -> V1 -> L -> L, tr: L
[16:08:20.809109]	Exploring 0: L, 1: L, Ebi: L, Eib: L, Eii: L, put: V_19_ -> L -> V_20_ -> V_21_, tr: L
[16:08:20.809658]	Exploring 0: L, 1: L, Ebi: L, Eib: L, Eii: L, put: V0 -> L -> V_20_ -> V_21_, tr: L
[16:08:20.810291]	Exploring 0: L, 1: L, Ebi: L, Eib: L, Eii: L, put: V0 -> L -> V0 -> V_21_, tr: L
[16:08:20.810898]	Exploring 0: L, 1: L, Ebi: L, Eib: L, Eii: L, put: V0 -> L -> V0 -> V0, tr: L
[16:08:20.811690]	Exploring 0: L, 1: L, Ebi: L, Eib: L, Eii: L, put: V0 -> L -> V0 -> V1, tr: L
[16:08:20.812512]	Exploring 0: L, 1: L, Ebi: L, Eib: L, Eii: L, put: V0 -> L -> V1 -> V_21_, tr: L
[16:08:20.813159]	Exploring 0: L, 1: L, Ebi: L, Eib: L, Eii: L, put: V0 -> L -> V1 -> V0, tr: L
[16:08:20.813861]	Exploring 0: L, 1: L, Ebi: L, Eib: L, Eii: L, put: V0 -> L -> V1 -> V1, tr: L
[16:08:20.814505]	Exploring 0: L, 1: L, Ebi: L, Eib: L, Eii: L, put: V0 -> L -> V1 -> V2, tr: L
[16:08:20.814960]	Exploring 0: L, 1: L, Ebi: L, Eib: L, Eii: L, put: V_22_ -> L -> V_23_ -> L, tr: L
[16:08:20.815394]	Exploring 0: L, 1: L, Ebi: L, Eib: L, Eii: L, put: V0 -> L -> V_23_ -> L, tr: L
[16:08:20.815880]	Exploring 0: L, 1: L, Ebi: L, Eib: L, Eii: L, put: V0 -> L -> V0 -> L, tr: L
[16:08:20.816525]	Exploring 0: L, 1: L, Ebi: L, Eib: L, Eii: L, put: V0 -> L -> V1 -> L, tr: L
[16:08:20.816972]	Exploring 0: L, 1: L, Ebi: L, Eib: L, Eii: L, put: V_24_ -> L -> L -> V_25_, tr: L
[16:08:20.817507]	Exploring 0: L, 1: L, Ebi: L, Eib: L, Eii: L, put: V0 -> L -> L -> V_25_, tr: L
[16:08:20.818039]	Exploring 0: L, 1: L, Ebi: L, Eib: L, Eii: L, put: V0 -> L -> L -> V0, tr: L
[16:08:20.818822]	Exploring 0: L, 1: L, Ebi: L, Eib: L, Eii: L, put: V0 -> L -> L -> V1, tr: L
[16:08:20.819374]	Exploring 0: L, 1: L, Ebi: L, Eib: L, Eii: L, put: V_26_ -> L -> L -> L, tr: L
[16:08:20.820180]	Exploring 0: L, 1: L, Ebi: L, Eib: L, Eii: L, put: V0 -> L -> L -> L, tr: L
[16:08:20.820887]	Exploring 0: L, 1: L, Ebi: L, Eib: L, Eii: L, put: L -> V_27_ -> V_28_ -> V_29_, tr: L
[16:08:20.821754]	Exploring 0: L, 1: L, Ebi: L, Eib: L, Eii: L, put: L -> V0 -> V_28_ -> V_29_, tr: L
[16:08:20.822909]	Exploring 0: L, 1: L, Ebi: L, Eib: L, Eii: L, put: L -> V0 -> V0 -> V_29_, tr: L
[16:08:20.823882]	Exploring 0: L, 1: L, Ebi: L, Eib: L, Eii: L, put: L -> V0 -> V0 -> V0, tr: L
[16:08:20.825047]	Exploring 0: L, 1: L, Ebi: L, Eib: L, Eii: L, put: L -> V0 -> V0 -> V1, tr: L
[16:08:20.826122]	Exploring 0: L, 1: L, Ebi: L, Eib: L, Eii: L, put: L -> V0 -> V1 -> V_29_, tr: L
[16:08:20.827130]	Exploring 0: L, 1: L, Ebi: L, Eib: L, Eii: L, put: L -> V0 -> V1 -> V0, tr: L
[16:08:20.828154]	Exploring 0: L, 1: L, Ebi: L, Eib: L, Eii: L, put: L -> V0 -> V1 -> V1, tr: L
[16:08:20.829414]	Exploring 0: L, 1: L, Ebi: L, Eib: L, Eii: L, put: L -> V0 -> V1 -> V2, tr: L
[16:08:20.830316]	Exploring 0: L, 1: L, Ebi: L, Eib: L, Eii: L, put: L -> V_30_ -> V_31_ -> L, tr: L
[16:08:20.831006]	Exploring 0: L, 1: L, Ebi: L, Eib: L, Eii: L, put: L -> V0 -> V_31_ -> L, tr: L
[16:08:20.831683]	Exploring 0: L, 1: L, Ebi: L, Eib: L, Eii: L, put: L -> V0 -> V0 -> L, tr: L
[16:08:20.832502]	Exploring 0: L, 1: L, Ebi: L, Eib: L, Eii: L, put: L -> V0 -> V1 -> L, tr: L
[16:08:20.833275]	Exploring 0: L, 1: L, Ebi: L, Eib: L, Eii: L, put: L -> V_32_ -> L -> V_33_, tr: L
[16:08:20.834230]	Exploring 0: L, 1: L, Ebi: L, Eib: L, Eii: L, put: L -> V0 -> L -> V_33_, tr: L
[16:08:20.834960]	Exploring 0: L, 1: L, Ebi: L, Eib: L, Eii: L, put: L -> V0 -> L -> V0, tr: L
[16:08:20.835771]	Exploring 0: L, 1: L, Ebi: L, Eib: L, Eii: L, put: L -> V0 -> L -> V1, tr: L
[16:08:20.836311]	Exploring 0: L, 1: L, Ebi: L, Eib: L, Eii: L, put: L -> V_34_ -> L -> L, tr: L
[16:08:20.836857]	Exploring 0: L, 1: L, Ebi: L, Eib: L, Eii: L, put: L -> V0 -> L -> L, tr: L
[16:08:20.837359]	Exploring 0: L, 1: L, Ebi: L, Eib: L, Eii: L, put: L -> L -> V_35_ -> V_36_, tr: L
[16:08:20.837908]	Exploring 0: L, 1: L, Ebi: L, Eib: L, Eii: L, put: L -> L -> V0 -> V_36_, tr: L
[16:08:20.838528]	Exploring 0: L, 1: L, Ebi: L, Eib: L, Eii: L, put: L -> L -> V0 -> V0, tr: L
[16:08:20.839238]	Exploring 0: L, 1: L, Ebi: L, Eib: L, Eii: L, put: L -> L -> V0 -> V1, tr: L
[16:08:20.839855]	Exploring 0: L, 1: L, Ebi: L, Eib: L, Eii: L, put: L -> L -> V_37_ -> L, tr: L
[16:08:20.840424]	Exploring 0: L, 1: L, Ebi: L, Eib: L, Eii: L, put: L -> L -> V0 -> L, tr: L
[16:08:20.840870]	Exploring 0: L, 1: L, Ebi: L, Eib: L, Eii: L, put: L -> L -> L -> V_38_, tr: L
[16:08:20.841525]	Exploring 0: L, 1: L, Ebi: L, Eib: L, Eii: L, put: L -> L -> L -> V0, tr: L
[16:08:20.842190]	Exploring 0: L, 1: L, Ebi: L, Eib: L, Eii: L, put: L -> L -> L -> L, tr: L
[16:08:20.842624]	END Elab search : 65 ms
[16:08:20.843281]	BEG Compile Elab to Concrete
[16:08:21.727883]	END Compile Elab to Concrete : 884 ms
[16:08:21.728459]	BEG Concrete search
[16:08:21.728572]	BEG Depth 2
[16:08:21.728610]	BEG Size 1
[16:08:21.728651]	END Size 1 : 0 ms
[16:08:21.728685]	BEG Size 2
[16:08:21.728720]	END Size 2 : 0 ms
[16:08:21.728762]	BEG Size 3
[16:08:21.728811]	END Size 3 : 0 ms
[16:08:21.728864]	BEG Size 4
[16:08:21.728914]	END Size 4 : 0 ms
[16:08:21.728959]	BEG Size 5
[16:08:21.729007]	END Size 5 : 1 ms
[16:08:21.729062]	BEG Size 6
[16:08:21.729115]	END Size 6 : 0 ms
[16:08:21.729162]	BEG Size 7
[16:08:21.729226]	END Size 7 : 0 ms
[16:08:21.729278]	BEG Size 8
[16:08:21.729344]	END Size 8 : 0 ms
[16:08:21.729396]	BEG Size 9
[16:08:21.729464]	END Size 9 : 0 ms
[16:08:21.729541]	BEG Size 10
[16:08:21.729664]	Exploring 0: L0[], 1: L0[], Ebi: L2[_0_, _1_], Eib: L2[_2_, _3_], Eii: L2[_4_, _5_], put: L2[_6_, _7_] -> V0 -> V1 -> L2[_8_, _9_], tr: L7[]
[16:08:21.732498]	Exploring 0: L0[], 1: L0[], Ebi: L2[L0[], _1_], Eib: L2[_2_, _3_], Eii: L2[_4_, _5_], put: L2[_6_, _7_] -> V0 -> V1 -> L2[_8_, _9_], tr: L7[]
[16:08:21.733289]	Exploring 0: L0[], 1: L0[], Ebi: L2[L0[], L0[]], Eib: L2[_2_, _3_], Eii: L2[_4_, _5_], put: L2[_6_, _7_] -> V0 -> V1 -> L2[_8_, _9_], tr: L7[]
[16:08:21.733988]	Exploring 0: L0[], 1: L0[], Ebi: L2[L0[], L0[]], Eib: L2[L0[], _3_], Eii: L2[_4_, _5_], put: L2[_6_, _7_] -> V0 -> V1 -> L2[_8_, _9_], tr: L7[]
[16:08:21.734667]	Exploring 0: L0[], 1: L0[], Ebi: L2[L0[], L0[]], Eib: L2[L0[], L0[]], Eii: L2[_4_, _5_], put: L2[_6_, _7_] -> V0 -> V1 -> L2[_8_, _9_], tr: L7[]
[16:08:21.735277]	Exploring 0: L0[], 1: L0[], Ebi: L2[L0[], L0[]], Eib: L2[L0[], L0[]], Eii: L2[L0[], _5_], put: L2[_6_, _7_] -> V0 -> V1 -> L2[_8_, _9_], tr: L7[]
[16:08:21.735832]	Exploring 0: L0[], 1: L0[], Ebi: L2[L0[], L0[]], Eib: L2[L0[], L0[]], Eii: L2[L0[], L0[]], put: L2[_6_, _7_] -> V0 -> V1 -> L2[_8_, _9_], tr: L7[]
[16:08:21.736606]	Exploring 0: L0[], 1: L0[], Ebi: L2[L0[], L0[]], Eib: L2[L0[], L0[]], Eii: L2[L0[], L0[]], put: L2[L0[], _7_] -> V0 -> V1 -> L2[_8_, _9_], tr: L7[]
[16:08:21.737305]	Exploring 0: L0[], 1: L0[], Ebi: L2[L0[], L0[]], Eib: L2[L0[], L0[]], Eii: L2[L0[], L0[]], put: L2[L0[], L0[]] -> V0 -> V1 -> L2[_8_, _9_], tr: L7[]
[16:08:21.737988]	Exploring 0: L0[], 1: L0[], Ebi: L2[L0[], L0[]], Eib: L2[L0[], L0[]], Eii: L2[L0[], L0[]], put: L2[L0[], L0[]] -> V0 -> V1 -> L2[L0[], _9_], tr: L7[]
[16:08:21.738698]	Exploring 0: L0[], 1: L0[], Ebi: L2[L0[], L0[]], Eib: L2[L0[], L0[]], Eii: L2[L0[], L0[]], put: L2[L0[], L0[]] -> V0 -> V1 -> L2[L0[], L0[]], tr: L7[]
[16:08:21.741531]	Exploring 0: L0[], 1: L0[], Ebi: L2[L0[], L0[]], Eib: L2[L0[], L0[]], Eii: L2[L0[], L0[]], put: L2[L0[], V2] -> V0 -> V1 -> L2[_8_, _9_], tr: L7[]
[16:08:21.742582]	Exploring 0: L0[], 1: L0[], Ebi: L2[L0[], L0[]], Eib: L2[L0[], L0[]], Eii: L2[L0[], L0[]], put: L2[L0[], V2] -> V0 -> V1 -> L2[L0[], _9_], tr: L7[]
[16:08:21.743490]	Exploring 0: L0[], 1: L0[], Ebi: L2[L0[], L0[]], Eib: L2[L0[], L0[]], Eii: L2[L0[], L0[]], put: L2[L0[], V2] -> V0 -> V1 -> L2[L0[], L0[]], tr: L7[]
[16:08:21.745122]	Exploring 0: L0[], 1: L0[], Ebi: L2[L0[], L0[]], Eib: L2[L0[], L0[]], Eii: L2[L0[], L0[]], put: L2[L0[], V2] -> V0 -> V1 -> L2[L0[], L7[]], tr: L7[]
[16:08:21.746579]	Exploring 0: L0[], 1: L0[], Ebi: L2[L0[], L0[]], Eib: L2[L0[], L0[]], Eii: L2[L0[], L0[]], put: L2[L0[], V2] -> V0 -> V1 -> L2[L0[], V0], tr: L7[]
[16:08:21.748487]	Exploring 0: L0[], 1: L0[], Ebi: L2[L0[], L0[]], Eib: L2[L0[], L0[]], Eii: L2[L0[], L0[]], put: L2[L0[], V2] -> V0 -> V1 -> L2[L0[], V1], tr: L7[]
[16:08:21.749541]	Exploring 0: L0[], 1: L0[], Ebi: L2[L0[], L0[]], Eib: L2[L0[], L0[]], Eii: L2[L0[], L0[]], put: L2[L0[], V2] -> V0 -> V1 -> L2[L0[], V2], tr: L7[]
[16:08:21.751072]	Exploring 0: L0[], 1: L0[], Ebi: L2[L0[], L0[]], Eib: L2[L0[], L0[]], Eii: L2[L0[], L0[]], put: L2[L0[], V2] -> V0 -> V1 -> L2[V2, _9_], tr: L7[]
[16:08:21.752006]	Exploring 0: L0[], 1: L0[], Ebi: L2[L0[], L0[]], Eib: L2[L0[], L0[]], Eii: L2[L0[], L0[]], put: L2[L0[], V2] -> V0 -> V1 -> L2[V2, L0[]], tr: L7[]
[16:08:21.753179]	Exploring 0: L0[], 1: L0[], Ebi: L2[L0[], L0[]], Eib: L2[L0[], L0[]], Eii: L2[L0[], L0[]], put: L2[L0[], V2] -> V0 -> V1 -> L2[V2, L7[]], tr: L7[]
[16:08:21.754255]	Exploring 0: L0[], 1: L0[], Ebi: L2[L0[], L0[]], Eib: L2[L0[], L0[]], Eii: L2[L0[], L0[]], put: L2[L0[], V2] -> V0 -> V1 -> L2[V2, V0], tr: L7[]
[16:08:21.755274]	Exploring 0: L0[], 1: L0[], Ebi: L2[L0[], L0[]], Eib: L2[L0[], L0[]], Eii: L2[L0[], L0[]], put: L2[L0[], V2] -> V0 -> V1 -> L2[V2, V1], tr: L7[]
[16:08:21.756294]	Exploring 0: L0[], 1: L0[], Ebi: L2[L0[], L0[]], Eib: L2[L0[], L0[]], Eii: L2[L0[], L0[]], put: L2[L0[], V2] -> V0 -> V1 -> L2[V2, V2], tr: L7[]
[16:08:21.757479]	Exploring 0: L0[], 1: L0[], Ebi: L2[L0[], L0[]], Eib: L2[L0[], L0[]], Eii: L2[L0[], L0[]], put: L2[V2, _7_] -> V0 -> V1 -> L2[_8_, _9_], tr: L7[]
[16:08:21.758470]	Exploring 0: L0[], 1: L0[], Ebi: L2[L0[], L0[]], Eib: L2[L0[], L0[]], Eii: L2[L0[], L0[]], put: L2[V2, L0[]] -> V0 -> V1 -> L2[_8_, _9_], tr: L7[]
[16:08:21.759385]	Exploring 0: L0[], 1: L0[], Ebi: L2[L0[], L0[]], Eib: L2[L0[], L0[]], Eii: L2[L0[], L0[]], put: L2[V2, L0[]] -> V0 -> V1 -> L2[L0[], _9_], tr: L7[]
[16:08:21.760278]	Exploring 0: L0[], 1: L0[], Ebi: L2[L0[], L0[]], Eib: L2[L0[], L0[]], Eii: L2[L0[], L0[]], put: L2[V2, L0[]] -> V0 -> V1 -> L2[L0[], L0[]], tr: L7[]
[16:08:21.761636]	Exploring 0: L0[], 1: L0[], Ebi: L2[L0[], L0[]], Eib: L2[L0[], L0[]], Eii: L2[L0[], L0[]], put: L2[V2, L0[]] -> V0 -> V1 -> L2[L0[], V2], tr: L7[]
[16:08:21.762845]	Exploring 0: L0[], 1: L0[], Ebi: L2[L0[], L0[]], Eib: L2[L0[], L0[]], Eii: L2[L0[], L0[]], put: L2[V2, L0[]] -> V0 -> V1 -> L2[L7[], _9_], tr: L7[]
[16:08:21.763757]	Exploring 0: L0[], 1: L0[], Ebi: L2[L0[], L0[]], Eib: L2[L0[], L0[]], Eii: L2[L0[], L0[]], put: L2[V2, L0[]] -> V0 -> V1 -> L2[L7[], L0[]], tr: L7[]
[16:08:21.765829]	Exploring 0: L0[], 1: L0[], Ebi: L2[L0[], L0[]], Eib: L2[L0[], L0[]], Eii: L2[L0[], L0[]], put: L2[V2, L0[]] -> V0 -> V1 -> L2[L7[], V2], tr: L7[]
[16:08:21.767422]	Exploring 0: L0[], 1: L0[], Ebi: L2[L0[], L0[]], Eib: L2[L0[], L0[]], Eii: L2[L0[], L0[]], put: L2[V2, L0[]] -> V0 -> V1 -> L2[V0, _9_], tr: L7[]
[16:08:21.768442]	Exploring 0: L0[], 1: L0[], Ebi: L2[L0[], L0[]], Eib: L2[L0[], L0[]], Eii: L2[L0[], L0[]], put: L2[V2, L0[]] -> V0 -> V1 -> L2[V0, L0[]], tr: L7[]
[16:08:21.769815]	Exploring 0: L0[], 1: L0[], Ebi: L2[L0[], L0[]], Eib: L2[L0[], L0[]], Eii: L2[L0[], L0[]], put: L2[V2, L0[]] -> V0 -> V1 -> L2[V0, V2], tr: L7[]
[16:08:21.770847]	Exploring 0: L0[], 1: L0[], Ebi: L2[L0[], L0[]], Eib: L2[L0[], L0[]], Eii: L2[L0[], L0[]], put: L2[V2, L0[]] -> V0 -> V1 -> L2[V1, _9_], tr: L7[]
[16:08:21.771533]	Exploring 0: L0[], 1: L0[], Ebi: L2[L0[], L0[]], Eib: L2[L0[], L0[]], Eii: L2[L0[], L0[]], put: L2[V2, L0[]] -> V0 -> V1 -> L2[V1, L0[]], tr: L7[]
[16:08:21.772801]	Exploring 0: L0[], 1: L0[], Ebi: L2[L0[], L0[]], Eib: L2[L0[], L0[]], Eii: L2[L0[], L0[]], put: L2[V2, L0[]] -> V0 -> V1 -> L2[V1, V2], tr: L7[]
[16:08:21.773800]	Exploring 0: L0[], 1: L0[], Ebi: L2[L0[], L0[]], Eib: L2[L0[], L0[]], Eii: L2[L0[], L0[]], put: L2[V2, L0[]] -> V0 -> V1 -> L2[V2, _9_], tr: L7[]
[16:08:21.774711]	Exploring 0: L0[], 1: L0[], Ebi: L2[L0[], L0[]], Eib: L2[L0[], L0[]], Eii: L2[L0[], L0[]], put: L2[V2, L0[]] -> V0 -> V1 -> L2[V2, L0[]], tr: L7[]
[16:08:21.776368]	Exploring 0: L0[], 1: L0[], Ebi: L2[L0[], L0[]], Eib: L2[L0[], L0[]], Eii: L2[L0[], L0[]], put: L2[V2, L0[]] -> V0 -> V1 -> L2[V2, V2], tr: L7[]
[16:08:21.778057]	Exploring 0: L0[], 1: L0[], Ebi: L2[L0[], L0[]], Eib: L2[L0[], L0[]], Eii: L2[L0[], L0[]], put: L2[V2, V2] -> V0 -> V1 -> L2[_8_, _9_], tr: L7[]
[16:08:21.778613]	Exploring 0: L0[], 1: L0[], Ebi: L2[L0[], L0[]], Eib: L2[L0[], L0[]], Eii: L2[L0[], L0[]], put: L2[V2, V2] -> V0 -> V1 -> L2[L0[], _9_], tr: L7[]
[16:08:21.779265]	Exploring 0: L0[], 1: L0[], Ebi: L2[L0[], L0[]], Eib: L2[L0[], L0[]], Eii: L2[L0[], L0[]], put: L2[V2, V2] -> V0 -> V1 -> L2[L0[], L0[]], tr: L7[]
[16:08:21.780603]	Exploring 0: L0[], 1: L0[], Ebi: L2[L0[], L0[]], Eib: L2[L0[], L0[]], Eii: L2[L0[], L0[]], put: L2[V2, V2] -> V0 -> V1 -> L2[L0[], V2], tr: L7[]
[16:08:21.781833]	Exploring 0: L0[], 1: L0[], Ebi: L2[L0[], L0[]], Eib: L2[L0[], L0[]], Eii: L2[L0[], L0[]], put: L2[V2, V2] -> V0 -> V1 -> L2[L7[], _9_], tr: L7[]
[16:08:21.782436]	Exploring 0: L0[], 1: L0[], Ebi: L2[L0[], L0[]], Eib: L2[L0[], L0[]], Eii: L2[L0[], L0[]], put: L2[V2, V2] -> V0 -> V1 -> L2[L7[], L7[]], tr: L7[]
[16:08:21.783703]	Exploring 0: L0[], 1: L0[], Ebi: L2[L0[], L0[]], Eib: L2[L0[], L0[]], Eii: L2[L0[], L0[]], put: L2[V2, V2] -> V0 -> V1 -> L2[V0, _9_], tr: L7[]
[16:08:21.784592]	Exploring 0: L0[], 1: L0[], Ebi: L2[L0[], L0[]], Eib: L2[L0[], L0[]], Eii: L2[L0[], L0[]], put: L2[V2, V2] -> V0 -> V1 -> L2[V0, V0], tr: L7[]
[16:08:21.786559]	Exploring 0: L0[], 1: L0[], Ebi: L2[L0[], L0[]], Eib: L2[L0[], L0[]], Eii: L2[L0[], L0[]], put: L2[V2, V2] -> V0 -> V1 -> L2[V1, _9_], tr: L7[]
[16:08:21.787573]	Exploring 0: L0[], 1: L0[], Ebi: L2[L0[], L0[]], Eib: L2[L0[], L0[]], Eii: L2[L0[], L0[]], put: L2[V2, V2] -> V0 -> V1 -> L2[V1, V1], tr: L7[]
[16:08:21.789441]	Exploring 0: L0[], 1: L0[], Ebi: L2[L0[], L0[]], Eib: L2[L0[], L0[]], Eii: L2[L0[], L0[]], put: L2[V2, V2] -> V0 -> V1 -> L2[V2, _9_], tr: L7[]
[16:08:21.790054]	Exploring 0: L0[], 1: L0[], Ebi: L2[L0[], L0[]], Eib: L2[L0[], L0[]], Eii: L2[L0[], L0[]], put: L2[V2, V2] -> V0 -> V1 -> L2[V2, L0[]], tr: L7[]
[16:08:21.791605]	Exploring 0: L0[], 1: L0[], Ebi: L2[L0[], L0[]], Eib: L2[L0[], L0[]], Eii: L2[L0[], L0[]], put: L2[V2, V2] -> V0 -> V1 -> L2[V2, V2], tr: L7[]
[16:08:21.793300]	Exploring 0: L0[], 1: L0[], Ebi: L2[L0[], L0[]], Eib: L2[L0[], L0[]], Eii: L2[L0[], L0[]], put: L2[V2, V3] -> V0 -> V1 -> L2[_8_, _9_], tr: L7[]
[16:08:21.794368]	Exploring 0: L0[], 1: L0[], Ebi: L2[L0[], L0[]], Eib: L2[L0[], L0[]], Eii: L2[L0[], L0[]], put: L2[V2, V3] -> V0 -> V1 -> L2[L0[], _9_], tr: L7[]
[16:08:21.795341]	Exploring 0: L0[], 1: L0[], Ebi: L2[L0[], L0[]], Eib: L2[L0[], L0[]], Eii: L2[L0[], L0[]], put: L2[V2, V3] -> V0 -> V1 -> L2[L0[], L0[]], tr: L7[]
[16:08:21.796532]	Exploring 0: L0[], 1: L0[], Ebi: L2[L0[], L0[]], Eib: L2[L0[], L0[]], Eii: L2[L0[], L0[]], put: L2[V2, V3] -> V0 -> V1 -> L2[L0[], L7[]], tr: L7[]
[16:08:21.797671]	Exploring 0: L0[], 1: L0[], Ebi: L2[L0[], L0[]], Eib: L2[L0[], L0[]], Eii: L2[L0[], L0[]], put: L2[V2, V3] -> V0 -> V1 -> L2[L0[], V0], tr: L7[]
[16:08:21.798859]	Exploring 0: L0[], 1: L0[], Ebi: L2[L0[], L0[]], Eib: L2[L0[], L0[]], Eii: L2[L0[], L0[]], put: L2[V2, V3] -> V0 -> V1 -> L2[L0[], V1], tr: L7[]
[16:08:21.800007]	Exploring 0: L0[], 1: L0[], Ebi: L2[L0[], L0[]], Eib: L2[L0[], L0[]], Eii: L2[L0[], L0[]], put: L2[V2, V3] -> V0 -> V1 -> L2[L0[], V2], tr: L7[]
[16:08:21.801118]	Exploring 0: L0[], 1: L0[], Ebi: L2[L0[], L0[]], Eib: L2[L0[], L0[]], Eii: L2[L0[], L0[]], put: L2[V2, V3] -> V0 -> V1 -> L2[L0[], V3], tr: L7[]
[16:08:21.802284]	Exploring 0: L0[], 1: L0[], Ebi: L2[L0[], L0[]], Eib: L2[L0[], L0[]], Eii: L2[L0[], L0[]], put: L2[V2, V3] -> V0 -> V1 -> L2[L7[], _9_], tr: L7[]
[16:08:21.802857]	Exploring 0: L0[], 1: L0[], Ebi: L2[L0[], L0[]], Eib: L2[L0[], L0[]], Eii: L2[L0[], L0[]], put: L2[V2, V3] -> V0 -> V1 -> L2[L7[], L0[]], tr: L7[]
[16:08:21.803977]	Exploring 0: L0[], 1: L0[], Ebi: L2[L0[], L0[]], Eib: L2[L0[], L0[]], Eii: L2[L0[], L0[]], put: L2[V2, V3] -> V0 -> V1 -> L2[L7[], L7[]], tr: L7[]
[16:08:21.805576]	Exploring 0: L0[], 1: L0[], Ebi: L2[L0[], L0[]], Eib: L2[L0[], L0[]], Eii: L2[L0[], L0[]], put: L2[V2, V3] -> V0 -> V1 -> L2[L7[], V0], tr: L7[]
[16:08:21.807060]	Exploring 0: L0[], 1: L0[], Ebi: L2[L0[], L0[]], Eib: L2[L0[], L0[]], Eii: L2[L0[], L0[]], put: L2[V2, V3] -> V0 -> V1 -> L2[L7[], V1], tr: L7[]
[16:08:21.808429]	Exploring 0: L0[], 1: L0[], Ebi: L2[L0[], L0[]], Eib: L2[L0[], L0[]], Eii: L2[L0[], L0[]], put: L2[V2, V3] -> V0 -> V1 -> L2[L7[], V2], tr: L7[]
[16:08:21.809710]	Exploring 0: L0[], 1: L0[], Ebi: L2[L0[], L0[]], Eib: L2[L0[], L0[]], Eii: L2[L0[], L0[]], put: L2[V2, V3] -> V0 -> V1 -> L2[L7[], V3], tr: L7[]
[16:08:21.811043]	Exploring 0: L0[], 1: L0[], Ebi: L2[L0[], L0[]], Eib: L2[L0[], L0[]], Eii: L2[L0[], L0[]], put: L2[V2, V3] -> V0 -> V1 -> L2[V0, _9_], tr: L7[]
[16:08:21.811935]	Exploring 0: L0[], 1: L0[], Ebi: L2[L0[], L0[]], Eib: L2[L0[], L0[]], Eii: L2[L0[], L0[]], put: L2[V2, V3] -> V0 -> V1 -> L2[V0, L0[]], tr: L7[]
[16:08:21.813372]	Exploring 0: L0[], 1: L0[], Ebi: L2[L0[], L0[]], Eib: L2[L0[], L0[]], Eii: L2[L0[], L0[]], put: L2[V2, V3] -> V0 -> V1 -> L2[V0, L7[]], tr: L7[]
[16:08:21.814801]	Exploring 0: L0[], 1: L0[], Ebi: L2[L0[], L0[]], Eib: L2[L0[], L0[]], Eii: L2[L0[], L0[]], put: L2[V2, V3] -> V0 -> V1 -> L2[V0, V0], tr: L7[]
[16:08:21.816190]	Exploring 0: L0[], 1: L0[], Ebi: L2[L0[], L0[]], Eib: L2[L0[], L0[]], Eii: L2[L0[], L0[]], put: L2[V2, V3] -> V0 -> V1 -> L2[V0, V1], tr: L7[]
[16:08:21.817565]	Exploring 0: L0[], 1: L0[], Ebi: L2[L0[], L0[]], Eib: L2[L0[], L0[]], Eii: L2[L0[], L0[]], put: L2[V2, V3] -> V0 -> V1 -> L2[V0, V2], tr: L7[]
[16:08:21.818972]	Exploring 0: L0[], 1: L0[], Ebi: L2[L0[], L0[]], Eib: L2[L0[], L0[]], Eii: L2[L0[], L0[]], put: L2[V2, V3] -> V0 -> V1 -> L2[V0, V3], tr: L7[]
[16:08:21.820523]	Exploring 0: L0[], 1: L0[], Ebi: L2[L0[], L0[]], Eib: L2[L0[], L0[]], Eii: L2[L0[], L0[]], put: L2[V2, V3] -> V0 -> V1 -> L2[V1, _9_], tr: L7[]
[16:08:21.821326]	Exploring 0: L0[], 1: L0[], Ebi: L2[L0[], L0[]], Eib: L2[L0[], L0[]], Eii: L2[L0[], L0[]], put: L2[V2, V3] -> V0 -> V1 -> L2[V1, L0[]], tr: L7[]
[16:08:21.822719]	Exploring 0: L0[], 1: L0[], Ebi: L2[L0[], L0[]], Eib: L2[L0[], L0[]], Eii: L2[L0[], L0[]], put: L2[V2, V3] -> V0 -> V1 -> L2[V1, L7[]], tr: L7[]
[16:08:21.824271]	Exploring 0: L0[], 1: L0[], Ebi: L2[L0[], L0[]], Eib: L2[L0[], L0[]], Eii: L2[L0[], L0[]], put: L2[V2, V3] -> V0 -> V1 -> L2[V1, V0], tr: L7[]
[16:08:21.825767]	Exploring 0: L0[], 1: L0[], Ebi: L2[L0[], L0[]], Eib: L2[L0[], L0[]], Eii: L2[L0[], L0[]], put: L2[V2, V3] -> V0 -> V1 -> L2[V1, V1], tr: L7[]
[16:08:21.827069]	Exploring 0: L0[], 1: L0[], Ebi: L2[L0[], L0[]], Eib: L2[L0[], L0[]], Eii: L2[L0[], L0[]], put: L2[V2, V3] -> V0 -> V1 -> L2[V1, V2], tr: L7[]
[16:08:21.828383]	Exploring 0: L0[], 1: L0[], Ebi: L2[L0[], L0[]], Eib: L2[L0[], L0[]], Eii: L2[L0[], L0[]], put: L2[V2, V3] -> V0 -> V1 -> L2[V1, V3], tr: L7[]
[16:08:21.829654]	Exploring 0: L0[], 1: L0[], Ebi: L2[L0[], L0[]], Eib: L2[L0[], L0[]], Eii: L2[L0[], L0[]], put: L2[V2, V3] -> V0 -> V1 -> L2[V2, _9_], tr: L7[]
[16:08:21.830300]	Exploring 0: L0[], 1: L0[], Ebi: L2[L0[], L0[]], Eib: L2[L0[], L0[]], Eii: L2[L0[], L0[]], put: L2[V2, V3] -> V0 -> V1 -> L2[V2, L0[]], tr: L7[]
[16:08:21.831476]	Exploring 0: L0[], 1: L0[], Ebi: L2[L0[], L0[]], Eib: L2[L0[], L0[]], Eii: L2[L0[], L0[]], put: L2[V2, V3] -> V0 -> V1 -> L2[V2, L7[]], tr: L7[]
[16:08:21.832676]	Exploring 0: L0[], 1: L0[], Ebi: L2[L0[], L0[]], Eib: L2[L0[], L0[]], Eii: L2[L0[], L0[]], put: L2[V2, V3] -> V0 -> V1 -> L2[V2, V0], tr: L7[]
[16:08:21.833957]	Exploring 0: L0[], 1: L0[], Ebi: L2[L0[], L0[]], Eib: L2[L0[], L0[]], Eii: L2[L0[], L0[]], put: L2[V2, V3] -> V0 -> V1 -> L2[V2, V1], tr: L7[]
[16:08:21.835173]	Exploring 0: L0[], 1: L0[], Ebi: L2[L0[], L0[]], Eib: L2[L0[], L0[]], Eii: L2[L0[], L0[]], put: L2[V2, V3] -> V0 -> V1 -> L2[V2, V2], tr: L7[]
[16:08:21.836334]	Exploring 0: L0[], 1: L0[], Ebi: L2[L0[], L0[]], Eib: L2[L0[], L0[]], Eii: L2[L0[], L0[]], put: L2[V2, V3] -> V0 -> V1 -> L2[V2, V3], tr: L7[]
[16:08:21.837595]	Exploring 0: L0[], 1: L0[], Ebi: L2[L0[], L0[]], Eib: L2[L0[], L0[]], Eii: L2[L0[], L0[]], put: L2[V2, V3] -> V0 -> V1 -> L2[V3, _9_], tr: L7[]
[16:08:21.838294]	Exploring 0: L0[], 1: L0[], Ebi: L2[L0[], L0[]], Eib: L2[L0[], L0[]], Eii: L2[L0[], L0[]], put: L2[V2, V3] -> V0 -> V1 -> L2[V3, L0[]], tr: L7[]
[16:08:21.839525]	Exploring 0: L0[], 1: L0[], Ebi: L2[L0[], L0[]], Eib: L2[L0[], L0[]], Eii: L2[L0[], L0[]], put: L2[V2, V3] -> V0 -> V1 -> L2[V3, L7[]], tr: L7[]
[16:08:21.841177]	Exploring 0: L0[], 1: L0[], Ebi: L2[L0[], L0[]], Eib: L2[L0[], L0[]], Eii: L2[L0[], L0[]], put: L2[V2, V3] -> V0 -> V1 -> L2[V3, V0], tr: L7[]
[16:08:21.842806]	Exploring 0: L0[], 1: L0[], Ebi: L2[L0[], L0[]], Eib: L2[L0[], L0[]], Eii: L2[L0[], L0[]], put: L2[V2, V3] -> V0 -> V1 -> L2[V3, V1], tr: L7[]
[16:08:21.845194]	Exploring 0: L0[], 1: L0[], Ebi: L2[L0[], L0[]], Eib: L2[L0[], L0[]], Eii: L2[L0[], L0[]], put: L2[V2, V3] -> V0 -> V1 -> L2[V3, V2], tr: L7[]
[16:08:21.846727]	Exploring 0: L0[], 1: L0[], Ebi: L2[L0[], L0[]], Eib: L2[L0[], L0[]], Eii: L2[L0[], L0[]], put: L2[V2, V3] -> V0 -> V1 -> L2[V3, V3], tr: L7[]
[16:08:21.848650]	Exploring 0: L0[], 1: L0[], Ebi: L2[L0[], L0[]], Eib: L2[L0[], L0[]], Eii: L2[L0[], L7[]], put: L2[_6_, _7_] -> V0 -> V1 -> L2[_8_, _9_], tr: L7[]
[16:08:21.849463]	Exploring 0: L0[], 1: L0[], Ebi: L2[L0[], L0[]], Eib: L2[L0[], L0[]], Eii: L2[L0[], L7[]], put: L2[L0[], _7_] -> V0 -> V1 -> L2[_8_, _9_], tr: L7[]
[16:08:21.850642]	Exploring 0: L0[], 1: L0[], Ebi: L2[L0[], L0[]], Eib: L2[L0[], L0[]], Eii: L2[L0[], L7[]], put: L2[L0[], V2] -> V0 -> V1 -> L2[_8_, _9_], tr: L7[]
[16:08:21.851462]	Exploring 0: L0[], 1: L0[], Ebi: L2[L0[], L0[]], Eib: L2[L0[], L0[]], Eii: L2[L0[], L7[]], put: L2[L0[], V2] -> V0 -> V1 -> L2[L0[], _9_], tr: L7[]
[16:08:21.852111]	Exploring 0: L0[], 1: L0[], Ebi: L2[L0[], L0[]], Eib: L2[L0[], L0[]], Eii: L2[L0[], L7[]], put: L2[L0[], V2] -> V0 -> V1 -> L2[L0[], L0[]], tr: L7[]
[16:08:21.853137]	Exploring 0: L0[], 1: L0[], Ebi: L2[L0[], L0[]], Eib: L2[L0[], L0[]], Eii: L2[L0[], L7[]], put: L2[L0[], V2] -> V0 -> V1 -> L2[L0[], L7[]], tr: L7[]
[16:08:21.854183]	Exploring 0: L0[], 1: L0[], Ebi: L2[L0[], L0[]], Eib: L2[L0[], L0[]], Eii: L2[L0[], L7[]], put: L2[L0[], V2] -> V0 -> V1 -> L2[L0[], V0], tr: L7[]
[16:08:21.855330]	Exploring 0: L0[], 1: L0[], Ebi: L2[L0[], L0[]], Eib: L2[L0[], L0[]], Eii: L2[L0[], L7[]], put: L2[L0[], V2] -> V0 -> V1 -> L2[L0[], V1], tr: L7[]
[16:08:21.856448]	Exploring 0: L0[], 1: L0[], Ebi: L2[L0[], L0[]], Eib: L2[L0[], L0[]], Eii: L2[L0[], L7[]], put: L2[L0[], V2] -> V0 -> V1 -> L2[L0[], V2], tr: L7[]
[16:08:21.858143]	Exploring 0: L0[], 1: L0[], Ebi: L2[L0[], L0[]], Eib: L2[L0[], L0[]], Eii: L2[L0[], L7[]], put: L2[V2, _7_] -> V0 -> V1 -> L2[_8_, _9_], tr: L7[]
[16:08:21.859224]	Exploring 0: L0[], 1: L0[], Ebi: L2[L0[], L0[]], Eib: L2[L0[], L0[]], Eii: L2[L0[], L7[]], put: L2[V2, V3] -> V0 -> V1 -> L2[_8_, _9_], tr: L7[]
[16:08:21.859825]	Exploring 0: L0[], 1: L0[], Ebi: L2[L0[], L0[]], Eib: L2[L0[], L0[]], Eii: L2[L0[], L7[]], put: L2[V2, V3] -> V0 -> V1 -> L2[L0[], _9_], tr: L7[]
[16:08:21.860390]	Exploring 0: L0[], 1: L0[], Ebi: L2[L0[], L0[]], Eib: L2[L0[], L0[]], Eii: L2[L0[], L7[]], put: L2[V2, V3] -> V0 -> V1 -> L2[L0[], L0[]], tr: L7[]
[16:08:21.861493]	Exploring 0: L0[], 1: L0[], Ebi: L2[L0[], L0[]], Eib: L2[L0[], L0[]], Eii: L2[L0[], L7[]], put: L2[V2, V3] -> V0 -> V1 -> L2[L0[], L7[]], tr: L7[]
[16:08:21.862696]	Exploring 0: L0[], 1: L0[], Ebi: L2[L0[], L0[]], Eib: L2[L0[], L0[]], Eii: L2[L0[], L7[]], put: L2[V2, V3] -> V0 -> V1 -> L2[L0[], V0], tr: L7[]
[16:08:21.864031]	Exploring 0: L0[], 1: L0[], Ebi: L2[L0[], L0[]], Eib: L2[L0[], L0[]], Eii: L2[L0[], L7[]], put: L2[V2, V3] -> V0 -> V1 -> L2[L0[], V1], tr: L7[]
[16:08:21.865285]	Exploring 0: L0[], 1: L0[], Ebi: L2[L0[], L0[]], Eib: L2[L0[], L0[]], Eii: L2[L0[], L7[]], put: L2[V2, V3] -> V0 -> V1 -> L2[L0[], V2], tr: L7[]
[16:08:21.866446]	Exploring 0: L0[], 1: L0[], Ebi: L2[L0[], L0[]], Eib: L2[L0[], L0[]], Eii: L2[L0[], L7[]], put: L2[V2, V3] -> V0 -> V1 -> L2[L0[], V3], tr: L7[]
[16:08:21.867611]	Exploring 0: L0[], 1: L0[], Ebi: L2[L0[], L0[]], Eib: L2[L0[], L0[]], Eii: L2[L0[], L7[]], put: L2[V2, V3] -> V0 -> V1 -> L2[L7[], _9_], tr: L7[]
[16:08:21.868207]	Exploring 0: L0[], 1: L0[], Ebi: L2[L0[], L0[]], Eib: L2[L0[], L0[]], Eii: L2[L0[], L7[]], put: L2[V2, V3] -> V0 -> V1 -> L2[L7[], L0[]], tr: L7[]
[16:08:21.869288]	Exploring 0: L0[], 1: L0[], Ebi: L2[L0[], L0[]], Eib: L2[L0[], L0[]], Eii: L2[L0[], L7[]], put: L2[V2, V3] -> V0 -> V1 -> L2[L7[], L7[]], tr: L7[]
[16:08:21.870450]	Exploring 0: L0[], 1: L0[], Ebi: L2[L0[], L0[]], Eib: L2[L0[], L0[]], Eii: L2[L0[], L7[]], put: L2[V2, V3] -> V0 -> V1 -> L2[L7[], V0], tr: L7[]
[16:08:21.871744]	Exploring 0: L0[], 1: L0[], Ebi: L2[L0[], L0[]], Eib: L2[L0[], L0[]], Eii: L2[L0[], L7[]], put: L2[V2, V3] -> V0 -> V1 -> L2[L7[], V1], tr: L7[]
[16:08:21.872962]	Exploring 0: L0[], 1: L0[], Ebi: L2[L0[], L0[]], Eib: L2[L0[], L0[]], Eii: L2[L0[], L7[]], put: L2[V2, V3] -> V0 -> V1 -> L2[L7[], V2], tr: L7[]
[16:08:21.874114]	Exploring 0: L0[], 1: L0[], Ebi: L2[L0[], L0[]], Eib: L2[L0[], L0[]], Eii: L2[L0[], L7[]], put: L2[V2, V3] -> V0 -> V1 -> L2[L7[], V3], tr: L7[]
[16:08:21.875328]	Exploring 0: L0[], 1: L0[], Ebi: L2[L0[], L0[]], Eib: L2[L0[], L0[]], Eii: L2[L0[], L7[]], put: L2[V2, V3] -> V0 -> V1 -> L2[V0, _9_], tr: L7[]
[16:08:21.876006]	Exploring 0: L0[], 1: L0[], Ebi: L2[L0[], L0[]], Eib: L2[L0[], L0[]], Eii: L2[L0[], L7[]], put: L2[V2, V3] -> V0 -> V1 -> L2[V0, L0[]], tr: L7[]
[16:08:21.877276]	Exploring 0: L0[], 1: L0[], Ebi: L2[L0[], L0[]], Eib: L2[L0[], L0[]], Eii: L2[L0[], L7[]], put: L2[V2, V3] -> V0 -> V1 -> L2[V0, L7[]], tr: L7[]
[16:08:21.878571]	Exploring 0: L0[], 1: L0[], Ebi: L2[L0[], L0[]], Eib: L2[L0[], L0[]], Eii: L2[L0[], L7[]], put: L2[V2, V3] -> V0 -> V1 -> L2[V0, V0], tr: L7[]
[16:08:21.880885]	Exploring 0: L0[], 1: L0[], Ebi: L2[L0[], L0[]], Eib: L2[L0[], L0[]], Eii: L2[L0[], L7[]], put: L2[V2, V3] -> V0 -> V1 -> L2[V0, V1], tr: L7[]
[16:08:21.883006]	Exploring 0: L0[], 1: L0[], Ebi: L2[L0[], L0[]], Eib: L2[L0[], L0[]], Eii: L2[L0[], L7[]], put: L2[V2, V3] -> V0 -> V1 -> L2[V0, V2], tr: L7[]
[16:08:21.884411]	Exploring 0: L0[], 1: L0[], Ebi: L2[L0[], L0[]], Eib: L2[L0[], L0[]], Eii: L2[L0[], L7[]], put: L2[V2, V3] -> V0 -> V1 -> L2[V0, V3], tr: L7[]
[16:08:21.885710]	Exploring 0: L0[], 1: L0[], Ebi: L2[L0[], L0[]], Eib: L2[L0[], L0[]], Eii: L2[L0[], L7[]], put: L2[V2, V3] -> V0 -> V1 -> L2[V1, _9_], tr: L7[]
[16:08:21.886420]	Exploring 0: L0[], 1: L0[], Ebi: L2[L0[], L0[]], Eib: L2[L0[], L0[]], Eii: L2[L0[], L7[]], put: L2[V2, V3] -> V0 -> V1 -> L2[V1, L0[]], tr: L7[]
[16:08:21.887729]	Exploring 0: L0[], 1: L0[], Ebi: L2[L0[], L0[]], Eib: L2[L0[], L0[]], Eii: L2[L0[], L7[]], put: L2[V2, V3] -> V0 -> V1 -> L2[V1, L7[]], tr: L7[]
[16:08:21.889026]	Exploring 0: L0[], 1: L0[], Ebi: L2[L0[], L0[]], Eib: L2[L0[], L0[]], Eii: L2[L0[], L7[]], put: L2[V2, V3] -> V0 -> V1 -> L2[V1, V0], tr: L7[]
[16:08:21.890317]	Exploring 0: L0[], 1: L0[], Ebi: L2[L0[], L0[]], Eib: L2[L0[], L0[]], Eii: L2[L0[], L7[]], put: L2[V2, V3] -> V0 -> V1 -> L2[V1, V1], tr: L7[]
[16:08:21.891608]	Exploring 0: L0[], 1: L0[], Ebi: L2[L0[], L0[]], Eib: L2[L0[], L0[]], Eii: L2[L0[], L7[]], put: L2[V2, V3] -> V0 -> V1 -> L2[V1, V2], tr: L7[]
[16:08:21.892892]	Exploring 0: L0[], 1: L0[], Ebi: L2[L0[], L0[]], Eib: L2[L0[], L0[]], Eii: L2[L0[], L7[]], put: L2[V2, V3] -> V0 -> V1 -> L2[V1, V3], tr: L7[]
[16:08:21.894083]	Exploring 0: L0[], 1: L0[], Ebi: L2[L0[], L0[]], Eib: L2[L0[], L0[]], Eii: L2[L0[], L7[]], put: L2[V2, V3] -> V0 -> V1 -> L2[V2, _9_], tr: L7[]
[16:08:21.894699]	Exploring 0: L0[], 1: L0[], Ebi: L2[L0[], L0[]], Eib: L2[L0[], L0[]], Eii: L2[L0[], L7[]], put: L2[V2, V3] -> V0 -> V1 -> L2[V2, L0[]], tr: L7[]
[16:08:21.895894]	Exploring 0: L0[], 1: L0[], Ebi: L2[L0[], L0[]], Eib: L2[L0[], L0[]], Eii: L2[L0[], L7[]], put: L2[V2, V3] -> V0 -> V1 -> L2[V2, L7[]], tr: L7[]
[16:08:21.897143]	Exploring 0: L0[], 1: L0[], Ebi: L2[L0[], L0[]], Eib: L2[L0[], L0[]], Eii: L2[L0[], L7[]], put: L2[V2, V3] -> V0 -> V1 -> L2[V2, V0], tr: L7[]
[16:08:21.898430]	Exploring 0: L0[], 1: L0[], Ebi: L2[L0[], L0[]], Eib: L2[L0[], L0[]], Eii: L2[L0[], L7[]], put: L2[V2, V3] -> V0 -> V1 -> L2[V2, V1], tr: L7[]
[16:08:21.899637]	Exploring 0: L0[], 1: L0[], Ebi: L2[L0[], L0[]], Eib: L2[L0[], L0[]], Eii: L2[L0[], L7[]], put: L2[V2, V3] -> V0 -> V1 -> L2[V2, V2], tr: L7[]
[16:08:21.901013]	Exploring 0: L0[], 1: L0[], Ebi: L2[L0[], L0[]], Eib: L2[L0[], L0[]], Eii: L2[L0[], L7[]], put: L2[V2, V3] -> V0 -> V1 -> L2[V2, V3], tr: L7[]
[16:08:21.902242]	Exploring 0: L0[], 1: L0[], Ebi: L2[L0[], L0[]], Eib: L2[L0[], L0[]], Eii: L2[L0[], L7[]], put: L2[V2, V3] -> V0 -> V1 -> L2[V3, _9_], tr: L7[]
[16:08:21.903327]	Exploring 0: L0[], 1: L0[], Ebi: L2[L0[], L0[]], Eib: L2[L0[], L0[]], Eii: L2[L0[], L7[]], put: L2[V2, V3] -> V0 -> V1 -> L2[V3, L0[]], tr: L7[]
[16:08:21.905382]	Exploring 0: L0[], 1: L0[], Ebi: L2[L0[], L0[]], Eib: L2[L0[], L0[]], Eii: L2[L0[], L7[]], put: L2[V2, V3] -> V0 -> V1 -> L2[V3, L7[]], tr: L7[]
[16:08:21.906704]	Exploring 0: L0[], 1: L0[], Ebi: L2[L0[], L0[]], Eib: L2[L0[], L0[]], Eii: L2[L0[], L7[]], put: L2[V2, V3] -> V0 -> V1 -> L2[V3, V0], tr: L7[]
[16:08:21.907978]	Exploring 0: L0[], 1: L0[], Ebi: L2[L0[], L0[]], Eib: L2[L0[], L0[]], Eii: L2[L0[], L7[]], put: L2[V2, V3] -> V0 -> V1 -> L2[V3, V1], tr: L7[]
[16:08:21.909196]	Exploring 0: L0[], 1: L0[], Ebi: L2[L0[], L0[]], Eib: L2[L0[], L0[]], Eii: L2[L0[], L7[]], put: L2[V2, V3] -> V0 -> V1 -> L2[V3, V2], tr: L7[]
[16:08:21.910358]	Exploring 0: L0[], 1: L0[], Ebi: L2[L0[], L0[]], Eib: L2[L0[], L0[]], Eii: L2[L0[], L7[]], put: L2[V2, V3] -> V0 -> V1 -> L2[V3, V3], tr: L7[]
[16:08:21.911319]	Exploring 0: L0[], 1: L0[], Ebi: L2[L0[], L0[]], Eib: L2[L0[], L0[]], Eii: L2[L7[], _5_], put: L2[_6_, _7_] -> V0 -> V1 -> L2[_8_, _9_], tr: L7[]
[16:08:21.911727]	Exploring 0: L0[], 1: L0[], Ebi: L2[L0[], L0[]], Eib: L2[L0[], L0[]], Eii: L2[L7[], L0[]], put: L2[_6_, _7_] -> V0 -> V1 -> L2[_8_, _9_], tr: L7[]
[16:08:21.912404]	Exploring 0: L0[], 1: L0[], Ebi: L2[L0[], L0[]], Eib: L2[L0[], L0[]], Eii: L2[L7[], L0[]], put: L2[V2, _7_] -> V0 -> V1 -> L2[_8_, _9_], tr: L7[]
[16:08:21.912952]	Exploring 0: L0[], 1: L0[], Ebi: L2[L0[], L0[]], Eib: L2[L0[], L0[]], Eii: L2[L7[], L0[]], put: L2[V2, L0[]] -> V0 -> V1 -> L2[_8_, _9_], tr: L7[]
[16:08:21.913514]	Exploring 0: L0[], 1: L0[], Ebi: L2[L0[], L0[]], Eib: L2[L0[], L0[]], Eii: L2[L7[], L0[]], put: L2[V2, L0[]] -> V0 -> V1 -> L2[L0[], _9_], tr: L7[]
[16:08:21.914622]	Exploring 0: L0[], 1: L0[], Ebi: L2[L0[], L0[]], Eib: L2[L0[], L0[]], Eii: L2[L7[], L0[]], put: L2[V2, L0[]] -> V0 -> V1 -> L2[L0[], L0[]], tr: L7[]
[16:08:21.916541]	Exploring 0: L0[], 1: L0[], Ebi: L2[L0[], L0[]], Eib: L2[L0[], L0[]], Eii: L2[L7[], L0[]], put: L2[V2, L0[]] -> V0 -> V1 -> L2[L7[], _9_], tr: L7[]
[16:08:21.917388]	Exploring 0: L0[], 1: L0[], Ebi: L2[L0[], L0[]], Eib: L2[L0[], L0[]], Eii: L2[L7[], L0[]], put: L2[V2, L0[]] -> V0 -> V1 -> L2[L7[], L0[]], tr: L7[]
[16:08:21.919064]	Exploring 0: L0[], 1: L0[], Ebi: L2[L0[], L0[]], Eib: L2[L0[], L0[]], Eii: L2[L7[], L0[]], put: L2[V2, L0[]] -> V0 -> V1 -> L2[V0, _9_], tr: L7[]
[16:08:21.920341]	Exploring 0: L0[], 1: L0[], Ebi: L2[L0[], L0[]], Eib: L2[L0[], L0[]], Eii: L2[L7[], L0[]], put: L2[V2, L0[]] -> V0 -> V1 -> L2[V0, L0[]], tr: L7[]
[16:08:21.922121]	Exploring 0: L0[], 1: L0[], Ebi: L2[L0[], L0[]], Eib: L2[L0[], L0[]], Eii: L2[L7[], L0[]], put: L2[V2, L0[]] -> V0 -> V1 -> L2[V1, _9_], tr: L7[]
[16:08:21.922794]	Exploring 0: L0[], 1: L0[], Ebi: L2[L0[], L0[]], Eib: L2[L0[], L0[]], Eii: L2[L7[], L0[]], put: L2[V2, L0[]] -> V0 -> V1 -> L2[V1, L0[]], tr: L7[]
[16:08:21.925141]	Exploring 0: L0[], 1: L0[], Ebi: L2[L0[], L0[]], Eib: L2[L0[], L0[]], Eii: L2[L7[], L0[]], put: L2[V2, L0[]] -> V0 -> V1 -> L2[V2, _9_], tr: L7[]
[16:08:21.926076]	Exploring 0: L0[], 1: L0[], Ebi: L2[L0[], L0[]], Eib: L2[L0[], L0[]], Eii: L2[L7[], L0[]], put: L2[V2, L0[]] -> V0 -> V1 -> L2[V2, L0[]], tr: L7[]
[16:08:21.928791]	Exploring 0: L0[], 1: L0[], Ebi: L2[L0[], L0[]], Eib: L2[L0[], L0[]], Eii: L2[L7[], L0[]], put: L2[V2, V3] -> V0 -> V1 -> L2[_8_, _9_], tr: L7[]
[16:08:21.929933]	Exploring 0: L0[], 1: L0[], Ebi: L2[L0[], L0[]], Eib: L2[L0[], L0[]], Eii: L2[L7[], L0[]], put: L2[V2, V3] -> V0 -> V1 -> L2[L0[], _9_], tr: L7[]
[16:08:21.931239]	Exploring 0: L0[], 1: L0[], Ebi: L2[L0[], L0[]], Eib: L2[L0[], L0[]], Eii: L2[L7[], L0[]], put: L2[V2, V3] -> V0 -> V1 -> L2[L0[], L0[]], tr: L7[]
[16:08:21.932900]	Exploring 0: L0[], 1: L0[], Ebi: L2[L0[], L0[]], Eib: L2[L0[], L0[]], Eii: L2[L7[], L0[]], put: L2[V2, V3] -> V0 -> V1 -> L2[L0[], L7[]], tr: L7[]
[16:08:21.934361]	Exploring 0: L0[], 1: L0[], Ebi: L2[L0[], L0[]], Eib: L2[L0[], L0[]], Eii: L2[L7[], L0[]], put: L2[V2, V3] -> V0 -> V1 -> L2[L0[], V0], tr: L7[]
[16:08:21.936106]	Exploring 0: L0[], 1: L0[], Ebi: L2[L0[], L0[]], Eib: L2[L0[], L0[]], Eii: L2[L7[], L0[]], put: L2[V2, V3] -> V0 -> V1 -> L2[L0[], V1], tr: L7[]
[16:08:21.938293]	Exploring 0: L0[], 1: L0[], Ebi: L2[L0[], L0[]], Eib: L2[L0[], L0[]], Eii: L2[L7[], L0[]], put: L2[V2, V3] -> V0 -> V1 -> L2[L0[], V2], tr: L7[]
[16:08:21.939848]	Exploring 0: L0[], 1: L0[], Ebi: L2[L0[], L0[]], Eib: L2[L0[], L0[]], Eii: L2[L7[], L0[]], put: L2[V2, V3] -> V0 -> V1 -> L2[L0[], V3], tr: L7[]
[16:08:21.941248]	Exploring 0: L0[], 1: L0[], Ebi: L2[L0[], L0[]], Eib: L2[L0[], L0[]], Eii: L2[L7[], L0[]], put: L2[V2, V3] -> V0 -> V1 -> L2[L7[], _9_], tr: L7[]
[16:08:21.941967]	Exploring 0: L0[], 1: L0[], Ebi: L2[L0[], L0[]], Eib: L2[L0[], L0[]], Eii: L2[L7[], L0[]], put: L2[V2, V3] -> V0 -> V1 -> L2[L7[], L0[]], tr: L7[]
[16:08:21.943442]	Exploring 0: L0[], 1: L0[], Ebi: L2[L0[], L0[]], Eib: L2[L0[], L0[]], Eii: L2[L7[], L0[]], put: L2[V2, V3] -> V0 -> V1 -> L2[L7[], L7[]], tr: L7[]
[16:08:21.944967]	Exploring 0: L0[], 1: L0[], Ebi: L2[L0[], L0[]], Eib: L2[L0[], L0[]], Eii: L2[L7[], L0[]], put: L2[V2, V3] -> V0 -> V1 -> L2[L7[], V0], tr: L7[]
[16:08:21.946687]	Exploring 0: L0[], 1: L0[], Ebi: L2[L0[], L0[]], Eib: L2[L0[], L0[]], Eii: L2[L7[], L0[]], put: L2[V2, V3] -> V0 -> V1 -> L2[L7[], V1], tr: L7[]
[16:08:21.948603]	Exploring 0: L0[], 1: L0[], Ebi: L2[L0[], L0[]], Eib: L2[L0[], L0[]], Eii: L2[L7[], L0[]], put: L2[V2, V3] -> V0 -> V1 -> L2[L7[], V2], tr: L7[]
[16:08:21.950397]	Exploring 0: L0[], 1: L0[], Ebi: L2[L0[], L0[]], Eib: L2[L0[], L0[]], Eii: L2[L7[], L0[]], put: L2[V2, V3] -> V0 -> V1 -> L2[L7[], V3], tr: L7[]
[16:08:21.952146]	Exploring 0: L0[], 1: L0[], Ebi: L2[L0[], L0[]], Eib: L2[L0[], L0[]], Eii: L2[L7[], L0[]], put: L2[V2, V3] -> V0 -> V1 -> L2[V0, _9_], tr: L7[]
[16:08:21.953140]	Exploring 0: L0[], 1: L0[], Ebi: L2[L0[], L0[]], Eib: L2[L0[], L0[]], Eii: L2[L7[], L0[]], put: L2[V2, V3] -> V0 -> V1 -> L2[V0, L0[]], tr: L7[]
[16:08:21.954953]	Exploring 0: L0[], 1: L0[], Ebi: L2[L0[], L0[]], Eib: L2[L0[], L0[]], Eii: L2[L7[], L0[]], put: L2[V2, V3] -> V0 -> V1 -> L2[V0, L7[]], tr: L7[]
[16:08:21.957257]	Exploring 0: L0[], 1: L0[], Ebi: L2[L0[], L0[]], Eib: L2[L0[], L0[]], Eii: L2[L7[], L0[]], put: L2[V2, V3] -> V0 -> V1 -> L2[V0, V0], tr: L7[]
[16:08:21.960235]	Exploring 0: L0[], 1: L0[], Ebi: L2[L0[], L0[]], Eib: L2[L0[], L0[]], Eii: L2[L7[], L0[]], put: L2[V2, V3] -> V0 -> V1 -> L2[V0, V1], tr: L7[]
[16:08:21.962084]	Exploring 0: L0[], 1: L0[], Ebi: L2[L0[], L0[]], Eib: L2[L0[], L0[]], Eii: L2[L7[], L0[]], put: L2[V2, V3] -> V0 -> V1 -> L2[V0, V2], tr: L7[]
[16:08:21.963773]	Exploring 0: L0[], 1: L0[], Ebi: L2[L0[], L0[]], Eib: L2[L0[], L0[]], Eii: L2[L7[], L0[]], put: L2[V2, V3] -> V0 -> V1 -> L2[V0, V3], tr: L7[]
[16:08:21.965298]	Exploring 0: L0[], 1: L0[], Ebi: L2[L0[], L0[]], Eib: L2[L0[], L0[]], Eii: L2[L7[], L0[]], put: L2[V2, V3] -> V0 -> V1 -> L2[V1, _9_], tr: L7[]
[16:08:21.966115]	Exploring 0: L0[], 1: L0[], Ebi: L2[L0[], L0[]], Eib: L2[L0[], L0[]], Eii: L2[L7[], L0[]], put: L2[V2, V3] -> V0 -> V1 -> L2[V1, L0[]], tr: L7[]
[16:08:21.967711]	Exploring 0: L0[], 1: L0[], Ebi: L2[L0[], L0[]], Eib: L2[L0[], L0[]], Eii: L2[L7[], L0[]], put: L2[V2, V3] -> V0 -> V1 -> L2[V1, L7[]], tr: L7[]
[16:08:21.969169]	Exploring 0: L0[], 1: L0[], Ebi: L2[L0[], L0[]], Eib: L2[L0[], L0[]], Eii: L2[L7[], L0[]], put: L2[V2, V3] -> V0 -> V1 -> L2[V1, V0], tr: L7[]
[16:08:21.970617]	Exploring 0: L0[], 1: L0[], Ebi: L2[L0[], L0[]], Eib: L2[L0[], L0[]], Eii: L2[L7[], L0[]], put: L2[V2, V3] -> V0 -> V1 -> L2[V1, V1], tr: L7[]
[16:08:21.972055]	Exploring 0: L0[], 1: L0[], Ebi: L2[L0[], L0[]], Eib: L2[L0[], L0[]], Eii: L2[L7[], L0[]], put: L2[V2, V3] -> V0 -> V1 -> L2[V1, V2], tr: L7[]
[16:08:21.973440]	Exploring 0: L0[], 1: L0[], Ebi: L2[L0[], L0[]], Eib: L2[L0[], L0[]], Eii: L2[L7[], L0[]], put: L2[V2, V3] -> V0 -> V1 -> L2[V1, V3], tr: L7[]
[16:08:21.974765]	Exploring 0: L0[], 1: L0[], Ebi: L2[L0[], L0[]], Eib: L2[L0[], L0[]], Eii: L2[L7[], L0[]], put: L2[V2, V3] -> V0 -> V1 -> L2[V2, _9_], tr: L7[]
[16:08:21.975417]	Exploring 0: L0[], 1: L0[], Ebi: L2[L0[], L0[]], Eib: L2[L0[], L0[]], Eii: L2[L7[], L0[]], put: L2[V2, V3] -> V0 -> V1 -> L2[V2, L0[]], tr: L7[]
[16:08:21.976618]	Exploring 0: L0[], 1: L0[], Ebi: L2[L0[], L0[]], Eib: L2[L0[], L0[]], Eii: L2[L7[], L0[]], put: L2[V2, V3] -> V0 -> V1 -> L2[V2, L7[]], tr: L7[]
[16:08:21.977854]	Exploring 0: L0[], 1: L0[], Ebi: L2[L0[], L0[]], Eib: L2[L0[], L0[]], Eii: L2[L7[], L0[]], put: L2[V2, V3] -> V0 -> V1 -> L2[V2, V0], tr: L7[]
[16:08:21.979201]	Exploring 0: L0[], 1: L0[], Ebi: L2[L0[], L0[]], Eib: L2[L0[], L0[]], Eii: L2[L7[], L0[]], put: L2[V2, V3] -> V0 -> V1 -> L2[V2, V1], tr: L7[]
[16:08:21.980634]	Exploring 0: L0[], 1: L0[], Ebi: L2[L0[], L0[]], Eib: L2[L0[], L0[]], Eii: L2[L7[], L0[]], put: L2[V2, V3] -> V0 -> V1 -> L2[V2, V2], tr: L7[]
[16:08:21.981857]	Exploring 0: L0[], 1: L0[], Ebi: L2[L0[], L0[]], Eib: L2[L0[], L0[]], Eii: L2[L7[], L0[]], put: L2[V2, V3] -> V0 -> V1 -> L2[V2, V3], tr: L7[]
[16:08:21.983113]	Exploring 0: L0[], 1: L0[], Ebi: L2[L0[], L0[]], Eib: L2[L0[], L0[]], Eii: L2[L7[], L0[]], put: L2[V2, V3] -> V0 -> V1 -> L2[V3, _9_], tr: L7[]
[16:08:21.983900]	Exploring 0: L0[], 1: L0[], Ebi: L2[L0[], L0[]], Eib: L2[L0[], L0[]], Eii: L2[L7[], L0[]], put: L2[V2, V3] -> V0 -> V1 -> L2[V3, L0[]], tr: L7[]
[16:08:21.985156]	Exploring 0: L0[], 1: L0[], Ebi: L2[L0[], L0[]], Eib: L2[L0[], L0[]], Eii: L2[L7[], L0[]], put: L2[V2, V3] -> V0 -> V1 -> L2[V3, L7[]], tr: L7[]
[16:08:21.986457]	Exploring 0: L0[], 1: L0[], Ebi: L2[L0[], L0[]], Eib: L2[L0[], L0[]], Eii: L2[L7[], L0[]], put: L2[V2, V3] -> V0 -> V1 -> L2[V3, V0], tr: L7[]
[16:08:21.987772]	Exploring 0: L0[], 1: L0[], Ebi: L2[L0[], L0[]], Eib: L2[L0[], L0[]], Eii: L2[L7[], L0[]], put: L2[V2, V3] -> V0 -> V1 -> L2[V3, V1], tr: L7[]
[16:08:21.989065]	Exploring 0: L0[], 1: L0[], Ebi: L2[L0[], L0[]], Eib: L2[L0[], L0[]], Eii: L2[L7[], L0[]], put: L2[V2, V3] -> V0 -> V1 -> L2[V3, V2], tr: L7[]
[16:08:21.990269]	Exploring 0: L0[], 1: L0[], Ebi: L2[L0[], L0[]], Eib: L2[L0[], L0[]], Eii: L2[L7[], L0[]], put: L2[V2, V3] -> V0 -> V1 -> L2[V3, V3], tr: L7[]
[16:08:21.991224]	Exploring 0: L0[], 1: L0[], Ebi: L2[L0[], L0[]], Eib: L2[L0[], L0[]], Eii: L2[L7[], L7[]], put: L2[_6_, _7_] -> V0 -> V1 -> L2[_8_, _9_], tr: L7[]
[16:08:21.991931]	Exploring 0: L0[], 1: L0[], Ebi: L2[L0[], L0[]], Eib: L2[L0[], L0[]], Eii: L2[L7[], L7[]], put: L2[V2, _7_] -> V0 -> V1 -> L2[_8_, _9_], tr: L7[]
[16:08:21.992618]	Exploring 0: L0[], 1: L0[], Ebi: L2[L0[], L0[]], Eib: L2[L0[], L0[]], Eii: L2[L7[], L7[]], put: L2[V2, V2] -> V0 -> V1 -> L2[_8_, _9_], tr: L7[]
[16:08:21.993127]	Exploring 0: L0[], 1: L0[], Ebi: L2[L0[], L0[]], Eib: L2[L0[], L0[]], Eii: L2[L7[], L7[]], put: L2[V2, V2] -> V0 -> V1 -> L2[L0[], _9_], tr: L7[]
[16:08:21.993670]	Exploring 0: L0[], 1: L0[], Ebi: L2[L0[], L0[]], Eib: L2[L0[], L0[]], Eii: L2[L7[], L7[]], put: L2[V2, V2] -> V0 -> V1 -> L2[L0[], L0[]], tr: L7[]
[16:08:21.995528]	Exploring 0: L0[], 1: L0[], Ebi: L2[L0[], L0[]], Eib: L2[L0[], L0[]], Eii: L2[L7[], L7[]], put: L2[V2, V2] -> V0 -> V1 -> L2[L7[], _9_], tr: L7[]
[16:08:21.996446]	Exploring 0: L0[], 1: L0[], Ebi: L2[L0[], L0[]], Eib: L2[L0[], L0[]], Eii: L2[L7[], L7[]], put: L2[V2, V2] -> V0 -> V1 -> L2[L7[], L7[]], tr: L7[]
[16:08:21.997954]	Exploring 0: L0[], 1: L0[], Ebi: L2[L0[], L0[]], Eib: L2[L0[], L0[]], Eii: L2[L7[], L7[]], put: L2[V2, V2] -> V0 -> V1 -> L2[V0, _9_], tr: L7[]
[16:08:21.998536]	Exploring 0: L0[], 1: L0[], Ebi: L2[L0[], L0[]], Eib: L2[L0[], L0[]], Eii: L2[L7[], L7[]], put: L2[V2, V2] -> V0 -> V1 -> L2[V0, V0], tr: L7[]
[16:08:21.999880]	Exploring 0: L0[], 1: L0[], Ebi: L2[L0[], L0[]], Eib: L2[L0[], L0[]], Eii: L2[L7[], L7[]], put: L2[V2, V2] -> V0 -> V1 -> L2[V1, _9_], tr: L7[]
[16:08:22.000534]	Exploring 0: L0[], 1: L0[], Ebi: L2[L0[], L0[]], Eib: L2[L0[], L0[]], Eii: L2[L7[], L7[]], put: L2[V2, V2] -> V0 -> V1 -> L2[V1, V1], tr: L7[]
[16:08:22.001744]	Exploring 0: L0[], 1: L0[], Ebi: L2[L0[], L0[]], Eib: L2[L0[], L0[]], Eii: L2[L7[], L7[]], put: L2[V2, V2] -> V0 -> V1 -> L2[V2, _9_], tr: L7[]
[16:08:22.002521]	Exploring 0: L0[], 1: L0[], Ebi: L2[L0[], L0[]], Eib: L2[L0[], L0[]], Eii: L2[L7[], L7[]], put: L2[V2, V2] -> V0 -> V1 -> L2[V2, V2], tr: L7[]
[16:08:22.003588]	Exploring 0: L0[], 1: L0[], Ebi: L2[L0[], L0[]], Eib: L2[L0[], L0[]], Eii: L2[L7[], L7[]], put: L2[V2, V3] -> V0 -> V1 -> L2[_8_, _9_], tr: L7[]
[16:08:22.004393]	Exploring 0: L0[], 1: L0[], Ebi: L2[L0[], L0[]], Eib: L2[L0[], L0[]], Eii: L2[L7[], L7[]], put: L2[V2, V3] -> V0 -> V1 -> L2[L0[], _9_], tr: L7[]
[16:08:22.005117]	Exploring 0: L0[], 1: L0[], Ebi: L2[L0[], L0[]], Eib: L2[L0[], L0[]], Eii: L2[L7[], L7[]], put: L2[V2, V3] -> V0 -> V1 -> L2[L0[], L0[]], tr: L7[]
[16:08:22.006050]	Exploring 0: L0[], 1: L0[], Ebi: L2[L0[], L0[]], Eib: L2[L0[], L0[]], Eii: L2[L7[], L7[]], put: L2[V2, V3] -> V0 -> V1 -> L2[L0[], L7[]], tr: L7[]
[16:08:22.007133]	Exploring 0: L0[], 1: L0[], Ebi: L2[L0[], L0[]], Eib: L2[L0[], L0[]], Eii: L2[L7[], L7[]], put: L2[V2, V3] -> V0 -> V1 -> L2[L0[], V0], tr: L7[]
[16:08:22.009055]	Exploring 0: L0[], 1: L0[], Ebi: L2[L0[], L0[]], Eib: L2[L0[], L0[]], Eii: L2[L7[], L7[]], put: L2[V2, V3] -> V0 -> V1 -> L2[L0[], V1], tr: L7[]
[16:08:22.010548]	Exploring 0: L0[], 1: L0[], Ebi: L2[L0[], L0[]], Eib: L2[L0[], L0[]], Eii: L2[L7[], L7[]], put: L2[V2, V3] -> V0 -> V1 -> L2[L0[], V2], tr: L7[]
[16:08:22.011564]	Exploring 0: L0[], 1: L0[], Ebi: L2[L0[], L0[]], Eib: L2[L0[], L0[]], Eii: L2[L7[], L7[]], put: L2[V2, V3] -> V0 -> V1 -> L2[L0[], V3], tr: L7[]
[16:08:22.012585]	Exploring 0: L0[], 1: L0[], Ebi: L2[L0[], L0[]], Eib: L2[L0[], L0[]], Eii: L2[L7[], L7[]], put: L2[V2, V3] -> V0 -> V1 -> L2[L7[], _9_], tr: L7[]
[16:08:22.013132]	Exploring 0: L0[], 1: L0[], Ebi: L2[L0[], L0[]], Eib: L2[L0[], L0[]], Eii: L2[L7[], L7[]], put: L2[V2, V3] -> V0 -> V1 -> L2[L7[], L0[]], tr: L7[]
[16:08:22.014008]	Exploring 0: L0[], 1: L0[], Ebi: L2[L0[], L0[]], Eib: L2[L0[], L0[]], Eii: L2[L7[], L7[]], put: L2[V2, V3] -> V0 -> V1 -> L2[L7[], L7[]], tr: L7[]
[16:08:22.014958]	Exploring 0: L0[], 1: L0[], Ebi: L2[L0[], L0[]], Eib: L2[L0[], L0[]], Eii: L2[L7[], L7[]], put: L2[V2, V3] -> V0 -> V1 -> L2[L7[], V0], tr: L7[]
[16:08:22.016034]	Exploring 0: L0[], 1: L0[], Ebi: L2[L0[], L0[]], Eib: L2[L0[], L0[]], Eii: L2[L7[], L7[]], put: L2[V2, V3] -> V0 -> V1 -> L2[L7[], V1], tr: L7[]
[16:08:22.017059]	Exploring 0: L0[], 1: L0[], Ebi: L2[L0[], L0[]], Eib: L2[L0[], L0[]], Eii: L2[L7[], L7[]], put: L2[V2, V3] -> V0 -> V1 -> L2[L7[], V2], tr: L7[]
[16:08:22.018005]	Exploring 0: L0[], 1: L0[], Ebi: L2[L0[], L0[]], Eib: L2[L0[], L0[]], Eii: L2[L7[], L7[]], put: L2[V2, V3] -> V0 -> V1 -> L2[L7[], V3], tr: L7[]
[16:08:22.019008]	Exploring 0: L0[], 1: L0[], Ebi: L2[L0[], L0[]], Eib: L2[L0[], L0[]], Eii: L2[L7[], L7[]], put: L2[V2, V3] -> V0 -> V1 -> L2[V0, _9_], tr: L7[]
[16:08:22.019586]	Exploring 0: L0[], 1: L0[], Ebi: L2[L0[], L0[]], Eib: L2[L0[], L0[]], Eii: L2[L7[], L7[]], put: L2[V2, V3] -> V0 -> V1 -> L2[V0, L0[]], tr: L7[]
[16:08:22.020616]	Exploring 0: L0[], 1: L0[], Ebi: L2[L0[], L0[]], Eib: L2[L0[], L0[]], Eii: L2[L7[], L7[]], put: L2[V2, V3] -> V0 -> V1 -> L2[V0, L7[]], tr: L7[]
[16:08:22.021620]	Exploring 0: L0[], 1: L0[], Ebi: L2[L0[], L0[]], Eib: L2[L0[], L0[]], Eii: L2[L7[], L7[]], put: L2[V2, V3] -> V0 -> V1 -> L2[V0, V0], tr: L7[]
[16:08:22.022661]	Exploring 0: L0[], 1: L0[], Ebi: L2[L0[], L0[]], Eib: L2[L0[], L0[]], Eii: L2[L7[], L7[]], put: L2[V2, V3] -> V0 -> V1 -> L2[V0, V1], tr: L7[]
[16:08:22.023659]	Exploring 0: L0[], 1: L0[], Ebi: L2[L0[], L0[]], Eib: L2[L0[], L0[]], Eii: L2[L7[], L7[]], put: L2[V2, V3] -> V0 -> V1 -> L2[V0, V2], tr: L7[]
[16:08:22.024627]	Exploring 0: L0[], 1: L0[], Ebi: L2[L0[], L0[]], Eib: L2[L0[], L0[]], Eii: L2[L7[], L7[]], put: L2[V2, V3] -> V0 -> V1 -> L2[V0, V3], tr: L7[]
[16:08:22.025620]	Exploring 0: L0[], 1: L0[], Ebi: L2[L0[], L0[]], Eib: L2[L0[], L0[]], Eii: L2[L7[], L7[]], put: L2[V2, V3] -> V0 -> V1 -> L2[V1, _9_], tr: L7[]
[16:08:22.026489]	Exploring 0: L0[], 1: L0[], Ebi: L2[L0[], L0[]], Eib: L2[L0[], L0[]], Eii: L2[L7[], L7[]], put: L2[V2, V3] -> V0 -> V1 -> L2[V1, L0[]], tr: L7[]
[16:08:22.027570]	Exploring 0: L0[], 1: L0[], Ebi: L2[L0[], L0[]], Eib: L2[L0[], L0[]], Eii: L2[L7[], L7[]], put: L2[V2, V3] -> V0 -> V1 -> L2[V1, L7[]], tr: L7[]
[16:08:22.028667]	Exploring 0: L0[], 1: L0[], Ebi: L2[L0[], L0[]], Eib: L2[L0[], L0[]], Eii: L2[L7[], L7[]], put: L2[V2, V3] -> V0 -> V1 -> L2[V1, V0], tr: L7[]
[16:08:22.029714]	Exploring 0: L0[], 1: L0[], Ebi: L2[L0[], L0[]], Eib: L2[L0[], L0[]], Eii: L2[L7[], L7[]], put: L2[V2, V3] -> V0 -> V1 -> L2[V1, V1], tr: L7[]
[16:08:22.030743]	Exploring 0: L0[], 1: L0[], Ebi: L2[L0[], L0[]], Eib: L2[L0[], L0[]], Eii: L2[L7[], L7[]], put: L2[V2, V3] -> V0 -> V1 -> L2[V1, V2], tr: L7[]
[16:08:22.031767]	Exploring 0: L0[], 1: L0[], Ebi: L2[L0[], L0[]], Eib: L2[L0[], L0[]], Eii: L2[L7[], L7[]], put: L2[V2, V3] -> V0 -> V1 -> L2[V1, V3], tr: L7[]
[16:08:22.032740]	Exploring 0: L0[], 1: L0[], Ebi: L2[L0[], L0[]], Eib: L2[L0[], L0[]], Eii: L2[L7[], L7[]], put: L2[V2, V3] -> V0 -> V1 -> L2[V2, _9_], tr: L7[]
[16:08:22.033237]	Exploring 0: L0[], 1: L0[], Ebi: L2[L0[], L0[]], Eib: L2[L0[], L0[]], Eii: L2[L7[], L7[]], put: L2[V2, V3] -> V0 -> V1 -> L2[V2, L0[]], tr: L7[]
[16:08:22.034102]	Exploring 0: L0[], 1: L0[], Ebi: L2[L0[], L0[]], Eib: L2[L0[], L0[]], Eii: L2[L7[], L7[]], put: L2[V2, V3] -> V0 -> V1 -> L2[V2, L7[]], tr: L7[]
[16:08:22.034997]	Exploring 0: L0[], 1: L0[], Ebi: L2[L0[], L0[]], Eib: L2[L0[], L0[]], Eii: L2[L7[], L7[]], put: L2[V2, V3] -> V0 -> V1 -> L2[V2, V0], tr: L7[]
[16:08:22.036009]	Exploring 0: L0[], 1: L0[], Ebi: L2[L0[], L0[]], Eib: L2[L0[], L0[]], Eii: L2[L7[], L7[]], put: L2[V2, V3] -> V0 -> V1 -> L2[V2, V1], tr: L7[]
[16:08:22.036925]	Exploring 0: L0[], 1: L0[], Ebi: L2[L0[], L0[]], Eib: L2[L0[], L0[]], Eii: L2[L7[], L7[]], put: L2[V2, V3] -> V0 -> V1 -> L2[V2, V2], tr: L7[]
[16:08:22.037780]	Exploring 0: L0[], 1: L0[], Ebi: L2[L0[], L0[]], Eib: L2[L0[], L0[]], Eii: L2[L7[], L7[]], put: L2[V2, V3] -> V0 -> V1 -> L2[V2, V3], tr: L7[]
[16:08:22.038682]	Exploring 0: L0[], 1: L0[], Ebi: L2[L0[], L0[]], Eib: L2[L0[], L0[]], Eii: L2[L7[], L7[]], put: L2[V2, V3] -> V0 -> V1 -> L2[V3, _9_], tr: L7[]
[16:08:22.039189]	Exploring 0: L0[], 1: L0[], Ebi: L2[L0[], L0[]], Eib: L2[L0[], L0[]], Eii: L2[L7[], L7[]], put: L2[V2, V3] -> V0 -> V1 -> L2[V3, L0[]], tr: L7[]
[16:08:22.040153]	Exploring 0: L0[], 1: L0[], Ebi: L2[L0[], L0[]], Eib: L2[L0[], L0[]], Eii: L2[L7[], L7[]], put: L2[V2, V3] -> V0 -> V1 -> L2[V3, L7[]], tr: L7[]
[16:08:22.041129]	Exploring 0: L0[], 1: L0[], Ebi: L2[L0[], L0[]], Eib: L2[L0[], L0[]], Eii: L2[L7[], L7[]], put: L2[V2, V3] -> V0 -> V1 -> L2[V3, V0], tr: L7[]
[16:08:22.042109]	Exploring 0: L0[], 1: L0[], Ebi: L2[L0[], L0[]], Eib: L2[L0[], L0[]], Eii: L2[L7[], L7[]], put: L2[V2, V3] -> V0 -> V1 -> L2[V3, V1], tr: L7[]
[16:08:22.043054]	Exploring 0: L0[], 1: L0[], Ebi: L2[L0[], L0[]], Eib: L2[L0[], L0[]], Eii: L2[L7[], L7[]], put: L2[V2, V3] -> V0 -> V1 -> L2[V3, V2], tr: L7[]
[16:08:22.044014]	Exploring 0: L0[], 1: L0[], Ebi: L2[L0[], L0[]], Eib: L2[L0[], L0[]], Eii: L2[L7[], L7[]], put: L2[V2, V3] -> V0 -> V1 -> L2[V3, V3], tr: L7[]
[16:08:22.044803]	Exploring 0: L0[], 1: L0[], Ebi: L2[L0[], L0[]], Eib: L2[L0[], L7[]], Eii: L2[_4_, _5_], put: L2[_6_, _7_] -> V0 -> V1 -> L2[_8_, _9_], tr: L7[]
[16:08:22.045092]	Exploring 0: L0[], 1: L0[], Ebi: L2[L0[], L0[]], Eib: L2[L0[], L7[]], Eii: L2[L0[], _5_], put: L2[_6_, _7_] -> V0 -> V1 -> L2[_8_, _9_], tr: L7[]
[16:08:22.045343]	Exploring 0: L0[], 1: L0[], Ebi: L2[L0[], L0[]], Eib: L2[L0[], L7[]], Eii: L2[L0[], L0[]], put: L2[_6_, _7_] -> V0 -> V1 -> L2[_8_, _9_], tr: L7[]
[16:08:22.045866]	Exploring 0: L0[], 1: L0[], Ebi: L2[L0[], L0[]], Eib: L2[L0[], L7[]], Eii: L2[L0[], L0[]], put: L2[L0[], _7_] -> V0 -> V1 -> L2[_8_, _9_], tr: L7[]
[16:08:22.046393]	Exploring 0: L0[], 1: L0[], Ebi: L2[L0[], L0[]], Eib: L2[L0[], L7[]], Eii: L2[L0[], L0[]], put: L2[L0[], V1] -> V0 -> V1 -> L2[_8_, _9_], tr: L7[]
[16:08:22.046828]	Exploring 0: L0[], 1: L0[], Ebi: L2[L0[], L0[]], Eib: L2[L0[], L7[]], Eii: L2[L0[], L0[]], put: L2[L0[], V1] -> V0 -> V1 -> L2[L0[], _9_], tr: L7[]
[16:08:22.047262]	Exploring 0: L0[], 1: L0[], Ebi: L2[L0[], L0[]], Eib: L2[L0[], L7[]], Eii: L2[L0[], L0[]], put: L2[L0[], V1] -> V0 -> V1 -> L2[L0[], V1], tr: L7[]
[16:08:22.048569]	Exploring 0: L0[], 1: L0[], Ebi: L2[L0[], L0[]], Eib: L2[L0[], L7[]], Eii: L2[L0[], L0[]], put: L2[L0[], V2] -> V0 -> V1 -> L2[_8_, _9_], tr: L7[]
[16:08:22.048990]	Exploring 0: L0[], 1: L0[], Ebi: L2[L0[], L0[]], Eib: L2[L0[], L7[]], Eii: L2[L0[], L0[]], put: L2[L0[], V2] -> V0 -> V1 -> L2[L0[], _9_], tr: L7[]
[16:08:22.049374]	Exploring 0: L0[], 1: L0[], Ebi: L2[L0[], L0[]], Eib: L2[L0[], L7[]], Eii: L2[L0[], L0[]], put: L2[L0[], V2] -> V0 -> V1 -> L2[L0[], L0[]], tr: L7[]
[16:08:22.050069]	Exploring 0: L0[], 1: L0[], Ebi: L2[L0[], L0[]], Eib: L2[L0[], L7[]], Eii: L2[L0[], L0[]], put: L2[L0[], V2] -> V0 -> V1 -> L2[L0[], L7[]], tr: L7[]
[16:08:22.050823]	Exploring 0: L0[], 1: L0[], Ebi: L2[L0[], L0[]], Eib: L2[L0[], L7[]], Eii: L2[L0[], L0[]], put: L2[L0[], V2] -> V0 -> V1 -> L2[L0[], V0], tr: L7[]
[16:08:22.051672]	Exploring 0: L0[], 1: L0[], Ebi: L2[L0[], L0[]], Eib: L2[L0[], L7[]], Eii: L2[L0[], L0[]], put: L2[L0[], V2] -> V0 -> V1 -> L2[L0[], V1], tr: L7[]
[16:08:22.052475]	Exploring 0: L0[], 1: L0[], Ebi: L2[L0[], L0[]], Eib: L2[L0[], L7[]], Eii: L2[L0[], L0[]], put: L2[L0[], V2] -> V0 -> V1 -> L2[L0[], V2], tr: L7[]
[16:08:22.053502]	Exploring 0: L0[], 1: L0[], Ebi: L2[L0[], L0[]], Eib: L2[L0[], L7[]], Eii: L2[L0[], L0[]], put: L2[V2, _7_] -> V0 -> V1 -> L2[_8_, _9_], tr: L7[]
[16:08:22.054043]	Exploring 0: L0[], 1: L0[], Ebi: L2[L0[], L0[]], Eib: L2[L0[], L7[]], Eii: L2[L0[], L0[]], put: L2[V2, V1] -> V0 -> V1 -> L2[_8_, _9_], tr: L7[]
[16:08:22.054459]	Exploring 0: L0[], 1: L0[], Ebi: L2[L0[], L0[]], Eib: L2[L0[], L7[]], Eii: L2[L0[], L0[]], put: L2[V2, V1] -> V0 -> V1 -> L2[L0[], _9_], tr: L7[]
[16:08:22.054979]	Exploring 0: L0[], 1: L0[], Ebi: L2[L0[], L0[]], Eib: L2[L0[], L7[]], Eii: L2[L0[], L0[]], put: L2[V2, V1] -> V0 -> V1 -> L2[L0[], V1], tr: L7[]
[16:08:22.055872]	Exploring 0: L0[], 1: L0[], Ebi: L2[L0[], L0[]], Eib: L2[L0[], L7[]], Eii: L2[L0[], L0[]], put: L2[V2, V1] -> V0 -> V1 -> L2[L7[], _9_], tr: L7[]
[16:08:22.056410]	Exploring 0: L0[], 1: L0[], Ebi: L2[L0[], L0[]], Eib: L2[L0[], L7[]], Eii: L2[L0[], L0[]], put: L2[V2, V1] -> V0 -> V1 -> L2[L7[], V1], tr: L7[]
[16:08:22.057384]	Exploring 0: L0[], 1: L0[], Ebi: L2[L0[], L0[]], Eib: L2[L0[], L7[]], Eii: L2[L0[], L0[]], put: L2[V2, V1] -> V0 -> V1 -> L2[V0, _9_], tr: L7[]
[16:08:22.057940]	Exploring 0: L0[], 1: L0[], Ebi: L2[L0[], L0[]], Eib: L2[L0[], L7[]], Eii: L2[L0[], L0[]], put: L2[V2, V1] -> V0 -> V1 -> L2[V0, V1], tr: L7[]
[16:08:22.058906]	Exploring 0: L0[], 1: L0[], Ebi: L2[L0[], L0[]], Eib: L2[L0[], L7[]], Eii: L2[L0[], L0[]], put: L2[V2, V1] -> V0 -> V1 -> L2[V1, _9_], tr: L7[]
[16:08:22.059425]	Exploring 0: L0[], 1: L0[], Ebi: L2[L0[], L0[]], Eib: L2[L0[], L7[]], Eii: L2[L0[], L0[]], put: L2[V2, V1] -> V0 -> V1 -> L2[V1, V1], tr: L7[]
[16:08:22.060318]	Exploring 0: L0[], 1: L0[], Ebi: L2[L0[], L0[]], Eib: L2[L0[], L7[]], Eii: L2[L0[], L0[]], put: L2[V2, V1] -> V0 -> V1 -> L2[V2, _9_], tr: L7[]
[16:08:22.060835]	Exploring 0: L0[], 1: L0[], Ebi: L2[L0[], L0[]], Eib: L2[L0[], L7[]], Eii: L2[L0[], L0[]], put: L2[V2, V1] -> V0 -> V1 -> L2[V2, V1], tr: L7[]
[16:08:22.061759]	Exploring 0: L0[], 1: L0[], Ebi: L2[L0[], L0[]], Eib: L2[L0[], L7[]], Eii: L2[L0[], L0[]], put: L2[V2, V3] -> V0 -> V1 -> L2[_8_, _9_], tr: L7[]
[16:08:22.062402]	Exploring 0: L0[], 1: L0[], Ebi: L2[L0[], L0[]], Eib: L2[L0[], L7[]], Eii: L2[L0[], L0[]], put: L2[V2, V3] -> V0 -> V1 -> L2[L0[], _9_], tr: L7[]
[16:08:22.062917]	Exploring 0: L0[], 1: L0[], Ebi: L2[L0[], L0[]], Eib: L2[L0[], L7[]], Eii: L2[L0[], L0[]], put: L2[V2, V3] -> V0 -> V1 -> L2[L0[], L0[]], tr: L7[]
[16:08:22.063817]	Exploring 0: L0[], 1: L0[], Ebi: L2[L0[], L0[]], Eib: L2[L0[], L7[]], Eii: L2[L0[], L0[]], put: L2[V2, V3] -> V0 -> V1 -> L2[L0[], L7[]], tr: L7[]
[16:08:22.064750]	Exploring 0: L0[], 1: L0[], Ebi: L2[L0[], L0[]], Eib: L2[L0[], L7[]], Eii: L2[L0[], L0[]], put: L2[V2, V3] -> V0 -> V1 -> L2[L0[], V0], tr: L7[]
[16:08:22.065796]	Exploring 0: L0[], 1: L0[], Ebi: L2[L0[], L0[]], Eib: L2[L0[], L7[]], Eii: L2[L0[], L0[]], put: L2[V2, V3] -> V0 -> V1 -> L2[L0[], V1], tr: L7[]
[16:08:22.066773]	Exploring 0: L0[], 1: L0[], Ebi: L2[L0[], L0[]], Eib: L2[L0[], L7[]], Eii: L2[L0[], L0[]], put: L2[V2, V3] -> V0 -> V1 -> L2[L0[], V2], tr: L7[]
[16:08:22.067691]	Exploring 0: L0[], 1: L0[], Ebi: L2[L0[], L0[]], Eib: L2[L0[], L7[]], Eii: L2[L0[], L0[]], put: L2[V2, V3] -> V0 -> V1 -> L2[L0[], V3], tr: L7[]
[16:08:22.068602]	Exploring 0: L0[], 1: L0[], Ebi: L2[L0[], L0[]], Eib: L2[L0[], L7[]], Eii: L2[L0[], L0[]], put: L2[V2, V3] -> V0 -> V1 -> L2[L7[], _9_], tr: L7[]
[16:08:22.069061]	Exploring 0: L0[], 1: L0[], Ebi: L2[L0[], L0[]], Eib: L2[L0[], L7[]], Eii: L2[L0[], L0[]], put: L2[V2, V3] -> V0 -> V1 -> L2[L7[], L0[]], tr: L7[]
[16:08:22.069896]	Exploring 0: L0[], 1: L0[], Ebi: L2[L0[], L0[]], Eib: L2[L0[], L7[]], Eii: L2[L0[], L0[]], put: L2[V2, V3] -> V0 -> V1 -> L2[L7[], L7[]], tr: L7[]
[16:08:22.070995]	Exploring 0: L0[], 1: L0[], Ebi: L2[L0[], L0[]], Eib: L2[L0[], L7[]], Eii: L2[L0[], L0[]], put: L2[V2, V3] -> V0 -> V1 -> L2[L7[], V0], tr: L7[]
[16:08:22.072063]	Exploring 0: L0[], 1: L0[], Ebi: L2[L0[], L0[]], Eib: L2[L0[], L7[]], Eii: L2[L0[], L0[]], put: L2[V2, V3] -> V0 -> V1 -> L2[L7[], V1], tr: L7[]
[16:08:22.073043]	Exploring 0: L0[], 1: L0[], Ebi: L2[L0[], L0[]], Eib: L2[L0[], L7[]], Eii: L2[L0[], L0[]], put: L2[V2, V3] -> V0 -> V1 -> L2[L7[], V2], tr: L7[]
[16:08:22.073998]	Exploring 0: L0[], 1: L0[], Ebi: L2[L0[], L0[]], Eib: L2[L0[], L7[]], Eii: L2[L0[], L0[]], put: L2[V2, V3] -> V0 -> V1 -> L2[L7[], V3], tr: L7[]
[16:08:22.074987]	Exploring 0: L0[], 1: L0[], Ebi: L2[L0[], L0[]], Eib: L2[L0[], L7[]], Eii: L2[L0[], L0[]], put: L2[V2, V3] -> V0 -> V1 -> L2[V0, _9_], tr: L7[]
[16:08:22.075557]	Exploring 0: L0[], 1: L0[], Ebi: L2[L0[], L0[]], Eib: L2[L0[], L7[]], Eii: L2[L0[], L0[]], put: L2[V2, V3] -> V0 -> V1 -> L2[V0, L0[]], tr: L7[]
[16:08:22.076643]	Exploring 0: L0[], 1: L0[], Ebi: L2[L0[], L0[]], Eib: L2[L0[], L7[]], Eii: L2[L0[], L0[]], put: L2[V2, V3] -> V0 -> V1 -> L2[V0, L7[]], tr: L7[]
[16:08:22.077913]	Exploring 0: L0[], 1: L0[], Ebi: L2[L0[], L0[]], Eib: L2[L0[], L7[]], Eii: L2[L0[], L0[]], put: L2[V2, V3] -> V0 -> V1 -> L2[V0, V0], tr: L7[]
[16:08:22.079022]	Exploring 0: L0[], 1: L0[], Ebi: L2[L0[], L0[]], Eib: L2[L0[], L7[]], Eii: L2[L0[], L0[]], put: L2[V2, V3] -> V0 -> V1 -> L2[V0, V1], tr: L7[]
[16:08:22.080142]	Exploring 0: L0[], 1: L0[], Ebi: L2[L0[], L0[]], Eib: L2[L0[], L7[]], Eii: L2[L0[], L0[]], put: L2[V2, V3] -> V0 -> V1 -> L2[V0, V2], tr: L7[]
[16:08:22.081161]	Exploring 0: L0[], 1: L0[], Ebi: L2[L0[], L0[]], Eib: L2[L0[], L7[]], Eii: L2[L0[], L0[]], put: L2[V2, V3] -> V0 -> V1 -> L2[V0, V3], tr: L7[]
[16:08:22.082201]	Exploring 0: L0[], 1: L0[], Ebi: L2[L0[], L0[]], Eib: L2[L0[], L7[]], Eii: L2[L0[], L0[]], put: L2[V2, V3] -> V0 -> V1 -> L2[V1, _9_], tr: L7[]
[16:08:22.082780]	Exploring 0: L0[], 1: L0[], Ebi: L2[L0[], L0[]], Eib: L2[L0[], L7[]], Eii: L2[L0[], L0[]], put: L2[V2, V3] -> V0 -> V1 -> L2[V1, L0[]], tr: L7[]
[16:08:22.083864]	Exploring 0: L0[], 1: L0[], Ebi: L2[L0[], L0[]], Eib: L2[L0[], L7[]], Eii: L2[L0[], L0[]], put: L2[V2, V3] -> V0 -> V1 -> L2[V1, L7[]], tr: L7[]
[16:08:22.084921]	Exploring 0: L0[], 1: L0[], Ebi: L2[L0[], L0[]], Eib: L2[L0[], L7[]], Eii: L2[L0[], L0[]], put: L2[V2, V3] -> V0 -> V1 -> L2[V1, V0], tr: L7[]
[16:08:22.085933]	Exploring 0: L0[], 1: L0[], Ebi: L2[L0[], L0[]], Eib: L2[L0[], L7[]], Eii: L2[L0[], L0[]], put: L2[V2, V3] -> V0 -> V1 -> L2[V1, V1], tr: L7[]
[16:08:22.086942]	Exploring 0: L0[], 1: L0[], Ebi: L2[L0[], L0[]], Eib: L2[L0[], L7[]], Eii: L2[L0[], L0[]], put: L2[V2, V3] -> V0 -> V1 -> L2[V1, V2], tr: L7[]
[16:08:22.087973]	Exploring 0: L0[], 1: L0[], Ebi: L2[L0[], L0[]], Eib: L2[L0[], L7[]], Eii: L2[L0[], L0[]], put: L2[V2, V3] -> V0 -> V1 -> L2[V1, V3], tr: L7[]
[16:08:22.088914]	Exploring 0: L0[], 1: L0[], Ebi: L2[L0[], L0[]], Eib: L2[L0[], L7[]], Eii: L2[L0[], L0[]], put: L2[V2, V3] -> V0 -> V1 -> L2[V2, _9_], tr: L7[]
[16:08:22.089398]	Exploring 0: L0[], 1: L0[], Ebi: L2[L0[], L0[]], Eib: L2[L0[], L7[]], Eii: L2[L0[], L0[]], put: L2[V2, V3] -> V0 -> V1 -> L2[V2, L0[]], tr: L7[]
[16:08:22.090296]	Exploring 0: L0[], 1: L0[], Ebi: L2[L0[], L0[]], Eib: L2[L0[], L7[]], Eii: L2[L0[], L0[]], put: L2[V2, V3] -> V0 -> V1 -> L2[V2, L7[]], tr: L7[]
[16:08:22.091268]	Exploring 0: L0[], 1: L0[], Ebi: L2[L0[], L0[]], Eib: L2[L0[], L7[]], Eii: L2[L0[], L0[]], put: L2[V2, V3] -> V0 -> V1 -> L2[V2, V0], tr: L7[]
[16:08:22.092293]	Exploring 0: L0[], 1: L0[], Ebi: L2[L0[], L0[]], Eib: L2[L0[], L7[]], Eii: L2[L0[], L0[]], put: L2[V2, V3] -> V0 -> V1 -> L2[V2, V1], tr: L7[]
[16:08:22.093249]	Exploring 0: L0[], 1: L0[], Ebi: L2[L0[], L0[]], Eib: L2[L0[], L7[]], Eii: L2[L0[], L0[]], put: L2[V2, V3] -> V0 -> V1 -> L2[V2, V2], tr: L7[]
[16:08:22.094248]	Exploring 0: L0[], 1: L0[], Ebi: L2[L0[], L0[]], Eib: L2[L0[], L7[]], Eii: L2[L0[], L0[]], put: L2[V2, V3] -> V0 -> V1 -> L2[V2, V3], tr: L7[]
[16:08:22.095230]	Exploring 0: L0[], 1: L0[], Ebi: L2[L0[], L0[]], Eib: L2[L0[], L7[]], Eii: L2[L0[], L0[]], put: L2[V2, V3] -> V0 -> V1 -> L2[V3, _9_], tr: L7[]
[16:08:22.095817]	Exploring 0: L0[], 1: L0[], Ebi: L2[L0[], L0[]], Eib: L2[L0[], L7[]], Eii: L2[L0[], L0[]], put: L2[V2, V3] -> V0 -> V1 -> L2[V3, L0[]], tr: L7[]
[16:08:22.096784]	Exploring 0: L0[], 1: L0[], Ebi: L2[L0[], L0[]], Eib: L2[L0[], L7[]], Eii: L2[L0[], L0[]], put: L2[V2, V3] -> V0 -> V1 -> L2[V3, L7[]], tr: L7[]
[16:08:22.097760]	Exploring 0: L0[], 1: L0[], Ebi: L2[L0[], L0[]], Eib: L2[L0[], L7[]], Eii: L2[L0[], L0[]], put: L2[V2, V3] -> V0 -> V1 -> L2[V3, V0], tr: L7[]
[16:08:22.098759]	Exploring 0: L0[], 1: L0[], Ebi: L2[L0[], L0[]], Eib: L2[L0[], L7[]], Eii: L2[L0[], L0[]], put: L2[V2, V3] -> V0 -> V1 -> L2[V3, V1], tr: L7[]
[16:08:22.099741]	Exploring 0: L0[], 1: L0[], Ebi: L2[L0[], L0[]], Eib: L2[L0[], L7[]], Eii: L2[L0[], L0[]], put: L2[V2, V3] -> V0 -> V1 -> L2[V3, V2], tr: L7[]
[16:08:22.100671]	Exploring 0: L0[], 1: L0[], Ebi: L2[L0[], L0[]], Eib: L2[L0[], L7[]], Eii: L2[L0[], L0[]], put: L2[V2, V3] -> V0 -> V1 -> L2[V3, V3], tr: L7[]
[16:08:22.101389]	Exploring 0: L0[], 1: L0[], Ebi: L2[L0[], L0[]], Eib: L2[L0[], L7[]], Eii: L2[L0[], L7[]], put: L2[_6_, _7_] -> V0 -> V1 -> L2[_8_, _9_], tr: L7[]
[16:08:22.101706]	Exploring 0: L0[], 1: L0[], Ebi: L2[L0[], L0[]], Eib: L2[L0[], L7[]], Eii: L2[L0[], L7[]], put: L2[L0[], _7_] -> V0 -> V1 -> L2[_8_, _9_], tr: L7[]
[16:08:22.102207]	Exploring 0: L0[], 1: L0[], Ebi: L2[L0[], L0[]], Eib: L2[L0[], L7[]], Eii: L2[L0[], L7[]], put: L2[L0[], V2] -> V0 -> V1 -> L2[_8_, _9_], tr: L7[]
[16:08:22.102578]	Exploring 0: L0[], 1: L0[], Ebi: L2[L0[], L0[]], Eib: L2[L0[], L7[]], Eii: L2[L0[], L7[]], put: L2[L0[], V2] -> V0 -> V1 -> L2[L0[], _9_], tr: L7[]
[16:08:22.102942]	Exploring 0: L0[], 1: L0[], Ebi: L2[L0[], L0[]], Eib: L2[L0[], L7[]], Eii: L2[L0[], L7[]], put: L2[L0[], V2] -> V0 -> V1 -> L2[L0[], L0[]], tr: L7[]
[16:08:22.103680]	Exploring 0: L0[], 1: L0[], Ebi: L2[L0[], L0[]], Eib: L2[L0[], L7[]], Eii: L2[L0[], L7[]], put: L2[L0[], V2] -> V0 -> V1 -> L2[L0[], L7[]], tr: L7[]
[16:08:22.104430]	Exploring 0: L0[], 1: L0[], Ebi: L2[L0[], L0[]], Eib: L2[L0[], L7[]], Eii: L2[L0[], L7[]], put: L2[L0[], V2] -> V0 -> V1 -> L2[L0[], V0], tr: L7[]
[16:08:22.105273]	Exploring 0: L0[], 1: L0[], Ebi: L2[L0[], L0[]], Eib: L2[L0[], L7[]], Eii: L2[L0[], L7[]], put: L2[L0[], V2] -> V0 -> V1 -> L2[L0[], V1], tr: L7[]
[16:08:22.106097]	Exploring 0: L0[], 1: L0[], Ebi: L2[L0[], L0[]], Eib: L2[L0[], L7[]], Eii: L2[L0[], L7[]], put: L2[L0[], V2] -> V0 -> V1 -> L2[L0[], V2], tr: L7[]
[16:08:22.107095]	Exploring 0: L0[], 1: L0[], Ebi: L2[L0[], L0[]], Eib: L2[L0[], L7[]], Eii: L2[L0[], L7[]], put: L2[V2, _7_] -> V0 -> V1 -> L2[_8_, _9_], tr: L7[]
[16:08:22.107735]	Exploring 0: L0[], 1: L0[], Ebi: L2[L0[], L0[]], Eib: L2[L0[], L7[]], Eii: L2[L0[], L7[]], put: L2[V2, V3] -> V0 -> V1 -> L2[_8_, _9_], tr: L7[]
[16:08:22.108411]	Exploring 0: L0[], 1: L0[], Ebi: L2[L0[], L0[]], Eib: L2[L0[], L7[]], Eii: L2[L0[], L7[]], put: L2[V2, V3] -> V0 -> V1 -> L2[L0[], _9_], tr: L7[]
[16:08:22.108894]	Exploring 0: L0[], 1: L0[], Ebi: L2[L0[], L0[]], Eib: L2[L0[], L7[]], Eii: L2[L0[], L7[]], put: L2[V2, V3] -> V0 -> V1 -> L2[L0[], L0[]], tr: L7[]
[16:08:22.109737]	Exploring 0: L0[], 1: L0[], Ebi: L2[L0[], L0[]], Eib: L2[L0[], L7[]], Eii: L2[L0[], L7[]], put: L2[V2, V3] -> V0 -> V1 -> L2[L0[], L7[]], tr: L7[]
[16:08:22.110647]	Exploring 0: L0[], 1: L0[], Ebi: L2[L0[], L0[]], Eib: L2[L0[], L7[]], Eii: L2[L0[], L7[]], put: L2[V2, V3] -> V0 -> V1 -> L2[L0[], V0], tr: L7[]
[16:08:22.111830]	Exploring 0: L0[], 1: L0[], Ebi: L2[L0[], L0[]], Eib: L2[L0[], L7[]], Eii: L2[L0[], L7[]], put: L2[V2, V3] -> V0 -> V1 -> L2[L0[], V1], tr: L7[]
[16:08:22.112892]	Exploring 0: L0[], 1: L0[], Ebi: L2[L0[], L0[]], Eib: L2[L0[], L7[]], Eii: L2[L0[], L7[]], put: L2[V2, V3] -> V0 -> V1 -> L2[L0[], V2], tr: L7[]
[16:08:22.113937]	Exploring 0: L0[], 1: L0[], Ebi: L2[L0[], L0[]], Eib: L2[L0[], L7[]], Eii: L2[L0[], L7[]], put: L2[V2, V3] -> V0 -> V1 -> L2[L0[], V3], tr: L7[]
[16:08:22.114527]	Exploring 0: L0[], 1: L0[], Ebi: L2[L0[], L0[]], Eib: L2[L0[], L7[]], Eii: L2[L0[], L7[]], put: L2[V2, V3] -> V0 -> V1 -> L2[L7[], _9_], tr: L7[]
[16:08:22.114867]	Exploring 0: L0[], 1: L0[], Ebi: L2[L0[], L0[]], Eib: L2[L0[], L7[]], Eii: L2[L0[], L7[]], put: L2[V2, V3] -> V0 -> V1 -> L2[L7[], L0[]], tr: L7[]
[16:08:22.115440]	Exploring 0: L0[], 1: L0[], Ebi: L2[L0[], L0[]], Eib: L2[L0[], L7[]], Eii: L2[L0[], L7[]], put: L2[V2, V3] -> V0 -> V1 -> L2[L7[], L7[]], tr: L7[]
[16:08:22.116434]	Exploring 0: L0[], 1: L0[], Ebi: L2[L0[], L0[]], Eib: L2[L0[], L7[]], Eii: L2[L0[], L7[]], put: L2[V2, V3] -> V0 -> V1 -> L2[L7[], V0], tr: L7[]
[16:08:22.117513]	Exploring 0: L0[], 1: L0[], Ebi: L2[L0[], L0[]], Eib: L2[L0[], L7[]], Eii: L2[L0[], L7[]], put: L2[V2, V3] -> V0 -> V1 -> L2[L7[], V1], tr: L7[]
[16:08:22.118334]	Exploring 0: L0[], 1: L0[], Ebi: L2[L0[], L0[]], Eib: L2[L0[], L7[]], Eii: L2[L0[], L7[]], put: L2[V2, V3] -> V0 -> V1 -> L2[L7[], V2], tr: L7[]
[16:08:22.118952]	Exploring 0: L0[], 1: L0[], Ebi: L2[L0[], L0[]], Eib: L2[L0[], L7[]], Eii: L2[L0[], L7[]], put: L2[V2, V3] -> V0 -> V1 -> L2[L7[], V3], tr: L7[]
[16:08:22.119586]	Exploring 0: L0[], 1: L0[], Ebi: L2[L0[], L0[]], Eib: L2[L0[], L7[]], Eii: L2[L0[], L7[]], put: L2[V2, V3] -> V0 -> V1 -> L2[V0, _9_], tr: L7[]
[16:08:22.119964]	Exploring 0: L0[], 1: L0[], Ebi: L2[L0[], L0[]], Eib: L2[L0[], L7[]], Eii: L2[L0[], L7[]], put: L2[V2, V3] -> V0 -> V1 -> L2[V0, L0[]], tr: L7[]
[16:08:22.120587]	Exploring 0: L0[], 1: L0[], Ebi: L2[L0[], L0[]], Eib: L2[L0[], L7[]], Eii: L2[L0[], L7[]], put: L2[V2, V3] -> V0 -> V1 -> L2[V0, L7[]], tr: L7[]
[16:08:22.121201]	Exploring 0: L0[], 1: L0[], Ebi: L2[L0[], L0[]], Eib: L2[L0[], L7[]], Eii: L2[L0[], L7[]], put: L2[V2, V3] -> V0 -> V1 -> L2[V0, V0], tr: L7[]
[16:08:22.121804]	Exploring 0: L0[], 1: L0[], Ebi: L2[L0[], L0[]], Eib: L2[L0[], L7[]], Eii: L2[L0[], L7[]], put: L2[V2, V3] -> V0 -> V1 -> L2[V0, V1], tr: L7[]
[16:08:22.122407]	Exploring 0: L0[], 1: L0[], Ebi: L2[L0[], L0[]], Eib: L2[L0[], L7[]], Eii: L2[L0[], L7[]], put: L2[V2, V3] -> V0 -> V1 -> L2[V0, V2], tr: L7[]
[16:08:22.123003]	Exploring 0: L0[], 1: L0[], Ebi: L2[L0[], L0[]], Eib: L2[L0[], L7[]], Eii: L2[L0[], L7[]], put: L2[V2, V3] -> V0 -> V1 -> L2[V0, V3], tr: L7[]
[16:08:22.123634]	Exploring 0: L0[], 1: L0[], Ebi: L2[L0[], L0[]], Eib: L2[L0[], L7[]], Eii: L2[L0[], L7[]], put: L2[V2, V3] -> V0 -> V1 -> L2[V1, _9_], tr: L7[]
[16:08:22.124003]	Exploring 0: L0[], 1: L0[], Ebi: L2[L0[], L0[]], Eib: L2[L0[], L7[]], Eii: L2[L0[], L7[]], put: L2[V2, V3] -> V0 -> V1 -> L2[V1, L0[]], tr: L7[]
[16:08:22.124629]	Exploring 0: L0[], 1: L0[], Ebi: L2[L0[], L0[]], Eib: L2[L0[], L7[]], Eii: L2[L0[], L7[]], put: L2[V2, V3] -> V0 -> V1 -> L2[V1, L7[]], tr: L7[]
[16:08:22.125262]	Exploring 0: L0[], 1: L0[], Ebi: L2[L0[], L0[]], Eib: L2[L0[], L7[]], Eii: L2[L0[], L7[]], put: L2[V2, V3] -> V0 -> V1 -> L2[V1, V0], tr: L7[]
[16:08:22.125843]	Exploring 0: L0[], 1: L0[], Ebi: L2[L0[], L0[]], Eib: L2[L0[], L7[]], Eii: L2[L0[], L7[]], put: L2[V2, V3] -> V0 -> V1 -> L2[V1, V1], tr: L7[]
[16:08:22.126450]	Exploring 0: L0[], 1: L0[], Ebi: L2[L0[], L0[]], Eib: L2[L0[], L7[]], Eii: L2[L0[], L7[]], put: L2[V2, V3] -> V0 -> V1 -> L2[V1, V2], tr: L7[]
[16:08:22.127035]	Exploring 0: L0[], 1: L0[], Ebi: L2[L0[], L0[]], Eib: L2[L0[], L7[]], Eii: L2[L0[], L7[]], put: L2[V2, V3] -> V0 -> V1 -> L2[V1, V3], tr: L7[]
[16:08:22.127738]	Exploring 0: L0[], 1: L0[], Ebi: L2[L0[], L0[]], Eib: L2[L0[], L7[]], Eii: L2[L0[], L7[]], put: L2[V2, V3] -> V0 -> V1 -> L2[V2, _9_], tr: L7[]
[16:08:22.128096]	Exploring 0: L0[], 1: L0[], Ebi: L2[L0[], L0[]], Eib: L2[L0[], L7[]], Eii: L2[L0[], L7[]], put: L2[V2, V3] -> V0 -> V1 -> L2[V2, L0[]], tr: L7[]
[16:08:22.128677]	Exploring 0: L0[], 1: L0[], Ebi: L2[L0[], L0[]], Eib: L2[L0[], L7[]], Eii: L2[L0[], L7[]], put: L2[V2, V3] -> V0 -> V1 -> L2[V2, L7[]], tr: L7[]
[16:08:22.129301]	Exploring 0: L0[], 1: L0[], Ebi: L2[L0[], L0[]], Eib: L2[L0[], L7[]], Eii: L2[L0[], L7[]], put: L2[V2, V3] -> V0 -> V1 -> L2[V2, V0], tr: L7[]
[16:08:22.129931]	Exploring 0: L0[], 1: L0[], Ebi: L2[L0[], L0[]], Eib: L2[L0[], L7[]], Eii: L2[L0[], L7[]], put: L2[V2, V3] -> V0 -> V1 -> L2[V2, V1], tr: L7[]
[16:08:22.130513]	Exploring 0: L0[], 1: L0[], Ebi: L2[L0[], L0[]], Eib: L2[L0[], L7[]], Eii: L2[L0[], L7[]], put: L2[V2, V3] -> V0 -> V1 -> L2[V2, V2], tr: L7[]
[16:08:22.131057]	Exploring 0: L0[], 1: L0[], Ebi: L2[L0[], L0[]], Eib: L2[L0[], L7[]], Eii: L2[L0[], L7[]], put: L2[V2, V3] -> V0 -> V1 -> L2[V2, V3], tr: L7[]
[16:08:22.131637]	Exploring 0: L0[], 1: L0[], Ebi: L2[L0[], L0[]], Eib: L2[L0[], L7[]], Eii: L2[L0[], L7[]], put: L2[V2, V3] -> V0 -> V1 -> L2[V3, _9_], tr: L7[]
[16:08:22.131983]	Exploring 0: L0[], 1: L0[], Ebi: L2[L0[], L0[]], Eib: L2[L0[], L7[]], Eii: L2[L0[], L7[]], put: L2[V2, V3] -> V0 -> V1 -> L2[V3, L0[]], tr: L7[]
[16:08:22.132557]	Exploring 0: L0[], 1: L0[], Ebi: L2[L0[], L0[]], Eib: L2[L0[], L7[]], Eii: L2[L0[], L7[]], put: L2[V2, V3] -> V0 -> V1 -> L2[V3, L7[]], tr: L7[]
[16:08:22.133138]	Exploring 0: L0[], 1: L0[], Ebi: L2[L0[], L0[]], Eib: L2[L0[], L7[]], Eii: L2[L0[], L7[]], put: L2[V2, V3] -> V0 -> V1 -> L2[V3, V0], tr: L7[]
[16:08:22.133739]	Exploring 0: L0[], 1: L0[], Ebi: L2[L0[], L0[]], Eib: L2[L0[], L7[]], Eii: L2[L0[], L7[]], put: L2[V2, V3] -> V0 -> V1 -> L2[V3, V1], tr: L7[]
[16:08:22.134318]	Exploring 0: L0[], 1: L0[], Ebi: L2[L0[], L0[]], Eib: L2[L0[], L7[]], Eii: L2[L0[], L7[]], put: L2[V2, V3] -> V0 -> V1 -> L2[V3, V2], tr: L7[]
[16:08:22.134869]	Exploring 0: L0[], 1: L0[], Ebi: L2[L0[], L0[]], Eib: L2[L0[], L7[]], Eii: L2[L0[], L7[]], put: L2[V2, V3] -> V0 -> V1 -> L2[V3, V3], tr: L7[]
[16:08:22.135357]	Exploring 0: L0[], 1: L0[], Ebi: L2[L0[], L0[]], Eib: L2[L0[], L7[]], Eii: L2[L7[], _5_], put: L2[_6_, _7_] -> V0 -> V1 -> L2[_8_, _9_], tr: L7[]
[16:08:22.135595]	Exploring 0: L0[], 1: L0[], Ebi: L2[L0[], L0[]], Eib: L2[L0[], L7[]], Eii: L2[L7[], L0[]], put: L2[_6_, _7_] -> V0 -> V1 -> L2[_8_, _9_], tr: L7[]
[16:08:22.135936]	Exploring 0: L0[], 1: L0[], Ebi: L2[L0[], L0[]], Eib: L2[L0[], L7[]], Eii: L2[L7[], L0[]], put: L2[V2, _7_] -> V0 -> V1 -> L2[_8_, _9_], tr: L7[]
[16:08:22.136224]	Exploring 0: L0[], 1: L0[], Ebi: L2[L0[], L0[]], Eib: L2[L0[], L7[]], Eii: L2[L7[], L0[]], put: L2[V2, V1] -> V0 -> V1 -> L2[_8_, _9_], tr: L7[]
[16:08:22.136505]	Exploring 0: L0[], 1: L0[], Ebi: L2[L0[], L0[]], Eib: L2[L0[], L7[]], Eii: L2[L7[], L0[]], put: L2[V2, V1] -> V0 -> V1 -> L2[L0[], _9_], tr: L7[]
[16:08:22.136845]	Exploring 0: L0[], 1: L0[], Ebi: L2[L0[], L0[]], Eib: L2[L0[], L7[]], Eii: L2[L7[], L0[]], put: L2[V2, V1] -> V0 -> V1 -> L2[L0[], V1], tr: L7[]
[16:08:22.137452]	Exploring 0: L0[], 1: L0[], Ebi: L2[L0[], L0[]], Eib: L2[L0[], L7[]], Eii: L2[L7[], L0[]], put: L2[V2, V1] -> V0 -> V1 -> L2[L7[], _9_], tr: L7[]
[16:08:22.137794]	Exploring 0: L0[], 1: L0[], Ebi: L2[L0[], L0[]], Eib: L2[L0[], L7[]], Eii: L2[L7[], L0[]], put: L2[V2, V1] -> V0 -> V1 -> L2[L7[], V1], tr: L7[]
[16:08:22.138400]	Exploring 0: L0[], 1: L0[], Ebi: L2[L0[], L0[]], Eib: L2[L0[], L7[]], Eii: L2[L7[], L0[]], put: L2[V2, V1] -> V0 -> V1 -> L2[V0, _9_], tr: L7[]
[16:08:22.138756]	Exploring 0: L0[], 1: L0[], Ebi: L2[L0[], L0[]], Eib: L2[L0[], L7[]], Eii: L2[L7[], L0[]], put: L2[V2, V1] -> V0 -> V1 -> L2[V0, V1], tr: L7[]
[16:08:22.139363]	Exploring 0: L0[], 1: L0[], Ebi: L2[L0[], L0[]], Eib: L2[L0[], L7[]], Eii: L2[L7[], L0[]], put: L2[V2, V1] -> V0 -> V1 -> L2[V1, _9_], tr: L7[]
[16:08:22.139716]	Exploring 0: L0[], 1: L0[], Ebi: L2[L0[], L0[]], Eib: L2[L0[], L7[]], Eii: L2[L7[], L0[]], put: L2[V2, V1] -> V0 -> V1 -> L2[V1, V1], tr: L7[]
[16:08:22.140310]	Exploring 0: L0[], 1: L0[], Ebi: L2[L0[], L0[]], Eib: L2[L0[], L7[]], Eii: L2[L7[], L0[]], put: L2[V2, V1] -> V0 -> V1 -> L2[V2, _9_], tr: L7[]
[16:08:22.140650]	Exploring 0: L0[], 1: L0[], Ebi: L2[L0[], L0[]], Eib: L2[L0[], L7[]], Eii: L2[L7[], L0[]], put: L2[V2, V1] -> V0 -> V1 -> L2[V2, V1], tr: L7[]
[16:08:22.141241]	Exploring 0: L0[], 1: L0[], Ebi: L2[L0[], L0[]], Eib: L2[L0[], L7[]], Eii: L2[L7[], L0[]], put: L2[V2, V3] -> V0 -> V1 -> L2[_8_, _9_], tr: L7[]
[16:08:22.141536]	Exploring 0: L0[], 1: L0[], Ebi: L2[L0[], L0[]], Eib: L2[L0[], L7[]], Eii: L2[L7[], L0[]], put: L2[V2, V3] -> V0 -> V1 -> L2[L0[], _9_], tr: L7[]
[16:08:22.141833]	Exploring 0: L0[], 1: L0[], Ebi: L2[L0[], L0[]], Eib: L2[L0[], L7[]], Eii: L2[L7[], L0[]], put: L2[V2, V3] -> V0 -> V1 -> L2[L0[], L0[]], tr: L7[]
[16:08:22.142421]	Exploring 0: L0[], 1: L0[], Ebi: L2[L0[], L0[]], Eib: L2[L0[], L7[]], Eii: L2[L7[], L0[]], put: L2[V2, V3] -> V0 -> V1 -> L2[L0[], L7[]], tr: L7[]
[16:08:22.143021]	Exploring 0: L0[], 1: L0[], Ebi: L2[L0[], L0[]], Eib: L2[L0[], L7[]], Eii: L2[L7[], L0[]], put: L2[V2, V3] -> V0 -> V1 -> L2[L0[], V0], tr: L7[]
[16:08:22.143716]	Exploring 0: L0[], 1: L0[], Ebi: L2[L0[], L0[]], Eib: L2[L0[], L7[]], Eii: L2[L7[], L0[]], put: L2[V2, V3] -> V0 -> V1 -> L2[L0[], V1], tr: L7[]
[16:08:22.144336]	Exploring 0: L0[], 1: L0[], Ebi: L2[L0[], L0[]], Eib: L2[L0[], L7[]], Eii: L2[L7[], L0[]], put: L2[V2, V3] -> V0 -> V1 -> L2[L0[], V2], tr: L7[]
[16:08:22.144929]	Exploring 0: L0[], 1: L0[], Ebi: L2[L0[], L0[]], Eib: L2[L0[], L7[]], Eii: L2[L7[], L0[]], put: L2[V2, V3] -> V0 -> V1 -> L2[L0[], V3], tr: L7[]
[16:08:22.145551]	Exploring 0: L0[], 1: L0[], Ebi: L2[L0[], L0[]], Eib: L2[L0[], L7[]], Eii: L2[L7[], L0[]], put: L2[V2, V3] -> V0 -> V1 -> L2[L7[], _9_], tr: L7[]
[16:08:22.145915]	Exploring 0: L0[], 1: L0[], Ebi: L2[L0[], L0[]], Eib: L2[L0[], L7[]], Eii: L2[L7[], L0[]], put: L2[V2, V3] -> V0 -> V1 -> L2[L7[], L0[]], tr: L7[]
[16:08:22.146474]	Exploring 0: L0[], 1: L0[], Ebi: L2[L0[], L0[]], Eib: L2[L0[], L7[]], Eii: L2[L7[], L0[]], put: L2[V2, V3] -> V0 -> V1 -> L2[L7[], L7[]], tr: L7[]
[16:08:22.147065]	Exploring 0: L0[], 1: L0[], Ebi: L2[L0[], L0[]], Eib: L2[L0[], L7[]], Eii: L2[L7[], L0[]], put: L2[V2, V3] -> V0 -> V1 -> L2[L7[], V0], tr: L7[]
[16:08:22.147695]	Exploring 0: L0[], 1: L0[], Ebi: L2[L0[], L0[]], Eib: L2[L0[], L7[]], Eii: L2[L7[], L0[]], put: L2[V2, V3] -> V0 -> V1 -> L2[L7[], V1], tr: L7[]
[16:08:22.148290]	Exploring 0: L0[], 1: L0[], Ebi: L2[L0[], L0[]], Eib: L2[L0[], L7[]], Eii: L2[L7[], L0[]], put: L2[V2, V3] -> V0 -> V1 -> L2[L7[], V2], tr: L7[]
[16:08:22.148864]	Exploring 0: L0[], 1: L0[], Ebi: L2[L0[], L0[]], Eib: L2[L0[], L7[]], Eii: L2[L7[], L0[]], put: L2[V2, V3] -> V0 -> V1 -> L2[L7[], V3], tr: L7[]
[16:08:22.149451]	Exploring 0: L0[], 1: L0[], Ebi: L2[L0[], L0[]], Eib: L2[L0[], L7[]], Eii: L2[L7[], L0[]], put: L2[V2, V3] -> V0 -> V1 -> L2[V0, _9_], tr: L7[]
[16:08:22.149806]	Exploring 0: L0[], 1: L0[], Ebi: L2[L0[], L0[]], Eib: L2[L0[], L7[]], Eii: L2[L7[], L0[]], put: L2[V2, V3] -> V0 -> V1 -> L2[V0, L0[]], tr: L7[]
[16:08:22.150408]	Exploring 0: L0[], 1: L0[], Ebi: L2[L0[], L0[]], Eib: L2[L0[], L7[]], Eii: L2[L7[], L0[]], put: L2[V2, V3] -> V0 -> V1 -> L2[V0, L7[]], tr: L7[]
[16:08:22.151009]	Exploring 0: L0[], 1: L0[], Ebi: L2[L0[], L0[]], Eib: L2[L0[], L7[]], Eii: L2[L7[], L0[]], put: L2[V2, V3] -> V0 -> V1 -> L2[V0, V0], tr: L7[]
[16:08:22.151607]	Exploring 0: L0[], 1: L0[], Ebi: L2[L0[], L0[]], Eib: L2[L0[], L7[]], Eii: L2[L7[], L0[]], put: L2[V2, V3] -> V0 -> V1 -> L2[V0, V1], tr: L7[]
[16:08:22.152208]	Exploring 0: L0[], 1: L0[], Ebi: L2[L0[], L0[]], Eib: L2[L0[], L7[]], Eii: L2[L7[], L0[]], put: L2[V2, V3] -> V0 -> V1 -> L2[V0, V2], tr: L7[]
[16:08:22.152800]	Exploring 0: L0[], 1: L0[], Ebi: L2[L0[], L0[]], Eib: L2[L0[], L7[]], Eii: L2[L7[], L0[]], put: L2[V2, V3] -> V0 -> V1 -> L2[V0, V3], tr: L7[]
[16:08:22.153388]	Exploring 0: L0[], 1: L0[], Ebi: L2[L0[], L0[]], Eib: L2[L0[], L7[]], Eii: L2[L7[], L0[]], put: L2[V2, V3] -> V0 -> V1 -> L2[V1, _9_], tr: L7[]
[16:08:22.153761]	Exploring 0: L0[], 1: L0[], Ebi: L2[L0[], L0[]], Eib: L2[L0[], L7[]], Eii: L2[L7[], L0[]], put: L2[V2, V3] -> V0 -> V1 -> L2[V1, L0[]], tr: L7[]
[16:08:22.154369]	Exploring 0: L0[], 1: L0[], Ebi: L2[L0[], L0[]], Eib: L2[L0[], L7[]], Eii: L2[L7[], L0[]], put: L2[V2, V3] -> V0 -> V1 -> L2[V1, L7[]], tr: L7[]
[16:08:22.154973]	Exploring 0: L0[], 1: L0[], Ebi: L2[L0[], L0[]], Eib: L2[L0[], L7[]], Eii: L2[L7[], L0[]], put: L2[V2, V3] -> V0 -> V1 -> L2[V1, V0], tr: L7[]
[16:08:22.155579]	Exploring 0: L0[], 1: L0[], Ebi: L2[L0[], L0[]], Eib: L2[L0[], L7[]], Eii: L2[L7[], L0[]], put: L2[V2, V3] -> V0 -> V1 -> L2[V1, V1], tr: L7[]
[16:08:22.156196]	Exploring 0: L0[], 1: L0[], Ebi: L2[L0[], L0[]], Eib: L2[L0[], L7[]], Eii: L2[L7[], L0[]], put: L2[V2, V3] -> V0 -> V1 -> L2[V1, V2], tr: L7[]
[16:08:22.156805]	Exploring 0: L0[], 1: L0[], Ebi: L2[L0[], L0[]], Eib: L2[L0[], L7[]], Eii: L2[L7[], L0[]], put: L2[V2, V3] -> V0 -> V1 -> L2[V1, V3], tr: L7[]
[16:08:22.157369]	Exploring 0: L0[], 1: L0[], Ebi: L2[L0[], L0[]], Eib: L2[L0[], L7[]], Eii: L2[L7[], L0[]], put: L2[V2, V3] -> V0 -> V1 -> L2[V2, _9_], tr: L7[]
[16:08:22.157698]	Exploring 0: L0[], 1: L0[], Ebi: L2[L0[], L0[]], Eib: L2[L0[], L7[]], Eii: L2[L7[], L0[]], put: L2[V2, V3] -> V0 -> V1 -> L2[V2, L0[]], tr: L7[]
[16:08:22.158262]	Exploring 0: L0[], 1: L0[], Ebi: L2[L0[], L0[]], Eib: L2[L0[], L7[]], Eii: L2[L7[], L0[]], put: L2[V2, V3] -> V0 -> V1 -> L2[V2, L7[]], tr: L7[]
[16:08:22.158839]	Exploring 0: L0[], 1: L0[], Ebi: L2[L0[], L0[]], Eib: L2[L0[], L7[]], Eii: L2[L7[], L0[]], put: L2[V2, V3] -> V0 -> V1 -> L2[V2, V0], tr: L7[]
[16:08:22.159448]	Exploring 0: L0[], 1: L0[], Ebi: L2[L0[], L0[]], Eib: L2[L0[], L7[]], Eii: L2[L7[], L0[]], put: L2[V2, V3] -> V0 -> V1 -> L2[V2, V1], tr: L7[]
[16:08:22.160023]	Exploring 0: L0[], 1: L0[], Ebi: L2[L0[], L0[]], Eib: L2[L0[], L7[]], Eii: L2[L7[], L0[]], put: L2[V2, V3] -> V0 -> V1 -> L2[V2, V2], tr: L7[]
[16:08:22.160579]	Exploring 0: L0[], 1: L0[], Ebi: L2[L0[], L0[]], Eib: L2[L0[], L7[]], Eii: L2[L7[], L0[]], put: L2[V2, V3] -> V0 -> V1 -> L2[V2, V3], tr: L7[]
[16:08:22.161220]	Exploring 0: L0[], 1: L0[], Ebi: L2[L0[], L0[]], Eib: L2[L0[], L7[]], Eii: L2[L7[], L0[]], put: L2[V2, V3] -> V0 -> V1 -> L2[V3, _9_], tr: L7[]
[16:08:22.161597]	Exploring 0: L0[], 1: L0[], Ebi: L2[L0[], L0[]], Eib: L2[L0[], L7[]], Eii: L2[L7[], L0[]], put: L2[V2, V3] -> V0 -> V1 -> L2[V3, L0[]], tr: L7[]
[16:08:22.162206]	Exploring 0: L0[], 1: L0[], Ebi: L2[L0[], L0[]], Eib: L2[L0[], L7[]], Eii: L2[L7[], L0[]], put: L2[V2, V3] -> V0 -> V1 -> L2[V3, L7[]], tr: L7[]
[16:08:22.162820]	Exploring 0: L0[], 1: L0[], Ebi: L2[L0[], L0[]], Eib: L2[L0[], L7[]], Eii: L2[L7[], L0[]], put: L2[V2, V3] -> V0 -> V1 -> L2[V3, V0], tr: L7[]
[16:08:22.163466]	Exploring 0: L0[], 1: L0[], Ebi: L2[L0[], L0[]], Eib: L2[L0[], L7[]], Eii: L2[L7[], L0[]], put: L2[V2, V3] -> V0 -> V1 -> L2[V3, V1], tr: L7[]
[16:08:22.164065]	Exploring 0: L0[], 1: L0[], Ebi: L2[L0[], L0[]], Eib: L2[L0[], L7[]], Eii: L2[L7[], L0[]], put: L2[V2, V3] -> V0 -> V1 -> L2[V3, V2], tr: L7[]
[16:08:22.164621]	Exploring 0: L0[], 1: L0[], Ebi: L2[L0[], L0[]], Eib: L2[L0[], L7[]], Eii: L2[L7[], L0[]], put: L2[V2, V3] -> V0 -> V1 -> L2[V3, V3], tr: L7[]
[16:08:22.165389]	Exploring 0: L0[], 1: L0[], Ebi: L2[L0[], L0[]], Eib: L2[L0[], L7[]], Eii: L2[L7[], L7[]], put: L2[_6_, _7_] -> V0 -> V1 -> L2[_8_, _9_], tr: L7[]
[16:08:22.165975]	Exploring 0: L0[], 1: L0[], Ebi: L2[L0[], L0[]], Eib: L2[L0[], L7[]], Eii: L2[L7[], L7[]], put: L2[V2, _7_] -> V0 -> V1 -> L2[_8_, _9_], tr: L7[]
[16:08:22.166677]	Exploring 0: L0[], 1: L0[], Ebi: L2[L0[], L0[]], Eib: L2[L0[], L7[]], Eii: L2[L7[], L7[]], put: L2[V2, V3] -> V0 -> V1 -> L2[_8_, _9_], tr: L7[]
[16:08:22.167183]	Exploring 0: L0[], 1: L0[], Ebi: L2[L0[], L0[]], Eib: L2[L0[], L7[]], Eii: L2[L7[], L7[]], put: L2[V2, V3] -> V0 -> V1 -> L2[L0[], _9_], tr: L7[]
[16:08:22.167685]	Exploring 0: L0[], 1: L0[], Ebi: L2[L0[], L0[]], Eib: L2[L0[], L7[]], Eii: L2[L7[], L7[]], put: L2[V2, V3] -> V0 -> V1 -> L2[L0[], L0[]], tr: L7[]
[16:08:22.168595]	Exploring 0: L0[], 1: L0[], Ebi: L2[L0[], L0[]], Eib: L2[L0[], L7[]], Eii: L2[L7[], L7[]], put: L2[V2, V3] -> V0 -> V1 -> L2[L0[], L7[]], tr: L7[]
[16:08:22.169556]	Exploring 0: L0[], 1: L0[], Ebi: L2[L0[], L0[]], Eib: L2[L0[], L7[]], Eii: L2[L7[], L7[]], put: L2[V2, V3] -> V0 -> V1 -> L2[L0[], V0], tr: L7[]
[16:08:22.170511]	Exploring 0: L0[], 1: L0[], Ebi: L2[L0[], L0[]], Eib: L2[L0[], L7[]], Eii: L2[L7[], L7[]], put: L2[V2, V3] -> V0 -> V1 -> L2[L0[], V1], tr: L7[]
[16:08:22.171147]	Exploring 0: L0[], 1: L0[], Ebi: L2[L0[], L0[]], Eib: L2[L0[], L7[]], Eii: L2[L7[], L7[]], put: L2[V2, V3] -> V0 -> V1 -> L2[L0[], V2], tr: L7[]
[16:08:22.171768]	Exploring 0: L0[], 1: L0[], Ebi: L2[L0[], L0[]], Eib: L2[L0[], L7[]], Eii: L2[L7[], L7[]], put: L2[V2, V3] -> V0 -> V1 -> L2[L0[], V3], tr: L7[]
[16:08:22.172392]	Exploring 0: L0[], 1: L0[], Ebi: L2[L0[], L0[]], Eib: L2[L0[], L7[]], Eii: L2[L7[], L7[]], put: L2[V2, V3] -> V0 -> V1 -> L2[L7[], _9_], tr: L7[]
[16:08:22.172807]	Exploring 0: L0[], 1: L0[], Ebi: L2[L0[], L0[]], Eib: L2[L0[], L7[]], Eii: L2[L7[], L7[]], put: L2[V2, V3] -> V0 -> V1 -> L2[L7[], L0[]], tr: L7[]
[16:08:22.173400]	Exploring 0: L0[], 1: L0[], Ebi: L2[L0[], L0[]], Eib: L2[L0[], L7[]], Eii: L2[L7[], L7[]], put: L2[V2, V3] -> V0 -> V1 -> L2[L7[], L7[]], tr: L7[]
[16:08:22.173990]	Exploring 0: L0[], 1: L0[], Ebi: L2[L0[], L0[]], Eib: L2[L0[], L7[]], Eii: L2[L7[], L7[]], put: L2[V2, V3] -> V0 -> V1 -> L2[L7[], V0], tr: L7[]
[16:08:22.174632]	Exploring 0: L0[], 1: L0[], Ebi: L2[L0[], L0[]], Eib: L2[L0[], L7[]], Eii: L2[L7[], L7[]], put: L2[V2, V3] -> V0 -> V1 -> L2[L7[], V1], tr: L7[]
[16:08:22.175252]	Exploring 0: L0[], 1: L0[], Ebi: L2[L0[], L0[]], Eib: L2[L0[], L7[]], Eii: L2[L7[], L7[]], put: L2[V2, V3] -> V0 -> V1 -> L2[L7[], V2], tr: L7[]
[16:08:22.175871]	Exploring 0: L0[], 1: L0[], Ebi: L2[L0[], L0[]], Eib: L2[L0[], L7[]], Eii: L2[L7[], L7[]], put: L2[V2, V3] -> V0 -> V1 -> L2[L7[], V3], tr: L7[]
[16:08:22.176512]	Exploring 0: L0[], 1: L0[], Ebi: L2[L0[], L0[]], Eib: L2[L0[], L7[]], Eii: L2[L7[], L7[]], put: L2[V2, V3] -> V0 -> V1 -> L2[V0, _9_], tr: L7[]
[16:08:22.176876]	Exploring 0: L0[], 1: L0[], Ebi: L2[L0[], L0[]], Eib: L2[L0[], L7[]], Eii: L2[L7[], L7[]], put: L2[V2, V3] -> V0 -> V1 -> L2[V0, L0[]], tr: L7[]
[16:08:22.177596]	Exploring 0: L0[], 1: L0[], Ebi: L2[L0[], L0[]], Eib: L2[L0[], L7[]], Eii: L2[L7[], L7[]], put: L2[V2, V3] -> V0 -> V1 -> L2[V0, L7[]], tr: L7[]
[16:08:22.178239]	Exploring 0: L0[], 1: L0[], Ebi: L2[L0[], L0[]], Eib: L2[L0[], L7[]], Eii: L2[L7[], L7[]], put: L2[V2, V3] -> V0 -> V1 -> L2[V0, V0], tr: L7[]
[16:08:22.178859]	Exploring 0: L0[], 1: L0[], Ebi: L2[L0[], L0[]], Eib: L2[L0[], L7[]], Eii: L2[L7[], L7[]], put: L2[V2, V3] -> V0 -> V1 -> L2[V0, V1], tr: L7[]
[16:08:22.179556]	Exploring 0: L0[], 1: L0[], Ebi: L2[L0[], L0[]], Eib: L2[L0[], L7[]], Eii: L2[L7[], L7[]], put: L2[V2, V3] -> V0 -> V1 -> L2[V0, V2], tr: L7[]
[16:08:22.180144]	Exploring 0: L0[], 1: L0[], Ebi: L2[L0[], L0[]], Eib: L2[L0[], L7[]], Eii: L2[L7[], L7[]], put: L2[V2, V3] -> V0 -> V1 -> L2[V0, V3], tr: L7[]
[16:08:22.180738]	Exploring 0: L0[], 1: L0[], Ebi: L2[L0[], L0[]], Eib: L2[L0[], L7[]], Eii: L2[L7[], L7[]], put: L2[V2, V3] -> V0 -> V1 -> L2[V1, _9_], tr: L7[]
[16:08:22.181096]	Exploring 0: L0[], 1: L0[], Ebi: L2[L0[], L0[]], Eib: L2[L0[], L7[]], Eii: L2[L7[], L7[]], put: L2[V2, V3] -> V0 -> V1 -> L2[V1, L0[]], tr: L7[]
[16:08:22.181732]	Exploring 0: L0[], 1: L0[], Ebi: L2[L0[], L0[]], Eib: L2[L0[], L7[]], Eii: L2[L7[], L7[]], put: L2[V2, V3] -> V0 -> V1 -> L2[V1, L7[]], tr: L7[]
[16:08:22.182364]	Exploring 0: L0[], 1: L0[], Ebi: L2[L0[], L0[]], Eib: L2[L0[], L7[]], Eii: L2[L7[], L7[]], put: L2[V2, V3] -> V0 -> V1 -> L2[V1, V0], tr: L7[]
[16:08:22.182959]	Exploring 0: L0[], 1: L0[], Ebi: L2[L0[], L0[]], Eib: L2[L0[], L7[]], Eii: L2[L7[], L7[]], put: L2[V2, V3] -> V0 -> V1 -> L2[V1, V1], tr: L7[]
[16:08:22.183591]	Exploring 0: L0[], 1: L0[], Ebi: L2[L0[], L0[]], Eib: L2[L0[], L7[]], Eii: L2[L7[], L7[]], put: L2[V2, V3] -> V0 -> V1 -> L2[V1, V2], tr: L7[]
[16:08:22.184214]	Exploring 0: L0[], 1: L0[], Ebi: L2[L0[], L0[]], Eib: L2[L0[], L7[]], Eii: L2[L7[], L7[]], put: L2[V2, V3] -> V0 -> V1 -> L2[V1, V3], tr: L7[]
[16:08:22.184778]	Exploring 0: L0[], 1: L0[], Ebi: L2[L0[], L0[]], Eib: L2[L0[], L7[]], Eii: L2[L7[], L7[]], put: L2[V2, V3] -> V0 -> V1 -> L2[V2, _9_], tr: L7[]
[16:08:22.185109]	Exploring 0: L0[], 1: L0[], Ebi: L2[L0[], L0[]], Eib: L2[L0[], L7[]], Eii: L2[L7[], L7[]], put: L2[V2, V3] -> V0 -> V1 -> L2[V2, L0[]], tr: L7[]
[16:08:22.185663]	Exploring 0: L0[], 1: L0[], Ebi: L2[L0[], L0[]], Eib: L2[L0[], L7[]], Eii: L2[L7[], L7[]], put: L2[V2, V3] -> V0 -> V1 -> L2[V2, L7[]], tr: L7[]
[16:08:22.186235]	Exploring 0: L0[], 1: L0[], Ebi: L2[L0[], L0[]], Eib: L2[L0[], L7[]], Eii: L2[L7[], L7[]], put: L2[V2, V3] -> V0 -> V1 -> L2[V2, V0], tr: L7[]
[16:08:22.186823]	Exploring 0: L0[], 1: L0[], Ebi: L2[L0[], L0[]], Eib: L2[L0[], L7[]], Eii: L2[L7[], L7[]], put: L2[V2, V3] -> V0 -> V1 -> L2[V2, V1], tr: L7[]
[16:08:22.187382]	Exploring 0: L0[], 1: L0[], Ebi: L2[L0[], L0[]], Eib: L2[L0[], L7[]], Eii: L2[L7[], L7[]], put: L2[V2, V3] -> V0 -> V1 -> L2[V2, V2], tr: L7[]
[16:08:22.187955]	Exploring 0: L0[], 1: L0[], Ebi: L2[L0[], L0[]], Eib: L2[L0[], L7[]], Eii: L2[L7[], L7[]], put: L2[V2, V3] -> V0 -> V1 -> L2[V2, V3], tr: L7[]
[16:08:22.188514]	Exploring 0: L0[], 1: L0[], Ebi: L2[L0[], L0[]], Eib: L2[L0[], L7[]], Eii: L2[L7[], L7[]], put: L2[V2, V3] -> V0 -> V1 -> L2[V3, _9_], tr: L7[]
[16:08:22.188850]	Exploring 0: L0[], 1: L0[], Ebi: L2[L0[], L0[]], Eib: L2[L0[], L7[]], Eii: L2[L7[], L7[]], put: L2[V2, V3] -> V0 -> V1 -> L2[V3, L0[]], tr: L7[]
[16:08:22.189421]	Exploring 0: L0[], 1: L0[], Ebi: L2[L0[], L0[]], Eib: L2[L0[], L7[]], Eii: L2[L7[], L7[]], put: L2[V2, V3] -> V0 -> V1 -> L2[V3, L7[]], tr: L7[]
[16:08:22.190011]	Exploring 0: L0[], 1: L0[], Ebi: L2[L0[], L0[]], Eib: L2[L0[], L7[]], Eii: L2[L7[], L7[]], put: L2[V2, V3] -> V0 -> V1 -> L2[V3, V0], tr: L7[]
[16:08:22.190596]	Exploring 0: L0[], 1: L0[], Ebi: L2[L0[], L0[]], Eib: L2[L0[], L7[]], Eii: L2[L7[], L7[]], put: L2[V2, V3] -> V0 -> V1 -> L2[V3, V1], tr: L7[]
[16:08:22.191164]	Exploring 0: L0[], 1: L0[], Ebi: L2[L0[], L0[]], Eib: L2[L0[], L7[]], Eii: L2[L7[], L7[]], put: L2[V2, V3] -> V0 -> V1 -> L2[V3, V2], tr: L7[]
[16:08:22.191736]	Exploring 0: L0[], 1: L0[], Ebi: L2[L0[], L0[]], Eib: L2[L0[], L7[]], Eii: L2[L7[], L7[]], put: L2[V2, V3] -> V0 -> V1 -> L2[V3, V3], tr: L7[]
[16:08:22.192218]	Exploring 0: L0[], 1: L0[], Ebi: L2[L0[], L0[]], Eib: L2[L7[], _3_], Eii: L2[_4_, _5_], put: L2[_6_, _7_] -> V0 -> V1 -> L2[_8_, _9_], tr: L7[]
[16:08:22.192427]	Exploring 0: L0[], 1: L0[], Ebi: L2[L0[], L0[]], Eib: L2[L7[], L0[]], Eii: L2[_4_, _5_], put: L2[_6_, _7_] -> V0 -> V1 -> L2[_8_, _9_], tr: L7[]
[16:08:22.192622]	Exploring 0: L0[], 1: L0[], Ebi: L2[L0[], L0[]], Eib: L2[L7[], L0[]], Eii: L2[L0[], _5_], put: L2[_6_, _7_] -> V0 -> V1 -> L2[_8_, _9_], tr: L7[]
[16:08:22.192811]	Exploring 0: L0[], 1: L0[], Ebi: L2[L0[], L0[]], Eib: L2[L7[], L0[]], Eii: L2[L0[], L0[]], put: L2[_6_, _7_] -> V0 -> V1 -> L2[_8_, _9_], tr: L7[]
[16:08:22.193125]	Exploring 0: L0[], 1: L0[], Ebi: L2[L0[], L0[]], Eib: L2[L7[], L0[]], Eii: L2[L0[], L0[]], put: L2[V1, _7_] -> V0 -> V1 -> L2[_8_, _9_], tr: L7[]
[16:08:22.193501]	Exploring 0: L0[], 1: L0[], Ebi: L2[L0[], L0[]], Eib: L2[L7[], L0[]], Eii: L2[L0[], L0[]], put: L2[V1, L0[]] -> V0 -> V1 -> L2[_8_, _9_], tr: L7[]
[16:08:22.193897]	Exploring 0: L0[], 1: L0[], Ebi: L2[L0[], L0[]], Eib: L2[L7[], L0[]], Eii: L2[L0[], L0[]], put: L2[V1, L0[]] -> V0 -> V1 -> L2[V1, _9_], tr: L7[]
[16:08:22.194204]	Exploring 0: L0[], 1: L0[], Ebi: L2[L0[], L0[]], Eib: L2[L7[], L0[]], Eii: L2[L0[], L0[]], put: L2[V1, L0[]] -> V0 -> V1 -> L2[V1, L0[]], tr: L7[]
[16:08:22.194926]	Exploring 0: L0[], 1: L0[], Ebi: L2[L0[], L0[]], Eib: L2[L7[], L0[]], Eii: L2[L0[], L0[]], put: L2[V1, V2] -> V0 -> V1 -> L2[_8_, _9_], tr: L7[]
[16:08:22.195287]	Exploring 0: L0[], 1: L0[], Ebi: L2[L0[], L0[]], Eib: L2[L7[], L0[]], Eii: L2[L0[], L0[]], put: L2[V1, V2] -> V0 -> V1 -> L2[V1, _9_], tr: L7[]
[16:08:22.195638]	Exploring 0: L0[], 1: L0[], Ebi: L2[L0[], L0[]], Eib: L2[L7[], L0[]], Eii: L2[L0[], L0[]], put: L2[V1, V2] -> V0 -> V1 -> L2[V1, L0[]], tr: L7[]
[16:08:22.196242]	Exploring 0: L0[], 1: L0[], Ebi: L2[L0[], L0[]], Eib: L2[L7[], L0[]], Eii: L2[L0[], L0[]], put: L2[V1, V2] -> V0 -> V1 -> L2[V1, L7[]], tr: L7[]
[16:08:22.196800]	Exploring 0: L0[], 1: L0[], Ebi: L2[L0[], L0[]], Eib: L2[L7[], L0[]], Eii: L2[L0[], L0[]], put: L2[V1, V2] -> V0 -> V1 -> L2[V1, V0], tr: L7[]
[16:08:22.197339]	Exploring 0: L0[], 1: L0[], Ebi: L2[L0[], L0[]], Eib: L2[L7[], L0[]], Eii: L2[L0[], L0[]], put: L2[V1, V2] -> V0 -> V1 -> L2[V1, V1], tr: L7[]
[16:08:22.201170]	Exploring 0: L0[], 1: L0[], Ebi: L2[L0[], L0[]], Eib: L2[L7[], L0[]], Eii: L2[L0[], L0[]], put: L2[V1, V2] -> V0 -> V1 -> L2[V1, V2], tr: L7[]
[16:08:22.201633]	Exploring 0: L0[], 1: L0[], Ebi: L2[L0[], L0[]], Eib: L2[L7[], L0[]], Eii: L2[L0[], L0[]], put: L2[V2, _7_] -> V0 -> V1 -> L2[_8_, _9_], tr: L7[]
[16:08:22.201875]	Exploring 0: L0[], 1: L0[], Ebi: L2[L0[], L0[]], Eib: L2[L7[], L0[]], Eii: L2[L0[], L0[]], put: L2[V2, L0[]] -> V0 -> V1 -> L2[_8_, _9_], tr: L7[]
[16:08:22.202091]	Exploring 0: L0[], 1: L0[], Ebi: L2[L0[], L0[]], Eib: L2[L7[], L0[]], Eii: L2[L0[], L0[]], put: L2[V2, L0[]] -> V0 -> V1 -> L2[L0[], _9_], tr: L7[]
[16:08:22.202313]	Exploring 0: L0[], 1: L0[], Ebi: L2[L0[], L0[]], Eib: L2[L7[], L0[]], Eii: L2[L0[], L0[]], put: L2[V2, L0[]] -> V0 -> V1 -> L2[L0[], L0[]], tr: L7[]
[16:08:22.202796]	Exploring 0: L0[], 1: L0[], Ebi: L2[L0[], L0[]], Eib: L2[L7[], L0[]], Eii: L2[L0[], L0[]], put: L2[V2, L0[]] -> V0 -> V1 -> L2[L7[], _9_], tr: L7[]
[16:08:22.203014]	Exploring 0: L0[], 1: L0[], Ebi: L2[L0[], L0[]], Eib: L2[L7[], L0[]], Eii: L2[L0[], L0[]], put: L2[V2, L0[]] -> V0 -> V1 -> L2[L7[], L0[]], tr: L7[]
[16:08:22.203521]	Exploring 0: L0[], 1: L0[], Ebi: L2[L0[], L0[]], Eib: L2[L7[], L0[]], Eii: L2[L0[], L0[]], put: L2[V2, L0[]] -> V0 -> V1 -> L2[V0, _9_], tr: L7[]
[16:08:22.203753]	Exploring 0: L0[], 1: L0[], Ebi: L2[L0[], L0[]], Eib: L2[L7[], L0[]], Eii: L2[L0[], L0[]], put: L2[V2, L0[]] -> V0 -> V1 -> L2[V0, L0[]], tr: L7[]
[16:08:22.204249]	Exploring 0: L0[], 1: L0[], Ebi: L2[L0[], L0[]], Eib: L2[L7[], L0[]], Eii: L2[L0[], L0[]], put: L2[V2, L0[]] -> V0 -> V1 -> L2[V1, _9_], tr: L7[]
[16:08:22.204475]	Exploring 0: L0[], 1: L0[], Ebi: L2[L0[], L0[]], Eib: L2[L7[], L0[]], Eii: L2[L0[], L0[]], put: L2[V2, L0[]] -> V0 -> V1 -> L2[V1, L0[]], tr: L7[]
[16:08:22.204939]	Exploring 0: L0[], 1: L0[], Ebi: L2[L0[], L0[]], Eib: L2[L7[], L0[]], Eii: L2[L0[], L0[]], put: L2[V2, L0[]] -> V0 -> V1 -> L2[V2, _9_], tr: L7[]
[16:08:22.205153]	Exploring 0: L0[], 1: L0[], Ebi: L2[L0[], L0[]], Eib: L2[L7[], L0[]], Eii: L2[L0[], L0[]], put: L2[V2, L0[]] -> V0 -> V1 -> L2[V2, L0[]], tr: L7[]
[16:08:22.205691]	Exploring 0: L0[], 1: L0[], Ebi: L2[L0[], L0[]], Eib: L2[L7[], L0[]], Eii: L2[L0[], L0[]], put: L2[V2, V3] -> V0 -> V1 -> L2[_8_, _9_], tr: L7[]
[16:08:22.205903]	Exploring 0: L0[], 1: L0[], Ebi: L2[L0[], L0[]], Eib: L2[L7[], L0[]], Eii: L2[L0[], L0[]], put: L2[V2, V3] -> V0 -> V1 -> L2[L0[], _9_], tr: L7[]
[16:08:22.206117]	Exploring 0: L0[], 1: L0[], Ebi: L2[L0[], L0[]], Eib: L2[L7[], L0[]], Eii: L2[L0[], L0[]], put: L2[V2, V3] -> V0 -> V1 -> L2[L0[], L0[]], tr: L7[]
[16:08:22.206505]	Exploring 0: L0[], 1: L0[], Ebi: L2[L0[], L0[]], Eib: L2[L7[], L0[]], Eii: L2[L0[], L0[]], put: L2[V2, V3] -> V0 -> V1 -> L2[L0[], L7[]], tr: L7[]
[16:08:22.206919]	Exploring 0: L0[], 1: L0[], Ebi: L2[L0[], L0[]], Eib: L2[L7[], L0[]], Eii: L2[L0[], L0[]], put: L2[V2, V3] -> V0 -> V1 -> L2[L0[], V0], tr: L7[]
[16:08:22.207356]	Exploring 0: L0[], 1: L0[], Ebi: L2[L0[], L0[]], Eib: L2[L7[], L0[]], Eii: L2[L0[], L0[]], put: L2[V2, V3] -> V0 -> V1 -> L2[L0[], V1], tr: L7[]
[16:08:22.207803]	Exploring 0: L0[], 1: L0[], Ebi: L2[L0[], L0[]], Eib: L2[L7[], L0[]], Eii: L2[L0[], L0[]], put: L2[V2, V3] -> V0 -> V1 -> L2[L0[], V2], tr: L7[]
[16:08:22.208227]	Exploring 0: L0[], 1: L0[], Ebi: L2[L0[], L0[]], Eib: L2[L7[], L0[]], Eii: L2[L0[], L0[]], put: L2[V2, V3] -> V0 -> V1 -> L2[L0[], V3], tr: L7[]
[16:08:22.208640]	Exploring 0: L0[], 1: L0[], Ebi: L2[L0[], L0[]], Eib: L2[L7[], L0[]], Eii: L2[L0[], L0[]], put: L2[V2, V3] -> V0 -> V1 -> L2[L7[], _9_], tr: L7[]
[16:08:22.208870]	Exploring 0: L0[], 1: L0[], Ebi: L2[L0[], L0[]], Eib: L2[L7[], L0[]], Eii: L2[L0[], L0[]], put: L2[V2, V3] -> V0 -> V1 -> L2[L7[], L0[]], tr: L7[]
[16:08:22.209269]	Exploring 0: L0[], 1: L0[], Ebi: L2[L0[], L0[]], Eib: L2[L7[], L0[]], Eii: L2[L0[], L0[]], put: L2[V2, V3] -> V0 -> V1 -> L2[L7[], L7[]], tr: L7[]
[16:08:22.209697]	Exploring 0: L0[], 1: L0[], Ebi: L2[L0[], L0[]], Eib: L2[L7[], L0[]], Eii: L2[L0[], L0[]], put: L2[V2, V3] -> V0 -> V1 -> L2[L7[], V0], tr: L7[]
[16:08:22.210163]	Exploring 0: L0[], 1: L0[], Ebi: L2[L0[], L0[]], Eib: L2[L7[], L0[]], Eii: L2[L0[], L0[]], put: L2[V2, V3] -> V0 -> V1 -> L2[L7[], V1], tr: L7[]
[16:08:22.210613]	Exploring 0: L0[], 1: L0[], Ebi: L2[L0[], L0[]], Eib: L2[L7[], L0[]], Eii: L2[L0[], L0[]], put: L2[V2, V3] -> V0 -> V1 -> L2[L7[], V2], tr: L7[]
[16:08:22.211192]	Exploring 0: L0[], 1: L0[], Ebi: L2[L0[], L0[]], Eib: L2[L7[], L0[]], Eii: L2[L0[], L0[]], put: L2[V2, V3] -> V0 -> V1 -> L2[L7[], V3], tr: L7[]
[16:08:22.211679]	Exploring 0: L0[], 1: L0[], Ebi: L2[L0[], L0[]], Eib: L2[L7[], L0[]], Eii: L2[L0[], L0[]], put: L2[V2, V3] -> V0 -> V1 -> L2[V0, _9_], tr: L7[]
[16:08:22.211958]	Exploring 0: L0[], 1: L0[], Ebi: L2[L0[], L0[]], Eib: L2[L7[], L0[]], Eii: L2[L0[], L0[]], put: L2[V2, V3] -> V0 -> V1 -> L2[V0, L0[]], tr: L7[]
[16:08:22.212402]	Exploring 0: L0[], 1: L0[], Ebi: L2[L0[], L0[]], Eib: L2[L7[], L0[]], Eii: L2[L0[], L0[]], put: L2[V2, V3] -> V0 -> V1 -> L2[V0, L7[]], tr: L7[]
[16:08:22.212872]	Exploring 0: L0[], 1: L0[], Ebi: L2[L0[], L0[]], Eib: L2[L7[], L0[]], Eii: L2[L0[], L0[]], put: L2[V2, V3] -> V0 -> V1 -> L2[V0, V0], tr: L7[]
[16:08:22.213347]	Exploring 0: L0[], 1: L0[], Ebi: L2[L0[], L0[]], Eib: L2[L7[], L0[]], Eii: L2[L0[], L0[]], put: L2[V2, V3] -> V0 -> V1 -> L2[V0, V1], tr: L7[]
[16:08:22.213787]	Exploring 0: L0[], 1: L0[], Ebi: L2[L0[], L0[]], Eib: L2[L7[], L0[]], Eii: L2[L0[], L0[]], put: L2[V2, V3] -> V0 -> V1 -> L2[V0, V2], tr: L7[]
[16:08:22.214224]	Exploring 0: L0[], 1: L0[], Ebi: L2[L0[], L0[]], Eib: L2[L7[], L0[]], Eii: L2[L0[], L0[]], put: L2[V2, V3] -> V0 -> V1 -> L2[V0, V3], tr: L7[]
[16:08:22.214656]	Exploring 0: L0[], 1: L0[], Ebi: L2[L0[], L0[]], Eib: L2[L7[], L0[]], Eii: L2[L0[], L0[]], put: L2[V2, V3] -> V0 -> V1 -> L2[V1, _9_], tr: L7[]
[16:08:22.214928]	Exploring 0: L0[], 1: L0[], Ebi: L2[L0[], L0[]], Eib: L2[L7[], L0[]], Eii: L2[L0[], L0[]], put: L2[V2, V3] -> V0 -> V1 -> L2[V1, L0[]], tr: L7[]
[16:08:22.215374]	Exploring 0: L0[], 1: L0[], Ebi: L2[L0[], L0[]], Eib: L2[L7[], L0[]], Eii: L2[L0[], L0[]], put: L2[V2, V3] -> V0 -> V1 -> L2[V1, L7[]], tr: L7[]
[16:08:22.215828]	Exploring 0: L0[], 1: L0[], Ebi: L2[L0[], L0[]], Eib: L2[L7[], L0[]], Eii: L2[L0[], L0[]], put: L2[V2, V3] -> V0 -> V1 -> L2[V1, V0], tr: L7[]
[16:08:22.216261]	Exploring 0: L0[], 1: L0[], Ebi: L2[L0[], L0[]], Eib: L2[L7[], L0[]], Eii: L2[L0[], L0[]], put: L2[V2, V3] -> V0 -> V1 -> L2[V1, V1], tr: L7[]
[16:08:22.216696]	Exploring 0: L0[], 1: L0[], Ebi: L2[L0[], L0[]], Eib: L2[L7[], L0[]], Eii: L2[L0[], L0[]], put: L2[V2, V3] -> V0 -> V1 -> L2[V1, V2], tr: L7[]
[16:08:22.217125]	Exploring 0: L0[], 1: L0[], Ebi: L2[L0[], L0[]], Eib: L2[L7[], L0[]], Eii: L2[L0[], L0[]], put: L2[V2, V3] -> V0 -> V1 -> L2[V1, V3], tr: L7[]
[16:08:22.217536]	Exploring 0: L0[], 1: L0[], Ebi: L2[L0[], L0[]], Eib: L2[L7[], L0[]], Eii: L2[L0[], L0[]], put: L2[V2, V3] -> V0 -> V1 -> L2[V2, _9_], tr: L7[]
[16:08:22.217783]	Exploring 0: L0[], 1: L0[], Ebi: L2[L0[], L0[]], Eib: L2[L7[], L0[]], Eii: L2[L0[], L0[]], put: L2[V2, V3] -> V0 -> V1 -> L2[V2, L0[]], tr: L7[]
[16:08:22.218207]	Exploring 0: L0[], 1: L0[], Ebi: L2[L0[], L0[]], Eib: L2[L7[], L0[]], Eii: L2[L0[], L0[]], put: L2[V2, V3] -> V0 -> V1 -> L2[V2, L7[]], tr: L7[]
[16:08:22.218634]	Exploring 0: L0[], 1: L0[], Ebi: L2[L0[], L0[]], Eib: L2[L7[], L0[]], Eii: L2[L0[], L0[]], put: L2[V2, V3] -> V0 -> V1 -> L2[V2, V0], tr: L7[]
[16:08:22.219071]	Exploring 0: L0[], 1: L0[], Ebi: L2[L0[], L0[]], Eib: L2[L7[], L0[]], Eii: L2[L0[], L0[]], put: L2[V2, V3] -> V0 -> V1 -> L2[V2, V1], tr: L7[]
[16:08:22.219508]	Exploring 0: L0[], 1: L0[], Ebi: L2[L0[], L0[]], Eib: L2[L7[], L0[]], Eii: L2[L0[], L0[]], put: L2[V2, V3] -> V0 -> V1 -> L2[V2, V2], tr: L7[]
[16:08:22.219911]	Exploring 0: L0[], 1: L0[], Ebi: L2[L0[], L0[]], Eib: L2[L7[], L0[]], Eii: L2[L0[], L0[]], put: L2[V2, V3] -> V0 -> V1 -> L2[V2, V3], tr: L7[]
[16:08:22.220325]	Exploring 0: L0[], 1: L0[], Ebi: L2[L0[], L0[]], Eib: L2[L7[], L0[]], Eii: L2[L0[], L0[]], put: L2[V2, V3] -> V0 -> V1 -> L2[V3, _9_], tr: L7[]
[16:08:22.220575]	Exploring 0: L0[], 1: L0[], Ebi: L2[L0[], L0[]], Eib: L2[L7[], L0[]], Eii: L2[L0[], L0[]], put: L2[V2, V3] -> V0 -> V1 -> L2[V3, L0[]], tr: L7[]
[16:08:22.221002]	Exploring 0: L0[], 1: L0[], Ebi: L2[L0[], L0[]], Eib: L2[L7[], L0[]], Eii: L2[L0[], L0[]], put: L2[V2, V3] -> V0 -> V1 -> L2[V3, L7[]], tr: L7[]
[16:08:22.221428]	Exploring 0: L0[], 1: L0[], Ebi: L2[L0[], L0[]], Eib: L2[L7[], L0[]], Eii: L2[L0[], L0[]], put: L2[V2, V3] -> V0 -> V1 -> L2[V3, V0], tr: L7[]
[16:08:22.221858]	Exploring 0: L0[], 1: L0[], Ebi: L2[L0[], L0[]], Eib: L2[L7[], L0[]], Eii: L2[L0[], L0[]], put: L2[V2, V3] -> V0 -> V1 -> L2[V3, V1], tr: L7[]
[16:08:22.222281]	Exploring 0: L0[], 1: L0[], Ebi: L2[L0[], L0[]], Eib: L2[L7[], L0[]], Eii: L2[L0[], L0[]], put: L2[V2, V3] -> V0 -> V1 -> L2[V3, V2], tr: L7[]
[16:08:22.222685]	Exploring 0: L0[], 1: L0[], Ebi: L2[L0[], L0[]], Eib: L2[L7[], L0[]], Eii: L2[L0[], L0[]], put: L2[V2, V3] -> V0 -> V1 -> L2[V3, V3], tr: L7[]
[16:08:22.223035]	Exploring 0: L0[], 1: L0[], Ebi: L2[L0[], L0[]], Eib: L2[L7[], L0[]], Eii: L2[L0[], L7[]], put: L2[_6_, _7_] -> V0 -> V1 -> L2[_8_, _9_], tr: L7[]
[16:08:22.223244]	Exploring 0: L0[], 1: L0[], Ebi: L2[L0[], L0[]], Eib: L2[L7[], L0[]], Eii: L2[L0[], L7[]], put: L2[V1, _7_] -> V0 -> V1 -> L2[_8_, _9_], tr: L7[]
[16:08:22.223513]	Exploring 0: L0[], 1: L0[], Ebi: L2[L0[], L0[]], Eib: L2[L7[], L0[]], Eii: L2[L0[], L7[]], put: L2[V1, V2] -> V0 -> V1 -> L2[_8_, _9_], tr: L7[]
[16:08:22.223759]	Exploring 0: L0[], 1: L0[], Ebi: L2[L0[], L0[]], Eib: L2[L7[], L0[]], Eii: L2[L0[], L7[]], put: L2[V1, V2] -> V0 -> V1 -> L2[V1, _9_], tr: L7[]
[16:08:22.223980]	Exploring 0: L0[], 1: L0[], Ebi: L2[L0[], L0[]], Eib: L2[L7[], L0[]], Eii: L2[L0[], L7[]], put: L2[V1, V2] -> V0 -> V1 -> L2[V1, L0[]], tr: L7[]
[16:08:22.224365]	Exploring 0: L0[], 1: L0[], Ebi: L2[L0[], L0[]], Eib: L2[L7[], L0[]], Eii: L2[L0[], L7[]], put: L2[V1, V2] -> V0 -> V1 -> L2[V1, L7[]], tr: L7[]
[16:08:22.224773]	Exploring 0: L0[], 1: L0[], Ebi: L2[L0[], L0[]], Eib: L2[L7[], L0[]], Eii: L2[L0[], L7[]], put: L2[V1, V2] -> V0 -> V1 -> L2[V1, V0], tr: L7[]
[16:08:22.225182]	Exploring 0: L0[], 1: L0[], Ebi: L2[L0[], L0[]], Eib: L2[L7[], L0[]], Eii: L2[L0[], L7[]], put: L2[V1, V2] -> V0 -> V1 -> L2[V1, V1], tr: L7[]
[16:08:22.225570]	Exploring 0: L0[], 1: L0[], Ebi: L2[L0[], L0[]], Eib: L2[L7[], L0[]], Eii: L2[L0[], L7[]], put: L2[V1, V2] -> V0 -> V1 -> L2[V1, V2], tr: L7[]
[16:08:22.225969]	Exploring 0: L0[], 1: L0[], Ebi: L2[L0[], L0[]], Eib: L2[L7[], L0[]], Eii: L2[L0[], L7[]], put: L2[V2, _7_] -> V0 -> V1 -> L2[_8_, _9_], tr: L7[]
[16:08:22.226258]	Exploring 0: L0[], 1: L0[], Ebi: L2[L0[], L0[]], Eib: L2[L7[], L0[]], Eii: L2[L0[], L7[]], put: L2[V2, V3] -> V0 -> V1 -> L2[_8_, _9_], tr: L7[]
[16:08:22.226479]	Exploring 0: L0[], 1: L0[], Ebi: L2[L0[], L0[]], Eib: L2[L7[], L0[]], Eii: L2[L0[], L7[]], put: L2[V2, V3] -> V0 -> V1 -> L2[L0[], _9_], tr: L7[]
[16:08:22.226702]	Exploring 0: L0[], 1: L0[], Ebi: L2[L0[], L0[]], Eib: L2[L7[], L0[]], Eii: L2[L0[], L7[]], put: L2[V2, V3] -> V0 -> V1 -> L2[L0[], L0[]], tr: L7[]
[16:08:22.227144]	Exploring 0: L0[], 1: L0[], Ebi: L2[L0[], L0[]], Eib: L2[L7[], L0[]], Eii: L2[L0[], L7[]], put: L2[V2, V3] -> V0 -> V1 -> L2[L0[], L7[]], tr: L7[]
[16:08:22.227668]	Exploring 0: L0[], 1: L0[], Ebi: L2[L0[], L0[]], Eib: L2[L7[], L0[]], Eii: L2[L0[], L7[]], put: L2[V2, V3] -> V0 -> V1 -> L2[L0[], V0], tr: L7[]
[16:08:22.228168]	Exploring 0: L0[], 1: L0[], Ebi: L2[L0[], L0[]], Eib: L2[L7[], L0[]], Eii: L2[L0[], L7[]], put: L2[V2, V3] -> V0 -> V1 -> L2[L0[], V1], tr: L7[]
[16:08:22.228627]	Exploring 0: L0[], 1: L0[], Ebi: L2[L0[], L0[]], Eib: L2[L7[], L0[]], Eii: L2[L0[], L7[]], put: L2[V2, V3] -> V0 -> V1 -> L2[L0[], V2], tr: L7[]
[16:08:22.229103]	Exploring 0: L0[], 1: L0[], Ebi: L2[L0[], L0[]], Eib: L2[L7[], L0[]], Eii: L2[L0[], L7[]], put: L2[V2, V3] -> V0 -> V1 -> L2[L0[], V3], tr: L7[]
[16:08:22.229596]	Exploring 0: L0[], 1: L0[], Ebi: L2[L0[], L0[]], Eib: L2[L7[], L0[]], Eii: L2[L0[], L7[]], put: L2[V2, V3] -> V0 -> V1 -> L2[L7[], _9_], tr: L7[]
[16:08:22.229872]	Exploring 0: L0[], 1: L0[], Ebi: L2[L0[], L0[]], Eib: L2[L7[], L0[]], Eii: L2[L0[], L7[]], put: L2[V2, V3] -> V0 -> V1 -> L2[L7[], L0[]], tr: L7[]
[16:08:22.230311]	Exploring 0: L0[], 1: L0[], Ebi: L2[L0[], L0[]], Eib: L2[L7[], L0[]], Eii: L2[L0[], L7[]], put: L2[V2, V3] -> V0 -> V1 -> L2[L7[], L7[]], tr: L7[]
[16:08:22.230733]	Exploring 0: L0[], 1: L0[], Ebi: L2[L0[], L0[]], Eib: L2[L7[], L0[]], Eii: L2[L0[], L7[]], put: L2[V2, V3] -> V0 -> V1 -> L2[L7[], V0], tr: L7[]
[16:08:22.231194]	Exploring 0: L0[], 1: L0[], Ebi: L2[L0[], L0[]], Eib: L2[L7[], L0[]], Eii: L2[L0[], L7[]], put: L2[V2, V3] -> V0 -> V1 -> L2[L7[], V1], tr: L7[]
[16:08:22.231649]	Exploring 0: L0[], 1: L0[], Ebi: L2[L0[], L0[]], Eib: L2[L7[], L0[]], Eii: L2[L0[], L7[]], put: L2[V2, V3] -> V0 -> V1 -> L2[L7[], V2], tr: L7[]
[16:08:22.232069]	Exploring 0: L0[], 1: L0[], Ebi: L2[L0[], L0[]], Eib: L2[L7[], L0[]], Eii: L2[L0[], L7[]], put: L2[V2, V3] -> V0 -> V1 -> L2[L7[], V3], tr: L7[]
[16:08:22.232543]	Exploring 0: L0[], 1: L0[], Ebi: L2[L0[], L0[]], Eib: L2[L7[], L0[]], Eii: L2[L0[], L7[]], put: L2[V2, V3] -> V0 -> V1 -> L2[V0, _9_], tr: L7[]
[16:08:22.232828]	Exploring 0: L0[], 1: L0[], Ebi: L2[L0[], L0[]], Eib: L2[L7[], L0[]], Eii: L2[L0[], L7[]], put: L2[V2, V3] -> V0 -> V1 -> L2[V0, L0[]], tr: L7[]
[16:08:22.233314]	Exploring 0: L0[], 1: L0[], Ebi: L2[L0[], L0[]], Eib: L2[L7[], L0[]], Eii: L2[L0[], L7[]], put: L2[V2, V3] -> V0 -> V1 -> L2[V0, L7[]], tr: L7[]
[16:08:22.233759]	Exploring 0: L0[], 1: L0[], Ebi: L2[L0[], L0[]], Eib: L2[L7[], L0[]], Eii: L2[L0[], L7[]], put: L2[V2, V3] -> V0 -> V1 -> L2[V0, V0], tr: L7[]
[16:08:22.234211]	Exploring 0: L0[], 1: L0[], Ebi: L2[L0[], L0[]], Eib: L2[L7[], L0[]], Eii: L2[L0[], L7[]], put: L2[V2, V3] -> V0 -> V1 -> L2[V0, V1], tr: L7[]
[16:08:22.234655]	Exploring 0: L0[], 1: L0[], Ebi: L2[L0[], L0[]], Eib: L2[L7[], L0[]], Eii: L2[L0[], L7[]], put: L2[V2, V3] -> V0 -> V1 -> L2[V0, V2], tr: L7[]
[16:08:22.235095]	Exploring 0: L0[], 1: L0[], Ebi: L2[L0[], L0[]], Eib: L2[L7[], L0[]], Eii: L2[L0[], L7[]], put: L2[V2, V3] -> V0 -> V1 -> L2[V0, V3], tr: L7[]
[16:08:22.235566]	Exploring 0: L0[], 1: L0[], Ebi: L2[L0[], L0[]], Eib: L2[L7[], L0[]], Eii: L2[L0[], L7[]], put: L2[V2, V3] -> V0 -> V1 -> L2[V1, _9_], tr: L7[]
[16:08:22.235836]	Exploring 0: L0[], 1: L0[], Ebi: L2[L0[], L0[]], Eib: L2[L7[], L0[]], Eii: L2[L0[], L7[]], put: L2[V2, V3] -> V0 -> V1 -> L2[V1, L0[]], tr: L7[]
[16:08:22.236299]	Exploring 0: L0[], 1: L0[], Ebi: L2[L0[], L0[]], Eib: L2[L7[], L0[]], Eii: L2[L0[], L7[]], put: L2[V2, V3] -> V0 -> V1 -> L2[V1, L7[]], tr: L7[]
[16:08:22.236756]	Exploring 0: L0[], 1: L0[], Ebi: L2[L0[], L0[]], Eib: L2[L7[], L0[]], Eii: L2[L0[], L7[]], put: L2[V2, V3] -> V0 -> V1 -> L2[V1, V0], tr: L7[]
[16:08:22.237198]	Exploring 0: L0[], 1: L0[], Ebi: L2[L0[], L0[]], Eib: L2[L7[], L0[]], Eii: L2[L0[], L7[]], put: L2[V2, V3] -> V0 -> V1 -> L2[V1, V1], tr: L7[]
[16:08:22.237637]	Exploring 0: L0[], 1: L0[], Ebi: L2[L0[], L0[]], Eib: L2[L7[], L0[]], Eii: L2[L0[], L7[]], put: L2[V2, V3] -> V0 -> V1 -> L2[V1, V2], tr: L7[]
[16:08:22.238083]	Exploring 0: L0[], 1: L0[], Ebi: L2[L0[], L0[]], Eib: L2[L7[], L0[]], Eii: L2[L0[], L7[]], put: L2[V2, V3] -> V0 -> V1 -> L2[V1, V3], tr: L7[]
[16:08:22.238516]	Exploring 0: L0[], 1: L0[], Ebi: L2[L0[], L0[]], Eib: L2[L7[], L0[]], Eii: L2[L0[], L7[]], put: L2[V2, V3] -> V0 -> V1 -> L2[V2, _9_], tr: L7[]
[16:08:22.238852]	Exploring 0: L0[], 1: L0[], Ebi: L2[L0[], L0[]], Eib: L2[L7[], L0[]], Eii: L2[L0[], L7[]], put: L2[V2, V3] -> V0 -> V1 -> L2[V2, L0[]], tr: L7[]
[16:08:22.239529]	Exploring 0: L0[], 1: L0[], Ebi: L2[L0[], L0[]], Eib: L2[L7[], L0[]], Eii: L2[L0[], L7[]], put: L2[V2, V3] -> V0 -> V1 -> L2[V2, L7[]], tr: L7[]
[16:08:22.240081]	Exploring 0: L0[], 1: L0[], Ebi: L2[L0[], L0[]], Eib: L2[L7[], L0[]], Eii: L2[L0[], L7[]], put: L2[V2, V3] -> V0 -> V1 -> L2[V2, V0], tr: L7[]
[16:08:22.240533]	Exploring 0: L0[], 1: L0[], Ebi: L2[L0[], L0[]], Eib: L2[L7[], L0[]], Eii: L2[L0[], L7[]], put: L2[V2, V3] -> V0 -> V1 -> L2[V2, V1], tr: L7[]
[16:08:22.240959]	Exploring 0: L0[], 1: L0[], Ebi: L2[L0[], L0[]], Eib: L2[L7[], L0[]], Eii: L2[L0[], L7[]], put: L2[V2, V3] -> V0 -> V1 -> L2[V2, V2], tr: L7[]
[16:08:22.241367]	Exploring 0: L0[], 1: L0[], Ebi: L2[L0[], L0[]], Eib: L2[L7[], L0[]], Eii: L2[L0[], L7[]], put: L2[V2, V3] -> V0 -> V1 -> L2[V2, V3], tr: L7[]
[16:08:22.241779]	Exploring 0: L0[], 1: L0[], Ebi: L2[L0[], L0[]], Eib: L2[L7[], L0[]], Eii: L2[L0[], L7[]], put: L2[V2, V3] -> V0 -> V1 -> L2[V3, _9_], tr: L7[]
[16:08:22.242053]	Exploring 0: L0[], 1: L0[], Ebi: L2[L0[], L0[]], Eib: L2[L7[], L0[]], Eii: L2[L0[], L7[]], put: L2[V2, V3] -> V0 -> V1 -> L2[V3, L0[]], tr: L7[]
[16:08:22.242475]	Exploring 0: L0[], 1: L0[], Ebi: L2[L0[], L0[]], Eib: L2[L7[], L0[]], Eii: L2[L0[], L7[]], put: L2[V2, V3] -> V0 -> V1 -> L2[V3, L7[]], tr: L7[]
[16:08:22.242905]	Exploring 0: L0[], 1: L0[], Ebi: L2[L0[], L0[]], Eib: L2[L7[], L0[]], Eii: L2[L0[], L7[]], put: L2[V2, V3] -> V0 -> V1 -> L2[V3, V0], tr: L7[]
[16:08:22.243339]	Exploring 0: L0[], 1: L0[], Ebi: L2[L0[], L0[]], Eib: L2[L7[], L0[]], Eii: L2[L0[], L7[]], put: L2[V2, V3] -> V0 -> V1 -> L2[V3, V1], tr: L7[]
[16:08:22.243857]	Exploring 0: L0[], 1: L0[], Ebi: L2[L0[], L0[]], Eib: L2[L7[], L0[]], Eii: L2[L0[], L7[]], put: L2[V2, V3] -> V0 -> V1 -> L2[V3, V2], tr: L7[]
[16:08:22.244296]	Exploring 0: L0[], 1: L0[], Ebi: L2[L0[], L0[]], Eib: L2[L7[], L0[]], Eii: L2[L0[], L7[]], put: L2[V2, V3] -> V0 -> V1 -> L2[V3, V3], tr: L7[]
[16:08:22.244676]	Exploring 0: L0[], 1: L0[], Ebi: L2[L0[], L0[]], Eib: L2[L7[], L0[]], Eii: L2[L7[], _5_], put: L2[_6_, _7_] -> V0 -> V1 -> L2[_8_, _9_], tr: L7[]
[16:08:22.244859]	Exploring 0: L0[], 1: L0[], Ebi: L2[L0[], L0[]], Eib: L2[L7[], L0[]], Eii: L2[L7[], L0[]], put: L2[_6_, _7_] -> V0 -> V1 -> L2[_8_, _9_], tr: L7[]
[16:08:22.245284]	Exploring 0: L0[], 1: L0[], Ebi: L2[L0[], L0[]], Eib: L2[L7[], L0[]], Eii: L2[L7[], L0[]], put: L2[V2, _7_] -> V0 -> V1 -> L2[_8_, _9_], tr: L7[]
[16:08:22.245495]	Exploring 0: L0[], 1: L0[], Ebi: L2[L0[], L0[]], Eib: L2[L7[], L0[]], Eii: L2[L7[], L0[]], put: L2[V2, L0[]] -> V0 -> V1 -> L2[_8_, _9_], tr: L7[]
[16:08:22.245718]	Exploring 0: L0[], 1: L0[], Ebi: L2[L0[], L0[]], Eib: L2[L7[], L0[]], Eii: L2[L7[], L0[]], put: L2[V2, L0[]] -> V0 -> V1 -> L2[L0[], _9_], tr: L7[]
[16:08:22.245949]	Exploring 0: L0[], 1: L0[], Ebi: L2[L0[], L0[]], Eib: L2[L7[], L0[]], Eii: L2[L7[], L0[]], put: L2[V2, L0[]] -> V0 -> V1 -> L2[L0[], L0[]], tr: L7[]
[16:08:22.246438]	Exploring 0: L0[], 1: L0[], Ebi: L2[L0[], L0[]], Eib: L2[L7[], L0[]], Eii: L2[L7[], L0[]], put: L2[V2, L0[]] -> V0 -> V1 -> L2[L7[], _9_], tr: L7[]
[16:08:22.246648]	Exploring 0: L0[], 1: L0[], Ebi: L2[L0[], L0[]], Eib: L2[L7[], L0[]], Eii: L2[L7[], L0[]], put: L2[V2, L0[]] -> V0 -> V1 -> L2[L7[], L0[]], tr: L7[]
[16:08:22.247116]	Exploring 0: L0[], 1: L0[], Ebi: L2[L0[], L0[]], Eib: L2[L7[], L0[]], Eii: L2[L7[], L0[]], put: L2[V2, L0[]] -> V0 -> V1 -> L2[V0, _9_], tr: L7[]
[16:08:22.247337]	Exploring 0: L0[], 1: L0[], Ebi: L2[L0[], L0[]], Eib: L2[L7[], L0[]], Eii: L2[L7[], L0[]], put: L2[V2, L0[]] -> V0 -> V1 -> L2[V0, L0[]], tr: L7[]
[16:08:22.247831]	Exploring 0: L0[], 1: L0[], Ebi: L2[L0[], L0[]], Eib: L2[L7[], L0[]], Eii: L2[L7[], L0[]], put: L2[V2, L0[]] -> V0 -> V1 -> L2[V1, _9_], tr: L7[]
[16:08:22.248069]	Exploring 0: L0[], 1: L0[], Ebi: L2[L0[], L0[]], Eib: L2[L7[], L0[]], Eii: L2[L7[], L0[]], put: L2[V2, L0[]] -> V0 -> V1 -> L2[V1, L0[]], tr: L7[]
[16:08:22.248535]	Exploring 0: L0[], 1: L0[], Ebi: L2[L0[], L0[]], Eib: L2[L7[], L0[]], Eii: L2[L7[], L0[]], put: L2[V2, L0[]] -> V0 -> V1 -> L2[V2, _9_], tr: L7[]
[16:08:22.248746]	Exploring 0: L0[], 1: L0[], Ebi: L2[L0[], L0[]], Eib: L2[L7[], L0[]], Eii: L2[L7[], L0[]], put: L2[V2, L0[]] -> V0 -> V1 -> L2[V2, L0[]], tr: L7[]
[16:08:22.249278]	Exploring 0: L0[], 1: L0[], Ebi: L2[L0[], L0[]], Eib: L2[L7[], L0[]], Eii: L2[L7[], L0[]], put: L2[V2, V3] -> V0 -> V1 -> L2[_8_, _9_], tr: L7[]
[16:08:22.249485]	Exploring 0: L0[], 1: L0[], Ebi: L2[L0[], L0[]], Eib: L2[L7[], L0[]], Eii: L2[L7[], L0[]], put: L2[V2, V3] -> V0 -> V1 -> L2[L0[], _9_], tr: L7[]
[16:08:22.249693]	Exploring 0: L0[], 1: L0[], Ebi: L2[L0[], L0[]], Eib: L2[L7[], L0[]], Eii: L2[L7[], L0[]], put: L2[V2, V3] -> V0 -> V1 -> L2[L0[], L0[]], tr: L7[]
[16:08:22.250090]	Exploring 0: L0[], 1: L0[], Ebi: L2[L0[], L0[]], Eib: L2[L7[], L0[]], Eii: L2[L7[], L0[]], put: L2[V2, V3] -> V0 -> V1 -> L2[L0[], L7[]], tr: L7[]
[16:08:22.250503]	Exploring 0: L0[], 1: L0[], Ebi: L2[L0[], L0[]], Eib: L2[L7[], L0[]], Eii: L2[L7[], L0[]], put: L2[V2, V3] -> V0 -> V1 -> L2[L0[], V0], tr: L7[]
[16:08:22.250938]	Exploring 0: L0[], 1: L0[], Ebi: L2[L0[], L0[]], Eib: L2[L7[], L0[]], Eii: L2[L7[], L0[]], put: L2[V2, V3] -> V0 -> V1 -> L2[L0[], V1], tr: L7[]
[16:08:22.251360]	Exploring 0: L0[], 1: L0[], Ebi: L2[L0[], L0[]], Eib: L2[L7[], L0[]], Eii: L2[L7[], L0[]], put: L2[V2, V3] -> V0 -> V1 -> L2[L0[], V2], tr: L7[]
[16:08:22.251783]	Exploring 0: L0[], 1: L0[], Ebi: L2[L0[], L0[]], Eib: L2[L7[], L0[]], Eii: L2[L7[], L0[]], put: L2[V2, V3] -> V0 -> V1 -> L2[L0[], V3], tr: L7[]
[16:08:22.252184]	Exploring 0: L0[], 1: L0[], Ebi: L2[L0[], L0[]], Eib: L2[L7[], L0[]], Eii: L2[L7[], L0[]], put: L2[V2, V3] -> V0 -> V1 -> L2[L7[], _9_], tr: L7[]
[16:08:22.252399]	Exploring 0: L0[], 1: L0[], Ebi: L2[L0[], L0[]], Eib: L2[L7[], L0[]], Eii: L2[L7[], L0[]], put: L2[V2, V3] -> V0 -> V1 -> L2[L7[], L0[]], tr: L7[]
[16:08:22.252793]	Exploring 0: L0[], 1: L0[], Ebi: L2[L0[], L0[]], Eib: L2[L7[], L0[]], Eii: L2[L7[], L0[]], put: L2[V2, V3] -> V0 -> V1 -> L2[L7[], L7[]], tr: L7[]
[16:08:22.253221]	Exploring 0: L0[], 1: L0[], Ebi: L2[L0[], L0[]], Eib: L2[L7[], L0[]], Eii: L2[L7[], L0[]], put: L2[V2, V3] -> V0 -> V1 -> L2[L7[], V0], tr: L7[]
[16:08:22.253689]	Exploring 0: L0[], 1: L0[], Ebi: L2[L0[], L0[]], Eib: L2[L7[], L0[]], Eii: L2[L7[], L0[]], put: L2[V2, V3] -> V0 -> V1 -> L2[L7[], V1], tr: L7[]
[16:08:22.254178]	Exploring 0: L0[], 1: L0[], Ebi: L2[L0[], L0[]], Eib: L2[L7[], L0[]], Eii: L2[L7[], L0[]], put: L2[V2, V3] -> V0 -> V1 -> L2[L7[], V2], tr: L7[]
[16:08:22.254605]	Exploring 0: L0[], 1: L0[], Ebi: L2[L0[], L0[]], Eib: L2[L7[], L0[]], Eii: L2[L7[], L0[]], put: L2[V2, V3] -> V0 -> V1 -> L2[L7[], V3], tr: L7[]
[16:08:22.255039]	Exploring 0: L0[], 1: L0[], Ebi: L2[L0[], L0[]], Eib: L2[L7[], L0[]], Eii: L2[L7[], L0[]], put: L2[V2, V3] -> V0 -> V1 -> L2[V0, _9_], tr: L7[]
[16:08:22.255284]	Exploring 0: L0[], 1: L0[], Ebi: L2[L0[], L0[]], Eib: L2[L7[], L0[]], Eii: L2[L7[], L0[]], put: L2[V2, V3] -> V0 -> V1 -> L2[V0, L0[]], tr: L7[]
[16:08:22.255747]	Exploring 0: L0[], 1: L0[], Ebi: L2[L0[], L0[]], Eib: L2[L7[], L0[]], Eii: L2[L7[], L0[]], put: L2[V2, V3] -> V0 -> V1 -> L2[V0, L7[]], tr: L7[]
[16:08:22.256188]	Exploring 0: L0[], 1: L0[], Ebi: L2[L0[], L0[]], Eib: L2[L7[], L0[]], Eii: L2[L7[], L0[]], put: L2[V2, V3] -> V0 -> V1 -> L2[V0, V0], tr: L7[]
[16:08:22.256617]	Exploring 0: L0[], 1: L0[], Ebi: L2[L0[], L0[]], Eib: L2[L7[], L0[]], Eii: L2[L7[], L0[]], put: L2[V2, V3] -> V0 -> V1 -> L2[V0, V1], tr: L7[]
[16:08:22.257050]	Exploring 0: L0[], 1: L0[], Ebi: L2[L0[], L0[]], Eib: L2[L7[], L0[]], Eii: L2[L7[], L0[]], put: L2[V2, V3] -> V0 -> V1 -> L2[V0, V2], tr: L7[]
[16:08:22.257481]	Exploring 0: L0[], 1: L0[], Ebi: L2[L0[], L0[]], Eib: L2[L7[], L0[]], Eii: L2[L7[], L0[]], put: L2[V2, V3] -> V0 -> V1 -> L2[V0, V3], tr: L7[]
[16:08:22.257922]	Exploring 0: L0[], 1: L0[], Ebi: L2[L0[], L0[]], Eib: L2[L7[], L0[]], Eii: L2[L7[], L0[]], put: L2[V2, V3] -> V0 -> V1 -> L2[V1, _9_], tr: L7[]
[16:08:22.258170]	Exploring 0: L0[], 1: L0[], Ebi: L2[L0[], L0[]], Eib: L2[L7[], L0[]], Eii: L2[L7[], L0[]], put: L2[V2, V3] -> V0 -> V1 -> L2[V1, L0[]], tr: L7[]
[16:08:22.258650]	Exploring 0: L0[], 1: L0[], Ebi: L2[L0[], L0[]], Eib: L2[L7[], L0[]], Eii: L2[L7[], L0[]], put: L2[V2, V3] -> V0 -> V1 -> L2[V1, L7[]], tr: L7[]
[16:08:22.259088]	Exploring 0: L0[], 1: L0[], Ebi: L2[L0[], L0[]], Eib: L2[L7[], L0[]], Eii: L2[L7[], L0[]], put: L2[V2, V3] -> V0 -> V1 -> L2[V1, V0], tr: L7[]
[16:08:22.259539]	Exploring 0: L0[], 1: L0[], Ebi: L2[L0[], L0[]], Eib: L2[L7[], L0[]], Eii: L2[L7[], L0[]], put: L2[V2, V3] -> V0 -> V1 -> L2[V1, V1], tr: L7[]
[16:08:22.259977]	Exploring 0: L0[], 1: L0[], Ebi: L2[L0[], L0[]], Eib: L2[L7[], L0[]], Eii: L2[L7[], L0[]], put: L2[V2, V3] -> V0 -> V1 -> L2[V1, V2], tr: L7[]
[16:08:22.260468]	Exploring 0: L0[], 1: L0[], Ebi: L2[L0[], L0[]], Eib: L2[L7[], L0[]], Eii: L2[L7[], L0[]], put: L2[V2, V3] -> V0 -> V1 -> L2[V1, V3], tr: L7[]
[16:08:22.260889]	Exploring 0: L0[], 1: L0[], Ebi: L2[L0[], L0[]], Eib: L2[L7[], L0[]], Eii: L2[L7[], L0[]], put: L2[V2, V3] -> V0 -> V1 -> L2[V2, _9_], tr: L7[]
[16:08:22.261145]	Exploring 0: L0[], 1: L0[], Ebi: L2[L0[], L0[]], Eib: L2[L7[], L0[]], Eii: L2[L7[], L0[]], put: L2[V2, V3] -> V0 -> V1 -> L2[V2, L0[]], tr: L7[]
[16:08:22.261579]	Exploring 0: L0[], 1: L0[], Ebi: L2[L0[], L0[]], Eib: L2[L7[], L0[]], Eii: L2[L7[], L0[]], put: L2[V2, V3] -> V0 -> V1 -> L2[V2, L7[]], tr: L7[]
[16:08:22.262035]	Exploring 0: L0[], 1: L0[], Ebi: L2[L0[], L0[]], Eib: L2[L7[], L0[]], Eii: L2[L7[], L0[]], put: L2[V2, V3] -> V0 -> V1 -> L2[V2, V0], tr: L7[]
[16:08:22.262521]	Exploring 0: L0[], 1: L0[], Ebi: L2[L0[], L0[]], Eib: L2[L7[], L0[]], Eii: L2[L7[], L0[]], put: L2[V2, V3] -> V0 -> V1 -> L2[V2, V1], tr: L7[]
[16:08:22.262945]	Exploring 0: L0[], 1: L0[], Ebi: L2[L0[], L0[]], Eib: L2[L7[], L0[]], Eii: L2[L7[], L0[]], put: L2[V2, V3] -> V0 -> V1 -> L2[V2, V2], tr: L7[]
[16:08:22.263362]	Exploring 0: L0[], 1: L0[], Ebi: L2[L0[], L0[]], Eib: L2[L7[], L0[]], Eii: L2[L7[], L0[]], put: L2[V2, V3] -> V0 -> V1 -> L2[V2, V3], tr: L7[]
[16:08:22.263777]	Exploring 0: L0[], 1: L0[], Ebi: L2[L0[], L0[]], Eib: L2[L7[], L0[]], Eii: L2[L7[], L0[]], put: L2[V2, V3] -> V0 -> V1 -> L2[V3, _9_], tr: L7[]
[16:08:22.264029]	Exploring 0: L0[], 1: L0[], Ebi: L2[L0[], L0[]], Eib: L2[L7[], L0[]], Eii: L2[L7[], L0[]], put: L2[V2, V3] -> V0 -> V1 -> L2[V3, L0[]], tr: L7[]
[16:08:22.264443]	Exploring 0: L0[], 1: L0[], Ebi: L2[L0[], L0[]], Eib: L2[L7[], L0[]], Eii: L2[L7[], L0[]], put: L2[V2, V3] -> V0 -> V1 -> L2[V3, L7[]], tr: L7[]
[16:08:22.264853]	Exploring 0: L0[], 1: L0[], Ebi: L2[L0[], L0[]], Eib: L2[L7[], L0[]], Eii: L2[L7[], L0[]], put: L2[V2, V3] -> V0 -> V1 -> L2[V3, V0], tr: L7[]
[16:08:22.265275]	Exploring 0: L0[], 1: L0[], Ebi: L2[L0[], L0[]], Eib: L2[L7[], L0[]], Eii: L2[L7[], L0[]], put: L2[V2, V3] -> V0 -> V1 -> L2[V3, V1], tr: L7[]
[16:08:22.265684]	Exploring 0: L0[], 1: L0[], Ebi: L2[L0[], L0[]], Eib: L2[L7[], L0[]], Eii: L2[L7[], L0[]], put: L2[V2, V3] -> V0 -> V1 -> L2[V3, V2], tr: L7[]
[16:08:22.266076]	Exploring 0: L0[], 1: L0[], Ebi: L2[L0[], L0[]], Eib: L2[L7[], L0[]], Eii: L2[L7[], L0[]], put: L2[V2, V3] -> V0 -> V1 -> L2[V3, V3], tr: L7[]
[16:08:22.266413]	Exploring 0: L0[], 1: L0[], Ebi: L2[L0[], L0[]], Eib: L2[L7[], L0[]], Eii: L2[L7[], L7[]], put: L2[_6_, _7_] -> V0 -> V1 -> L2[_8_, _9_], tr: L7[]
[16:08:22.266682]	Exploring 0: L0[], 1: L0[], Ebi: L2[L0[], L0[]], Eib: L2[L7[], L0[]], Eii: L2[L7[], L7[]], put: L2[V2, _7_] -> V0 -> V1 -> L2[_8_, _9_], tr: L7[]
[16:08:22.266964]	Exploring 0: L0[], 1: L0[], Ebi: L2[L0[], L0[]], Eib: L2[L7[], L0[]], Eii: L2[L7[], L7[]], put: L2[V2, V3] -> V0 -> V1 -> L2[_8_, _9_], tr: L7[]
[16:08:22.267170]	Exploring 0: L0[], 1: L0[], Ebi: L2[L0[], L0[]], Eib: L2[L7[], L0[]], Eii: L2[L7[], L7[]], put: L2[V2, V3] -> V0 -> V1 -> L2[L0[], _9_], tr: L7[]
[16:08:22.267396]	Exploring 0: L0[], 1: L0[], Ebi: L2[L0[], L0[]], Eib: L2[L7[], L0[]], Eii: L2[L7[], L7[]], put: L2[V2, V3] -> V0 -> V1 -> L2[L0[], L0[]], tr: L7[]
[16:08:22.267807]	Exploring 0: L0[], 1: L0[], Ebi: L2[L0[], L0[]], Eib: L2[L7[], L0[]], Eii: L2[L7[], L7[]], put: L2[V2, V3] -> V0 -> V1 -> L2[L0[], L7[]], tr: L7[]
[16:08:22.268258]	Exploring 0: L0[], 1: L0[], Ebi: L2[L0[], L0[]], Eib: L2[L7[], L0[]], Eii: L2[L7[], L7[]], put: L2[V2, V3] -> V0 -> V1 -> L2[L0[], V0], tr: L7[]
[16:08:22.268729]	Exploring 0: L0[], 1: L0[], Ebi: L2[L0[], L0[]], Eib: L2[L7[], L0[]], Eii: L2[L7[], L7[]], put: L2[V2, V3] -> V0 -> V1 -> L2[L0[], V1], tr: L7[]
[16:08:22.269189]	Exploring 0: L0[], 1: L0[], Ebi: L2[L0[], L0[]], Eib: L2[L7[], L0[]], Eii: L2[L7[], L7[]], put: L2[V2, V3] -> V0 -> V1 -> L2[L0[], V2], tr: L7[]
[16:08:22.269618]	Exploring 0: L0[], 1: L0[], Ebi: L2[L0[], L0[]], Eib: L2[L7[], L0[]], Eii: L2[L7[], L7[]], put: L2[V2, V3] -> V0 -> V1 -> L2[L0[], V3], tr: L7[]
[16:08:22.270037]	Exploring 0: L0[], 1: L0[], Ebi: L2[L0[], L0[]], Eib: L2[L7[], L0[]], Eii: L2[L7[], L7[]], put: L2[V2, V3] -> V0 -> V1 -> L2[L7[], _9_], tr: L7[]
[16:08:22.270268]	Exploring 0: L0[], 1: L0[], Ebi: L2[L0[], L0[]], Eib: L2[L7[], L0[]], Eii: L2[L7[], L7[]], put: L2[V2, V3] -> V0 -> V1 -> L2[L7[], L0[]], tr: L7[]
[16:08:22.270669]	Exploring 0: L0[], 1: L0[], Ebi: L2[L0[], L0[]], Eib: L2[L7[], L0[]], Eii: L2[L7[], L7[]], put: L2[V2, V3] -> V0 -> V1 -> L2[L7[], L7[]], tr: L7[]
[16:08:22.271099]	Exploring 0: L0[], 1: L0[], Ebi: L2[L0[], L0[]], Eib: L2[L7[], L0[]], Eii: L2[L7[], L7[]], put: L2[V2, V3] -> V0 -> V1 -> L2[L7[], V0], tr: L7[]
[16:08:22.271571]	Exploring 0: L0[], 1: L0[], Ebi: L2[L0[], L0[]], Eib: L2[L7[], L0[]], Eii: L2[L7[], L7[]], put: L2[V2, V3] -> V0 -> V1 -> L2[L7[], V1], tr: L7[]
[16:08:22.272011]	Exploring 0: L0[], 1: L0[], Ebi: L2[L0[], L0[]], Eib: L2[L7[], L0[]], Eii: L2[L7[], L7[]], put: L2[V2, V3] -> V0 -> V1 -> L2[L7[], V2], tr: L7[]
[16:08:22.272437]	Exploring 0: L0[], 1: L0[], Ebi: L2[L0[], L0[]], Eib: L2[L7[], L0[]], Eii: L2[L7[], L7[]], put: L2[V2, V3] -> V0 -> V1 -> L2[L7[], V3], tr: L7[]
[16:08:22.272866]	Exploring 0: L0[], 1: L0[], Ebi: L2[L0[], L0[]], Eib: L2[L7[], L0[]], Eii: L2[L7[], L7[]], put: L2[V2, V3] -> V0 -> V1 -> L2[V0, _9_], tr: L7[]
[16:08:22.273126]	Exploring 0: L0[], 1: L0[], Ebi: L2[L0[], L0[]], Eib: L2[L7[], L0[]], Eii: L2[L7[], L7[]], put: L2[V2, V3] -> V0 -> V1 -> L2[V0, L0[]], tr: L7[]
[16:08:22.273579]	Exploring 0: L0[], 1: L0[], Ebi: L2[L0[], L0[]], Eib: L2[L7[], L0[]], Eii: L2[L7[], L7[]], put: L2[V2, V3] -> V0 -> V1 -> L2[V0, L7[]], tr: L7[]
[16:08:22.274018]	Exploring 0: L0[], 1: L0[], Ebi: L2[L0[], L0[]], Eib: L2[L7[], L0[]], Eii: L2[L7[], L7[]], put: L2[V2, V3] -> V0 -> V1 -> L2[V0, V0], tr: L7[]
[16:08:22.274455]	Exploring 0: L0[], 1: L0[], Ebi: L2[L0[], L0[]], Eib: L2[L7[], L0[]], Eii: L2[L7[], L7[]], put: L2[V2, V3] -> V0 -> V1 -> L2[V0, V1], tr: L7[]
[16:08:22.274885]	Exploring 0: L0[], 1: L0[], Ebi: L2[L0[], L0[]], Eib: L2[L7[], L0[]], Eii: L2[L7[], L7[]], put: L2[V2, V3] -> V0 -> V1 -> L2[V0, V2], tr: L7[]
[16:08:22.275316]	Exploring 0: L0[], 1: L0[], Ebi: L2[L0[], L0[]], Eib: L2[L7[], L0[]], Eii: L2[L7[], L7[]], put: L2[V2, V3] -> V0 -> V1 -> L2[V0, V3], tr: L7[]
[16:08:22.275960]	Exploring 0: L0[], 1: L0[], Ebi: L2[L0[], L0[]], Eib: L2[L7[], L0[]], Eii: L2[L7[], L7[]], put: L2[V2, V3] -> V0 -> V1 -> L2[V1, _9_], tr: L7[]
[16:08:22.276235]	Exploring 0: L0[], 1: L0[], Ebi: L2[L0[], L0[]], Eib: L2[L7[], L0[]], Eii: L2[L7[], L7[]], put: L2[V2, V3] -> V0 -> V1 -> L2[V1, L0[]], tr: L7[]
[16:08:22.276700]	Exploring 0: L0[], 1: L0[], Ebi: L2[L0[], L0[]], Eib: L2[L7[], L0[]], Eii: L2[L7[], L7[]], put: L2[V2, V3] -> V0 -> V1 -> L2[V1, L7[]], tr: L7[]
[16:08:22.277131]	Exploring 0: L0[], 1: L0[], Ebi: L2[L0[], L0[]], Eib: L2[L7[], L0[]], Eii: L2[L7[], L7[]], put: L2[V2, V3] -> V0 -> V1 -> L2[V1, V0], tr: L7[]
[16:08:22.277623]	Exploring 0: L0[], 1: L0[], Ebi: L2[L0[], L0[]], Eib: L2[L7[], L0[]], Eii: L2[L7[], L7[]], put: L2[V2, V3] -> V0 -> V1 -> L2[V1, V1], tr: L7[]
[16:08:22.278072]	Exploring 0: L0[], 1: L0[], Ebi: L2[L0[], L0[]], Eib: L2[L7[], L0[]], Eii: L2[L7[], L7[]], put: L2[V2, V3] -> V0 -> V1 -> L2[V1, V2], tr: L7[]
[16:08:22.278506]	Exploring 0: L0[], 1: L0[], Ebi: L2[L0[], L0[]], Eib: L2[L7[], L0[]], Eii: L2[L7[], L7[]], put: L2[V2, V3] -> V0 -> V1 -> L2[V1, V3], tr: L7[]
[16:08:22.278899]	Exploring 0: L0[], 1: L0[], Ebi: L2[L0[], L0[]], Eib: L2[L7[], L0[]], Eii: L2[L7[], L7[]], put: L2[V2, V3] -> V0 -> V1 -> L2[V2, _9_], tr: L7[]
[16:08:22.279160]	Exploring 0: L0[], 1: L0[], Ebi: L2[L0[], L0[]], Eib: L2[L7[], L0[]], Eii: L2[L7[], L7[]], put: L2[V2, V3] -> V0 -> V1 -> L2[V2, L0[]], tr: L7[]
[16:08:22.279589]	Exploring 0: L0[], 1: L0[], Ebi: L2[L0[], L0[]], Eib: L2[L7[], L0[]], Eii: L2[L7[], L7[]], put: L2[V2, V3] -> V0 -> V1 -> L2[V2, L7[]], tr: L7[]
[16:08:22.280023]	Exploring 0: L0[], 1: L0[], Ebi: L2[L0[], L0[]], Eib: L2[L7[], L0[]], Eii: L2[L7[], L7[]], put: L2[V2, V3] -> V0 -> V1 -> L2[V2, V0], tr: L7[]
[16:08:22.280463]	Exploring 0: L0[], 1: L0[], Ebi: L2[L0[], L0[]], Eib: L2[L7[], L0[]], Eii: L2[L7[], L7[]], put: L2[V2, V3] -> V0 -> V1 -> L2[V2, V1], tr: L7[]
[16:08:22.280875]	Exploring 0: L0[], 1: L0[], Ebi: L2[L0[], L0[]], Eib: L2[L7[], L0[]], Eii: L2[L7[], L7[]], put: L2[V2, V3] -> V0 -> V1 -> L2[V2, V2], tr: L7[]
[16:08:22.281258]	Exploring 0: L0[], 1: L0[], Ebi: L2[L0[], L0[]], Eib: L2[L7[], L0[]], Eii: L2[L7[], L7[]], put: L2[V2, V3] -> V0 -> V1 -> L2[V2, V3], tr: L7[]
[16:08:22.281653]	Exploring 0: L0[], 1: L0[], Ebi: L2[L0[], L0[]], Eib: L2[L7[], L0[]], Eii: L2[L7[], L7[]], put: L2[V2, V3] -> V0 -> V1 -> L2[V3, _9_], tr: L7[]
[16:08:22.281915]	Exploring 0: L0[], 1: L0[], Ebi: L2[L0[], L0[]], Eib: L2[L7[], L0[]], Eii: L2[L7[], L7[]], put: L2[V2, V3] -> V0 -> V1 -> L2[V3, L0[]], tr: L7[]
[16:08:22.282322]	Exploring 0: L0[], 1: L0[], Ebi: L2[L0[], L0[]], Eib: L2[L7[], L0[]], Eii: L2[L7[], L7[]], put: L2[V2, V3] -> V0 -> V1 -> L2[V3, L7[]], tr: L7[]
[16:08:22.282726]	Exploring 0: L0[], 1: L0[], Ebi: L2[L0[], L0[]], Eib: L2[L7[], L0[]], Eii: L2[L7[], L7[]], put: L2[V2, V3] -> V0 -> V1 -> L2[V3, V0], tr: L7[]
[16:08:22.283132]	Exploring 0: L0[], 1: L0[], Ebi: L2[L0[], L0[]], Eib: L2[L7[], L0[]], Eii: L2[L7[], L7[]], put: L2[V2, V3] -> V0 -> V1 -> L2[V3, V1], tr: L7[]
[16:08:22.283547]	Exploring 0: L0[], 1: L0[], Ebi: L2[L0[], L0[]], Eib: L2[L7[], L0[]], Eii: L2[L7[], L7[]], put: L2[V2, V3] -> V0 -> V1 -> L2[V3, V2], tr: L7[]
[16:08:22.283935]	Exploring 0: L0[], 1: L0[], Ebi: L2[L0[], L0[]], Eib: L2[L7[], L0[]], Eii: L2[L7[], L7[]], put: L2[V2, V3] -> V0 -> V1 -> L2[V3, V3], tr: L7[]
[16:08:22.284265]	Exploring 0: L0[], 1: L0[], Ebi: L2[L0[], L0[]], Eib: L2[L7[], L7[]], Eii: L2[_4_, _5_], put: L2[_6_, _7_] -> V0 -> V1 -> L2[_8_, _9_], tr: L7[]
[16:08:22.284425]	Exploring 0: L0[], 1: L0[], Ebi: L2[L0[], L0[]], Eib: L2[L7[], L7[]], Eii: L2[L0[], _5_], put: L2[_6_, _7_] -> V0 -> V1 -> L2[_8_, _9_], tr: L7[]
[16:08:22.284556]	Exploring 0: L0[], 1: L0[], Ebi: L2[L0[], L0[]], Eib: L2[L7[], L7[]], Eii: L2[L0[], L0[]], put: L2[_6_, _7_] -> V0 -> V1 -> L2[_8_, _9_], tr: L7[]
[16:08:22.284747]	Exploring 0: L0[], 1: L0[], Ebi: L2[L0[], L0[]], Eib: L2[L7[], L7[]], Eii: L2[L0[], L0[]], put: L2[V1, _7_] -> V0 -> V1 -> L2[_8_, _9_], tr: L7[]
[16:08:22.284930]	Exploring 0: L0[], 1: L0[], Ebi: L2[L0[], L0[]], Eib: L2[L7[], L7[]], Eii: L2[L0[], L0[]], put: L2[V1, V1] -> V0 -> V1 -> L2[_8_, _9_], tr: L7[]
[16:08:22.285127]	Exploring 0: L0[], 1: L0[], Ebi: L2[L0[], L0[]], Eib: L2[L7[], L7[]], Eii: L2[L0[], L0[]], put: L2[V1, V1] -> V0 -> V1 -> L2[V1, _9_], tr: L7[]
[16:08:22.285323]	Exploring 0: L0[], 1: L0[], Ebi: L2[L0[], L0[]], Eib: L2[L7[], L7[]], Eii: L2[L0[], L0[]], put: L2[V1, V1] -> V0 -> V1 -> L2[V1, V1], tr: L7[]
[16:08:22.285649]	Exploring 0: L0[], 1: L0[], Ebi: L2[L0[], L0[]], Eib: L2[L7[], L7[]], Eii: L2[L0[], L0[]], put: L2[V1, V2] -> V0 -> V1 -> L2[_8_, _9_], tr: L7[]
[16:08:22.285859]	Exploring 0: L0[], 1: L0[], Ebi: L2[L0[], L0[]], Eib: L2[L7[], L7[]], Eii: L2[L0[], L0[]], put: L2[V1, V2] -> V0 -> V1 -> L2[V1, _9_], tr: L7[]
[16:08:22.286073]	Exploring 0: L0[], 1: L0[], Ebi: L2[L0[], L0[]], Eib: L2[L7[], L7[]], Eii: L2[L0[], L0[]], put: L2[V1, V2] -> V0 -> V1 -> L2[V1, L0[]], tr: L7[]
[16:08:22.286432]	Exploring 0: L0[], 1: L0[], Ebi: L2[L0[], L0[]], Eib: L2[L7[], L7[]], Eii: L2[L0[], L0[]], put: L2[V1, V2] -> V0 -> V1 -> L2[V1, L7[]], tr: L7[]
[16:08:22.286813]	Exploring 0: L0[], 1: L0[], Ebi: L2[L0[], L0[]], Eib: L2[L7[], L7[]], Eii: L2[L0[], L0[]], put: L2[V1, V2] -> V0 -> V1 -> L2[V1, V0], tr: L7[]
[16:08:22.287202]	Exploring 0: L0[], 1: L0[], Ebi: L2[L0[], L0[]], Eib: L2[L7[], L7[]], Eii: L2[L0[], L0[]], put: L2[V1, V2] -> V0 -> V1 -> L2[V1, V1], tr: L7[]
[16:08:22.287606]	Exploring 0: L0[], 1: L0[], Ebi: L2[L0[], L0[]], Eib: L2[L7[], L7[]], Eii: L2[L0[], L0[]], put: L2[V1, V2] -> V0 -> V1 -> L2[V1, V2], tr: L7[]
[16:08:22.288023]	Exploring 0: L0[], 1: L0[], Ebi: L2[L0[], L0[]], Eib: L2[L7[], L7[]], Eii: L2[L0[], L0[]], put: L2[V1, V2] -> V0 -> V1 -> L2[V2, _9_], tr: L7[]
[16:08:22.288266]	Exploring 0: L0[], 1: L0[], Ebi: L2[L0[], L0[]], Eib: L2[L7[], L7[]], Eii: L2[L0[], L0[]], put: L2[V1, V2] -> V0 -> V1 -> L2[V2, L0[]], tr: L7[]
[16:08:22.288677]	Exploring 0: L0[], 1: L0[], Ebi: L2[L0[], L0[]], Eib: L2[L7[], L7[]], Eii: L2[L0[], L0[]], put: L2[V1, V2] -> V0 -> V1 -> L2[V2, L7[]], tr: L7[]
[16:08:22.289107]	Exploring 0: L0[], 1: L0[], Ebi: L2[L0[], L0[]], Eib: L2[L7[], L7[]], Eii: L2[L0[], L0[]], put: L2[V1, V2] -> V0 -> V1 -> L2[V2, V0], tr: L7[]
[16:08:22.289516]	Exploring 0: L0[], 1: L0[], Ebi: L2[L0[], L0[]], Eib: L2[L7[], L7[]], Eii: L2[L0[], L0[]], put: L2[V1, V2] -> V0 -> V1 -> L2[V2, V1], tr: L7[]
[16:08:22.289911]	Exploring 0: L0[], 1: L0[], Ebi: L2[L0[], L0[]], Eib: L2[L7[], L7[]], Eii: L2[L0[], L0[]], put: L2[V1, V2] -> V0 -> V1 -> L2[V2, V2], tr: L7[]
[16:08:22.290275]	Exploring 0: L0[], 1: L0[], Ebi: L2[L0[], L0[]], Eib: L2[L7[], L7[]], Eii: L2[L0[], L0[]], put: L2[V2, _7_] -> V0 -> V1 -> L2[_8_, _9_], tr: L7[]
[16:08:22.290483]	Exploring 0: L0[], 1: L0[], Ebi: L2[L0[], L0[]], Eib: L2[L7[], L7[]], Eii: L2[L0[], L0[]], put: L2[V2, V1] -> V0 -> V1 -> L2[_8_, _9_], tr: L7[]
[16:08:22.290683]	Exploring 0: L0[], 1: L0[], Ebi: L2[L0[], L0[]], Eib: L2[L7[], L7[]], Eii: L2[L0[], L0[]], put: L2[V2, V1] -> V0 -> V1 -> L2[L0[], _9_], tr: L7[]
[16:08:22.290927]	Exploring 0: L0[], 1: L0[], Ebi: L2[L0[], L0[]], Eib: L2[L7[], L7[]], Eii: L2[L0[], L0[]], put: L2[V2, V1] -> V0 -> V1 -> L2[L0[], V1], tr: L7[]
[16:08:22.291335]	Exploring 0: L0[], 1: L0[], Ebi: L2[L0[], L0[]], Eib: L2[L7[], L7[]], Eii: L2[L0[], L0[]], put: L2[V2, V1] -> V0 -> V1 -> L2[L0[], V2], tr: L7[]
[16:08:22.291741]	Exploring 0: L0[], 1: L0[], Ebi: L2[L0[], L0[]], Eib: L2[L7[], L7[]], Eii: L2[L0[], L0[]], put: L2[V2, V1] -> V0 -> V1 -> L2[L7[], _9_], tr: L7[]
[16:08:22.291990]	Exploring 0: L0[], 1: L0[], Ebi: L2[L0[], L0[]], Eib: L2[L7[], L7[]], Eii: L2[L0[], L0[]], put: L2[V2, V1] -> V0 -> V1 -> L2[L7[], V1], tr: L7[]
[16:08:22.292394]	Exploring 0: L0[], 1: L0[], Ebi: L2[L0[], L0[]], Eib: L2[L7[], L7[]], Eii: L2[L0[], L0[]], put: L2[V2, V1] -> V0 -> V1 -> L2[L7[], V2], tr: L7[]
[16:08:22.292793]	Exploring 0: L0[], 1: L0[], Ebi: L2[L0[], L0[]], Eib: L2[L7[], L7[]], Eii: L2[L0[], L0[]], put: L2[V2, V1] -> V0 -> V1 -> L2[V0, _9_], tr: L7[]
[16:08:22.293040]	Exploring 0: L0[], 1: L0[], Ebi: L2[L0[], L0[]], Eib: L2[L7[], L7[]], Eii: L2[L0[], L0[]], put: L2[V2, V1] -> V0 -> V1 -> L2[V0, V1], tr: L7[]
[16:08:22.293450]	Exploring 0: L0[], 1: L0[], Ebi: L2[L0[], L0[]], Eib: L2[L7[], L7[]], Eii: L2[L0[], L0[]], put: L2[V2, V1] -> V0 -> V1 -> L2[V0, V2], tr: L7[]
[16:08:22.293873]	Exploring 0: L0[], 1: L0[], Ebi: L2[L0[], L0[]], Eib: L2[L7[], L7[]], Eii: L2[L0[], L0[]], put: L2[V2, V1] -> V0 -> V1 -> L2[V1, _9_], tr: L7[]
[16:08:22.294154]	Exploring 0: L0[], 1: L0[], Ebi: L2[L0[], L0[]], Eib: L2[L7[], L7[]], Eii: L2[L0[], L0[]], put: L2[V2, V1] -> V0 -> V1 -> L2[V1, V1], tr: L7[]
[16:08:22.294567]	Exploring 0: L0[], 1: L0[], Ebi: L2[L0[], L0[]], Eib: L2[L7[], L7[]], Eii: L2[L0[], L0[]], put: L2[V2, V1] -> V0 -> V1 -> L2[V1, V2], tr: L7[]
[16:08:22.294960]	Exploring 0: L0[], 1: L0[], Ebi: L2[L0[], L0[]], Eib: L2[L7[], L7[]], Eii: L2[L0[], L0[]], put: L2[V2, V1] -> V0 -> V1 -> L2[V2, _9_], tr: L7[]
[16:08:22.295309]	Exploring 0: L0[], 1: L0[], Ebi: L2[L0[], L0[]], Eib: L2[L7[], L7[]], Eii: L2[L0[], L0[]], put: L2[V2, V1] -> V0 -> V1 -> L2[V2, V1], tr: L7[]
[16:08:22.295731]	Exploring 0: L0[], 1: L0[], Ebi: L2[L0[], L0[]], Eib: L2[L7[], L7[]], Eii: L2[L0[], L0[]], put: L2[V2, V1] -> V0 -> V1 -> L2[V2, V2], tr: L7[]
[16:08:22.296135]	Exploring 0: L0[], 1: L0[], Ebi: L2[L0[], L0[]], Eib: L2[L7[], L7[]], Eii: L2[L0[], L0[]], put: L2[V2, V2] -> V0 -> V1 -> L2[_8_, _9_], tr: L7[]
[16:08:22.296337]	Exploring 0: L0[], 1: L0[], Ebi: L2[L0[], L0[]], Eib: L2[L7[], L7[]], Eii: L2[L0[], L0[]], put: L2[V2, V2] -> V0 -> V1 -> L2[L0[], _9_], tr: L7[]
[16:08:22.296531]	Exploring 0: L0[], 1: L0[], Ebi: L2[L0[], L0[]], Eib: L2[L7[], L7[]], Eii: L2[L0[], L0[]], put: L2[V2, V2] -> V0 -> V1 -> L2[L0[], L0[]], tr: L7[]
[16:08:22.296965]	Exploring 0: L0[], 1: L0[], Ebi: L2[L0[], L0[]], Eib: L2[L7[], L7[]], Eii: L2[L0[], L0[]], put: L2[V2, V2] -> V0 -> V1 -> L2[L7[], _9_], tr: L7[]
[16:08:22.297165]	Exploring 0: L0[], 1: L0[], Ebi: L2[L0[], L0[]], Eib: L2[L7[], L7[]], Eii: L2[L0[], L0[]], put: L2[V2, V2] -> V0 -> V1 -> L2[L7[], L7[]], tr: L7[]
[16:08:22.297626]	Exploring 0: L0[], 1: L0[], Ebi: L2[L0[], L0[]], Eib: L2[L7[], L7[]], Eii: L2[L0[], L0[]], put: L2[V2, V2] -> V0 -> V1 -> L2[V0, _9_], tr: L7[]
[16:08:22.297819]	Exploring 0: L0[], 1: L0[], Ebi: L2[L0[], L0[]], Eib: L2[L7[], L7[]], Eii: L2[L0[], L0[]], put: L2[V2, V2] -> V0 -> V1 -> L2[V0, V0], tr: L7[]
[16:08:22.298198]	Exploring 0: L0[], 1: L0[], Ebi: L2[L0[], L0[]], Eib: L2[L7[], L7[]], Eii: L2[L0[], L0[]], put: L2[V2, V2] -> V0 -> V1 -> L2[V1, _9_], tr: L7[]
[16:08:22.298404]	Exploring 0: L0[], 1: L0[], Ebi: L2[L0[], L0[]], Eib: L2[L7[], L7[]], Eii: L2[L0[], L0[]], put: L2[V2, V2] -> V0 -> V1 -> L2[V1, V1], tr: L7[]
[16:08:22.298752]	Exploring 0: L0[], 1: L0[], Ebi: L2[L0[], L0[]], Eib: L2[L7[], L7[]], Eii: L2[L0[], L0[]], put: L2[V2, V2] -> V0 -> V1 -> L2[V1, V2], tr: L7[]
[16:08:22.299088]	Exploring 0: L0[], 1: L0[], Ebi: L2[L0[], L0[]], Eib: L2[L7[], L7[]], Eii: L2[L0[], L0[]], put: L2[V2, V2] -> V0 -> V1 -> L2[V2, _9_], tr: L7[]
[16:08:22.299299]	Exploring 0: L0[], 1: L0[], Ebi: L2[L0[], L0[]], Eib: L2[L7[], L7[]], Eii: L2[L0[], L0[]], put: L2[V2, V2] -> V0 -> V1 -> L2[V2, V1], tr: L7[]
[16:08:22.299653]	Exploring 0: L0[], 1: L0[], Ebi: L2[L0[], L0[]], Eib: L2[L7[], L7[]], Eii: L2[L0[], L0[]], put: L2[V2, V2] -> V0 -> V1 -> L2[V2, V2], tr: L7[]
[16:08:22.300002]	Exploring 0: L0[], 1: L0[], Ebi: L2[L0[], L0[]], Eib: L2[L7[], L7[]], Eii: L2[L0[], L0[]], put: L2[V2, V3] -> V0 -> V1 -> L2[_8_, _9_], tr: L7[]
[16:08:22.300202]	Exploring 0: L0[], 1: L0[], Ebi: L2[L0[], L0[]], Eib: L2[L7[], L7[]], Eii: L2[L0[], L0[]], put: L2[V2, V3] -> V0 -> V1 -> L2[L0[], _9_], tr: L7[]
[16:08:22.300417]	Exploring 0: L0[], 1: L0[], Ebi: L2[L0[], L0[]], Eib: L2[L7[], L7[]], Eii: L2[L0[], L0[]], put: L2[V2, V3] -> V0 -> V1 -> L2[L0[], L0[]], tr: L7[]
[16:08:22.300793]	Exploring 0: L0[], 1: L0[], Ebi: L2[L0[], L0[]], Eib: L2[L7[], L7[]], Eii: L2[L0[], L0[]], put: L2[V2, V3] -> V0 -> V1 -> L2[L0[], L7[]], tr: L7[]
[16:08:22.301212]	Exploring 0: L0[], 1: L0[], Ebi: L2[L0[], L0[]], Eib: L2[L7[], L7[]], Eii: L2[L0[], L0[]], put: L2[V2, V3] -> V0 -> V1 -> L2[L0[], V0], tr: L7[]
[16:08:22.301665]	Exploring 0: L0[], 1: L0[], Ebi: L2[L0[], L0[]], Eib: L2[L7[], L7[]], Eii: L2[L0[], L0[]], put: L2[V2, V3] -> V0 -> V1 -> L2[L0[], V1], tr: L7[]
[16:08:22.302098]	Exploring 0: L0[], 1: L0[], Ebi: L2[L0[], L0[]], Eib: L2[L7[], L7[]], Eii: L2[L0[], L0[]], put: L2[V2, V3] -> V0 -> V1 -> L2[L0[], V2], tr: L7[]
[16:08:22.302520]	Exploring 0: L0[], 1: L0[], Ebi: L2[L0[], L0[]], Eib: L2[L7[], L7[]], Eii: L2[L0[], L0[]], put: L2[V2, V3] -> V0 -> V1 -> L2[L0[], V3], tr: L7[]
[16:08:22.302918]	Exploring 0: L0[], 1: L0[], Ebi: L2[L0[], L0[]], Eib: L2[L7[], L7[]], Eii: L2[L0[], L0[]], put: L2[V2, V3] -> V0 -> V1 -> L2[L7[], _9_], tr: L7[]
[16:08:22.303147]	Exploring 0: L0[], 1: L0[], Ebi: L2[L0[], L0[]], Eib: L2[L7[], L7[]], Eii: L2[L0[], L0[]], put: L2[V2, V3] -> V0 -> V1 -> L2[L7[], L0[]], tr: L7[]
[16:08:22.303559]	Exploring 0: L0[], 1: L0[], Ebi: L2[L0[], L0[]], Eib: L2[L7[], L7[]], Eii: L2[L0[], L0[]], put: L2[V2, V3] -> V0 -> V1 -> L2[L7[], L7[]], tr: L7[]
[16:08:22.304029]	Exploring 0: L0[], 1: L0[], Ebi: L2[L0[], L0[]], Eib: L2[L7[], L7[]], Eii: L2[L0[], L0[]], put: L2[V2, V3] -> V0 -> V1 -> L2[L7[], V0], tr: L7[]
[16:08:22.304432]	Exploring 0: L0[], 1: L0[], Ebi: L2[L0[], L0[]], Eib: L2[L7[], L7[]], Eii: L2[L0[], L0[]], put: L2[V2, V3] -> V0 -> V1 -> L2[L7[], V1], tr: L7[]
[16:08:22.304796]	Exploring 0: L0[], 1: L0[], Ebi: L2[L0[], L0[]], Eib: L2[L7[], L7[]], Eii: L2[L0[], L0[]], put: L2[V2, V3] -> V0 -> V1 -> L2[L7[], V2], tr: L7[]
[16:08:22.305150]	Exploring 0: L0[], 1: L0[], Ebi: L2[L0[], L0[]], Eib: L2[L7[], L7[]], Eii: L2[L0[], L0[]], put: L2[V2, V3] -> V0 -> V1 -> L2[L7[], V3], tr: L7[]
[16:08:22.305516]	Exploring 0: L0[], 1: L0[], Ebi: L2[L0[], L0[]], Eib: L2[L7[], L7[]], Eii: L2[L0[], L0[]], put: L2[V2, V3] -> V0 -> V1 -> L2[V0, _9_], tr: L7[]
[16:08:22.305744]	Exploring 0: L0[], 1: L0[], Ebi: L2[L0[], L0[]], Eib: L2[L7[], L7[]], Eii: L2[L0[], L0[]], put: L2[V2, V3] -> V0 -> V1 -> L2[V0, L0[]], tr: L7[]
[16:08:22.306118]	Exploring 0: L0[], 1: L0[], Ebi: L2[L0[], L0[]], Eib: L2[L7[], L7[]], Eii: L2[L0[], L0[]], put: L2[V2, V3] -> V0 -> V1 -> L2[V0, L7[]], tr: L7[]
[16:08:22.306488]	Exploring 0: L0[], 1: L0[], Ebi: L2[L0[], L0[]], Eib: L2[L7[], L7[]], Eii: L2[L0[], L0[]], put: L2[V2, V3] -> V0 -> V1 -> L2[V0, V0], tr: L7[]
[16:08:22.306854]	Exploring 0: L0[], 1: L0[], Ebi: L2[L0[], L0[]], Eib: L2[L7[], L7[]], Eii: L2[L0[], L0[]], put: L2[V2, V3] -> V0 -> V1 -> L2[V0, V1], tr: L7[]
[16:08:22.307221]	Exploring 0: L0[], 1: L0[], Ebi: L2[L0[], L0[]], Eib: L2[L7[], L7[]], Eii: L2[L0[], L0[]], put: L2[V2, V3] -> V0 -> V1 -> L2[V0, V2], tr: L7[]
[16:08:22.307607]	Exploring 0: L0[], 1: L0[], Ebi: L2[L0[], L0[]], Eib: L2[L7[], L7[]], Eii: L2[L0[], L0[]], put: L2[V2, V3] -> V0 -> V1 -> L2[V0, V3], tr: L7[]
[16:08:22.307975]	Exploring 0: L0[], 1: L0[], Ebi: L2[L0[], L0[]], Eib: L2[L7[], L7[]], Eii: L2[L0[], L0[]], put: L2[V2, V3] -> V0 -> V1 -> L2[V1, _9_], tr: L7[]
[16:08:22.308191]	Exploring 0: L0[], 1: L0[], Ebi: L2[L0[], L0[]], Eib: L2[L7[], L7[]], Eii: L2[L0[], L0[]], put: L2[V2, V3] -> V0 -> V1 -> L2[V1, L0[]], tr: L7[]
[16:08:22.308561]	Exploring 0: L0[], 1: L0[], Ebi: L2[L0[], L0[]], Eib: L2[L7[], L7[]], Eii: L2[L0[], L0[]], put: L2[V2, V3] -> V0 -> V1 -> L2[V1, L7[]], tr: L7[]
[16:08:22.308932]	Exploring 0: L0[], 1: L0[], Ebi: L2[L0[], L0[]], Eib: L2[L7[], L7[]], Eii: L2[L0[], L0[]], put: L2[V2, V3] -> V0 -> V1 -> L2[V1, V0], tr: L7[]
[16:08:22.309299]	Exploring 0: L0[], 1: L0[], Ebi: L2[L0[], L0[]], Eib: L2[L7[], L7[]], Eii: L2[L0[], L0[]], put: L2[V2, V3] -> V0 -> V1 -> L2[V1, V1], tr: L7[]
[16:08:22.309663]	Exploring 0: L0[], 1: L0[], Ebi: L2[L0[], L0[]], Eib: L2[L7[], L7[]], Eii: L2[L0[], L0[]], put: L2[V2, V3] -> V0 -> V1 -> L2[V1, V2], tr: L7[]
[16:08:22.310029]	Exploring 0: L0[], 1: L0[], Ebi: L2[L0[], L0[]], Eib: L2[L7[], L7[]], Eii: L2[L0[], L0[]], put: L2[V2, V3] -> V0 -> V1 -> L2[V1, V3], tr: L7[]
[16:08:22.310446]	Exploring 0: L0[], 1: L0[], Ebi: L2[L0[], L0[]], Eib: L2[L7[], L7[]], Eii: L2[L0[], L0[]], put: L2[V2, V3] -> V0 -> V1 -> L2[V2, _9_], tr: L7[]
[16:08:22.310664]	Exploring 0: L0[], 1: L0[], Ebi: L2[L0[], L0[]], Eib: L2[L7[], L7[]], Eii: L2[L0[], L0[]], put: L2[V2, V3] -> V0 -> V1 -> L2[V2, L0[]], tr: L7[]
[16:08:22.311005]	Exploring 0: L0[], 1: L0[], Ebi: L2[L0[], L0[]], Eib: L2[L7[], L7[]], Eii: L2[L0[], L0[]], put: L2[V2, V3] -> V0 -> V1 -> L2[V2, L7[]], tr: L7[]
[16:08:22.311368]	Exploring 0: L0[], 1: L0[], Ebi: L2[L0[], L0[]], Eib: L2[L7[], L7[]], Eii: L2[L0[], L0[]], put: L2[V2, V3] -> V0 -> V1 -> L2[V2, V0], tr: L7[]
[16:08:22.311804]	Exploring 0: L0[], 1: L0[], Ebi: L2[L0[], L0[]], Eib: L2[L7[], L7[]], Eii: L2[L0[], L0[]], put: L2[V2, V3] -> V0 -> V1 -> L2[V2, V1], tr: L7[]
[16:08:22.312341]	Exploring 0: L0[], 1: L0[], Ebi: L2[L0[], L0[]], Eib: L2[L7[], L7[]], Eii: L2[L0[], L0[]], put: L2[V2, V3] -> V0 -> V1 -> L2[V2, V2], tr: L7[]
[16:08:22.312747]	Exploring 0: L0[], 1: L0[], Ebi: L2[L0[], L0[]], Eib: L2[L7[], L7[]], Eii: L2[L0[], L0[]], put: L2[V2, V3] -> V0 -> V1 -> L2[V2, V3], tr: L7[]
[16:08:22.313110]	Exploring 0: L0[], 1: L0[], Ebi: L2[L0[], L0[]], Eib: L2[L7[], L7[]], Eii: L2[L0[], L0[]], put: L2[V2, V3] -> V0 -> V1 -> L2[V3, _9_], tr: L7[]
[16:08:22.313372]	Exploring 0: L0[], 1: L0[], Ebi: L2[L0[], L0[]], Eib: L2[L7[], L7[]], Eii: L2[L0[], L0[]], put: L2[V2, V3] -> V0 -> V1 -> L2[V3, L0[]], tr: L7[]
[16:08:22.313709]	Exploring 0: L0[], 1: L0[], Ebi: L2[L0[], L0[]], Eib: L2[L7[], L7[]], Eii: L2[L0[], L0[]], put: L2[V2, V3] -> V0 -> V1 -> L2[V3, L7[]], tr: L7[]
[16:08:22.314053]	Exploring 0: L0[], 1: L0[], Ebi: L2[L0[], L0[]], Eib: L2[L7[], L7[]], Eii: L2[L0[], L0[]], put: L2[V2, V3] -> V0 -> V1 -> L2[V3, V0], tr: L7[]
[16:08:22.314400]	Exploring 0: L0[], 1: L0[], Ebi: L2[L0[], L0[]], Eib: L2[L7[], L7[]], Eii: L2[L0[], L0[]], put: L2[V2, V3] -> V0 -> V1 -> L2[V3, V1], tr: L7[]
[16:08:22.314736]	Exploring 0: L0[], 1: L0[], Ebi: L2[L0[], L0[]], Eib: L2[L7[], L7[]], Eii: L2[L0[], L0[]], put: L2[V2, V3] -> V0 -> V1 -> L2[V3, V2], tr: L7[]
[16:08:22.315059]	Exploring 0: L0[], 1: L0[], Ebi: L2[L0[], L0[]], Eib: L2[L7[], L7[]], Eii: L2[L0[], L0[]], put: L2[V2, V3] -> V0 -> V1 -> L2[V3, V3], tr: L7[]
[16:08:22.315542]	Exploring 0: L0[], 1: L0[], Ebi: L2[L0[], L0[]], Eib: L2[L7[], L7[]], Eii: L2[L0[], L7[]], put: L2[_6_, _7_] -> V0 -> V1 -> L2[_8_, _9_], tr: L7[]
[16:08:22.315840]	Exploring 0: L0[], 1: L0[], Ebi: L2[L0[], L0[]], Eib: L2[L7[], L7[]], Eii: L2[L0[], L7[]], put: L2[V1, _7_] -> V0 -> V1 -> L2[_8_, _9_], tr: L7[]
[16:08:22.316097]	Exploring 0: L0[], 1: L0[], Ebi: L2[L0[], L0[]], Eib: L2[L7[], L7[]], Eii: L2[L0[], L7[]], put: L2[V1, V2] -> V0 -> V1 -> L2[_8_, _9_], tr: L7[]
[16:08:22.316289]	Exploring 0: L0[], 1: L0[], Ebi: L2[L0[], L0[]], Eib: L2[L7[], L7[]], Eii: L2[L0[], L7[]], put: L2[V1, V2] -> V0 -> V1 -> L2[V1, _9_], tr: L7[]
[16:08:22.316460]	Exploring 0: L0[], 1: L0[], Ebi: L2[L0[], L0[]], Eib: L2[L7[], L7[]], Eii: L2[L0[], L7[]], put: L2[V1, V2] -> V0 -> V1 -> L2[V1, L0[]], tr: L7[]
[16:08:22.316753]	Exploring 0: L0[], 1: L0[], Ebi: L2[L0[], L0[]], Eib: L2[L7[], L7[]], Eii: L2[L0[], L7[]], put: L2[V1, V2] -> V0 -> V1 -> L2[V1, L7[]], tr: L7[]
[16:08:22.317073]	Exploring 0: L0[], 1: L0[], Ebi: L2[L0[], L0[]], Eib: L2[L7[], L7[]], Eii: L2[L0[], L7[]], put: L2[V1, V2] -> V0 -> V1 -> L2[V1, V0], tr: L7[]
[16:08:22.317390]	Exploring 0: L0[], 1: L0[], Ebi: L2[L0[], L0[]], Eib: L2[L7[], L7[]], Eii: L2[L0[], L7[]], put: L2[V1, V2] -> V0 -> V1 -> L2[V1, V1], tr: L7[]
[16:08:22.317691]	Exploring 0: L0[], 1: L0[], Ebi: L2[L0[], L0[]], Eib: L2[L7[], L7[]], Eii: L2[L0[], L7[]], put: L2[V1, V2] -> V0 -> V1 -> L2[V1, V2], tr: L7[]
[16:08:22.318097]	Exploring 0: L0[], 1: L0[], Ebi: L2[L0[], L0[]], Eib: L2[L7[], L7[]], Eii: L2[L0[], L7[]], put: L2[V2, _7_] -> V0 -> V1 -> L2[_8_, _9_], tr: L7[]
[16:08:22.318387]	Exploring 0: L0[], 1: L0[], Ebi: L2[L0[], L0[]], Eib: L2[L7[], L7[]], Eii: L2[L0[], L7[]], put: L2[V2, V3] -> V0 -> V1 -> L2[_8_, _9_], tr: L7[]
[16:08:22.318555]	Exploring 0: L0[], 1: L0[], Ebi: L2[L0[], L0[]], Eib: L2[L7[], L7[]], Eii: L2[L0[], L7[]], put: L2[V2, V3] -> V0 -> V1 -> L2[L0[], _9_], tr: L7[]
[16:08:22.318730]	Exploring 0: L0[], 1: L0[], Ebi: L2[L0[], L0[]], Eib: L2[L7[], L7[]], Eii: L2[L0[], L7[]], put: L2[V2, V3] -> V0 -> V1 -> L2[L0[], L0[]], tr: L7[]
[16:08:22.319033]	Exploring 0: L0[], 1: L0[], Ebi: L2[L0[], L0[]], Eib: L2[L7[], L7[]], Eii: L2[L0[], L7[]], put: L2[V2, V3] -> V0 -> V1 -> L2[L0[], L7[]], tr: L7[]
[16:08:22.319362]	Exploring 0: L0[], 1: L0[], Ebi: L2[L0[], L0[]], Eib: L2[L7[], L7[]], Eii: L2[L0[], L7[]], put: L2[V2, V3] -> V0 -> V1 -> L2[L0[], V0], tr: L7[]
[16:08:22.319734]	Exploring 0: L0[], 1: L0[], Ebi: L2[L0[], L0[]], Eib: L2[L7[], L7[]], Eii: L2[L0[], L7[]], put: L2[V2, V3] -> V0 -> V1 -> L2[L0[], V1], tr: L7[]
[16:08:22.320073]	Exploring 0: L0[], 1: L0[], Ebi: L2[L0[], L0[]], Eib: L2[L7[], L7[]], Eii: L2[L0[], L7[]], put: L2[V2, V3] -> V0 -> V1 -> L2[L0[], V2], tr: L7[]
[16:08:22.320413]	Exploring 0: L0[], 1: L0[], Ebi: L2[L0[], L0[]], Eib: L2[L7[], L7[]], Eii: L2[L0[], L7[]], put: L2[V2, V3] -> V0 -> V1 -> L2[L0[], V3], tr: L7[]
[16:08:22.320736]	Exploring 0: L0[], 1: L0[], Ebi: L2[L0[], L0[]], Eib: L2[L7[], L7[]], Eii: L2[L0[], L7[]], put: L2[V2, V3] -> V0 -> V1 -> L2[L7[], _9_], tr: L7[]
[16:08:22.320916]	Exploring 0: L0[], 1: L0[], Ebi: L2[L0[], L0[]], Eib: L2[L7[], L7[]], Eii: L2[L0[], L7[]], put: L2[V2, V3] -> V0 -> V1 -> L2[L7[], L0[]], tr: L7[]
[16:08:22.321219]	Exploring 0: L0[], 1: L0[], Ebi: L2[L0[], L0[]], Eib: L2[L7[], L7[]], Eii: L2[L0[], L7[]], put: L2[V2, V3] -> V0 -> V1 -> L2[L7[], L7[]], tr: L7[]
[16:08:22.321551]	Exploring 0: L0[], 1: L0[], Ebi: L2[L0[], L0[]], Eib: L2[L7[], L7[]], Eii: L2[L0[], L7[]], put: L2[V2, V3] -> V0 -> V1 -> L2[L7[], V0], tr: L7[]
[16:08:22.321902]	Exploring 0: L0[], 1: L0[], Ebi: L2[L0[], L0[]], Eib: L2[L7[], L7[]], Eii: L2[L0[], L7[]], put: L2[V2, V3] -> V0 -> V1 -> L2[L7[], V1], tr: L7[]
[16:08:22.322239]	Exploring 0: L0[], 1: L0[], Ebi: L2[L0[], L0[]], Eib: L2[L7[], L7[]], Eii: L2[L0[], L7[]], put: L2[V2, V3] -> V0 -> V1 -> L2[L7[], V2], tr: L7[]
[16:08:22.322566]	Exploring 0: L0[], 1: L0[], Ebi: L2[L0[], L0[]], Eib: L2[L7[], L7[]], Eii: L2[L0[], L7[]], put: L2[V2, V3] -> V0 -> V1 -> L2[L7[], V3], tr: L7[]
[16:08:22.322903]	Exploring 0: L0[], 1: L0[], Ebi: L2[L0[], L0[]], Eib: L2[L7[], L7[]], Eii: L2[L0[], L7[]], put: L2[V2, V3] -> V0 -> V1 -> L2[V0, _9_], tr: L7[]
[16:08:22.323103]	Exploring 0: L0[], 1: L0[], Ebi: L2[L0[], L0[]], Eib: L2[L7[], L7[]], Eii: L2[L0[], L7[]], put: L2[V2, V3] -> V0 -> V1 -> L2[V0, L0[]], tr: L7[]
[16:08:22.323468]	Exploring 0: L0[], 1: L0[], Ebi: L2[L0[], L0[]], Eib: L2[L7[], L7[]], Eii: L2[L0[], L7[]], put: L2[V2, V3] -> V0 -> V1 -> L2[V0, L7[]], tr: L7[]
[16:08:22.323817]	Exploring 0: L0[], 1: L0[], Ebi: L2[L0[], L0[]], Eib: L2[L7[], L7[]], Eii: L2[L0[], L7[]], put: L2[V2, V3] -> V0 -> V1 -> L2[V0, V0], tr: L7[]
[16:08:22.324161]	Exploring 0: L0[], 1: L0[], Ebi: L2[L0[], L0[]], Eib: L2[L7[], L7[]], Eii: L2[L0[], L7[]], put: L2[V2, V3] -> V0 -> V1 -> L2[V0, V1], tr: L7[]
[16:08:22.324506]	Exploring 0: L0[], 1: L0[], Ebi: L2[L0[], L0[]], Eib: L2[L7[], L7[]], Eii: L2[L0[], L7[]], put: L2[V2, V3] -> V0 -> V1 -> L2[V0, V2], tr: L7[]
[16:08:22.324864]	Exploring 0: L0[], 1: L0[], Ebi: L2[L0[], L0[]], Eib: L2[L7[], L7[]], Eii: L2[L0[], L7[]], put: L2[V2, V3] -> V0 -> V1 -> L2[V0, V3], tr: L7[]
[16:08:22.325210]	Exploring 0: L0[], 1: L0[], Ebi: L2[L0[], L0[]], Eib: L2[L7[], L7[]], Eii: L2[L0[], L7[]], put: L2[V2, V3] -> V0 -> V1 -> L2[V1, _9_], tr: L7[]
[16:08:22.325411]	Exploring 0: L0[], 1: L0[], Ebi: L2[L0[], L0[]], Eib: L2[L7[], L7[]], Eii: L2[L0[], L7[]], put: L2[V2, V3] -> V0 -> V1 -> L2[V1, L0[]], tr: L7[]
[16:08:22.325761]	Exploring 0: L0[], 1: L0[], Ebi: L2[L0[], L0[]], Eib: L2[L7[], L7[]], Eii: L2[L0[], L7[]], put: L2[V2, V3] -> V0 -> V1 -> L2[V1, L7[]], tr: L7[]
[16:08:22.326112]	Exploring 0: L0[], 1: L0[], Ebi: L2[L0[], L0[]], Eib: L2[L7[], L7[]], Eii: L2[L0[], L7[]], put: L2[V2, V3] -> V0 -> V1 -> L2[V1, V0], tr: L7[]
[16:08:22.326462]	Exploring 0: L0[], 1: L0[], Ebi: L2[L0[], L0[]], Eib: L2[L7[], L7[]], Eii: L2[L0[], L7[]], put: L2[V2, V3] -> V0 -> V1 -> L2[V1, V1], tr: L7[]
[16:08:22.326810]	Exploring 0: L0[], 1: L0[], Ebi: L2[L0[], L0[]], Eib: L2[L7[], L7[]], Eii: L2[L0[], L7[]], put: L2[V2, V3] -> V0 -> V1 -> L2[V1, V2], tr: L7[]
[16:08:22.327152]	Exploring 0: L0[], 1: L0[], Ebi: L2[L0[], L0[]], Eib: L2[L7[], L7[]], Eii: L2[L0[], L7[]], put: L2[V2, V3] -> V0 -> V1 -> L2[V1, V3], tr: L7[]
[16:08:22.327543]	Exploring 0: L0[], 1: L0[], Ebi: L2[L0[], L0[]], Eib: L2[L7[], L7[]], Eii: L2[L0[], L7[]], put: L2[V2, V3] -> V0 -> V1 -> L2[V2, _9_], tr: L7[]
[16:08:22.327802]	Exploring 0: L0[], 1: L0[], Ebi: L2[L0[], L0[]], Eib: L2[L7[], L7[]], Eii: L2[L0[], L7[]], put: L2[V2, V3] -> V0 -> V1 -> L2[V2, L0[]], tr: L7[]
[16:08:22.328132]	Exploring 0: L0[], 1: L0[], Ebi: L2[L0[], L0[]], Eib: L2[L7[], L7[]], Eii: L2[L0[], L7[]], put: L2[V2, V3] -> V0 -> V1 -> L2[V2, L7[]], tr: L7[]
[16:08:22.328470]	Exploring 0: L0[], 1: L0[], Ebi: L2[L0[], L0[]], Eib: L2[L7[], L7[]], Eii: L2[L0[], L7[]], put: L2[V2, V3] -> V0 -> V1 -> L2[V2, V0], tr: L7[]
[16:08:22.328838]	Exploring 0: L0[], 1: L0[], Ebi: L2[L0[], L0[]], Eib: L2[L7[], L7[]], Eii: L2[L0[], L7[]], put: L2[V2, V3] -> V0 -> V1 -> L2[V2, V1], tr: L7[]
[16:08:22.329171]	Exploring 0: L0[], 1: L0[], Ebi: L2[L0[], L0[]], Eib: L2[L7[], L7[]], Eii: L2[L0[], L7[]], put: L2[V2, V3] -> V0 -> V1 -> L2[V2, V2], tr: L7[]
[16:08:22.329509]	Exploring 0: L0[], 1: L0[], Ebi: L2[L0[], L0[]], Eib: L2[L7[], L7[]], Eii: L2[L0[], L7[]], put: L2[V2, V3] -> V0 -> V1 -> L2[V2, V3], tr: L7[]
[16:08:22.329871]	Exploring 0: L0[], 1: L0[], Ebi: L2[L0[], L0[]], Eib: L2[L7[], L7[]], Eii: L2[L0[], L7[]], put: L2[V2, V3] -> V0 -> V1 -> L2[V3, _9_], tr: L7[]
[16:08:22.330108]	Exploring 0: L0[], 1: L0[], Ebi: L2[L0[], L0[]], Eib: L2[L7[], L7[]], Eii: L2[L0[], L7[]], put: L2[V2, V3] -> V0 -> V1 -> L2[V3, L0[]], tr: L7[]
[16:08:22.330443]	Exploring 0: L0[], 1: L0[], Ebi: L2[L0[], L0[]], Eib: L2[L7[], L7[]], Eii: L2[L0[], L7[]], put: L2[V2, V3] -> V0 -> V1 -> L2[V3, L7[]], tr: L7[]
[16:08:22.330779]	Exploring 0: L0[], 1: L0[], Ebi: L2[L0[], L0[]], Eib: L2[L7[], L7[]], Eii: L2[L0[], L7[]], put: L2[V2, V3] -> V0 -> V1 -> L2[V3, V0], tr: L7[]
[16:08:22.331128]	Exploring 0: L0[], 1: L0[], Ebi: L2[L0[], L0[]], Eib: L2[L7[], L7[]], Eii: L2[L0[], L7[]], put: L2[V2, V3] -> V0 -> V1 -> L2[V3, V1], tr: L7[]
[16:08:22.331481]	Exploring 0: L0[], 1: L0[], Ebi: L2[L0[], L0[]], Eib: L2[L7[], L7[]], Eii: L2[L0[], L7[]], put: L2[V2, V3] -> V0 -> V1 -> L2[V3, V2], tr: L7[]
[16:08:22.331806]	Exploring 0: L0[], 1: L0[], Ebi: L2[L0[], L0[]], Eib: L2[L7[], L7[]], Eii: L2[L0[], L7[]], put: L2[V2, V3] -> V0 -> V1 -> L2[V3, V3], tr: L7[]
[16:08:22.332086]	Exploring 0: L0[], 1: L0[], Ebi: L2[L0[], L0[]], Eib: L2[L7[], L7[]], Eii: L2[L7[], _5_], put: L2[_6_, _7_] -> V0 -> V1 -> L2[_8_, _9_], tr: L7[]
[16:08:22.332205]	Exploring 0: L0[], 1: L0[], Ebi: L2[L0[], L0[]], Eib: L2[L7[], L7[]], Eii: L2[L7[], L0[]], put: L2[_6_, _7_] -> V0 -> V1 -> L2[_8_, _9_], tr: L7[]
[16:08:22.332432]	Exploring 0: L0[], 1: L0[], Ebi: L2[L0[], L0[]], Eib: L2[L7[], L7[]], Eii: L2[L7[], L0[]], put: L2[V2, _7_] -> V0 -> V1 -> L2[_8_, _9_], tr: L7[]
[16:08:22.332606]	Exploring 0: L0[], 1: L0[], Ebi: L2[L0[], L0[]], Eib: L2[L7[], L7[]], Eii: L2[L7[], L0[]], put: L2[V2, V1] -> V0 -> V1 -> L2[_8_, _9_], tr: L7[]
[16:08:22.332771]	Exploring 0: L0[], 1: L0[], Ebi: L2[L0[], L0[]], Eib: L2[L7[], L7[]], Eii: L2[L7[], L0[]], put: L2[V2, V1] -> V0 -> V1 -> L2[L0[], _9_], tr: L7[]
[16:08:22.332976]	Exploring 0: L0[], 1: L0[], Ebi: L2[L0[], L0[]], Eib: L2[L7[], L7[]], Eii: L2[L7[], L0[]], put: L2[V2, V1] -> V0 -> V1 -> L2[L0[], V1], tr: L7[]
[16:08:22.333410]	Exploring 0: L0[], 1: L0[], Ebi: L2[L0[], L0[]], Eib: L2[L7[], L7[]], Eii: L2[L7[], L0[]], put: L2[V2, V1] -> V0 -> V1 -> L2[L7[], _9_], tr: L7[]
[16:08:22.333608]	Exploring 0: L0[], 1: L0[], Ebi: L2[L0[], L0[]], Eib: L2[L7[], L7[]], Eii: L2[L7[], L0[]], put: L2[V2, V1] -> V0 -> V1 -> L2[L7[], V1], tr: L7[]
[16:08:22.334032]	Exploring 0: L0[], 1: L0[], Ebi: L2[L0[], L0[]], Eib: L2[L7[], L7[]], Eii: L2[L7[], L0[]], put: L2[V2, V1] -> V0 -> V1 -> L2[V0, _9_], tr: L7[]
[16:08:22.334238]	Exploring 0: L0[], 1: L0[], Ebi: L2[L0[], L0[]], Eib: L2[L7[], L7[]], Eii: L2[L7[], L0[]], put: L2[V2, V1] -> V0 -> V1 -> L2[V0, V1], tr: L7[]
[16:08:22.334672]	Exploring 0: L0[], 1: L0[], Ebi: L2[L0[], L0[]], Eib: L2[L7[], L7[]], Eii: L2[L7[], L0[]], put: L2[V2, V1] -> V0 -> V1 -> L2[V1, _9_], tr: L7[]
[16:08:22.334864]	Exploring 0: L0[], 1: L0[], Ebi: L2[L0[], L0[]], Eib: L2[L7[], L7[]], Eii: L2[L7[], L0[]], put: L2[V2, V1] -> V0 -> V1 -> L2[V1, V1], tr: L7[]
[16:08:22.335272]	Exploring 0: L0[], 1: L0[], Ebi: L2[L0[], L0[]], Eib: L2[L7[], L7[]], Eii: L2[L7[], L0[]], put: L2[V2, V1] -> V0 -> V1 -> L2[V2, _9_], tr: L7[]
[16:08:22.335479]	Exploring 0: L0[], 1: L0[], Ebi: L2[L0[], L0[]], Eib: L2[L7[], L7[]], Eii: L2[L7[], L0[]], put: L2[V2, V1] -> V0 -> V1 -> L2[V2, V1], tr: L7[]
[16:08:22.335939]	Exploring 0: L0[], 1: L0[], Ebi: L2[L0[], L0[]], Eib: L2[L7[], L7[]], Eii: L2[L7[], L0[]], put: L2[V2, V3] -> V0 -> V1 -> L2[_8_, _9_], tr: L7[]
[16:08:22.336114]	Exploring 0: L0[], 1: L0[], Ebi: L2[L0[], L0[]], Eib: L2[L7[], L7[]], Eii: L2[L7[], L0[]], put: L2[V2, V3] -> V0 -> V1 -> L2[L0[], _9_], tr: L7[]
[16:08:22.336284]	Exploring 0: L0[], 1: L0[], Ebi: L2[L0[], L0[]], Eib: L2[L7[], L7[]], Eii: L2[L7[], L0[]], put: L2[V2, V3] -> V0 -> V1 -> L2[L0[], L0[]], tr: L7[]
[16:08:22.336577]	Exploring 0: L0[], 1: L0[], Ebi: L2[L0[], L0[]], Eib: L2[L7[], L7[]], Eii: L2[L7[], L0[]], put: L2[V2, V3] -> V0 -> V1 -> L2[L0[], L7[]], tr: L7[]
[16:08:22.336896]	Exploring 0: L0[], 1: L0[], Ebi: L2[L0[], L0[]], Eib: L2[L7[], L7[]], Eii: L2[L7[], L0[]], put: L2[V2, V3] -> V0 -> V1 -> L2[L0[], V0], tr: L7[]
[16:08:22.337238]	Exploring 0: L0[], 1: L0[], Ebi: L2[L0[], L0[]], Eib: L2[L7[], L7[]], Eii: L2[L7[], L0[]], put: L2[V2, V3] -> V0 -> V1 -> L2[L0[], V1], tr: L7[]
[16:08:22.337563]	Exploring 0: L0[], 1: L0[], Ebi: L2[L0[], L0[]], Eib: L2[L7[], L7[]], Eii: L2[L7[], L0[]], put: L2[V2, V3] -> V0 -> V1 -> L2[L0[], V2], tr: L7[]
[16:08:22.337881]	Exploring 0: L0[], 1: L0[], Ebi: L2[L0[], L0[]], Eib: L2[L7[], L7[]], Eii: L2[L7[], L0[]], put: L2[V2, V3] -> V0 -> V1 -> L2[L0[], V3], tr: L7[]
[16:08:22.338191]	Exploring 0: L0[], 1: L0[], Ebi: L2[L0[], L0[]], Eib: L2[L7[], L7[]], Eii: L2[L7[], L0[]], put: L2[V2, V3] -> V0 -> V1 -> L2[L7[], _9_], tr: L7[]
[16:08:22.338359]	Exploring 0: L0[], 1: L0[], Ebi: L2[L0[], L0[]], Eib: L2[L7[], L7[]], Eii: L2[L7[], L0[]], put: L2[V2, V3] -> V0 -> V1 -> L2[L7[], L0[]], tr: L7[]
[16:08:22.338652]	Exploring 0: L0[], 1: L0[], Ebi: L2[L0[], L0[]], Eib: L2[L7[], L7[]], Eii: L2[L7[], L0[]], put: L2[V2, V3] -> V0 -> V1 -> L2[L7[], L7[]], tr: L7[]
[16:08:22.338969]	Exploring 0: L0[], 1: L0[], Ebi: L2[L0[], L0[]], Eib: L2[L7[], L7[]], Eii: L2[L7[], L0[]], put: L2[V2, V3] -> V0 -> V1 -> L2[L7[], V0], tr: L7[]
[16:08:22.339308]	Exploring 0: L0[], 1: L0[], Ebi: L2[L0[], L0[]], Eib: L2[L7[], L7[]], Eii: L2[L7[], L0[]], put: L2[V2, V3] -> V0 -> V1 -> L2[L7[], V1], tr: L7[]
[16:08:22.339687]	Exploring 0: L0[], 1: L0[], Ebi: L2[L0[], L0[]], Eib: L2[L7[], L7[]], Eii: L2[L7[], L0[]], put: L2[V2, V3] -> V0 -> V1 -> L2[L7[], V2], tr: L7[]
[16:08:22.340006]	Exploring 0: L0[], 1: L0[], Ebi: L2[L0[], L0[]], Eib: L2[L7[], L7[]], Eii: L2[L7[], L0[]], put: L2[V2, V3] -> V0 -> V1 -> L2[L7[], V3], tr: L7[]
[16:08:22.340340]	Exploring 0: L0[], 1: L0[], Ebi: L2[L0[], L0[]], Eib: L2[L7[], L7[]], Eii: L2[L7[], L0[]], put: L2[V2, V3] -> V0 -> V1 -> L2[V0, _9_], tr: L7[]
[16:08:22.340534]	Exploring 0: L0[], 1: L0[], Ebi: L2[L0[], L0[]], Eib: L2[L7[], L7[]], Eii: L2[L7[], L0[]], put: L2[V2, V3] -> V0 -> V1 -> L2[V0, L0[]], tr: L7[]
[16:08:22.340872]	Exploring 0: L0[], 1: L0[], Ebi: L2[L0[], L0[]], Eib: L2[L7[], L7[]], Eii: L2[L7[], L0[]], put: L2[V2, V3] -> V0 -> V1 -> L2[V0, L7[]], tr: L7[]
[16:08:22.341220]	Exploring 0: L0[], 1: L0[], Ebi: L2[L0[], L0[]], Eib: L2[L7[], L7[]], Eii: L2[L7[], L0[]], put: L2[V2, V3] -> V0 -> V1 -> L2[V0, V0], tr: L7[]
[16:08:22.341582]	Exploring 0: L0[], 1: L0[], Ebi: L2[L0[], L0[]], Eib: L2[L7[], L7[]], Eii: L2[L7[], L0[]], put: L2[V2, V3] -> V0 -> V1 -> L2[V0, V1], tr: L7[]
[16:08:22.341939]	Exploring 0: L0[], 1: L0[], Ebi: L2[L0[], L0[]], Eib: L2[L7[], L7[]], Eii: L2[L7[], L0[]], put: L2[V2, V3] -> V0 -> V1 -> L2[V0, V2], tr: L7[]
[16:08:22.342297]	Exploring 0: L0[], 1: L0[], Ebi: L2[L0[], L0[]], Eib: L2[L7[], L7[]], Eii: L2[L7[], L0[]], put: L2[V2, V3] -> V0 -> V1 -> L2[V0, V3], tr: L7[]
[16:08:22.342642]	Exploring 0: L0[], 1: L0[], Ebi: L2[L0[], L0[]], Eib: L2[L7[], L7[]], Eii: L2[L7[], L0[]], put: L2[V2, V3] -> V0 -> V1 -> L2[V1, _9_], tr: L7[]
[16:08:22.342841]	Exploring 0: L0[], 1: L0[], Ebi: L2[L0[], L0[]], Eib: L2[L7[], L7[]], Eii: L2[L7[], L0[]], put: L2[V2, V3] -> V0 -> V1 -> L2[V1, L0[]], tr: L7[]
[16:08:22.343221]	Exploring 0: L0[], 1: L0[], Ebi: L2[L0[], L0[]], Eib: L2[L7[], L7[]], Eii: L2[L7[], L0[]], put: L2[V2, V3] -> V0 -> V1 -> L2[V1, L7[]], tr: L7[]
[16:08:22.343590]	Exploring 0: L0[], 1: L0[], Ebi: L2[L0[], L0[]], Eib: L2[L7[], L7[]], Eii: L2[L7[], L0[]], put: L2[V2, V3] -> V0 -> V1 -> L2[V1, V0], tr: L7[]
[16:08:22.343982]	Exploring 0: L0[], 1: L0[], Ebi: L2[L0[], L0[]], Eib: L2[L7[], L7[]], Eii: L2[L7[], L0[]], put: L2[V2, V3] -> V0 -> V1 -> L2[V1, V1], tr: L7[]
[16:08:22.344374]	Exploring 0: L0[], 1: L0[], Ebi: L2[L0[], L0[]], Eib: L2[L7[], L7[]], Eii: L2[L7[], L0[]], put: L2[V2, V3] -> V0 -> V1 -> L2[V1, V2], tr: L7[]
[16:08:22.344766]	Exploring 0: L0[], 1: L0[], Ebi: L2[L0[], L0[]], Eib: L2[L7[], L7[]], Eii: L2[L7[], L0[]], put: L2[V2, V3] -> V0 -> V1 -> L2[V1, V3], tr: L7[]
[16:08:22.345481]	Exploring 0: L0[], 1: L0[], Ebi: L2[L0[], L0[]], Eib: L2[L7[], L7[]], Eii: L2[L7[], L0[]], put: L2[V2, V3] -> V0 -> V1 -> L2[V2, _9_], tr: L7[]
[16:08:22.345759]	Exploring 0: L0[], 1: L0[], Ebi: L2[L0[], L0[]], Eib: L2[L7[], L7[]], Eii: L2[L7[], L0[]], put: L2[V2, V3] -> V0 -> V1 -> L2[V2, L0[]], tr: L7[]
[16:08:22.346272]	Exploring 0: L0[], 1: L0[], Ebi: L2[L0[], L0[]], Eib: L2[L7[], L7[]], Eii: L2[L7[], L0[]], put: L2[V2, V3] -> V0 -> V1 -> L2[V2, L7[]], tr: L7[]
[16:08:22.346770]	Exploring 0: L0[], 1: L0[], Ebi: L2[L0[], L0[]], Eib: L2[L7[], L7[]], Eii: L2[L7[], L0[]], put: L2[V2, V3] -> V0 -> V1 -> L2[V2, V0], tr: L7[]
[16:08:22.347130]	Exploring 0: L0[], 1: L0[], Ebi: L2[L0[], L0[]], Eib: L2[L7[], L7[]], Eii: L2[L7[], L0[]], put: L2[V2, V3] -> V0 -> V1 -> L2[V2, V1], tr: L7[]
[16:08:22.347473]	Exploring 0: L0[], 1: L0[], Ebi: L2[L0[], L0[]], Eib: L2[L7[], L7[]], Eii: L2[L7[], L0[]], put: L2[V2, V3] -> V0 -> V1 -> L2[V2, V2], tr: L7[]
[16:08:22.347793]	Exploring 0: L0[], 1: L0[], Ebi: L2[L0[], L0[]], Eib: L2[L7[], L7[]], Eii: L2[L7[], L0[]], put: L2[V2, V3] -> V0 -> V1 -> L2[V2, V3], tr: L7[]
[16:08:22.348126]	Exploring 0: L0[], 1: L0[], Ebi: L2[L0[], L0[]], Eib: L2[L7[], L7[]], Eii: L2[L7[], L0[]], put: L2[V2, V3] -> V0 -> V1 -> L2[V3, _9_], tr: L7[]
[16:08:22.348332]	Exploring 0: L0[], 1: L0[], Ebi: L2[L0[], L0[]], Eib: L2[L7[], L7[]], Eii: L2[L7[], L0[]], put: L2[V2, V3] -> V0 -> V1 -> L2[V3, L0[]], tr: L7[]
[16:08:22.348664]	Exploring 0: L0[], 1: L0[], Ebi: L2[L0[], L0[]], Eib: L2[L7[], L7[]], Eii: L2[L7[], L0[]], put: L2[V2, V3] -> V0 -> V1 -> L2[V3, L7[]], tr: L7[]
[16:08:22.349002]	Exploring 0: L0[], 1: L0[], Ebi: L2[L0[], L0[]], Eib: L2[L7[], L7[]], Eii: L2[L7[], L0[]], put: L2[V2, V3] -> V0 -> V1 -> L2[V3, V0], tr: L7[]
[16:08:22.349348]	Exploring 0: L0[], 1: L0[], Ebi: L2[L0[], L0[]], Eib: L2[L7[], L7[]], Eii: L2[L7[], L0[]], put: L2[V2, V3] -> V0 -> V1 -> L2[V3, V1], tr: L7[]
[16:08:22.349685]	Exploring 0: L0[], 1: L0[], Ebi: L2[L0[], L0[]], Eib: L2[L7[], L7[]], Eii: L2[L7[], L0[]], put: L2[V2, V3] -> V0 -> V1 -> L2[V3, V2], tr: L7[]
[16:08:22.350025]	Exploring 0: L0[], 1: L0[], Ebi: L2[L0[], L0[]], Eib: L2[L7[], L7[]], Eii: L2[L7[], L0[]], put: L2[V2, V3] -> V0 -> V1 -> L2[V3, V3], tr: L7[]
[16:08:22.350295]	Exploring 0: L0[], 1: L0[], Ebi: L2[L0[], L0[]], Eib: L2[L7[], L7[]], Eii: L2[L7[], L7[]], put: L2[_6_, _7_] -> V0 -> V1 -> L2[_8_, _9_], tr: L7[]
[16:08:22.350526]	Exploring 0: L0[], 1: L0[], Ebi: L2[L0[], L0[]], Eib: L2[L7[], L7[]], Eii: L2[L7[], L7[]], put: L2[V2, _7_] -> V0 -> V1 -> L2[_8_, _9_], tr: L7[]
[16:08:22.350746]	Exploring 0: L0[], 1: L0[], Ebi: L2[L0[], L0[]], Eib: L2[L7[], L7[]], Eii: L2[L7[], L7[]], put: L2[V2, V2] -> V0 -> V1 -> L2[_8_, _9_], tr: L7[]
[16:08:22.350900]	Exploring 0: L0[], 1: L0[], Ebi: L2[L0[], L0[]], Eib: L2[L7[], L7[]], Eii: L2[L7[], L7[]], put: L2[V2, V2] -> V0 -> V1 -> L2[L0[], _9_], tr: L7[]
[16:08:22.351070]	Exploring 0: L0[], 1: L0[], Ebi: L2[L0[], L0[]], Eib: L2[L7[], L7[]], Eii: L2[L7[], L7[]], put: L2[V2, V2] -> V0 -> V1 -> L2[L0[], L0[]], tr: L7[]
[16:08:22.351435]	Exploring 0: L0[], 1: L0[], Ebi: L2[L0[], L0[]], Eib: L2[L7[], L7[]], Eii: L2[L7[], L7[]], put: L2[V2, V2] -> V0 -> V1 -> L2[L7[], _9_], tr: L7[]
[16:08:22.351602]	Exploring 0: L0[], 1: L0[], Ebi: L2[L0[], L0[]], Eib: L2[L7[], L7[]], Eii: L2[L7[], L7[]], put: L2[V2, V2] -> V0 -> V1 -> L2[L7[], L7[]], tr: L7[]
[16:08:22.351984]	Exploring 0: L0[], 1: L0[], Ebi: L2[L0[], L0[]], Eib: L2[L7[], L7[]], Eii: L2[L7[], L7[]], put: L2[V2, V2] -> V0 -> V1 -> L2[V0, _9_], tr: L7[]
[16:08:22.352166]	Exploring 0: L0[], 1: L0[], Ebi: L2[L0[], L0[]], Eib: L2[L7[], L7[]], Eii: L2[L7[], L7[]], put: L2[V2, V2] -> V0 -> V1 -> L2[V0, V0], tr: L7[]
[16:08:22.352491]	Exploring 0: L0[], 1: L0[], Ebi: L2[L0[], L0[]], Eib: L2[L7[], L7[]], Eii: L2[L7[], L7[]], put: L2[V2, V2] -> V0 -> V1 -> L2[V1, _9_], tr: L7[]
[16:08:22.352729]	Exploring 0: L0[], 1: L0[], Ebi: L2[L0[], L0[]], Eib: L2[L7[], L7[]], Eii: L2[L7[], L7[]], put: L2[V2, V2] -> V0 -> V1 -> L2[V1, V1], tr: L7[]
[16:08:22.353093]	Exploring 0: L0[], 1: L0[], Ebi: L2[L0[], L0[]], Eib: L2[L7[], L7[]], Eii: L2[L7[], L7[]], put: L2[V2, V2] -> V0 -> V1 -> L2[V2, _9_], tr: L7[]
[16:08:22.353340]	Exploring 0: L0[], 1: L0[], Ebi: L2[L0[], L0[]], Eib: L2[L7[], L7[]], Eii: L2[L7[], L7[]], put: L2[V2, V2] -> V0 -> V1 -> L2[V2, V2], tr: L7[]
[16:08:22.353627]	Exploring 0: L0[], 1: L0[], Ebi: L2[L0[], L0[]], Eib: L2[L7[], L7[]], Eii: L2[L7[], L7[]], put: L2[V2, V3] -> V0 -> V1 -> L2[_8_, _9_], tr: L7[]
[16:08:22.353815]	Exploring 0: L0[], 1: L0[], Ebi: L2[L0[], L0[]], Eib: L2[L7[], L7[]], Eii: L2[L7[], L7[]], put: L2[V2, V3] -> V0 -> V1 -> L2[L0[], _9_], tr: L7[]
[16:08:22.354007]	Exploring 0: L0[], 1: L0[], Ebi: L2[L0[], L0[]], Eib: L2[L7[], L7[]], Eii: L2[L7[], L7[]], put: L2[V2, V3] -> V0 -> V1 -> L2[L0[], L0[]], tr: L7[]
[16:08:22.354315]	Exploring 0: L0[], 1: L0[], Ebi: L2[L0[], L0[]], Eib: L2[L7[], L7[]], Eii: L2[L7[], L7[]], put: L2[V2, V3] -> V0 -> V1 -> L2[L0[], L7[]], tr: L7[]
[16:08:22.354639]	Exploring 0: L0[], 1: L0[], Ebi: L2[L0[], L0[]], Eib: L2[L7[], L7[]], Eii: L2[L7[], L7[]], put: L2[V2, V3] -> V0 -> V1 -> L2[L0[], V0], tr: L7[]
[16:08:22.354997]	Exploring 0: L0[], 1: L0[], Ebi: L2[L0[], L0[]], Eib: L2[L7[], L7[]], Eii: L2[L7[], L7[]], put: L2[V2, V3] -> V0 -> V1 -> L2[L0[], V1], tr: L7[]
[16:08:22.355334]	Exploring 0: L0[], 1: L0[], Ebi: L2[L0[], L0[]], Eib: L2[L7[], L7[]], Eii: L2[L7[], L7[]], put: L2[V2, V3] -> V0 -> V1 -> L2[L0[], V2], tr: L7[]
[16:08:22.355672]	Exploring 0: L0[], 1: L0[], Ebi: L2[L0[], L0[]], Eib: L2[L7[], L7[]], Eii: L2[L7[], L7[]], put: L2[V2, V3] -> V0 -> V1 -> L2[L0[], V3], tr: L7[]
[16:08:22.356]	Exploring 0: L0[], 1: L0[], Ebi: L2[L0[], L0[]], Eib: L2[L7[], L7[]], Eii: L2[L7[], L7[]], put: L2[V2, V3] -> V0 -> V1 -> L2[L7[], _9_], tr: L7[]
[16:08:22.356257]	Exploring 0: L0[], 1: L0[], Ebi: L2[L0[], L0[]], Eib: L2[L7[], L7[]], Eii: L2[L7[], L7[]], put: L2[V2, V3] -> V0 -> V1 -> L2[L7[], L0[]], tr: L7[]
[16:08:22.356553]	Exploring 0: L0[], 1: L0[], Ebi: L2[L0[], L0[]], Eib: L2[L7[], L7[]], Eii: L2[L7[], L7[]], put: L2[V2, V3] -> V0 -> V1 -> L2[L7[], L7[]], tr: L7[]
[16:08:22.356866]	Exploring 0: L0[], 1: L0[], Ebi: L2[L0[], L0[]], Eib: L2[L7[], L7[]], Eii: L2[L7[], L7[]], put: L2[V2, V3] -> V0 -> V1 -> L2[L7[], V0], tr: L7[]
[16:08:22.357207]	Exploring 0: L0[], 1: L0[], Ebi: L2[L0[], L0[]], Eib: L2[L7[], L7[]], Eii: L2[L7[], L7[]], put: L2[V2, V3] -> V0 -> V1 -> L2[L7[], V1], tr: L7[]
[16:08:22.357529]	Exploring 0: L0[], 1: L0[], Ebi: L2[L0[], L0[]], Eib: L2[L7[], L7[]], Eii: L2[L7[], L7[]], put: L2[V2, V3] -> V0 -> V1 -> L2[L7[], V2], tr: L7[]
[16:08:22.357843]	Exploring 0: L0[], 1: L0[], Ebi: L2[L0[], L0[]], Eib: L2[L7[], L7[]], Eii: L2[L7[], L7[]], put: L2[V2, V3] -> V0 -> V1 -> L2[L7[], V3], tr: L7[]
[16:08:22.358177]	Exploring 0: L0[], 1: L0[], Ebi: L2[L0[], L0[]], Eib: L2[L7[], L7[]], Eii: L2[L7[], L7[]], put: L2[V2, V3] -> V0 -> V1 -> L2[V0, _9_], tr: L7[]
[16:08:22.358364]	Exploring 0: L0[], 1: L0[], Ebi: L2[L0[], L0[]], Eib: L2[L7[], L7[]], Eii: L2[L7[], L7[]], put: L2[V2, V3] -> V0 -> V1 -> L2[V0, L0[]], tr: L7[]
[16:08:22.358699]	Exploring 0: L0[], 1: L0[], Ebi: L2[L0[], L0[]], Eib: L2[L7[], L7[]], Eii: L2[L7[], L7[]], put: L2[V2, V3] -> V0 -> V1 -> L2[V0, L7[]], tr: L7[]
[16:08:22.359031]	Exploring 0: L0[], 1: L0[], Ebi: L2[L0[], L0[]], Eib: L2[L7[], L7[]], Eii: L2[L7[], L7[]], put: L2[V2, V3] -> V0 -> V1 -> L2[V0, V0], tr: L7[]
[16:08:22.359367]	Exploring 0: L0[], 1: L0[], Ebi: L2[L0[], L0[]], Eib: L2[L7[], L7[]], Eii: L2[L7[], L7[]], put: L2[V2, V3] -> V0 -> V1 -> L2[V0, V1], tr: L7[]
[16:08:22.359726]	Exploring 0: L0[], 1: L0[], Ebi: L2[L0[], L0[]], Eib: L2[L7[], L7[]], Eii: L2[L7[], L7[]], put: L2[V2, V3] -> V0 -> V1 -> L2[V0, V2], tr: L7[]
[16:08:22.360057]	Exploring 0: L0[], 1: L0[], Ebi: L2[L0[], L0[]], Eib: L2[L7[], L7[]], Eii: L2[L7[], L7[]], put: L2[V2, V3] -> V0 -> V1 -> L2[V0, V3], tr: L7[]
[16:08:22.360389]	Exploring 0: L0[], 1: L0[], Ebi: L2[L0[], L0[]], Eib: L2[L7[], L7[]], Eii: L2[L7[], L7[]], put: L2[V2, V3] -> V0 -> V1 -> L2[V1, _9_], tr: L7[]
[16:08:22.360612]	Exploring 0: L0[], 1: L0[], Ebi: L2[L0[], L0[]], Eib: L2[L7[], L7[]], Eii: L2[L7[], L7[]], put: L2[V2, V3] -> V0 -> V1 -> L2[V1, L0[]], tr: L7[]
[16:08:22.360945]	Exploring 0: L0[], 1: L0[], Ebi: L2[L0[], L0[]], Eib: L2[L7[], L7[]], Eii: L2[L7[], L7[]], put: L2[V2, V3] -> V0 -> V1 -> L2[V1, L7[]], tr: L7[]
[16:08:22.361277]	Exploring 0: L0[], 1: L0[], Ebi: L2[L0[], L0[]], Eib: L2[L7[], L7[]], Eii: L2[L7[], L7[]], put: L2[V2, V3] -> V0 -> V1 -> L2[V1, V0], tr: L7[]
[16:08:22.361625]	Exploring 0: L0[], 1: L0[], Ebi: L2[L0[], L0[]], Eib: L2[L7[], L7[]], Eii: L2[L7[], L7[]], put: L2[V2, V3] -> V0 -> V1 -> L2[V1, V1], tr: L7[]
[16:08:22.361956]	Exploring 0: L0[], 1: L0[], Ebi: L2[L0[], L0[]], Eib: L2[L7[], L7[]], Eii: L2[L7[], L7[]], put: L2[V2, V3] -> V0 -> V1 -> L2[V1, V2], tr: L7[]
[16:08:22.362283]	Exploring 0: L0[], 1: L0[], Ebi: L2[L0[], L0[]], Eib: L2[L7[], L7[]], Eii: L2[L7[], L7[]], put: L2[V2, V3] -> V0 -> V1 -> L2[V1, V3], tr: L7[]
[16:08:22.362594]	Exploring 0: L0[], 1: L0[], Ebi: L2[L0[], L0[]], Eib: L2[L7[], L7[]], Eii: L2[L7[], L7[]], put: L2[V2, V3] -> V0 -> V1 -> L2[V2, _9_], tr: L7[]
[16:08:22.362782]	Exploring 0: L0[], 1: L0[], Ebi: L2[L0[], L0[]], Eib: L2[L7[], L7[]], Eii: L2[L7[], L7[]], put: L2[V2, V3] -> V0 -> V1 -> L2[V2, L0[]], tr: L7[]
[16:08:22.363080]	Exploring 0: L0[], 1: L0[], Ebi: L2[L0[], L0[]], Eib: L2[L7[], L7[]], Eii: L2[L7[], L7[]], put: L2[V2, V3] -> V0 -> V1 -> L2[V2, L7[]], tr: L7[]
[16:08:22.363391]	Exploring 0: L0[], 1: L0[], Ebi: L2[L0[], L0[]], Eib: L2[L7[], L7[]], Eii: L2[L7[], L7[]], put: L2[V2, V3] -> V0 -> V1 -> L2[V2, V0], tr: L7[]
[16:08:22.363740]	Exploring 0: L0[], 1: L0[], Ebi: L2[L0[], L0[]], Eib: L2[L7[], L7[]], Eii: L2[L7[], L7[]], put: L2[V2, V3] -> V0 -> V1 -> L2[V2, V1], tr: L7[]
[16:08:22.364076]	Exploring 0: L0[], 1: L0[], Ebi: L2[L0[], L0[]], Eib: L2[L7[], L7[]], Eii: L2[L7[], L7[]], put: L2[V2, V3] -> V0 -> V1 -> L2[V2, V2], tr: L7[]
[16:08:22.364387]	Exploring 0: L0[], 1: L0[], Ebi: L2[L0[], L0[]], Eib: L2[L7[], L7[]], Eii: L2[L7[], L7[]], put: L2[V2, V3] -> V0 -> V1 -> L2[V2, V3], tr: L7[]
[16:08:22.364707]	Exploring 0: L0[], 1: L0[], Ebi: L2[L0[], L0[]], Eib: L2[L7[], L7[]], Eii: L2[L7[], L7[]], put: L2[V2, V3] -> V0 -> V1 -> L2[V3, _9_], tr: L7[]
[16:08:22.364894]	Exploring 0: L0[], 1: L0[], Ebi: L2[L0[], L0[]], Eib: L2[L7[], L7[]], Eii: L2[L7[], L7[]], put: L2[V2, V3] -> V0 -> V1 -> L2[V3, L0[]], tr: L7[]
[16:08:22.365205]	Exploring 0: L0[], 1: L0[], Ebi: L2[L0[], L0[]], Eib: L2[L7[], L7[]], Eii: L2[L7[], L7[]], put: L2[V2, V3] -> V0 -> V1 -> L2[V3, L7[]], tr: L7[]
[16:08:22.365523]	Exploring 0: L0[], 1: L0[], Ebi: L2[L0[], L0[]], Eib: L2[L7[], L7[]], Eii: L2[L7[], L7[]], put: L2[V2, V3] -> V0 -> V1 -> L2[V3, V0], tr: L7[]
[16:08:22.365846]	Exploring 0: L0[], 1: L0[], Ebi: L2[L0[], L0[]], Eib: L2[L7[], L7[]], Eii: L2[L7[], L7[]], put: L2[V2, V3] -> V0 -> V1 -> L2[V3, V1], tr: L7[]
[16:08:22.366167]	Exploring 0: L0[], 1: L0[], Ebi: L2[L0[], L0[]], Eib: L2[L7[], L7[]], Eii: L2[L7[], L7[]], put: L2[V2, V3] -> V0 -> V1 -> L2[V3, V2], tr: L7[]
[16:08:22.366469]	Exploring 0: L0[], 1: L0[], Ebi: L2[L0[], L0[]], Eib: L2[L7[], L7[]], Eii: L2[L7[], L7[]], put: L2[V2, V3] -> V0 -> V1 -> L2[V3, V3], tr: L7[]
[16:08:22.366734]	Exploring 0: L0[], 1: L0[], Ebi: L2[L0[], L7[]], Eib: L2[_2_, _3_], Eii: L2[_4_, _5_], put: L2[_6_, _7_] -> V0 -> V1 -> L2[_8_, _9_], tr: L7[]
[16:08:22.366839]	Exploring 0: L0[], 1: L0[], Ebi: L2[L0[], L7[]], Eib: L2[L0[], _3_], Eii: L2[_4_, _5_], put: L2[_6_, _7_] -> V0 -> V1 -> L2[_8_, _9_], tr: L7[]
[16:08:22.366940]	Exploring 0: L0[], 1: L0[], Ebi: L2[L0[], L7[]], Eib: L2[L0[], L0[]], Eii: L2[_4_, _5_], put: L2[_6_, _7_] -> V0 -> V1 -> L2[_8_, _9_], tr: L7[]
[16:08:22.367054]	Exploring 0: L0[], 1: L0[], Ebi: L2[L0[], L7[]], Eib: L2[L0[], L0[]], Eii: L2[L0[], _5_], put: L2[_6_, _7_] -> V0 -> V1 -> L2[_8_, _9_], tr: L7[]
[16:08:22.367158]	Exploring 0: L0[], 1: L0[], Ebi: L2[L0[], L7[]], Eib: L2[L0[], L0[]], Eii: L2[L0[], L0[]], put: L2[_6_, _7_] -> V0 -> V1 -> L2[_8_, _9_], tr: L7[]
[16:08:22.367289]	Exploring 0: L0[], 1: L0[], Ebi: L2[L0[], L7[]], Eib: L2[L0[], L0[]], Eii: L2[L0[], L0[]], put: L2[L0[], _7_] -> V0 -> V1 -> L2[_8_, _9_], tr: L7[]
[16:08:22.367435]	Exploring 0: L0[], 1: L0[], Ebi: L2[L0[], L7[]], Eib: L2[L0[], L0[]], Eii: L2[L0[], L0[]], put: L2[L0[], V0] -> V0 -> V1 -> L2[_8_, _9_], tr: L7[]
[16:08:22.367577]	Exploring 0: L0[], 1: L0[], Ebi: L2[L0[], L7[]], Eib: L2[L0[], L0[]], Eii: L2[L0[], L0[]], put: L2[L0[], V0] -> V0 -> V1 -> L2[L0[], _9_], tr: L7[]
[16:08:22.367728]	Exploring 0: L0[], 1: L0[], Ebi: L2[L0[], L7[]], Eib: L2[L0[], L0[]], Eii: L2[L0[], L0[]], put: L2[L0[], V0] -> V0 -> V1 -> L2[L0[], V0], tr: L7[]
[16:08:22.368050]	Exploring 0: L0[], 1: L0[], Ebi: L2[L0[], L7[]], Eib: L2[L0[], L0[]], Eii: L2[L0[], L0[]], put: L2[L0[], V2] -> V0 -> V1 -> L2[_8_, _9_], tr: L7[]
[16:08:22.368210]	Exploring 0: L0[], 1: L0[], Ebi: L2[L0[], L7[]], Eib: L2[L0[], L0[]], Eii: L2[L0[], L0[]], put: L2[L0[], V2] -> V0 -> V1 -> L2[L0[], _9_], tr: L7[]
[16:08:22.368366]	Exploring 0: L0[], 1: L0[], Ebi: L2[L0[], L7[]], Eib: L2[L0[], L0[]], Eii: L2[L0[], L0[]], put: L2[L0[], V2] -> V0 -> V1 -> L2[L0[], L0[]], tr: L7[]
[16:08:22.368633]	Exploring 0: L0[], 1: L0[], Ebi: L2[L0[], L7[]], Eib: L2[L0[], L0[]], Eii: L2[L0[], L0[]], put: L2[L0[], V2] -> V0 -> V1 -> L2[L0[], L7[]], tr: L7[]
[16:08:22.368914]	Exploring 0: L0[], 1: L0[], Ebi: L2[L0[], L7[]], Eib: L2[L0[], L0[]], Eii: L2[L0[], L0[]], put: L2[L0[], V2] -> V0 -> V1 -> L2[L0[], V0], tr: L7[]
[16:08:22.369206]	Exploring 0: L0[], 1: L0[], Ebi: L2[L0[], L7[]], Eib: L2[L0[], L0[]], Eii: L2[L0[], L0[]], put: L2[L0[], V2] -> V0 -> V1 -> L2[L0[], V1], tr: L7[]
[16:08:22.369493]	Exploring 0: L0[], 1: L0[], Ebi: L2[L0[], L7[]], Eib: L2[L0[], L0[]], Eii: L2[L0[], L0[]], put: L2[L0[], V2] -> V0 -> V1 -> L2[L0[], V2], tr: L7[]
[16:08:22.369895]	Exploring 0: L0[], 1: L0[], Ebi: L2[L0[], L7[]], Eib: L2[L0[], L0[]], Eii: L2[L0[], L0[]], put: L2[V2, _7_] -> V0 -> V1 -> L2[_8_, _9_], tr: L7[]
[16:08:22.370051]	Exploring 0: L0[], 1: L0[], Ebi: L2[L0[], L7[]], Eib: L2[L0[], L0[]], Eii: L2[L0[], L0[]], put: L2[V2, V0] -> V0 -> V1 -> L2[_8_, _9_], tr: L7[]
[16:08:22.370220]	Exploring 0: L0[], 1: L0[], Ebi: L2[L0[], L7[]], Eib: L2[L0[], L0[]], Eii: L2[L0[], L0[]], put: L2[V2, V0] -> V0 -> V1 -> L2[L0[], _9_], tr: L7[]
[16:08:22.370388]	Exploring 0: L0[], 1: L0[], Ebi: L2[L0[], L7[]], Eib: L2[L0[], L0[]], Eii: L2[L0[], L0[]], put: L2[V2, V0] -> V0 -> V1 -> L2[L0[], V0], tr: L7[]
[16:08:22.370754]	Exploring 0: L0[], 1: L0[], Ebi: L2[L0[], L7[]], Eib: L2[L0[], L0[]], Eii: L2[L0[], L0[]], put: L2[V2, V0] -> V0 -> V1 -> L2[L7[], _9_], tr: L7[]
[16:08:22.370925]	Exploring 0: L0[], 1: L0[], Ebi: L2[L0[], L7[]], Eib: L2[L0[], L0[]], Eii: L2[L0[], L0[]], put: L2[V2, V0] -> V0 -> V1 -> L2[L7[], V0], tr: L7[]
[16:08:22.371297]	Exploring 0: L0[], 1: L0[], Ebi: L2[L0[], L7[]], Eib: L2[L0[], L0[]], Eii: L2[L0[], L0[]], put: L2[V2, V0] -> V0 -> V1 -> L2[V0, _9_], tr: L7[]
[16:08:22.371479]	Exploring 0: L0[], 1: L0[], Ebi: L2[L0[], L7[]], Eib: L2[L0[], L0[]], Eii: L2[L0[], L0[]], put: L2[V2, V0] -> V0 -> V1 -> L2[V0, V0], tr: L7[]
[16:08:22.371858]	Exploring 0: L0[], 1: L0[], Ebi: L2[L0[], L7[]], Eib: L2[L0[], L0[]], Eii: L2[L0[], L0[]], put: L2[V2, V0] -> V0 -> V1 -> L2[V1, _9_], tr: L7[]
[16:08:22.372026]	Exploring 0: L0[], 1: L0[], Ebi: L2[L0[], L7[]], Eib: L2[L0[], L0[]], Eii: L2[L0[], L0[]], put: L2[V2, V0] -> V0 -> V1 -> L2[V1, V0], tr: L7[]
[16:08:22.372392]	Exploring 0: L0[], 1: L0[], Ebi: L2[L0[], L7[]], Eib: L2[L0[], L0[]], Eii: L2[L0[], L0[]], put: L2[V2, V0] -> V0 -> V1 -> L2[V2, _9_], tr: L7[]
[16:08:22.372559]	Exploring 0: L0[], 1: L0[], Ebi: L2[L0[], L7[]], Eib: L2[L0[], L0[]], Eii: L2[L0[], L0[]], put: L2[V2, V0] -> V0 -> V1 -> L2[V2, V0], tr: L7[]
[16:08:22.372987]	Exploring 0: L0[], 1: L0[], Ebi: L2[L0[], L7[]], Eib: L2[L0[], L0[]], Eii: L2[L0[], L0[]], put: L2[V2, V3] -> V0 -> V1 -> L2[_8_, _9_], tr: L7[]
[16:08:22.373148]	Exploring 0: L0[], 1: L0[], Ebi: L2[L0[], L7[]], Eib: L2[L0[], L0[]], Eii: L2[L0[], L0[]], put: L2[V2, V3] -> V0 -> V1 -> L2[L0[], _9_], tr: L7[]
[16:08:22.373314]	Exploring 0: L0[], 1: L0[], Ebi: L2[L0[], L7[]], Eib: L2[L0[], L0[]], Eii: L2[L0[], L0[]], put: L2[V2, V3] -> V0 -> V1 -> L2[L0[], L0[]], tr: L7[]
[16:08:22.373608]	Exploring 0: L0[], 1: L0[], Ebi: L2[L0[], L7[]], Eib: L2[L0[], L0[]], Eii: L2[L0[], L0[]], put: L2[V2, V3] -> V0 -> V1 -> L2[L0[], L7[]], tr: L7[]
[16:08:22.373927]	Exploring 0: L0[], 1: L0[], Ebi: L2[L0[], L7[]], Eib: L2[L0[], L0[]], Eii: L2[L0[], L0[]], put: L2[V2, V3] -> V0 -> V1 -> L2[L0[], V0], tr: L7[]
[16:08:22.374272]	Exploring 0: L0[], 1: L0[], Ebi: L2[L0[], L7[]], Eib: L2[L0[], L0[]], Eii: L2[L0[], L0[]], put: L2[V2, V3] -> V0 -> V1 -> L2[L0[], V1], tr: L7[]
[16:08:22.374601]	Exploring 0: L0[], 1: L0[], Ebi: L2[L0[], L7[]], Eib: L2[L0[], L0[]], Eii: L2[L0[], L0[]], put: L2[V2, V3] -> V0 -> V1 -> L2[L0[], V2], tr: L7[]
[16:08:22.374915]	Exploring 0: L0[], 1: L0[], Ebi: L2[L0[], L7[]], Eib: L2[L0[], L0[]], Eii: L2[L0[], L0[]], put: L2[V2, V3] -> V0 -> V1 -> L2[L0[], V3], tr: L7[]
[16:08:22.375229]	Exploring 0: L0[], 1: L0[], Ebi: L2[L0[], L7[]], Eib: L2[L0[], L0[]], Eii: L2[L0[], L0[]], put: L2[V2, V3] -> V0 -> V1 -> L2[L7[], _9_], tr: L7[]
[16:08:22.375397]	Exploring 0: L0[], 1: L0[], Ebi: L2[L0[], L7[]], Eib: L2[L0[], L0[]], Eii: L2[L0[], L0[]], put: L2[V2, V3] -> V0 -> V1 -> L2[L7[], L0[]], tr: L7[]
[16:08:22.375714]	Exploring 0: L0[], 1: L0[], Ebi: L2[L0[], L7[]], Eib: L2[L0[], L0[]], Eii: L2[L0[], L0[]], put: L2[V2, V3] -> V0 -> V1 -> L2[L7[], L7[]], tr: L7[]
[16:08:22.376030]	Exploring 0: L0[], 1: L0[], Ebi: L2[L0[], L7[]], Eib: L2[L0[], L0[]], Eii: L2[L0[], L0[]], put: L2[V2, V3] -> V0 -> V1 -> L2[L7[], V0], tr: L7[]
[16:08:22.376377]	Exploring 0: L0[], 1: L0[], Ebi: L2[L0[], L7[]], Eib: L2[L0[], L0[]], Eii: L2[L0[], L0[]], put: L2[V2, V3] -> V0 -> V1 -> L2[L7[], V1], tr: L7[]
[16:08:22.376703]	Exploring 0: L0[], 1: L0[], Ebi: L2[L0[], L7[]], Eib: L2[L0[], L0[]], Eii: L2[L0[], L0[]], put: L2[V2, V3] -> V0 -> V1 -> L2[L7[], V2], tr: L7[]
[16:08:22.377013]	Exploring 0: L0[], 1: L0[], Ebi: L2[L0[], L7[]], Eib: L2[L0[], L0[]], Eii: L2[L0[], L0[]], put: L2[V2, V3] -> V0 -> V1 -> L2[L7[], V3], tr: L7[]
[16:08:22.377399]	Exploring 0: L0[], 1: L0[], Ebi: L2[L0[], L7[]], Eib: L2[L0[], L0[]], Eii: L2[L0[], L0[]], put: L2[V2, V3] -> V0 -> V1 -> L2[V0, _9_], tr: L7[]
[16:08:22.377592]	Exploring 0: L0[], 1: L0[], Ebi: L2[L0[], L7[]], Eib: L2[L0[], L0[]], Eii: L2[L0[], L0[]], put: L2[V2, V3] -> V0 -> V1 -> L2[V0, L0[]], tr: L7[]
[16:08:22.378183]	Exploring 0: L0[], 1: L0[], Ebi: L2[L0[], L7[]], Eib: L2[L0[], L0[]], Eii: L2[L0[], L0[]], put: L2[V2, V3] -> V0 -> V1 -> L2[V0, L7[]], tr: L7[]
[16:08:22.378780]	Exploring 0: L0[], 1: L0[], Ebi: L2[L0[], L7[]], Eib: L2[L0[], L0[]], Eii: L2[L0[], L0[]], put: L2[V2, V3] -> V0 -> V1 -> L2[V0, V0], tr: L7[]
[16:08:22.379435]	Exploring 0: L0[], 1: L0[], Ebi: L2[L0[], L7[]], Eib: L2[L0[], L0[]], Eii: L2[L0[], L0[]], put: L2[V2, V3] -> V0 -> V1 -> L2[V0, V1], tr: L7[]
[16:08:22.380051]	Exploring 0: L0[], 1: L0[], Ebi: L2[L0[], L7[]], Eib: L2[L0[], L0[]], Eii: L2[L0[], L0[]], put: L2[V2, V3] -> V0 -> V1 -> L2[V0, V2], tr: L7[]
[16:08:22.380624]	Exploring 0: L0[], 1: L0[], Ebi: L2[L0[], L7[]], Eib: L2[L0[], L0[]], Eii: L2[L0[], L0[]], put: L2[V2, V3] -> V0 -> V1 -> L2[V0, V3], tr: L7[]
[16:08:22.380979]	Exploring 0: L0[], 1: L0[], Ebi: L2[L0[], L7[]], Eib: L2[L0[], L0[]], Eii: L2[L0[], L0[]], put: L2[V2, V3] -> V0 -> V1 -> L2[V1, _9_], tr: L7[]
[16:08:22.381190]	Exploring 0: L0[], 1: L0[], Ebi: L2[L0[], L7[]], Eib: L2[L0[], L0[]], Eii: L2[L0[], L0[]], put: L2[V2, V3] -> V0 -> V1 -> L2[V1, L0[]], tr: L7[]
[16:08:22.381536]	Exploring 0: L0[], 1: L0[], Ebi: L2[L0[], L7[]], Eib: L2[L0[], L0[]], Eii: L2[L0[], L0[]], put: L2[V2, V3] -> V0 -> V1 -> L2[V1, L7[]], tr: L7[]
[16:08:22.381892]	Exploring 0: L0[], 1: L0[], Ebi: L2[L0[], L7[]], Eib: L2[L0[], L0[]], Eii: L2[L0[], L0[]], put: L2[V2, V3] -> V0 -> V1 -> L2[V1, V0], tr: L7[]
[16:08:22.382239]	Exploring 0: L0[], 1: L0[], Ebi: L2[L0[], L7[]], Eib: L2[L0[], L0[]], Eii: L2[L0[], L0[]], put: L2[V2, V3] -> V0 -> V1 -> L2[V1, V1], tr: L7[]
[16:08:22.382577]	Exploring 0: L0[], 1: L0[], Ebi: L2[L0[], L7[]], Eib: L2[L0[], L0[]], Eii: L2[L0[], L0[]], put: L2[V2, V3] -> V0 -> V1 -> L2[V1, V2], tr: L7[]
[16:08:22.382912]	Exploring 0: L0[], 1: L0[], Ebi: L2[L0[], L7[]], Eib: L2[L0[], L0[]], Eii: L2[L0[], L0[]], put: L2[V2, V3] -> V0 -> V1 -> L2[V1, V3], tr: L7[]
[16:08:22.383232]	Exploring 0: L0[], 1: L0[], Ebi: L2[L0[], L7[]], Eib: L2[L0[], L0[]], Eii: L2[L0[], L0[]], put: L2[V2, V3] -> V0 -> V1 -> L2[V2, _9_], tr: L7[]
[16:08:22.383432]	Exploring 0: L0[], 1: L0[], Ebi: L2[L0[], L7[]], Eib: L2[L0[], L0[]], Eii: L2[L0[], L0[]], put: L2[V2, V3] -> V0 -> V1 -> L2[V2, L0[]], tr: L7[]
[16:08:22.383746]	Exploring 0: L0[], 1: L0[], Ebi: L2[L0[], L7[]], Eib: L2[L0[], L0[]], Eii: L2[L0[], L0[]], put: L2[V2, V3] -> V0 -> V1 -> L2[V2, L7[]], tr: L7[]
[16:08:22.384065]	Exploring 0: L0[], 1: L0[], Ebi: L2[L0[], L7[]], Eib: L2[L0[], L0[]], Eii: L2[L0[], L0[]], put: L2[V2, V3] -> V0 -> V1 -> L2[V2, V0], tr: L7[]
[16:08:22.384406]	Exploring 0: L0[], 1: L0[], Ebi: L2[L0[], L7[]], Eib: L2[L0[], L0[]], Eii: L2[L0[], L0[]], put: L2[V2, V3] -> V0 -> V1 -> L2[V2, V1], tr: L7[]
[16:08:22.384741]	Exploring 0: L0[], 1: L0[], Ebi: L2[L0[], L7[]], Eib: L2[L0[], L0[]], Eii: L2[L0[], L0[]], put: L2[V2, V3] -> V0 -> V1 -> L2[V2, V2], tr: L7[]
[16:08:22.385051]	Exploring 0: L0[], 1: L0[], Ebi: L2[L0[], L7[]], Eib: L2[L0[], L0[]], Eii: L2[L0[], L0[]], put: L2[V2, V3] -> V0 -> V1 -> L2[V2, V3], tr: L7[]
[16:08:22.385365]	Exploring 0: L0[], 1: L0[], Ebi: L2[L0[], L7[]], Eib: L2[L0[], L0[]], Eii: L2[L0[], L0[]], put: L2[V2, V3] -> V0 -> V1 -> L2[V3, _9_], tr: L7[]
[16:08:22.385551]	Exploring 0: L0[], 1: L0[], Ebi: L2[L0[], L7[]], Eib: L2[L0[], L0[]], Eii: L2[L0[], L0[]], put: L2[V2, V3] -> V0 -> V1 -> L2[V3, L0[]], tr: L7[]
[16:08:22.385871]	Exploring 0: L0[], 1: L0[], Ebi: L2[L0[], L7[]], Eib: L2[L0[], L0[]], Eii: L2[L0[], L0[]], put: L2[V2, V3] -> V0 -> V1 -> L2[V3, L7[]], tr: L7[]
[16:08:22.386197]	Exploring 0: L0[], 1: L0[], Ebi: L2[L0[], L7[]], Eib: L2[L0[], L0[]], Eii: L2[L0[], L0[]], put: L2[V2, V3] -> V0 -> V1 -> L2[V3, V0], tr: L7[]
[16:08:22.386534]	Exploring 0: L0[], 1: L0[], Ebi: L2[L0[], L7[]], Eib: L2[L0[], L0[]], Eii: L2[L0[], L0[]], put: L2[V2, V3] -> V0 -> V1 -> L2[V3, V1], tr: L7[]
[16:08:22.386861]	Exploring 0: L0[], 1: L0[], Ebi: L2[L0[], L7[]], Eib: L2[L0[], L0[]], Eii: L2[L0[], L0[]], put: L2[V2, V3] -> V0 -> V1 -> L2[V3, V2], tr: L7[]
[16:08:22.387177]	Exploring 0: L0[], 1: L0[], Ebi: L2[L0[], L7[]], Eib: L2[L0[], L0[]], Eii: L2[L0[], L0[]], put: L2[V2, V3] -> V0 -> V1 -> L2[V3, V3], tr: L7[]
[16:08:22.387455]	Exploring 0: L0[], 1: L0[], Ebi: L2[L0[], L7[]], Eib: L2[L0[], L0[]], Eii: L2[L0[], L7[]], put: L2[_6_, _7_] -> V0 -> V1 -> L2[_8_, _9_], tr: L7[]
[16:08:22.387592]	Exploring 0: L0[], 1: L0[], Ebi: L2[L0[], L7[]], Eib: L2[L0[], L0[]], Eii: L2[L0[], L7[]], put: L2[L0[], _7_] -> V0 -> V1 -> L2[_8_, _9_], tr: L7[]
[16:08:22.387796]	Exploring 0: L0[], 1: L0[], Ebi: L2[L0[], L7[]], Eib: L2[L0[], L0[]], Eii: L2[L0[], L7[]], put: L2[L0[], V2] -> V0 -> V1 -> L2[_8_, _9_], tr: L7[]
[16:08:22.387946]	Exploring 0: L0[], 1: L0[], Ebi: L2[L0[], L7[]], Eib: L2[L0[], L0[]], Eii: L2[L0[], L7[]], put: L2[L0[], V2] -> V0 -> V1 -> L2[L0[], _9_], tr: L7[]
[16:08:22.388092]	Exploring 0: L0[], 1: L0[], Ebi: L2[L0[], L7[]], Eib: L2[L0[], L0[]], Eii: L2[L0[], L7[]], put: L2[L0[], V2] -> V0 -> V1 -> L2[L0[], L0[]], tr: L7[]
[16:08:22.388351]	Exploring 0: L0[], 1: L0[], Ebi: L2[L0[], L7[]], Eib: L2[L0[], L0[]], Eii: L2[L0[], L7[]], put: L2[L0[], V2] -> V0 -> V1 -> L2[L0[], L7[]], tr: L7[]
[16:08:22.388618]	Exploring 0: L0[], 1: L0[], Ebi: L2[L0[], L7[]], Eib: L2[L0[], L0[]], Eii: L2[L0[], L7[]], put: L2[L0[], V2] -> V0 -> V1 -> L2[L0[], V0], tr: L7[]
[16:08:22.391601]	Exploring 0: L0[], 1: L0[], Ebi: L2[L0[], L7[]], Eib: L2[L0[], L0[]], Eii: L2[L0[], L7[]], put: L2[L0[], V2] -> V0 -> V1 -> L2[L0[], V1], tr: L7[]
[16:08:22.391923]	Exploring 0: L0[], 1: L0[], Ebi: L2[L0[], L7[]], Eib: L2[L0[], L0[]], Eii: L2[L0[], L7[]], put: L2[L0[], V2] -> V0 -> V1 -> L2[L0[], V2], tr: L7[]
[16:08:22.392314]	Exploring 0: L0[], 1: L0[], Ebi: L2[L0[], L7[]], Eib: L2[L0[], L0[]], Eii: L2[L0[], L7[]], put: L2[V2, _7_] -> V0 -> V1 -> L2[_8_, _9_], tr: L7[]
[16:08:22.392576]	Exploring 0: L0[], 1: L0[], Ebi: L2[L0[], L7[]], Eib: L2[L0[], L0[]], Eii: L2[L0[], L7[]], put: L2[V2, V3] -> V0 -> V1 -> L2[_8_, _9_], tr: L7[]
[16:08:22.392731]	Exploring 0: L0[], 1: L0[], Ebi: L2[L0[], L7[]], Eib: L2[L0[], L0[]], Eii: L2[L0[], L7[]], put: L2[V2, V3] -> V0 -> V1 -> L2[L0[], _9_], tr: L7[]
[16:08:22.392882]	Exploring 0: L0[], 1: L0[], Ebi: L2[L0[], L7[]], Eib: L2[L0[], L0[]], Eii: L2[L0[], L7[]], put: L2[V2, V3] -> V0 -> V1 -> L2[L0[], L0[]], tr: L7[]
[16:08:22.393152]	Exploring 0: L0[], 1: L0[], Ebi: L2[L0[], L7[]], Eib: L2[L0[], L0[]], Eii: L2[L0[], L7[]], put: L2[V2, V3] -> V0 -> V1 -> L2[L0[], L7[]], tr: L7[]
[16:08:22.393440]	Exploring 0: L0[], 1: L0[], Ebi: L2[L0[], L7[]], Eib: L2[L0[], L0[]], Eii: L2[L0[], L7[]], put: L2[V2, V3] -> V0 -> V1 -> L2[L0[], V0], tr: L7[]
[16:08:22.393758]	Exploring 0: L0[], 1: L0[], Ebi: L2[L0[], L7[]], Eib: L2[L0[], L0[]], Eii: L2[L0[], L7[]], put: L2[V2, V3] -> V0 -> V1 -> L2[L0[], V1], tr: L7[]
[16:08:22.394174]	Exploring 0: L0[], 1: L0[], Ebi: L2[L0[], L7[]], Eib: L2[L0[], L0[]], Eii: L2[L0[], L7[]], put: L2[V2, V3] -> V0 -> V1 -> L2[L0[], V2], tr: L7[]
[16:08:22.394701]	Exploring 0: L0[], 1: L0[], Ebi: L2[L0[], L7[]], Eib: L2[L0[], L0[]], Eii: L2[L0[], L7[]], put: L2[V2, V3] -> V0 -> V1 -> L2[L0[], V3], tr: L7[]
[16:08:22.395224]	Exploring 0: L0[], 1: L0[], Ebi: L2[L0[], L7[]], Eib: L2[L0[], L0[]], Eii: L2[L0[], L7[]], put: L2[V2, V3] -> V0 -> V1 -> L2[L7[], _9_], tr: L7[]
[16:08:22.395525]	Exploring 0: L0[], 1: L0[], Ebi: L2[L0[], L7[]], Eib: L2[L0[], L0[]], Eii: L2[L0[], L7[]], put: L2[V2, V3] -> V0 -> V1 -> L2[L7[], L0[]], tr: L7[]
[16:08:22.396005]	Exploring 0: L0[], 1: L0[], Ebi: L2[L0[], L7[]], Eib: L2[L0[], L0[]], Eii: L2[L0[], L7[]], put: L2[V2, V3] -> V0 -> V1 -> L2[L7[], L7[]], tr: L7[]
[16:08:22.396537]	Exploring 0: L0[], 1: L0[], Ebi: L2[L0[], L7[]], Eib: L2[L0[], L0[]], Eii: L2[L0[], L7[]], put: L2[V2, V3] -> V0 -> V1 -> L2[L7[], V0], tr: L7[]
[16:08:22.397034]	Exploring 0: L0[], 1: L0[], Ebi: L2[L0[], L7[]], Eib: L2[L0[], L0[]], Eii: L2[L0[], L7[]], put: L2[V2, V3] -> V0 -> V1 -> L2[L7[], V1], tr: L7[]
[16:08:22.397341]	Exploring 0: L0[], 1: L0[], Ebi: L2[L0[], L7[]], Eib: L2[L0[], L0[]], Eii: L2[L0[], L7[]], put: L2[V2, V3] -> V0 -> V1 -> L2[L7[], V2], tr: L7[]
[16:08:22.397629]	Exploring 0: L0[], 1: L0[], Ebi: L2[L0[], L7[]], Eib: L2[L0[], L0[]], Eii: L2[L0[], L7[]], put: L2[V2, V3] -> V0 -> V1 -> L2[L7[], V3], tr: L7[]
[16:08:22.397954]	Exploring 0: L0[], 1: L0[], Ebi: L2[L0[], L7[]], Eib: L2[L0[], L0[]], Eii: L2[L0[], L7[]], put: L2[V2, V3] -> V0 -> V1 -> L2[V0, _9_], tr: L7[]
[16:08:22.398157]	Exploring 0: L0[], 1: L0[], Ebi: L2[L0[], L7[]], Eib: L2[L0[], L0[]], Eii: L2[L0[], L7[]], put: L2[V2, V3] -> V0 -> V1 -> L2[V0, L0[]], tr: L7[]
[16:08:22.398465]	Exploring 0: L0[], 1: L0[], Ebi: L2[L0[], L7[]], Eib: L2[L0[], L0[]], Eii: L2[L0[], L7[]], put: L2[V2, V3] -> V0 -> V1 -> L2[V0, L7[]], tr: L7[]
[16:08:22.398795]	Exploring 0: L0[], 1: L0[], Ebi: L2[L0[], L7[]], Eib: L2[L0[], L0[]], Eii: L2[L0[], L7[]], put: L2[V2, V3] -> V0 -> V1 -> L2[V0, V0], tr: L7[]
[16:08:22.399109]	Exploring 0: L0[], 1: L0[], Ebi: L2[L0[], L7[]], Eib: L2[L0[], L0[]], Eii: L2[L0[], L7[]], put: L2[V2, V3] -> V0 -> V1 -> L2[V0, V1], tr: L7[]
[16:08:22.399435]	Exploring 0: L0[], 1: L0[], Ebi: L2[L0[], L7[]], Eib: L2[L0[], L0[]], Eii: L2[L0[], L7[]], put: L2[V2, V3] -> V0 -> V1 -> L2[V0, V2], tr: L7[]
[16:08:22.399745]	Exploring 0: L0[], 1: L0[], Ebi: L2[L0[], L7[]], Eib: L2[L0[], L0[]], Eii: L2[L0[], L7[]], put: L2[V2, V3] -> V0 -> V1 -> L2[V0, V3], tr: L7[]
[16:08:22.400126]	Exploring 0: L0[], 1: L0[], Ebi: L2[L0[], L7[]], Eib: L2[L0[], L0[]], Eii: L2[L0[], L7[]], put: L2[V2, V3] -> V0 -> V1 -> L2[V1, _9_], tr: L7[]
[16:08:22.400349]	Exploring 0: L0[], 1: L0[], Ebi: L2[L0[], L7[]], Eib: L2[L0[], L0[]], Eii: L2[L0[], L7[]], put: L2[V2, V3] -> V0 -> V1 -> L2[V1, L0[]], tr: L7[]
[16:08:22.400672]	Exploring 0: L0[], 1: L0[], Ebi: L2[L0[], L7[]], Eib: L2[L0[], L0[]], Eii: L2[L0[], L7[]], put: L2[V2, V3] -> V0 -> V1 -> L2[V1, L7[]], tr: L7[]
[16:08:22.400985]	Exploring 0: L0[], 1: L0[], Ebi: L2[L0[], L7[]], Eib: L2[L0[], L0[]], Eii: L2[L0[], L7[]], put: L2[V2, V3] -> V0 -> V1 -> L2[V1, V0], tr: L7[]
[16:08:22.401329]	Exploring 0: L0[], 1: L0[], Ebi: L2[L0[], L7[]], Eib: L2[L0[], L0[]], Eii: L2[L0[], L7[]], put: L2[V2, V3] -> V0 -> V1 -> L2[V1, V1], tr: L7[]
[16:08:22.401642]	Exploring 0: L0[], 1: L0[], Ebi: L2[L0[], L7[]], Eib: L2[L0[], L0[]], Eii: L2[L0[], L7[]], put: L2[V2, V3] -> V0 -> V1 -> L2[V1, V2], tr: L7[]
[16:08:22.401947]	Exploring 0: L0[], 1: L0[], Ebi: L2[L0[], L7[]], Eib: L2[L0[], L0[]], Eii: L2[L0[], L7[]], put: L2[V2, V3] -> V0 -> V1 -> L2[V1, V3], tr: L7[]
[16:08:22.402253]	Exploring 0: L0[], 1: L0[], Ebi: L2[L0[], L7[]], Eib: L2[L0[], L0[]], Eii: L2[L0[], L7[]], put: L2[V2, V3] -> V0 -> V1 -> L2[V2, _9_], tr: L7[]
[16:08:22.402453]	Exploring 0: L0[], 1: L0[], Ebi: L2[L0[], L7[]], Eib: L2[L0[], L0[]], Eii: L2[L0[], L7[]], put: L2[V2, V3] -> V0 -> V1 -> L2[V2, L0[]], tr: L7[]
[16:08:22.402734]	Exploring 0: L0[], 1: L0[], Ebi: L2[L0[], L7[]], Eib: L2[L0[], L0[]], Eii: L2[L0[], L7[]], put: L2[V2, V3] -> V0 -> V1 -> L2[V2, L7[]], tr: L7[]
[16:08:22.403025]	Exploring 0: L0[], 1: L0[], Ebi: L2[L0[], L7[]], Eib: L2[L0[], L0[]], Eii: L2[L0[], L7[]], put: L2[V2, V3] -> V0 -> V1 -> L2[V2, V0], tr: L7[]
[16:08:22.403376]	Exploring 0: L0[], 1: L0[], Ebi: L2[L0[], L7[]], Eib: L2[L0[], L0[]], Eii: L2[L0[], L7[]], put: L2[V2, V3] -> V0 -> V1 -> L2[V2, V1], tr: L7[]
[16:08:22.403779]	Exploring 0: L0[], 1: L0[], Ebi: L2[L0[], L7[]], Eib: L2[L0[], L0[]], Eii: L2[L0[], L7[]], put: L2[V2, V3] -> V0 -> V1 -> L2[V2, V2], tr: L7[]
[16:08:22.404155]	Exploring 0: L0[], 1: L0[], Ebi: L2[L0[], L7[]], Eib: L2[L0[], L0[]], Eii: L2[L0[], L7[]], put: L2[V2, V3] -> V0 -> V1 -> L2[V2, V3], tr: L7[]
[16:08:22.404512]	Exploring 0: L0[], 1: L0[], Ebi: L2[L0[], L7[]], Eib: L2[L0[], L0[]], Eii: L2[L0[], L7[]], put: L2[V2, V3] -> V0 -> V1 -> L2[V3, _9_], tr: L7[]
[16:08:22.404775]	Exploring 0: L0[], 1: L0[], Ebi: L2[L0[], L7[]], Eib: L2[L0[], L0[]], Eii: L2[L0[], L7[]], put: L2[V2, V3] -> V0 -> V1 -> L2[V3, L0[]], tr: L7[]
[16:08:22.405132]	Exploring 0: L0[], 1: L0[], Ebi: L2[L0[], L7[]], Eib: L2[L0[], L0[]], Eii: L2[L0[], L7[]], put: L2[V2, V3] -> V0 -> V1 -> L2[V3, L7[]], tr: L7[]
[16:08:22.405459]	Exploring 0: L0[], 1: L0[], Ebi: L2[L0[], L7[]], Eib: L2[L0[], L0[]], Eii: L2[L0[], L7[]], put: L2[V2, V3] -> V0 -> V1 -> L2[V3, V0], tr: L7[]
[16:08:22.405769]	Exploring 0: L0[], 1: L0[], Ebi: L2[L0[], L7[]], Eib: L2[L0[], L0[]], Eii: L2[L0[], L7[]], put: L2[V2, V3] -> V0 -> V1 -> L2[V3, V1], tr: L7[]
[16:08:22.406071]	Exploring 0: L0[], 1: L0[], Ebi: L2[L0[], L7[]], Eib: L2[L0[], L0[]], Eii: L2[L0[], L7[]], put: L2[V2, V3] -> V0 -> V1 -> L2[V3, V2], tr: L7[]
[16:08:22.406388]	Exploring 0: L0[], 1: L0[], Ebi: L2[L0[], L7[]], Eib: L2[L0[], L0[]], Eii: L2[L0[], L7[]], put: L2[V2, V3] -> V0 -> V1 -> L2[V3, V3], tr: L7[]
[16:08:22.406633]	Exploring 0: L0[], 1: L0[], Ebi: L2[L0[], L7[]], Eib: L2[L0[], L0[]], Eii: L2[L7[], _5_], put: L2[_6_, _7_] -> V0 -> V1 -> L2[_8_, _9_], tr: L7[]
[16:08:22.406731]	Exploring 0: L0[], 1: L0[], Ebi: L2[L0[], L7[]], Eib: L2[L0[], L0[]], Eii: L2[L7[], L0[]], put: L2[_6_, _7_] -> V0 -> V1 -> L2[_8_, _9_], tr: L7[]
[16:08:22.406909]	Exploring 0: L0[], 1: L0[], Ebi: L2[L0[], L7[]], Eib: L2[L0[], L0[]], Eii: L2[L7[], L0[]], put: L2[V2, _7_] -> V0 -> V1 -> L2[_8_, _9_], tr: L7[]
[16:08:22.407052]	Exploring 0: L0[], 1: L0[], Ebi: L2[L0[], L7[]], Eib: L2[L0[], L0[]], Eii: L2[L7[], L0[]], put: L2[V2, V0] -> V0 -> V1 -> L2[_8_, _9_], tr: L7[]
[16:08:22.407215]	Exploring 0: L0[], 1: L0[], Ebi: L2[L0[], L7[]], Eib: L2[L0[], L0[]], Eii: L2[L7[], L0[]], put: L2[V2, V0] -> V0 -> V1 -> L2[L0[], _9_], tr: L7[]
[16:08:22.407374]	Exploring 0: L0[], 1: L0[], Ebi: L2[L0[], L7[]], Eib: L2[L0[], L0[]], Eii: L2[L7[], L0[]], put: L2[V2, V0] -> V0 -> V1 -> L2[L0[], V0], tr: L7[]
[16:08:22.407715]	Exploring 0: L0[], 1: L0[], Ebi: L2[L0[], L7[]], Eib: L2[L0[], L0[]], Eii: L2[L7[], L0[]], put: L2[V2, V0] -> V0 -> V1 -> L2[L7[], _9_], tr: L7[]
[16:08:22.407873]	Exploring 0: L0[], 1: L0[], Ebi: L2[L0[], L7[]], Eib: L2[L0[], L0[]], Eii: L2[L7[], L0[]], put: L2[V2, V0] -> V0 -> V1 -> L2[L7[], V0], tr: L7[]
[16:08:22.408205]	Exploring 0: L0[], 1: L0[], Ebi: L2[L0[], L7[]], Eib: L2[L0[], L0[]], Eii: L2[L7[], L0[]], put: L2[V2, V0] -> V0 -> V1 -> L2[V0, _9_], tr: L7[]
[16:08:22.408354]	Exploring 0: L0[], 1: L0[], Ebi: L2[L0[], L7[]], Eib: L2[L0[], L0[]], Eii: L2[L7[], L0[]], put: L2[V2, V0] -> V0 -> V1 -> L2[V0, V0], tr: L7[]
[16:08:22.408677]	Exploring 0: L0[], 1: L0[], Ebi: L2[L0[], L7[]], Eib: L2[L0[], L0[]], Eii: L2[L7[], L0[]], put: L2[V2, V0] -> V0 -> V1 -> L2[V1, _9_], tr: L7[]
[16:08:22.408827]	Exploring 0: L0[], 1: L0[], Ebi: L2[L0[], L7[]], Eib: L2[L0[], L0[]], Eii: L2[L7[], L0[]], put: L2[V2, V0] -> V0 -> V1 -> L2[V1, V0], tr: L7[]
[16:08:22.409144]	Exploring 0: L0[], 1: L0[], Ebi: L2[L0[], L7[]], Eib: L2[L0[], L0[]], Eii: L2[L7[], L0[]], put: L2[V2, V0] -> V0 -> V1 -> L2[V2, _9_], tr: L7[]
[16:08:22.409295]	Exploring 0: L0[], 1: L0[], Ebi: L2[L0[], L7[]], Eib: L2[L0[], L0[]], Eii: L2[L7[], L0[]], put: L2[V2, V0] -> V0 -> V1 -> L2[V2, V0], tr: L7[]
[16:08:22.409653]	Exploring 0: L0[], 1: L0[], Ebi: L2[L0[], L7[]], Eib: L2[L0[], L0[]], Eii: L2[L7[], L0[]], put: L2[V2, V3] -> V0 -> V1 -> L2[_8_, _9_], tr: L7[]
[16:08:22.409799]	Exploring 0: L0[], 1: L0[], Ebi: L2[L0[], L7[]], Eib: L2[L0[], L0[]], Eii: L2[L7[], L0[]], put: L2[V2, V3] -> V0 -> V1 -> L2[L0[], _9_], tr: L7[]
[16:08:22.409948]	Exploring 0: L0[], 1: L0[], Ebi: L2[L0[], L7[]], Eib: L2[L0[], L0[]], Eii: L2[L7[], L0[]], put: L2[V2, V3] -> V0 -> V1 -> L2[L0[], L0[]], tr: L7[]
[16:08:22.410222]	Exploring 0: L0[], 1: L0[], Ebi: L2[L0[], L7[]], Eib: L2[L0[], L0[]], Eii: L2[L7[], L0[]], put: L2[V2, V3] -> V0 -> V1 -> L2[L0[], L7[]], tr: L7[]
[16:08:22.410526]	Exploring 0: L0[], 1: L0[], Ebi: L2[L0[], L7[]], Eib: L2[L0[], L0[]], Eii: L2[L7[], L0[]], put: L2[V2, V3] -> V0 -> V1 -> L2[L0[], V0], tr: L7[]
[16:08:22.410844]	Exploring 0: L0[], 1: L0[], Ebi: L2[L0[], L7[]], Eib: L2[L0[], L0[]], Eii: L2[L7[], L0[]], put: L2[V2, V3] -> V0 -> V1 -> L2[L0[], V1], tr: L7[]
[16:08:22.411143]	Exploring 0: L0[], 1: L0[], Ebi: L2[L0[], L7[]], Eib: L2[L0[], L0[]], Eii: L2[L7[], L0[]], put: L2[V2, V3] -> V0 -> V1 -> L2[L0[], V2], tr: L7[]
[16:08:22.411449]	Exploring 0: L0[], 1: L0[], Ebi: L2[L0[], L7[]], Eib: L2[L0[], L0[]], Eii: L2[L7[], L0[]], put: L2[V2, V3] -> V0 -> V1 -> L2[L0[], V3], tr: L7[]
[16:08:22.411748]	Exploring 0: L0[], 1: L0[], Ebi: L2[L0[], L7[]], Eib: L2[L0[], L0[]], Eii: L2[L7[], L0[]], put: L2[V2, V3] -> V0 -> V1 -> L2[L7[], _9_], tr: L7[]
[16:08:22.411919]	Exploring 0: L0[], 1: L0[], Ebi: L2[L0[], L7[]], Eib: L2[L0[], L0[]], Eii: L2[L7[], L0[]], put: L2[V2, V3] -> V0 -> V1 -> L2[L7[], L0[]], tr: L7[]
[16:08:22.412183]	Exploring 0: L0[], 1: L0[], Ebi: L2[L0[], L7[]], Eib: L2[L0[], L0[]], Eii: L2[L7[], L0[]], put: L2[V2, V3] -> V0 -> V1 -> L2[L7[], L7[]], tr: L7[]
[16:08:22.412475]	Exploring 0: L0[], 1: L0[], Ebi: L2[L0[], L7[]], Eib: L2[L0[], L0[]], Eii: L2[L7[], L0[]], put: L2[V2, V3] -> V0 -> V1 -> L2[L7[], V0], tr: L7[]
[16:08:22.412793]	Exploring 0: L0[], 1: L0[], Ebi: L2[L0[], L7[]], Eib: L2[L0[], L0[]], Eii: L2[L7[], L0[]], put: L2[V2, V3] -> V0 -> V1 -> L2[L7[], V1], tr: L7[]
[16:08:22.413113]	Exploring 0: L0[], 1: L0[], Ebi: L2[L0[], L7[]], Eib: L2[L0[], L0[]], Eii: L2[L7[], L0[]], put: L2[V2, V3] -> V0 -> V1 -> L2[L7[], V2], tr: L7[]
[16:08:22.413424]	Exploring 0: L0[], 1: L0[], Ebi: L2[L0[], L7[]], Eib: L2[L0[], L0[]], Eii: L2[L7[], L0[]], put: L2[V2, V3] -> V0 -> V1 -> L2[L7[], V3], tr: L7[]
[16:08:22.413748]	Exploring 0: L0[], 1: L0[], Ebi: L2[L0[], L7[]], Eib: L2[L0[], L0[]], Eii: L2[L7[], L0[]], put: L2[V2, V3] -> V0 -> V1 -> L2[V0, _9_], tr: L7[]
[16:08:22.413941]	Exploring 0: L0[], 1: L0[], Ebi: L2[L0[], L7[]], Eib: L2[L0[], L0[]], Eii: L2[L7[], L0[]], put: L2[V2, V3] -> V0 -> V1 -> L2[V0, L0[]], tr: L7[]
[16:08:22.414250]	Exploring 0: L0[], 1: L0[], Ebi: L2[L0[], L7[]], Eib: L2[L0[], L0[]], Eii: L2[L7[], L0[]], put: L2[V2, V3] -> V0 -> V1 -> L2[V0, L7[]], tr: L7[]
[16:08:22.414598]	Exploring 0: L0[], 1: L0[], Ebi: L2[L0[], L7[]], Eib: L2[L0[], L0[]], Eii: L2[L7[], L0[]], put: L2[V2, V3] -> V0 -> V1 -> L2[V0, V0], tr: L7[]
[16:08:22.414907]	Exploring 0: L0[], 1: L0[], Ebi: L2[L0[], L7[]], Eib: L2[L0[], L0[]], Eii: L2[L7[], L0[]], put: L2[V2, V3] -> V0 -> V1 -> L2[V0, V1], tr: L7[]
[16:08:22.415214]	Exploring 0: L0[], 1: L0[], Ebi: L2[L0[], L7[]], Eib: L2[L0[], L0[]], Eii: L2[L7[], L0[]], put: L2[V2, V3] -> V0 -> V1 -> L2[V0, V2], tr: L7[]
[16:08:22.415545]	Exploring 0: L0[], 1: L0[], Ebi: L2[L0[], L7[]], Eib: L2[L0[], L0[]], Eii: L2[L7[], L0[]], put: L2[V2, V3] -> V0 -> V1 -> L2[V0, V3], tr: L7[]
[16:08:22.415956]	Exploring 0: L0[], 1: L0[], Ebi: L2[L0[], L7[]], Eib: L2[L0[], L0[]], Eii: L2[L7[], L0[]], put: L2[V2, V3] -> V0 -> V1 -> L2[V1, _9_], tr: L7[]
[16:08:22.416187]	Exploring 0: L0[], 1: L0[], Ebi: L2[L0[], L7[]], Eib: L2[L0[], L0[]], Eii: L2[L7[], L0[]], put: L2[V2, V3] -> V0 -> V1 -> L2[V1, L0[]], tr: L7[]
[16:08:22.416502]	Exploring 0: L0[], 1: L0[], Ebi: L2[L0[], L7[]], Eib: L2[L0[], L0[]], Eii: L2[L7[], L0[]], put: L2[V2, V3] -> V0 -> V1 -> L2[V1, L7[]], tr: L7[]
[16:08:22.416815]	Exploring 0: L0[], 1: L0[], Ebi: L2[L0[], L7[]], Eib: L2[L0[], L0[]], Eii: L2[L7[], L0[]], put: L2[V2, V3] -> V0 -> V1 -> L2[V1, V0], tr: L7[]
[16:08:22.417125]	Exploring 0: L0[], 1: L0[], Ebi: L2[L0[], L7[]], Eib: L2[L0[], L0[]], Eii: L2[L7[], L0[]], put: L2[V2, V3] -> V0 -> V1 -> L2[V1, V1], tr: L7[]
[16:08:22.417431]	Exploring 0: L0[], 1: L0[], Ebi: L2[L0[], L7[]], Eib: L2[L0[], L0[]], Eii: L2[L7[], L0[]], put: L2[V2, V3] -> V0 -> V1 -> L2[V1, V2], tr: L7[]
[16:08:22.417735]	Exploring 0: L0[], 1: L0[], Ebi: L2[L0[], L7[]], Eib: L2[L0[], L0[]], Eii: L2[L7[], L0[]], put: L2[V2, V3] -> V0 -> V1 -> L2[V1, V3], tr: L7[]
[16:08:22.418021]	Exploring 0: L0[], 1: L0[], Ebi: L2[L0[], L7[]], Eib: L2[L0[], L0[]], Eii: L2[L7[], L0[]], put: L2[V2, V3] -> V0 -> V1 -> L2[V2, _9_], tr: L7[]
[16:08:22.418181]	Exploring 0: L0[], 1: L0[], Ebi: L2[L0[], L7[]], Eib: L2[L0[], L0[]], Eii: L2[L7[], L0[]], put: L2[V2, V3] -> V0 -> V1 -> L2[V2, L0[]], tr: L7[]
[16:08:22.418462]	Exploring 0: L0[], 1: L0[], Ebi: L2[L0[], L7[]], Eib: L2[L0[], L0[]], Eii: L2[L7[], L0[]], put: L2[V2, V3] -> V0 -> V1 -> L2[V2, L7[]], tr: L7[]
[16:08:22.418757]	Exploring 0: L0[], 1: L0[], Ebi: L2[L0[], L7[]], Eib: L2[L0[], L0[]], Eii: L2[L7[], L0[]], put: L2[V2, V3] -> V0 -> V1 -> L2[V2, V0], tr: L7[]
[16:08:22.419120]	Exploring 0: L0[], 1: L0[], Ebi: L2[L0[], L7[]], Eib: L2[L0[], L0[]], Eii: L2[L7[], L0[]], put: L2[V2, V3] -> V0 -> V1 -> L2[V2, V1], tr: L7[]
[16:08:22.419543]	Exploring 0: L0[], 1: L0[], Ebi: L2[L0[], L7[]], Eib: L2[L0[], L0[]], Eii: L2[L7[], L0[]], put: L2[V2, V3] -> V0 -> V1 -> L2[V2, V2], tr: L7[]
[16:08:22.419977]	Exploring 0: L0[], 1: L0[], Ebi: L2[L0[], L7[]], Eib: L2[L0[], L0[]], Eii: L2[L7[], L0[]], put: L2[V2, V3] -> V0 -> V1 -> L2[V2, V3], tr: L7[]
[16:08:22.420473]	Exploring 0: L0[], 1: L0[], Ebi: L2[L0[], L7[]], Eib: L2[L0[], L0[]], Eii: L2[L7[], L0[]], put: L2[V2, V3] -> V0 -> V1 -> L2[V3, _9_], tr: L7[]
[16:08:22.420786]	Exploring 0: L0[], 1: L0[], Ebi: L2[L0[], L7[]], Eib: L2[L0[], L0[]], Eii: L2[L7[], L0[]], put: L2[V2, V3] -> V0 -> V1 -> L2[V3, L0[]], tr: L7[]
[16:08:22.421229]	Exploring 0: L0[], 1: L0[], Ebi: L2[L0[], L7[]], Eib: L2[L0[], L0[]], Eii: L2[L7[], L0[]], put: L2[V2, V3] -> V0 -> V1 -> L2[V3, L7[]], tr: L7[]
[16:08:22.421656]	Exploring 0: L0[], 1: L0[], Ebi: L2[L0[], L7[]], Eib: L2[L0[], L0[]], Eii: L2[L7[], L0[]], put: L2[V2, V3] -> V0 -> V1 -> L2[V3, V0], tr: L7[]
[16:08:22.422100]	Exploring 0: L0[], 1: L0[], Ebi: L2[L0[], L7[]], Eib: L2[L0[], L0[]], Eii: L2[L7[], L0[]], put: L2[V2, V3] -> V0 -> V1 -> L2[V3, V1], tr: L7[]
[16:08:22.422541]	Exploring 0: L0[], 1: L0[], Ebi: L2[L0[], L7[]], Eib: L2[L0[], L0[]], Eii: L2[L7[], L0[]], put: L2[V2, V3] -> V0 -> V1 -> L2[V3, V2], tr: L7[]
[16:08:22.422952]	Exploring 0: L0[], 1: L0[], Ebi: L2[L0[], L7[]], Eib: L2[L0[], L0[]], Eii: L2[L7[], L0[]], put: L2[V2, V3] -> V0 -> V1 -> L2[V3, V3], tr: L7[]
[16:08:22.423309]	Exploring 0: L0[], 1: L0[], Ebi: L2[L0[], L7[]], Eib: L2[L0[], L0[]], Eii: L2[L7[], L7[]], put: L2[_6_, _7_] -> V0 -> V1 -> L2[_8_, _9_], tr: L7[]
[16:08:22.423594]	Exploring 0: L0[], 1: L0[], Ebi: L2[L0[], L7[]], Eib: L2[L0[], L0[]], Eii: L2[L7[], L7[]], put: L2[V2, _7_] -> V0 -> V1 -> L2[_8_, _9_], tr: L7[]
[16:08:22.423949]	Exploring 0: L0[], 1: L0[], Ebi: L2[L0[], L7[]], Eib: L2[L0[], L0[]], Eii: L2[L7[], L7[]], put: L2[V2, V3] -> V0 -> V1 -> L2[_8_, _9_], tr: L7[]
[16:08:22.424226]	Exploring 0: L0[], 1: L0[], Ebi: L2[L0[], L7[]], Eib: L2[L0[], L0[]], Eii: L2[L7[], L7[]], put: L2[V2, V3] -> V0 -> V1 -> L2[L0[], _9_], tr: L7[]
[16:08:22.424524]	Exploring 0: L0[], 1: L0[], Ebi: L2[L0[], L7[]], Eib: L2[L0[], L0[]], Eii: L2[L7[], L7[]], put: L2[V2, V3] -> V0 -> V1 -> L2[L0[], L0[]], tr: L7[]
[16:08:22.424951]	Exploring 0: L0[], 1: L0[], Ebi: L2[L0[], L7[]], Eib: L2[L0[], L0[]], Eii: L2[L7[], L7[]], put: L2[V2, V3] -> V0 -> V1 -> L2[L0[], L7[]], tr: L7[]
[16:08:22.425365]	Exploring 0: L0[], 1: L0[], Ebi: L2[L0[], L7[]], Eib: L2[L0[], L0[]], Eii: L2[L7[], L7[]], put: L2[V2, V3] -> V0 -> V1 -> L2[L0[], V0], tr: L7[]
[16:08:22.425705]	Exploring 0: L0[], 1: L0[], Ebi: L2[L0[], L7[]], Eib: L2[L0[], L0[]], Eii: L2[L7[], L7[]], put: L2[V2, V3] -> V0 -> V1 -> L2[L0[], V1], tr: L7[]
[16:08:22.426030]	Exploring 0: L0[], 1: L0[], Ebi: L2[L0[], L7[]], Eib: L2[L0[], L0[]], Eii: L2[L7[], L7[]], put: L2[V2, V3] -> V0 -> V1 -> L2[L0[], V2], tr: L7[]
[16:08:22.426370]	Exploring 0: L0[], 1: L0[], Ebi: L2[L0[], L7[]], Eib: L2[L0[], L0[]], Eii: L2[L7[], L7[]], put: L2[V2, V3] -> V0 -> V1 -> L2[L0[], V3], tr: L7[]
[16:08:22.426693]	Exploring 0: L0[], 1: L0[], Ebi: L2[L0[], L7[]], Eib: L2[L0[], L0[]], Eii: L2[L7[], L7[]], put: L2[V2, V3] -> V0 -> V1 -> L2[L7[], _9_], tr: L7[]
[16:08:22.426917]	Exploring 0: L0[], 1: L0[], Ebi: L2[L0[], L7[]], Eib: L2[L0[], L0[]], Eii: L2[L7[], L7[]], put: L2[V2, V3] -> V0 -> V1 -> L2[L7[], L0[]], tr: L7[]
[16:08:22.427195]	Exploring 0: L0[], 1: L0[], Ebi: L2[L0[], L7[]], Eib: L2[L0[], L0[]], Eii: L2[L7[], L7[]], put: L2[V2, V3] -> V0 -> V1 -> L2[L7[], L7[]], tr: L7[]
[16:08:22.427529]	Exploring 0: L0[], 1: L0[], Ebi: L2[L0[], L7[]], Eib: L2[L0[], L0[]], Eii: L2[L7[], L7[]], put: L2[V2, V3] -> V0 -> V1 -> L2[L7[], V0], tr: L7[]
[16:08:22.427905]	Exploring 0: L0[], 1: L0[], Ebi: L2[L0[], L7[]], Eib: L2[L0[], L0[]], Eii: L2[L7[], L7[]], put: L2[V2, V3] -> V0 -> V1 -> L2[L7[], V1], tr: L7[]
[16:08:22.428294]	Exploring 0: L0[], 1: L0[], Ebi: L2[L0[], L7[]], Eib: L2[L0[], L0[]], Eii: L2[L7[], L7[]], put: L2[V2, V3] -> V0 -> V1 -> L2[L7[], V2], tr: L7[]
[16:08:22.428618]	Exploring 0: L0[], 1: L0[], Ebi: L2[L0[], L7[]], Eib: L2[L0[], L0[]], Eii: L2[L7[], L7[]], put: L2[V2, V3] -> V0 -> V1 -> L2[L7[], V3], tr: L7[]
[16:08:22.428931]	Exploring 0: L0[], 1: L0[], Ebi: L2[L0[], L7[]], Eib: L2[L0[], L0[]], Eii: L2[L7[], L7[]], put: L2[V2, V3] -> V0 -> V1 -> L2[V0, _9_], tr: L7[]
[16:08:22.429176]	Exploring 0: L0[], 1: L0[], Ebi: L2[L0[], L7[]], Eib: L2[L0[], L0[]], Eii: L2[L7[], L7[]], put: L2[V2, V3] -> V0 -> V1 -> L2[V0, L0[]], tr: L7[]
[16:08:22.429523]	Exploring 0: L0[], 1: L0[], Ebi: L2[L0[], L7[]], Eib: L2[L0[], L0[]], Eii: L2[L7[], L7[]], put: L2[V2, V3] -> V0 -> V1 -> L2[V0, L7[]], tr: L7[]
[16:08:22.429878]	Exploring 0: L0[], 1: L0[], Ebi: L2[L0[], L7[]], Eib: L2[L0[], L0[]], Eii: L2[L7[], L7[]], put: L2[V2, V3] -> V0 -> V1 -> L2[V0, V0], tr: L7[]
[16:08:22.430225]	Exploring 0: L0[], 1: L0[], Ebi: L2[L0[], L7[]], Eib: L2[L0[], L0[]], Eii: L2[L7[], L7[]], put: L2[V2, V3] -> V0 -> V1 -> L2[V0, V1], tr: L7[]
[16:08:22.430577]	Exploring 0: L0[], 1: L0[], Ebi: L2[L0[], L7[]], Eib: L2[L0[], L0[]], Eii: L2[L7[], L7[]], put: L2[V2, V3] -> V0 -> V1 -> L2[V0, V2], tr: L7[]
[16:08:22.430917]	Exploring 0: L0[], 1: L0[], Ebi: L2[L0[], L7[]], Eib: L2[L0[], L0[]], Eii: L2[L7[], L7[]], put: L2[V2, V3] -> V0 -> V1 -> L2[V0, V3], tr: L7[]
[16:08:22.431248]	Exploring 0: L0[], 1: L0[], Ebi: L2[L0[], L7[]], Eib: L2[L0[], L0[]], Eii: L2[L7[], L7[]], put: L2[V2, V3] -> V0 -> V1 -> L2[V1, _9_], tr: L7[]
[16:08:22.431488]	Exploring 0: L0[], 1: L0[], Ebi: L2[L0[], L7[]], Eib: L2[L0[], L0[]], Eii: L2[L7[], L7[]], put: L2[V2, V3] -> V0 -> V1 -> L2[V1, L0[]], tr: L7[]
[16:08:22.431823]	Exploring 0: L0[], 1: L0[], Ebi: L2[L0[], L7[]], Eib: L2[L0[], L0[]], Eii: L2[L7[], L7[]], put: L2[V2, V3] -> V0 -> V1 -> L2[V1, L7[]], tr: L7[]
[16:08:22.432156]	Exploring 0: L0[], 1: L0[], Ebi: L2[L0[], L7[]], Eib: L2[L0[], L0[]], Eii: L2[L7[], L7[]], put: L2[V2, V3] -> V0 -> V1 -> L2[V1, V0], tr: L7[]
[16:08:22.432480]	Exploring 0: L0[], 1: L0[], Ebi: L2[L0[], L7[]], Eib: L2[L0[], L0[]], Eii: L2[L7[], L7[]], put: L2[V2, V3] -> V0 -> V1 -> L2[V1, V1], tr: L7[]
[16:08:22.432809]	Exploring 0: L0[], 1: L0[], Ebi: L2[L0[], L7[]], Eib: L2[L0[], L0[]], Eii: L2[L7[], L7[]], put: L2[V2, V3] -> V0 -> V1 -> L2[V1, V2], tr: L7[]
[16:08:22.433126]	Exploring 0: L0[], 1: L0[], Ebi: L2[L0[], L7[]], Eib: L2[L0[], L0[]], Eii: L2[L7[], L7[]], put: L2[V2, V3] -> V0 -> V1 -> L2[V1, V3], tr: L7[]
[16:08:22.433474]	Exploring 0: L0[], 1: L0[], Ebi: L2[L0[], L7[]], Eib: L2[L0[], L0[]], Eii: L2[L7[], L7[]], put: L2[V2, V3] -> V0 -> V1 -> L2[V2, _9_], tr: L7[]
[16:08:22.433694]	Exploring 0: L0[], 1: L0[], Ebi: L2[L0[], L7[]], Eib: L2[L0[], L0[]], Eii: L2[L7[], L7[]], put: L2[V2, V3] -> V0 -> V1 -> L2[V2, L0[]], tr: L7[]
[16:08:22.434007]	Exploring 0: L0[], 1: L0[], Ebi: L2[L0[], L7[]], Eib: L2[L0[], L0[]], Eii: L2[L7[], L7[]], put: L2[V2, V3] -> V0 -> V1 -> L2[V2, L7[]], tr: L7[]
[16:08:22.434330]	Exploring 0: L0[], 1: L0[], Ebi: L2[L0[], L7[]], Eib: L2[L0[], L0[]], Eii: L2[L7[], L7[]], put: L2[V2, V3] -> V0 -> V1 -> L2[V2, V0], tr: L7[]
[16:08:22.434656]	Exploring 0: L0[], 1: L0[], Ebi: L2[L0[], L7[]], Eib: L2[L0[], L0[]], Eii: L2[L7[], L7[]], put: L2[V2, V3] -> V0 -> V1 -> L2[V2, V1], tr: L7[]
[16:08:22.434970]	Exploring 0: L0[], 1: L0[], Ebi: L2[L0[], L7[]], Eib: L2[L0[], L0[]], Eii: L2[L7[], L7[]], put: L2[V2, V3] -> V0 -> V1 -> L2[V2, V2], tr: L7[]
[16:08:22.435268]	Exploring 0: L0[], 1: L0[], Ebi: L2[L0[], L7[]], Eib: L2[L0[], L0[]], Eii: L2[L7[], L7[]], put: L2[V2, V3] -> V0 -> V1 -> L2[V2, V3], tr: L7[]
[16:08:22.435629]	Exploring 0: L0[], 1: L0[], Ebi: L2[L0[], L7[]], Eib: L2[L0[], L0[]], Eii: L2[L7[], L7[]], put: L2[V2, V3] -> V0 -> V1 -> L2[V3, _9_], tr: L7[]
[16:08:22.435884]	Exploring 0: L0[], 1: L0[], Ebi: L2[L0[], L7[]], Eib: L2[L0[], L0[]], Eii: L2[L7[], L7[]], put: L2[V2, V3] -> V0 -> V1 -> L2[V3, L0[]], tr: L7[]
[16:08:22.436227]	Exploring 0: L0[], 1: L0[], Ebi: L2[L0[], L7[]], Eib: L2[L0[], L0[]], Eii: L2[L7[], L7[]], put: L2[V2, V3] -> V0 -> V1 -> L2[V3, L7[]], tr: L7[]
[16:08:22.436565]	Exploring 0: L0[], 1: L0[], Ebi: L2[L0[], L7[]], Eib: L2[L0[], L0[]], Eii: L2[L7[], L7[]], put: L2[V2, V3] -> V0 -> V1 -> L2[V3, V0], tr: L7[]
[16:08:22.436918]	Exploring 0: L0[], 1: L0[], Ebi: L2[L0[], L7[]], Eib: L2[L0[], L0[]], Eii: L2[L7[], L7[]], put: L2[V2, V3] -> V0 -> V1 -> L2[V3, V1], tr: L7[]
[16:08:22.437251]	Exploring 0: L0[], 1: L0[], Ebi: L2[L0[], L7[]], Eib: L2[L0[], L0[]], Eii: L2[L7[], L7[]], put: L2[V2, V3] -> V0 -> V1 -> L2[V3, V2], tr: L7[]
[16:08:22.437608]	Exploring 0: L0[], 1: L0[], Ebi: L2[L0[], L7[]], Eib: L2[L0[], L0[]], Eii: L2[L7[], L7[]], put: L2[V2, V3] -> V0 -> V1 -> L2[V3, V3], tr: L7[]
[16:08:22.437934]	Exploring 0: L0[], 1: L0[], Ebi: L2[L0[], L7[]], Eib: L2[L0[], L7[]], Eii: L2[_4_, _5_], put: L2[_6_, _7_] -> V0 -> V1 -> L2[_8_, _9_], tr: L7[]
[16:08:22.438057]	Exploring 0: L0[], 1: L0[], Ebi: L2[L0[], L7[]], Eib: L2[L0[], L7[]], Eii: L2[L0[], _5_], put: L2[_6_, _7_] -> V0 -> V1 -> L2[_8_, _9_], tr: L7[]
[16:08:22.438161]	Exploring 0: L0[], 1: L0[], Ebi: L2[L0[], L7[]], Eib: L2[L0[], L7[]], Eii: L2[L0[], L0[]], put: L2[_6_, _7_] -> V0 -> V1 -> L2[_8_, _9_], tr: L7[]
[16:08:22.438299]	Exploring 0: L0[], 1: L0[], Ebi: L2[L0[], L7[]], Eib: L2[L0[], L7[]], Eii: L2[L0[], L0[]], put: L2[L0[], _7_] -> V0 -> V1 -> L2[_8_, _9_], tr: L7[]
[16:08:22.438458]	Exploring 0: L0[], 1: L0[], Ebi: L2[L0[], L7[]], Eib: L2[L0[], L7[]], Eii: L2[L0[], L0[]], put: L2[L0[], V2] -> V0 -> V1 -> L2[_8_, _9_], tr: L7[]
[16:08:22.438592]	Exploring 0: L0[], 1: L0[], Ebi: L2[L0[], L7[]], Eib: L2[L0[], L7[]], Eii: L2[L0[], L0[]], put: L2[L0[], V2] -> V0 -> V1 -> L2[L0[], _9_], tr: L7[]
[16:08:22.438720]	Exploring 0: L0[], 1: L0[], Ebi: L2[L0[], L7[]], Eib: L2[L0[], L7[]], Eii: L2[L0[], L0[]], put: L2[L0[], V2] -> V0 -> V1 -> L2[L0[], L0[]], tr: L7[]
[16:08:22.438946]	Exploring 0: L0[], 1: L0[], Ebi: L2[L0[], L7[]], Eib: L2[L0[], L7[]], Eii: L2[L0[], L0[]], put: L2[L0[], V2] -> V0 -> V1 -> L2[L0[], L7[]], tr: L7[]
[16:08:22.439191]	Exploring 0: L0[], 1: L0[], Ebi: L2[L0[], L7[]], Eib: L2[L0[], L7[]], Eii: L2[L0[], L0[]], put: L2[L0[], V2] -> V0 -> V1 -> L2[L0[], V0], tr: L7[]
[16:08:22.439507]	Exploring 0: L0[], 1: L0[], Ebi: L2[L0[], L7[]], Eib: L2[L0[], L7[]], Eii: L2[L0[], L0[]], put: L2[L0[], V2] -> V0 -> V1 -> L2[L0[], V1], tr: L7[]
[16:08:22.439758]	Exploring 0: L0[], 1: L0[], Ebi: L2[L0[], L7[]], Eib: L2[L0[], L7[]], Eii: L2[L0[], L0[]], put: L2[L0[], V2] -> V0 -> V1 -> L2[L0[], V2], tr: L7[]
[16:08:22.440086]	Exploring 0: L0[], 1: L0[], Ebi: L2[L0[], L7[]], Eib: L2[L0[], L7[]], Eii: L2[L0[], L0[]], put: L2[V2, _7_] -> V0 -> V1 -> L2[_8_, _9_], tr: L7[]
[16:08:22.440306]	Exploring 0: L0[], 1: L0[], Ebi: L2[L0[], L7[]], Eib: L2[L0[], L7[]], Eii: L2[L0[], L0[]], put: L2[V2, V3] -> V0 -> V1 -> L2[_8_, _9_], tr: L7[]
[16:08:22.440457]	Exploring 0: L0[], 1: L0[], Ebi: L2[L0[], L7[]], Eib: L2[L0[], L7[]], Eii: L2[L0[], L0[]], put: L2[V2, V3] -> V0 -> V1 -> L2[L0[], _9_], tr: L7[]
[16:08:22.440609]	Exploring 0: L0[], 1: L0[], Ebi: L2[L0[], L7[]], Eib: L2[L0[], L7[]], Eii: L2[L0[], L0[]], put: L2[V2, V3] -> V0 -> V1 -> L2[L0[], L0[]], tr: L7[]
[16:08:22.440886]	Exploring 0: L0[], 1: L0[], Ebi: L2[L0[], L7[]], Eib: L2[L0[], L7[]], Eii: L2[L0[], L0[]], put: L2[V2, V3] -> V0 -> V1 -> L2[L0[], L7[]], tr: L7[]
[16:08:22.441203]	Exploring 0: L0[], 1: L0[], Ebi: L2[L0[], L7[]], Eib: L2[L0[], L7[]], Eii: L2[L0[], L0[]], put: L2[V2, V3] -> V0 -> V1 -> L2[L0[], V0], tr: L7[]
[16:08:22.441514]	Exploring 0: L0[], 1: L0[], Ebi: L2[L0[], L7[]], Eib: L2[L0[], L7[]], Eii: L2[L0[], L0[]], put: L2[V2, V3] -> V0 -> V1 -> L2[L0[], V1], tr: L7[]
[16:08:22.441809]	Exploring 0: L0[], 1: L0[], Ebi: L2[L0[], L7[]], Eib: L2[L0[], L7[]], Eii: L2[L0[], L0[]], put: L2[V2, V3] -> V0 -> V1 -> L2[L0[], V2], tr: L7[]
[16:08:22.442091]	Exploring 0: L0[], 1: L0[], Ebi: L2[L0[], L7[]], Eib: L2[L0[], L7[]], Eii: L2[L0[], L0[]], put: L2[V2, V3] -> V0 -> V1 -> L2[L0[], V3], tr: L7[]
[16:08:22.442374]	Exploring 0: L0[], 1: L0[], Ebi: L2[L0[], L7[]], Eib: L2[L0[], L7[]], Eii: L2[L0[], L0[]], put: L2[V2, V3] -> V0 -> V1 -> L2[L7[], _9_], tr: L7[]
[16:08:22.442522]	Exploring 0: L0[], 1: L0[], Ebi: L2[L0[], L7[]], Eib: L2[L0[], L7[]], Eii: L2[L0[], L0[]], put: L2[V2, V3] -> V0 -> V1 -> L2[L7[], L0[]], tr: L7[]
[16:08:22.442789]	Exploring 0: L0[], 1: L0[], Ebi: L2[L0[], L7[]], Eib: L2[L0[], L7[]], Eii: L2[L0[], L0[]], put: L2[V2, V3] -> V0 -> V1 -> L2[L7[], L7[]], tr: L7[]
[16:08:22.443072]	Exploring 0: L0[], 1: L0[], Ebi: L2[L0[], L7[]], Eib: L2[L0[], L7[]], Eii: L2[L0[], L0[]], put: L2[V2, V3] -> V0 -> V1 -> L2[L7[], V0], tr: L7[]
[16:08:22.443388]	Exploring 0: L0[], 1: L0[], Ebi: L2[L0[], L7[]], Eib: L2[L0[], L7[]], Eii: L2[L0[], L0[]], put: L2[V2, V3] -> V0 -> V1 -> L2[L7[], V1], tr: L7[]
[16:08:22.443694]	Exploring 0: L0[], 1: L0[], Ebi: L2[L0[], L7[]], Eib: L2[L0[], L7[]], Eii: L2[L0[], L0[]], put: L2[V2, V3] -> V0 -> V1 -> L2[L7[], V2], tr: L7[]
[16:08:22.443982]	Exploring 0: L0[], 1: L0[], Ebi: L2[L0[], L7[]], Eib: L2[L0[], L7[]], Eii: L2[L0[], L0[]], put: L2[V2, V3] -> V0 -> V1 -> L2[L7[], V3], tr: L7[]
[16:08:22.444287]	Exploring 0: L0[], 1: L0[], Ebi: L2[L0[], L7[]], Eib: L2[L0[], L7[]], Eii: L2[L0[], L0[]], put: L2[V2, V3] -> V0 -> V1 -> L2[V0, _9_], tr: L7[]
[16:08:22.444480]	Exploring 0: L0[], 1: L0[], Ebi: L2[L0[], L7[]], Eib: L2[L0[], L7[]], Eii: L2[L0[], L0[]], put: L2[V2, V3] -> V0 -> V1 -> L2[V0, L0[]], tr: L7[]
[16:08:22.444788]	Exploring 0: L0[], 1: L0[], Ebi: L2[L0[], L7[]], Eib: L2[L0[], L7[]], Eii: L2[L0[], L0[]], put: L2[V2, V3] -> V0 -> V1 -> L2[V0, L7[]], tr: L7[]
[16:08:22.445091]	Exploring 0: L0[], 1: L0[], Ebi: L2[L0[], L7[]], Eib: L2[L0[], L7[]], Eii: L2[L0[], L0[]], put: L2[V2, V3] -> V0 -> V1 -> L2[V0, V0], tr: L7[]
[16:08:22.445401]	Exploring 0: L0[], 1: L0[], Ebi: L2[L0[], L7[]], Eib: L2[L0[], L7[]], Eii: L2[L0[], L0[]], put: L2[V2, V3] -> V0 -> V1 -> L2[V0, V1], tr: L7[]
[16:08:22.445704]	Exploring 0: L0[], 1: L0[], Ebi: L2[L0[], L7[]], Eib: L2[L0[], L7[]], Eii: L2[L0[], L0[]], put: L2[V2, V3] -> V0 -> V1 -> L2[V0, V2], tr: L7[]
[16:08:22.446030]	Exploring 0: L0[], 1: L0[], Ebi: L2[L0[], L7[]], Eib: L2[L0[], L7[]], Eii: L2[L0[], L0[]], put: L2[V2, V3] -> V0 -> V1 -> L2[V0, V3], tr: L7[]
[16:08:22.446370]	Exploring 0: L0[], 1: L0[], Ebi: L2[L0[], L7[]], Eib: L2[L0[], L7[]], Eii: L2[L0[], L0[]], put: L2[V2, V3] -> V0 -> V1 -> L2[V1, _9_], tr: L7[]
[16:08:22.446568]	Exploring 0: L0[], 1: L0[], Ebi: L2[L0[], L7[]], Eib: L2[L0[], L7[]], Eii: L2[L0[], L0[]], put: L2[V2, V3] -> V0 -> V1 -> L2[V1, L0[]], tr: L7[]
[16:08:22.446890]	Exploring 0: L0[], 1: L0[], Ebi: L2[L0[], L7[]], Eib: L2[L0[], L7[]], Eii: L2[L0[], L0[]], put: L2[V2, V3] -> V0 -> V1 -> L2[V1, L7[]], tr: L7[]
[16:08:22.447305]	Exploring 0: L0[], 1: L0[], Ebi: L2[L0[], L7[]], Eib: L2[L0[], L7[]], Eii: L2[L0[], L0[]], put: L2[V2, V3] -> V0 -> V1 -> L2[V1, V0], tr: L7[]
[16:08:22.447646]	Exploring 0: L0[], 1: L0[], Ebi: L2[L0[], L7[]], Eib: L2[L0[], L7[]], Eii: L2[L0[], L0[]], put: L2[V2, V3] -> V0 -> V1 -> L2[V1, V1], tr: L7[]
[16:08:22.447968]	Exploring 0: L0[], 1: L0[], Ebi: L2[L0[], L7[]], Eib: L2[L0[], L7[]], Eii: L2[L0[], L0[]], put: L2[V2, V3] -> V0 -> V1 -> L2[V1, V2], tr: L7[]
[16:08:22.448274]	Exploring 0: L0[], 1: L0[], Ebi: L2[L0[], L7[]], Eib: L2[L0[], L7[]], Eii: L2[L0[], L0[]], put: L2[V2, V3] -> V0 -> V1 -> L2[V1, V3], tr: L7[]
[16:08:22.448566]	Exploring 0: L0[], 1: L0[], Ebi: L2[L0[], L7[]], Eib: L2[L0[], L7[]], Eii: L2[L0[], L0[]], put: L2[V2, V3] -> V0 -> V1 -> L2[V2, _9_], tr: L7[]
[16:08:22.448737]	Exploring 0: L0[], 1: L0[], Ebi: L2[L0[], L7[]], Eib: L2[L0[], L7[]], Eii: L2[L0[], L0[]], put: L2[V2, V3] -> V0 -> V1 -> L2[V2, L0[]], tr: L7[]
[16:08:22.449016]	Exploring 0: L0[], 1: L0[], Ebi: L2[L0[], L7[]], Eib: L2[L0[], L7[]], Eii: L2[L0[], L0[]], put: L2[V2, V3] -> V0 -> V1 -> L2[V2, L7[]], tr: L7[]
[16:08:22.449308]	Exploring 0: L0[], 1: L0[], Ebi: L2[L0[], L7[]], Eib: L2[L0[], L7[]], Eii: L2[L0[], L0[]], put: L2[V2, V3] -> V0 -> V1 -> L2[V2, V0], tr: L7[]
[16:08:22.449619]	Exploring 0: L0[], 1: L0[], Ebi: L2[L0[], L7[]], Eib: L2[L0[], L7[]], Eii: L2[L0[], L0[]], put: L2[V2, V3] -> V0 -> V1 -> L2[V2, V1], tr: L7[]
[16:08:22.449909]	Exploring 0: L0[], 1: L0[], Ebi: L2[L0[], L7[]], Eib: L2[L0[], L7[]], Eii: L2[L0[], L0[]], put: L2[V2, V3] -> V0 -> V1 -> L2[V2, V2], tr: L7[]
[16:08:22.450189]	Exploring 0: L0[], 1: L0[], Ebi: L2[L0[], L7[]], Eib: L2[L0[], L7[]], Eii: L2[L0[], L0[]], put: L2[V2, V3] -> V0 -> V1 -> L2[V2, V3], tr: L7[]
[16:08:22.450476]	Exploring 0: L0[], 1: L0[], Ebi: L2[L0[], L7[]], Eib: L2[L0[], L7[]], Eii: L2[L0[], L0[]], put: L2[V2, V3] -> V0 -> V1 -> L2[V3, _9_], tr: L7[]
[16:08:22.450646]	Exploring 0: L0[], 1: L0[], Ebi: L2[L0[], L7[]], Eib: L2[L0[], L7[]], Eii: L2[L0[], L0[]], put: L2[V2, V3] -> V0 -> V1 -> L2[V3, L0[]], tr: L7[]
[16:08:22.450936]	Exploring 0: L0[], 1: L0[], Ebi: L2[L0[], L7[]], Eib: L2[L0[], L7[]], Eii: L2[L0[], L0[]], put: L2[V2, V3] -> V0 -> V1 -> L2[V3, L7[]], tr: L7[]
[16:08:22.451234]	Exploring 0: L0[], 1: L0[], Ebi: L2[L0[], L7[]], Eib: L2[L0[], L7[]], Eii: L2[L0[], L0[]], put: L2[V2, V3] -> V0 -> V1 -> L2[V3, V0], tr: L7[]
[16:08:22.451554]	Exploring 0: L0[], 1: L0[], Ebi: L2[L0[], L7[]], Eib: L2[L0[], L7[]], Eii: L2[L0[], L0[]], put: L2[V2, V3] -> V0 -> V1 -> L2[V3, V1], tr: L7[]
[16:08:22.451874]	Exploring 0: L0[], 1: L0[], Ebi: L2[L0[], L7[]], Eib: L2[L0[], L7[]], Eii: L2[L0[], L0[]], put: L2[V2, V3] -> V0 -> V1 -> L2[V3, V2], tr: L7[]
[16:08:22.452174]	Exploring 0: L0[], 1: L0[], Ebi: L2[L0[], L7[]], Eib: L2[L0[], L7[]], Eii: L2[L0[], L0[]], put: L2[V2, V3] -> V0 -> V1 -> L2[V3, V3], tr: L7[]
[16:08:22.452418]	Exploring 0: L0[], 1: L0[], Ebi: L2[L0[], L7[]], Eib: L2[L0[], L7[]], Eii: L2[L0[], L7[]], put: L2[_6_, _7_] -> V0 -> V1 -> L2[_8_, _9_], tr: L7[]
[16:08:22.452544]	Exploring 0: L0[], 1: L0[], Ebi: L2[L0[], L7[]], Eib: L2[L0[], L7[]], Eii: L2[L0[], L7[]], put: L2[L0[], _7_] -> V0 -> V1 -> L2[_8_, _9_], tr: L7[]
[16:08:22.452669]	Exploring 0: L0[], 1: L0[], Ebi: L2[L0[], L7[]], Eib: L2[L0[], L7[]], Eii: L2[L0[], L7[]], put: L2[L0[], L7[]] -> V0 -> V1 -> L2[_8_, _9_], tr: L7[]
[16:08:22.452791]	Exploring 0: L0[], 1: L0[], Ebi: L2[L0[], L7[]], Eib: L2[L0[], L7[]], Eii: L2[L0[], L7[]], put: L2[L0[], L7[]] -> V0 -> V1 -> L2[L0[], _9_], tr: L7[]
[16:08:22.452910]	Exploring 0: L0[], 1: L0[], Ebi: L2[L0[], L7[]], Eib: L2[L0[], L7[]], Eii: L2[L0[], L7[]], put: L2[L0[], L7[]] -> V0 -> V1 -> L2[L0[], L7[]], tr: L7[]
[16:08:22.453238]	Exploring 0: L0[], 1: L0[], Ebi: L2[L0[], L7[]], Eib: L2[L0[], L7[]], Eii: L2[L0[], L7[]], put: L2[L0[], V2] -> V0 -> V1 -> L2[_8_, _9_], tr: L7[]
[16:08:22.453372]	Exploring 0: L0[], 1: L0[], Ebi: L2[L0[], L7[]], Eib: L2[L0[], L7[]], Eii: L2[L0[], L7[]], put: L2[L0[], V2] -> V0 -> V1 -> L2[L0[], _9_], tr: L7[]
[16:08:22.453506]	Exploring 0: L0[], 1: L0[], Ebi: L2[L0[], L7[]], Eib: L2[L0[], L7[]], Eii: L2[L0[], L7[]], put: L2[L0[], V2] -> V0 -> V1 -> L2[L0[], L0[]], tr: L7[]
[16:08:22.453736]	Exploring 0: L0[], 1: L0[], Ebi: L2[L0[], L7[]], Eib: L2[L0[], L7[]], Eii: L2[L0[], L7[]], put: L2[L0[], V2] -> V0 -> V1 -> L2[L0[], L7[]], tr: L7[]
[16:08:22.453973]	Exploring 0: L0[], 1: L0[], Ebi: L2[L0[], L7[]], Eib: L2[L0[], L7[]], Eii: L2[L0[], L7[]], put: L2[L0[], V2] -> V0 -> V1 -> L2[L0[], V0], tr: L7[]
[16:08:22.454240]	Exploring 0: L0[], 1: L0[], Ebi: L2[L0[], L7[]], Eib: L2[L0[], L7[]], Eii: L2[L0[], L7[]], put: L2[L0[], V2] -> V0 -> V1 -> L2[L0[], V1], tr: L7[]
[16:08:22.454484]	Exploring 0: L0[], 1: L0[], Ebi: L2[L0[], L7[]], Eib: L2[L0[], L7[]], Eii: L2[L0[], L7[]], put: L2[L0[], V2] -> V0 -> V1 -> L2[L0[], V2], tr: L7[]
[16:08:22.454805]	Exploring 0: L0[], 1: L0[], Ebi: L2[L0[], L7[]], Eib: L2[L0[], L7[]], Eii: L2[L0[], L7[]], put: L2[V2, _7_] -> V0 -> V1 -> L2[_8_, _9_], tr: L7[]
[16:08:22.454950]	Exploring 0: L0[], 1: L0[], Ebi: L2[L0[], L7[]], Eib: L2[L0[], L7[]], Eii: L2[L0[], L7[]], put: L2[V2, L7[]] -> V0 -> V1 -> L2[_8_, _9_], tr: L7[]
[16:08:22.455087]	Exploring 0: L0[], 1: L0[], Ebi: L2[L0[], L7[]], Eib: L2[L0[], L7[]], Eii: L2[L0[], L7[]], put: L2[V2, L7[]] -> V0 -> V1 -> L2[L0[], _9_], tr: L7[]
[16:08:22.455230]	Exploring 0: L0[], 1: L0[], Ebi: L2[L0[], L7[]], Eib: L2[L0[], L7[]], Eii: L2[L0[], L7[]], put: L2[V2, L7[]] -> V0 -> V1 -> L2[L0[], L7[]], tr: L7[]
[16:08:22.455548]	Exploring 0: L0[], 1: L0[], Ebi: L2[L0[], L7[]], Eib: L2[L0[], L7[]], Eii: L2[L0[], L7[]], put: L2[V2, L7[]] -> V0 -> V1 -> L2[L7[], _9_], tr: L7[]
[16:08:22.455697]	Exploring 0: L0[], 1: L0[], Ebi: L2[L0[], L7[]], Eib: L2[L0[], L7[]], Eii: L2[L0[], L7[]], put: L2[V2, L7[]] -> V0 -> V1 -> L2[L7[], L7[]], tr: L7[]
[16:08:22.456005]	Exploring 0: L0[], 1: L0[], Ebi: L2[L0[], L7[]], Eib: L2[L0[], L7[]], Eii: L2[L0[], L7[]], put: L2[V2, L7[]] -> V0 -> V1 -> L2[V0, _9_], tr: L7[]
[16:08:22.456161]	Exploring 0: L0[], 1: L0[], Ebi: L2[L0[], L7[]], Eib: L2[L0[], L7[]], Eii: L2[L0[], L7[]], put: L2[V2, L7[]] -> V0 -> V1 -> L2[V0, L7[]], tr: L7[]
[16:08:22.456482]	Exploring 0: L0[], 1: L0[], Ebi: L2[L0[], L7[]], Eib: L2[L0[], L7[]], Eii: L2[L0[], L7[]], put: L2[V2, L7[]] -> V0 -> V1 -> L2[V1, _9_], tr: L7[]
[16:08:22.456640]	Exploring 0: L0[], 1: L0[], Ebi: L2[L0[], L7[]], Eib: L2[L0[], L7[]], Eii: L2[L0[], L7[]], put: L2[V2, L7[]] -> V0 -> V1 -> L2[V1, L7[]], tr: L7[]
[16:08:22.456954]	Exploring 0: L0[], 1: L0[], Ebi: L2[L0[], L7[]], Eib: L2[L0[], L7[]], Eii: L2[L0[], L7[]], put: L2[V2, L7[]] -> V0 -> V1 -> L2[V2, _9_], tr: L7[]
[16:08:22.457118]	Exploring 0: L0[], 1: L0[], Ebi: L2[L0[], L7[]], Eib: L2[L0[], L7[]], Eii: L2[L0[], L7[]], put: L2[V2, L7[]] -> V0 -> V1 -> L2[V2, L7[]], tr: L7[]
[16:08:22.457481]	Exploring 0: L0[], 1: L0[], Ebi: L2[L0[], L7[]], Eib: L2[L0[], L7[]], Eii: L2[L0[], L7[]], put: L2[V2, V3] -> V0 -> V1 -> L2[_8_, _9_], tr: L7[]
[16:08:22.457631]	Exploring 0: L0[], 1: L0[], Ebi: L2[L0[], L7[]], Eib: L2[L0[], L7[]], Eii: L2[L0[], L7[]], put: L2[V2, V3] -> V0 -> V1 -> L2[L0[], _9_], tr: L7[]
[16:08:22.457785]	Exploring 0: L0[], 1: L0[], Ebi: L2[L0[], L7[]], Eib: L2[L0[], L7[]], Eii: L2[L0[], L7[]], put: L2[V2, V3] -> V0 -> V1 -> L2[L0[], L0[]], tr: L7[]
[16:08:22.458051]	Exploring 0: L0[], 1: L0[], Ebi: L2[L0[], L7[]], Eib: L2[L0[], L7[]], Eii: L2[L0[], L7[]], put: L2[V2, V3] -> V0 -> V1 -> L2[L0[], L7[]], tr: L7[]
[16:08:22.458340]	Exploring 0: L0[], 1: L0[], Ebi: L2[L0[], L7[]], Eib: L2[L0[], L7[]], Eii: L2[L0[], L7[]], put: L2[V2, V3] -> V0 -> V1 -> L2[L0[], V0], tr: L7[]
[16:08:22.458653]	Exploring 0: L0[], 1: L0[], Ebi: L2[L0[], L7[]], Eib: L2[L0[], L7[]], Eii: L2[L0[], L7[]], put: L2[V2, V3] -> V0 -> V1 -> L2[L0[], V1], tr: L7[]
[16:08:22.458954]	Exploring 0: L0[], 1: L0[], Ebi: L2[L0[], L7[]], Eib: L2[L0[], L7[]], Eii: L2[L0[], L7[]], put: L2[V2, V3] -> V0 -> V1 -> L2[L0[], V2], tr: L7[]
[16:08:22.459240]	Exploring 0: L0[], 1: L0[], Ebi: L2[L0[], L7[]], Eib: L2[L0[], L7[]], Eii: L2[L0[], L7[]], put: L2[V2, V3] -> V0 -> V1 -> L2[L0[], V3], tr: L7[]
[16:08:22.459537]	Exploring 0: L0[], 1: L0[], Ebi: L2[L0[], L7[]], Eib: L2[L0[], L7[]], Eii: L2[L0[], L7[]], put: L2[V2, V3] -> V0 -> V1 -> L2[L7[], _9_], tr: L7[]
[16:08:22.459693]	Exploring 0: L0[], 1: L0[], Ebi: L2[L0[], L7[]], Eib: L2[L0[], L7[]], Eii: L2[L0[], L7[]], put: L2[V2, V3] -> V0 -> V1 -> L2[L7[], L0[]], tr: L7[]
[16:08:22.459964]	Exploring 0: L0[], 1: L0[], Ebi: L2[L0[], L7[]], Eib: L2[L0[], L7[]], Eii: L2[L0[], L7[]], put: L2[V2, V3] -> V0 -> V1 -> L2[L7[], L7[]], tr: L7[]
[16:08:22.460287]	Exploring 0: L0[], 1: L0[], Ebi: L2[L0[], L7[]], Eib: L2[L0[], L7[]], Eii: L2[L0[], L7[]], put: L2[V2, V3] -> V0 -> V1 -> L2[L7[], V0], tr: L7[]
[16:08:22.460615]	Exploring 0: L0[], 1: L0[], Ebi: L2[L0[], L7[]], Eib: L2[L0[], L7[]], Eii: L2[L0[], L7[]], put: L2[V2, V3] -> V0 -> V1 -> L2[L7[], V1], tr: L7[]
[16:08:22.460932]	Exploring 0: L0[], 1: L0[], Ebi: L2[L0[], L7[]], Eib: L2[L0[], L7[]], Eii: L2[L0[], L7[]], put: L2[V2, V3] -> V0 -> V1 -> L2[L7[], V2], tr: L7[]
[16:08:22.461237]	Exploring 0: L0[], 1: L0[], Ebi: L2[L0[], L7[]], Eib: L2[L0[], L7[]], Eii: L2[L0[], L7[]], put: L2[V2, V3] -> V0 -> V1 -> L2[L7[], V3], tr: L7[]
[16:08:22.461546]	Exploring 0: L0[], 1: L0[], Ebi: L2[L0[], L7[]], Eib: L2[L0[], L7[]], Eii: L2[L0[], L7[]], put: L2[V2, V3] -> V0 -> V1 -> L2[V0, _9_], tr: L7[]
[16:08:22.461786]	Exploring 0: L0[], 1: L0[], Ebi: L2[L0[], L7[]], Eib: L2[L0[], L7[]], Eii: L2[L0[], L7[]], put: L2[V2, V3] -> V0 -> V1 -> L2[V0, L0[]], tr: L7[]
[16:08:22.462114]	Exploring 0: L0[], 1: L0[], Ebi: L2[L0[], L7[]], Eib: L2[L0[], L7[]], Eii: L2[L0[], L7[]], put: L2[V2, V3] -> V0 -> V1 -> L2[V0, L7[]], tr: L7[]
[16:08:22.462427]	Exploring 0: L0[], 1: L0[], Ebi: L2[L0[], L7[]], Eib: L2[L0[], L7[]], Eii: L2[L0[], L7[]], put: L2[V2, V3] -> V0 -> V1 -> L2[V0, V0], tr: L7[]
[16:08:22.462734]	Exploring 0: L0[], 1: L0[], Ebi: L2[L0[], L7[]], Eib: L2[L0[], L7[]], Eii: L2[L0[], L7[]], put: L2[V2, V3] -> V0 -> V1 -> L2[V0, V1], tr: L7[]
[16:08:22.463045]	Exploring 0: L0[], 1: L0[], Ebi: L2[L0[], L7[]], Eib: L2[L0[], L7[]], Eii: L2[L0[], L7[]], put: L2[V2, V3] -> V0 -> V1 -> L2[V0, V2], tr: L7[]
[16:08:22.463367]	Exploring 0: L0[], 1: L0[], Ebi: L2[L0[], L7[]], Eib: L2[L0[], L7[]], Eii: L2[L0[], L7[]], put: L2[V2, V3] -> V0 -> V1 -> L2[V0, V3], tr: L7[]
[16:08:22.463697]	Exploring 0: L0[], 1: L0[], Ebi: L2[L0[], L7[]], Eib: L2[L0[], L7[]], Eii: L2[L0[], L7[]], put: L2[V2, V3] -> V0 -> V1 -> L2[V1, _9_], tr: L7[]
[16:08:22.463888]	Exploring 0: L0[], 1: L0[], Ebi: L2[L0[], L7[]], Eib: L2[L0[], L7[]], Eii: L2[L0[], L7[]], put: L2[V2, V3] -> V0 -> V1 -> L2[V1, L0[]], tr: L7[]
[16:08:22.464239]	Exploring 0: L0[], 1: L0[], Ebi: L2[L0[], L7[]], Eib: L2[L0[], L7[]], Eii: L2[L0[], L7[]], put: L2[V2, V3] -> V0 -> V1 -> L2[V1, L7[]], tr: L7[]
[16:08:22.464551]	Exploring 0: L0[], 1: L0[], Ebi: L2[L0[], L7[]], Eib: L2[L0[], L7[]], Eii: L2[L0[], L7[]], put: L2[V2, V3] -> V0 -> V1 -> L2[V1, V0], tr: L7[]
[16:08:22.464861]	Exploring 0: L0[], 1: L0[], Ebi: L2[L0[], L7[]], Eib: L2[L0[], L7[]], Eii: L2[L0[], L7[]], put: L2[V2, V3] -> V0 -> V1 -> L2[V1, V1], tr: L7[]
[16:08:22.465172]	Exploring 0: L0[], 1: L0[], Ebi: L2[L0[], L7[]], Eib: L2[L0[], L7[]], Eii: L2[L0[], L7[]], put: L2[V2, V3] -> V0 -> V1 -> L2[V1, V2], tr: L7[]
[16:08:22.465477]	Exploring 0: L0[], 1: L0[], Ebi: L2[L0[], L7[]], Eib: L2[L0[], L7[]], Eii: L2[L0[], L7[]], put: L2[V2, V3] -> V0 -> V1 -> L2[V1, V3], tr: L7[]
[16:08:22.465767]	Exploring 0: L0[], 1: L0[], Ebi: L2[L0[], L7[]], Eib: L2[L0[], L7[]], Eii: L2[L0[], L7[]], put: L2[V2, V3] -> V0 -> V1 -> L2[V2, _9_], tr: L7[]
[16:08:22.465930]	Exploring 0: L0[], 1: L0[], Ebi: L2[L0[], L7[]], Eib: L2[L0[], L7[]], Eii: L2[L0[], L7[]], put: L2[V2, V3] -> V0 -> V1 -> L2[V2, L0[]], tr: L7[]
[16:08:22.466212]	Exploring 0: L0[], 1: L0[], Ebi: L2[L0[], L7[]], Eib: L2[L0[], L7[]], Eii: L2[L0[], L7[]], put: L2[V2, V3] -> V0 -> V1 -> L2[V2, L7[]], tr: L7[]
[16:08:22.466513]	Exploring 0: L0[], 1: L0[], Ebi: L2[L0[], L7[]], Eib: L2[L0[], L7[]], Eii: L2[L0[], L7[]], put: L2[V2, V3] -> V0 -> V1 -> L2[V2, V0], tr: L7[]
[16:08:22.466833]	Exploring 0: L0[], 1: L0[], Ebi: L2[L0[], L7[]], Eib: L2[L0[], L7[]], Eii: L2[L0[], L7[]], put: L2[V2, V3] -> V0 -> V1 -> L2[V2, V1], tr: L7[]
[16:08:22.467137]	Exploring 0: L0[], 1: L0[], Ebi: L2[L0[], L7[]], Eib: L2[L0[], L7[]], Eii: L2[L0[], L7[]], put: L2[V2, V3] -> V0 -> V1 -> L2[V2, V2], tr: L7[]
[16:08:22.467438]	Exploring 0: L0[], 1: L0[], Ebi: L2[L0[], L7[]], Eib: L2[L0[], L7[]], Eii: L2[L0[], L7[]], put: L2[V2, V3] -> V0 -> V1 -> L2[V2, V3], tr: L7[]
[16:08:22.467731]	Exploring 0: L0[], 1: L0[], Ebi: L2[L0[], L7[]], Eib: L2[L0[], L7[]], Eii: L2[L0[], L7[]], put: L2[V2, V3] -> V0 -> V1 -> L2[V3, _9_], tr: L7[]
[16:08:22.467903]	Exploring 0: L0[], 1: L0[], Ebi: L2[L0[], L7[]], Eib: L2[L0[], L7[]], Eii: L2[L0[], L7[]], put: L2[V2, V3] -> V0 -> V1 -> L2[V3, L0[]], tr: L7[]
[16:08:22.468205]	Exploring 0: L0[], 1: L0[], Ebi: L2[L0[], L7[]], Eib: L2[L0[], L7[]], Eii: L2[L0[], L7[]], put: L2[V2, V3] -> V0 -> V1 -> L2[V3, L7[]], tr: L7[]
[16:08:22.468515]	Exploring 0: L0[], 1: L0[], Ebi: L2[L0[], L7[]], Eib: L2[L0[], L7[]], Eii: L2[L0[], L7[]], put: L2[V2, V3] -> V0 -> V1 -> L2[V3, V0], tr: L7[]
[16:08:22.468830]	Exploring 0: L0[], 1: L0[], Ebi: L2[L0[], L7[]], Eib: L2[L0[], L7[]], Eii: L2[L0[], L7[]], put: L2[V2, V3] -> V0 -> V1 -> L2[V3, V1], tr: L7[]
[16:08:22.469137]	Exploring 0: L0[], 1: L0[], Ebi: L2[L0[], L7[]], Eib: L2[L0[], L7[]], Eii: L2[L0[], L7[]], put: L2[V2, V3] -> V0 -> V1 -> L2[V3, V2], tr: L7[]
[16:08:22.469441]	Exploring 0: L0[], 1: L0[], Ebi: L2[L0[], L7[]], Eib: L2[L0[], L7[]], Eii: L2[L0[], L7[]], put: L2[V2, V3] -> V0 -> V1 -> L2[V3, V3], tr: L7[]
[16:08:22.469677]	Exploring 0: L0[], 1: L0[], Ebi: L2[L0[], L7[]], Eib: L2[L0[], L7[]], Eii: L2[L7[], _5_], put: L2[_6_, _7_] -> V0 -> V1 -> L2[_8_, _9_], tr: L7[]
[16:08:22.469774]	Exploring 0: L0[], 1: L0[], Ebi: L2[L0[], L7[]], Eib: L2[L0[], L7[]], Eii: L2[L7[], L0[]], put: L2[_6_, _7_] -> V0 -> V1 -> L2[_8_, _9_], tr: L7[]
[16:08:22.469968]	Exploring 0: L0[], 1: L0[], Ebi: L2[L0[], L7[]], Eib: L2[L0[], L7[]], Eii: L2[L7[], L0[]], put: L2[V2, _7_] -> V0 -> V1 -> L2[_8_, _9_], tr: L7[]
[16:08:22.470157]	Exploring 0: L0[], 1: L0[], Ebi: L2[L0[], L7[]], Eib: L2[L0[], L7[]], Eii: L2[L7[], L0[]], put: L2[V2, V3] -> V0 -> V1 -> L2[_8_, _9_], tr: L7[]
[16:08:22.470303]	Exploring 0: L0[], 1: L0[], Ebi: L2[L0[], L7[]], Eib: L2[L0[], L7[]], Eii: L2[L7[], L0[]], put: L2[V2, V3] -> V0 -> V1 -> L2[L0[], _9_], tr: L7[]
[16:08:22.470457]	Exploring 0: L0[], 1: L0[], Ebi: L2[L0[], L7[]], Eib: L2[L0[], L7[]], Eii: L2[L7[], L0[]], put: L2[V2, V3] -> V0 -> V1 -> L2[L0[], L0[]], tr: L7[]
[16:08:22.470738]	Exploring 0: L0[], 1: L0[], Ebi: L2[L0[], L7[]], Eib: L2[L0[], L7[]], Eii: L2[L7[], L0[]], put: L2[V2, V3] -> V0 -> V1 -> L2[L0[], L7[]], tr: L7[]
[16:08:22.471029]	Exploring 0: L0[], 1: L0[], Ebi: L2[L0[], L7[]], Eib: L2[L0[], L7[]], Eii: L2[L7[], L0[]], put: L2[V2, V3] -> V0 -> V1 -> L2[L0[], V0], tr: L7[]
[16:08:22.471340]	Exploring 0: L0[], 1: L0[], Ebi: L2[L0[], L7[]], Eib: L2[L0[], L7[]], Eii: L2[L7[], L0[]], put: L2[V2, V3] -> V0 -> V1 -> L2[L0[], V1], tr: L7[]
[16:08:22.471662]	Exploring 0: L0[], 1: L0[], Ebi: L2[L0[], L7[]], Eib: L2[L0[], L7[]], Eii: L2[L7[], L0[]], put: L2[V2, V3] -> V0 -> V1 -> L2[L0[], V2], tr: L7[]
[16:08:22.471954]	Exploring 0: L0[], 1: L0[], Ebi: L2[L0[], L7[]], Eib: L2[L0[], L7[]], Eii: L2[L7[], L0[]], put: L2[V2, V3] -> V0 -> V1 -> L2[L0[], V3], tr: L7[]
[16:08:22.472231]	Exploring 0: L0[], 1: L0[], Ebi: L2[L0[], L7[]], Eib: L2[L0[], L7[]], Eii: L2[L7[], L0[]], put: L2[V2, V3] -> V0 -> V1 -> L2[L7[], _9_], tr: L7[]
[16:08:22.472388]	Exploring 0: L0[], 1: L0[], Ebi: L2[L0[], L7[]], Eib: L2[L0[], L7[]], Eii: L2[L7[], L0[]], put: L2[V2, V3] -> V0 -> V1 -> L2[L7[], L0[]], tr: L7[]
[16:08:22.472660]	Exploring 0: L0[], 1: L0[], Ebi: L2[L0[], L7[]], Eib: L2[L0[], L7[]], Eii: L2[L7[], L0[]], put: L2[V2, V3] -> V0 -> V1 -> L2[L7[], L7[]], tr: L7[]
[16:08:22.472945]	Exploring 0: L0[], 1: L0[], Ebi: L2[L0[], L7[]], Eib: L2[L0[], L7[]], Eii: L2[L7[], L0[]], put: L2[V2, V3] -> V0 -> V1 -> L2[L7[], V0], tr: L7[]
[16:08:22.473256]	Exploring 0: L0[], 1: L0[], Ebi: L2[L0[], L7[]], Eib: L2[L0[], L7[]], Eii: L2[L7[], L0[]], put: L2[V2, V3] -> V0 -> V1 -> L2[L7[], V1], tr: L7[]
[16:08:22.473560]	Exploring 0: L0[], 1: L0[], Ebi: L2[L0[], L7[]], Eib: L2[L0[], L7[]], Eii: L2[L7[], L0[]], put: L2[V2, V3] -> V0 -> V1 -> L2[L7[], V2], tr: L7[]
[16:08:22.473842]	Exploring 0: L0[], 1: L0[], Ebi: L2[L0[], L7[]], Eib: L2[L0[], L7[]], Eii: L2[L7[], L0[]], put: L2[V2, V3] -> V0 -> V1 -> L2[L7[], V3], tr: L7[]
[16:08:22.474140]	Exploring 0: L0[], 1: L0[], Ebi: L2[L0[], L7[]], Eib: L2[L0[], L7[]], Eii: L2[L7[], L0[]], put: L2[V2, V3] -> V0 -> V1 -> L2[V0, _9_], tr: L7[]
[16:08:22.474316]	Exploring 0: L0[], 1: L0[], Ebi: L2[L0[], L7[]], Eib: L2[L0[], L7[]], Eii: L2[L7[], L0[]], put: L2[V2, V3] -> V0 -> V1 -> L2[V0, L0[]], tr: L7[]
[16:08:22.474628]	Exploring 0: L0[], 1: L0[], Ebi: L2[L0[], L7[]], Eib: L2[L0[], L7[]], Eii: L2[L7[], L0[]], put: L2[V2, V3] -> V0 -> V1 -> L2[V0, L7[]], tr: L7[]
[16:08:22.474930]	Exploring 0: L0[], 1: L0[], Ebi: L2[L0[], L7[]], Eib: L2[L0[], L7[]], Eii: L2[L7[], L0[]], put: L2[V2, V3] -> V0 -> V1 -> L2[V0, V0], tr: L7[]
[16:08:22.475236]	Exploring 0: L0[], 1: L0[], Ebi: L2[L0[], L7[]], Eib: L2[L0[], L7[]], Eii: L2[L7[], L0[]], put: L2[V2, V3] -> V0 -> V1 -> L2[V0, V1], tr: L7[]
[16:08:22.475560]	Exploring 0: L0[], 1: L0[], Ebi: L2[L0[], L7[]], Eib: L2[L0[], L7[]], Eii: L2[L7[], L0[]], put: L2[V2, V3] -> V0 -> V1 -> L2[V0, V2], tr: L7[]
[16:08:22.475863]	Exploring 0: L0[], 1: L0[], Ebi: L2[L0[], L7[]], Eib: L2[L0[], L7[]], Eii: L2[L7[], L0[]], put: L2[V2, V3] -> V0 -> V1 -> L2[V0, V3], tr: L7[]
[16:08:22.476165]	Exploring 0: L0[], 1: L0[], Ebi: L2[L0[], L7[]], Eib: L2[L0[], L7[]], Eii: L2[L7[], L0[]], put: L2[V2, V3] -> V0 -> V1 -> L2[V1, _9_], tr: L7[]
[16:08:22.476339]	Exploring 0: L0[], 1: L0[], Ebi: L2[L0[], L7[]], Eib: L2[L0[], L7[]], Eii: L2[L7[], L0[]], put: L2[V2, V3] -> V0 -> V1 -> L2[V1, L0[]], tr: L7[]
[16:08:22.476651]	Exploring 0: L0[], 1: L0[], Ebi: L2[L0[], L7[]], Eib: L2[L0[], L7[]], Eii: L2[L7[], L0[]], put: L2[V2, V3] -> V0 -> V1 -> L2[V1, L7[]], tr: L7[]
[16:08:22.476960]	Exploring 0: L0[], 1: L0[], Ebi: L2[L0[], L7[]], Eib: L2[L0[], L7[]], Eii: L2[L7[], L0[]], put: L2[V2, V3] -> V0 -> V1 -> L2[V1, V0], tr: L7[]
[16:08:22.477267]	Exploring 0: L0[], 1: L0[], Ebi: L2[L0[], L7[]], Eib: L2[L0[], L7[]], Eii: L2[L7[], L0[]], put: L2[V2, V3] -> V0 -> V1 -> L2[V1, V1], tr: L7[]
[16:08:22.477577]	Exploring 0: L0[], 1: L0[], Ebi: L2[L0[], L7[]], Eib: L2[L0[], L7[]], Eii: L2[L7[], L0[]], put: L2[V2, V3] -> V0 -> V1 -> L2[V1, V2], tr: L7[]
[16:08:22.477886]	Exploring 0: L0[], 1: L0[], Ebi: L2[L0[], L7[]], Eib: L2[L0[], L7[]], Eii: L2[L7[], L0[]], put: L2[V2, V3] -> V0 -> V1 -> L2[V1, V3], tr: L7[]
[16:08:22.478190]	Exploring 0: L0[], 1: L0[], Ebi: L2[L0[], L7[]], Eib: L2[L0[], L7[]], Eii: L2[L7[], L0[]], put: L2[V2, V3] -> V0 -> V1 -> L2[V2, _9_], tr: L7[]
[16:08:22.478360]	Exploring 0: L0[], 1: L0[], Ebi: L2[L0[], L7[]], Eib: L2[L0[], L7[]], Eii: L2[L7[], L0[]], put: L2[V2, V3] -> V0 -> V1 -> L2[V2, L0[]], tr: L7[]
[16:08:22.478642]	Exploring 0: L0[], 1: L0[], Ebi: L2[L0[], L7[]], Eib: L2[L0[], L7[]], Eii: L2[L7[], L0[]], put: L2[V2, V3] -> V0 -> V1 -> L2[V2, L7[]], tr: L7[]
[16:08:22.478947]	Exploring 0: L0[], 1: L0[], Ebi: L2[L0[], L7[]], Eib: L2[L0[], L7[]], Eii: L2[L7[], L0[]], put: L2[V2, V3] -> V0 -> V1 -> L2[V2, V0], tr: L7[]
[16:08:22.479271]	Exploring 0: L0[], 1: L0[], Ebi: L2[L0[], L7[]], Eib: L2[L0[], L7[]], Eii: L2[L7[], L0[]], put: L2[V2, V3] -> V0 -> V1 -> L2[V2, V1], tr: L7[]
[16:08:22.479586]	Exploring 0: L0[], 1: L0[], Ebi: L2[L0[], L7[]], Eib: L2[L0[], L7[]], Eii: L2[L7[], L0[]], put: L2[V2, V3] -> V0 -> V1 -> L2[V2, V2], tr: L7[]
[16:08:22.479925]	Exploring 0: L0[], 1: L0[], Ebi: L2[L0[], L7[]], Eib: L2[L0[], L7[]], Eii: L2[L7[], L0[]], put: L2[V2, V3] -> V0 -> V1 -> L2[V2, V3], tr: L7[]
[16:08:22.480238]	Exploring 0: L0[], 1: L0[], Ebi: L2[L0[], L7[]], Eib: L2[L0[], L7[]], Eii: L2[L7[], L0[]], put: L2[V2, V3] -> V0 -> V1 -> L2[V3, _9_], tr: L7[]
[16:08:22.480439]	Exploring 0: L0[], 1: L0[], Ebi: L2[L0[], L7[]], Eib: L2[L0[], L7[]], Eii: L2[L7[], L0[]], put: L2[V2, V3] -> V0 -> V1 -> L2[V3, L0[]], tr: L7[]
[16:08:22.480748]	Exploring 0: L0[], 1: L0[], Ebi: L2[L0[], L7[]], Eib: L2[L0[], L7[]], Eii: L2[L7[], L0[]], put: L2[V2, V3] -> V0 -> V1 -> L2[V3, L7[]], tr: L7[]
[16:08:22.481067]	Exploring 0: L0[], 1: L0[], Ebi: L2[L0[], L7[]], Eib: L2[L0[], L7[]], Eii: L2[L7[], L0[]], put: L2[V2, V3] -> V0 -> V1 -> L2[V3, V0], tr: L7[]
[16:08:22.481390]	Exploring 0: L0[], 1: L0[], Ebi: L2[L0[], L7[]], Eib: L2[L0[], L7[]], Eii: L2[L7[], L0[]], put: L2[V2, V3] -> V0 -> V1 -> L2[V3, V1], tr: L7[]
[16:08:22.481703]	Exploring 0: L0[], 1: L0[], Ebi: L2[L0[], L7[]], Eib: L2[L0[], L7[]], Eii: L2[L7[], L0[]], put: L2[V2, V3] -> V0 -> V1 -> L2[V3, V2], tr: L7[]
[16:08:22.482013]	Exploring 0: L0[], 1: L0[], Ebi: L2[L0[], L7[]], Eib: L2[L0[], L7[]], Eii: L2[L7[], L0[]], put: L2[V2, V3] -> V0 -> V1 -> L2[V3, V3], tr: L7[]
[16:08:22.482265]	Exploring 0: L0[], 1: L0[], Ebi: L2[L0[], L7[]], Eib: L2[L0[], L7[]], Eii: L2[L7[], L7[]], put: L2[_6_, _7_] -> V0 -> V1 -> L2[_8_, _9_], tr: L7[]
[16:08:22.482455]	Exploring 0: L0[], 1: L0[], Ebi: L2[L0[], L7[]], Eib: L2[L0[], L7[]], Eii: L2[L7[], L7[]], put: L2[V2, _7_] -> V0 -> V1 -> L2[_8_, _9_], tr: L7[]
[16:08:22.482614]	Exploring 0: L0[], 1: L0[], Ebi: L2[L0[], L7[]], Eib: L2[L0[], L7[]], Eii: L2[L7[], L7[]], put: L2[V2, L7[]] -> V0 -> V1 -> L2[_8_, _9_], tr: L7[]
[16:08:22.482762]	Exploring 0: L0[], 1: L0[], Ebi: L2[L0[], L7[]], Eib: L2[L0[], L7[]], Eii: L2[L7[], L7[]], put: L2[V2, L7[]] -> V0 -> V1 -> L2[L0[], _9_], tr: L7[]
[16:08:22.482923]	Exploring 0: L0[], 1: L0[], Ebi: L2[L0[], L7[]], Eib: L2[L0[], L7[]], Eii: L2[L7[], L7[]], put: L2[V2, L7[]] -> V0 -> V1 -> L2[L0[], L7[]], tr: L7[]
[16:08:22.483255]	Exploring 0: L0[], 1: L0[], Ebi: L2[L0[], L7[]], Eib: L2[L0[], L7[]], Eii: L2[L7[], L7[]], put: L2[V2, L7[]] -> V0 -> V1 -> L2[L7[], _9_], tr: L7[]
[16:08:22.483428]	Exploring 0: L0[], 1: L0[], Ebi: L2[L0[], L7[]], Eib: L2[L0[], L7[]], Eii: L2[L7[], L7[]], put: L2[V2, L7[]] -> V0 -> V1 -> L2[L7[], L7[]], tr: L7[]
[16:08:22.483763]	Exploring 0: L0[], 1: L0[], Ebi: L2[L0[], L7[]], Eib: L2[L0[], L7[]], Eii: L2[L7[], L7[]], put: L2[V2, L7[]] -> V0 -> V1 -> L2[V0, _9_], tr: L7[]
[16:08:22.483936]	Exploring 0: L0[], 1: L0[], Ebi: L2[L0[], L7[]], Eib: L2[L0[], L7[]], Eii: L2[L7[], L7[]], put: L2[V2, L7[]] -> V0 -> V1 -> L2[V0, L7[]], tr: L7[]
[16:08:22.484284]	Exploring 0: L0[], 1: L0[], Ebi: L2[L0[], L7[]], Eib: L2[L0[], L7[]], Eii: L2[L7[], L7[]], put: L2[V2, L7[]] -> V0 -> V1 -> L2[V1, _9_], tr: L7[]
[16:08:22.484455]	Exploring 0: L0[], 1: L0[], Ebi: L2[L0[], L7[]], Eib: L2[L0[], L7[]], Eii: L2[L7[], L7[]], put: L2[V2, L7[]] -> V0 -> V1 -> L2[V1, L7[]], tr: L7[]
[16:08:22.484803]	Exploring 0: L0[], 1: L0[], Ebi: L2[L0[], L7[]], Eib: L2[L0[], L7[]], Eii: L2[L7[], L7[]], put: L2[V2, L7[]] -> V0 -> V1 -> L2[V2, _9_], tr: L7[]
[16:08:22.484969]	Exploring 0: L0[], 1: L0[], Ebi: L2[L0[], L7[]], Eib: L2[L0[], L7[]], Eii: L2[L7[], L7[]], put: L2[V2, L7[]] -> V0 -> V1 -> L2[V2, L7[]], tr: L7[]
[16:08:22.485353]	Exploring 0: L0[], 1: L0[], Ebi: L2[L0[], L7[]], Eib: L2[L0[], L7[]], Eii: L2[L7[], L7[]], put: L2[V2, V3] -> V0 -> V1 -> L2[_8_, _9_], tr: L7[]
[16:08:22.485520]	Exploring 0: L0[], 1: L0[], Ebi: L2[L0[], L7[]], Eib: L2[L0[], L7[]], Eii: L2[L7[], L7[]], put: L2[V2, V3] -> V0 -> V1 -> L2[L0[], _9_], tr: L7[]
[16:08:22.485685]	Exploring 0: L0[], 1: L0[], Ebi: L2[L0[], L7[]], Eib: L2[L0[], L7[]], Eii: L2[L7[], L7[]], put: L2[V2, V3] -> V0 -> V1 -> L2[L0[], L0[]], tr: L7[]
[16:08:22.485964]	Exploring 0: L0[], 1: L0[], Ebi: L2[L0[], L7[]], Eib: L2[L0[], L7[]], Eii: L2[L7[], L7[]], put: L2[V2, V3] -> V0 -> V1 -> L2[L0[], L7[]], tr: L7[]
[16:08:22.486266]	Exploring 0: L0[], 1: L0[], Ebi: L2[L0[], L7[]], Eib: L2[L0[], L7[]], Eii: L2[L7[], L7[]], put: L2[V2, V3] -> V0 -> V1 -> L2[L0[], V0], tr: L7[]
[16:08:22.486608]	Exploring 0: L0[], 1: L0[], Ebi: L2[L0[], L7[]], Eib: L2[L0[], L7[]], Eii: L2[L7[], L7[]], put: L2[V2, V3] -> V0 -> V1 -> L2[L0[], V1], tr: L7[]
[16:08:22.486922]	Exploring 0: L0[], 1: L0[], Ebi: L2[L0[], L7[]], Eib: L2[L0[], L7[]], Eii: L2[L7[], L7[]], put: L2[V2, V3] -> V0 -> V1 -> L2[L0[], V2], tr: L7[]
[16:08:22.487224]	Exploring 0: L0[], 1: L0[], Ebi: L2[L0[], L7[]], Eib: L2[L0[], L7[]], Eii: L2[L7[], L7[]], put: L2[V2, V3] -> V0 -> V1 -> L2[L0[], V3], tr: L7[]
[16:08:22.487579]	Exploring 0: L0[], 1: L0[], Ebi: L2[L0[], L7[]], Eib: L2[L0[], L7[]], Eii: L2[L7[], L7[]], put: L2[V2, V3] -> V0 -> V1 -> L2[L7[], _9_], tr: L7[]
[16:08:22.487754]	Exploring 0: L0[], 1: L0[], Ebi: L2[L0[], L7[]], Eib: L2[L0[], L7[]], Eii: L2[L7[], L7[]], put: L2[V2, V3] -> V0 -> V1 -> L2[L7[], L0[]], tr: L7[]
[16:08:22.488038]	Exploring 0: L0[], 1: L0[], Ebi: L2[L0[], L7[]], Eib: L2[L0[], L7[]], Eii: L2[L7[], L7[]], put: L2[V2, V3] -> V0 -> V1 -> L2[L7[], L7[]], tr: L7[]
[16:08:22.488365]	Exploring 0: L0[], 1: L0[], Ebi: L2[L0[], L7[]], Eib: L2[L0[], L7[]], Eii: L2[L7[], L7[]], put: L2[V2, V3] -> V0 -> V1 -> L2[L7[], V0], tr: L7[]
[16:08:22.488705]	Exploring 0: L0[], 1: L0[], Ebi: L2[L0[], L7[]], Eib: L2[L0[], L7[]], Eii: L2[L7[], L7[]], put: L2[V2, V3] -> V0 -> V1 -> L2[L7[], V1], tr: L7[]
[16:08:22.489020]	Exploring 0: L0[], 1: L0[], Ebi: L2[L0[], L7[]], Eib: L2[L0[], L7[]], Eii: L2[L7[], L7[]], put: L2[V2, V3] -> V0 -> V1 -> L2[L7[], V2], tr: L7[]
[16:08:22.489328]	Exploring 0: L0[], 1: L0[], Ebi: L2[L0[], L7[]], Eib: L2[L0[], L7[]], Eii: L2[L7[], L7[]], put: L2[V2, V3] -> V0 -> V1 -> L2[L7[], V3], tr: L7[]
[16:08:22.489641]	Exploring 0: L0[], 1: L0[], Ebi: L2[L0[], L7[]], Eib: L2[L0[], L7[]], Eii: L2[L7[], L7[]], put: L2[V2, V3] -> V0 -> V1 -> L2[V0, _9_], tr: L7[]
[16:08:22.489852]	Exploring 0: L0[], 1: L0[], Ebi: L2[L0[], L7[]], Eib: L2[L0[], L7[]], Eii: L2[L7[], L7[]], put: L2[V2, V3] -> V0 -> V1 -> L2[V0, L0[]], tr: L7[]
[16:08:22.490182]	Exploring 0: L0[], 1: L0[], Ebi: L2[L0[], L7[]], Eib: L2[L0[], L7[]], Eii: L2[L7[], L7[]], put: L2[V2, V3] -> V0 -> V1 -> L2[V0, L7[]], tr: L7[]
[16:08:22.490513]	Exploring 0: L0[], 1: L0[], Ebi: L2[L0[], L7[]], Eib: L2[L0[], L7[]], Eii: L2[L7[], L7[]], put: L2[V2, V3] -> V0 -> V1 -> L2[V0, V0], tr: L7[]
[16:08:22.490834]	Exploring 0: L0[], 1: L0[], Ebi: L2[L0[], L7[]], Eib: L2[L0[], L7[]], Eii: L2[L7[], L7[]], put: L2[V2, V3] -> V0 -> V1 -> L2[V0, V1], tr: L7[]
[16:08:22.491162]	Exploring 0: L0[], 1: L0[], Ebi: L2[L0[], L7[]], Eib: L2[L0[], L7[]], Eii: L2[L7[], L7[]], put: L2[V2, V3] -> V0 -> V1 -> L2[V0, V2], tr: L7[]
[16:08:22.491497]	Exploring 0: L0[], 1: L0[], Ebi: L2[L0[], L7[]], Eib: L2[L0[], L7[]], Eii: L2[L7[], L7[]], put: L2[V2, V3] -> V0 -> V1 -> L2[V0, V3], tr: L7[]
[16:08:22.491824]	Exploring 0: L0[], 1: L0[], Ebi: L2[L0[], L7[]], Eib: L2[L0[], L7[]], Eii: L2[L7[], L7[]], put: L2[V2, V3] -> V0 -> V1 -> L2[V1, _9_], tr: L7[]
[16:08:22.492046]	Exploring 0: L0[], 1: L0[], Ebi: L2[L0[], L7[]], Eib: L2[L0[], L7[]], Eii: L2[L7[], L7[]], put: L2[V2, V3] -> V0 -> V1 -> L2[V1, L0[]], tr: L7[]
[16:08:22.492387]	Exploring 0: L0[], 1: L0[], Ebi: L2[L0[], L7[]], Eib: L2[L0[], L7[]], Eii: L2[L7[], L7[]], put: L2[V2, V3] -> V0 -> V1 -> L2[V1, L7[]], tr: L7[]
[16:08:22.492718]	Exploring 0: L0[], 1: L0[], Ebi: L2[L0[], L7[]], Eib: L2[L0[], L7[]], Eii: L2[L7[], L7[]], put: L2[V2, V3] -> V0 -> V1 -> L2[V1, V0], tr: L7[]
[16:08:22.493042]	Exploring 0: L0[], 1: L0[], Ebi: L2[L0[], L7[]], Eib: L2[L0[], L7[]], Eii: L2[L7[], L7[]], put: L2[V2, V3] -> V0 -> V1 -> L2[V1, V1], tr: L7[]
[16:08:22.493371]	Exploring 0: L0[], 1: L0[], Ebi: L2[L0[], L7[]], Eib: L2[L0[], L7[]], Eii: L2[L7[], L7[]], put: L2[V2, V3] -> V0 -> V1 -> L2[V1, V2], tr: L7[]
[16:08:22.493693]	Exploring 0: L0[], 1: L0[], Ebi: L2[L0[], L7[]], Eib: L2[L0[], L7[]], Eii: L2[L7[], L7[]], put: L2[V2, V3] -> V0 -> V1 -> L2[V1, V3], tr: L7[]
[16:08:22.493996]	Exploring 0: L0[], 1: L0[], Ebi: L2[L0[], L7[]], Eib: L2[L0[], L7[]], Eii: L2[L7[], L7[]], put: L2[V2, V3] -> V0 -> V1 -> L2[V2, _9_], tr: L7[]
[16:08:22.494217]	Exploring 0: L0[], 1: L0[], Ebi: L2[L0[], L7[]], Eib: L2[L0[], L7[]], Eii: L2[L7[], L7[]], put: L2[V2, V3] -> V0 -> V1 -> L2[V2, L0[]], tr: L7[]
[16:08:22.494527]	Exploring 0: L0[], 1: L0[], Ebi: L2[L0[], L7[]], Eib: L2[L0[], L7[]], Eii: L2[L7[], L7[]], put: L2[V2, V3] -> V0 -> V1 -> L2[V2, L7[]], tr: L7[]
[16:08:22.494844]	Exploring 0: L0[], 1: L0[], Ebi: L2[L0[], L7[]], Eib: L2[L0[], L7[]], Eii: L2[L7[], L7[]], put: L2[V2, V3] -> V0 -> V1 -> L2[V2, V0], tr: L7[]
[16:08:22.495165]	Exploring 0: L0[], 1: L0[], Ebi: L2[L0[], L7[]], Eib: L2[L0[], L7[]], Eii: L2[L7[], L7[]], put: L2[V2, V3] -> V0 -> V1 -> L2[V2, V1], tr: L7[]
[16:08:22.495554]	Exploring 0: L0[], 1: L0[], Ebi: L2[L0[], L7[]], Eib: L2[L0[], L7[]], Eii: L2[L7[], L7[]], put: L2[V2, V3] -> V0 -> V1 -> L2[V2, V2], tr: L7[]
[16:08:22.495850]	Exploring 0: L0[], 1: L0[], Ebi: L2[L0[], L7[]], Eib: L2[L0[], L7[]], Eii: L2[L7[], L7[]], put: L2[V2, V3] -> V0 -> V1 -> L2[V2, V3], tr: L7[]
[16:08:22.496157]	Exploring 0: L0[], 1: L0[], Ebi: L2[L0[], L7[]], Eib: L2[L0[], L7[]], Eii: L2[L7[], L7[]], put: L2[V2, V3] -> V0 -> V1 -> L2[V3, _9_], tr: L7[]
[16:08:22.496343]	Exploring 0: L0[], 1: L0[], Ebi: L2[L0[], L7[]], Eib: L2[L0[], L7[]], Eii: L2[L7[], L7[]], put: L2[V2, V3] -> V0 -> V1 -> L2[V3, L0[]], tr: L7[]
[16:08:22.496655]	Exploring 0: L0[], 1: L0[], Ebi: L2[L0[], L7[]], Eib: L2[L0[], L7[]], Eii: L2[L7[], L7[]], put: L2[V2, V3] -> V0 -> V1 -> L2[V3, L7[]], tr: L7[]
[16:08:22.496969]	Exploring 0: L0[], 1: L0[], Ebi: L2[L0[], L7[]], Eib: L2[L0[], L7[]], Eii: L2[L7[], L7[]], put: L2[V2, V3] -> V0 -> V1 -> L2[V3, V0], tr: L7[]
[16:08:22.497309]	Exploring 0: L0[], 1: L0[], Ebi: L2[L0[], L7[]], Eib: L2[L0[], L7[]], Eii: L2[L7[], L7[]], put: L2[V2, V3] -> V0 -> V1 -> L2[V3, V1], tr: L7[]
[16:08:22.497636]	Exploring 0: L0[], 1: L0[], Ebi: L2[L0[], L7[]], Eib: L2[L0[], L7[]], Eii: L2[L7[], L7[]], put: L2[V2, V3] -> V0 -> V1 -> L2[V3, V2], tr: L7[]
[16:08:22.497948]	Exploring 0: L0[], 1: L0[], Ebi: L2[L0[], L7[]], Eib: L2[L0[], L7[]], Eii: L2[L7[], L7[]], put: L2[V2, V3] -> V0 -> V1 -> L2[V3, V3], tr: L7[]
[16:08:22.498216]	Exploring 0: L0[], 1: L0[], Ebi: L2[L0[], L7[]], Eib: L2[L7[], _3_], Eii: L2[_4_, _5_], put: L2[_6_, _7_] -> V0 -> V1 -> L2[_8_, _9_], tr: L7[]
[16:08:22.498347]	Exploring 0: L0[], 1: L0[], Ebi: L2[L0[], L7[]], Eib: L2[L7[], L0[]], Eii: L2[_4_, _5_], put: L2[_6_, _7_] -> V0 -> V1 -> L2[_8_, _9_], tr: L7[]
[16:08:22.498461]	Exploring 0: L0[], 1: L0[], Ebi: L2[L0[], L7[]], Eib: L2[L7[], L0[]], Eii: L2[L0[], _5_], put: L2[_6_, _7_] -> V0 -> V1 -> L2[_8_, _9_], tr: L7[]
[16:08:22.498576]	Exploring 0: L0[], 1: L0[], Ebi: L2[L0[], L7[]], Eib: L2[L7[], L0[]], Eii: L2[L0[], L0[]], put: L2[_6_, _7_] -> V0 -> V1 -> L2[_8_, _9_], tr: L7[]
[16:08:22.498743]	Exploring 0: L0[], 1: L0[], Ebi: L2[L0[], L7[]], Eib: L2[L7[], L0[]], Eii: L2[L0[], L0[]], put: L2[V1, _7_] -> V0 -> V1 -> L2[_8_, _9_], tr: L7[]
[16:08:22.498912]	Exploring 0: L0[], 1: L0[], Ebi: L2[L0[], L7[]], Eib: L2[L7[], L0[]], Eii: L2[L0[], L0[]], put: L2[V1, V0] -> V0 -> V1 -> L2[_8_, _9_], tr: L7[]
[16:08:22.499087]	Exploring 0: L0[], 1: L0[], Ebi: L2[L0[], L7[]], Eib: L2[L7[], L0[]], Eii: L2[L0[], L0[]], put: L2[V1, V0] -> V0 -> V1 -> L2[V1, _9_], tr: L7[]
[16:08:22.499296]	Exploring 0: L0[], 1: L0[], Ebi: L2[L0[], L7[]], Eib: L2[L7[], L0[]], Eii: L2[L0[], L0[]], put: L2[V1, V0] -> V0 -> V1 -> L2[V1, V0], tr: L7[]
[16:08:22.499734]	Exploring 0: L0[], 1: L0[], Ebi: L2[L0[], L7[]], Eib: L2[L7[], L0[]], Eii: L2[L0[], L0[]], put: L2[V1, V2] -> V0 -> V1 -> L2[_8_, _9_], tr: L7[]
[16:08:22.499973]	Exploring 0: L0[], 1: L0[], Ebi: L2[L0[], L7[]], Eib: L2[L7[], L0[]], Eii: L2[L0[], L0[]], put: L2[V1, V2] -> V0 -> V1 -> L2[V1, _9_], tr: L7[]
[16:08:22.500146]	Exploring 0: L0[], 1: L0[], Ebi: L2[L0[], L7[]], Eib: L2[L7[], L0[]], Eii: L2[L0[], L0[]], put: L2[V1, V2] -> V0 -> V1 -> L2[V1, L0[]], tr: L7[]
[16:08:22.500426]	Exploring 0: L0[], 1: L0[], Ebi: L2[L0[], L7[]], Eib: L2[L7[], L0[]], Eii: L2[L0[], L0[]], put: L2[V1, V2] -> V0 -> V1 -> L2[V1, L7[]], tr: L7[]
[16:08:22.500710]	Exploring 0: L0[], 1: L0[], Ebi: L2[L0[], L7[]], Eib: L2[L7[], L0[]], Eii: L2[L0[], L0[]], put: L2[V1, V2] -> V0 -> V1 -> L2[V1, V0], tr: L7[]
[16:08:22.500987]	Exploring 0: L0[], 1: L0[], Ebi: L2[L0[], L7[]], Eib: L2[L7[], L0[]], Eii: L2[L0[], L0[]], put: L2[V1, V2] -> V0 -> V1 -> L2[V1, V1], tr: L7[]
[16:08:22.501277]	Exploring 0: L0[], 1: L0[], Ebi: L2[L0[], L7[]], Eib: L2[L7[], L0[]], Eii: L2[L0[], L0[]], put: L2[V1, V2] -> V0 -> V1 -> L2[V1, V2], tr: L7[]
[16:08:22.501564]	Exploring 0: L0[], 1: L0[], Ebi: L2[L0[], L7[]], Eib: L2[L7[], L0[]], Eii: L2[L0[], L0[]], put: L2[V2, _7_] -> V0 -> V1 -> L2[_8_, _9_], tr: L7[]
[16:08:22.501713]	Exploring 0: L0[], 1: L0[], Ebi: L2[L0[], L7[]], Eib: L2[L7[], L0[]], Eii: L2[L0[], L0[]], put: L2[V2, V0] -> V0 -> V1 -> L2[_8_, _9_], tr: L7[]
[16:08:22.501862]	Exploring 0: L0[], 1: L0[], Ebi: L2[L0[], L7[]], Eib: L2[L7[], L0[]], Eii: L2[L0[], L0[]], put: L2[V2, V0] -> V0 -> V1 -> L2[L0[], _9_], tr: L7[]
[16:08:22.502082]	Exploring 0: L0[], 1: L0[], Ebi: L2[L0[], L7[]], Eib: L2[L7[], L0[]], Eii: L2[L0[], L0[]], put: L2[V2, V0] -> V0 -> V1 -> L2[L0[], V0], tr: L7[]
[16:08:22.502519]	Exploring 0: L0[], 1: L0[], Ebi: L2[L0[], L7[]], Eib: L2[L7[], L0[]], Eii: L2[L0[], L0[]], put: L2[V2, V0] -> V0 -> V1 -> L2[L7[], _9_], tr: L7[]
[16:08:22.502689]	Exploring 0: L0[], 1: L0[], Ebi: L2[L0[], L7[]], Eib: L2[L7[], L0[]], Eii: L2[L0[], L0[]], put: L2[V2, V0] -> V0 -> V1 -> L2[L7[], V0], tr: L7[]
[16:08:22.503145]	Exploring 0: L0[], 1: L0[], Ebi: L2[L0[], L7[]], Eib: L2[L7[], L0[]], Eii: L2[L0[], L0[]], put: L2[V2, V0] -> V0 -> V1 -> L2[V0, _9_], tr: L7[]
[16:08:22.503324]	Exploring 0: L0[], 1: L0[], Ebi: L2[L0[], L7[]], Eib: L2[L7[], L0[]], Eii: L2[L0[], L0[]], put: L2[V2, V0] -> V0 -> V1 -> L2[V0, V0], tr: L7[]
[16:08:22.503665]	Exploring 0: L0[], 1: L0[], Ebi: L2[L0[], L7[]], Eib: L2[L7[], L0[]], Eii: L2[L0[], L0[]], put: L2[V2, V0] -> V0 -> V1 -> L2[V1, _9_], tr: L7[]
[16:08:22.503826]	Exploring 0: L0[], 1: L0[], Ebi: L2[L0[], L7[]], Eib: L2[L7[], L0[]], Eii: L2[L0[], L0[]], put: L2[V2, V0] -> V0 -> V1 -> L2[V1, V0], tr: L7[]
[16:08:22.504245]	Exploring 0: L0[], 1: L0[], Ebi: L2[L0[], L7[]], Eib: L2[L7[], L0[]], Eii: L2[L0[], L0[]], put: L2[V2, V0] -> V0 -> V1 -> L2[V2, _9_], tr: L7[]
[16:08:22.504421]	Exploring 0: L0[], 1: L0[], Ebi: L2[L0[], L7[]], Eib: L2[L7[], L0[]], Eii: L2[L0[], L0[]], put: L2[V2, V0] -> V0 -> V1 -> L2[V2, V0], tr: L7[]
[16:08:22.504757]	Exploring 0: L0[], 1: L0[], Ebi: L2[L0[], L7[]], Eib: L2[L7[], L0[]], Eii: L2[L0[], L0[]], put: L2[V2, V3] -> V0 -> V1 -> L2[_8_, _9_], tr: L7[]
[16:08:22.504918]	Exploring 0: L0[], 1: L0[], Ebi: L2[L0[], L7[]], Eib: L2[L7[], L0[]], Eii: L2[L0[], L0[]], put: L2[V2, V3] -> V0 -> V1 -> L2[L0[], _9_], tr: L7[]
[16:08:22.505084]	Exploring 0: L0[], 1: L0[], Ebi: L2[L0[], L7[]], Eib: L2[L7[], L0[]], Eii: L2[L0[], L0[]], put: L2[V2, V3] -> V0 -> V1 -> L2[L0[], L0[]], tr: L7[]
[16:08:22.505492]	Exploring 0: L0[], 1: L0[], Ebi: L2[L0[], L7[]], Eib: L2[L7[], L0[]], Eii: L2[L0[], L0[]], put: L2[V2, V3] -> V0 -> V1 -> L2[L0[], L7[]], tr: L7[]
[16:08:22.505804]	Exploring 0: L0[], 1: L0[], Ebi: L2[L0[], L7[]], Eib: L2[L7[], L0[]], Eii: L2[L0[], L0[]], put: L2[V2, V3] -> V0 -> V1 -> L2[L0[], V0], tr: L7[]
[16:08:22.506138]	Exploring 0: L0[], 1: L0[], Ebi: L2[L0[], L7[]], Eib: L2[L7[], L0[]], Eii: L2[L0[], L0[]], put: L2[V2, V3] -> V0 -> V1 -> L2[L0[], V1], tr: L7[]
[16:08:22.506465]	Exploring 0: L0[], 1: L0[], Ebi: L2[L0[], L7[]], Eib: L2[L7[], L0[]], Eii: L2[L0[], L0[]], put: L2[V2, V3] -> V0 -> V1 -> L2[L0[], V2], tr: L7[]
[16:08:22.506764]	Exploring 0: L0[], 1: L0[], Ebi: L2[L0[], L7[]], Eib: L2[L7[], L0[]], Eii: L2[L0[], L0[]], put: L2[V2, V3] -> V0 -> V1 -> L2[L0[], V3], tr: L7[]
[16:08:22.507062]	Exploring 0: L0[], 1: L0[], Ebi: L2[L0[], L7[]], Eib: L2[L7[], L0[]], Eii: L2[L0[], L0[]], put: L2[V2, V3] -> V0 -> V1 -> L2[L7[], _9_], tr: L7[]
[16:08:22.507229]	Exploring 0: L0[], 1: L0[], Ebi: L2[L0[], L7[]], Eib: L2[L7[], L0[]], Eii: L2[L0[], L0[]], put: L2[V2, V3] -> V0 -> V1 -> L2[L7[], L0[]], tr: L7[]
[16:08:22.507526]	Exploring 0: L0[], 1: L0[], Ebi: L2[L0[], L7[]], Eib: L2[L7[], L0[]], Eii: L2[L0[], L0[]], put: L2[V2, V3] -> V0 -> V1 -> L2[L7[], L7[]], tr: L7[]
[16:08:22.507830]	Exploring 0: L0[], 1: L0[], Ebi: L2[L0[], L7[]], Eib: L2[L7[], L0[]], Eii: L2[L0[], L0[]], put: L2[V2, V3] -> V0 -> V1 -> L2[L7[], V0], tr: L7[]
[16:08:22.508164]	Exploring 0: L0[], 1: L0[], Ebi: L2[L0[], L7[]], Eib: L2[L7[], L0[]], Eii: L2[L0[], L0[]], put: L2[V2, V3] -> V0 -> V1 -> L2[L7[], V1], tr: L7[]
[16:08:22.508481]	Exploring 0: L0[], 1: L0[], Ebi: L2[L0[], L7[]], Eib: L2[L7[], L0[]], Eii: L2[L0[], L0[]], put: L2[V2, V3] -> V0 -> V1 -> L2[L7[], V2], tr: L7[]
[16:08:22.508899]	Exploring 0: L0[], 1: L0[], Ebi: L2[L0[], L7[]], Eib: L2[L7[], L0[]], Eii: L2[L0[], L0[]], put: L2[V2, V3] -> V0 -> V1 -> L2[L7[], V3], tr: L7[]
[16:08:22.509333]	Exploring 0: L0[], 1: L0[], Ebi: L2[L0[], L7[]], Eib: L2[L7[], L0[]], Eii: L2[L0[], L0[]], put: L2[V2, V3] -> V0 -> V1 -> L2[V0, _9_], tr: L7[]
[16:08:22.509525]	Exploring 0: L0[], 1: L0[], Ebi: L2[L0[], L7[]], Eib: L2[L7[], L0[]], Eii: L2[L0[], L0[]], put: L2[V2, V3] -> V0 -> V1 -> L2[V0, L0[]], tr: L7[]
[16:08:22.509850]	Exploring 0: L0[], 1: L0[], Ebi: L2[L0[], L7[]], Eib: L2[L7[], L0[]], Eii: L2[L0[], L0[]], put: L2[V2, V3] -> V0 -> V1 -> L2[V0, L7[]], tr: L7[]
[16:08:22.510282]	Exploring 0: L0[], 1: L0[], Ebi: L2[L0[], L7[]], Eib: L2[L7[], L0[]], Eii: L2[L0[], L0[]], put: L2[V2, V3] -> V0 -> V1 -> L2[V0, V0], tr: L7[]
[16:08:22.510613]	Exploring 0: L0[], 1: L0[], Ebi: L2[L0[], L7[]], Eib: L2[L7[], L0[]], Eii: L2[L0[], L0[]], put: L2[V2, V3] -> V0 -> V1 -> L2[V0, V1], tr: L7[]
[16:08:22.510935]	Exploring 0: L0[], 1: L0[], Ebi: L2[L0[], L7[]], Eib: L2[L7[], L0[]], Eii: L2[L0[], L0[]], put: L2[V2, V3] -> V0 -> V1 -> L2[V0, V2], tr: L7[]
[16:08:22.511261]	Exploring 0: L0[], 1: L0[], Ebi: L2[L0[], L7[]], Eib: L2[L7[], L0[]], Eii: L2[L0[], L0[]], put: L2[V2, V3] -> V0 -> V1 -> L2[V0, V3], tr: L7[]
[16:08:22.511623]	Exploring 0: L0[], 1: L0[], Ebi: L2[L0[], L7[]], Eib: L2[L7[], L0[]], Eii: L2[L0[], L0[]], put: L2[V2, V3] -> V0 -> V1 -> L2[V1, _9_], tr: L7[]
[16:08:22.511853]	Exploring 0: L0[], 1: L0[], Ebi: L2[L0[], L7[]], Eib: L2[L7[], L0[]], Eii: L2[L0[], L0[]], put: L2[V2, V3] -> V0 -> V1 -> L2[V1, L0[]], tr: L7[]
[16:08:22.512184]	Exploring 0: L0[], 1: L0[], Ebi: L2[L0[], L7[]], Eib: L2[L7[], L0[]], Eii: L2[L0[], L0[]], put: L2[V2, V3] -> V0 -> V1 -> L2[V1, L7[]], tr: L7[]
[16:08:22.512519]	Exploring 0: L0[], 1: L0[], Ebi: L2[L0[], L7[]], Eib: L2[L7[], L0[]], Eii: L2[L0[], L0[]], put: L2[V2, V3] -> V0 -> V1 -> L2[V1, V0], tr: L7[]
[16:08:22.512843]	Exploring 0: L0[], 1: L0[], Ebi: L2[L0[], L7[]], Eib: L2[L7[], L0[]], Eii: L2[L0[], L0[]], put: L2[V2, V3] -> V0 -> V1 -> L2[V1, V1], tr: L7[]
[16:08:22.513163]	Exploring 0: L0[], 1: L0[], Ebi: L2[L0[], L7[]], Eib: L2[L7[], L0[]], Eii: L2[L0[], L0[]], put: L2[V2, V3] -> V0 -> V1 -> L2[V1, V2], tr: L7[]
[16:08:22.513496]	Exploring 0: L0[], 1: L0[], Ebi: L2[L0[], L7[]], Eib: L2[L7[], L0[]], Eii: L2[L0[], L0[]], put: L2[V2, V3] -> V0 -> V1 -> L2[V1, V3], tr: L7[]
[16:08:22.513819]	Exploring 0: L0[], 1: L0[], Ebi: L2[L0[], L7[]], Eib: L2[L7[], L0[]], Eii: L2[L0[], L0[]], put: L2[V2, V3] -> V0 -> V1 -> L2[V2, _9_], tr: L7[]
[16:08:22.514003]	Exploring 0: L0[], 1: L0[], Ebi: L2[L0[], L7[]], Eib: L2[L7[], L0[]], Eii: L2[L0[], L0[]], put: L2[V2, V3] -> V0 -> V1 -> L2[V2, L0[]], tr: L7[]
[16:08:22.514293]	Exploring 0: L0[], 1: L0[], Ebi: L2[L0[], L7[]], Eib: L2[L7[], L0[]], Eii: L2[L0[], L0[]], put: L2[V2, V3] -> V0 -> V1 -> L2[V2, L7[]], tr: L7[]
[16:08:22.514609]	Exploring 0: L0[], 1: L0[], Ebi: L2[L0[], L7[]], Eib: L2[L7[], L0[]], Eii: L2[L0[], L0[]], put: L2[V2, V3] -> V0 -> V1 -> L2[V2, V0], tr: L7[]
[16:08:22.514930]	Exploring 0: L0[], 1: L0[], Ebi: L2[L0[], L7[]], Eib: L2[L7[], L0[]], Eii: L2[L0[], L0[]], put: L2[V2, V3] -> V0 -> V1 -> L2[V2, V1], tr: L7[]
[16:08:22.515237]	Exploring 0: L0[], 1: L0[], Ebi: L2[L0[], L7[]], Eib: L2[L7[], L0[]], Eii: L2[L0[], L0[]], put: L2[V2, V3] -> V0 -> V1 -> L2[V2, V2], tr: L7[]
[16:08:22.515584]	Exploring 0: L0[], 1: L0[], Ebi: L2[L0[], L7[]], Eib: L2[L7[], L0[]], Eii: L2[L0[], L0[]], put: L2[V2, V3] -> V0 -> V1 -> L2[V2, V3], tr: L7[]
[16:08:22.515893]	Exploring 0: L0[], 1: L0[], Ebi: L2[L0[], L7[]], Eib: L2[L7[], L0[]], Eii: L2[L0[], L0[]], put: L2[V2, V3] -> V0 -> V1 -> L2[V3, _9_], tr: L7[]
[16:08:22.516076]	Exploring 0: L0[], 1: L0[], Ebi: L2[L0[], L7[]], Eib: L2[L7[], L0[]], Eii: L2[L0[], L0[]], put: L2[V2, V3] -> V0 -> V1 -> L2[V3, L0[]], tr: L7[]
[16:08:22.516382]	Exploring 0: L0[], 1: L0[], Ebi: L2[L0[], L7[]], Eib: L2[L7[], L0[]], Eii: L2[L0[], L0[]], put: L2[V2, V3] -> V0 -> V1 -> L2[V3, L7[]], tr: L7[]
[16:08:22.516700]	Exploring 0: L0[], 1: L0[], Ebi: L2[L0[], L7[]], Eib: L2[L7[], L0[]], Eii: L2[L0[], L0[]], put: L2[V2, V3] -> V0 -> V1 -> L2[V3, V0], tr: L7[]
[16:08:22.517022]	Exploring 0: L0[], 1: L0[], Ebi: L2[L0[], L7[]], Eib: L2[L7[], L0[]], Eii: L2[L0[], L0[]], put: L2[V2, V3] -> V0 -> V1 -> L2[V3, V1], tr: L7[]
[16:08:22.517337]	Exploring 0: L0[], 1: L0[], Ebi: L2[L0[], L7[]], Eib: L2[L7[], L0[]], Eii: L2[L0[], L0[]], put: L2[V2, V3] -> V0 -> V1 -> L2[V3, V2], tr: L7[]
[16:08:22.517636]	Exploring 0: L0[], 1: L0[], Ebi: L2[L0[], L7[]], Eib: L2[L7[], L0[]], Eii: L2[L0[], L0[]], put: L2[V2, V3] -> V0 -> V1 -> L2[V3, V3], tr: L7[]
[16:08:22.517897]	Exploring 0: L0[], 1: L0[], Ebi: L2[L0[], L7[]], Eib: L2[L7[], L0[]], Eii: L2[L0[], L7[]], put: L2[_6_, _7_] -> V0 -> V1 -> L2[_8_, _9_], tr: L7[]
[16:08:22.518047]	Exploring 0: L0[], 1: L0[], Ebi: L2[L0[], L7[]], Eib: L2[L7[], L0[]], Eii: L2[L0[], L7[]], put: L2[V1, _7_] -> V0 -> V1 -> L2[_8_, _9_], tr: L7[]
[16:08:22.518247]	Exploring 0: L0[], 1: L0[], Ebi: L2[L0[], L7[]], Eib: L2[L7[], L0[]], Eii: L2[L0[], L7[]], put: L2[V1, V2] -> V0 -> V1 -> L2[_8_, _9_], tr: L7[]
[16:08:22.518422]	Exploring 0: L0[], 1: L0[], Ebi: L2[L0[], L7[]], Eib: L2[L7[], L0[]], Eii: L2[L0[], L7[]], put: L2[V1, V2] -> V0 -> V1 -> L2[V1, _9_], tr: L7[]
[16:08:22.518574]	Exploring 0: L0[], 1: L0[], Ebi: L2[L0[], L7[]], Eib: L2[L7[], L0[]], Eii: L2[L0[], L7[]], put: L2[V1, V2] -> V0 -> V1 -> L2[V1, L0[]], tr: L7[]
[16:08:22.518836]	Exploring 0: L0[], 1: L0[], Ebi: L2[L0[], L7[]], Eib: L2[L7[], L0[]], Eii: L2[L0[], L7[]], put: L2[V1, V2] -> V0 -> V1 -> L2[V1, L7[]], tr: L7[]
[16:08:22.519131]	Exploring 0: L0[], 1: L0[], Ebi: L2[L0[], L7[]], Eib: L2[L7[], L0[]], Eii: L2[L0[], L7[]], put: L2[V1, V2] -> V0 -> V1 -> L2[V1, V0], tr: L7[]
[16:08:22.519435]	Exploring 0: L0[], 1: L0[], Ebi: L2[L0[], L7[]], Eib: L2[L7[], L0[]], Eii: L2[L0[], L7[]], put: L2[V1, V2] -> V0 -> V1 -> L2[V1, V1], tr: L7[]
[16:08:22.519714]	Exploring 0: L0[], 1: L0[], Ebi: L2[L0[], L7[]], Eib: L2[L7[], L0[]], Eii: L2[L0[], L7[]], put: L2[V1, V2] -> V0 -> V1 -> L2[V1, V2], tr: L7[]
[16:08:22.520005]	Exploring 0: L0[], 1: L0[], Ebi: L2[L0[], L7[]], Eib: L2[L7[], L0[]], Eii: L2[L0[], L7[]], put: L2[V2, _7_] -> V0 -> V1 -> L2[_8_, _9_], tr: L7[]
[16:08:22.520248]	Exploring 0: L0[], 1: L0[], Ebi: L2[L0[], L7[]], Eib: L2[L7[], L0[]], Eii: L2[L0[], L7[]], put: L2[V2, V3] -> V0 -> V1 -> L2[_8_, _9_], tr: L7[]
[16:08:22.520419]	Exploring 0: L0[], 1: L0[], Ebi: L2[L0[], L7[]], Eib: L2[L7[], L0[]], Eii: L2[L0[], L7[]], put: L2[V2, V3] -> V0 -> V1 -> L2[L0[], _9_], tr: L7[]
[16:08:22.520579]	Exploring 0: L0[], 1: L0[], Ebi: L2[L0[], L7[]], Eib: L2[L7[], L0[]], Eii: L2[L0[], L7[]], put: L2[V2, V3] -> V0 -> V1 -> L2[L0[], L0[]], tr: L7[]
[16:08:22.520853]	Exploring 0: L0[], 1: L0[], Ebi: L2[L0[], L7[]], Eib: L2[L7[], L0[]], Eii: L2[L0[], L7[]], put: L2[V2, V3] -> V0 -> V1 -> L2[L0[], L7[]], tr: L7[]
[16:08:22.521155]	Exploring 0: L0[], 1: L0[], Ebi: L2[L0[], L7[]], Eib: L2[L7[], L0[]], Eii: L2[L0[], L7[]], put: L2[V2, V3] -> V0 -> V1 -> L2[L0[], V0], tr: L7[]
[16:08:22.521500]	Exploring 0: L0[], 1: L0[], Ebi: L2[L0[], L7[]], Eib: L2[L7[], L0[]], Eii: L2[L0[], L7[]], put: L2[V2, V3] -> V0 -> V1 -> L2[L0[], V1], tr: L7[]
[16:08:22.521817]	Exploring 0: L0[], 1: L0[], Ebi: L2[L0[], L7[]], Eib: L2[L7[], L0[]], Eii: L2[L0[], L7[]], put: L2[V2, V3] -> V0 -> V1 -> L2[L0[], V2], tr: L7[]
[16:08:22.522114]	Exploring 0: L0[], 1: L0[], Ebi: L2[L0[], L7[]], Eib: L2[L7[], L0[]], Eii: L2[L0[], L7[]], put: L2[V2, V3] -> V0 -> V1 -> L2[L0[], V3], tr: L7[]
[16:08:22.522422]	Exploring 0: L0[], 1: L0[], Ebi: L2[L0[], L7[]], Eib: L2[L7[], L0[]], Eii: L2[L0[], L7[]], put: L2[V2, V3] -> V0 -> V1 -> L2[L7[], _9_], tr: L7[]
[16:08:22.522587]	Exploring 0: L0[], 1: L0[], Ebi: L2[L0[], L7[]], Eib: L2[L7[], L0[]], Eii: L2[L0[], L7[]], put: L2[V2, V3] -> V0 -> V1 -> L2[L7[], L0[]], tr: L7[]
[16:08:22.522878]	Exploring 0: L0[], 1: L0[], Ebi: L2[L0[], L7[]], Eib: L2[L7[], L0[]], Eii: L2[L0[], L7[]], put: L2[V2, V3] -> V0 -> V1 -> L2[L7[], L7[]], tr: L7[]
[16:08:22.523197]	Exploring 0: L0[], 1: L0[], Ebi: L2[L0[], L7[]], Eib: L2[L7[], L0[]], Eii: L2[L0[], L7[]], put: L2[V2, V3] -> V0 -> V1 -> L2[L7[], V0], tr: L7[]
[16:08:22.523561]	Exploring 0: L0[], 1: L0[], Ebi: L2[L0[], L7[]], Eib: L2[L7[], L0[]], Eii: L2[L0[], L7[]], put: L2[V2, V3] -> V0 -> V1 -> L2[L7[], V1], tr: L7[]
[16:08:22.523882]	Exploring 0: L0[], 1: L0[], Ebi: L2[L0[], L7[]], Eib: L2[L7[], L0[]], Eii: L2[L0[], L7[]], put: L2[V2, V3] -> V0 -> V1 -> L2[L7[], V2], tr: L7[]
[16:08:22.524188]	Exploring 0: L0[], 1: L0[], Ebi: L2[L0[], L7[]], Eib: L2[L7[], L0[]], Eii: L2[L0[], L7[]], put: L2[V2, V3] -> V0 -> V1 -> L2[L7[], V3], tr: L7[]
[16:08:22.524552]	Exploring 0: L0[], 1: L0[], Ebi: L2[L0[], L7[]], Eib: L2[L7[], L0[]], Eii: L2[L0[], L7[]], put: L2[V2, V3] -> V0 -> V1 -> L2[V0, _9_], tr: L7[]
[16:08:22.524747]	Exploring 0: L0[], 1: L0[], Ebi: L2[L0[], L7[]], Eib: L2[L7[], L0[]], Eii: L2[L0[], L7[]], put: L2[V2, V3] -> V0 -> V1 -> L2[V0, L0[]], tr: L7[]
[16:08:22.525074]	Exploring 0: L0[], 1: L0[], Ebi: L2[L0[], L7[]], Eib: L2[L7[], L0[]], Eii: L2[L0[], L7[]], put: L2[V2, V3] -> V0 -> V1 -> L2[V0, L7[]], tr: L7[]
[16:08:22.525391]	Exploring 0: L0[], 1: L0[], Ebi: L2[L0[], L7[]], Eib: L2[L7[], L0[]], Eii: L2[L0[], L7[]], put: L2[V2, V3] -> V0 -> V1 -> L2[V0, V0], tr: L7[]
[16:08:22.525719]	Exploring 0: L0[], 1: L0[], Ebi: L2[L0[], L7[]], Eib: L2[L7[], L0[]], Eii: L2[L0[], L7[]], put: L2[V2, V3] -> V0 -> V1 -> L2[V0, V1], tr: L7[]
[16:08:22.526042]	Exploring 0: L0[], 1: L0[], Ebi: L2[L0[], L7[]], Eib: L2[L7[], L0[]], Eii: L2[L0[], L7[]], put: L2[V2, V3] -> V0 -> V1 -> L2[V0, V2], tr: L7[]
[16:08:22.526363]	Exploring 0: L0[], 1: L0[], Ebi: L2[L0[], L7[]], Eib: L2[L7[], L0[]], Eii: L2[L0[], L7[]], put: L2[V2, V3] -> V0 -> V1 -> L2[V0, V3], tr: L7[]
[16:08:22.526685]	Exploring 0: L0[], 1: L0[], Ebi: L2[L0[], L7[]], Eib: L2[L7[], L0[]], Eii: L2[L0[], L7[]], put: L2[V2, V3] -> V0 -> V1 -> L2[V1, _9_], tr: L7[]
[16:08:22.526877]	Exploring 0: L0[], 1: L0[], Ebi: L2[L0[], L7[]], Eib: L2[L7[], L0[]], Eii: L2[L0[], L7[]], put: L2[V2, V3] -> V0 -> V1 -> L2[V1, L0[]], tr: L7[]
[16:08:22.527203]	Exploring 0: L0[], 1: L0[], Ebi: L2[L0[], L7[]], Eib: L2[L7[], L0[]], Eii: L2[L0[], L7[]], put: L2[V2, V3] -> V0 -> V1 -> L2[V1, L7[]], tr: L7[]
[16:08:22.527589]	Exploring 0: L0[], 1: L0[], Ebi: L2[L0[], L7[]], Eib: L2[L7[], L0[]], Eii: L2[L0[], L7[]], put: L2[V2, V3] -> V0 -> V1 -> L2[V1, V0], tr: L7[]
[16:08:22.527938]	Exploring 0: L0[], 1: L0[], Ebi: L2[L0[], L7[]], Eib: L2[L7[], L0[]], Eii: L2[L0[], L7[]], put: L2[V2, V3] -> V0 -> V1 -> L2[V1, V1], tr: L7[]
[16:08:22.528278]	Exploring 0: L0[], 1: L0[], Ebi: L2[L0[], L7[]], Eib: L2[L7[], L0[]], Eii: L2[L0[], L7[]], put: L2[V2, V3] -> V0 -> V1 -> L2[V1, V2], tr: L7[]
[16:08:22.528588]	Exploring 0: L0[], 1: L0[], Ebi: L2[L0[], L7[]], Eib: L2[L7[], L0[]], Eii: L2[L0[], L7[]], put: L2[V2, V3] -> V0 -> V1 -> L2[V1, V3], tr: L7[]
[16:08:22.528885]	Exploring 0: L0[], 1: L0[], Ebi: L2[L0[], L7[]], Eib: L2[L7[], L0[]], Eii: L2[L0[], L7[]], put: L2[V2, V3] -> V0 -> V1 -> L2[V2, _9_], tr: L7[]
[16:08:22.529062]	Exploring 0: L0[], 1: L0[], Ebi: L2[L0[], L7[]], Eib: L2[L7[], L0[]], Eii: L2[L0[], L7[]], put: L2[V2, V3] -> V0 -> V1 -> L2[V2, L0[]], tr: L7[]
[16:08:22.529375]	Exploring 0: L0[], 1: L0[], Ebi: L2[L0[], L7[]], Eib: L2[L7[], L0[]], Eii: L2[L0[], L7[]], put: L2[V2, V3] -> V0 -> V1 -> L2[V2, L7[]], tr: L7[]
[16:08:22.529684]	Exploring 0: L0[], 1: L0[], Ebi: L2[L0[], L7[]], Eib: L2[L7[], L0[]], Eii: L2[L0[], L7[]], put: L2[V2, V3] -> V0 -> V1 -> L2[V2, V0], tr: L7[]
[16:08:22.530013]	Exploring 0: L0[], 1: L0[], Ebi: L2[L0[], L7[]], Eib: L2[L7[], L0[]], Eii: L2[L0[], L7[]], put: L2[V2, V3] -> V0 -> V1 -> L2[V2, V1], tr: L7[]
[16:08:22.530324]	Exploring 0: L0[], 1: L0[], Ebi: L2[L0[], L7[]], Eib: L2[L7[], L0[]], Eii: L2[L0[], L7[]], put: L2[V2, V3] -> V0 -> V1 -> L2[V2, V2], tr: L7[]
[16:08:22.530619]	Exploring 0: L0[], 1: L0[], Ebi: L2[L0[], L7[]], Eib: L2[L7[], L0[]], Eii: L2[L0[], L7[]], put: L2[V2, V3] -> V0 -> V1 -> L2[V2, V3], tr: L7[]
[16:08:22.530931]	Exploring 0: L0[], 1: L0[], Ebi: L2[L0[], L7[]], Eib: L2[L7[], L0[]], Eii: L2[L0[], L7[]], put: L2[V2, V3] -> V0 -> V1 -> L2[V3, _9_], tr: L7[]
[16:08:22.531118]	Exploring 0: L0[], 1: L0[], Ebi: L2[L0[], L7[]], Eib: L2[L7[], L0[]], Eii: L2[L0[], L7[]], put: L2[V2, V3] -> V0 -> V1 -> L2[V3, L0[]], tr: L7[]
[16:08:22.531443]	Exploring 0: L0[], 1: L0[], Ebi: L2[L0[], L7[]], Eib: L2[L7[], L0[]], Eii: L2[L0[], L7[]], put: L2[V2, V3] -> V0 -> V1 -> L2[V3, L7[]], tr: L7[]
[16:08:22.531760]	Exploring 0: L0[], 1: L0[], Ebi: L2[L0[], L7[]], Eib: L2[L7[], L0[]], Eii: L2[L0[], L7[]], put: L2[V2, V3] -> V0 -> V1 -> L2[V3, V0], tr: L7[]
[16:08:22.532080]	Exploring 0: L0[], 1: L0[], Ebi: L2[L0[], L7[]], Eib: L2[L7[], L0[]], Eii: L2[L0[], L7[]], put: L2[V2, V3] -> V0 -> V1 -> L2[V3, V1], tr: L7[]
[16:08:22.532396]	Exploring 0: L0[], 1: L0[], Ebi: L2[L0[], L7[]], Eib: L2[L7[], L0[]], Eii: L2[L0[], L7[]], put: L2[V2, V3] -> V0 -> V1 -> L2[V3, V2], tr: L7[]
[16:08:22.532696]	Exploring 0: L0[], 1: L0[], Ebi: L2[L0[], L7[]], Eib: L2[L7[], L0[]], Eii: L2[L0[], L7[]], put: L2[V2, V3] -> V0 -> V1 -> L2[V3, V3], tr: L7[]
[16:08:22.532954]	Exploring 0: L0[], 1: L0[], Ebi: L2[L0[], L7[]], Eib: L2[L7[], L0[]], Eii: L2[L7[], _5_], put: L2[_6_, _7_] -> V0 -> V1 -> L2[_8_, _9_], tr: L7[]
[16:08:22.533067]	Exploring 0: L0[], 1: L0[], Ebi: L2[L0[], L7[]], Eib: L2[L7[], L0[]], Eii: L2[L7[], L0[]], put: L2[_6_, _7_] -> V0 -> V1 -> L2[_8_, _9_], tr: L7[]
[16:08:22.533261]	Exploring 0: L0[], 1: L0[], Ebi: L2[L0[], L7[]], Eib: L2[L7[], L0[]], Eii: L2[L7[], L0[]], put: L2[V2, _7_] -> V0 -> V1 -> L2[_8_, _9_], tr: L7[]
[16:08:22.533414]	Exploring 0: L0[], 1: L0[], Ebi: L2[L0[], L7[]], Eib: L2[L7[], L0[]], Eii: L2[L7[], L0[]], put: L2[V2, V0] -> V0 -> V1 -> L2[_8_, _9_], tr: L7[]
[16:08:22.533564]	Exploring 0: L0[], 1: L0[], Ebi: L2[L0[], L7[]], Eib: L2[L7[], L0[]], Eii: L2[L7[], L0[]], put: L2[V2, V0] -> V0 -> V1 -> L2[L0[], _9_], tr: L7[]
[16:08:22.533732]	Exploring 0: L0[], 1: L0[], Ebi: L2[L0[], L7[]], Eib: L2[L7[], L0[]], Eii: L2[L7[], L0[]], put: L2[V2, V0] -> V0 -> V1 -> L2[L0[], V0], tr: L7[]
[16:08:22.534069]	Exploring 0: L0[], 1: L0[], Ebi: L2[L0[], L7[]], Eib: L2[L7[], L0[]], Eii: L2[L7[], L0[]], put: L2[V2, V0] -> V0 -> V1 -> L2[L7[], _9_], tr: L7[]
[16:08:22.534293]	Exploring 0: L0[], 1: L0[], Ebi: L2[L0[], L7[]], Eib: L2[L7[], L0[]], Eii: L2[L7[], L0[]], put: L2[V2, V0] -> V0 -> V1 -> L2[L7[], V0], tr: L7[]
[16:08:22.534753]	Exploring 0: L0[], 1: L0[], Ebi: L2[L0[], L7[]], Eib: L2[L7[], L0[]], Eii: L2[L7[], L0[]], put: L2[V2, V0] -> V0 -> V1 -> L2[V0, _9_], tr: L7[]
[16:08:22.534922]	Exploring 0: L0[], 1: L0[], Ebi: L2[L0[], L7[]], Eib: L2[L7[], L0[]], Eii: L2[L7[], L0[]], put: L2[V2, V0] -> V0 -> V1 -> L2[V0, V0], tr: L7[]
[16:08:22.535245]	Exploring 0: L0[], 1: L0[], Ebi: L2[L0[], L7[]], Eib: L2[L7[], L0[]], Eii: L2[L7[], L0[]], put: L2[V2, V0] -> V0 -> V1 -> L2[V1, _9_], tr: L7[]
[16:08:22.535452]	Exploring 0: L0[], 1: L0[], Ebi: L2[L0[], L7[]], Eib: L2[L7[], L0[]], Eii: L2[L7[], L0[]], put: L2[V2, V0] -> V0 -> V1 -> L2[V1, V0], tr: L7[]
[16:08:22.535770]	Exploring 0: L0[], 1: L0[], Ebi: L2[L0[], L7[]], Eib: L2[L7[], L0[]], Eii: L2[L7[], L0[]], put: L2[V2, V0] -> V0 -> V1 -> L2[V2, _9_], tr: L7[]
[16:08:22.535936]	Exploring 0: L0[], 1: L0[], Ebi: L2[L0[], L7[]], Eib: L2[L7[], L0[]], Eii: L2[L7[], L0[]], put: L2[V2, V0] -> V0 -> V1 -> L2[V2, V0], tr: L7[]
[16:08:22.536268]	Exploring 0: L0[], 1: L0[], Ebi: L2[L0[], L7[]], Eib: L2[L7[], L0[]], Eii: L2[L7[], L0[]], put: L2[V2, V3] -> V0 -> V1 -> L2[_8_, _9_], tr: L7[]
[16:08:22.536429]	Exploring 0: L0[], 1: L0[], Ebi: L2[L0[], L7[]], Eib: L2[L7[], L0[]], Eii: L2[L7[], L0[]], put: L2[V2, V3] -> V0 -> V1 -> L2[L0[], _9_], tr: L7[]
[16:08:22.536595]	Exploring 0: L0[], 1: L0[], Ebi: L2[L0[], L7[]], Eib: L2[L7[], L0[]], Eii: L2[L7[], L0[]], put: L2[V2, V3] -> V0 -> V1 -> L2[L0[], L0[]], tr: L7[]
[16:08:22.536883]	Exploring 0: L0[], 1: L0[], Ebi: L2[L0[], L7[]], Eib: L2[L7[], L0[]], Eii: L2[L7[], L0[]], put: L2[V2, V3] -> V0 -> V1 -> L2[L0[], L7[]], tr: L7[]
[16:08:22.537198]	Exploring 0: L0[], 1: L0[], Ebi: L2[L0[], L7[]], Eib: L2[L7[], L0[]], Eii: L2[L7[], L0[]], put: L2[V2, V3] -> V0 -> V1 -> L2[L0[], V0], tr: L7[]
[16:08:22.537535]	Exploring 0: L0[], 1: L0[], Ebi: L2[L0[], L7[]], Eib: L2[L7[], L0[]], Eii: L2[L7[], L0[]], put: L2[V2, V3] -> V0 -> V1 -> L2[L0[], V1], tr: L7[]
[16:08:22.537844]	Exploring 0: L0[], 1: L0[], Ebi: L2[L0[], L7[]], Eib: L2[L7[], L0[]], Eii: L2[L7[], L0[]], put: L2[V2, V3] -> V0 -> V1 -> L2[L0[], V2], tr: L7[]
[16:08:22.538146]	Exploring 0: L0[], 1: L0[], Ebi: L2[L0[], L7[]], Eib: L2[L7[], L0[]], Eii: L2[L7[], L0[]], put: L2[V2, V3] -> V0 -> V1 -> L2[L0[], V3], tr: L7[]
[16:08:22.538442]	Exploring 0: L0[], 1: L0[], Ebi: L2[L0[], L7[]], Eib: L2[L7[], L0[]], Eii: L2[L7[], L0[]], put: L2[V2, V3] -> V0 -> V1 -> L2[L7[], _9_], tr: L7[]
[16:08:22.538618]	Exploring 0: L0[], 1: L0[], Ebi: L2[L0[], L7[]], Eib: L2[L7[], L0[]], Eii: L2[L7[], L0[]], put: L2[V2, V3] -> V0 -> V1 -> L2[L7[], L0[]], tr: L7[]
[16:08:22.538898]	Exploring 0: L0[], 1: L0[], Ebi: L2[L0[], L7[]], Eib: L2[L7[], L0[]], Eii: L2[L7[], L0[]], put: L2[V2, V3] -> V0 -> V1 -> L2[L7[], L7[]], tr: L7[]
[16:08:22.539290]	Exploring 0: L0[], 1: L0[], Ebi: L2[L0[], L7[]], Eib: L2[L7[], L0[]], Eii: L2[L7[], L0[]], put: L2[V2, V3] -> V0 -> V1 -> L2[L7[], V0], tr: L7[]
[16:08:22.539652]	Exploring 0: L0[], 1: L0[], Ebi: L2[L0[], L7[]], Eib: L2[L7[], L0[]], Eii: L2[L7[], L0[]], put: L2[V2, V3] -> V0 -> V1 -> L2[L7[], V1], tr: L7[]
[16:08:22.539966]	Exploring 0: L0[], 1: L0[], Ebi: L2[L0[], L7[]], Eib: L2[L7[], L0[]], Eii: L2[L7[], L0[]], put: L2[V2, V3] -> V0 -> V1 -> L2[L7[], V2], tr: L7[]
[16:08:22.540277]	Exploring 0: L0[], 1: L0[], Ebi: L2[L0[], L7[]], Eib: L2[L7[], L0[]], Eii: L2[L7[], L0[]], put: L2[V2, V3] -> V0 -> V1 -> L2[L7[], V3], tr: L7[]
[16:08:22.540588]	Exploring 0: L0[], 1: L0[], Ebi: L2[L0[], L7[]], Eib: L2[L7[], L0[]], Eii: L2[L7[], L0[]], put: L2[V2, V3] -> V0 -> V1 -> L2[V0, _9_], tr: L7[]
[16:08:22.540770]	Exploring 0: L0[], 1: L0[], Ebi: L2[L0[], L7[]], Eib: L2[L7[], L0[]], Eii: L2[L7[], L0[]], put: L2[V2, V3] -> V0 -> V1 -> L2[V0, L0[]], tr: L7[]
[16:08:22.541086]	Exploring 0: L0[], 1: L0[], Ebi: L2[L0[], L7[]], Eib: L2[L7[], L0[]], Eii: L2[L7[], L0[]], put: L2[V2, V3] -> V0 -> V1 -> L2[V0, L7[]], tr: L7[]
[16:08:22.541427]	Exploring 0: L0[], 1: L0[], Ebi: L2[L0[], L7[]], Eib: L2[L7[], L0[]], Eii: L2[L7[], L0[]], put: L2[V2, V3] -> V0 -> V1 -> L2[V0, V0], tr: L7[]
[16:08:22.541759]	Exploring 0: L0[], 1: L0[], Ebi: L2[L0[], L7[]], Eib: L2[L7[], L0[]], Eii: L2[L7[], L0[]], put: L2[V2, V3] -> V0 -> V1 -> L2[V0, V1], tr: L7[]
[16:08:22.542091]	Exploring 0: L0[], 1: L0[], Ebi: L2[L0[], L7[]], Eib: L2[L7[], L0[]], Eii: L2[L7[], L0[]], put: L2[V2, V3] -> V0 -> V1 -> L2[V0, V2], tr: L7[]
[16:08:22.542415]	Exploring 0: L0[], 1: L0[], Ebi: L2[L0[], L7[]], Eib: L2[L7[], L0[]], Eii: L2[L7[], L0[]], put: L2[V2, V3] -> V0 -> V1 -> L2[V0, V3], tr: L7[]
[16:08:22.542740]	Exploring 0: L0[], 1: L0[], Ebi: L2[L0[], L7[]], Eib: L2[L7[], L0[]], Eii: L2[L7[], L0[]], put: L2[V2, V3] -> V0 -> V1 -> L2[V1, _9_], tr: L7[]
[16:08:22.542929]	Exploring 0: L0[], 1: L0[], Ebi: L2[L0[], L7[]], Eib: L2[L7[], L0[]], Eii: L2[L7[], L0[]], put: L2[V2, V3] -> V0 -> V1 -> L2[V1, L0[]], tr: L7[]
[16:08:22.543257]	Exploring 0: L0[], 1: L0[], Ebi: L2[L0[], L7[]], Eib: L2[L7[], L0[]], Eii: L2[L7[], L0[]], put: L2[V2, V3] -> V0 -> V1 -> L2[V1, L7[]], tr: L7[]
[16:08:22.543632]	Exploring 0: L0[], 1: L0[], Ebi: L2[L0[], L7[]], Eib: L2[L7[], L0[]], Eii: L2[L7[], L0[]], put: L2[V2, V3] -> V0 -> V1 -> L2[V1, V0], tr: L7[]
[16:08:22.543961]	Exploring 0: L0[], 1: L0[], Ebi: L2[L0[], L7[]], Eib: L2[L7[], L0[]], Eii: L2[L7[], L0[]], put: L2[V2, V3] -> V0 -> V1 -> L2[V1, V1], tr: L7[]
[16:08:22.544285]	Exploring 0: L0[], 1: L0[], Ebi: L2[L0[], L7[]], Eib: L2[L7[], L0[]], Eii: L2[L7[], L0[]], put: L2[V2, V3] -> V0 -> V1 -> L2[V1, V2], tr: L7[]
[16:08:22.544604]	Exploring 0: L0[], 1: L0[], Ebi: L2[L0[], L7[]], Eib: L2[L7[], L0[]], Eii: L2[L7[], L0[]], put: L2[V2, V3] -> V0 -> V1 -> L2[V1, V3], tr: L7[]
[16:08:22.544911]	Exploring 0: L0[], 1: L0[], Ebi: L2[L0[], L7[]], Eib: L2[L7[], L0[]], Eii: L2[L7[], L0[]], put: L2[V2, V3] -> V0 -> V1 -> L2[V2, _9_], tr: L7[]
[16:08:22.545093]	Exploring 0: L0[], 1: L0[], Ebi: L2[L0[], L7[]], Eib: L2[L7[], L0[]], Eii: L2[L7[], L0[]], put: L2[V2, V3] -> V0 -> V1 -> L2[V2, L0[]], tr: L7[]
[16:08:22.545390]	Exploring 0: L0[], 1: L0[], Ebi: L2[L0[], L7[]], Eib: L2[L7[], L0[]], Eii: L2[L7[], L0[]], put: L2[V2, V3] -> V0 -> V1 -> L2[V2, L7[]], tr: L7[]
[16:08:22.545694]	Exploring 0: L0[], 1: L0[], Ebi: L2[L0[], L7[]], Eib: L2[L7[], L0[]], Eii: L2[L7[], L0[]], put: L2[V2, V3] -> V0 -> V1 -> L2[V2, V0], tr: L7[]
[16:08:22.546022]	Exploring 0: L0[], 1: L0[], Ebi: L2[L0[], L7[]], Eib: L2[L7[], L0[]], Eii: L2[L7[], L0[]], put: L2[V2, V3] -> V0 -> V1 -> L2[V2, V1], tr: L7[]
[16:08:22.546338]	Exploring 0: L0[], 1: L0[], Ebi: L2[L0[], L7[]], Eib: L2[L7[], L0[]], Eii: L2[L7[], L0[]], put: L2[V2, V3] -> V0 -> V1 -> L2[V2, V2], tr: L7[]
[16:08:22.546729]	Exploring 0: L0[], 1: L0[], Ebi: L2[L0[], L7[]], Eib: L2[L7[], L0[]], Eii: L2[L7[], L0[]], put: L2[V2, V3] -> V0 -> V1 -> L2[V2, V3], tr: L7[]
[16:08:22.547029]	Exploring 0: L0[], 1: L0[], Ebi: L2[L0[], L7[]], Eib: L2[L7[], L0[]], Eii: L2[L7[], L0[]], put: L2[V2, V3] -> V0 -> V1 -> L2[V3, _9_], tr: L7[]
[16:08:22.547230]	Exploring 0: L0[], 1: L0[], Ebi: L2[L0[], L7[]], Eib: L2[L7[], L0[]], Eii: L2[L7[], L0[]], put: L2[V2, V3] -> V0 -> V1 -> L2[V3, L0[]], tr: L7[]
[16:08:22.547589]	Exploring 0: L0[], 1: L0[], Ebi: L2[L0[], L7[]], Eib: L2[L7[], L0[]], Eii: L2[L7[], L0[]], put: L2[V2, V3] -> V0 -> V1 -> L2[V3, L7[]], tr: L7[]
[16:08:22.547905]	Exploring 0: L0[], 1: L0[], Ebi: L2[L0[], L7[]], Eib: L2[L7[], L0[]], Eii: L2[L7[], L0[]], put: L2[V2, V3] -> V0 -> V1 -> L2[V3, V0], tr: L7[]
[16:08:22.548231]	Exploring 0: L0[], 1: L0[], Ebi: L2[L0[], L7[]], Eib: L2[L7[], L0[]], Eii: L2[L7[], L0[]], put: L2[V2, V3] -> V0 -> V1 -> L2[V3, V1], tr: L7[]
[16:08:22.548546]	Exploring 0: L0[], 1: L0[], Ebi: L2[L0[], L7[]], Eib: L2[L7[], L0[]], Eii: L2[L7[], L0[]], put: L2[V2, V3] -> V0 -> V1 -> L2[V3, V2], tr: L7[]
[16:08:22.548849]	Exploring 0: L0[], 1: L0[], Ebi: L2[L0[], L7[]], Eib: L2[L7[], L0[]], Eii: L2[L7[], L0[]], put: L2[V2, V3] -> V0 -> V1 -> L2[V3, V3], tr: L7[]
[16:08:22.549103]	Exploring 0: L0[], 1: L0[], Ebi: L2[L0[], L7[]], Eib: L2[L7[], L0[]], Eii: L2[L7[], L7[]], put: L2[_6_, _7_] -> V0 -> V1 -> L2[_8_, _9_], tr: L7[]
[16:08:22.549298]	Exploring 0: L0[], 1: L0[], Ebi: L2[L0[], L7[]], Eib: L2[L7[], L0[]], Eii: L2[L7[], L7[]], put: L2[V2, _7_] -> V0 -> V1 -> L2[_8_, _9_], tr: L7[]
[16:08:22.549538]	Exploring 0: L0[], 1: L0[], Ebi: L2[L0[], L7[]], Eib: L2[L7[], L0[]], Eii: L2[L7[], L7[]], put: L2[V2, V3] -> V0 -> V1 -> L2[_8_, _9_], tr: L7[]
[16:08:22.549697]	Exploring 0: L0[], 1: L0[], Ebi: L2[L0[], L7[]], Eib: L2[L7[], L0[]], Eii: L2[L7[], L7[]], put: L2[V2, V3] -> V0 -> V1 -> L2[L0[], _9_], tr: L7[]
[16:08:22.549861]	Exploring 0: L0[], 1: L0[], Ebi: L2[L0[], L7[]], Eib: L2[L7[], L0[]], Eii: L2[L7[], L7[]], put: L2[V2, V3] -> V0 -> V1 -> L2[L0[], L0[]], tr: L7[]
[16:08:22.550144]	Exploring 0: L0[], 1: L0[], Ebi: L2[L0[], L7[]], Eib: L2[L7[], L0[]], Eii: L2[L7[], L7[]], put: L2[V2, V3] -> V0 -> V1 -> L2[L0[], L7[]], tr: L7[]
[16:08:22.550447]	Exploring 0: L0[], 1: L0[], Ebi: L2[L0[], L7[]], Eib: L2[L7[], L0[]], Eii: L2[L7[], L7[]], put: L2[V2, V3] -> V0 -> V1 -> L2[L0[], V0], tr: L7[]
[16:08:22.550775]	Exploring 0: L0[], 1: L0[], Ebi: L2[L0[], L7[]], Eib: L2[L7[], L0[]], Eii: L2[L7[], L7[]], put: L2[V2, V3] -> V0 -> V1 -> L2[L0[], V1], tr: L7[]
[16:08:22.551085]	Exploring 0: L0[], 1: L0[], Ebi: L2[L0[], L7[]], Eib: L2[L7[], L0[]], Eii: L2[L7[], L7[]], put: L2[V2, V3] -> V0 -> V1 -> L2[L0[], V2], tr: L7[]
[16:08:22.551385]	Exploring 0: L0[], 1: L0[], Ebi: L2[L0[], L7[]], Eib: L2[L7[], L0[]], Eii: L2[L7[], L7[]], put: L2[V2, V3] -> V0 -> V1 -> L2[L0[], V3], tr: L7[]
[16:08:22.551700]	Exploring 0: L0[], 1: L0[], Ebi: L2[L0[], L7[]], Eib: L2[L7[], L0[]], Eii: L2[L7[], L7[]], put: L2[V2, V3] -> V0 -> V1 -> L2[L7[], _9_], tr: L7[]
[16:08:22.551863]	Exploring 0: L0[], 1: L0[], Ebi: L2[L0[], L7[]], Eib: L2[L7[], L0[]], Eii: L2[L7[], L7[]], put: L2[V2, V3] -> V0 -> V1 -> L2[L7[], L0[]], tr: L7[]
[16:08:22.552143]	Exploring 0: L0[], 1: L0[], Ebi: L2[L0[], L7[]], Eib: L2[L7[], L0[]], Eii: L2[L7[], L7[]], put: L2[V2, V3] -> V0 -> V1 -> L2[L7[], L7[]], tr: L7[]
[16:08:22.552442]	Exploring 0: L0[], 1: L0[], Ebi: L2[L0[], L7[]], Eib: L2[L7[], L0[]], Eii: L2[L7[], L7[]], put: L2[V2, V3] -> V0 -> V1 -> L2[L7[], V0], tr: L7[]
[16:08:22.552776]	Exploring 0: L0[], 1: L0[], Ebi: L2[L0[], L7[]], Eib: L2[L7[], L0[]], Eii: L2[L7[], L7[]], put: L2[V2, V3] -> V0 -> V1 -> L2[L7[], V1], tr: L7[]
[16:08:22.553207]	Exploring 0: L0[], 1: L0[], Ebi: L2[L0[], L7[]], Eib: L2[L7[], L0[]], Eii: L2[L7[], L7[]], put: L2[V2, V3] -> V0 -> V1 -> L2[L7[], V2], tr: L7[]
[16:08:22.553512]	Exploring 0: L0[], 1: L0[], Ebi: L2[L0[], L7[]], Eib: L2[L7[], L0[]], Eii: L2[L7[], L7[]], put: L2[V2, V3] -> V0 -> V1 -> L2[L7[], V3], tr: L7[]
[16:08:22.556939]	Exploring 0: L0[], 1: L0[], Ebi: L2[L0[], L7[]], Eib: L2[L7[], L0[]], Eii: L2[L7[], L7[]], put: L2[V2, V3] -> V0 -> V1 -> L2[V0, _9_], tr: L7[]
[16:08:22.557192]	Exploring 0: L0[], 1: L0[], Ebi: L2[L0[], L7[]], Eib: L2[L7[], L0[]], Eii: L2[L7[], L7[]], put: L2[V2, V3] -> V0 -> V1 -> L2[V0, L0[]], tr: L7[]
[16:08:22.557531]	Exploring 0: L0[], 1: L0[], Ebi: L2[L0[], L7[]], Eib: L2[L7[], L0[]], Eii: L2[L7[], L7[]], put: L2[V2, V3] -> V0 -> V1 -> L2[V0, L7[]], tr: L7[]
[16:08:22.557847]	Exploring 0: L0[], 1: L0[], Ebi: L2[L0[], L7[]], Eib: L2[L7[], L0[]], Eii: L2[L7[], L7[]], put: L2[V2, V3] -> V0 -> V1 -> L2[V0, V0], tr: L7[]
[16:08:22.558192]	Exploring 0: L0[], 1: L0[], Ebi: L2[L0[], L7[]], Eib: L2[L7[], L0[]], Eii: L2[L7[], L7[]], put: L2[V2, V3] -> V0 -> V1 -> L2[V0, V1], tr: L7[]
[16:08:22.558570]	Exploring 0: L0[], 1: L0[], Ebi: L2[L0[], L7[]], Eib: L2[L7[], L0[]], Eii: L2[L7[], L7[]], put: L2[V2, V3] -> V0 -> V1 -> L2[V0, V2], tr: L7[]
[16:08:22.558875]	Exploring 0: L0[], 1: L0[], Ebi: L2[L0[], L7[]], Eib: L2[L7[], L0[]], Eii: L2[L7[], L7[]], put: L2[V2, V3] -> V0 -> V1 -> L2[V0, V3], tr: L7[]
[16:08:22.559188]	Exploring 0: L0[], 1: L0[], Ebi: L2[L0[], L7[]], Eib: L2[L7[], L0[]], Eii: L2[L7[], L7[]], put: L2[V2, V3] -> V0 -> V1 -> L2[V1, _9_], tr: L7[]
[16:08:22.559374]	Exploring 0: L0[], 1: L0[], Ebi: L2[L0[], L7[]], Eib: L2[L7[], L0[]], Eii: L2[L7[], L7[]], put: L2[V2, V3] -> V0 -> V1 -> L2[V1, L0[]], tr: L7[]
[16:08:22.559702]	Exploring 0: L0[], 1: L0[], Ebi: L2[L0[], L7[]], Eib: L2[L7[], L0[]], Eii: L2[L7[], L7[]], put: L2[V2, V3] -> V0 -> V1 -> L2[V1, L7[]], tr: L7[]
[16:08:22.560031]	Exploring 0: L0[], 1: L0[], Ebi: L2[L0[], L7[]], Eib: L2[L7[], L0[]], Eii: L2[L7[], L7[]], put: L2[V2, V3] -> V0 -> V1 -> L2[V1, V0], tr: L7[]
[16:08:22.560360]	Exploring 0: L0[], 1: L0[], Ebi: L2[L0[], L7[]], Eib: L2[L7[], L0[]], Eii: L2[L7[], L7[]], put: L2[V2, V3] -> V0 -> V1 -> L2[V1, V1], tr: L7[]
[16:08:22.560673]	Exploring 0: L0[], 1: L0[], Ebi: L2[L0[], L7[]], Eib: L2[L7[], L0[]], Eii: L2[L7[], L7[]], put: L2[V2, V3] -> V0 -> V1 -> L2[V1, V2], tr: L7[]
[16:08:22.561099]	Exploring 0: L0[], 1: L0[], Ebi: L2[L0[], L7[]], Eib: L2[L7[], L0[]], Eii: L2[L7[], L7[]], put: L2[V2, V3] -> V0 -> V1 -> L2[V1, V3], tr: L7[]
[16:08:22.561416]	Exploring 0: L0[], 1: L0[], Ebi: L2[L0[], L7[]], Eib: L2[L7[], L0[]], Eii: L2[L7[], L7[]], put: L2[V2, V3] -> V0 -> V1 -> L2[V2, _9_], tr: L7[]
[16:08:22.561632]	Exploring 0: L0[], 1: L0[], Ebi: L2[L0[], L7[]], Eib: L2[L7[], L0[]], Eii: L2[L7[], L7[]], put: L2[V2, V3] -> V0 -> V1 -> L2[V2, L0[]], tr: L7[]
[16:08:22.561971]	Exploring 0: L0[], 1: L0[], Ebi: L2[L0[], L7[]], Eib: L2[L7[], L0[]], Eii: L2[L7[], L7[]], put: L2[V2, V3] -> V0 -> V1 -> L2[V2, L7[]], tr: L7[]
[16:08:22.562275]	Exploring 0: L0[], 1: L0[], Ebi: L2[L0[], L7[]], Eib: L2[L7[], L0[]], Eii: L2[L7[], L7[]], put: L2[V2, V3] -> V0 -> V1 -> L2[V2, V0], tr: L7[]
[16:08:22.562593]	Exploring 0: L0[], 1: L0[], Ebi: L2[L0[], L7[]], Eib: L2[L7[], L0[]], Eii: L2[L7[], L7[]], put: L2[V2, V3] -> V0 -> V1 -> L2[V2, V1], tr: L7[]
[16:08:22.562889]	Exploring 0: L0[], 1: L0[], Ebi: L2[L0[], L7[]], Eib: L2[L7[], L0[]], Eii: L2[L7[], L7[]], put: L2[V2, V3] -> V0 -> V1 -> L2[V2, V2], tr: L7[]
[16:08:22.563173]	Exploring 0: L0[], 1: L0[], Ebi: L2[L0[], L7[]], Eib: L2[L7[], L0[]], Eii: L2[L7[], L7[]], put: L2[V2, V3] -> V0 -> V1 -> L2[V2, V3], tr: L7[]
[16:08:22.563479]	Exploring 0: L0[], 1: L0[], Ebi: L2[L0[], L7[]], Eib: L2[L7[], L0[]], Eii: L2[L7[], L7[]], put: L2[V2, V3] -> V0 -> V1 -> L2[V3, _9_], tr: L7[]
[16:08:22.563672]	Exploring 0: L0[], 1: L0[], Ebi: L2[L0[], L7[]], Eib: L2[L7[], L0[]], Eii: L2[L7[], L7[]], put: L2[V2, V3] -> V0 -> V1 -> L2[V3, L0[]], tr: L7[]
[16:08:22.563968]	Exploring 0: L0[], 1: L0[], Ebi: L2[L0[], L7[]], Eib: L2[L7[], L0[]], Eii: L2[L7[], L7[]], put: L2[V2, V3] -> V0 -> V1 -> L2[V3, L7[]], tr: L7[]
[16:08:22.564268]	Exploring 0: L0[], 1: L0[], Ebi: L2[L0[], L7[]], Eib: L2[L7[], L0[]], Eii: L2[L7[], L7[]], put: L2[V2, V3] -> V0 -> V1 -> L2[V3, V0], tr: L7[]
[16:08:22.564575]	Exploring 0: L0[], 1: L0[], Ebi: L2[L0[], L7[]], Eib: L2[L7[], L0[]], Eii: L2[L7[], L7[]], put: L2[V2, V3] -> V0 -> V1 -> L2[V3, V1], tr: L7[]
[16:08:22.564893]	Exploring 0: L0[], 1: L0[], Ebi: L2[L0[], L7[]], Eib: L2[L7[], L0[]], Eii: L2[L7[], L7[]], put: L2[V2, V3] -> V0 -> V1 -> L2[V3, V2], tr: L7[]
[16:08:22.565181]	Exploring 0: L0[], 1: L0[], Ebi: L2[L0[], L7[]], Eib: L2[L7[], L0[]], Eii: L2[L7[], L7[]], put: L2[V2, V3] -> V0 -> V1 -> L2[V3, V3], tr: L7[]
[16:08:22.565431]	Exploring 0: L0[], 1: L0[], Ebi: L2[L0[], L7[]], Eib: L2[L7[], L7[]], Eii: L2[_4_, _5_], put: L2[_6_, _7_] -> V0 -> V1 -> L2[_8_, _9_], tr: L7[]
[16:08:22.565538]	Exploring 0: L0[], 1: L0[], Ebi: L2[L0[], L7[]], Eib: L2[L7[], L7[]], Eii: L2[L0[], _5_], put: L2[_6_, _7_] -> V0 -> V1 -> L2[_8_, _9_], tr: L7[]
[16:08:22.565649]	Exploring 0: L0[], 1: L0[], Ebi: L2[L0[], L7[]], Eib: L2[L7[], L7[]], Eii: L2[L0[], L0[]], put: L2[_6_, _7_] -> V0 -> V1 -> L2[_8_, _9_], tr: L7[]
[16:08:22.565787]	Exploring 0: L0[], 1: L0[], Ebi: L2[L0[], L7[]], Eib: L2[L7[], L7[]], Eii: L2[L0[], L0[]], put: L2[V1, _7_] -> V0 -> V1 -> L2[_8_, _9_], tr: L7[]
[16:08:22.565964]	Exploring 0: L0[], 1: L0[], Ebi: L2[L0[], L7[]], Eib: L2[L7[], L7[]], Eii: L2[L0[], L0[]], put: L2[V1, V2] -> V0 -> V1 -> L2[_8_, _9_], tr: L7[]
[16:08:22.566124]	Exploring 0: L0[], 1: L0[], Ebi: L2[L0[], L7[]], Eib: L2[L7[], L7[]], Eii: L2[L0[], L0[]], put: L2[V1, V2] -> V0 -> V1 -> L2[V1, _9_], tr: L7[]
[16:08:22.566317]	Exploring 0: L0[], 1: L0[], Ebi: L2[L0[], L7[]], Eib: L2[L7[], L7[]], Eii: L2[L0[], L0[]], put: L2[V1, V2] -> V0 -> V1 -> L2[V1, L0[]], tr: L7[]
[16:08:22.566585]	Exploring 0: L0[], 1: L0[], Ebi: L2[L0[], L7[]], Eib: L2[L7[], L7[]], Eii: L2[L0[], L0[]], put: L2[V1, V2] -> V0 -> V1 -> L2[V1, L7[]], tr: L7[]
[16:08:22.566863]	Exploring 0: L0[], 1: L0[], Ebi: L2[L0[], L7[]], Eib: L2[L7[], L7[]], Eii: L2[L0[], L0[]], put: L2[V1, V2] -> V0 -> V1 -> L2[V1, V0], tr: L7[]
[16:08:22.567139]	Exploring 0: L0[], 1: L0[], Ebi: L2[L0[], L7[]], Eib: L2[L7[], L7[]], Eii: L2[L0[], L0[]], put: L2[V1, V2] -> V0 -> V1 -> L2[V1, V1], tr: L7[]
[16:08:22.567442]	Exploring 0: L0[], 1: L0[], Ebi: L2[L0[], L7[]], Eib: L2[L7[], L7[]], Eii: L2[L0[], L0[]], put: L2[V1, V2] -> V0 -> V1 -> L2[V1, V2], tr: L7[]
[16:08:22.567758]	Exploring 0: L0[], 1: L0[], Ebi: L2[L0[], L7[]], Eib: L2[L7[], L7[]], Eii: L2[L0[], L0[]], put: L2[V2, _7_] -> V0 -> V1 -> L2[_8_, _9_], tr: L7[]
[16:08:22.568002]	Exploring 0: L0[], 1: L0[], Ebi: L2[L0[], L7[]], Eib: L2[L7[], L7[]], Eii: L2[L0[], L0[]], put: L2[V2, V3] -> V0 -> V1 -> L2[_8_, _9_], tr: L7[]
[16:08:22.568200]	Exploring 0: L0[], 1: L0[], Ebi: L2[L0[], L7[]], Eib: L2[L7[], L7[]], Eii: L2[L0[], L0[]], put: L2[V2, V3] -> V0 -> V1 -> L2[L0[], _9_], tr: L7[]
[16:08:22.568361]	Exploring 0: L0[], 1: L0[], Ebi: L2[L0[], L7[]], Eib: L2[L7[], L7[]], Eii: L2[L0[], L0[]], put: L2[V2, V3] -> V0 -> V1 -> L2[L0[], L0[]], tr: L7[]
[16:08:22.568635]	Exploring 0: L0[], 1: L0[], Ebi: L2[L0[], L7[]], Eib: L2[L7[], L7[]], Eii: L2[L0[], L0[]], put: L2[V2, V3] -> V0 -> V1 -> L2[L0[], L7[]], tr: L7[]
[16:08:22.568934]	Exploring 0: L0[], 1: L0[], Ebi: L2[L0[], L7[]], Eib: L2[L7[], L7[]], Eii: L2[L0[], L0[]], put: L2[V2, V3] -> V0 -> V1 -> L2[L0[], V0], tr: L7[]
[16:08:22.569259]	Exploring 0: L0[], 1: L0[], Ebi: L2[L0[], L7[]], Eib: L2[L7[], L7[]], Eii: L2[L0[], L0[]], put: L2[V2, V3] -> V0 -> V1 -> L2[L0[], V1], tr: L7[]
[16:08:22.569565]	Exploring 0: L0[], 1: L0[], Ebi: L2[L0[], L7[]], Eib: L2[L7[], L7[]], Eii: L2[L0[], L0[]], put: L2[V2, V3] -> V0 -> V1 -> L2[L0[], V2], tr: L7[]
[16:08:22.569854]	Exploring 0: L0[], 1: L0[], Ebi: L2[L0[], L7[]], Eib: L2[L7[], L7[]], Eii: L2[L0[], L0[]], put: L2[V2, V3] -> V0 -> V1 -> L2[L0[], V3], tr: L7[]
[16:08:22.570137]	Exploring 0: L0[], 1: L0[], Ebi: L2[L0[], L7[]], Eib: L2[L7[], L7[]], Eii: L2[L0[], L0[]], put: L2[V2, V3] -> V0 -> V1 -> L2[L7[], _9_], tr: L7[]
[16:08:22.570305]	Exploring 0: L0[], 1: L0[], Ebi: L2[L0[], L7[]], Eib: L2[L7[], L7[]], Eii: L2[L0[], L0[]], put: L2[V2, V3] -> V0 -> V1 -> L2[L7[], L0[]], tr: L7[]
[16:08:22.570574]	Exploring 0: L0[], 1: L0[], Ebi: L2[L0[], L7[]], Eib: L2[L7[], L7[]], Eii: L2[L0[], L0[]], put: L2[V2, V3] -> V0 -> V1 -> L2[L7[], L7[]], tr: L7[]
[16:08:22.570870]	Exploring 0: L0[], 1: L0[], Ebi: L2[L0[], L7[]], Eib: L2[L7[], L7[]], Eii: L2[L0[], L0[]], put: L2[V2, V3] -> V0 -> V1 -> L2[L7[], V0], tr: L7[]
[16:08:22.571187]	Exploring 0: L0[], 1: L0[], Ebi: L2[L0[], L7[]], Eib: L2[L7[], L7[]], Eii: L2[L0[], L0[]], put: L2[V2, V3] -> V0 -> V1 -> L2[L7[], V1], tr: L7[]
[16:08:22.571508]	Exploring 0: L0[], 1: L0[], Ebi: L2[L0[], L7[]], Eib: L2[L7[], L7[]], Eii: L2[L0[], L0[]], put: L2[V2, V3] -> V0 -> V1 -> L2[L7[], V2], tr: L7[]
[16:08:22.571800]	Exploring 0: L0[], 1: L0[], Ebi: L2[L0[], L7[]], Eib: L2[L7[], L7[]], Eii: L2[L0[], L0[]], put: L2[V2, V3] -> V0 -> V1 -> L2[L7[], V3], tr: L7[]
[16:08:22.572109]	Exploring 0: L0[], 1: L0[], Ebi: L2[L0[], L7[]], Eib: L2[L7[], L7[]], Eii: L2[L0[], L0[]], put: L2[V2, V3] -> V0 -> V1 -> L2[V0, _9_], tr: L7[]
[16:08:22.572291]	Exploring 0: L0[], 1: L0[], Ebi: L2[L0[], L7[]], Eib: L2[L7[], L7[]], Eii: L2[L0[], L0[]], put: L2[V2, V3] -> V0 -> V1 -> L2[V0, L0[]], tr: L7[]
[16:08:22.572614]	Exploring 0: L0[], 1: L0[], Ebi: L2[L0[], L7[]], Eib: L2[L7[], L7[]], Eii: L2[L0[], L0[]], put: L2[V2, V3] -> V0 -> V1 -> L2[V0, L7[]], tr: L7[]
[16:08:22.572929]	Exploring 0: L0[], 1: L0[], Ebi: L2[L0[], L7[]], Eib: L2[L7[], L7[]], Eii: L2[L0[], L0[]], put: L2[V2, V3] -> V0 -> V1 -> L2[V0, V0], tr: L7[]
[16:08:22.573243]	Exploring 0: L0[], 1: L0[], Ebi: L2[L0[], L7[]], Eib: L2[L7[], L7[]], Eii: L2[L0[], L0[]], put: L2[V2, V3] -> V0 -> V1 -> L2[V0, V1], tr: L7[]
[16:08:22.573574]	Exploring 0: L0[], 1: L0[], Ebi: L2[L0[], L7[]], Eib: L2[L7[], L7[]], Eii: L2[L0[], L0[]], put: L2[V2, V3] -> V0 -> V1 -> L2[V0, V2], tr: L7[]
[16:08:22.573882]	Exploring 0: L0[], 1: L0[], Ebi: L2[L0[], L7[]], Eib: L2[L7[], L7[]], Eii: L2[L0[], L0[]], put: L2[V2, V3] -> V0 -> V1 -> L2[V0, V3], tr: L7[]
[16:08:22.574194]	Exploring 0: L0[], 1: L0[], Ebi: L2[L0[], L7[]], Eib: L2[L7[], L7[]], Eii: L2[L0[], L0[]], put: L2[V2, V3] -> V0 -> V1 -> L2[V1, _9_], tr: L7[]
[16:08:22.574379]	Exploring 0: L0[], 1: L0[], Ebi: L2[L0[], L7[]], Eib: L2[L7[], L7[]], Eii: L2[L0[], L0[]], put: L2[V2, V3] -> V0 -> V1 -> L2[V1, L0[]], tr: L7[]
[16:08:22.574700]	Exploring 0: L0[], 1: L0[], Ebi: L2[L0[], L7[]], Eib: L2[L7[], L7[]], Eii: L2[L0[], L0[]], put: L2[V2, V3] -> V0 -> V1 -> L2[V1, L7[]], tr: L7[]
[16:08:22.575017]	Exploring 0: L0[], 1: L0[], Ebi: L2[L0[], L7[]], Eib: L2[L7[], L7[]], Eii: L2[L0[], L0[]], put: L2[V2, V3] -> V0 -> V1 -> L2[V1, V0], tr: L7[]
[16:08:22.575336]	Exploring 0: L0[], 1: L0[], Ebi: L2[L0[], L7[]], Eib: L2[L7[], L7[]], Eii: L2[L0[], L0[]], put: L2[V2, V3] -> V0 -> V1 -> L2[V1, V1], tr: L7[]
[16:08:22.575695]	Exploring 0: L0[], 1: L0[], Ebi: L2[L0[], L7[]], Eib: L2[L7[], L7[]], Eii: L2[L0[], L0[]], put: L2[V2, V3] -> V0 -> V1 -> L2[V1, V2], tr: L7[]
[16:08:22.576040]	Exploring 0: L0[], 1: L0[], Ebi: L2[L0[], L7[]], Eib: L2[L7[], L7[]], Eii: L2[L0[], L0[]], put: L2[V2, V3] -> V0 -> V1 -> L2[V1, V3], tr: L7[]
[16:08:22.576373]	Exploring 0: L0[], 1: L0[], Ebi: L2[L0[], L7[]], Eib: L2[L7[], L7[]], Eii: L2[L0[], L0[]], put: L2[V2, V3] -> V0 -> V1 -> L2[V2, _9_], tr: L7[]
[16:08:22.576559]	Exploring 0: L0[], 1: L0[], Ebi: L2[L0[], L7[]], Eib: L2[L7[], L7[]], Eii: L2[L0[], L0[]], put: L2[V2, V3] -> V0 -> V1 -> L2[V2, L0[]], tr: L7[]
[16:08:22.576855]	Exploring 0: L0[], 1: L0[], Ebi: L2[L0[], L7[]], Eib: L2[L7[], L7[]], Eii: L2[L0[], L0[]], put: L2[V2, V3] -> V0 -> V1 -> L2[V2, L7[]], tr: L7[]
[16:08:22.577159]	Exploring 0: L0[], 1: L0[], Ebi: L2[L0[], L7[]], Eib: L2[L7[], L7[]], Eii: L2[L0[], L0[]], put: L2[V2, V3] -> V0 -> V1 -> L2[V2, V0], tr: L7[]
[16:08:22.577475]	Exploring 0: L0[], 1: L0[], Ebi: L2[L0[], L7[]], Eib: L2[L7[], L7[]], Eii: L2[L0[], L0[]], put: L2[V2, V3] -> V0 -> V1 -> L2[V2, V1], tr: L7[]
[16:08:22.577774]	Exploring 0: L0[], 1: L0[], Ebi: L2[L0[], L7[]], Eib: L2[L7[], L7[]], Eii: L2[L0[], L0[]], put: L2[V2, V3] -> V0 -> V1 -> L2[V2, V2], tr: L7[]
[16:08:22.578062]	Exploring 0: L0[], 1: L0[], Ebi: L2[L0[], L7[]], Eib: L2[L7[], L7[]], Eii: L2[L0[], L0[]], put: L2[V2, V3] -> V0 -> V1 -> L2[V2, V3], tr: L7[]
[16:08:22.578358]	Exploring 0: L0[], 1: L0[], Ebi: L2[L0[], L7[]], Eib: L2[L7[], L7[]], Eii: L2[L0[], L0[]], put: L2[V2, V3] -> V0 -> V1 -> L2[V3, _9_], tr: L7[]
[16:08:22.578554]	Exploring 0: L0[], 1: L0[], Ebi: L2[L0[], L7[]], Eib: L2[L7[], L7[]], Eii: L2[L0[], L0[]], put: L2[V2, V3] -> V0 -> V1 -> L2[V3, L0[]], tr: L7[]
[16:08:22.578850]	Exploring 0: L0[], 1: L0[], Ebi: L2[L0[], L7[]], Eib: L2[L7[], L7[]], Eii: L2[L0[], L0[]], put: L2[V2, V3] -> V0 -> V1 -> L2[V3, L7[]], tr: L7[]
[16:08:22.579162]	Exploring 0: L0[], 1: L0[], Ebi: L2[L0[], L7[]], Eib: L2[L7[], L7[]], Eii: L2[L0[], L0[]], put: L2[V2, V3] -> V0 -> V1 -> L2[V3, V0], tr: L7[]
[16:08:22.579491]	Exploring 0: L0[], 1: L0[], Ebi: L2[L0[], L7[]], Eib: L2[L7[], L7[]], Eii: L2[L0[], L0[]], put: L2[V2, V3] -> V0 -> V1 -> L2[V3, V1], tr: L7[]
[16:08:22.579795]	Exploring 0: L0[], 1: L0[], Ebi: L2[L0[], L7[]], Eib: L2[L7[], L7[]], Eii: L2[L0[], L0[]], put: L2[V2, V3] -> V0 -> V1 -> L2[V3, V2], tr: L7[]
[16:08:22.580092]	Exploring 0: L0[], 1: L0[], Ebi: L2[L0[], L7[]], Eib: L2[L7[], L7[]], Eii: L2[L0[], L0[]], put: L2[V2, V3] -> V0 -> V1 -> L2[V3, V3], tr: L7[]
[16:08:22.580335]	Exploring 0: L0[], 1: L0[], Ebi: L2[L0[], L7[]], Eib: L2[L7[], L7[]], Eii: L2[L0[], L7[]], put: L2[_6_, _7_] -> V0 -> V1 -> L2[_8_, _9_], tr: L7[]
[16:08:22.580488]	Exploring 0: L0[], 1: L0[], Ebi: L2[L0[], L7[]], Eib: L2[L7[], L7[]], Eii: L2[L0[], L7[]], put: L2[V1, _7_] -> V0 -> V1 -> L2[_8_, _9_], tr: L7[]
[16:08:22.580664]	Exploring 0: L0[], 1: L0[], Ebi: L2[L0[], L7[]], Eib: L2[L7[], L7[]], Eii: L2[L0[], L7[]], put: L2[V1, L7[]] -> V0 -> V1 -> L2[_8_, _9_], tr: L7[]
[16:08:22.580822]	Exploring 0: L0[], 1: L0[], Ebi: L2[L0[], L7[]], Eib: L2[L7[], L7[]], Eii: L2[L0[], L7[]], put: L2[V1, L7[]] -> V0 -> V1 -> L2[V1, _9_], tr: L7[]
[16:08:22.580972]	Exploring 0: L0[], 1: L0[], Ebi: L2[L0[], L7[]], Eib: L2[L7[], L7[]], Eii: L2[L0[], L7[]], put: L2[V1, L7[]] -> V0 -> V1 -> L2[V1, L7[]], tr: L7[]
[16:08:22.581395]	Exploring 0: L0[], 1: L0[], Ebi: L2[L0[], L7[]], Eib: L2[L7[], L7[]], Eii: L2[L0[], L7[]], put: L2[V1, V2] -> V0 -> V1 -> L2[_8_, _9_], tr: L7[]
[16:08:22.581566]	Exploring 0: L0[], 1: L0[], Ebi: L2[L0[], L7[]], Eib: L2[L7[], L7[]], Eii: L2[L0[], L7[]], put: L2[V1, V2] -> V0 -> V1 -> L2[V1, _9_], tr: L7[]
[16:08:22.581757]	Exploring 0: L0[], 1: L0[], Ebi: L2[L0[], L7[]], Eib: L2[L7[], L7[]], Eii: L2[L0[], L7[]], put: L2[V1, V2] -> V0 -> V1 -> L2[V1, L0[]], tr: L7[]
[16:08:22.582093]	Exploring 0: L0[], 1: L0[], Ebi: L2[L0[], L7[]], Eib: L2[L7[], L7[]], Eii: L2[L0[], L7[]], put: L2[V1, V2] -> V0 -> V1 -> L2[V1, L7[]], tr: L7[]
[16:08:22.582368]	Exploring 0: L0[], 1: L0[], Ebi: L2[L0[], L7[]], Eib: L2[L7[], L7[]], Eii: L2[L0[], L7[]], put: L2[V1, V2] -> V0 -> V1 -> L2[V1, V0], tr: L7[]
[16:08:22.582629]	Exploring 0: L0[], 1: L0[], Ebi: L2[L0[], L7[]], Eib: L2[L7[], L7[]], Eii: L2[L0[], L7[]], put: L2[V1, V2] -> V0 -> V1 -> L2[V1, V1], tr: L7[]
[16:08:22.582869]	Exploring 0: L0[], 1: L0[], Ebi: L2[L0[], L7[]], Eib: L2[L7[], L7[]], Eii: L2[L0[], L7[]], put: L2[V1, V2] -> V0 -> V1 -> L2[V1, V2], tr: L7[]
[16:08:22.583150]	Exploring 0: L0[], 1: L0[], Ebi: L2[L0[], L7[]], Eib: L2[L7[], L7[]], Eii: L2[L0[], L7[]], put: L2[V2, _7_] -> V0 -> V1 -> L2[_8_, _9_], tr: L7[]
[16:08:22.583315]	Exploring 0: L0[], 1: L0[], Ebi: L2[L0[], L7[]], Eib: L2[L7[], L7[]], Eii: L2[L0[], L7[]], put: L2[V2, L7[]] -> V0 -> V1 -> L2[_8_, _9_], tr: L7[]
[16:08:22.583475]	Exploring 0: L0[], 1: L0[], Ebi: L2[L0[], L7[]], Eib: L2[L7[], L7[]], Eii: L2[L0[], L7[]], put: L2[V2, L7[]] -> V0 -> V1 -> L2[L0[], _9_], tr: L7[]
[16:08:22.583627]	Exploring 0: L0[], 1: L0[], Ebi: L2[L0[], L7[]], Eib: L2[L7[], L7[]], Eii: L2[L0[], L7[]], put: L2[V2, L7[]] -> V0 -> V1 -> L2[L0[], L7[]], tr: L7[]
[16:08:22.583955]	Exploring 0: L0[], 1: L0[], Ebi: L2[L0[], L7[]], Eib: L2[L7[], L7[]], Eii: L2[L0[], L7[]], put: L2[V2, L7[]] -> V0 -> V1 -> L2[L7[], _9_], tr: L7[]
[16:08:22.584102]	Exploring 0: L0[], 1: L0[], Ebi: L2[L0[], L7[]], Eib: L2[L7[], L7[]], Eii: L2[L0[], L7[]], put: L2[V2, L7[]] -> V0 -> V1 -> L2[L7[], L7[]], tr: L7[]
[16:08:22.584429]	Exploring 0: L0[], 1: L0[], Ebi: L2[L0[], L7[]], Eib: L2[L7[], L7[]], Eii: L2[L0[], L7[]], put: L2[V2, L7[]] -> V0 -> V1 -> L2[V0, _9_], tr: L7[]
[16:08:22.584590]	Exploring 0: L0[], 1: L0[], Ebi: L2[L0[], L7[]], Eib: L2[L7[], L7[]], Eii: L2[L0[], L7[]], put: L2[V2, L7[]] -> V0 -> V1 -> L2[V0, L7[]], tr: L7[]
[16:08:22.584932]	Exploring 0: L0[], 1: L0[], Ebi: L2[L0[], L7[]], Eib: L2[L7[], L7[]], Eii: L2[L0[], L7[]], put: L2[V2, L7[]] -> V0 -> V1 -> L2[V1, _9_], tr: L7[]
[16:08:22.585099]	Exploring 0: L0[], 1: L0[], Ebi: L2[L0[], L7[]], Eib: L2[L7[], L7[]], Eii: L2[L0[], L7[]], put: L2[V2, L7[]] -> V0 -> V1 -> L2[V1, L7[]], tr: L7[]
[16:08:22.585477]	Exploring 0: L0[], 1: L0[], Ebi: L2[L0[], L7[]], Eib: L2[L7[], L7[]], Eii: L2[L0[], L7[]], put: L2[V2, L7[]] -> V0 -> V1 -> L2[V2, _9_], tr: L7[]
[16:08:22.585635]	Exploring 0: L0[], 1: L0[], Ebi: L2[L0[], L7[]], Eib: L2[L7[], L7[]], Eii: L2[L0[], L7[]], put: L2[V2, L7[]] -> V0 -> V1 -> L2[V2, L7[]], tr: L7[]
[16:08:22.586021]	Exploring 0: L0[], 1: L0[], Ebi: L2[L0[], L7[]], Eib: L2[L7[], L7[]], Eii: L2[L0[], L7[]], put: L2[V2, V3] -> V0 -> V1 -> L2[_8_, _9_], tr: L7[]
[16:08:22.586174]	Exploring 0: L0[], 1: L0[], Ebi: L2[L0[], L7[]], Eib: L2[L7[], L7[]], Eii: L2[L0[], L7[]], put: L2[V2, V3] -> V0 -> V1 -> L2[L0[], _9_], tr: L7[]
[16:08:22.586327]	Exploring 0: L0[], 1: L0[], Ebi: L2[L0[], L7[]], Eib: L2[L7[], L7[]], Eii: L2[L0[], L7[]], put: L2[V2, V3] -> V0 -> V1 -> L2[L0[], L0[]], tr: L7[]
[16:08:22.586597]	Exploring 0: L0[], 1: L0[], Ebi: L2[L0[], L7[]], Eib: L2[L7[], L7[]], Eii: L2[L0[], L7[]], put: L2[V2, V3] -> V0 -> V1 -> L2[L0[], L7[]], tr: L7[]
[16:08:22.586885]	Exploring 0: L0[], 1: L0[], Ebi: L2[L0[], L7[]], Eib: L2[L7[], L7[]], Eii: L2[L0[], L7[]], put: L2[V2, V3] -> V0 -> V1 -> L2[L0[], V0], tr: L7[]
[16:08:22.587190]	Exploring 0: L0[], 1: L0[], Ebi: L2[L0[], L7[]], Eib: L2[L7[], L7[]], Eii: L2[L0[], L7[]], put: L2[V2, V3] -> V0 -> V1 -> L2[L0[], V1], tr: L7[]
[16:08:22.587496]	Exploring 0: L0[], 1: L0[], Ebi: L2[L0[], L7[]], Eib: L2[L7[], L7[]], Eii: L2[L0[], L7[]], put: L2[V2, V3] -> V0 -> V1 -> L2[L0[], V2], tr: L7[]
[16:08:22.587785]	Exploring 0: L0[], 1: L0[], Ebi: L2[L0[], L7[]], Eib: L2[L7[], L7[]], Eii: L2[L0[], L7[]], put: L2[V2, V3] -> V0 -> V1 -> L2[L0[], V3], tr: L7[]
[16:08:22.588059]	Exploring 0: L0[], 1: L0[], Ebi: L2[L0[], L7[]], Eib: L2[L7[], L7[]], Eii: L2[L0[], L7[]], put: L2[V2, V3] -> V0 -> V1 -> L2[L7[], _9_], tr: L7[]
[16:08:22.588219]	Exploring 0: L0[], 1: L0[], Ebi: L2[L0[], L7[]], Eib: L2[L7[], L7[]], Eii: L2[L0[], L7[]], put: L2[V2, V3] -> V0 -> V1 -> L2[L7[], L0[]], tr: L7[]
[16:08:22.588484]	Exploring 0: L0[], 1: L0[], Ebi: L2[L0[], L7[]], Eib: L2[L7[], L7[]], Eii: L2[L0[], L7[]], put: L2[V2, V3] -> V0 -> V1 -> L2[L7[], L7[]], tr: L7[]
[16:08:22.588766]	Exploring 0: L0[], 1: L0[], Ebi: L2[L0[], L7[]], Eib: L2[L7[], L7[]], Eii: L2[L0[], L7[]], put: L2[V2, V3] -> V0 -> V1 -> L2[L7[], V0], tr: L7[]
[16:08:22.589073]	Exploring 0: L0[], 1: L0[], Ebi: L2[L0[], L7[]], Eib: L2[L7[], L7[]], Eii: L2[L0[], L7[]], put: L2[V2, V3] -> V0 -> V1 -> L2[L7[], V1], tr: L7[]
[16:08:22.589365]	Exploring 0: L0[], 1: L0[], Ebi: L2[L0[], L7[]], Eib: L2[L7[], L7[]], Eii: L2[L0[], L7[]], put: L2[V2, V3] -> V0 -> V1 -> L2[L7[], V2], tr: L7[]
[16:08:22.589645]	Exploring 0: L0[], 1: L0[], Ebi: L2[L0[], L7[]], Eib: L2[L7[], L7[]], Eii: L2[L0[], L7[]], put: L2[V2, V3] -> V0 -> V1 -> L2[L7[], V3], tr: L7[]
[16:08:22.589947]	Exploring 0: L0[], 1: L0[], Ebi: L2[L0[], L7[]], Eib: L2[L7[], L7[]], Eii: L2[L0[], L7[]], put: L2[V2, V3] -> V0 -> V1 -> L2[V0, _9_], tr: L7[]
[16:08:22.590123]	Exploring 0: L0[], 1: L0[], Ebi: L2[L0[], L7[]], Eib: L2[L7[], L7[]], Eii: L2[L0[], L7[]], put: L2[V2, V3] -> V0 -> V1 -> L2[V0, L0[]], tr: L7[]
[16:08:22.590426]	Exploring 0: L0[], 1: L0[], Ebi: L2[L0[], L7[]], Eib: L2[L7[], L7[]], Eii: L2[L0[], L7[]], put: L2[V2, V3] -> V0 -> V1 -> L2[V0, L7[]], tr: L7[]
[16:08:22.590727]	Exploring 0: L0[], 1: L0[], Ebi: L2[L0[], L7[]], Eib: L2[L7[], L7[]], Eii: L2[L0[], L7[]], put: L2[V2, V3] -> V0 -> V1 -> L2[V0, V0], tr: L7[]
[16:08:22.591027]	Exploring 0: L0[], 1: L0[], Ebi: L2[L0[], L7[]], Eib: L2[L7[], L7[]], Eii: L2[L0[], L7[]], put: L2[V2, V3] -> V0 -> V1 -> L2[V0, V1], tr: L7[]
[16:08:22.591330]	Exploring 0: L0[], 1: L0[], Ebi: L2[L0[], L7[]], Eib: L2[L7[], L7[]], Eii: L2[L0[], L7[]], put: L2[V2, V3] -> V0 -> V1 -> L2[V0, V2], tr: L7[]
[16:08:22.591645]	Exploring 0: L0[], 1: L0[], Ebi: L2[L0[], L7[]], Eib: L2[L7[], L7[]], Eii: L2[L0[], L7[]], put: L2[V2, V3] -> V0 -> V1 -> L2[V0, V3], tr: L7[]
[16:08:22.591959]	Exploring 0: L0[], 1: L0[], Ebi: L2[L0[], L7[]], Eib: L2[L7[], L7[]], Eii: L2[L0[], L7[]], put: L2[V2, V3] -> V0 -> V1 -> L2[V1, _9_], tr: L7[]
[16:08:22.592150]	Exploring 0: L0[], 1: L0[], Ebi: L2[L0[], L7[]], Eib: L2[L7[], L7[]], Eii: L2[L0[], L7[]], put: L2[V2, V3] -> V0 -> V1 -> L2[V1, L0[]], tr: L7[]
[16:08:22.592477]	Exploring 0: L0[], 1: L0[], Ebi: L2[L0[], L7[]], Eib: L2[L7[], L7[]], Eii: L2[L0[], L7[]], put: L2[V2, V3] -> V0 -> V1 -> L2[V1, L7[]], tr: L7[]
[16:08:22.592819]	Exploring 0: L0[], 1: L0[], Ebi: L2[L0[], L7[]], Eib: L2[L7[], L7[]], Eii: L2[L0[], L7[]], put: L2[V2, V3] -> V0 -> V1 -> L2[V1, V0], tr: L7[]
[16:08:22.593190]	Exploring 0: L0[], 1: L0[], Ebi: L2[L0[], L7[]], Eib: L2[L7[], L7[]], Eii: L2[L0[], L7[]], put: L2[V2, V3] -> V0 -> V1 -> L2[V1, V1], tr: L7[]
[16:08:22.593502]	Exploring 0: L0[], 1: L0[], Ebi: L2[L0[], L7[]], Eib: L2[L7[], L7[]], Eii: L2[L0[], L7[]], put: L2[V2, V3] -> V0 -> V1 -> L2[V1, V2], tr: L7[]
[16:08:22.593810]	Exploring 0: L0[], 1: L0[], Ebi: L2[L0[], L7[]], Eib: L2[L7[], L7[]], Eii: L2[L0[], L7[]], put: L2[V2, V3] -> V0 -> V1 -> L2[V1, V3], tr: L7[]
[16:08:22.594135]	Exploring 0: L0[], 1: L0[], Ebi: L2[L0[], L7[]], Eib: L2[L7[], L7[]], Eii: L2[L0[], L7[]], put: L2[V2, V3] -> V0 -> V1 -> L2[V2, _9_], tr: L7[]
[16:08:22.594334]	Exploring 0: L0[], 1: L0[], Ebi: L2[L0[], L7[]], Eib: L2[L7[], L7[]], Eii: L2[L0[], L7[]], put: L2[V2, V3] -> V0 -> V1 -> L2[V2, L0[]], tr: L7[]
[16:08:22.594635]	Exploring 0: L0[], 1: L0[], Ebi: L2[L0[], L7[]], Eib: L2[L7[], L7[]], Eii: L2[L0[], L7[]], put: L2[V2, V3] -> V0 -> V1 -> L2[V2, L7[]], tr: L7[]
[16:08:22.594934]	Exploring 0: L0[], 1: L0[], Ebi: L2[L0[], L7[]], Eib: L2[L7[], L7[]], Eii: L2[L0[], L7[]], put: L2[V2, V3] -> V0 -> V1 -> L2[V2, V0], tr: L7[]
[16:08:22.595254]	Exploring 0: L0[], 1: L0[], Ebi: L2[L0[], L7[]], Eib: L2[L7[], L7[]], Eii: L2[L0[], L7[]], put: L2[V2, V3] -> V0 -> V1 -> L2[V2, V1], tr: L7[]
[16:08:22.595593]	Exploring 0: L0[], 1: L0[], Ebi: L2[L0[], L7[]], Eib: L2[L7[], L7[]], Eii: L2[L0[], L7[]], put: L2[V2, V3] -> V0 -> V1 -> L2[V2, V2], tr: L7[]
[16:08:22.595995]	Exploring 0: L0[], 1: L0[], Ebi: L2[L0[], L7[]], Eib: L2[L7[], L7[]], Eii: L2[L0[], L7[]], put: L2[V2, V3] -> V0 -> V1 -> L2[V2, V3], tr: L7[]
[16:08:22.596480]	Exploring 0: L0[], 1: L0[], Ebi: L2[L0[], L7[]], Eib: L2[L7[], L7[]], Eii: L2[L0[], L7[]], put: L2[V2, V3] -> V0 -> V1 -> L2[V3, _9_], tr: L7[]
[16:08:22.596755]	Exploring 0: L0[], 1: L0[], Ebi: L2[L0[], L7[]], Eib: L2[L7[], L7[]], Eii: L2[L0[], L7[]], put: L2[V2, V3] -> V0 -> V1 -> L2[V3, L0[]], tr: L7[]
[16:08:22.597211]	Exploring 0: L0[], 1: L0[], Ebi: L2[L0[], L7[]], Eib: L2[L7[], L7[]], Eii: L2[L0[], L7[]], put: L2[V2, V3] -> V0 -> V1 -> L2[V3, L7[]], tr: L7[]
[16:08:22.597677]	Exploring 0: L0[], 1: L0[], Ebi: L2[L0[], L7[]], Eib: L2[L7[], L7[]], Eii: L2[L0[], L7[]], put: L2[V2, V3] -> V0 -> V1 -> L2[V3, V0], tr: L7[]
[16:08:22.598182]	Exploring 0: L0[], 1: L0[], Ebi: L2[L0[], L7[]], Eib: L2[L7[], L7[]], Eii: L2[L0[], L7[]], put: L2[V2, V3] -> V0 -> V1 -> L2[V3, V1], tr: L7[]
[16:08:22.598641]	Exploring 0: L0[], 1: L0[], Ebi: L2[L0[], L7[]], Eib: L2[L7[], L7[]], Eii: L2[L0[], L7[]], put: L2[V2, V3] -> V0 -> V1 -> L2[V3, V2], tr: L7[]
[16:08:22.599082]	Exploring 0: L0[], 1: L0[], Ebi: L2[L0[], L7[]], Eib: L2[L7[], L7[]], Eii: L2[L0[], L7[]], put: L2[V2, V3] -> V0 -> V1 -> L2[V3, V3], tr: L7[]
[16:08:22.599460]	Exploring 0: L0[], 1: L0[], Ebi: L2[L0[], L7[]], Eib: L2[L7[], L7[]], Eii: L2[L7[], _5_], put: L2[_6_, _7_] -> V0 -> V1 -> L2[_8_, _9_], tr: L7[]
[16:08:22.599614]	Exploring 0: L0[], 1: L0[], Ebi: L2[L0[], L7[]], Eib: L2[L7[], L7[]], Eii: L2[L7[], L0[]], put: L2[_6_, _7_] -> V0 -> V1 -> L2[_8_, _9_], tr: L7[]
[16:08:22.599886]	Exploring 0: L0[], 1: L0[], Ebi: L2[L0[], L7[]], Eib: L2[L7[], L7[]], Eii: L2[L7[], L0[]], put: L2[V2, _7_] -> V0 -> V1 -> L2[_8_, _9_], tr: L7[]
[16:08:22.600220]	Exploring 0: L0[], 1: L0[], Ebi: L2[L0[], L7[]], Eib: L2[L7[], L7[]], Eii: L2[L7[], L0[]], put: L2[V2, V3] -> V0 -> V1 -> L2[_8_, _9_], tr: L7[]
[16:08:22.600445]	Exploring 0: L0[], 1: L0[], Ebi: L2[L0[], L7[]], Eib: L2[L7[], L7[]], Eii: L2[L7[], L0[]], put: L2[V2, V3] -> V0 -> V1 -> L2[L0[], _9_], tr: L7[]
[16:08:22.600665]	Exploring 0: L0[], 1: L0[], Ebi: L2[L0[], L7[]], Eib: L2[L7[], L7[]], Eii: L2[L7[], L0[]], put: L2[V2, V3] -> V0 -> V1 -> L2[L0[], L0[]], tr: L7[]
[16:08:22.601066]	Exploring 0: L0[], 1: L0[], Ebi: L2[L0[], L7[]], Eib: L2[L7[], L7[]], Eii: L2[L7[], L0[]], put: L2[V2, V3] -> V0 -> V1 -> L2[L0[], L7[]], tr: L7[]
[16:08:22.601547]	Exploring 0: L0[], 1: L0[], Ebi: L2[L0[], L7[]], Eib: L2[L7[], L7[]], Eii: L2[L7[], L0[]], put: L2[V2, V3] -> V0 -> V1 -> L2[L0[], V0], tr: L7[]
[16:08:22.602057]	Exploring 0: L0[], 1: L0[], Ebi: L2[L0[], L7[]], Eib: L2[L7[], L7[]], Eii: L2[L7[], L0[]], put: L2[V2, V3] -> V0 -> V1 -> L2[L0[], V1], tr: L7[]
[16:08:22.602542]	Exploring 0: L0[], 1: L0[], Ebi: L2[L0[], L7[]], Eib: L2[L7[], L7[]], Eii: L2[L7[], L0[]], put: L2[V2, V3] -> V0 -> V1 -> L2[L0[], V2], tr: L7[]
[16:08:22.602989]	Exploring 0: L0[], 1: L0[], Ebi: L2[L0[], L7[]], Eib: L2[L7[], L7[]], Eii: L2[L7[], L0[]], put: L2[V2, V3] -> V0 -> V1 -> L2[L0[], V3], tr: L7[]
[16:08:22.603459]	Exploring 0: L0[], 1: L0[], Ebi: L2[L0[], L7[]], Eib: L2[L7[], L7[]], Eii: L2[L7[], L0[]], put: L2[V2, V3] -> V0 -> V1 -> L2[L7[], _9_], tr: L7[]
[16:08:22.603714]	Exploring 0: L0[], 1: L0[], Ebi: L2[L0[], L7[]], Eib: L2[L7[], L7[]], Eii: L2[L7[], L0[]], put: L2[V2, V3] -> V0 -> V1 -> L2[L7[], L0[]], tr: L7[]
[16:08:22.604130]	Exploring 0: L0[], 1: L0[], Ebi: L2[L0[], L7[]], Eib: L2[L7[], L7[]], Eii: L2[L7[], L0[]], put: L2[V2, V3] -> V0 -> V1 -> L2[L7[], L7[]], tr: L7[]
[16:08:22.604590]	Exploring 0: L0[], 1: L0[], Ebi: L2[L0[], L7[]], Eib: L2[L7[], L7[]], Eii: L2[L7[], L0[]], put: L2[V2, V3] -> V0 -> V1 -> L2[L7[], V0], tr: L7[]
[16:08:22.605085]	Exploring 0: L0[], 1: L0[], Ebi: L2[L0[], L7[]], Eib: L2[L7[], L7[]], Eii: L2[L7[], L0[]], put: L2[V2, V3] -> V0 -> V1 -> L2[L7[], V1], tr: L7[]
[16:08:22.605555]	Exploring 0: L0[], 1: L0[], Ebi: L2[L0[], L7[]], Eib: L2[L7[], L7[]], Eii: L2[L7[], L0[]], put: L2[V2, V3] -> V0 -> V1 -> L2[L7[], V2], tr: L7[]
[16:08:22.606005]	Exploring 0: L0[], 1: L0[], Ebi: L2[L0[], L7[]], Eib: L2[L7[], L7[]], Eii: L2[L7[], L0[]], put: L2[V2, V3] -> V0 -> V1 -> L2[L7[], V3], tr: L7[]
[16:08:22.606481]	Exploring 0: L0[], 1: L0[], Ebi: L2[L0[], L7[]], Eib: L2[L7[], L7[]], Eii: L2[L7[], L0[]], put: L2[V2, V3] -> V0 -> V1 -> L2[V0, _9_], tr: L7[]
[16:08:22.606756]	Exploring 0: L0[], 1: L0[], Ebi: L2[L0[], L7[]], Eib: L2[L7[], L7[]], Eii: L2[L7[], L0[]], put: L2[V2, V3] -> V0 -> V1 -> L2[V0, L0[]], tr: L7[]
[16:08:22.607235]	Exploring 0: L0[], 1: L0[], Ebi: L2[L0[], L7[]], Eib: L2[L7[], L7[]], Eii: L2[L7[], L0[]], put: L2[V2, V3] -> V0 -> V1 -> L2[V0, L7[]], tr: L7[]
[16:08:22.607701]	Exploring 0: L0[], 1: L0[], Ebi: L2[L0[], L7[]], Eib: L2[L7[], L7[]], Eii: L2[L7[], L0[]], put: L2[V2, V3] -> V0 -> V1 -> L2[V0, V0], tr: L7[]
[16:08:22.608197]	Exploring 0: L0[], 1: L0[], Ebi: L2[L0[], L7[]], Eib: L2[L7[], L7[]], Eii: L2[L7[], L0[]], put: L2[V2, V3] -> V0 -> V1 -> L2[V0, V1], tr: L7[]
[16:08:22.608670]	Exploring 0: L0[], 1: L0[], Ebi: L2[L0[], L7[]], Eib: L2[L7[], L7[]], Eii: L2[L7[], L0[]], put: L2[V2, V3] -> V0 -> V1 -> L2[V0, V2], tr: L7[]
[16:08:22.609134]	Exploring 0: L0[], 1: L0[], Ebi: L2[L0[], L7[]], Eib: L2[L7[], L7[]], Eii: L2[L7[], L0[]], put: L2[V2, V3] -> V0 -> V1 -> L2[V0, V3], tr: L7[]
[16:08:22.609625]	Exploring 0: L0[], 1: L0[], Ebi: L2[L0[], L7[]], Eib: L2[L7[], L7[]], Eii: L2[L7[], L0[]], put: L2[V2, V3] -> V0 -> V1 -> L2[V1, _9_], tr: L7[]
[16:08:22.609887]	Exploring 0: L0[], 1: L0[], Ebi: L2[L0[], L7[]], Eib: L2[L7[], L7[]], Eii: L2[L7[], L0[]], put: L2[V2, V3] -> V0 -> V1 -> L2[V1, L0[]], tr: L7[]
[16:08:22.610383]	Exploring 0: L0[], 1: L0[], Ebi: L2[L0[], L7[]], Eib: L2[L7[], L7[]], Eii: L2[L7[], L0[]], put: L2[V2, V3] -> V0 -> V1 -> L2[V1, L7[]], tr: L7[]
[16:08:22.610834]	Exploring 0: L0[], 1: L0[], Ebi: L2[L0[], L7[]], Eib: L2[L7[], L7[]], Eii: L2[L7[], L0[]], put: L2[V2, V3] -> V0 -> V1 -> L2[V1, V0], tr: L7[]
[16:08:22.611312]	Exploring 0: L0[], 1: L0[], Ebi: L2[L0[], L7[]], Eib: L2[L7[], L7[]], Eii: L2[L7[], L0[]], put: L2[V2, V3] -> V0 -> V1 -> L2[V1, V1], tr: L7[]
[16:08:22.611803]	Exploring 0: L0[], 1: L0[], Ebi: L2[L0[], L7[]], Eib: L2[L7[], L7[]], Eii: L2[L7[], L0[]], put: L2[V2, V3] -> V0 -> V1 -> L2[V1, V2], tr: L7[]
[16:08:22.612303]	Exploring 0: L0[], 1: L0[], Ebi: L2[L0[], L7[]], Eib: L2[L7[], L7[]], Eii: L2[L7[], L0[]], put: L2[V2, V3] -> V0 -> V1 -> L2[V1, V3], tr: L7[]
[16:08:22.612738]	Exploring 0: L0[], 1: L0[], Ebi: L2[L0[], L7[]], Eib: L2[L7[], L7[]], Eii: L2[L7[], L0[]], put: L2[V2, V3] -> V0 -> V1 -> L2[V2, _9_], tr: L7[]
[16:08:22.612995]	Exploring 0: L0[], 1: L0[], Ebi: L2[L0[], L7[]], Eib: L2[L7[], L7[]], Eii: L2[L7[], L0[]], put: L2[V2, V3] -> V0 -> V1 -> L2[V2, L0[]], tr: L7[]
[16:08:22.613436]	Exploring 0: L0[], 1: L0[], Ebi: L2[L0[], L7[]], Eib: L2[L7[], L7[]], Eii: L2[L7[], L0[]], put: L2[V2, V3] -> V0 -> V1 -> L2[V2, L7[]], tr: L7[]
[16:08:22.613882]	Exploring 0: L0[], 1: L0[], Ebi: L2[L0[], L7[]], Eib: L2[L7[], L7[]], Eii: L2[L7[], L0[]], put: L2[V2, V3] -> V0 -> V1 -> L2[V2, V0], tr: L7[]
[16:08:22.614372]	Exploring 0: L0[], 1: L0[], Ebi: L2[L0[], L7[]], Eib: L2[L7[], L7[]], Eii: L2[L7[], L0[]], put: L2[V2, V3] -> V0 -> V1 -> L2[V2, V1], tr: L7[]
[16:08:22.614793]	Exploring 0: L0[], 1: L0[], Ebi: L2[L0[], L7[]], Eib: L2[L7[], L7[]], Eii: L2[L7[], L0[]], put: L2[V2, V3] -> V0 -> V1 -> L2[V2, V2], tr: L7[]
[16:08:22.615197]	Exploring 0: L0[], 1: L0[], Ebi: L2[L0[], L7[]], Eib: L2[L7[], L7[]], Eii: L2[L7[], L0[]], put: L2[V2, V3] -> V0 -> V1 -> L2[V2, V3], tr: L7[]
[16:08:22.615636]	Exploring 0: L0[], 1: L0[], Ebi: L2[L0[], L7[]], Eib: L2[L7[], L7[]], Eii: L2[L7[], L0[]], put: L2[V2, V3] -> V0 -> V1 -> L2[V3, _9_], tr: L7[]
[16:08:22.615902]	Exploring 0: L0[], 1: L0[], Ebi: L2[L0[], L7[]], Eib: L2[L7[], L7[]], Eii: L2[L7[], L0[]], put: L2[V2, V3] -> V0 -> V1 -> L2[V3, L0[]], tr: L7[]
[16:08:22.616334]	Exploring 0: L0[], 1: L0[], Ebi: L2[L0[], L7[]], Eib: L2[L7[], L7[]], Eii: L2[L7[], L0[]], put: L2[V2, V3] -> V0 -> V1 -> L2[V3, L7[]], tr: L7[]
[16:08:22.616756]	Exploring 0: L0[], 1: L0[], Ebi: L2[L0[], L7[]], Eib: L2[L7[], L7[]], Eii: L2[L7[], L0[]], put: L2[V2, V3] -> V0 -> V1 -> L2[V3, V0], tr: L7[]
[16:08:22.617189]	Exploring 0: L0[], 1: L0[], Ebi: L2[L0[], L7[]], Eib: L2[L7[], L7[]], Eii: L2[L7[], L0[]], put: L2[V2, V3] -> V0 -> V1 -> L2[V3, V1], tr: L7[]
[16:08:22.617621]	Exploring 0: L0[], 1: L0[], Ebi: L2[L0[], L7[]], Eib: L2[L7[], L7[]], Eii: L2[L7[], L0[]], put: L2[V2, V3] -> V0 -> V1 -> L2[V3, V2], tr: L7[]
[16:08:22.618036]	Exploring 0: L0[], 1: L0[], Ebi: L2[L0[], L7[]], Eib: L2[L7[], L7[]], Eii: L2[L7[], L0[]], put: L2[V2, V3] -> V0 -> V1 -> L2[V3, V3], tr: L7[]
[16:08:22.618383]	Exploring 0: L0[], 1: L0[], Ebi: L2[L0[], L7[]], Eib: L2[L7[], L7[]], Eii: L2[L7[], L7[]], put: L2[_6_, _7_] -> V0 -> V1 -> L2[_8_, _9_], tr: L7[]
[16:08:22.618658]	Exploring 0: L0[], 1: L0[], Ebi: L2[L0[], L7[]], Eib: L2[L7[], L7[]], Eii: L2[L7[], L7[]], put: L2[V2, _7_] -> V0 -> V1 -> L2[_8_, _9_], tr: L7[]
[16:08:22.618878]	Exploring 0: L0[], 1: L0[], Ebi: L2[L0[], L7[]], Eib: L2[L7[], L7[]], Eii: L2[L7[], L7[]], put: L2[V2, L7[]] -> V0 -> V1 -> L2[_8_, _9_], tr: L7[]
[16:08:22.619078]	Exploring 0: L0[], 1: L0[], Ebi: L2[L0[], L7[]], Eib: L2[L7[], L7[]], Eii: L2[L7[], L7[]], put: L2[V2, L7[]] -> V0 -> V1 -> L2[L0[], _9_], tr: L7[]
[16:08:22.619293]	Exploring 0: L0[], 1: L0[], Ebi: L2[L0[], L7[]], Eib: L2[L7[], L7[]], Eii: L2[L7[], L7[]], put: L2[V2, L7[]] -> V0 -> V1 -> L2[L0[], L7[]], tr: L7[]
[16:08:22.619788]	Exploring 0: L0[], 1: L0[], Ebi: L2[L0[], L7[]], Eib: L2[L7[], L7[]], Eii: L2[L7[], L7[]], put: L2[V2, L7[]] -> V0 -> V1 -> L2[L7[], _9_], tr: L7[]
[16:08:22.620010]	Exploring 0: L0[], 1: L0[], Ebi: L2[L0[], L7[]], Eib: L2[L7[], L7[]], Eii: L2[L7[], L7[]], put: L2[V2, L7[]] -> V0 -> V1 -> L2[L7[], L7[]], tr: L7[]
[16:08:22.620516]	Exploring 0: L0[], 1: L0[], Ebi: L2[L0[], L7[]], Eib: L2[L7[], L7[]], Eii: L2[L7[], L7[]], put: L2[V2, L7[]] -> V0 -> V1 -> L2[V0, _9_], tr: L7[]
[16:08:22.620766]	Exploring 0: L0[], 1: L0[], Ebi: L2[L0[], L7[]], Eib: L2[L7[], L7[]], Eii: L2[L7[], L7[]], put: L2[V2, L7[]] -> V0 -> V1 -> L2[V0, L7[]], tr: L7[]
[16:08:22.621283]	Exploring 0: L0[], 1: L0[], Ebi: L2[L0[], L7[]], Eib: L2[L7[], L7[]], Eii: L2[L7[], L7[]], put: L2[V2, L7[]] -> V0 -> V1 -> L2[V1, _9_], tr: L7[]
[16:08:22.621526]	Exploring 0: L0[], 1: L0[], Ebi: L2[L0[], L7[]], Eib: L2[L7[], L7[]], Eii: L2[L7[], L7[]], put: L2[V2, L7[]] -> V0 -> V1 -> L2[V1, L7[]], tr: L7[]
[16:08:22.622032]	Exploring 0: L0[], 1: L0[], Ebi: L2[L0[], L7[]], Eib: L2[L7[], L7[]], Eii: L2[L7[], L7[]], put: L2[V2, L7[]] -> V0 -> V1 -> L2[V2, _9_], tr: L7[]
[16:08:22.622256]	Exploring 0: L0[], 1: L0[], Ebi: L2[L0[], L7[]], Eib: L2[L7[], L7[]], Eii: L2[L7[], L7[]], put: L2[V2, L7[]] -> V0 -> V1 -> L2[V2, L7[]], tr: L7[]
[16:08:22.622866]	Exploring 0: L0[], 1: L0[], Ebi: L2[L0[], L7[]], Eib: L2[L7[], L7[]], Eii: L2[L7[], L7[]], put: L2[V2, V3] -> V0 -> V1 -> L2[_8_, _9_], tr: L7[]
[16:08:22.623086]	Exploring 0: L0[], 1: L0[], Ebi: L2[L0[], L7[]], Eib: L2[L7[], L7[]], Eii: L2[L7[], L7[]], put: L2[V2, V3] -> V0 -> V1 -> L2[L0[], _9_], tr: L7[]
[16:08:22.623343]	Exploring 0: L0[], 1: L0[], Ebi: L2[L0[], L7[]], Eib: L2[L7[], L7[]], Eii: L2[L7[], L7[]], put: L2[V2, V3] -> V0 -> V1 -> L2[L0[], L0[]], tr: L7[]
[16:08:22.623750]	Exploring 0: L0[], 1: L0[], Ebi: L2[L0[], L7[]], Eib: L2[L7[], L7[]], Eii: L2[L7[], L7[]], put: L2[V2, V3] -> V0 -> V1 -> L2[L0[], L7[]], tr: L7[]
[16:08:22.624170]	Exploring 0: L0[], 1: L0[], Ebi: L2[L0[], L7[]], Eib: L2[L7[], L7[]], Eii: L2[L7[], L7[]], put: L2[V2, V3] -> V0 -> V1 -> L2[L0[], V0], tr: L7[]
[16:08:22.624615]	Exploring 0: L0[], 1: L0[], Ebi: L2[L0[], L7[]], Eib: L2[L7[], L7[]], Eii: L2[L7[], L7[]], put: L2[V2, V3] -> V0 -> V1 -> L2[L0[], V1], tr: L7[]
[16:08:22.625049]	Exploring 0: L0[], 1: L0[], Ebi: L2[L0[], L7[]], Eib: L2[L7[], L7[]], Eii: L2[L7[], L7[]], put: L2[V2, V3] -> V0 -> V1 -> L2[L0[], V2], tr: L7[]
[16:08:22.625467]	Exploring 0: L0[], 1: L0[], Ebi: L2[L0[], L7[]], Eib: L2[L7[], L7[]], Eii: L2[L7[], L7[]], put: L2[V2, V3] -> V0 -> V1 -> L2[L0[], V3], tr: L7[]
[16:08:22.625892]	Exploring 0: L0[], 1: L0[], Ebi: L2[L0[], L7[]], Eib: L2[L7[], L7[]], Eii: L2[L7[], L7[]], put: L2[V2, V3] -> V0 -> V1 -> L2[L7[], _9_], tr: L7[]
[16:08:22.626119]	Exploring 0: L0[], 1: L0[], Ebi: L2[L0[], L7[]], Eib: L2[L7[], L7[]], Eii: L2[L7[], L7[]], put: L2[V2, V3] -> V0 -> V1 -> L2[L7[], L0[]], tr: L7[]
[16:08:22.626496]	Exploring 0: L0[], 1: L0[], Ebi: L2[L0[], L7[]], Eib: L2[L7[], L7[]], Eii: L2[L7[], L7[]], put: L2[V2, V3] -> V0 -> V1 -> L2[L7[], L7[]], tr: L7[]
[16:08:22.626945]	Exploring 0: L0[], 1: L0[], Ebi: L2[L0[], L7[]], Eib: L2[L7[], L7[]], Eii: L2[L7[], L7[]], put: L2[V2, V3] -> V0 -> V1 -> L2[L7[], V0], tr: L7[]
[16:08:22.627384]	Exploring 0: L0[], 1: L0[], Ebi: L2[L0[], L7[]], Eib: L2[L7[], L7[]], Eii: L2[L7[], L7[]], put: L2[V2, V3] -> V0 -> V1 -> L2[L7[], V1], tr: L7[]
[16:08:22.627833]	Exploring 0: L0[], 1: L0[], Ebi: L2[L0[], L7[]], Eib: L2[L7[], L7[]], Eii: L2[L7[], L7[]], put: L2[V2, V3] -> V0 -> V1 -> L2[L7[], V2], tr: L7[]
[16:08:22.628265]	Exploring 0: L0[], 1: L0[], Ebi: L2[L0[], L7[]], Eib: L2[L7[], L7[]], Eii: L2[L7[], L7[]], put: L2[V2, V3] -> V0 -> V1 -> L2[L7[], V3], tr: L7[]
[16:08:22.628706]	Exploring 0: L0[], 1: L0[], Ebi: L2[L0[], L7[]], Eib: L2[L7[], L7[]], Eii: L2[L7[], L7[]], put: L2[V2, V3] -> V0 -> V1 -> L2[V0, _9_], tr: L7[]
[16:08:22.628974]	Exploring 0: L0[], 1: L0[], Ebi: L2[L0[], L7[]], Eib: L2[L7[], L7[]], Eii: L2[L7[], L7[]], put: L2[V2, V3] -> V0 -> V1 -> L2[V0, L0[]], tr: L7[]
[16:08:22.629436]	Exploring 0: L0[], 1: L0[], Ebi: L2[L0[], L7[]], Eib: L2[L7[], L7[]], Eii: L2[L7[], L7[]], put: L2[V2, V3] -> V0 -> V1 -> L2[V0, L7[]], tr: L7[]
[16:08:22.629897]	Exploring 0: L0[], 1: L0[], Ebi: L2[L0[], L7[]], Eib: L2[L7[], L7[]], Eii: L2[L7[], L7[]], put: L2[V2, V3] -> V0 -> V1 -> L2[V0, V0], tr: L7[]
[16:08:22.630364]	Exploring 0: L0[], 1: L0[], Ebi: L2[L0[], L7[]], Eib: L2[L7[], L7[]], Eii: L2[L7[], L7[]], put: L2[V2, V3] -> V0 -> V1 -> L2[V0, V1], tr: L7[]
[16:08:22.630805]	Exploring 0: L0[], 1: L0[], Ebi: L2[L0[], L7[]], Eib: L2[L7[], L7[]], Eii: L2[L7[], L7[]], put: L2[V2, V3] -> V0 -> V1 -> L2[V0, V2], tr: L7[]
[16:08:22.631240]	Exploring 0: L0[], 1: L0[], Ebi: L2[L0[], L7[]], Eib: L2[L7[], L7[]], Eii: L2[L7[], L7[]], put: L2[V2, V3] -> V0 -> V1 -> L2[V0, V3], tr: L7[]
[16:08:22.631661]	Exploring 0: L0[], 1: L0[], Ebi: L2[L0[], L7[]], Eib: L2[L7[], L7[]], Eii: L2[L7[], L7[]], put: L2[V2, V3] -> V0 -> V1 -> L2[V1, _9_], tr: L7[]
[16:08:22.631853]	Exploring 0: L0[], 1: L0[], Ebi: L2[L0[], L7[]], Eib: L2[L7[], L7[]], Eii: L2[L7[], L7[]], put: L2[V2, V3] -> V0 -> V1 -> L2[V1, L0[]], tr: L7[]
[16:08:22.632155]	Exploring 0: L0[], 1: L0[], Ebi: L2[L0[], L7[]], Eib: L2[L7[], L7[]], Eii: L2[L7[], L7[]], put: L2[V2, V3] -> V0 -> V1 -> L2[V1, L7[]], tr: L7[]
[16:08:22.632454]	Exploring 0: L0[], 1: L0[], Ebi: L2[L0[], L7[]], Eib: L2[L7[], L7[]], Eii: L2[L7[], L7[]], put: L2[V2, V3] -> V0 -> V1 -> L2[V1, V0], tr: L7[]
[16:08:22.632740]	Exploring 0: L0[], 1: L0[], Ebi: L2[L0[], L7[]], Eib: L2[L7[], L7[]], Eii: L2[L7[], L7[]], put: L2[V2, V3] -> V0 -> V1 -> L2[V1, V1], tr: L7[]
[16:08:22.633041]	Exploring 0: L0[], 1: L0[], Ebi: L2[L0[], L7[]], Eib: L2[L7[], L7[]], Eii: L2[L7[], L7[]], put: L2[V2, V3] -> V0 -> V1 -> L2[V1, V2], tr: L7[]
[16:08:22.633325]	Exploring 0: L0[], 1: L0[], Ebi: L2[L0[], L7[]], Eib: L2[L7[], L7[]], Eii: L2[L7[], L7[]], put: L2[V2, V3] -> V0 -> V1 -> L2[V1, V3], tr: L7[]
[16:08:22.633599]	Exploring 0: L0[], 1: L0[], Ebi: L2[L0[], L7[]], Eib: L2[L7[], L7[]], Eii: L2[L7[], L7[]], put: L2[V2, V3] -> V0 -> V1 -> L2[V2, _9_], tr: L7[]
[16:08:22.633755]	Exploring 0: L0[], 1: L0[], Ebi: L2[L0[], L7[]], Eib: L2[L7[], L7[]], Eii: L2[L7[], L7[]], put: L2[V2, V3] -> V0 -> V1 -> L2[V2, L0[]], tr: L7[]
[16:08:22.634021]	Exploring 0: L0[], 1: L0[], Ebi: L2[L0[], L7[]], Eib: L2[L7[], L7[]], Eii: L2[L7[], L7[]], put: L2[V2, V3] -> V0 -> V1 -> L2[V2, L7[]], tr: L7[]
[16:08:22.634303]	Exploring 0: L0[], 1: L0[], Ebi: L2[L0[], L7[]], Eib: L2[L7[], L7[]], Eii: L2[L7[], L7[]], put: L2[V2, V3] -> V0 -> V1 -> L2[V2, V0], tr: L7[]
[16:08:22.634579]	Exploring 0: L0[], 1: L0[], Ebi: L2[L0[], L7[]], Eib: L2[L7[], L7[]], Eii: L2[L7[], L7[]], put: L2[V2, V3] -> V0 -> V1 -> L2[V2, V1], tr: L7[]
[16:08:22.634832]	Exploring 0: L0[], 1: L0[], Ebi: L2[L0[], L7[]], Eib: L2[L7[], L7[]], Eii: L2[L7[], L7[]], put: L2[V2, V3] -> V0 -> V1 -> L2[V2, V2], tr: L7[]
[16:08:22.635077]	Exploring 0: L0[], 1: L0[], Ebi: L2[L0[], L7[]], Eib: L2[L7[], L7[]], Eii: L2[L7[], L7[]], put: L2[V2, V3] -> V0 -> V1 -> L2[V2, V3], tr: L7[]
[16:08:22.635356]	Exploring 0: L0[], 1: L0[], Ebi: L2[L0[], L7[]], Eib: L2[L7[], L7[]], Eii: L2[L7[], L7[]], put: L2[V2, V3] -> V0 -> V1 -> L2[V3, _9_], tr: L7[]
[16:08:22.635531]	Exploring 0: L0[], 1: L0[], Ebi: L2[L0[], L7[]], Eib: L2[L7[], L7[]], Eii: L2[L7[], L7[]], put: L2[V2, V3] -> V0 -> V1 -> L2[V3, L0[]], tr: L7[]
[16:08:22.635796]	Exploring 0: L0[], 1: L0[], Ebi: L2[L0[], L7[]], Eib: L2[L7[], L7[]], Eii: L2[L7[], L7[]], put: L2[V2, V3] -> V0 -> V1 -> L2[V3, L7[]], tr: L7[]
[16:08:22.636064]	Exploring 0: L0[], 1: L0[], Ebi: L2[L0[], L7[]], Eib: L2[L7[], L7[]], Eii: L2[L7[], L7[]], put: L2[V2, V3] -> V0 -> V1 -> L2[V3, V0], tr: L7[]
[16:08:22.636339]	Exploring 0: L0[], 1: L0[], Ebi: L2[L0[], L7[]], Eib: L2[L7[], L7[]], Eii: L2[L7[], L7[]], put: L2[V2, V3] -> V0 -> V1 -> L2[V3, V1], tr: L7[]
[16:08:22.636613]	Exploring 0: L0[], 1: L0[], Ebi: L2[L0[], L7[]], Eib: L2[L7[], L7[]], Eii: L2[L7[], L7[]], put: L2[V2, V3] -> V0 -> V1 -> L2[V3, V2], tr: L7[]
[16:08:22.636869]	Exploring 0: L0[], 1: L0[], Ebi: L2[L0[], L7[]], Eib: L2[L7[], L7[]], Eii: L2[L7[], L7[]], put: L2[V2, V3] -> V0 -> V1 -> L2[V3, V3], tr: L7[]
[16:08:22.637093]	Exploring 0: L0[], 1: L0[], Ebi: L2[L7[], _1_], Eib: L2[_2_, _3_], Eii: L2[_4_, _5_], put: L2[_6_, _7_] -> V0 -> V1 -> L2[_8_, _9_], tr: L7[]
[16:08:22.637199]	Exploring 0: L0[], 1: L0[], Ebi: L2[L7[], L0[]], Eib: L2[_2_, _3_], Eii: L2[_4_, _5_], put: L2[_6_, _7_] -> V0 -> V1 -> L2[_8_, _9_], tr: L7[]
[16:08:22.637282]	Exploring 0: L0[], 1: L0[], Ebi: L2[L7[], L0[]], Eib: L2[L0[], _3_], Eii: L2[_4_, _5_], put: L2[_6_, _7_] -> V0 -> V1 -> L2[_8_, _9_], tr: L7[]
[16:08:22.637369]	Exploring 0: L0[], 1: L0[], Ebi: L2[L7[], L0[]], Eib: L2[L0[], L0[]], Eii: L2[_4_, _5_], put: L2[_6_, _7_] -> V0 -> V1 -> L2[_8_, _9_], tr: L7[]
[16:08:22.637454]	Exploring 0: L0[], 1: L0[], Ebi: L2[L7[], L0[]], Eib: L2[L0[], L0[]], Eii: L2[L0[], _5_], put: L2[_6_, _7_] -> V0 -> V1 -> L2[_8_, _9_], tr: L7[]
[16:08:22.637539]	Exploring 0: L0[], 1: L0[], Ebi: L2[L7[], L0[]], Eib: L2[L0[], L0[]], Eii: L2[L0[], L0[]], put: L2[_6_, _7_] -> V0 -> V1 -> L2[_8_, _9_], tr: L7[]
[16:08:22.637686]	Exploring 0: L0[], 1: L0[], Ebi: L2[L7[], L0[]], Eib: L2[L0[], L0[]], Eii: L2[L0[], L0[]], put: L2[V0, _7_] -> V0 -> V1 -> L2[_8_, _9_], tr: L7[]
[16:08:22.637848]	Exploring 0: L0[], 1: L0[], Ebi: L2[L7[], L0[]], Eib: L2[L0[], L0[]], Eii: L2[L0[], L0[]], put: L2[V0, L0[]] -> V0 -> V1 -> L2[_8_, _9_], tr: L7[]
[16:08:22.638007]	Exploring 0: L0[], 1: L0[], Ebi: L2[L7[], L0[]], Eib: L2[L0[], L0[]], Eii: L2[L0[], L0[]], put: L2[V0, L0[]] -> V0 -> V1 -> L2[V0, _9_], tr: L7[]
[16:08:22.638156]	Exploring 0: L0[], 1: L0[], Ebi: L2[L7[], L0[]], Eib: L2[L0[], L0[]], Eii: L2[L0[], L0[]], put: L2[V0, L0[]] -> V0 -> V1 -> L2[V0, L0[]], tr: L7[]
[16:08:22.638464]	Exploring 0: L0[], 1: L0[], Ebi: L2[L7[], L0[]], Eib: L2[L0[], L0[]], Eii: L2[L0[], L0[]], put: L2[V0, V2] -> V0 -> V1 -> L2[_8_, _9_], tr: L7[]
[16:08:22.638606]	Exploring 0: L0[], 1: L0[], Ebi: L2[L7[], L0[]], Eib: L2[L0[], L0[]], Eii: L2[L0[], L0[]], put: L2[V0, V2] -> V0 -> V1 -> L2[V0, _9_], tr: L7[]
[16:08:22.638740]	Exploring 0: L0[], 1: L0[], Ebi: L2[L7[], L0[]], Eib: L2[L0[], L0[]], Eii: L2[L0[], L0[]], put: L2[V0, V2] -> V0 -> V1 -> L2[V0, L0[]], tr: L7[]
[16:08:22.638974]	Exploring 0: L0[], 1: L0[], Ebi: L2[L7[], L0[]], Eib: L2[L0[], L0[]], Eii: L2[L0[], L0[]], put: L2[V0, V2] -> V0 -> V1 -> L2[V0, L7[]], tr: L7[]
[16:08:22.639227]	Exploring 0: L0[], 1: L0[], Ebi: L2[L7[], L0[]], Eib: L2[L0[], L0[]], Eii: L2[L0[], L0[]], put: L2[V0, V2] -> V0 -> V1 -> L2[V0, V0], tr: L7[]
[16:08:22.639514]	Exploring 0: L0[], 1: L0[], Ebi: L2[L7[], L0[]], Eib: L2[L0[], L0[]], Eii: L2[L0[], L0[]], put: L2[V0, V2] -> V0 -> V1 -> L2[V0, V1], tr: L7[]
[16:08:22.639774]	Exploring 0: L0[], 1: L0[], Ebi: L2[L7[], L0[]], Eib: L2[L0[], L0[]], Eii: L2[L0[], L0[]], put: L2[V0, V2] -> V0 -> V1 -> L2[V0, V2], tr: L7[]
[16:08:22.640081]	Exploring 0: L0[], 1: L0[], Ebi: L2[L7[], L0[]], Eib: L2[L0[], L0[]], Eii: L2[L0[], L0[]], put: L2[V2, _7_] -> V0 -> V1 -> L2[_8_, _9_], tr: L7[]
[16:08:22.640236]	Exploring 0: L0[], 1: L0[], Ebi: L2[L7[], L0[]], Eib: L2[L0[], L0[]], Eii: L2[L0[], L0[]], put: L2[V2, L0[]] -> V0 -> V1 -> L2[_8_, _9_], tr: L7[]
[16:08:22.640397]	Exploring 0: L0[], 1: L0[], Ebi: L2[L7[], L0[]], Eib: L2[L0[], L0[]], Eii: L2[L0[], L0[]], put: L2[V2, L0[]] -> V0 -> V1 -> L2[L0[], _9_], tr: L7[]
[16:08:22.640539]	Exploring 0: L0[], 1: L0[], Ebi: L2[L7[], L0[]], Eib: L2[L0[], L0[]], Eii: L2[L0[], L0[]], put: L2[V2, L0[]] -> V0 -> V1 -> L2[L0[], L0[]], tr: L7[]
[16:08:22.640824]	Exploring 0: L0[], 1: L0[], Ebi: L2[L7[], L0[]], Eib: L2[L0[], L0[]], Eii: L2[L0[], L0[]], put: L2[V2, L0[]] -> V0 -> V1 -> L2[L7[], _9_], tr: L7[]
[16:08:22.640957]	Exploring 0: L0[], 1: L0[], Ebi: L2[L7[], L0[]], Eib: L2[L0[], L0[]], Eii: L2[L0[], L0[]], put: L2[V2, L0[]] -> V0 -> V1 -> L2[L7[], L0[]], tr: L7[]
[16:08:22.641246]	Exploring 0: L0[], 1: L0[], Ebi: L2[L7[], L0[]], Eib: L2[L0[], L0[]], Eii: L2[L0[], L0[]], put: L2[V2, L0[]] -> V0 -> V1 -> L2[V0, _9_], tr: L7[]
[16:08:22.641388]	Exploring 0: L0[], 1: L0[], Ebi: L2[L7[], L0[]], Eib: L2[L0[], L0[]], Eii: L2[L0[], L0[]], put: L2[V2, L0[]] -> V0 -> V1 -> L2[V0, L0[]], tr: L7[]
[16:08:22.641693]	Exploring 0: L0[], 1: L0[], Ebi: L2[L7[], L0[]], Eib: L2[L0[], L0[]], Eii: L2[L0[], L0[]], put: L2[V2, L0[]] -> V0 -> V1 -> L2[V1, _9_], tr: L7[]
[16:08:22.641836]	Exploring 0: L0[], 1: L0[], Ebi: L2[L7[], L0[]], Eib: L2[L0[], L0[]], Eii: L2[L0[], L0[]], put: L2[V2, L0[]] -> V0 -> V1 -> L2[V1, L0[]], tr: L7[]
[16:08:22.642133]	Exploring 0: L0[], 1: L0[], Ebi: L2[L7[], L0[]], Eib: L2[L0[], L0[]], Eii: L2[L0[], L0[]], put: L2[V2, L0[]] -> V0 -> V1 -> L2[V2, _9_], tr: L7[]
[16:08:22.642268]	Exploring 0: L0[], 1: L0[], Ebi: L2[L7[], L0[]], Eib: L2[L0[], L0[]], Eii: L2[L0[], L0[]], put: L2[V2, L0[]] -> V0 -> V1 -> L2[V2, L0[]], tr: L7[]
[16:08:22.642619]	Exploring 0: L0[], 1: L0[], Ebi: L2[L7[], L0[]], Eib: L2[L0[], L0[]], Eii: L2[L0[], L0[]], put: L2[V2, V3] -> V0 -> V1 -> L2[_8_, _9_], tr: L7[]
[16:08:22.642753]	Exploring 0: L0[], 1: L0[], Ebi: L2[L7[], L0[]], Eib: L2[L0[], L0[]], Eii: L2[L0[], L0[]], put: L2[V2, V3] -> V0 -> V1 -> L2[L0[], _9_], tr: L7[]
[16:08:22.642891]	Exploring 0: L0[], 1: L0[], Ebi: L2[L7[], L0[]], Eib: L2[L0[], L0[]], Eii: L2[L0[], L0[]], put: L2[V2, V3] -> V0 -> V1 -> L2[L0[], L0[]], tr: L7[]
[16:08:22.643120]	Exploring 0: L0[], 1: L0[], Ebi: L2[L7[], L0[]], Eib: L2[L0[], L0[]], Eii: L2[L0[], L0[]], put: L2[V2, V3] -> V0 -> V1 -> L2[L0[], L7[]], tr: L7[]
[16:08:22.643374]	Exploring 0: L0[], 1: L0[], Ebi: L2[L7[], L0[]], Eib: L2[L0[], L0[]], Eii: L2[L0[], L0[]], put: L2[V2, V3] -> V0 -> V1 -> L2[L0[], V0], tr: L7[]
[16:08:22.643674]	Exploring 0: L0[], 1: L0[], Ebi: L2[L7[], L0[]], Eib: L2[L0[], L0[]], Eii: L2[L0[], L0[]], put: L2[V2, V3] -> V0 -> V1 -> L2[L0[], V1], tr: L7[]
[16:08:22.643938]	Exploring 0: L0[], 1: L0[], Ebi: L2[L7[], L0[]], Eib: L2[L0[], L0[]], Eii: L2[L0[], L0[]], put: L2[V2, V3] -> V0 -> V1 -> L2[L0[], V2], tr: L7[]
[16:08:22.644194]	Exploring 0: L0[], 1: L0[], Ebi: L2[L7[], L0[]], Eib: L2[L0[], L0[]], Eii: L2[L0[], L0[]], put: L2[V2, V3] -> V0 -> V1 -> L2[L0[], V3], tr: L7[]
[16:08:22.644442]	Exploring 0: L0[], 1: L0[], Ebi: L2[L7[], L0[]], Eib: L2[L0[], L0[]], Eii: L2[L0[], L0[]], put: L2[V2, V3] -> V0 -> V1 -> L2[L7[], _9_], tr: L7[]
[16:08:22.644586]	Exploring 0: L0[], 1: L0[], Ebi: L2[L7[], L0[]], Eib: L2[L0[], L0[]], Eii: L2[L0[], L0[]], put: L2[V2, V3] -> V0 -> V1 -> L2[L7[], L0[]], tr: L7[]
[16:08:22.644818]	Exploring 0: L0[], 1: L0[], Ebi: L2[L7[], L0[]], Eib: L2[L0[], L0[]], Eii: L2[L0[], L0[]], put: L2[V2, V3] -> V0 -> V1 -> L2[L7[], L7[]], tr: L7[]
[16:08:22.645071]	Exploring 0: L0[], 1: L0[], Ebi: L2[L7[], L0[]], Eib: L2[L0[], L0[]], Eii: L2[L0[], L0[]], put: L2[V2, V3] -> V0 -> V1 -> L2[L7[], V0], tr: L7[]
[16:08:22.645351]	Exploring 0: L0[], 1: L0[], Ebi: L2[L7[], L0[]], Eib: L2[L0[], L0[]], Eii: L2[L0[], L0[]], put: L2[V2, V3] -> V0 -> V1 -> L2[L7[], V1], tr: L7[]
[16:08:22.645617]	Exploring 0: L0[], 1: L0[], Ebi: L2[L7[], L0[]], Eib: L2[L0[], L0[]], Eii: L2[L0[], L0[]], put: L2[V2, V3] -> V0 -> V1 -> L2[L7[], V2], tr: L7[]
[16:08:22.645866]	Exploring 0: L0[], 1: L0[], Ebi: L2[L7[], L0[]], Eib: L2[L0[], L0[]], Eii: L2[L0[], L0[]], put: L2[V2, V3] -> V0 -> V1 -> L2[L7[], V3], tr: L7[]
[16:08:22.646131]	Exploring 0: L0[], 1: L0[], Ebi: L2[L7[], L0[]], Eib: L2[L0[], L0[]], Eii: L2[L0[], L0[]], put: L2[V2, V3] -> V0 -> V1 -> L2[V0, _9_], tr: L7[]
[16:08:22.646296]	Exploring 0: L0[], 1: L0[], Ebi: L2[L7[], L0[]], Eib: L2[L0[], L0[]], Eii: L2[L0[], L0[]], put: L2[V2, V3] -> V0 -> V1 -> L2[V0, L0[]], tr: L7[]
[16:08:22.646568]	Exploring 0: L0[], 1: L0[], Ebi: L2[L7[], L0[]], Eib: L2[L0[], L0[]], Eii: L2[L0[], L0[]], put: L2[V2, V3] -> V0 -> V1 -> L2[V0, L7[]], tr: L7[]
[16:08:22.646832]	Exploring 0: L0[], 1: L0[], Ebi: L2[L7[], L0[]], Eib: L2[L0[], L0[]], Eii: L2[L0[], L0[]], put: L2[V2, V3] -> V0 -> V1 -> L2[V0, V0], tr: L7[]
[16:08:22.647110]	Exploring 0: L0[], 1: L0[], Ebi: L2[L7[], L0[]], Eib: L2[L0[], L0[]], Eii: L2[L0[], L0[]], put: L2[V2, V3] -> V0 -> V1 -> L2[V0, V1], tr: L7[]
[16:08:22.647377]	Exploring 0: L0[], 1: L0[], Ebi: L2[L7[], L0[]], Eib: L2[L0[], L0[]], Eii: L2[L0[], L0[]], put: L2[V2, V3] -> V0 -> V1 -> L2[V0, V2], tr: L7[]
[16:08:22.647651]	Exploring 0: L0[], 1: L0[], Ebi: L2[L7[], L0[]], Eib: L2[L0[], L0[]], Eii: L2[L0[], L0[]], put: L2[V2, V3] -> V0 -> V1 -> L2[V0, V3], tr: L7[]
[16:08:22.647920]	Exploring 0: L0[], 1: L0[], Ebi: L2[L7[], L0[]], Eib: L2[L0[], L0[]], Eii: L2[L0[], L0[]], put: L2[V2, V3] -> V0 -> V1 -> L2[V1, _9_], tr: L7[]
[16:08:22.648087]	Exploring 0: L0[], 1: L0[], Ebi: L2[L7[], L0[]], Eib: L2[L0[], L0[]], Eii: L2[L0[], L0[]], put: L2[V2, V3] -> V0 -> V1 -> L2[V1, L0[]], tr: L7[]
[16:08:22.648365]	Exploring 0: L0[], 1: L0[], Ebi: L2[L7[], L0[]], Eib: L2[L0[], L0[]], Eii: L2[L0[], L0[]], put: L2[V2, V3] -> V0 -> V1 -> L2[V1, L7[]], tr: L7[]
[16:08:22.648626]	Exploring 0: L0[], 1: L0[], Ebi: L2[L7[], L0[]], Eib: L2[L0[], L0[]], Eii: L2[L0[], L0[]], put: L2[V2, V3] -> V0 -> V1 -> L2[V1, V0], tr: L7[]
[16:08:22.648887]	Exploring 0: L0[], 1: L0[], Ebi: L2[L7[], L0[]], Eib: L2[L0[], L0[]], Eii: L2[L0[], L0[]], put: L2[V2, V3] -> V0 -> V1 -> L2[V1, V1], tr: L7[]
[16:08:22.649144]	Exploring 0: L0[], 1: L0[], Ebi: L2[L7[], L0[]], Eib: L2[L0[], L0[]], Eii: L2[L0[], L0[]], put: L2[V2, V3] -> V0 -> V1 -> L2[V1, V2], tr: L7[]
[16:08:22.649404]	Exploring 0: L0[], 1: L0[], Ebi: L2[L7[], L0[]], Eib: L2[L0[], L0[]], Eii: L2[L0[], L0[]], put: L2[V2, V3] -> V0 -> V1 -> L2[V1, V3], tr: L7[]
[16:08:22.649642]	Exploring 0: L0[], 1: L0[], Ebi: L2[L7[], L0[]], Eib: L2[L0[], L0[]], Eii: L2[L0[], L0[]], put: L2[V2, V3] -> V0 -> V1 -> L2[V2, _9_], tr: L7[]
[16:08:22.649786]	Exploring 0: L0[], 1: L0[], Ebi: L2[L7[], L0[]], Eib: L2[L0[], L0[]], Eii: L2[L0[], L0[]], put: L2[V2, V3] -> V0 -> V1 -> L2[V2, L0[]], tr: L7[]
[16:08:22.650033]	Exploring 0: L0[], 1: L0[], Ebi: L2[L7[], L0[]], Eib: L2[L0[], L0[]], Eii: L2[L0[], L0[]], put: L2[V2, V3] -> V0 -> V1 -> L2[V2, L7[]], tr: L7[]
[16:08:22.650278]	Exploring 0: L0[], 1: L0[], Ebi: L2[L7[], L0[]], Eib: L2[L0[], L0[]], Eii: L2[L0[], L0[]], put: L2[V2, V3] -> V0 -> V1 -> L2[V2, V0], tr: L7[]
[16:08:22.650538]	Exploring 0: L0[], 1: L0[], Ebi: L2[L7[], L0[]], Eib: L2[L0[], L0[]], Eii: L2[L0[], L0[]], put: L2[V2, V3] -> V0 -> V1 -> L2[V2, V1], tr: L7[]
[16:08:22.650785]	Exploring 0: L0[], 1: L0[], Ebi: L2[L7[], L0[]], Eib: L2[L0[], L0[]], Eii: L2[L0[], L0[]], put: L2[V2, V3] -> V0 -> V1 -> L2[V2, V2], tr: L7[]
[16:08:22.651018]	Exploring 0: L0[], 1: L0[], Ebi: L2[L7[], L0[]], Eib: L2[L0[], L0[]], Eii: L2[L0[], L0[]], put: L2[V2, V3] -> V0 -> V1 -> L2[V2, V3], tr: L7[]
[16:08:22.651260]	Exploring 0: L0[], 1: L0[], Ebi: L2[L7[], L0[]], Eib: L2[L0[], L0[]], Eii: L2[L0[], L0[]], put: L2[V2, V3] -> V0 -> V1 -> L2[V3, _9_], tr: L7[]
[16:08:22.651417]	Exploring 0: L0[], 1: L0[], Ebi: L2[L7[], L0[]], Eib: L2[L0[], L0[]], Eii: L2[L0[], L0[]], put: L2[V2, V3] -> V0 -> V1 -> L2[V3, L0[]], tr: L7[]
[16:08:22.651670]	Exploring 0: L0[], 1: L0[], Ebi: L2[L7[], L0[]], Eib: L2[L0[], L0[]], Eii: L2[L0[], L0[]], put: L2[V2, V3] -> V0 -> V1 -> L2[V3, L7[]], tr: L7[]
[16:08:22.651920]	Exploring 0: L0[], 1: L0[], Ebi: L2[L7[], L0[]], Eib: L2[L0[], L0[]], Eii: L2[L0[], L0[]], put: L2[V2, V3] -> V0 -> V1 -> L2[V3, V0], tr: L7[]
[16:08:22.652177]	Exploring 0: L0[], 1: L0[], Ebi: L2[L7[], L0[]], Eib: L2[L0[], L0[]], Eii: L2[L0[], L0[]], put: L2[V2, V3] -> V0 -> V1 -> L2[V3, V1], tr: L7[]
[16:08:22.652429]	Exploring 0: L0[], 1: L0[], Ebi: L2[L7[], L0[]], Eib: L2[L0[], L0[]], Eii: L2[L0[], L0[]], put: L2[V2, V3] -> V0 -> V1 -> L2[V3, V2], tr: L7[]
[16:08:22.652667]	Exploring 0: L0[], 1: L0[], Ebi: L2[L7[], L0[]], Eib: L2[L0[], L0[]], Eii: L2[L0[], L0[]], put: L2[V2, V3] -> V0 -> V1 -> L2[V3, V3], tr: L7[]
[16:08:22.652863]	Exploring 0: L0[], 1: L0[], Ebi: L2[L7[], L0[]], Eib: L2[L0[], L0[]], Eii: L2[L0[], L7[]], put: L2[_6_, _7_] -> V0 -> V1 -> L2[_8_, _9_], tr: L7[]
[16:08:22.652987]	Exploring 0: L0[], 1: L0[], Ebi: L2[L7[], L0[]], Eib: L2[L0[], L0[]], Eii: L2[L0[], L7[]], put: L2[V0, _7_] -> V0 -> V1 -> L2[_8_, _9_], tr: L7[]
[16:08:22.653154]	Exploring 0: L0[], 1: L0[], Ebi: L2[L7[], L0[]], Eib: L2[L0[], L0[]], Eii: L2[L0[], L7[]], put: L2[V0, V2] -> V0 -> V1 -> L2[_8_, _9_], tr: L7[]
[16:08:22.653290]	Exploring 0: L0[], 1: L0[], Ebi: L2[L7[], L0[]], Eib: L2[L0[], L0[]], Eii: L2[L0[], L7[]], put: L2[V0, V2] -> V0 -> V1 -> L2[V0, _9_], tr: L7[]
[16:08:22.653466]	Exploring 0: L0[], 1: L0[], Ebi: L2[L7[], L0[]], Eib: L2[L0[], L0[]], Eii: L2[L0[], L7[]], put: L2[V0, V2] -> V0 -> V1 -> L2[V0, L0[]], tr: L7[]
[16:08:22.653779]	Exploring 0: L0[], 1: L0[], Ebi: L2[L7[], L0[]], Eib: L2[L0[], L0[]], Eii: L2[L0[], L7[]], put: L2[V0, V2] -> V0 -> V1 -> L2[V0, L7[]], tr: L7[]
[16:08:22.654090]	Exploring 0: L0[], 1: L0[], Ebi: L2[L7[], L0[]], Eib: L2[L0[], L0[]], Eii: L2[L0[], L7[]], put: L2[V0, V2] -> V0 -> V1 -> L2[V0, V0], tr: L7[]
[16:08:22.654329]	Exploring 0: L0[], 1: L0[], Ebi: L2[L7[], L0[]], Eib: L2[L0[], L0[]], Eii: L2[L0[], L7[]], put: L2[V0, V2] -> V0 -> V1 -> L2[V0, V1], tr: L7[]
[16:08:22.654579]	Exploring 0: L0[], 1: L0[], Ebi: L2[L7[], L0[]], Eib: L2[L0[], L0[]], Eii: L2[L0[], L7[]], put: L2[V0, V2] -> V0 -> V1 -> L2[V0, V2], tr: L7[]
[16:08:22.654853]	Exploring 0: L0[], 1: L0[], Ebi: L2[L7[], L0[]], Eib: L2[L0[], L0[]], Eii: L2[L0[], L7[]], put: L2[V2, _7_] -> V0 -> V1 -> L2[_8_, _9_], tr: L7[]
[16:08:22.655047]	Exploring 0: L0[], 1: L0[], Ebi: L2[L7[], L0[]], Eib: L2[L0[], L0[]], Eii: L2[L0[], L7[]], put: L2[V2, V3] -> V0 -> V1 -> L2[_8_, _9_], tr: L7[]
[16:08:22.655183]	Exploring 0: L0[], 1: L0[], Ebi: L2[L7[], L0[]], Eib: L2[L0[], L0[]], Eii: L2[L0[], L7[]], put: L2[V2, V3] -> V0 -> V1 -> L2[L0[], _9_], tr: L7[]
[16:08:22.655353]	Exploring 0: L0[], 1: L0[], Ebi: L2[L7[], L0[]], Eib: L2[L0[], L0[]], Eii: L2[L0[], L7[]], put: L2[V2, V3] -> V0 -> V1 -> L2[L0[], L0[]], tr: L7[]
[16:08:22.655604]	Exploring 0: L0[], 1: L0[], Ebi: L2[L7[], L0[]], Eib: L2[L0[], L0[]], Eii: L2[L0[], L7[]], put: L2[V2, V3] -> V0 -> V1 -> L2[L0[], L7[]], tr: L7[]
[16:08:22.655852]	Exploring 0: L0[], 1: L0[], Ebi: L2[L7[], L0[]], Eib: L2[L0[], L0[]], Eii: L2[L0[], L7[]], put: L2[V2, V3] -> V0 -> V1 -> L2[L0[], V0], tr: L7[]
[16:08:22.656119]	Exploring 0: L0[], 1: L0[], Ebi: L2[L7[], L0[]], Eib: L2[L0[], L0[]], Eii: L2[L0[], L7[]], put: L2[V2, V3] -> V0 -> V1 -> L2[L0[], V1], tr: L7[]
[16:08:22.656378]	Exploring 0: L0[], 1: L0[], Ebi: L2[L7[], L0[]], Eib: L2[L0[], L0[]], Eii: L2[L0[], L7[]], put: L2[V2, V3] -> V0 -> V1 -> L2[L0[], V2], tr: L7[]
[16:08:22.656619]	Exploring 0: L0[], 1: L0[], Ebi: L2[L7[], L0[]], Eib: L2[L0[], L0[]], Eii: L2[L0[], L7[]], put: L2[V2, V3] -> V0 -> V1 -> L2[L0[], V3], tr: L7[]
[16:08:22.656854]	Exploring 0: L0[], 1: L0[], Ebi: L2[L7[], L0[]], Eib: L2[L0[], L0[]], Eii: L2[L0[], L7[]], put: L2[V2, V3] -> V0 -> V1 -> L2[L7[], _9_], tr: L7[]
[16:08:22.656988]	Exploring 0: L0[], 1: L0[], Ebi: L2[L7[], L0[]], Eib: L2[L0[], L0[]], Eii: L2[L0[], L7[]], put: L2[V2, V3] -> V0 -> V1 -> L2[L7[], L0[]], tr: L7[]
[16:08:22.657221]	Exploring 0: L0[], 1: L0[], Ebi: L2[L7[], L0[]], Eib: L2[L0[], L0[]], Eii: L2[L0[], L7[]], put: L2[V2, V3] -> V0 -> V1 -> L2[L7[], L7[]], tr: L7[]
[16:08:22.657459]	Exploring 0: L0[], 1: L0[], Ebi: L2[L7[], L0[]], Eib: L2[L0[], L0[]], Eii: L2[L0[], L7[]], put: L2[V2, V3] -> V0 -> V1 -> L2[L7[], V0], tr: L7[]
[16:08:22.657716]	Exploring 0: L0[], 1: L0[], Ebi: L2[L7[], L0[]], Eib: L2[L0[], L0[]], Eii: L2[L0[], L7[]], put: L2[V2, V3] -> V0 -> V1 -> L2[L7[], V1], tr: L7[]
[16:08:22.657958]	Exploring 0: L0[], 1: L0[], Ebi: L2[L7[], L0[]], Eib: L2[L0[], L0[]], Eii: L2[L0[], L7[]], put: L2[V2, V3] -> V0 -> V1 -> L2[L7[], V2], tr: L7[]
[16:08:22.658219]	Exploring 0: L0[], 1: L0[], Ebi: L2[L7[], L0[]], Eib: L2[L0[], L0[]], Eii: L2[L0[], L7[]], put: L2[V2, V3] -> V0 -> V1 -> L2[L7[], V3], tr: L7[]
[16:08:22.658470]	Exploring 0: L0[], 1: L0[], Ebi: L2[L7[], L0[]], Eib: L2[L0[], L0[]], Eii: L2[L0[], L7[]], put: L2[V2, V3] -> V0 -> V1 -> L2[V0, _9_], tr: L7[]
[16:08:22.658624]	Exploring 0: L0[], 1: L0[], Ebi: L2[L7[], L0[]], Eib: L2[L0[], L0[]], Eii: L2[L0[], L7[]], put: L2[V2, V3] -> V0 -> V1 -> L2[V0, L0[]], tr: L7[]
[16:08:22.658887]	Exploring 0: L0[], 1: L0[], Ebi: L2[L7[], L0[]], Eib: L2[L0[], L0[]], Eii: L2[L0[], L7[]], put: L2[V2, V3] -> V0 -> V1 -> L2[V0, L7[]], tr: L7[]
[16:08:22.659147]	Exploring 0: L0[], 1: L0[], Ebi: L2[L7[], L0[]], Eib: L2[L0[], L0[]], Eii: L2[L0[], L7[]], put: L2[V2, V3] -> V0 -> V1 -> L2[V0, V0], tr: L7[]
[16:08:22.659411]	Exploring 0: L0[], 1: L0[], Ebi: L2[L7[], L0[]], Eib: L2[L0[], L0[]], Eii: L2[L0[], L7[]], put: L2[V2, V3] -> V0 -> V1 -> L2[V0, V1], tr: L7[]
[16:08:22.659674]	Exploring 0: L0[], 1: L0[], Ebi: L2[L7[], L0[]], Eib: L2[L0[], L0[]], Eii: L2[L0[], L7[]], put: L2[V2, V3] -> V0 -> V1 -> L2[V0, V2], tr: L7[]
[16:08:22.659933]	Exploring 0: L0[], 1: L0[], Ebi: L2[L7[], L0[]], Eib: L2[L0[], L0[]], Eii: L2[L0[], L7[]], put: L2[V2, V3] -> V0 -> V1 -> L2[V0, V3], tr: L7[]
[16:08:22.660186]	Exploring 0: L0[], 1: L0[], Ebi: L2[L7[], L0[]], Eib: L2[L0[], L0[]], Eii: L2[L0[], L7[]], put: L2[V2, V3] -> V0 -> V1 -> L2[V1, _9_], tr: L7[]
[16:08:22.660347]	Exploring 0: L0[], 1: L0[], Ebi: L2[L7[], L0[]], Eib: L2[L0[], L0[]], Eii: L2[L0[], L7[]], put: L2[V2, V3] -> V0 -> V1 -> L2[V1, L0[]], tr: L7[]
[16:08:22.660612]	Exploring 0: L0[], 1: L0[], Ebi: L2[L7[], L0[]], Eib: L2[L0[], L0[]], Eii: L2[L0[], L7[]], put: L2[V2, V3] -> V0 -> V1 -> L2[V1, L7[]], tr: L7[]
[16:08:22.660881]	Exploring 0: L0[], 1: L0[], Ebi: L2[L7[], L0[]], Eib: L2[L0[], L0[]], Eii: L2[L0[], L7[]], put: L2[V2, V3] -> V0 -> V1 -> L2[V1, V0], tr: L7[]
[16:08:22.661138]	Exploring 0: L0[], 1: L0[], Ebi: L2[L7[], L0[]], Eib: L2[L0[], L0[]], Eii: L2[L0[], L7[]], put: L2[V2, V3] -> V0 -> V1 -> L2[V1, V1], tr: L7[]
[16:08:22.661396]	Exploring 0: L0[], 1: L0[], Ebi: L2[L7[], L0[]], Eib: L2[L0[], L0[]], Eii: L2[L0[], L7[]], put: L2[V2, V3] -> V0 -> V1 -> L2[V1, V2], tr: L7[]
[16:08:22.661665]	Exploring 0: L0[], 1: L0[], Ebi: L2[L7[], L0[]], Eib: L2[L0[], L0[]], Eii: L2[L0[], L7[]], put: L2[V2, V3] -> V0 -> V1 -> L2[V1, V3], tr: L7[]
[16:08:22.661911]	Exploring 0: L0[], 1: L0[], Ebi: L2[L7[], L0[]], Eib: L2[L0[], L0[]], Eii: L2[L0[], L7[]], put: L2[V2, V3] -> V0 -> V1 -> L2[V2, _9_], tr: L7[]
[16:08:22.662062]	Exploring 0: L0[], 1: L0[], Ebi: L2[L7[], L0[]], Eib: L2[L0[], L0[]], Eii: L2[L0[], L7[]], put: L2[V2, V3] -> V0 -> V1 -> L2[V2, L0[]], tr: L7[]
[16:08:22.662297]	Exploring 0: L0[], 1: L0[], Ebi: L2[L7[], L0[]], Eib: L2[L0[], L0[]], Eii: L2[L0[], L7[]], put: L2[V2, V3] -> V0 -> V1 -> L2[V2, L7[]], tr: L7[]
[16:08:22.662544]	Exploring 0: L0[], 1: L0[], Ebi: L2[L7[], L0[]], Eib: L2[L0[], L0[]], Eii: L2[L0[], L7[]], put: L2[V2, V3] -> V0 -> V1 -> L2[V2, V0], tr: L7[]
[16:08:22.662809]	Exploring 0: L0[], 1: L0[], Ebi: L2[L7[], L0[]], Eib: L2[L0[], L0[]], Eii: L2[L0[], L7[]], put: L2[V2, V3] -> V0 -> V1 -> L2[V2, V1], tr: L7[]
[16:08:22.663053]	Exploring 0: L0[], 1: L0[], Ebi: L2[L7[], L0[]], Eib: L2[L0[], L0[]], Eii: L2[L0[], L7[]], put: L2[V2, V3] -> V0 -> V1 -> L2[V2, V2], tr: L7[]
[16:08:22.663285]	Exploring 0: L0[], 1: L0[], Ebi: L2[L7[], L0[]], Eib: L2[L0[], L0[]], Eii: L2[L0[], L7[]], put: L2[V2, V3] -> V0 -> V1 -> L2[V2, V3], tr: L7[]
[16:08:22.663562]	Exploring 0: L0[], 1: L0[], Ebi: L2[L7[], L0[]], Eib: L2[L0[], L0[]], Eii: L2[L0[], L7[]], put: L2[V2, V3] -> V0 -> V1 -> L2[V3, _9_], tr: L7[]
[16:08:22.663755]	Exploring 0: L0[], 1: L0[], Ebi: L2[L7[], L0[]], Eib: L2[L0[], L0[]], Eii: L2[L0[], L7[]], put: L2[V2, V3] -> V0 -> V1 -> L2[V3, L0[]], tr: L7[]
[16:08:22.664086]	Exploring 0: L0[], 1: L0[], Ebi: L2[L7[], L0[]], Eib: L2[L0[], L0[]], Eii: L2[L0[], L7[]], put: L2[V2, V3] -> V0 -> V1 -> L2[V3, L7[]], tr: L7[]
[16:08:22.664421]	Exploring 0: L0[], 1: L0[], Ebi: L2[L7[], L0[]], Eib: L2[L0[], L0[]], Eii: L2[L0[], L7[]], put: L2[V2, V3] -> V0 -> V1 -> L2[V3, V0], tr: L7[]
[16:08:22.664773]	Exploring 0: L0[], 1: L0[], Ebi: L2[L7[], L0[]], Eib: L2[L0[], L0[]], Eii: L2[L0[], L7[]], put: L2[V2, V3] -> V0 -> V1 -> L2[V3, V1], tr: L7[]
[16:08:22.665022]	Exploring 0: L0[], 1: L0[], Ebi: L2[L7[], L0[]], Eib: L2[L0[], L0[]], Eii: L2[L0[], L7[]], put: L2[V2, V3] -> V0 -> V1 -> L2[V3, V2], tr: L7[]
[16:08:22.665261]	Exploring 0: L0[], 1: L0[], Ebi: L2[L7[], L0[]], Eib: L2[L0[], L0[]], Eii: L2[L0[], L7[]], put: L2[V2, V3] -> V0 -> V1 -> L2[V3, V3], tr: L7[]
[16:08:22.665460]	Exploring 0: L0[], 1: L0[], Ebi: L2[L7[], L0[]], Eib: L2[L0[], L0[]], Eii: L2[L7[], _5_], put: L2[_6_, _7_] -> V0 -> V1 -> L2[_8_, _9_], tr: L7[]
[16:08:22.665571]	Exploring 0: L0[], 1: L0[], Ebi: L2[L7[], L0[]], Eib: L2[L0[], L0[]], Eii: L2[L7[], L0[]], put: L2[_6_, _7_] -> V0 -> V1 -> L2[_8_, _9_], tr: L7[]
[16:08:22.665779]	Exploring 0: L0[], 1: L0[], Ebi: L2[L7[], L0[]], Eib: L2[L0[], L0[]], Eii: L2[L7[], L0[]], put: L2[V2, _7_] -> V0 -> V1 -> L2[_8_, _9_], tr: L7[]
[16:08:22.665907]	Exploring 0: L0[], 1: L0[], Ebi: L2[L7[], L0[]], Eib: L2[L0[], L0[]], Eii: L2[L7[], L0[]], put: L2[V2, L0[]] -> V0 -> V1 -> L2[_8_, _9_], tr: L7[]
[16:08:22.666028]	Exploring 0: L0[], 1: L0[], Ebi: L2[L7[], L0[]], Eib: L2[L0[], L0[]], Eii: L2[L7[], L0[]], put: L2[V2, L0[]] -> V0 -> V1 -> L2[L0[], _9_], tr: L7[]
[16:08:22.666154]	Exploring 0: L0[], 1: L0[], Ebi: L2[L7[], L0[]], Eib: L2[L0[], L0[]], Eii: L2[L7[], L0[]], put: L2[V2, L0[]] -> V0 -> V1 -> L2[L0[], L0[]], tr: L7[]
[16:08:22.666525]	Exploring 0: L0[], 1: L0[], Ebi: L2[L7[], L0[]], Eib: L2[L0[], L0[]], Eii: L2[L7[], L0[]], put: L2[V2, L0[]] -> V0 -> V1 -> L2[L7[], _9_], tr: L7[]
[16:08:22.666690]	Exploring 0: L0[], 1: L0[], Ebi: L2[L7[], L0[]], Eib: L2[L0[], L0[]], Eii: L2[L7[], L0[]], put: L2[V2, L0[]] -> V0 -> V1 -> L2[L7[], L0[]], tr: L7[]
[16:08:22.667072]	Exploring 0: L0[], 1: L0[], Ebi: L2[L7[], L0[]], Eib: L2[L0[], L0[]], Eii: L2[L7[], L0[]], put: L2[V2, L0[]] -> V0 -> V1 -> L2[V0, _9_], tr: L7[]
[16:08:22.667209]	Exploring 0: L0[], 1: L0[], Ebi: L2[L7[], L0[]], Eib: L2[L0[], L0[]], Eii: L2[L7[], L0[]], put: L2[V2, L0[]] -> V0 -> V1 -> L2[V0, L0[]], tr: L7[]
[16:08:22.667534]	Exploring 0: L0[], 1: L0[], Ebi: L2[L7[], L0[]], Eib: L2[L0[], L0[]], Eii: L2[L7[], L0[]], put: L2[V2, L0[]] -> V0 -> V1 -> L2[V1, _9_], tr: L7[]
[16:08:22.667677]	Exploring 0: L0[], 1: L0[], Ebi: L2[L7[], L0[]], Eib: L2[L0[], L0[]], Eii: L2[L7[], L0[]], put: L2[V2, L0[]] -> V0 -> V1 -> L2[V1, L0[]], tr: L7[]
[16:08:22.667967]	Exploring 0: L0[], 1: L0[], Ebi: L2[L7[], L0[]], Eib: L2[L0[], L0[]], Eii: L2[L7[], L0[]], put: L2[V2, L0[]] -> V0 -> V1 -> L2[V2, _9_], tr: L7[]
[16:08:22.668099]	Exploring 0: L0[], 1: L0[], Ebi: L2[L7[], L0[]], Eib: L2[L0[], L0[]], Eii: L2[L7[], L0[]], put: L2[V2, L0[]] -> V0 -> V1 -> L2[V2, L0[]], tr: L7[]
[16:08:22.668438]	Exploring 0: L0[], 1: L0[], Ebi: L2[L7[], L0[]], Eib: L2[L0[], L0[]], Eii: L2[L7[], L0[]], put: L2[V2, V3] -> V0 -> V1 -> L2[_8_, _9_], tr: L7[]
[16:08:22.668567]	Exploring 0: L0[], 1: L0[], Ebi: L2[L7[], L0[]], Eib: L2[L0[], L0[]], Eii: L2[L7[], L0[]], put: L2[V2, V3] -> V0 -> V1 -> L2[L0[], _9_], tr: L7[]
[16:08:22.668698]	Exploring 0: L0[], 1: L0[], Ebi: L2[L7[], L0[]], Eib: L2[L0[], L0[]], Eii: L2[L7[], L0[]], put: L2[V2, V3] -> V0 -> V1 -> L2[L0[], L0[]], tr: L7[]
[16:08:22.668922]	Exploring 0: L0[], 1: L0[], Ebi: L2[L7[], L0[]], Eib: L2[L0[], L0[]], Eii: L2[L7[], L0[]], put: L2[V2, V3] -> V0 -> V1 -> L2[L0[], L7[]], tr: L7[]
[16:08:22.669248]	Exploring 0: L0[], 1: L0[], Ebi: L2[L7[], L0[]], Eib: L2[L0[], L0[]], Eii: L2[L7[], L0[]], put: L2[V2, V3] -> V0 -> V1 -> L2[L0[], V0], tr: L7[]
[16:08:22.669513]	Exploring 0: L0[], 1: L0[], Ebi: L2[L7[], L0[]], Eib: L2[L0[], L0[]], Eii: L2[L7[], L0[]], put: L2[V2, V3] -> V0 -> V1 -> L2[L0[], V1], tr: L7[]
[16:08:22.669768]	Exploring 0: L0[], 1: L0[], Ebi: L2[L7[], L0[]], Eib: L2[L0[], L0[]], Eii: L2[L7[], L0[]], put: L2[V2, V3] -> V0 -> V1 -> L2[L0[], V2], tr: L7[]
[16:08:22.670007]	Exploring 0: L0[], 1: L0[], Ebi: L2[L7[], L0[]], Eib: L2[L0[], L0[]], Eii: L2[L7[], L0[]], put: L2[V2, V3] -> V0 -> V1 -> L2[L0[], V3], tr: L7[]
[16:08:22.670246]	Exploring 0: L0[], 1: L0[], Ebi: L2[L7[], L0[]], Eib: L2[L0[], L0[]], Eii: L2[L7[], L0[]], put: L2[V2, V3] -> V0 -> V1 -> L2[L7[], _9_], tr: L7[]
[16:08:22.670377]	Exploring 0: L0[], 1: L0[], Ebi: L2[L7[], L0[]], Eib: L2[L0[], L0[]], Eii: L2[L7[], L0[]], put: L2[V2, V3] -> V0 -> V1 -> L2[L7[], L0[]], tr: L7[]
[16:08:22.670604]	Exploring 0: L0[], 1: L0[], Ebi: L2[L7[], L0[]], Eib: L2[L0[], L0[]], Eii: L2[L7[], L0[]], put: L2[V2, V3] -> V0 -> V1 -> L2[L7[], L7[]], tr: L7[]
[16:08:22.670846]	Exploring 0: L0[], 1: L0[], Ebi: L2[L7[], L0[]], Eib: L2[L0[], L0[]], Eii: L2[L7[], L0[]], put: L2[V2, V3] -> V0 -> V1 -> L2[L7[], V0], tr: L7[]
[16:08:22.671113]	Exploring 0: L0[], 1: L0[], Ebi: L2[L7[], L0[]], Eib: L2[L0[], L0[]], Eii: L2[L7[], L0[]], put: L2[V2, V3] -> V0 -> V1 -> L2[L7[], V1], tr: L7[]
[16:08:22.671363]	Exploring 0: L0[], 1: L0[], Ebi: L2[L7[], L0[]], Eib: L2[L0[], L0[]], Eii: L2[L7[], L0[]], put: L2[V2, V3] -> V0 -> V1 -> L2[L7[], V2], tr: L7[]
[16:08:22.671652]	Exploring 0: L0[], 1: L0[], Ebi: L2[L7[], L0[]], Eib: L2[L0[], L0[]], Eii: L2[L7[], L0[]], put: L2[V2, V3] -> V0 -> V1 -> L2[L7[], V3], tr: L7[]
[16:08:22.671926]	Exploring 0: L0[], 1: L0[], Ebi: L2[L7[], L0[]], Eib: L2[L0[], L0[]], Eii: L2[L7[], L0[]], put: L2[V2, V3] -> V0 -> V1 -> L2[V0, _9_], tr: L7[]
[16:08:22.672081]	Exploring 0: L0[], 1: L0[], Ebi: L2[L7[], L0[]], Eib: L2[L0[], L0[]], Eii: L2[L7[], L0[]], put: L2[V2, V3] -> V0 -> V1 -> L2[V0, L0[]], tr: L7[]
[16:08:22.672342]	Exploring 0: L0[], 1: L0[], Ebi: L2[L7[], L0[]], Eib: L2[L0[], L0[]], Eii: L2[L7[], L0[]], put: L2[V2, V3] -> V0 -> V1 -> L2[V0, L7[]], tr: L7[]
[16:08:22.672605]	Exploring 0: L0[], 1: L0[], Ebi: L2[L7[], L0[]], Eib: L2[L0[], L0[]], Eii: L2[L7[], L0[]], put: L2[V2, V3] -> V0 -> V1 -> L2[V0, V0], tr: L7[]
[16:08:22.672863]	Exploring 0: L0[], 1: L0[], Ebi: L2[L7[], L0[]], Eib: L2[L0[], L0[]], Eii: L2[L7[], L0[]], put: L2[V2, V3] -> V0 -> V1 -> L2[V0, V1], tr: L7[]
[16:08:22.673122]	Exploring 0: L0[], 1: L0[], Ebi: L2[L7[], L0[]], Eib: L2[L0[], L0[]], Eii: L2[L7[], L0[]], put: L2[V2, V3] -> V0 -> V1 -> L2[V0, V2], tr: L7[]
[16:08:22.673388]	Exploring 0: L0[], 1: L0[], Ebi: L2[L7[], L0[]], Eib: L2[L0[], L0[]], Eii: L2[L7[], L0[]], put: L2[V2, V3] -> V0 -> V1 -> L2[V0, V3], tr: L7[]
[16:08:22.673641]	Exploring 0: L0[], 1: L0[], Ebi: L2[L7[], L0[]], Eib: L2[L0[], L0[]], Eii: L2[L7[], L0[]], put: L2[V2, V3] -> V0 -> V1 -> L2[V1, _9_], tr: L7[]
[16:08:22.673795]	Exploring 0: L0[], 1: L0[], Ebi: L2[L7[], L0[]], Eib: L2[L0[], L0[]], Eii: L2[L7[], L0[]], put: L2[V2, V3] -> V0 -> V1 -> L2[V1, L0[]], tr: L7[]
[16:08:22.674055]	Exploring 0: L0[], 1: L0[], Ebi: L2[L7[], L0[]], Eib: L2[L0[], L0[]], Eii: L2[L7[], L0[]], put: L2[V2, V3] -> V0 -> V1 -> L2[V1, L7[]], tr: L7[]
[16:08:22.674318]	Exploring 0: L0[], 1: L0[], Ebi: L2[L7[], L0[]], Eib: L2[L0[], L0[]], Eii: L2[L7[], L0[]], put: L2[V2, V3] -> V0 -> V1 -> L2[V1, V0], tr: L7[]
[16:08:22.674575]	Exploring 0: L0[], 1: L0[], Ebi: L2[L7[], L0[]], Eib: L2[L0[], L0[]], Eii: L2[L7[], L0[]], put: L2[V2, V3] -> V0 -> V1 -> L2[V1, V1], tr: L7[]
[16:08:22.674835]	Exploring 0: L0[], 1: L0[], Ebi: L2[L7[], L0[]], Eib: L2[L0[], L0[]], Eii: L2[L7[], L0[]], put: L2[V2, V3] -> V0 -> V1 -> L2[V1, V2], tr: L7[]
[16:08:22.675095]	Exploring 0: L0[], 1: L0[], Ebi: L2[L7[], L0[]], Eib: L2[L0[], L0[]], Eii: L2[L7[], L0[]], put: L2[V2, V3] -> V0 -> V1 -> L2[V1, V3], tr: L7[]
[16:08:22.675337]	Exploring 0: L0[], 1: L0[], Ebi: L2[L7[], L0[]], Eib: L2[L0[], L0[]], Eii: L2[L7[], L0[]], put: L2[V2, V3] -> V0 -> V1 -> L2[V2, _9_], tr: L7[]
[16:08:22.675495]	Exploring 0: L0[], 1: L0[], Ebi: L2[L7[], L0[]], Eib: L2[L0[], L0[]], Eii: L2[L7[], L0[]], put: L2[V2, V3] -> V0 -> V1 -> L2[V2, L0[]], tr: L7[]
[16:08:22.675732]	Exploring 0: L0[], 1: L0[], Ebi: L2[L7[], L0[]], Eib: L2[L0[], L0[]], Eii: L2[L7[], L0[]], put: L2[V2, V3] -> V0 -> V1 -> L2[V2, L7[]], tr: L7[]
[16:08:22.675983]	Exploring 0: L0[], 1: L0[], Ebi: L2[L7[], L0[]], Eib: L2[L0[], L0[]], Eii: L2[L7[], L0[]], put: L2[V2, V3] -> V0 -> V1 -> L2[V2, V0], tr: L7[]
[16:08:22.676243]	Exploring 0: L0[], 1: L0[], Ebi: L2[L7[], L0[]], Eib: L2[L0[], L0[]], Eii: L2[L7[], L0[]], put: L2[V2, V3] -> V0 -> V1 -> L2[V2, V1], tr: L7[]
[16:08:22.676488]	Exploring 0: L0[], 1: L0[], Ebi: L2[L7[], L0[]], Eib: L2[L0[], L0[]], Eii: L2[L7[], L0[]], put: L2[V2, V3] -> V0 -> V1 -> L2[V2, V2], tr: L7[]
[16:08:22.676719]	Exploring 0: L0[], 1: L0[], Ebi: L2[L7[], L0[]], Eib: L2[L0[], L0[]], Eii: L2[L7[], L0[]], put: L2[V2, V3] -> V0 -> V1 -> L2[V2, V3], tr: L7[]
[16:08:22.676966]	Exploring 0: L0[], 1: L0[], Ebi: L2[L7[], L0[]], Eib: L2[L0[], L0[]], Eii: L2[L7[], L0[]], put: L2[V2, V3] -> V0 -> V1 -> L2[V3, _9_], tr: L7[]
[16:08:22.677119]	Exploring 0: L0[], 1: L0[], Ebi: L2[L7[], L0[]], Eib: L2[L0[], L0[]], Eii: L2[L7[], L0[]], put: L2[V2, V3] -> V0 -> V1 -> L2[V3, L0[]], tr: L7[]
[16:08:22.677378]	Exploring 0: L0[], 1: L0[], Ebi: L2[L7[], L0[]], Eib: L2[L0[], L0[]], Eii: L2[L7[], L0[]], put: L2[V2, V3] -> V0 -> V1 -> L2[V3, L7[]], tr: L7[]
[16:08:22.677620]	Exploring 0: L0[], 1: L0[], Ebi: L2[L7[], L0[]], Eib: L2[L0[], L0[]], Eii: L2[L7[], L0[]], put: L2[V2, V3] -> V0 -> V1 -> L2[V3, V0], tr: L7[]
[16:08:22.677881]	Exploring 0: L0[], 1: L0[], Ebi: L2[L7[], L0[]], Eib: L2[L0[], L0[]], Eii: L2[L7[], L0[]], put: L2[V2, V3] -> V0 -> V1 -> L2[V3, V1], tr: L7[]
[16:08:22.678142]	Exploring 0: L0[], 1: L0[], Ebi: L2[L7[], L0[]], Eib: L2[L0[], L0[]], Eii: L2[L7[], L0[]], put: L2[V2, V3] -> V0 -> V1 -> L2[V3, V2], tr: L7[]
[16:08:22.678480]	Exploring 0: L0[], 1: L0[], Ebi: L2[L7[], L0[]], Eib: L2[L0[], L0[]], Eii: L2[L7[], L0[]], put: L2[V2, V3] -> V0 -> V1 -> L2[V3, V3], tr: L7[]
[16:08:22.678685]	Exploring 0: L0[], 1: L0[], Ebi: L2[L7[], L0[]], Eib: L2[L0[], L0[]], Eii: L2[L7[], L7[]], put: L2[_6_, _7_] -> V0 -> V1 -> L2[_8_, _9_], tr: L7[]
[16:08:22.678854]	Exploring 0: L0[], 1: L0[], Ebi: L2[L7[], L0[]], Eib: L2[L0[], L0[]], Eii: L2[L7[], L7[]], put: L2[V2, _7_] -> V0 -> V1 -> L2[_8_, _9_], tr: L7[]
[16:08:22.679037]	Exploring 0: L0[], 1: L0[], Ebi: L2[L7[], L0[]], Eib: L2[L0[], L0[]], Eii: L2[L7[], L7[]], put: L2[V2, V3] -> V0 -> V1 -> L2[_8_, _9_], tr: L7[]
[16:08:22.679165]	Exploring 0: L0[], 1: L0[], Ebi: L2[L7[], L0[]], Eib: L2[L0[], L0[]], Eii: L2[L7[], L7[]], put: L2[V2, V3] -> V0 -> V1 -> L2[L0[], _9_], tr: L7[]
[16:08:22.679352]	Exploring 0: L0[], 1: L0[], Ebi: L2[L7[], L0[]], Eib: L2[L0[], L0[]], Eii: L2[L7[], L7[]], put: L2[V2, V3] -> V0 -> V1 -> L2[L0[], L0[]], tr: L7[]
[16:08:22.679593]	Exploring 0: L0[], 1: L0[], Ebi: L2[L7[], L0[]], Eib: L2[L0[], L0[]], Eii: L2[L7[], L7[]], put: L2[V2, V3] -> V0 -> V1 -> L2[L0[], L7[]], tr: L7[]
[16:08:22.679844]	Exploring 0: L0[], 1: L0[], Ebi: L2[L7[], L0[]], Eib: L2[L0[], L0[]], Eii: L2[L7[], L7[]], put: L2[V2, V3] -> V0 -> V1 -> L2[L0[], V0], tr: L7[]
[16:08:22.680111]	Exploring 0: L0[], 1: L0[], Ebi: L2[L7[], L0[]], Eib: L2[L0[], L0[]], Eii: L2[L7[], L7[]], put: L2[V2, V3] -> V0 -> V1 -> L2[L0[], V1], tr: L7[]
[16:08:22.680364]	Exploring 0: L0[], 1: L0[], Ebi: L2[L7[], L0[]], Eib: L2[L0[], L0[]], Eii: L2[L7[], L7[]], put: L2[V2, V3] -> V0 -> V1 -> L2[L0[], V2], tr: L7[]
[16:08:22.680604]	Exploring 0: L0[], 1: L0[], Ebi: L2[L7[], L0[]], Eib: L2[L0[], L0[]], Eii: L2[L7[], L7[]], put: L2[V2, V3] -> V0 -> V1 -> L2[L0[], V3], tr: L7[]
[16:08:22.680845]	Exploring 0: L0[], 1: L0[], Ebi: L2[L7[], L0[]], Eib: L2[L0[], L0[]], Eii: L2[L7[], L7[]], put: L2[V2, V3] -> V0 -> V1 -> L2[L7[], _9_], tr: L7[]
[16:08:22.680986]	Exploring 0: L0[], 1: L0[], Ebi: L2[L7[], L0[]], Eib: L2[L0[], L0[]], Eii: L2[L7[], L7[]], put: L2[V2, V3] -> V0 -> V1 -> L2[L7[], L0[]], tr: L7[]
[16:08:22.681211]	Exploring 0: L0[], 1: L0[], Ebi: L2[L7[], L0[]], Eib: L2[L0[], L0[]], Eii: L2[L7[], L7[]], put: L2[V2, V3] -> V0 -> V1 -> L2[L7[], L7[]], tr: L7[]
[16:08:22.681475]	Exploring 0: L0[], 1: L0[], Ebi: L2[L7[], L0[]], Eib: L2[L0[], L0[]], Eii: L2[L7[], L7[]], put: L2[V2, V3] -> V0 -> V1 -> L2[L7[], V0], tr: L7[]
[16:08:22.681748]	Exploring 0: L0[], 1: L0[], Ebi: L2[L7[], L0[]], Eib: L2[L0[], L0[]], Eii: L2[L7[], L7[]], put: L2[V2, V3] -> V0 -> V1 -> L2[L7[], V1], tr: L7[]
[16:08:22.681998]	Exploring 0: L0[], 1: L0[], Ebi: L2[L7[], L0[]], Eib: L2[L0[], L0[]], Eii: L2[L7[], L7[]], put: L2[V2, V3] -> V0 -> V1 -> L2[L7[], V2], tr: L7[]
[16:08:22.682256]	Exploring 0: L0[], 1: L0[], Ebi: L2[L7[], L0[]], Eib: L2[L0[], L0[]], Eii: L2[L7[], L7[]], put: L2[V2, V3] -> V0 -> V1 -> L2[L7[], V3], tr: L7[]
[16:08:22.682503]	Exploring 0: L0[], 1: L0[], Ebi: L2[L7[], L0[]], Eib: L2[L0[], L0[]], Eii: L2[L7[], L7[]], put: L2[V2, V3] -> V0 -> V1 -> L2[V0, _9_], tr: L7[]
[16:08:22.682659]	Exploring 0: L0[], 1: L0[], Ebi: L2[L7[], L0[]], Eib: L2[L0[], L0[]], Eii: L2[L7[], L7[]], put: L2[V2, V3] -> V0 -> V1 -> L2[V0, L0[]], tr: L7[]
[16:08:22.682909]	Exploring 0: L0[], 1: L0[], Ebi: L2[L7[], L0[]], Eib: L2[L0[], L0[]], Eii: L2[L7[], L7[]], put: L2[V2, V3] -> V0 -> V1 -> L2[V0, L7[]], tr: L7[]
[16:08:22.683157]	Exploring 0: L0[], 1: L0[], Ebi: L2[L7[], L0[]], Eib: L2[L0[], L0[]], Eii: L2[L7[], L7[]], put: L2[V2, V3] -> V0 -> V1 -> L2[V0, V0], tr: L7[]
[16:08:22.683425]	Exploring 0: L0[], 1: L0[], Ebi: L2[L7[], L0[]], Eib: L2[L0[], L0[]], Eii: L2[L7[], L7[]], put: L2[V2, V3] -> V0 -> V1 -> L2[V0, V1], tr: L7[]
[16:08:22.683683]	Exploring 0: L0[], 1: L0[], Ebi: L2[L7[], L0[]], Eib: L2[L0[], L0[]], Eii: L2[L7[], L7[]], put: L2[V2, V3] -> V0 -> V1 -> L2[V0, V2], tr: L7[]
[16:08:22.683931]	Exploring 0: L0[], 1: L0[], Ebi: L2[L7[], L0[]], Eib: L2[L0[], L0[]], Eii: L2[L7[], L7[]], put: L2[V2, V3] -> V0 -> V1 -> L2[V0, V3], tr: L7[]
[16:08:22.684175]	Exploring 0: L0[], 1: L0[], Ebi: L2[L7[], L0[]], Eib: L2[L0[], L0[]], Eii: L2[L7[], L7[]], put: L2[V2, V3] -> V0 -> V1 -> L2[V1, _9_], tr: L7[]
[16:08:22.684330]	Exploring 0: L0[], 1: L0[], Ebi: L2[L7[], L0[]], Eib: L2[L0[], L0[]], Eii: L2[L7[], L7[]], put: L2[V2, V3] -> V0 -> V1 -> L2[V1, L0[]], tr: L7[]
[16:08:22.684583]	Exploring 0: L0[], 1: L0[], Ebi: L2[L7[], L0[]], Eib: L2[L0[], L0[]], Eii: L2[L7[], L7[]], put: L2[V2, V3] -> V0 -> V1 -> L2[V1, L7[]], tr: L7[]
[16:08:22.684840]	Exploring 0: L0[], 1: L0[], Ebi: L2[L7[], L0[]], Eib: L2[L0[], L0[]], Eii: L2[L7[], L7[]], put: L2[V2, V3] -> V0 -> V1 -> L2[V1, V0], tr: L7[]
[16:08:22.685090]	Exploring 0: L0[], 1: L0[], Ebi: L2[L7[], L0[]], Eib: L2[L0[], L0[]], Eii: L2[L7[], L7[]], put: L2[V2, V3] -> V0 -> V1 -> L2[V1, V1], tr: L7[]
[16:08:22.685353]	Exploring 0: L0[], 1: L0[], Ebi: L2[L7[], L0[]], Eib: L2[L0[], L0[]], Eii: L2[L7[], L7[]], put: L2[V2, V3] -> V0 -> V1 -> L2[V1, V2], tr: L7[]
[16:08:22.685601]	Exploring 0: L0[], 1: L0[], Ebi: L2[L7[], L0[]], Eib: L2[L0[], L0[]], Eii: L2[L7[], L7[]], put: L2[V2, V3] -> V0 -> V1 -> L2[V1, V3], tr: L7[]
[16:08:22.685832]	Exploring 0: L0[], 1: L0[], Ebi: L2[L7[], L0[]], Eib: L2[L0[], L0[]], Eii: L2[L7[], L7[]], put: L2[V2, V3] -> V0 -> V1 -> L2[V2, _9_], tr: L7[]
[16:08:22.685972]	Exploring 0: L0[], 1: L0[], Ebi: L2[L7[], L0[]], Eib: L2[L0[], L0[]], Eii: L2[L7[], L7[]], put: L2[V2, V3] -> V0 -> V1 -> L2[V2, L0[]], tr: L7[]
[16:08:22.686278]	Exploring 0: L0[], 1: L0[], Ebi: L2[L7[], L0[]], Eib: L2[L0[], L0[]], Eii: L2[L7[], L7[]], put: L2[V2, V3] -> V0 -> V1 -> L2[V2, L7[]], tr: L7[]
[16:08:22.686519]	Exploring 0: L0[], 1: L0[], Ebi: L2[L7[], L0[]], Eib: L2[L0[], L0[]], Eii: L2[L7[], L7[]], put: L2[V2, V3] -> V0 -> V1 -> L2[V2, V0], tr: L7[]
[16:08:22.686771]	Exploring 0: L0[], 1: L0[], Ebi: L2[L7[], L0[]], Eib: L2[L0[], L0[]], Eii: L2[L7[], L7[]], put: L2[V2, V3] -> V0 -> V1 -> L2[V2, V1], tr: L7[]
[16:08:22.687009]	Exploring 0: L0[], 1: L0[], Ebi: L2[L7[], L0[]], Eib: L2[L0[], L0[]], Eii: L2[L7[], L7[]], put: L2[V2, V3] -> V0 -> V1 -> L2[V2, V2], tr: L7[]
[16:08:22.687323]	Exploring 0: L0[], 1: L0[], Ebi: L2[L7[], L0[]], Eib: L2[L0[], L0[]], Eii: L2[L7[], L7[]], put: L2[V2, V3] -> V0 -> V1 -> L2[V2, V3], tr: L7[]
[16:08:22.687599]	Exploring 0: L0[], 1: L0[], Ebi: L2[L7[], L0[]], Eib: L2[L0[], L0[]], Eii: L2[L7[], L7[]], put: L2[V2, V3] -> V0 -> V1 -> L2[V3, _9_], tr: L7[]
[16:08:22.687747]	Exploring 0: L0[], 1: L0[], Ebi: L2[L7[], L0[]], Eib: L2[L0[], L0[]], Eii: L2[L7[], L7[]], put: L2[V2, V3] -> V0 -> V1 -> L2[V3, L0[]], tr: L7[]
[16:08:22.687997]	Exploring 0: L0[], 1: L0[], Ebi: L2[L7[], L0[]], Eib: L2[L0[], L0[]], Eii: L2[L7[], L7[]], put: L2[V2, V3] -> V0 -> V1 -> L2[V3, L7[]], tr: L7[]
[16:08:22.688248]	Exploring 0: L0[], 1: L0[], Ebi: L2[L7[], L0[]], Eib: L2[L0[], L0[]], Eii: L2[L7[], L7[]], put: L2[V2, V3] -> V0 -> V1 -> L2[V3, V0], tr: L7[]
[16:08:22.688506]	Exploring 0: L0[], 1: L0[], Ebi: L2[L7[], L0[]], Eib: L2[L0[], L0[]], Eii: L2[L7[], L7[]], put: L2[V2, V3] -> V0 -> V1 -> L2[V3, V1], tr: L7[]
[16:08:22.688755]	Exploring 0: L0[], 1: L0[], Ebi: L2[L7[], L0[]], Eib: L2[L0[], L0[]], Eii: L2[L7[], L7[]], put: L2[V2, V3] -> V0 -> V1 -> L2[V3, V2], tr: L7[]
[16:08:22.688998]	Exploring 0: L0[], 1: L0[], Ebi: L2[L7[], L0[]], Eib: L2[L0[], L0[]], Eii: L2[L7[], L7[]], put: L2[V2, V3] -> V0 -> V1 -> L2[V3, V3], tr: L7[]
[16:08:22.689200]	Exploring 0: L0[], 1: L0[], Ebi: L2[L7[], L0[]], Eib: L2[L0[], L7[]], Eii: L2[_4_, _5_], put: L2[_6_, _7_] -> V0 -> V1 -> L2[_8_, _9_], tr: L7[]
[16:08:22.689284]	Exploring 0: L0[], 1: L0[], Ebi: L2[L7[], L0[]], Eib: L2[L0[], L7[]], Eii: L2[L0[], _5_], put: L2[_6_, _7_] -> V0 -> V1 -> L2[_8_, _9_], tr: L7[]
[16:08:22.689364]	Exploring 0: L0[], 1: L0[], Ebi: L2[L7[], L0[]], Eib: L2[L0[], L7[]], Eii: L2[L0[], L0[]], put: L2[_6_, _7_] -> V0 -> V1 -> L2[_8_, _9_], tr: L7[]
[16:08:22.689470]	Exploring 0: L0[], 1: L0[], Ebi: L2[L7[], L0[]], Eib: L2[L0[], L7[]], Eii: L2[L0[], L0[]], put: L2[V0, _7_] -> V0 -> V1 -> L2[_8_, _9_], tr: L7[]
[16:08:22.689593]	Exploring 0: L0[], 1: L0[], Ebi: L2[L7[], L0[]], Eib: L2[L0[], L7[]], Eii: L2[L0[], L0[]], put: L2[V0, V1] -> V0 -> V1 -> L2[_8_, _9_], tr: L7[]
[16:08:22.689715]	Exploring 0: L0[], 1: L0[], Ebi: L2[L7[], L0[]], Eib: L2[L0[], L7[]], Eii: L2[L0[], L0[]], put: L2[V0, V1] -> V0 -> V1 -> L2[V0, _9_], tr: L7[]
[16:08:22.689859]	Exploring 0: L0[], 1: L0[], Ebi: L2[L7[], L0[]], Eib: L2[L0[], L7[]], Eii: L2[L0[], L0[]], put: L2[V0, V1] -> V0 -> V1 -> L2[V0, V1], tr: L7[]
[16:08:22.690208]	Exploring 0: L0[], 1: L0[], Ebi: L2[L7[], L0[]], Eib: L2[L0[], L7[]], Eii: L2[L0[], L0[]], put: L2[V0, V2] -> V0 -> V1 -> L2[_8_, _9_], tr: L7[]
[16:08:22.690375]	Exploring 0: L0[], 1: L0[], Ebi: L2[L7[], L0[]], Eib: L2[L0[], L7[]], Eii: L2[L0[], L0[]], put: L2[V0, V2] -> V0 -> V1 -> L2[V0, _9_], tr: L7[]
[16:08:22.690513]	Exploring 0: L0[], 1: L0[], Ebi: L2[L7[], L0[]], Eib: L2[L0[], L7[]], Eii: L2[L0[], L0[]], put: L2[V0, V2] -> V0 -> V1 -> L2[V0, L0[]], tr: L7[]
[16:08:22.690728]	Exploring 0: L0[], 1: L0[], Ebi: L2[L7[], L0[]], Eib: L2[L0[], L7[]], Eii: L2[L0[], L0[]], put: L2[V0, V2] -> V0 -> V1 -> L2[V0, L7[]], tr: L7[]
[16:08:22.690943]	Exploring 0: L0[], 1: L0[], Ebi: L2[L7[], L0[]], Eib: L2[L0[], L7[]], Eii: L2[L0[], L0[]], put: L2[V0, V2] -> V0 -> V1 -> L2[V0, V0], tr: L7[]
[16:08:22.691164]	Exploring 0: L0[], 1: L0[], Ebi: L2[L7[], L0[]], Eib: L2[L0[], L7[]], Eii: L2[L0[], L0[]], put: L2[V0, V2] -> V0 -> V1 -> L2[V0, V1], tr: L7[]
[16:08:22.691432]	Exploring 0: L0[], 1: L0[], Ebi: L2[L7[], L0[]], Eib: L2[L0[], L7[]], Eii: L2[L0[], L0[]], put: L2[V0, V2] -> V0 -> V1 -> L2[V0, V2], tr: L7[]
[16:08:22.691684]	Exploring 0: L0[], 1: L0[], Ebi: L2[L7[], L0[]], Eib: L2[L0[], L7[]], Eii: L2[L0[], L0[]], put: L2[V2, _7_] -> V0 -> V1 -> L2[_8_, _9_], tr: L7[]
[16:08:22.691813]	Exploring 0: L0[], 1: L0[], Ebi: L2[L7[], L0[]], Eib: L2[L0[], L7[]], Eii: L2[L0[], L0[]], put: L2[V2, V1] -> V0 -> V1 -> L2[_8_, _9_], tr: L7[]
[16:08:22.691940]	Exploring 0: L0[], 1: L0[], Ebi: L2[L7[], L0[]], Eib: L2[L0[], L7[]], Eii: L2[L0[], L0[]], put: L2[V2, V1] -> V0 -> V1 -> L2[L0[], _9_], tr: L7[]
[16:08:22.692095]	Exploring 0: L0[], 1: L0[], Ebi: L2[L7[], L0[]], Eib: L2[L0[], L7[]], Eii: L2[L0[], L0[]], put: L2[V2, V1] -> V0 -> V1 -> L2[L0[], V1], tr: L7[]
[16:08:22.692426]	Exploring 0: L0[], 1: L0[], Ebi: L2[L7[], L0[]], Eib: L2[L0[], L7[]], Eii: L2[L0[], L0[]], put: L2[V2, V1] -> V0 -> V1 -> L2[L7[], _9_], tr: L7[]
[16:08:22.692582]	Exploring 0: L0[], 1: L0[], Ebi: L2[L7[], L0[]], Eib: L2[L0[], L7[]], Eii: L2[L0[], L0[]], put: L2[V2, V1] -> V0 -> V1 -> L2[L7[], V1], tr: L7[]
[16:08:22.692842]	Exploring 0: L0[], 1: L0[], Ebi: L2[L7[], L0[]], Eib: L2[L0[], L7[]], Eii: L2[L0[], L0[]], put: L2[V2, V1] -> V0 -> V1 -> L2[V0, _9_], tr: L7[]
[16:08:22.693011]	Exploring 0: L0[], 1: L0[], Ebi: L2[L7[], L0[]], Eib: L2[L0[], L7[]], Eii: L2[L0[], L0[]], put: L2[V2, V1] -> V0 -> V1 -> L2[V0, V1], tr: L7[]
[16:08:22.693264]	Exploring 0: L0[], 1: L0[], Ebi: L2[L7[], L0[]], Eib: L2[L0[], L7[]], Eii: L2[L0[], L0[]], put: L2[V2, V1] -> V0 -> V1 -> L2[V1, _9_], tr: L7[]
[16:08:22.693412]	Exploring 0: L0[], 1: L0[], Ebi: L2[L7[], L0[]], Eib: L2[L0[], L7[]], Eii: L2[L0[], L0[]], put: L2[V2, V1] -> V0 -> V1 -> L2[V1, V1], tr: L7[]
[16:08:22.693656]	Exploring 0: L0[], 1: L0[], Ebi: L2[L7[], L0[]], Eib: L2[L0[], L7[]], Eii: L2[L0[], L0[]], put: L2[V2, V1] -> V0 -> V1 -> L2[V2, _9_], tr: L7[]
[16:08:22.693811]	Exploring 0: L0[], 1: L0[], Ebi: L2[L7[], L0[]], Eib: L2[L0[], L7[]], Eii: L2[L0[], L0[]], put: L2[V2, V1] -> V0 -> V1 -> L2[V2, V1], tr: L7[]
[16:08:22.694058]	Exploring 0: L0[], 1: L0[], Ebi: L2[L7[], L0[]], Eib: L2[L0[], L7[]], Eii: L2[L0[], L0[]], put: L2[V2, V3] -> V0 -> V1 -> L2[_8_, _9_], tr: L7[]
[16:08:22.694188]	Exploring 0: L0[], 1: L0[], Ebi: L2[L7[], L0[]], Eib: L2[L0[], L7[]], Eii: L2[L0[], L0[]], put: L2[V2, V3] -> V0 -> V1 -> L2[L0[], _9_], tr: L7[]
[16:08:22.694318]	Exploring 0: L0[], 1: L0[], Ebi: L2[L7[], L0[]], Eib: L2[L0[], L7[]], Eii: L2[L0[], L0[]], put: L2[V2, V3] -> V0 -> V1 -> L2[L0[], L0[]], tr: L7[]
[16:08:22.694538]	Exploring 0: L0[], 1: L0[], Ebi: L2[L7[], L0[]], Eib: L2[L0[], L7[]], Eii: L2[L0[], L0[]], put: L2[V2, V3] -> V0 -> V1 -> L2[L0[], L7[]], tr: L7[]
[16:08:22.694783]	Exploring 0: L0[], 1: L0[], Ebi: L2[L7[], L0[]], Eib: L2[L0[], L7[]], Eii: L2[L0[], L0[]], put: L2[V2, V3] -> V0 -> V1 -> L2[L0[], V0], tr: L7[]
[16:08:22.695049]	Exploring 0: L0[], 1: L0[], Ebi: L2[L7[], L0[]], Eib: L2[L0[], L7[]], Eii: L2[L0[], L0[]], put: L2[V2, V3] -> V0 -> V1 -> L2[L0[], V1], tr: L7[]
[16:08:22.695301]	Exploring 0: L0[], 1: L0[], Ebi: L2[L7[], L0[]], Eib: L2[L0[], L7[]], Eii: L2[L0[], L0[]], put: L2[V2, V3] -> V0 -> V1 -> L2[L0[], V2], tr: L7[]
[16:08:22.695577]	Exploring 0: L0[], 1: L0[], Ebi: L2[L7[], L0[]], Eib: L2[L0[], L7[]], Eii: L2[L0[], L0[]], put: L2[V2, V3] -> V0 -> V1 -> L2[L0[], V3], tr: L7[]
[16:08:22.695831]	Exploring 0: L0[], 1: L0[], Ebi: L2[L7[], L0[]], Eib: L2[L0[], L7[]], Eii: L2[L0[], L0[]], put: L2[V2, V3] -> V0 -> V1 -> L2[L7[], _9_], tr: L7[]
[16:08:22.695968]	Exploring 0: L0[], 1: L0[], Ebi: L2[L7[], L0[]], Eib: L2[L0[], L7[]], Eii: L2[L0[], L0[]], put: L2[V2, V3] -> V0 -> V1 -> L2[L7[], L0[]], tr: L7[]
[16:08:22.696191]	Exploring 0: L0[], 1: L0[], Ebi: L2[L7[], L0[]], Eib: L2[L0[], L7[]], Eii: L2[L0[], L0[]], put: L2[V2, V3] -> V0 -> V1 -> L2[L7[], L7[]], tr: L7[]
[16:08:22.696438]	Exploring 0: L0[], 1: L0[], Ebi: L2[L7[], L0[]], Eib: L2[L0[], L7[]], Eii: L2[L0[], L0[]], put: L2[V2, V3] -> V0 -> V1 -> L2[L7[], V0], tr: L7[]
[16:08:22.696703]	Exploring 0: L0[], 1: L0[], Ebi: L2[L7[], L0[]], Eib: L2[L0[], L7[]], Eii: L2[L0[], L0[]], put: L2[V2, V3] -> V0 -> V1 -> L2[L7[], V1], tr: L7[]
[16:08:22.696978]	Exploring 0: L0[], 1: L0[], Ebi: L2[L7[], L0[]], Eib: L2[L0[], L7[]], Eii: L2[L0[], L0[]], put: L2[V2, V3] -> V0 -> V1 -> L2[L7[], V2], tr: L7[]
[16:08:22.697236]	Exploring 0: L0[], 1: L0[], Ebi: L2[L7[], L0[]], Eib: L2[L0[], L7[]], Eii: L2[L0[], L0[]], put: L2[V2, V3] -> V0 -> V1 -> L2[L7[], V3], tr: L7[]
[16:08:22.697497]	Exploring 0: L0[], 1: L0[], Ebi: L2[L7[], L0[]], Eib: L2[L0[], L7[]], Eii: L2[L0[], L0[]], put: L2[V2, V3] -> V0 -> V1 -> L2[V0, _9_], tr: L7[]
[16:08:22.697654]	Exploring 0: L0[], 1: L0[], Ebi: L2[L7[], L0[]], Eib: L2[L0[], L7[]], Eii: L2[L0[], L0[]], put: L2[V2, V3] -> V0 -> V1 -> L2[V0, L0[]], tr: L7[]
[16:08:22.697914]	Exploring 0: L0[], 1: L0[], Ebi: L2[L7[], L0[]], Eib: L2[L0[], L7[]], Eii: L2[L0[], L0[]], put: L2[V2, V3] -> V0 -> V1 -> L2[V0, L7[]], tr: L7[]
[16:08:22.698185]	Exploring 0: L0[], 1: L0[], Ebi: L2[L7[], L0[]], Eib: L2[L0[], L7[]], Eii: L2[L0[], L0[]], put: L2[V2, V3] -> V0 -> V1 -> L2[V0, V0], tr: L7[]
[16:08:22.698434]	Exploring 0: L0[], 1: L0[], Ebi: L2[L7[], L0[]], Eib: L2[L0[], L7[]], Eii: L2[L0[], L0[]], put: L2[V2, V3] -> V0 -> V1 -> L2[V0, V1], tr: L7[]
[16:08:22.698682]	Exploring 0: L0[], 1: L0[], Ebi: L2[L7[], L0[]], Eib: L2[L0[], L7[]], Eii: L2[L0[], L0[]], put: L2[V2, V3] -> V0 -> V1 -> L2[V0, V2], tr: L7[]
[16:08:22.698924]	Exploring 0: L0[], 1: L0[], Ebi: L2[L7[], L0[]], Eib: L2[L0[], L7[]], Eii: L2[L0[], L0[]], put: L2[V2, V3] -> V0 -> V1 -> L2[V0, V3], tr: L7[]
[16:08:22.699181]	Exploring 0: L0[], 1: L0[], Ebi: L2[L7[], L0[]], Eib: L2[L0[], L7[]], Eii: L2[L0[], L0[]], put: L2[V2, V3] -> V0 -> V1 -> L2[V1, _9_], tr: L7[]
[16:08:22.699334]	Exploring 0: L0[], 1: L0[], Ebi: L2[L7[], L0[]], Eib: L2[L0[], L7[]], Eii: L2[L0[], L0[]], put: L2[V2, V3] -> V0 -> V1 -> L2[V1, L0[]], tr: L7[]
[16:08:22.699608]	Exploring 0: L0[], 1: L0[], Ebi: L2[L7[], L0[]], Eib: L2[L0[], L7[]], Eii: L2[L0[], L0[]], put: L2[V2, V3] -> V0 -> V1 -> L2[V1, L7[]], tr: L7[]
[16:08:22.699859]	Exploring 0: L0[], 1: L0[], Ebi: L2[L7[], L0[]], Eib: L2[L0[], L7[]], Eii: L2[L0[], L0[]], put: L2[V2, V3] -> V0 -> V1 -> L2[V1, V0], tr: L7[]
[16:08:22.700114]	Exploring 0: L0[], 1: L0[], Ebi: L2[L7[], L0[]], Eib: L2[L0[], L7[]], Eii: L2[L0[], L0[]], put: L2[V2, V3] -> V0 -> V1 -> L2[V1, V1], tr: L7[]
[16:08:22.700361]	Exploring 0: L0[], 1: L0[], Ebi: L2[L7[], L0[]], Eib: L2[L0[], L7[]], Eii: L2[L0[], L0[]], put: L2[V2, V3] -> V0 -> V1 -> L2[V1, V2], tr: L7[]
[16:08:22.700607]	Exploring 0: L0[], 1: L0[], Ebi: L2[L7[], L0[]], Eib: L2[L0[], L7[]], Eii: L2[L0[], L0[]], put: L2[V2, V3] -> V0 -> V1 -> L2[V1, V3], tr: L7[]
[16:08:22.700842]	Exploring 0: L0[], 1: L0[], Ebi: L2[L7[], L0[]], Eib: L2[L0[], L7[]], Eii: L2[L0[], L0[]], put: L2[V2, V3] -> V0 -> V1 -> L2[V2, _9_], tr: L7[]
[16:08:22.700978]	Exploring 0: L0[], 1: L0[], Ebi: L2[L7[], L0[]], Eib: L2[L0[], L7[]], Eii: L2[L0[], L0[]], put: L2[V2, V3] -> V0 -> V1 -> L2[V2, L0[]], tr: L7[]
[16:08:22.701206]	Exploring 0: L0[], 1: L0[], Ebi: L2[L7[], L0[]], Eib: L2[L0[], L7[]], Eii: L2[L0[], L0[]], put: L2[V2, V3] -> V0 -> V1 -> L2[V2, L7[]], tr: L7[]
[16:08:22.701441]	Exploring 0: L0[], 1: L0[], Ebi: L2[L7[], L0[]], Eib: L2[L0[], L7[]], Eii: L2[L0[], L0[]], put: L2[V2, V3] -> V0 -> V1 -> L2[V2, V0], tr: L7[]
[16:08:22.701704]	Exploring 0: L0[], 1: L0[], Ebi: L2[L7[], L0[]], Eib: L2[L0[], L7[]], Eii: L2[L0[], L0[]], put: L2[V2, V3] -> V0 -> V1 -> L2[V2, V1], tr: L7[]
[16:08:22.701943]	Exploring 0: L0[], 1: L0[], Ebi: L2[L7[], L0[]], Eib: L2[L0[], L7[]], Eii: L2[L0[], L0[]], put: L2[V2, V3] -> V0 -> V1 -> L2[V2, V2], tr: L7[]
[16:08:22.702167]	Exploring 0: L0[], 1: L0[], Ebi: L2[L7[], L0[]], Eib: L2[L0[], L7[]], Eii: L2[L0[], L0[]], put: L2[V2, V3] -> V0 -> V1 -> L2[V2, V3], tr: L7[]
[16:08:22.702396]	Exploring 0: L0[], 1: L0[], Ebi: L2[L7[], L0[]], Eib: L2[L0[], L7[]], Eii: L2[L0[], L0[]], put: L2[V2, V3] -> V0 -> V1 -> L2[V3, _9_], tr: L7[]
[16:08:22.702537]	Exploring 0: L0[], 1: L0[], Ebi: L2[L7[], L0[]], Eib: L2[L0[], L7[]], Eii: L2[L0[], L0[]], put: L2[V2, V3] -> V0 -> V1 -> L2[V3, L0[]], tr: L7[]
[16:08:22.702777]	Exploring 0: L0[], 1: L0[], Ebi: L2[L7[], L0[]], Eib: L2[L0[], L7[]], Eii: L2[L0[], L0[]], put: L2[V2, V3] -> V0 -> V1 -> L2[V3, L7[]], tr: L7[]
[16:08:22.703016]	Exploring 0: L0[], 1: L0[], Ebi: L2[L7[], L0[]], Eib: L2[L0[], L7[]], Eii: L2[L0[], L0[]], put: L2[V2, V3] -> V0 -> V1 -> L2[V3, V0], tr: L7[]
[16:08:22.703265]	Exploring 0: L0[], 1: L0[], Ebi: L2[L7[], L0[]], Eib: L2[L0[], L7[]], Eii: L2[L0[], L0[]], put: L2[V2, V3] -> V0 -> V1 -> L2[V3, V1], tr: L7[]
[16:08:22.703518]	Exploring 0: L0[], 1: L0[], Ebi: L2[L7[], L0[]], Eib: L2[L0[], L7[]], Eii: L2[L0[], L0[]], put: L2[V2, V3] -> V0 -> V1 -> L2[V3, V2], tr: L7[]
[16:08:22.703746]	Exploring 0: L0[], 1: L0[], Ebi: L2[L7[], L0[]], Eib: L2[L0[], L7[]], Eii: L2[L0[], L0[]], put: L2[V2, V3] -> V0 -> V1 -> L2[V3, V3], tr: L7[]
[16:08:22.703936]	Exploring 0: L0[], 1: L0[], Ebi: L2[L7[], L0[]], Eib: L2[L0[], L7[]], Eii: L2[L0[], L7[]], put: L2[_6_, _7_] -> V0 -> V1 -> L2[_8_, _9_], tr: L7[]
[16:08:22.704058]	Exploring 0: L0[], 1: L0[], Ebi: L2[L7[], L0[]], Eib: L2[L0[], L7[]], Eii: L2[L0[], L7[]], put: L2[V0, _7_] -> V0 -> V1 -> L2[_8_, _9_], tr: L7[]
[16:08:22.704218]	Exploring 0: L0[], 1: L0[], Ebi: L2[L7[], L0[]], Eib: L2[L0[], L7[]], Eii: L2[L0[], L7[]], put: L2[V0, V2] -> V0 -> V1 -> L2[_8_, _9_], tr: L7[]
[16:08:22.704341]	Exploring 0: L0[], 1: L0[], Ebi: L2[L7[], L0[]], Eib: L2[L0[], L7[]], Eii: L2[L0[], L7[]], put: L2[V0, V2] -> V0 -> V1 -> L2[V0, _9_], tr: L7[]
[16:08:22.704507]	Exploring 0: L0[], 1: L0[], Ebi: L2[L7[], L0[]], Eib: L2[L0[], L7[]], Eii: L2[L0[], L7[]], put: L2[V0, V2] -> V0 -> V1 -> L2[V0, L0[]], tr: L7[]
[16:08:22.704802]	Exploring 0: L0[], 1: L0[], Ebi: L2[L7[], L0[]], Eib: L2[L0[], L7[]], Eii: L2[L0[], L7[]], put: L2[V0, V2] -> V0 -> V1 -> L2[V0, L7[]], tr: L7[]
[16:08:22.705093]	Exploring 0: L0[], 1: L0[], Ebi: L2[L7[], L0[]], Eib: L2[L0[], L7[]], Eii: L2[L0[], L7[]], put: L2[V0, V2] -> V0 -> V1 -> L2[V0, V0], tr: L7[]
[16:08:22.705313]	Exploring 0: L0[], 1: L0[], Ebi: L2[L7[], L0[]], Eib: L2[L0[], L7[]], Eii: L2[L0[], L7[]], put: L2[V0, V2] -> V0 -> V1 -> L2[V0, V1], tr: L7[]
[16:08:22.705542]	Exploring 0: L0[], 1: L0[], Ebi: L2[L7[], L0[]], Eib: L2[L0[], L7[]], Eii: L2[L0[], L7[]], put: L2[V0, V2] -> V0 -> V1 -> L2[V0, V2], tr: L7[]
[16:08:22.705782]	Exploring 0: L0[], 1: L0[], Ebi: L2[L7[], L0[]], Eib: L2[L0[], L7[]], Eii: L2[L0[], L7[]], put: L2[V2, _7_] -> V0 -> V1 -> L2[_8_, _9_], tr: L7[]
[16:08:22.705953]	Exploring 0: L0[], 1: L0[], Ebi: L2[L7[], L0[]], Eib: L2[L0[], L7[]], Eii: L2[L0[], L7[]], put: L2[V2, V3] -> V0 -> V1 -> L2[_8_, _9_], tr: L7[]
[16:08:22.706076]	Exploring 0: L0[], 1: L0[], Ebi: L2[L7[], L0[]], Eib: L2[L0[], L7[]], Eii: L2[L0[], L7[]], put: L2[V2, V3] -> V0 -> V1 -> L2[L0[], _9_], tr: L7[]
[16:08:22.706201]	Exploring 0: L0[], 1: L0[], Ebi: L2[L7[], L0[]], Eib: L2[L0[], L7[]], Eii: L2[L0[], L7[]], put: L2[V2, V3] -> V0 -> V1 -> L2[L0[], L0[]], tr: L7[]
[16:08:22.706417]	Exploring 0: L0[], 1: L0[], Ebi: L2[L7[], L0[]], Eib: L2[L0[], L7[]], Eii: L2[L0[], L7[]], put: L2[V2, V3] -> V0 -> V1 -> L2[L0[], L7[]], tr: L7[]
[16:08:22.706648]	Exploring 0: L0[], 1: L0[], Ebi: L2[L7[], L0[]], Eib: L2[L0[], L7[]], Eii: L2[L0[], L7[]], put: L2[V2, V3] -> V0 -> V1 -> L2[L0[], V0], tr: L7[]
[16:08:22.706903]	Exploring 0: L0[], 1: L0[], Ebi: L2[L7[], L0[]], Eib: L2[L0[], L7[]], Eii: L2[L0[], L7[]], put: L2[V2, V3] -> V0 -> V1 -> L2[L0[], V1], tr: L7[]
[16:08:22.707174]	Exploring 0: L0[], 1: L0[], Ebi: L2[L7[], L0[]], Eib: L2[L0[], L7[]], Eii: L2[L0[], L7[]], put: L2[V2, V3] -> V0 -> V1 -> L2[L0[], V2], tr: L7[]
[16:08:22.707432]	Exploring 0: L0[], 1: L0[], Ebi: L2[L7[], L0[]], Eib: L2[L0[], L7[]], Eii: L2[L0[], L7[]], put: L2[V2, V3] -> V0 -> V1 -> L2[L0[], V3], tr: L7[]
[16:08:22.707680]	Exploring 0: L0[], 1: L0[], Ebi: L2[L7[], L0[]], Eib: L2[L0[], L7[]], Eii: L2[L0[], L7[]], put: L2[V2, V3] -> V0 -> V1 -> L2[L7[], _9_], tr: L7[]
[16:08:22.707819]	Exploring 0: L0[], 1: L0[], Ebi: L2[L7[], L0[]], Eib: L2[L0[], L7[]], Eii: L2[L0[], L7[]], put: L2[V2, V3] -> V0 -> V1 -> L2[L7[], L0[]], tr: L7[]
[16:08:22.708050]	Exploring 0: L0[], 1: L0[], Ebi: L2[L7[], L0[]], Eib: L2[L0[], L7[]], Eii: L2[L0[], L7[]], put: L2[V2, V3] -> V0 -> V1 -> L2[L7[], L7[]], tr: L7[]
[16:08:22.708307]	Exploring 0: L0[], 1: L0[], Ebi: L2[L7[], L0[]], Eib: L2[L0[], L7[]], Eii: L2[L0[], L7[]], put: L2[V2, V3] -> V0 -> V1 -> L2[L7[], V0], tr: L7[]
[16:08:22.708571]	Exploring 0: L0[], 1: L0[], Ebi: L2[L7[], L0[]], Eib: L2[L0[], L7[]], Eii: L2[L0[], L7[]], put: L2[V2, V3] -> V0 -> V1 -> L2[L7[], V1], tr: L7[]
[16:08:22.708818]	Exploring 0: L0[], 1: L0[], Ebi: L2[L7[], L0[]], Eib: L2[L0[], L7[]], Eii: L2[L0[], L7[]], put: L2[V2, V3] -> V0 -> V1 -> L2[L7[], V2], tr: L7[]
[16:08:22.709059]	Exploring 0: L0[], 1: L0[], Ebi: L2[L7[], L0[]], Eib: L2[L0[], L7[]], Eii: L2[L0[], L7[]], put: L2[V2, V3] -> V0 -> V1 -> L2[L7[], V3], tr: L7[]
[16:08:22.709316]	Exploring 0: L0[], 1: L0[], Ebi: L2[L7[], L0[]], Eib: L2[L0[], L7[]], Eii: L2[L0[], L7[]], put: L2[V2, V3] -> V0 -> V1 -> L2[V0, _9_], tr: L7[]
[16:08:22.709461]	Exploring 0: L0[], 1: L0[], Ebi: L2[L7[], L0[]], Eib: L2[L0[], L7[]], Eii: L2[L0[], L7[]], put: L2[V2, V3] -> V0 -> V1 -> L2[V0, L0[]], tr: L7[]
[16:08:22.709722]	Exploring 0: L0[], 1: L0[], Ebi: L2[L7[], L0[]], Eib: L2[L0[], L7[]], Eii: L2[L0[], L7[]], put: L2[V2, V3] -> V0 -> V1 -> L2[V0, L7[]], tr: L7[]
[16:08:22.709967]	Exploring 0: L0[], 1: L0[], Ebi: L2[L7[], L0[]], Eib: L2[L0[], L7[]], Eii: L2[L0[], L7[]], put: L2[V2, V3] -> V0 -> V1 -> L2[V0, V0], tr: L7[]
[16:08:22.710205]	Exploring 0: L0[], 1: L0[], Ebi: L2[L7[], L0[]], Eib: L2[L0[], L7[]], Eii: L2[L0[], L7[]], put: L2[V2, V3] -> V0 -> V1 -> L2[V0, V1], tr: L7[]
[16:08:22.710445]	Exploring 0: L0[], 1: L0[], Ebi: L2[L7[], L0[]], Eib: L2[L0[], L7[]], Eii: L2[L0[], L7[]], put: L2[V2, V3] -> V0 -> V1 -> L2[V0, V2], tr: L7[]
[16:08:22.710690]	Exploring 0: L0[], 1: L0[], Ebi: L2[L7[], L0[]], Eib: L2[L0[], L7[]], Eii: L2[L0[], L7[]], put: L2[V2, V3] -> V0 -> V1 -> L2[V0, V3], tr: L7[]
[16:08:22.710926]	Exploring 0: L0[], 1: L0[], Ebi: L2[L7[], L0[]], Eib: L2[L0[], L7[]], Eii: L2[L0[], L7[]], put: L2[V2, V3] -> V0 -> V1 -> L2[V1, _9_], tr: L7[]
[16:08:22.711082]	Exploring 0: L0[], 1: L0[], Ebi: L2[L7[], L0[]], Eib: L2[L0[], L7[]], Eii: L2[L0[], L7[]], put: L2[V2, V3] -> V0 -> V1 -> L2[V1, L0[]], tr: L7[]
[16:08:22.711348]	Exploring 0: L0[], 1: L0[], Ebi: L2[L7[], L0[]], Eib: L2[L0[], L7[]], Eii: L2[L0[], L7[]], put: L2[V2, V3] -> V0 -> V1 -> L2[V1, L7[]], tr: L7[]
[16:08:22.715138]	Exploring 0: L0[], 1: L0[], Ebi: L2[L7[], L0[]], Eib: L2[L0[], L7[]], Eii: L2[L0[], L7[]], put: L2[V2, V3] -> V0 -> V1 -> L2[V1, V0], tr: L7[]
[16:08:22.715478]	Exploring 0: L0[], 1: L0[], Ebi: L2[L7[], L0[]], Eib: L2[L0[], L7[]], Eii: L2[L0[], L7[]], put: L2[V2, V3] -> V0 -> V1 -> L2[V1, V1], tr: L7[]
[16:08:22.715751]	Exploring 0: L0[], 1: L0[], Ebi: L2[L7[], L0[]], Eib: L2[L0[], L7[]], Eii: L2[L0[], L7[]], put: L2[V2, V3] -> V0 -> V1 -> L2[V1, V2], tr: L7[]
[16:08:22.716021]	Exploring 0: L0[], 1: L0[], Ebi: L2[L7[], L0[]], Eib: L2[L0[], L7[]], Eii: L2[L0[], L7[]], put: L2[V2, V3] -> V0 -> V1 -> L2[V1, V3], tr: L7[]
[16:08:22.716268]	Exploring 0: L0[], 1: L0[], Ebi: L2[L7[], L0[]], Eib: L2[L0[], L7[]], Eii: L2[L0[], L7[]], put: L2[V2, V3] -> V0 -> V1 -> L2[V2, _9_], tr: L7[]
[16:08:22.716428]	Exploring 0: L0[], 1: L0[], Ebi: L2[L7[], L0[]], Eib: L2[L0[], L7[]], Eii: L2[L0[], L7[]], put: L2[V2, V3] -> V0 -> V1 -> L2[V2, L0[]], tr: L7[]
[16:08:22.716677]	Exploring 0: L0[], 1: L0[], Ebi: L2[L7[], L0[]], Eib: L2[L0[], L7[]], Eii: L2[L0[], L7[]], put: L2[V2, V3] -> V0 -> V1 -> L2[V2, L7[]], tr: L7[]
[16:08:22.716926]	Exploring 0: L0[], 1: L0[], Ebi: L2[L7[], L0[]], Eib: L2[L0[], L7[]], Eii: L2[L0[], L7[]], put: L2[V2, V3] -> V0 -> V1 -> L2[V2, V0], tr: L7[]
[16:08:22.717208]	Exploring 0: L0[], 1: L0[], Ebi: L2[L7[], L0[]], Eib: L2[L0[], L7[]], Eii: L2[L0[], L7[]], put: L2[V2, V3] -> V0 -> V1 -> L2[V2, V1], tr: L7[]
[16:08:22.717449]	Exploring 0: L0[], 1: L0[], Ebi: L2[L7[], L0[]], Eib: L2[L0[], L7[]], Eii: L2[L0[], L7[]], put: L2[V2, V3] -> V0 -> V1 -> L2[V2, V2], tr: L7[]
[16:08:22.717676]	Exploring 0: L0[], 1: L0[], Ebi: L2[L7[], L0[]], Eib: L2[L0[], L7[]], Eii: L2[L0[], L7[]], put: L2[V2, V3] -> V0 -> V1 -> L2[V2, V3], tr: L7[]
[16:08:22.717916]	Exploring 0: L0[], 1: L0[], Ebi: L2[L7[], L0[]], Eib: L2[L0[], L7[]], Eii: L2[L0[], L7[]], put: L2[V2, V3] -> V0 -> V1 -> L2[V3, _9_], tr: L7[]
[16:08:22.718063]	Exploring 0: L0[], 1: L0[], Ebi: L2[L7[], L0[]], Eib: L2[L0[], L7[]], Eii: L2[L0[], L7[]], put: L2[V2, V3] -> V0 -> V1 -> L2[V3, L0[]], tr: L7[]
[16:08:22.718303]	Exploring 0: L0[], 1: L0[], Ebi: L2[L7[], L0[]], Eib: L2[L0[], L7[]], Eii: L2[L0[], L7[]], put: L2[V2, V3] -> V0 -> V1 -> L2[V3, L7[]], tr: L7[]
[16:08:22.718548]	Exploring 0: L0[], 1: L0[], Ebi: L2[L7[], L0[]], Eib: L2[L0[], L7[]], Eii: L2[L0[], L7[]], put: L2[V2, V3] -> V0 -> V1 -> L2[V3, V0], tr: L7[]
[16:08:22.718803]	Exploring 0: L0[], 1: L0[], Ebi: L2[L7[], L0[]], Eib: L2[L0[], L7[]], Eii: L2[L0[], L7[]], put: L2[V2, V3] -> V0 -> V1 -> L2[V3, V1], tr: L7[]
[16:08:22.719050]	Exploring 0: L0[], 1: L0[], Ebi: L2[L7[], L0[]], Eib: L2[L0[], L7[]], Eii: L2[L0[], L7[]], put: L2[V2, V3] -> V0 -> V1 -> L2[V3, V2], tr: L7[]
[16:08:22.719283]	Exploring 0: L0[], 1: L0[], Ebi: L2[L7[], L0[]], Eib: L2[L0[], L7[]], Eii: L2[L0[], L7[]], put: L2[V2, V3] -> V0 -> V1 -> L2[V3, V3], tr: L7[]
[16:08:22.719512]	Exploring 0: L0[], 1: L0[], Ebi: L2[L7[], L0[]], Eib: L2[L0[], L7[]], Eii: L2[L7[], _5_], put: L2[_6_, _7_] -> V0 -> V1 -> L2[_8_, _9_], tr: L7[]
[16:08:22.719598]	Exploring 0: L0[], 1: L0[], Ebi: L2[L7[], L0[]], Eib: L2[L0[], L7[]], Eii: L2[L7[], L0[]], put: L2[_6_, _7_] -> V0 -> V1 -> L2[_8_, _9_], tr: L7[]
[16:08:22.719785]	Exploring 0: L0[], 1: L0[], Ebi: L2[L7[], L0[]], Eib: L2[L0[], L7[]], Eii: L2[L7[], L0[]], put: L2[V2, _7_] -> V0 -> V1 -> L2[_8_, _9_], tr: L7[]
[16:08:22.719916]	Exploring 0: L0[], 1: L0[], Ebi: L2[L7[], L0[]], Eib: L2[L0[], L7[]], Eii: L2[L7[], L0[]], put: L2[V2, V1] -> V0 -> V1 -> L2[_8_, _9_], tr: L7[]
[16:08:22.720041]	Exploring 0: L0[], 1: L0[], Ebi: L2[L7[], L0[]], Eib: L2[L0[], L7[]], Eii: L2[L7[], L0[]], put: L2[V2, V1] -> V0 -> V1 -> L2[L0[], _9_], tr: L7[]
[16:08:22.720195]	Exploring 0: L0[], 1: L0[], Ebi: L2[L7[], L0[]], Eib: L2[L0[], L7[]], Eii: L2[L7[], L0[]], put: L2[V2, V1] -> V0 -> V1 -> L2[L0[], V1], tr: L7[]
[16:08:22.720523]	Exploring 0: L0[], 1: L0[], Ebi: L2[L7[], L0[]], Eib: L2[L0[], L7[]], Eii: L2[L7[], L0[]], put: L2[V2, V1] -> V0 -> V1 -> L2[L7[], _9_], tr: L7[]
[16:08:22.720723]	Exploring 0: L0[], 1: L0[], Ebi: L2[L7[], L0[]], Eib: L2[L0[], L7[]], Eii: L2[L7[], L0[]], put: L2[V2, V1] -> V0 -> V1 -> L2[L7[], V1], tr: L7[]
[16:08:22.721075]	Exploring 0: L0[], 1: L0[], Ebi: L2[L7[], L0[]], Eib: L2[L0[], L7[]], Eii: L2[L7[], L0[]], put: L2[V2, V1] -> V0 -> V1 -> L2[V0, _9_], tr: L7[]
[16:08:22.721228]	Exploring 0: L0[], 1: L0[], Ebi: L2[L7[], L0[]], Eib: L2[L0[], L7[]], Eii: L2[L7[], L0[]], put: L2[V2, V1] -> V0 -> V1 -> L2[V0, V1], tr: L7[]
[16:08:22.721477]	Exploring 0: L0[], 1: L0[], Ebi: L2[L7[], L0[]], Eib: L2[L0[], L7[]], Eii: L2[L7[], L0[]], put: L2[V2, V1] -> V0 -> V1 -> L2[V1, _9_], tr: L7[]
[16:08:22.721622]	Exploring 0: L0[], 1: L0[], Ebi: L2[L7[], L0[]], Eib: L2[L0[], L7[]], Eii: L2[L7[], L0[]], put: L2[V2, V1] -> V0 -> V1 -> L2[V1, V1], tr: L7[]
[16:08:22.721931]	Exploring 0: L0[], 1: L0[], Ebi: L2[L7[], L0[]], Eib: L2[L0[], L7[]], Eii: L2[L7[], L0[]], put: L2[V2, V1] -> V0 -> V1 -> L2[V2, _9_], tr: L7[]
[16:08:22.722108]	Exploring 0: L0[], 1: L0[], Ebi: L2[L7[], L0[]], Eib: L2[L0[], L7[]], Eii: L2[L7[], L0[]], put: L2[V2, V1] -> V0 -> V1 -> L2[V2, V1], tr: L7[]
[16:08:22.722362]	Exploring 0: L0[], 1: L0[], Ebi: L2[L7[], L0[]], Eib: L2[L0[], L7[]], Eii: L2[L7[], L0[]], put: L2[V2, V3] -> V0 -> V1 -> L2[_8_, _9_], tr: L7[]
[16:08:22.722489]	Exploring 0: L0[], 1: L0[], Ebi: L2[L7[], L0[]], Eib: L2[L0[], L7[]], Eii: L2[L7[], L0[]], put: L2[V2, V3] -> V0 -> V1 -> L2[L0[], _9_], tr: L7[]
[16:08:22.722615]	Exploring 0: L0[], 1: L0[], Ebi: L2[L7[], L0[]], Eib: L2[L0[], L7[]], Eii: L2[L7[], L0[]], put: L2[V2, V3] -> V0 -> V1 -> L2[L0[], L0[]], tr: L7[]
[16:08:22.722833]	Exploring 0: L0[], 1: L0[], Ebi: L2[L7[], L0[]], Eib: L2[L0[], L7[]], Eii: L2[L7[], L0[]], put: L2[V2, V3] -> V0 -> V1 -> L2[L0[], L7[]], tr: L7[]
[16:08:22.723070]	Exploring 0: L0[], 1: L0[], Ebi: L2[L7[], L0[]], Eib: L2[L0[], L7[]], Eii: L2[L7[], L0[]], put: L2[V2, V3] -> V0 -> V1 -> L2[L0[], V0], tr: L7[]
[16:08:22.723324]	Exploring 0: L0[], 1: L0[], Ebi: L2[L7[], L0[]], Eib: L2[L0[], L7[]], Eii: L2[L7[], L0[]], put: L2[V2, V3] -> V0 -> V1 -> L2[L0[], V1], tr: L7[]
[16:08:22.723599]	Exploring 0: L0[], 1: L0[], Ebi: L2[L7[], L0[]], Eib: L2[L0[], L7[]], Eii: L2[L7[], L0[]], put: L2[V2, V3] -> V0 -> V1 -> L2[L0[], V2], tr: L7[]
[16:08:22.723836]	Exploring 0: L0[], 1: L0[], Ebi: L2[L7[], L0[]], Eib: L2[L0[], L7[]], Eii: L2[L7[], L0[]], put: L2[V2, V3] -> V0 -> V1 -> L2[L0[], V3], tr: L7[]
[16:08:22.724063]	Exploring 0: L0[], 1: L0[], Ebi: L2[L7[], L0[]], Eib: L2[L0[], L7[]], Eii: L2[L7[], L0[]], put: L2[V2, V3] -> V0 -> V1 -> L2[L7[], _9_], tr: L7[]
[16:08:22.724197]	Exploring 0: L0[], 1: L0[], Ebi: L2[L7[], L0[]], Eib: L2[L0[], L7[]], Eii: L2[L7[], L0[]], put: L2[V2, V3] -> V0 -> V1 -> L2[L7[], L0[]], tr: L7[]
[16:08:22.724405]	Exploring 0: L0[], 1: L0[], Ebi: L2[L7[], L0[]], Eib: L2[L0[], L7[]], Eii: L2[L7[], L0[]], put: L2[V2, V3] -> V0 -> V1 -> L2[L7[], L7[]], tr: L7[]
[16:08:22.724638]	Exploring 0: L0[], 1: L0[], Ebi: L2[L7[], L0[]], Eib: L2[L0[], L7[]], Eii: L2[L7[], L0[]], put: L2[V2, V3] -> V0 -> V1 -> L2[L7[], V0], tr: L7[]
[16:08:22.724889]	Exploring 0: L0[], 1: L0[], Ebi: L2[L7[], L0[]], Eib: L2[L0[], L7[]], Eii: L2[L7[], L0[]], put: L2[V2, V3] -> V0 -> V1 -> L2[L7[], V1], tr: L7[]
[16:08:22.725132]	Exploring 0: L0[], 1: L0[], Ebi: L2[L7[], L0[]], Eib: L2[L0[], L7[]], Eii: L2[L7[], L0[]], put: L2[V2, V3] -> V0 -> V1 -> L2[L7[], V2], tr: L7[]
[16:08:22.725364]	Exploring 0: L0[], 1: L0[], Ebi: L2[L7[], L0[]], Eib: L2[L0[], L7[]], Eii: L2[L7[], L0[]], put: L2[V2, V3] -> V0 -> V1 -> L2[L7[], V3], tr: L7[]
[16:08:22.725602]	Exploring 0: L0[], 1: L0[], Ebi: L2[L7[], L0[]], Eib: L2[L0[], L7[]], Eii: L2[L7[], L0[]], put: L2[V2, V3] -> V0 -> V1 -> L2[V0, _9_], tr: L7[]
[16:08:22.725747]	Exploring 0: L0[], 1: L0[], Ebi: L2[L7[], L0[]], Eib: L2[L0[], L7[]], Eii: L2[L7[], L0[]], put: L2[V2, V3] -> V0 -> V1 -> L2[V0, L0[]], tr: L7[]
[16:08:22.725995]	Exploring 0: L0[], 1: L0[], Ebi: L2[L7[], L0[]], Eib: L2[L0[], L7[]], Eii: L2[L7[], L0[]], put: L2[V2, V3] -> V0 -> V1 -> L2[V0, L7[]], tr: L7[]
[16:08:22.726259]	Exploring 0: L0[], 1: L0[], Ebi: L2[L7[], L0[]], Eib: L2[L0[], L7[]], Eii: L2[L7[], L0[]], put: L2[V2, V3] -> V0 -> V1 -> L2[V0, V0], tr: L7[]
[16:08:22.726494]	Exploring 0: L0[], 1: L0[], Ebi: L2[L7[], L0[]], Eib: L2[L0[], L7[]], Eii: L2[L7[], L0[]], put: L2[V2, V3] -> V0 -> V1 -> L2[V0, V1], tr: L7[]
[16:08:22.726732]	Exploring 0: L0[], 1: L0[], Ebi: L2[L7[], L0[]], Eib: L2[L0[], L7[]], Eii: L2[L7[], L0[]], put: L2[V2, V3] -> V0 -> V1 -> L2[V0, V2], tr: L7[]
[16:08:22.726981]	Exploring 0: L0[], 1: L0[], Ebi: L2[L7[], L0[]], Eib: L2[L0[], L7[]], Eii: L2[L7[], L0[]], put: L2[V2, V3] -> V0 -> V1 -> L2[V0, V3], tr: L7[]
[16:08:22.727219]	Exploring 0: L0[], 1: L0[], Ebi: L2[L7[], L0[]], Eib: L2[L0[], L7[]], Eii: L2[L7[], L0[]], put: L2[V2, V3] -> V0 -> V1 -> L2[V1, _9_], tr: L7[]
[16:08:22.727373]	Exploring 0: L0[], 1: L0[], Ebi: L2[L7[], L0[]], Eib: L2[L0[], L7[]], Eii: L2[L7[], L0[]], put: L2[V2, V3] -> V0 -> V1 -> L2[V1, L0[]], tr: L7[]
[16:08:22.727638]	Exploring 0: L0[], 1: L0[], Ebi: L2[L7[], L0[]], Eib: L2[L0[], L7[]], Eii: L2[L7[], L0[]], put: L2[V2, V3] -> V0 -> V1 -> L2[V1, L7[]], tr: L7[]
[16:08:22.727880]	Exploring 0: L0[], 1: L0[], Ebi: L2[L7[], L0[]], Eib: L2[L0[], L7[]], Eii: L2[L7[], L0[]], put: L2[V2, V3] -> V0 -> V1 -> L2[V1, V0], tr: L7[]
[16:08:22.728140]	Exploring 0: L0[], 1: L0[], Ebi: L2[L7[], L0[]], Eib: L2[L0[], L7[]], Eii: L2[L7[], L0[]], put: L2[V2, V3] -> V0 -> V1 -> L2[V1, V1], tr: L7[]
[16:08:22.728494]	Exploring 0: L0[], 1: L0[], Ebi: L2[L7[], L0[]], Eib: L2[L0[], L7[]], Eii: L2[L7[], L0[]], put: L2[V2, V3] -> V0 -> V1 -> L2[V1, V2], tr: L7[]
[16:08:22.728823]	Exploring 0: L0[], 1: L0[], Ebi: L2[L7[], L0[]], Eib: L2[L0[], L7[]], Eii: L2[L7[], L0[]], put: L2[V2, V3] -> V0 -> V1 -> L2[V1, V3], tr: L7[]
[16:08:22.729060]	Exploring 0: L0[], 1: L0[], Ebi: L2[L7[], L0[]], Eib: L2[L0[], L7[]], Eii: L2[L7[], L0[]], put: L2[V2, V3] -> V0 -> V1 -> L2[V2, _9_], tr: L7[]
[16:08:22.729247]	Exploring 0: L0[], 1: L0[], Ebi: L2[L7[], L0[]], Eib: L2[L0[], L7[]], Eii: L2[L7[], L0[]], put: L2[V2, V3] -> V0 -> V1 -> L2[V2, L0[]], tr: L7[]
[16:08:22.729549]	Exploring 0: L0[], 1: L0[], Ebi: L2[L7[], L0[]], Eib: L2[L0[], L7[]], Eii: L2[L7[], L0[]], put: L2[V2, V3] -> V0 -> V1 -> L2[V2, L7[]], tr: L7[]
[16:08:22.729797]	Exploring 0: L0[], 1: L0[], Ebi: L2[L7[], L0[]], Eib: L2[L0[], L7[]], Eii: L2[L7[], L0[]], put: L2[V2, V3] -> V0 -> V1 -> L2[V2, V0], tr: L7[]
[16:08:22.730050]	Exploring 0: L0[], 1: L0[], Ebi: L2[L7[], L0[]], Eib: L2[L0[], L7[]], Eii: L2[L7[], L0[]], put: L2[V2, V3] -> V0 -> V1 -> L2[V2, V1], tr: L7[]
[16:08:22.730280]	Exploring 0: L0[], 1: L0[], Ebi: L2[L7[], L0[]], Eib: L2[L0[], L7[]], Eii: L2[L7[], L0[]], put: L2[V2, V3] -> V0 -> V1 -> L2[V2, V2], tr: L7[]
[16:08:22.730556]	Exploring 0: L0[], 1: L0[], Ebi: L2[L7[], L0[]], Eib: L2[L0[], L7[]], Eii: L2[L7[], L0[]], put: L2[V2, V3] -> V0 -> V1 -> L2[V2, V3], tr: L7[]
[16:08:22.730783]	Exploring 0: L0[], 1: L0[], Ebi: L2[L7[], L0[]], Eib: L2[L0[], L7[]], Eii: L2[L7[], L0[]], put: L2[V2, V3] -> V0 -> V1 -> L2[V3, _9_], tr: L7[]
[16:08:22.730932]	Exploring 0: L0[], 1: L0[], Ebi: L2[L7[], L0[]], Eib: L2[L0[], L7[]], Eii: L2[L7[], L0[]], put: L2[V2, V3] -> V0 -> V1 -> L2[V3, L0[]], tr: L7[]
[16:08:22.731164]	Exploring 0: L0[], 1: L0[], Ebi: L2[L7[], L0[]], Eib: L2[L0[], L7[]], Eii: L2[L7[], L0[]], put: L2[V2, V3] -> V0 -> V1 -> L2[V3, L7[]], tr: L7[]
[16:08:22.731417]	Exploring 0: L0[], 1: L0[], Ebi: L2[L7[], L0[]], Eib: L2[L0[], L7[]], Eii: L2[L7[], L0[]], put: L2[V2, V3] -> V0 -> V1 -> L2[V3, V0], tr: L7[]
[16:08:22.731662]	Exploring 0: L0[], 1: L0[], Ebi: L2[L7[], L0[]], Eib: L2[L0[], L7[]], Eii: L2[L7[], L0[]], put: L2[V2, V3] -> V0 -> V1 -> L2[V3, V1], tr: L7[]
[16:08:22.731901]	Exploring 0: L0[], 1: L0[], Ebi: L2[L7[], L0[]], Eib: L2[L0[], L7[]], Eii: L2[L7[], L0[]], put: L2[V2, V3] -> V0 -> V1 -> L2[V3, V2], tr: L7[]
[16:08:22.732205]	Exploring 0: L0[], 1: L0[], Ebi: L2[L7[], L0[]], Eib: L2[L0[], L7[]], Eii: L2[L7[], L0[]], put: L2[V2, V3] -> V0 -> V1 -> L2[V3, V3], tr: L7[]
[16:08:22.732459]	Exploring 0: L0[], 1: L0[], Ebi: L2[L7[], L0[]], Eib: L2[L0[], L7[]], Eii: L2[L7[], L7[]], put: L2[_6_, _7_] -> V0 -> V1 -> L2[_8_, _9_], tr: L7[]
[16:08:22.732663]	Exploring 0: L0[], 1: L0[], Ebi: L2[L7[], L0[]], Eib: L2[L0[], L7[]], Eii: L2[L7[], L7[]], put: L2[V2, _7_] -> V0 -> V1 -> L2[_8_, _9_], tr: L7[]
[16:08:22.732838]	Exploring 0: L0[], 1: L0[], Ebi: L2[L7[], L0[]], Eib: L2[L0[], L7[]], Eii: L2[L7[], L7[]], put: L2[V2, V3] -> V0 -> V1 -> L2[_8_, _9_], tr: L7[]
[16:08:22.732960]	Exploring 0: L0[], 1: L0[], Ebi: L2[L7[], L0[]], Eib: L2[L0[], L7[]], Eii: L2[L7[], L7[]], put: L2[V2, V3] -> V0 -> V1 -> L2[L0[], _9_], tr: L7[]
[16:08:22.733083]	Exploring 0: L0[], 1: L0[], Ebi: L2[L7[], L0[]], Eib: L2[L0[], L7[]], Eii: L2[L7[], L7[]], put: L2[V2, V3] -> V0 -> V1 -> L2[L0[], L0[]], tr: L7[]
[16:08:22.733293]	Exploring 0: L0[], 1: L0[], Ebi: L2[L7[], L0[]], Eib: L2[L0[], L7[]], Eii: L2[L7[], L7[]], put: L2[V2, V3] -> V0 -> V1 -> L2[L0[], L7[]], tr: L7[]
[16:08:22.733581]	Exploring 0: L0[], 1: L0[], Ebi: L2[L7[], L0[]], Eib: L2[L0[], L7[]], Eii: L2[L7[], L7[]], put: L2[V2, V3] -> V0 -> V1 -> L2[L0[], V0], tr: L7[]
[16:08:22.733838]	Exploring 0: L0[], 1: L0[], Ebi: L2[L7[], L0[]], Eib: L2[L0[], L7[]], Eii: L2[L7[], L7[]], put: L2[V2, V3] -> V0 -> V1 -> L2[L0[], V1], tr: L7[]
[16:08:22.734075]	Exploring 0: L0[], 1: L0[], Ebi: L2[L7[], L0[]], Eib: L2[L0[], L7[]], Eii: L2[L7[], L7[]], put: L2[V2, V3] -> V0 -> V1 -> L2[L0[], V2], tr: L7[]
[16:08:22.734303]	Exploring 0: L0[], 1: L0[], Ebi: L2[L7[], L0[]], Eib: L2[L0[], L7[]], Eii: L2[L7[], L7[]], put: L2[V2, V3] -> V0 -> V1 -> L2[L0[], V3], tr: L7[]
[16:08:22.734530]	Exploring 0: L0[], 1: L0[], Ebi: L2[L7[], L0[]], Eib: L2[L0[], L7[]], Eii: L2[L7[], L7[]], put: L2[V2, V3] -> V0 -> V1 -> L2[L7[], _9_], tr: L7[]
[16:08:22.734656]	Exploring 0: L0[], 1: L0[], Ebi: L2[L7[], L0[]], Eib: L2[L0[], L7[]], Eii: L2[L7[], L7[]], put: L2[V2, V3] -> V0 -> V1 -> L2[L7[], L0[]], tr: L7[]
[16:08:22.734864]	Exploring 0: L0[], 1: L0[], Ebi: L2[L7[], L0[]], Eib: L2[L0[], L7[]], Eii: L2[L7[], L7[]], put: L2[V2, V3] -> V0 -> V1 -> L2[L7[], L7[]], tr: L7[]
[16:08:22.735092]	Exploring 0: L0[], 1: L0[], Ebi: L2[L7[], L0[]], Eib: L2[L0[], L7[]], Eii: L2[L7[], L7[]], put: L2[V2, V3] -> V0 -> V1 -> L2[L7[], V0], tr: L7[]
[16:08:22.735462]	Exploring 0: L0[], 1: L0[], Ebi: L2[L7[], L0[]], Eib: L2[L0[], L7[]], Eii: L2[L7[], L7[]], put: L2[V2, V3] -> V0 -> V1 -> L2[L7[], V1], tr: L7[]
[16:08:22.735715]	Exploring 0: L0[], 1: L0[], Ebi: L2[L7[], L0[]], Eib: L2[L0[], L7[]], Eii: L2[L7[], L7[]], put: L2[V2, V3] -> V0 -> V1 -> L2[L7[], V2], tr: L7[]
[16:08:22.735950]	Exploring 0: L0[], 1: L0[], Ebi: L2[L7[], L0[]], Eib: L2[L0[], L7[]], Eii: L2[L7[], L7[]], put: L2[V2, V3] -> V0 -> V1 -> L2[L7[], V3], tr: L7[]
[16:08:22.736207]	Exploring 0: L0[], 1: L0[], Ebi: L2[L7[], L0[]], Eib: L2[L0[], L7[]], Eii: L2[L7[], L7[]], put: L2[V2, V3] -> V0 -> V1 -> L2[V0, _9_], tr: L7[]
[16:08:22.736396]	Exploring 0: L0[], 1: L0[], Ebi: L2[L7[], L0[]], Eib: L2[L0[], L7[]], Eii: L2[L7[], L7[]], put: L2[V2, V3] -> V0 -> V1 -> L2[V0, L0[]], tr: L7[]
[16:08:22.736655]	Exploring 0: L0[], 1: L0[], Ebi: L2[L7[], L0[]], Eib: L2[L0[], L7[]], Eii: L2[L7[], L7[]], put: L2[V2, V3] -> V0 -> V1 -> L2[V0, L7[]], tr: L7[]
[16:08:22.736902]	Exploring 0: L0[], 1: L0[], Ebi: L2[L7[], L0[]], Eib: L2[L0[], L7[]], Eii: L2[L7[], L7[]], put: L2[V2, V3] -> V0 -> V1 -> L2[V0, V0], tr: L7[]
[16:08:22.737143]	Exploring 0: L0[], 1: L0[], Ebi: L2[L7[], L0[]], Eib: L2[L0[], L7[]], Eii: L2[L7[], L7[]], put: L2[V2, V3] -> V0 -> V1 -> L2[V0, V1], tr: L7[]
[16:08:22.737389]	Exploring 0: L0[], 1: L0[], Ebi: L2[L7[], L0[]], Eib: L2[L0[], L7[]], Eii: L2[L7[], L7[]], put: L2[V2, V3] -> V0 -> V1 -> L2[V0, V2], tr: L7[]
[16:08:22.737627]	Exploring 0: L0[], 1: L0[], Ebi: L2[L7[], L0[]], Eib: L2[L0[], L7[]], Eii: L2[L7[], L7[]], put: L2[V2, V3] -> V0 -> V1 -> L2[V0, V3], tr: L7[]
[16:08:22.737892]	Exploring 0: L0[], 1: L0[], Ebi: L2[L7[], L0[]], Eib: L2[L0[], L7[]], Eii: L2[L7[], L7[]], put: L2[V2, V3] -> V0 -> V1 -> L2[V1, _9_], tr: L7[]
[16:08:22.738039]	Exploring 0: L0[], 1: L0[], Ebi: L2[L7[], L0[]], Eib: L2[L0[], L7[]], Eii: L2[L7[], L7[]], put: L2[V2, V3] -> V0 -> V1 -> L2[V1, L0[]], tr: L7[]
[16:08:22.738292]	Exploring 0: L0[], 1: L0[], Ebi: L2[L7[], L0[]], Eib: L2[L0[], L7[]], Eii: L2[L7[], L7[]], put: L2[V2, V3] -> V0 -> V1 -> L2[V1, L7[]], tr: L7[]
[16:08:22.738536]	Exploring 0: L0[], 1: L0[], Ebi: L2[L7[], L0[]], Eib: L2[L0[], L7[]], Eii: L2[L7[], L7[]], put: L2[V2, V3] -> V0 -> V1 -> L2[V1, V0], tr: L7[]
[16:08:22.738779]	Exploring 0: L0[], 1: L0[], Ebi: L2[L7[], L0[]], Eib: L2[L0[], L7[]], Eii: L2[L7[], L7[]], put: L2[V2, V3] -> V0 -> V1 -> L2[V1, V1], tr: L7[]
[16:08:22.739025]	Exploring 0: L0[], 1: L0[], Ebi: L2[L7[], L0[]], Eib: L2[L0[], L7[]], Eii: L2[L7[], L7[]], put: L2[V2, V3] -> V0 -> V1 -> L2[V1, V2], tr: L7[]
[16:08:22.739267]	Exploring 0: L0[], 1: L0[], Ebi: L2[L7[], L0[]], Eib: L2[L0[], L7[]], Eii: L2[L7[], L7[]], put: L2[V2, V3] -> V0 -> V1 -> L2[V1, V3], tr: L7[]
[16:08:22.739506]	Exploring 0: L0[], 1: L0[], Ebi: L2[L7[], L0[]], Eib: L2[L0[], L7[]], Eii: L2[L7[], L7[]], put: L2[V2, V3] -> V0 -> V1 -> L2[V2, _9_], tr: L7[]
[16:08:22.739651]	Exploring 0: L0[], 1: L0[], Ebi: L2[L7[], L0[]], Eib: L2[L0[], L7[]], Eii: L2[L7[], L7[]], put: L2[V2, V3] -> V0 -> V1 -> L2[V2, L0[]], tr: L7[]
[16:08:22.739876]	Exploring 0: L0[], 1: L0[], Ebi: L2[L7[], L0[]], Eib: L2[L0[], L7[]], Eii: L2[L7[], L7[]], put: L2[V2, V3] -> V0 -> V1 -> L2[V2, L7[]], tr: L7[]
[16:08:22.740108]	Exploring 0: L0[], 1: L0[], Ebi: L2[L7[], L0[]], Eib: L2[L0[], L7[]], Eii: L2[L7[], L7[]], put: L2[V2, V3] -> V0 -> V1 -> L2[V2, V0], tr: L7[]
[16:08:22.740361]	Exploring 0: L0[], 1: L0[], Ebi: L2[L7[], L0[]], Eib: L2[L0[], L7[]], Eii: L2[L7[], L7[]], put: L2[V2, V3] -> V0 -> V1 -> L2[V2, V1], tr: L7[]
[16:08:22.740579]	Exploring 0: L0[], 1: L0[], Ebi: L2[L7[], L0[]], Eib: L2[L0[], L7[]], Eii: L2[L7[], L7[]], put: L2[V2, V3] -> V0 -> V1 -> L2[V2, V2], tr: L7[]
[16:08:22.740788]	Exploring 0: L0[], 1: L0[], Ebi: L2[L7[], L0[]], Eib: L2[L0[], L7[]], Eii: L2[L7[], L7[]], put: L2[V2, V3] -> V0 -> V1 -> L2[V2, V3], tr: L7[]
[16:08:22.741002]	Exploring 0: L0[], 1: L0[], Ebi: L2[L7[], L0[]], Eib: L2[L0[], L7[]], Eii: L2[L7[], L7[]], put: L2[V2, V3] -> V0 -> V1 -> L2[V3, _9_], tr: L7[]
[16:08:22.741130]	Exploring 0: L0[], 1: L0[], Ebi: L2[L7[], L0[]], Eib: L2[L0[], L7[]], Eii: L2[L7[], L7[]], put: L2[V2, V3] -> V0 -> V1 -> L2[V3, L0[]], tr: L7[]
[16:08:22.741348]	Exploring 0: L0[], 1: L0[], Ebi: L2[L7[], L0[]], Eib: L2[L0[], L7[]], Eii: L2[L7[], L7[]], put: L2[V2, V3] -> V0 -> V1 -> L2[V3, L7[]], tr: L7[]
[16:08:22.741574]	Exploring 0: L0[], 1: L0[], Ebi: L2[L7[], L0[]], Eib: L2[L0[], L7[]], Eii: L2[L7[], L7[]], put: L2[V2, V3] -> V0 -> V1 -> L2[V3, V0], tr: L7[]
[16:08:22.741803]	Exploring 0: L0[], 1: L0[], Ebi: L2[L7[], L0[]], Eib: L2[L0[], L7[]], Eii: L2[L7[], L7[]], put: L2[V2, V3] -> V0 -> V1 -> L2[V3, V1], tr: L7[]
[16:08:22.742026]	Exploring 0: L0[], 1: L0[], Ebi: L2[L7[], L0[]], Eib: L2[L0[], L7[]], Eii: L2[L7[], L7[]], put: L2[V2, V3] -> V0 -> V1 -> L2[V3, V2], tr: L7[]
[16:08:22.742243]	Exploring 0: L0[], 1: L0[], Ebi: L2[L7[], L0[]], Eib: L2[L0[], L7[]], Eii: L2[L7[], L7[]], put: L2[V2, V3] -> V0 -> V1 -> L2[V3, V3], tr: L7[]
[16:08:22.742419]	Exploring 0: L0[], 1: L0[], Ebi: L2[L7[], L0[]], Eib: L2[L7[], _3_], Eii: L2[_4_, _5_], put: L2[_6_, _7_] -> V0 -> V1 -> L2[_8_, _9_], tr: L7[]
[16:08:22.742505]	Exploring 0: L0[], 1: L0[], Ebi: L2[L7[], L0[]], Eib: L2[L7[], L0[]], Eii: L2[_4_, _5_], put: L2[_6_, _7_] -> V0 -> V1 -> L2[_8_, _9_], tr: L7[]
[16:08:22.742570]	Exploring 0: L0[], 1: L0[], Ebi: L2[L7[], L0[]], Eib: L2[L7[], L0[]], Eii: L2[L0[], _5_], put: L2[_6_, _7_] -> V0 -> V1 -> L2[_8_, _9_], tr: L7[]
[16:08:22.742642]	Exploring 0: L0[], 1: L0[], Ebi: L2[L7[], L0[]], Eib: L2[L7[], L0[]], Eii: L2[L0[], L0[]], put: L2[_6_, _7_] -> V0 -> V1 -> L2[_8_, _9_], tr: L7[]
[16:08:22.742763]	Exploring 0: L0[], 1: L0[], Ebi: L2[L7[], L0[]], Eib: L2[L7[], L0[]], Eii: L2[L0[], L0[]], put: L2[V2, _7_] -> V0 -> V1 -> L2[_8_, _9_], tr: L7[]
[16:08:22.742887]	Exploring 0: L0[], 1: L0[], Ebi: L2[L7[], L0[]], Eib: L2[L7[], L0[]], Eii: L2[L0[], L0[]], put: L2[V2, L0[]] -> V0 -> V1 -> L2[_8_, _9_], tr: L7[]
[16:08:22.742987]	Exploring 0: L0[], 1: L0[], Ebi: L2[L7[], L0[]], Eib: L2[L7[], L0[]], Eii: L2[L0[], L0[]], put: L2[V2, L0[]] -> V0 -> V1 -> L2[L0[], _9_], tr: L7[]
[16:08:22.743092]	Exploring 0: L0[], 1: L0[], Ebi: L2[L7[], L0[]], Eib: L2[L7[], L0[]], Eii: L2[L0[], L0[]], put: L2[V2, L0[]] -> V0 -> V1 -> L2[L0[], L0[]], tr: L7[]
[16:08:22.743322]	Exploring 0: L0[], 1: L0[], Ebi: L2[L7[], L0[]], Eib: L2[L7[], L0[]], Eii: L2[L0[], L0[]], put: L2[V2, L0[]] -> V0 -> V1 -> L2[L7[], _9_], tr: L7[]
[16:08:22.743443]	Exploring 0: L0[], 1: L0[], Ebi: L2[L7[], L0[]], Eib: L2[L7[], L0[]], Eii: L2[L0[], L0[]], put: L2[V2, L0[]] -> V0 -> V1 -> L2[L7[], L0[]], tr: L7[]
[16:08:22.743685]	Exploring 0: L0[], 1: L0[], Ebi: L2[L7[], L0[]], Eib: L2[L7[], L0[]], Eii: L2[L0[], L0[]], put: L2[V2, L0[]] -> V0 -> V1 -> L2[V0, _9_], tr: L7[]
[16:08:22.743802]	Exploring 0: L0[], 1: L0[], Ebi: L2[L7[], L0[]], Eib: L2[L7[], L0[]], Eii: L2[L0[], L0[]], put: L2[V2, L0[]] -> V0 -> V1 -> L2[V0, L0[]], tr: L7[]
[16:08:22.744066]	Exploring 0: L0[], 1: L0[], Ebi: L2[L7[], L0[]], Eib: L2[L7[], L0[]], Eii: L2[L0[], L0[]], put: L2[V2, L0[]] -> V0 -> V1 -> L2[V1, _9_], tr: L7[]
[16:08:22.744185]	Exploring 0: L0[], 1: L0[], Ebi: L2[L7[], L0[]], Eib: L2[L7[], L0[]], Eii: L2[L0[], L0[]], put: L2[V2, L0[]] -> V0 -> V1 -> L2[V1, L0[]], tr: L7[]
[16:08:22.744423]	Exploring 0: L0[], 1: L0[], Ebi: L2[L7[], L0[]], Eib: L2[L7[], L0[]], Eii: L2[L0[], L0[]], put: L2[V2, L0[]] -> V0 -> V1 -> L2[V2, _9_], tr: L7[]
[16:08:22.744532]	Exploring 0: L0[], 1: L0[], Ebi: L2[L7[], L0[]], Eib: L2[L7[], L0[]], Eii: L2[L0[], L0[]], put: L2[V2, L0[]] -> V0 -> V1 -> L2[V2, L0[]], tr: L7[]
[16:08:22.744808]	Exploring 0: L0[], 1: L0[], Ebi: L2[L7[], L0[]], Eib: L2[L7[], L0[]], Eii: L2[L0[], L0[]], put: L2[V2, V3] -> V0 -> V1 -> L2[_8_, _9_], tr: L7[]
[16:08:22.744918]	Exploring 0: L0[], 1: L0[], Ebi: L2[L7[], L0[]], Eib: L2[L7[], L0[]], Eii: L2[L0[], L0[]], put: L2[V2, V3] -> V0 -> V1 -> L2[L0[], _9_], tr: L7[]
[16:08:22.745030]	Exploring 0: L0[], 1: L0[], Ebi: L2[L7[], L0[]], Eib: L2[L7[], L0[]], Eii: L2[L0[], L0[]], put: L2[V2, V3] -> V0 -> V1 -> L2[L0[], L0[]], tr: L7[]
[16:08:22.745227]	Exploring 0: L0[], 1: L0[], Ebi: L2[L7[], L0[]], Eib: L2[L7[], L0[]], Eii: L2[L0[], L0[]], put: L2[V2, V3] -> V0 -> V1 -> L2[L0[], L7[]], tr: L7[]
[16:08:22.745443]	Exploring 0: L0[], 1: L0[], Ebi: L2[L7[], L0[]], Eib: L2[L7[], L0[]], Eii: L2[L0[], L0[]], put: L2[V2, V3] -> V0 -> V1 -> L2[L0[], V0], tr: L7[]
[16:08:22.745686]	Exploring 0: L0[], 1: L0[], Ebi: L2[L7[], L0[]], Eib: L2[L7[], L0[]], Eii: L2[L0[], L0[]], put: L2[V2, V3] -> V0 -> V1 -> L2[L0[], V1], tr: L7[]
[16:08:22.745914]	Exploring 0: L0[], 1: L0[], Ebi: L2[L7[], L0[]], Eib: L2[L7[], L0[]], Eii: L2[L0[], L0[]], put: L2[V2, V3] -> V0 -> V1 -> L2[L0[], V2], tr: L7[]
[16:08:22.746141]	Exploring 0: L0[], 1: L0[], Ebi: L2[L7[], L0[]], Eib: L2[L7[], L0[]], Eii: L2[L0[], L0[]], put: L2[V2, V3] -> V0 -> V1 -> L2[L0[], V3], tr: L7[]
[16:08:22.746361]	Exploring 0: L0[], 1: L0[], Ebi: L2[L7[], L0[]], Eib: L2[L7[], L0[]], Eii: L2[L0[], L0[]], put: L2[V2, V3] -> V0 -> V1 -> L2[L7[], _9_], tr: L7[]
[16:08:22.746478]	Exploring 0: L0[], 1: L0[], Ebi: L2[L7[], L0[]], Eib: L2[L7[], L0[]], Eii: L2[L0[], L0[]], put: L2[V2, V3] -> V0 -> V1 -> L2[L7[], L0[]], tr: L7[]
[16:08:22.746680]	Exploring 0: L0[], 1: L0[], Ebi: L2[L7[], L0[]], Eib: L2[L7[], L0[]], Eii: L2[L0[], L0[]], put: L2[V2, V3] -> V0 -> V1 -> L2[L7[], L7[]], tr: L7[]
[16:08:22.746902]	Exploring 0: L0[], 1: L0[], Ebi: L2[L7[], L0[]], Eib: L2[L7[], L0[]], Eii: L2[L0[], L0[]], put: L2[V2, V3] -> V0 -> V1 -> L2[L7[], V0], tr: L7[]
[16:08:22.747151]	Exploring 0: L0[], 1: L0[], Ebi: L2[L7[], L0[]], Eib: L2[L7[], L0[]], Eii: L2[L0[], L0[]], put: L2[V2, V3] -> V0 -> V1 -> L2[L7[], V1], tr: L7[]
[16:08:22.747383]	Exploring 0: L0[], 1: L0[], Ebi: L2[L7[], L0[]], Eib: L2[L7[], L0[]], Eii: L2[L0[], L0[]], put: L2[V2, V3] -> V0 -> V1 -> L2[L7[], V2], tr: L7[]
[16:08:22.747622]	Exploring 0: L0[], 1: L0[], Ebi: L2[L7[], L0[]], Eib: L2[L7[], L0[]], Eii: L2[L0[], L0[]], put: L2[V2, V3] -> V0 -> V1 -> L2[L7[], V3], tr: L7[]
[16:08:22.747854]	Exploring 0: L0[], 1: L0[], Ebi: L2[L7[], L0[]], Eib: L2[L7[], L0[]], Eii: L2[L0[], L0[]], put: L2[V2, V3] -> V0 -> V1 -> L2[V0, _9_], tr: L7[]
[16:08:22.747993]	Exploring 0: L0[], 1: L0[], Ebi: L2[L7[], L0[]], Eib: L2[L7[], L0[]], Eii: L2[L0[], L0[]], put: L2[V2, V3] -> V0 -> V1 -> L2[V0, L0[]], tr: L7[]
[16:08:22.748235]	Exploring 0: L0[], 1: L0[], Ebi: L2[L7[], L0[]], Eib: L2[L7[], L0[]], Eii: L2[L0[], L0[]], put: L2[V2, V3] -> V0 -> V1 -> L2[V0, L7[]], tr: L7[]
[16:08:22.748473]	Exploring 0: L0[], 1: L0[], Ebi: L2[L7[], L0[]], Eib: L2[L7[], L0[]], Eii: L2[L0[], L0[]], put: L2[V2, V3] -> V0 -> V1 -> L2[V0, V0], tr: L7[]
[16:08:22.748712]	Exploring 0: L0[], 1: L0[], Ebi: L2[L7[], L0[]], Eib: L2[L7[], L0[]], Eii: L2[L0[], L0[]], put: L2[V2, V3] -> V0 -> V1 -> L2[V0, V1], tr: L7[]
[16:08:22.748990]	Exploring 0: L0[], 1: L0[], Ebi: L2[L7[], L0[]], Eib: L2[L7[], L0[]], Eii: L2[L0[], L0[]], put: L2[V2, V3] -> V0 -> V1 -> L2[V0, V2], tr: L7[]
[16:08:22.749250]	Exploring 0: L0[], 1: L0[], Ebi: L2[L7[], L0[]], Eib: L2[L7[], L0[]], Eii: L2[L0[], L0[]], put: L2[V2, V3] -> V0 -> V1 -> L2[V0, V3], tr: L7[]
[16:08:22.749484]	Exploring 0: L0[], 1: L0[], Ebi: L2[L7[], L0[]], Eib: L2[L7[], L0[]], Eii: L2[L0[], L0[]], put: L2[V2, V3] -> V0 -> V1 -> L2[V1, _9_], tr: L7[]
[16:08:22.749630]	Exploring 0: L0[], 1: L0[], Ebi: L2[L7[], L0[]], Eib: L2[L7[], L0[]], Eii: L2[L0[], L0[]], put: L2[V2, V3] -> V0 -> V1 -> L2[V1, L0[]], tr: L7[]
[16:08:22.749879]	Exploring 0: L0[], 1: L0[], Ebi: L2[L7[], L0[]], Eib: L2[L7[], L0[]], Eii: L2[L0[], L0[]], put: L2[V2, V3] -> V0 -> V1 -> L2[V1, L7[]], tr: L7[]
[16:08:22.750121]	Exploring 0: L0[], 1: L0[], Ebi: L2[L7[], L0[]], Eib: L2[L7[], L0[]], Eii: L2[L0[], L0[]], put: L2[V2, V3] -> V0 -> V1 -> L2[V1, V0], tr: L7[]
[16:08:22.750357]	Exploring 0: L0[], 1: L0[], Ebi: L2[L7[], L0[]], Eib: L2[L7[], L0[]], Eii: L2[L0[], L0[]], put: L2[V2, V3] -> V0 -> V1 -> L2[V1, V1], tr: L7[]
[16:08:22.750598]	Exploring 0: L0[], 1: L0[], Ebi: L2[L7[], L0[]], Eib: L2[L7[], L0[]], Eii: L2[L0[], L0[]], put: L2[V2, V3] -> V0 -> V1 -> L2[V1, V2], tr: L7[]
[16:08:22.750837]	Exploring 0: L0[], 1: L0[], Ebi: L2[L7[], L0[]], Eib: L2[L7[], L0[]], Eii: L2[L0[], L0[]], put: L2[V2, V3] -> V0 -> V1 -> L2[V1, V3], tr: L7[]
[16:08:22.751058]	Exploring 0: L0[], 1: L0[], Ebi: L2[L7[], L0[]], Eib: L2[L7[], L0[]], Eii: L2[L0[], L0[]], put: L2[V2, V3] -> V0 -> V1 -> L2[V2, _9_], tr: L7[]
[16:08:22.751185]	Exploring 0: L0[], 1: L0[], Ebi: L2[L7[], L0[]], Eib: L2[L7[], L0[]], Eii: L2[L0[], L0[]], put: L2[V2, V3] -> V0 -> V1 -> L2[V2, L0[]], tr: L7[]
[16:08:22.751415]	Exploring 0: L0[], 1: L0[], Ebi: L2[L7[], L0[]], Eib: L2[L7[], L0[]], Eii: L2[L0[], L0[]], put: L2[V2, V3] -> V0 -> V1 -> L2[V2, L7[]], tr: L7[]
[16:08:22.751644]	Exploring 0: L0[], 1: L0[], Ebi: L2[L7[], L0[]], Eib: L2[L7[], L0[]], Eii: L2[L0[], L0[]], put: L2[V2, V3] -> V0 -> V1 -> L2[V2, V0], tr: L7[]
[16:08:22.751885]	Exploring 0: L0[], 1: L0[], Ebi: L2[L7[], L0[]], Eib: L2[L7[], L0[]], Eii: L2[L0[], L0[]], put: L2[V2, V3] -> V0 -> V1 -> L2[V2, V1], tr: L7[]
[16:08:22.752115]	Exploring 0: L0[], 1: L0[], Ebi: L2[L7[], L0[]], Eib: L2[L7[], L0[]], Eii: L2[L0[], L0[]], put: L2[V2, V3] -> V0 -> V1 -> L2[V2, V2], tr: L7[]
[16:08:22.752337]	Exploring 0: L0[], 1: L0[], Ebi: L2[L7[], L0[]], Eib: L2[L7[], L0[]], Eii: L2[L0[], L0[]], put: L2[V2, V3] -> V0 -> V1 -> L2[V2, V3], tr: L7[]
[16:08:22.752546]	Exploring 0: L0[], 1: L0[], Ebi: L2[L7[], L0[]], Eib: L2[L7[], L0[]], Eii: L2[L0[], L0[]], put: L2[V2, V3] -> V0 -> V1 -> L2[V3, _9_], tr: L7[]
[16:08:22.752667]	Exploring 0: L0[], 1: L0[], Ebi: L2[L7[], L0[]], Eib: L2[L7[], L0[]], Eii: L2[L0[], L0[]], put: L2[V2, V3] -> V0 -> V1 -> L2[V3, L0[]], tr: L7[]
[16:08:22.752878]	Exploring 0: L0[], 1: L0[], Ebi: L2[L7[], L0[]], Eib: L2[L7[], L0[]], Eii: L2[L0[], L0[]], put: L2[V2, V3] -> V0 -> V1 -> L2[V3, L7[]], tr: L7[]
[16:08:22.753103]	Exploring 0: L0[], 1: L0[], Ebi: L2[L7[], L0[]], Eib: L2[L7[], L0[]], Eii: L2[L0[], L0[]], put: L2[V2, V3] -> V0 -> V1 -> L2[V3, V0], tr: L7[]
[16:08:22.753345]	Exploring 0: L0[], 1: L0[], Ebi: L2[L7[], L0[]], Eib: L2[L7[], L0[]], Eii: L2[L0[], L0[]], put: L2[V2, V3] -> V0 -> V1 -> L2[V3, V1], tr: L7[]
[16:08:22.753567]	Exploring 0: L0[], 1: L0[], Ebi: L2[L7[], L0[]], Eib: L2[L7[], L0[]], Eii: L2[L0[], L0[]], put: L2[V2, V3] -> V0 -> V1 -> L2[V3, V2], tr: L7[]
[16:08:22.753780]	Exploring 0: L0[], 1: L0[], Ebi: L2[L7[], L0[]], Eib: L2[L7[], L0[]], Eii: L2[L0[], L0[]], put: L2[V2, V3] -> V0 -> V1 -> L2[V3, V3], tr: L7[]
[16:08:22.753955]	Exploring 0: L0[], 1: L0[], Ebi: L2[L7[], L0[]], Eib: L2[L7[], L0[]], Eii: L2[L0[], L7[]], put: L2[_6_, _7_] -> V0 -> V1 -> L2[_8_, _9_], tr: L7[]
[16:08:22.754075]	Exploring 0: L0[], 1: L0[], Ebi: L2[L7[], L0[]], Eib: L2[L7[], L0[]], Eii: L2[L0[], L7[]], put: L2[V2, _7_] -> V0 -> V1 -> L2[_8_, _9_], tr: L7[]
[16:08:22.754231]	Exploring 0: L0[], 1: L0[], Ebi: L2[L7[], L0[]], Eib: L2[L7[], L0[]], Eii: L2[L0[], L7[]], put: L2[V2, V3] -> V0 -> V1 -> L2[_8_, _9_], tr: L7[]
[16:08:22.754356]	Exploring 0: L0[], 1: L0[], Ebi: L2[L7[], L0[]], Eib: L2[L7[], L0[]], Eii: L2[L0[], L7[]], put: L2[V2, V3] -> V0 -> V1 -> L2[L0[], _9_], tr: L7[]
[16:08:22.754470]	Exploring 0: L0[], 1: L0[], Ebi: L2[L7[], L0[]], Eib: L2[L7[], L0[]], Eii: L2[L0[], L7[]], put: L2[V2, V3] -> V0 -> V1 -> L2[L0[], L0[]], tr: L7[]
[16:08:22.754678]	Exploring 0: L0[], 1: L0[], Ebi: L2[L7[], L0[]], Eib: L2[L7[], L0[]], Eii: L2[L0[], L7[]], put: L2[V2, V3] -> V0 -> V1 -> L2[L0[], L7[]], tr: L7[]
[16:08:22.754910]	Exploring 0: L0[], 1: L0[], Ebi: L2[L7[], L0[]], Eib: L2[L7[], L0[]], Eii: L2[L0[], L7[]], put: L2[V2, V3] -> V0 -> V1 -> L2[L0[], V0], tr: L7[]
[16:08:22.755158]	Exploring 0: L0[], 1: L0[], Ebi: L2[L7[], L0[]], Eib: L2[L7[], L0[]], Eii: L2[L0[], L7[]], put: L2[V2, V3] -> V0 -> V1 -> L2[L0[], V1], tr: L7[]
[16:08:22.755392]	Exploring 0: L0[], 1: L0[], Ebi: L2[L7[], L0[]], Eib: L2[L7[], L0[]], Eii: L2[L0[], L7[]], put: L2[V2, V3] -> V0 -> V1 -> L2[L0[], V2], tr: L7[]
[16:08:22.755623]	Exploring 0: L0[], 1: L0[], Ebi: L2[L7[], L0[]], Eib: L2[L7[], L0[]], Eii: L2[L0[], L7[]], put: L2[V2, V3] -> V0 -> V1 -> L2[L0[], V3], tr: L7[]
[16:08:22.755841]	Exploring 0: L0[], 1: L0[], Ebi: L2[L7[], L0[]], Eib: L2[L7[], L0[]], Eii: L2[L0[], L7[]], put: L2[V2, V3] -> V0 -> V1 -> L2[L7[], _9_], tr: L7[]
[16:08:22.755978]	Exploring 0: L0[], 1: L0[], Ebi: L2[L7[], L0[]], Eib: L2[L7[], L0[]], Eii: L2[L0[], L7[]], put: L2[V2, V3] -> V0 -> V1 -> L2[L7[], L0[]], tr: L7[]
[16:08:22.756182]	Exploring 0: L0[], 1: L0[], Ebi: L2[L7[], L0[]], Eib: L2[L7[], L0[]], Eii: L2[L0[], L7[]], put: L2[V2, V3] -> V0 -> V1 -> L2[L7[], L7[]], tr: L7[]
[16:08:22.756407]	Exploring 0: L0[], 1: L0[], Ebi: L2[L7[], L0[]], Eib: L2[L7[], L0[]], Eii: L2[L0[], L7[]], put: L2[V2, V3] -> V0 -> V1 -> L2[L7[], V0], tr: L7[]
[16:08:22.756655]	Exploring 0: L0[], 1: L0[], Ebi: L2[L7[], L0[]], Eib: L2[L7[], L0[]], Eii: L2[L0[], L7[]], put: L2[V2, V3] -> V0 -> V1 -> L2[L7[], V1], tr: L7[]
[16:08:22.756887]	Exploring 0: L0[], 1: L0[], Ebi: L2[L7[], L0[]], Eib: L2[L7[], L0[]], Eii: L2[L0[], L7[]], put: L2[V2, V3] -> V0 -> V1 -> L2[L7[], V2], tr: L7[]
[16:08:22.757114]	Exploring 0: L0[], 1: L0[], Ebi: L2[L7[], L0[]], Eib: L2[L7[], L0[]], Eii: L2[L0[], L7[]], put: L2[V2, V3] -> V0 -> V1 -> L2[L7[], V3], tr: L7[]
[16:08:22.757347]	Exploring 0: L0[], 1: L0[], Ebi: L2[L7[], L0[]], Eib: L2[L7[], L0[]], Eii: L2[L0[], L7[]], put: L2[V2, V3] -> V0 -> V1 -> L2[V0, _9_], tr: L7[]
[16:08:22.757482]	Exploring 0: L0[], 1: L0[], Ebi: L2[L7[], L0[]], Eib: L2[L7[], L0[]], Eii: L2[L0[], L7[]], put: L2[V2, V3] -> V0 -> V1 -> L2[V0, L0[]], tr: L7[]
[16:08:22.757723]	Exploring 0: L0[], 1: L0[], Ebi: L2[L7[], L0[]], Eib: L2[L7[], L0[]], Eii: L2[L0[], L7[]], put: L2[V2, V3] -> V0 -> V1 -> L2[V0, L7[]], tr: L7[]
[16:08:22.757962]	Exploring 0: L0[], 1: L0[], Ebi: L2[L7[], L0[]], Eib: L2[L7[], L0[]], Eii: L2[L0[], L7[]], put: L2[V2, V3] -> V0 -> V1 -> L2[V0, V0], tr: L7[]
[16:08:22.758199]	Exploring 0: L0[], 1: L0[], Ebi: L2[L7[], L0[]], Eib: L2[L7[], L0[]], Eii: L2[L0[], L7[]], put: L2[V2, V3] -> V0 -> V1 -> L2[V0, V1], tr: L7[]
[16:08:22.758450]	Exploring 0: L0[], 1: L0[], Ebi: L2[L7[], L0[]], Eib: L2[L7[], L0[]], Eii: L2[L0[], L7[]], put: L2[V2, V3] -> V0 -> V1 -> L2[V0, V2], tr: L7[]
[16:08:22.758684]	Exploring 0: L0[], 1: L0[], Ebi: L2[L7[], L0[]], Eib: L2[L7[], L0[]], Eii: L2[L0[], L7[]], put: L2[V2, V3] -> V0 -> V1 -> L2[V0, V3], tr: L7[]
[16:08:22.758920]	Exploring 0: L0[], 1: L0[], Ebi: L2[L7[], L0[]], Eib: L2[L7[], L0[]], Eii: L2[L0[], L7[]], put: L2[V2, V3] -> V0 -> V1 -> L2[V1, _9_], tr: L7[]
[16:08:22.759055]	Exploring 0: L0[], 1: L0[], Ebi: L2[L7[], L0[]], Eib: L2[L7[], L0[]], Eii: L2[L0[], L7[]], put: L2[V2, V3] -> V0 -> V1 -> L2[V1, L0[]], tr: L7[]
[16:08:22.759302]	Exploring 0: L0[], 1: L0[], Ebi: L2[L7[], L0[]], Eib: L2[L7[], L0[]], Eii: L2[L0[], L7[]], put: L2[V2, V3] -> V0 -> V1 -> L2[V1, L7[]], tr: L7[]
[16:08:22.759561]	Exploring 0: L0[], 1: L0[], Ebi: L2[L7[], L0[]], Eib: L2[L7[], L0[]], Eii: L2[L0[], L7[]], put: L2[V2, V3] -> V0 -> V1 -> L2[V1, V0], tr: L7[]
[16:08:22.759812]	Exploring 0: L0[], 1: L0[], Ebi: L2[L7[], L0[]], Eib: L2[L7[], L0[]], Eii: L2[L0[], L7[]], put: L2[V2, V3] -> V0 -> V1 -> L2[V1, V1], tr: L7[]
[16:08:22.760050]	Exploring 0: L0[], 1: L0[], Ebi: L2[L7[], L0[]], Eib: L2[L7[], L0[]], Eii: L2[L0[], L7[]], put: L2[V2, V3] -> V0 -> V1 -> L2[V1, V2], tr: L7[]
[16:08:22.760287]	Exploring 0: L0[], 1: L0[], Ebi: L2[L7[], L0[]], Eib: L2[L7[], L0[]], Eii: L2[L0[], L7[]], put: L2[V2, V3] -> V0 -> V1 -> L2[V1, V3], tr: L7[]
[16:08:22.760512]	Exploring 0: L0[], 1: L0[], Ebi: L2[L7[], L0[]], Eib: L2[L7[], L0[]], Eii: L2[L0[], L7[]], put: L2[V2, V3] -> V0 -> V1 -> L2[V2, _9_], tr: L7[]
[16:08:22.760634]	Exploring 0: L0[], 1: L0[], Ebi: L2[L7[], L0[]], Eib: L2[L7[], L0[]], Eii: L2[L0[], L7[]], put: L2[V2, V3] -> V0 -> V1 -> L2[V2, L0[]], tr: L7[]
[16:08:22.760850]	Exploring 0: L0[], 1: L0[], Ebi: L2[L7[], L0[]], Eib: L2[L7[], L0[]], Eii: L2[L0[], L7[]], put: L2[V2, V3] -> V0 -> V1 -> L2[V2, L7[]], tr: L7[]
[16:08:22.761077]	Exploring 0: L0[], 1: L0[], Ebi: L2[L7[], L0[]], Eib: L2[L7[], L0[]], Eii: L2[L0[], L7[]], put: L2[V2, V3] -> V0 -> V1 -> L2[V2, V0], tr: L7[]
[16:08:22.761323]	Exploring 0: L0[], 1: L0[], Ebi: L2[L7[], L0[]], Eib: L2[L7[], L0[]], Eii: L2[L0[], L7[]], put: L2[V2, V3] -> V0 -> V1 -> L2[V2, V1], tr: L7[]
[16:08:22.761548]	Exploring 0: L0[], 1: L0[], Ebi: L2[L7[], L0[]], Eib: L2[L7[], L0[]], Eii: L2[L0[], L7[]], put: L2[V2, V3] -> V0 -> V1 -> L2[V2, V2], tr: L7[]
[16:08:22.761762]	Exploring 0: L0[], 1: L0[], Ebi: L2[L7[], L0[]], Eib: L2[L7[], L0[]], Eii: L2[L0[], L7[]], put: L2[V2, V3] -> V0 -> V1 -> L2[V2, V3], tr: L7[]
[16:08:22.761983]	Exploring 0: L0[], 1: L0[], Ebi: L2[L7[], L0[]], Eib: L2[L7[], L0[]], Eii: L2[L0[], L7[]], put: L2[V2, V3] -> V0 -> V1 -> L2[V3, _9_], tr: L7[]
[16:08:22.762120]	Exploring 0: L0[], 1: L0[], Ebi: L2[L7[], L0[]], Eib: L2[L7[], L0[]], Eii: L2[L0[], L7[]], put: L2[V2, V3] -> V0 -> V1 -> L2[V3, L0[]], tr: L7[]
[16:08:22.762347]	Exploring 0: L0[], 1: L0[], Ebi: L2[L7[], L0[]], Eib: L2[L7[], L0[]], Eii: L2[L0[], L7[]], put: L2[V2, V3] -> V0 -> V1 -> L2[V3, L7[]], tr: L7[]
[16:08:22.762579]	Exploring 0: L0[], 1: L0[], Ebi: L2[L7[], L0[]], Eib: L2[L7[], L0[]], Eii: L2[L0[], L7[]], put: L2[V2, V3] -> V0 -> V1 -> L2[V3, V0], tr: L7[]
[16:08:22.762815]	Exploring 0: L0[], 1: L0[], Ebi: L2[L7[], L0[]], Eib: L2[L7[], L0[]], Eii: L2[L0[], L7[]], put: L2[V2, V3] -> V0 -> V1 -> L2[V3, V1], tr: L7[]
[16:08:22.763049]	Exploring 0: L0[], 1: L0[], Ebi: L2[L7[], L0[]], Eib: L2[L7[], L0[]], Eii: L2[L0[], L7[]], put: L2[V2, V3] -> V0 -> V1 -> L2[V3, V2], tr: L7[]
[16:08:22.763285]	Exploring 0: L0[], 1: L0[], Ebi: L2[L7[], L0[]], Eib: L2[L7[], L0[]], Eii: L2[L0[], L7[]], put: L2[V2, V3] -> V0 -> V1 -> L2[V3, V3], tr: L7[]
[16:08:22.763513]	Exploring 0: L0[], 1: L0[], Ebi: L2[L7[], L0[]], Eib: L2[L7[], L0[]], Eii: L2[L7[], _5_], put: L2[_6_, _7_] -> V0 -> V1 -> L2[_8_, _9_], tr: L7[]
[16:08:22.763605]	Exploring 0: L0[], 1: L0[], Ebi: L2[L7[], L0[]], Eib: L2[L7[], L0[]], Eii: L2[L7[], L0[]], put: L2[_6_, _7_] -> V0 -> V1 -> L2[_8_, _9_], tr: L7[]
[16:08:22.763743]	Exploring 0: L0[], 1: L0[], Ebi: L2[L7[], L0[]], Eib: L2[L7[], L0[]], Eii: L2[L7[], L0[]], put: L2[L7[], _7_] -> V0 -> V1 -> L2[_8_, _9_], tr: L7[]
[16:08:22.763884]	Exploring 0: L0[], 1: L0[], Ebi: L2[L7[], L0[]], Eib: L2[L7[], L0[]], Eii: L2[L7[], L0[]], put: L2[L7[], L0[]] -> V0 -> V1 -> L2[_8_, _9_], tr: L7[]
[16:08:22.764018]	Exploring 0: L0[], 1: L0[], Ebi: L2[L7[], L0[]], Eib: L2[L7[], L0[]], Eii: L2[L7[], L0[]], put: L2[L7[], L0[]] -> V0 -> V1 -> L2[L7[], _9_], tr: L7[]
[16:08:22.764166]	Exploring 0: L0[], 1: L0[], Ebi: L2[L7[], L0[]], Eib: L2[L7[], L0[]], Eii: L2[L7[], L0[]], put: L2[L7[], L0[]] -> V0 -> V1 -> L2[L7[], L0[]], tr: L7[]
[16:08:22.764511]	Exploring 0: L0[], 1: L0[], Ebi: L2[L7[], L0[]], Eib: L2[L7[], L0[]], Eii: L2[L7[], L0[]], put: L2[L7[], V2] -> V0 -> V1 -> L2[_8_, _9_], tr: L7[]
[16:08:22.764626]	Exploring 0: L0[], 1: L0[], Ebi: L2[L7[], L0[]], Eib: L2[L7[], L0[]], Eii: L2[L7[], L0[]], put: L2[L7[], V2] -> V0 -> V1 -> L2[L7[], _9_], tr: L7[]
[16:08:22.764750]	Exploring 0: L0[], 1: L0[], Ebi: L2[L7[], L0[]], Eib: L2[L7[], L0[]], Eii: L2[L7[], L0[]], put: L2[L7[], V2] -> V0 -> V1 -> L2[L7[], L0[]], tr: L7[]
[16:08:22.764940]	Exploring 0: L0[], 1: L0[], Ebi: L2[L7[], L0[]], Eib: L2[L7[], L0[]], Eii: L2[L7[], L0[]], put: L2[L7[], V2] -> V0 -> V1 -> L2[L7[], L7[]], tr: L7[]
[16:08:22.765137]	Exploring 0: L0[], 1: L0[], Ebi: L2[L7[], L0[]], Eib: L2[L7[], L0[]], Eii: L2[L7[], L0[]], put: L2[L7[], V2] -> V0 -> V1 -> L2[L7[], V0], tr: L7[]
[16:08:22.765422]	Exploring 0: L0[], 1: L0[], Ebi: L2[L7[], L0[]], Eib: L2[L7[], L0[]], Eii: L2[L7[], L0[]], put: L2[L7[], V2] -> V0 -> V1 -> L2[L7[], V1], tr: L7[]
[16:08:22.765638]	Exploring 0: L0[], 1: L0[], Ebi: L2[L7[], L0[]], Eib: L2[L7[], L0[]], Eii: L2[L7[], L0[]], put: L2[L7[], V2] -> V0 -> V1 -> L2[L7[], V2], tr: L7[]
[16:08:22.765903]	Exploring 0: L0[], 1: L0[], Ebi: L2[L7[], L0[]], Eib: L2[L7[], L0[]], Eii: L2[L7[], L0[]], put: L2[V2, _7_] -> V0 -> V1 -> L2[_8_, _9_], tr: L7[]
[16:08:22.766024]	Exploring 0: L0[], 1: L0[], Ebi: L2[L7[], L0[]], Eib: L2[L7[], L0[]], Eii: L2[L7[], L0[]], put: L2[V2, L0[]] -> V0 -> V1 -> L2[_8_, _9_], tr: L7[]
[16:08:22.766158]	Exploring 0: L0[], 1: L0[], Ebi: L2[L7[], L0[]], Eib: L2[L7[], L0[]], Eii: L2[L7[], L0[]], put: L2[V2, L0[]] -> V0 -> V1 -> L2[L0[], _9_], tr: L7[]
[16:08:22.766282]	Exploring 0: L0[], 1: L0[], Ebi: L2[L7[], L0[]], Eib: L2[L7[], L0[]], Eii: L2[L7[], L0[]], put: L2[V2, L0[]] -> V0 -> V1 -> L2[L0[], L0[]], tr: L7[]
[16:08:22.766525]	Exploring 0: L0[], 1: L0[], Ebi: L2[L7[], L0[]], Eib: L2[L7[], L0[]], Eii: L2[L7[], L0[]], put: L2[V2, L0[]] -> V0 -> V1 -> L2[L7[], _9_], tr: L7[]
[16:08:22.766662]	Exploring 0: L0[], 1: L0[], Ebi: L2[L7[], L0[]], Eib: L2[L7[], L0[]], Eii: L2[L7[], L0[]], put: L2[V2, L0[]] -> V0 -> V1 -> L2[L7[], L0[]], tr: L7[]
[16:08:22.766999]	Exploring 0: L0[], 1: L0[], Ebi: L2[L7[], L0[]], Eib: L2[L7[], L0[]], Eii: L2[L7[], L0[]], put: L2[V2, L0[]] -> V0 -> V1 -> L2[V0, _9_], tr: L7[]
[16:08:22.767135]	Exploring 0: L0[], 1: L0[], Ebi: L2[L7[], L0[]], Eib: L2[L7[], L0[]], Eii: L2[L7[], L0[]], put: L2[V2, L0[]] -> V0 -> V1 -> L2[V0, L0[]], tr: L7[]
[16:08:22.767398]	Exploring 0: L0[], 1: L0[], Ebi: L2[L7[], L0[]], Eib: L2[L7[], L0[]], Eii: L2[L7[], L0[]], put: L2[V2, L0[]] -> V0 -> V1 -> L2[V1, _9_], tr: L7[]
[16:08:22.767543]	Exploring 0: L0[], 1: L0[], Ebi: L2[L7[], L0[]], Eib: L2[L7[], L0[]], Eii: L2[L7[], L0[]], put: L2[V2, L0[]] -> V0 -> V1 -> L2[V1, L0[]], tr: L7[]
[16:08:22.767804]	Exploring 0: L0[], 1: L0[], Ebi: L2[L7[], L0[]], Eib: L2[L7[], L0[]], Eii: L2[L7[], L0[]], put: L2[V2, L0[]] -> V0 -> V1 -> L2[V2, _9_], tr: L7[]
[16:08:22.767929]	Exploring 0: L0[], 1: L0[], Ebi: L2[L7[], L0[]], Eib: L2[L7[], L0[]], Eii: L2[L7[], L0[]], put: L2[V2, L0[]] -> V0 -> V1 -> L2[V2, L0[]], tr: L7[]
[16:08:22.768220]	Exploring 0: L0[], 1: L0[], Ebi: L2[L7[], L0[]], Eib: L2[L7[], L0[]], Eii: L2[L7[], L0[]], put: L2[V2, V3] -> V0 -> V1 -> L2[_8_, _9_], tr: L7[]
[16:08:22.768344]	Exploring 0: L0[], 1: L0[], Ebi: L2[L7[], L0[]], Eib: L2[L7[], L0[]], Eii: L2[L7[], L0[]], put: L2[V2, V3] -> V0 -> V1 -> L2[L0[], _9_], tr: L7[]
[16:08:22.768475]	Exploring 0: L0[], 1: L0[], Ebi: L2[L7[], L0[]], Eib: L2[L7[], L0[]], Eii: L2[L7[], L0[]], put: L2[V2, V3] -> V0 -> V1 -> L2[L0[], L0[]], tr: L7[]
[16:08:22.768689]	Exploring 0: L0[], 1: L0[], Ebi: L2[L7[], L0[]], Eib: L2[L7[], L0[]], Eii: L2[L7[], L0[]], put: L2[V2, V3] -> V0 -> V1 -> L2[L0[], L7[]], tr: L7[]
[16:08:22.768924]	Exploring 0: L0[], 1: L0[], Ebi: L2[L7[], L0[]], Eib: L2[L7[], L0[]], Eii: L2[L7[], L0[]], put: L2[V2, V3] -> V0 -> V1 -> L2[L0[], V0], tr: L7[]
[16:08:22.769200]	Exploring 0: L0[], 1: L0[], Ebi: L2[L7[], L0[]], Eib: L2[L7[], L0[]], Eii: L2[L7[], L0[]], put: L2[V2, V3] -> V0 -> V1 -> L2[L0[], V1], tr: L7[]
[16:08:22.769525]	Exploring 0: L0[], 1: L0[], Ebi: L2[L7[], L0[]], Eib: L2[L7[], L0[]], Eii: L2[L7[], L0[]], put: L2[V2, V3] -> V0 -> V1 -> L2[L0[], V2], tr: L7[]
[16:08:22.769755]	Exploring 0: L0[], 1: L0[], Ebi: L2[L7[], L0[]], Eib: L2[L7[], L0[]], Eii: L2[L7[], L0[]], put: L2[V2, V3] -> V0 -> V1 -> L2[L0[], V3], tr: L7[]
[16:08:22.769987]	Exploring 0: L0[], 1: L0[], Ebi: L2[L7[], L0[]], Eib: L2[L7[], L0[]], Eii: L2[L7[], L0[]], put: L2[V2, V3] -> V0 -> V1 -> L2[L7[], _9_], tr: L7[]
[16:08:22.770112]	Exploring 0: L0[], 1: L0[], Ebi: L2[L7[], L0[]], Eib: L2[L7[], L0[]], Eii: L2[L7[], L0[]], put: L2[V2, V3] -> V0 -> V1 -> L2[L7[], L0[]], tr: L7[]
[16:08:22.770325]	Exploring 0: L0[], 1: L0[], Ebi: L2[L7[], L0[]], Eib: L2[L7[], L0[]], Eii: L2[L7[], L0[]], put: L2[V2, V3] -> V0 -> V1 -> L2[L7[], L7[]], tr: L7[]
[16:08:22.770552]	Exploring 0: L0[], 1: L0[], Ebi: L2[L7[], L0[]], Eib: L2[L7[], L0[]], Eii: L2[L7[], L0[]], put: L2[V2, V3] -> V0 -> V1 -> L2[L7[], V0], tr: L7[]
[16:08:22.770803]	Exploring 0: L0[], 1: L0[], Ebi: L2[L7[], L0[]], Eib: L2[L7[], L0[]], Eii: L2[L7[], L0[]], put: L2[V2, V3] -> V0 -> V1 -> L2[L7[], V1], tr: L7[]
[16:08:22.771038]	Exploring 0: L0[], 1: L0[], Ebi: L2[L7[], L0[]], Eib: L2[L7[], L0[]], Eii: L2[L7[], L0[]], put: L2[V2, V3] -> V0 -> V1 -> L2[L7[], V2], tr: L7[]
[16:08:22.771273]	Exploring 0: L0[], 1: L0[], Ebi: L2[L7[], L0[]], Eib: L2[L7[], L0[]], Eii: L2[L7[], L0[]], put: L2[V2, V3] -> V0 -> V1 -> L2[L7[], V3], tr: L7[]
[16:08:22.771546]	Exploring 0: L0[], 1: L0[], Ebi: L2[L7[], L0[]], Eib: L2[L7[], L0[]], Eii: L2[L7[], L0[]], put: L2[V2, V3] -> V0 -> V1 -> L2[V0, _9_], tr: L7[]
[16:08:22.771690]	Exploring 0: L0[], 1: L0[], Ebi: L2[L7[], L0[]], Eib: L2[L7[], L0[]], Eii: L2[L7[], L0[]], put: L2[V2, V3] -> V0 -> V1 -> L2[V0, L0[]], tr: L7[]
[16:08:22.771936]	Exploring 0: L0[], 1: L0[], Ebi: L2[L7[], L0[]], Eib: L2[L7[], L0[]], Eii: L2[L7[], L0[]], put: L2[V2, V3] -> V0 -> V1 -> L2[V0, L7[]], tr: L7[]
[16:08:22.772181]	Exploring 0: L0[], 1: L0[], Ebi: L2[L7[], L0[]], Eib: L2[L7[], L0[]], Eii: L2[L7[], L0[]], put: L2[V2, V3] -> V0 -> V1 -> L2[V0, V0], tr: L7[]
[16:08:22.772423]	Exploring 0: L0[], 1: L0[], Ebi: L2[L7[], L0[]], Eib: L2[L7[], L0[]], Eii: L2[L7[], L0[]], put: L2[V2, V3] -> V0 -> V1 -> L2[V0, V1], tr: L7[]
[16:08:22.772665]	Exploring 0: L0[], 1: L0[], Ebi: L2[L7[], L0[]], Eib: L2[L7[], L0[]], Eii: L2[L7[], L0[]], put: L2[V2, V3] -> V0 -> V1 -> L2[V0, V2], tr: L7[]
[16:08:22.772993]	Exploring 0: L0[], 1: L0[], Ebi: L2[L7[], L0[]], Eib: L2[L7[], L0[]], Eii: L2[L7[], L0[]], put: L2[V2, V3] -> V0 -> V1 -> L2[V0, V3], tr: L7[]
[16:08:22.773236]	Exploring 0: L0[], 1: L0[], Ebi: L2[L7[], L0[]], Eib: L2[L7[], L0[]], Eii: L2[L7[], L0[]], put: L2[V2, V3] -> V0 -> V1 -> L2[V1, _9_], tr: L7[]
[16:08:22.773381]	Exploring 0: L0[], 1: L0[], Ebi: L2[L7[], L0[]], Eib: L2[L7[], L0[]], Eii: L2[L7[], L0[]], put: L2[V2, V3] -> V0 -> V1 -> L2[V1, L0[]], tr: L7[]
[16:08:22.773628]	Exploring 0: L0[], 1: L0[], Ebi: L2[L7[], L0[]], Eib: L2[L7[], L0[]], Eii: L2[L7[], L0[]], put: L2[V2, V3] -> V0 -> V1 -> L2[V1, L7[]], tr: L7[]
[16:08:22.773878]	Exploring 0: L0[], 1: L0[], Ebi: L2[L7[], L0[]], Eib: L2[L7[], L0[]], Eii: L2[L7[], L0[]], put: L2[V2, V3] -> V0 -> V1 -> L2[V1, V0], tr: L7[]
[16:08:22.774119]	Exploring 0: L0[], 1: L0[], Ebi: L2[L7[], L0[]], Eib: L2[L7[], L0[]], Eii: L2[L7[], L0[]], put: L2[V2, V3] -> V0 -> V1 -> L2[V1, V1], tr: L7[]
[16:08:22.774361]	Exploring 0: L0[], 1: L0[], Ebi: L2[L7[], L0[]], Eib: L2[L7[], L0[]], Eii: L2[L7[], L0[]], put: L2[V2, V3] -> V0 -> V1 -> L2[V1, V2], tr: L7[]
[16:08:22.774612]	Exploring 0: L0[], 1: L0[], Ebi: L2[L7[], L0[]], Eib: L2[L7[], L0[]], Eii: L2[L7[], L0[]], put: L2[V2, V3] -> V0 -> V1 -> L2[V1, V3], tr: L7[]
[16:08:22.774837]	Exploring 0: L0[], 1: L0[], Ebi: L2[L7[], L0[]], Eib: L2[L7[], L0[]], Eii: L2[L7[], L0[]], put: L2[V2, V3] -> V0 -> V1 -> L2[V2, _9_], tr: L7[]
[16:08:22.775001]	Exploring 0: L0[], 1: L0[], Ebi: L2[L7[], L0[]], Eib: L2[L7[], L0[]], Eii: L2[L7[], L0[]], put: L2[V2, V3] -> V0 -> V1 -> L2[V2, L0[]], tr: L7[]
[16:08:22.775224]	Exploring 0: L0[], 1: L0[], Ebi: L2[L7[], L0[]], Eib: L2[L7[], L0[]], Eii: L2[L7[], L0[]], put: L2[V2, V3] -> V0 -> V1 -> L2[V2, L7[]], tr: L7[]
[16:08:22.775470]	Exploring 0: L0[], 1: L0[], Ebi: L2[L7[], L0[]], Eib: L2[L7[], L0[]], Eii: L2[L7[], L0[]], put: L2[V2, V3] -> V0 -> V1 -> L2[V2, V0], tr: L7[]
[16:08:22.775728]	Exploring 0: L0[], 1: L0[], Ebi: L2[L7[], L0[]], Eib: L2[L7[], L0[]], Eii: L2[L7[], L0[]], put: L2[V2, V3] -> V0 -> V1 -> L2[V2, V1], tr: L7[]
[16:08:22.775960]	Exploring 0: L0[], 1: L0[], Ebi: L2[L7[], L0[]], Eib: L2[L7[], L0[]], Eii: L2[L7[], L0[]], put: L2[V2, V3] -> V0 -> V1 -> L2[V2, V2], tr: L7[]
[16:08:22.776177]	Exploring 0: L0[], 1: L0[], Ebi: L2[L7[], L0[]], Eib: L2[L7[], L0[]], Eii: L2[L7[], L0[]], put: L2[V2, V3] -> V0 -> V1 -> L2[V2, V3], tr: L7[]
[16:08:22.776408]	Exploring 0: L0[], 1: L0[], Ebi: L2[L7[], L0[]], Eib: L2[L7[], L0[]], Eii: L2[L7[], L0[]], put: L2[V2, V3] -> V0 -> V1 -> L2[V3, _9_], tr: L7[]
[16:08:22.776545]	Exploring 0: L0[], 1: L0[], Ebi: L2[L7[], L0[]], Eib: L2[L7[], L0[]], Eii: L2[L7[], L0[]], put: L2[V2, V3] -> V0 -> V1 -> L2[V3, L0[]], tr: L7[]
[16:08:22.776777]	Exploring 0: L0[], 1: L0[], Ebi: L2[L7[], L0[]], Eib: L2[L7[], L0[]], Eii: L2[L7[], L0[]], put: L2[V2, V3] -> V0 -> V1 -> L2[V3, L7[]], tr: L7[]
[16:08:22.777013]	Exploring 0: L0[], 1: L0[], Ebi: L2[L7[], L0[]], Eib: L2[L7[], L0[]], Eii: L2[L7[], L0[]], put: L2[V2, V3] -> V0 -> V1 -> L2[V3, V0], tr: L7[]
[16:08:22.777262]	Exploring 0: L0[], 1: L0[], Ebi: L2[L7[], L0[]], Eib: L2[L7[], L0[]], Eii: L2[L7[], L0[]], put: L2[V2, V3] -> V0 -> V1 -> L2[V3, V1], tr: L7[]
[16:08:22.777498]	Exploring 0: L0[], 1: L0[], Ebi: L2[L7[], L0[]], Eib: L2[L7[], L0[]], Eii: L2[L7[], L0[]], put: L2[V2, V3] -> V0 -> V1 -> L2[V3, V2], tr: L7[]
[16:08:22.777722]	Exploring 0: L0[], 1: L0[], Ebi: L2[L7[], L0[]], Eib: L2[L7[], L0[]], Eii: L2[L7[], L0[]], put: L2[V2, V3] -> V0 -> V1 -> L2[V3, V3], tr: L7[]
[16:08:22.777905]	Exploring 0: L0[], 1: L0[], Ebi: L2[L7[], L0[]], Eib: L2[L7[], L0[]], Eii: L2[L7[], L7[]], put: L2[_6_, _7_] -> V0 -> V1 -> L2[_8_, _9_], tr: L7[]
[16:08:22.778011]	Exploring 0: L0[], 1: L0[], Ebi: L2[L7[], L0[]], Eib: L2[L7[], L0[]], Eii: L2[L7[], L7[]], put: L2[L7[], _7_] -> V0 -> V1 -> L2[_8_, _9_], tr: L7[]
[16:08:22.778159]	Exploring 0: L0[], 1: L0[], Ebi: L2[L7[], L0[]], Eib: L2[L7[], L0[]], Eii: L2[L7[], L7[]], put: L2[L7[], V2] -> V0 -> V1 -> L2[_8_, _9_], tr: L7[]
[16:08:22.778269]	Exploring 0: L0[], 1: L0[], Ebi: L2[L7[], L0[]], Eib: L2[L7[], L0[]], Eii: L2[L7[], L7[]], put: L2[L7[], V2] -> V0 -> V1 -> L2[L7[], _9_], tr: L7[]
[16:08:22.778378]	Exploring 0: L0[], 1: L0[], Ebi: L2[L7[], L0[]], Eib: L2[L7[], L0[]], Eii: L2[L7[], L7[]], put: L2[L7[], V2] -> V0 -> V1 -> L2[L7[], L0[]], tr: L7[]
[16:08:22.778560]	Exploring 0: L0[], 1: L0[], Ebi: L2[L7[], L0[]], Eib: L2[L7[], L0[]], Eii: L2[L7[], L7[]], put: L2[L7[], V2] -> V0 -> V1 -> L2[L7[], L7[]], tr: L7[]
[16:08:22.778811]	Exploring 0: L0[], 1: L0[], Ebi: L2[L7[], L0[]], Eib: L2[L7[], L0[]], Eii: L2[L7[], L7[]], put: L2[L7[], V2] -> V0 -> V1 -> L2[L7[], V0], tr: L7[]
[16:08:22.779087]	Exploring 0: L0[], 1: L0[], Ebi: L2[L7[], L0[]], Eib: L2[L7[], L0[]], Eii: L2[L7[], L7[]], put: L2[L7[], V2] -> V0 -> V1 -> L2[L7[], V1], tr: L7[]
[16:08:22.779376]	Exploring 0: L0[], 1: L0[], Ebi: L2[L7[], L0[]], Eib: L2[L7[], L0[]], Eii: L2[L7[], L7[]], put: L2[L7[], V2] -> V0 -> V1 -> L2[L7[], V2], tr: L7[]
[16:08:22.779653]	Exploring 0: L0[], 1: L0[], Ebi: L2[L7[], L0[]], Eib: L2[L7[], L0[]], Eii: L2[L7[], L7[]], put: L2[V2, _7_] -> V0 -> V1 -> L2[_8_, _9_], tr: L7[]
[16:08:22.779822]	Exploring 0: L0[], 1: L0[], Ebi: L2[L7[], L0[]], Eib: L2[L7[], L0[]], Eii: L2[L7[], L7[]], put: L2[V2, V3] -> V0 -> V1 -> L2[_8_, _9_], tr: L7[]
[16:08:22.779955]	Exploring 0: L0[], 1: L0[], Ebi: L2[L7[], L0[]], Eib: L2[L7[], L0[]], Eii: L2[L7[], L7[]], put: L2[V2, V3] -> V0 -> V1 -> L2[L0[], _9_], tr: L7[]
[16:08:22.780085]	Exploring 0: L0[], 1: L0[], Ebi: L2[L7[], L0[]], Eib: L2[L7[], L0[]], Eii: L2[L7[], L7[]], put: L2[V2, V3] -> V0 -> V1 -> L2[L0[], L0[]], tr: L7[]
[16:08:22.780317]	Exploring 0: L0[], 1: L0[], Ebi: L2[L7[], L0[]], Eib: L2[L7[], L0[]], Eii: L2[L7[], L7[]], put: L2[V2, V3] -> V0 -> V1 -> L2[L0[], L7[]], tr: L7[]
[16:08:22.780633]	Exploring 0: L0[], 1: L0[], Ebi: L2[L7[], L0[]], Eib: L2[L7[], L0[]], Eii: L2[L7[], L7[]], put: L2[V2, V3] -> V0 -> V1 -> L2[L0[], V0], tr: L7[]
[16:08:22.780913]	Exploring 0: L0[], 1: L0[], Ebi: L2[L7[], L0[]], Eib: L2[L7[], L0[]], Eii: L2[L7[], L7[]], put: L2[V2, V3] -> V0 -> V1 -> L2[L0[], V1], tr: L7[]
[16:08:22.781158]	Exploring 0: L0[], 1: L0[], Ebi: L2[L7[], L0[]], Eib: L2[L7[], L0[]], Eii: L2[L7[], L7[]], put: L2[V2, V3] -> V0 -> V1 -> L2[L0[], V2], tr: L7[]
[16:08:22.781392]	Exploring 0: L0[], 1: L0[], Ebi: L2[L7[], L0[]], Eib: L2[L7[], L0[]], Eii: L2[L7[], L7[]], put: L2[V2, V3] -> V0 -> V1 -> L2[L0[], V3], tr: L7[]
[16:08:22.781704]	Exploring 0: L0[], 1: L0[], Ebi: L2[L7[], L0[]], Eib: L2[L7[], L0[]], Eii: L2[L7[], L7[]], put: L2[V2, V3] -> V0 -> V1 -> L2[L7[], _9_], tr: L7[]
[16:08:22.781841]	Exploring 0: L0[], 1: L0[], Ebi: L2[L7[], L0[]], Eib: L2[L7[], L0[]], Eii: L2[L7[], L7[]], put: L2[V2, V3] -> V0 -> V1 -> L2[L7[], L0[]], tr: L7[]
[16:08:22.782133]	Exploring 0: L0[], 1: L0[], Ebi: L2[L7[], L0[]], Eib: L2[L7[], L0[]], Eii: L2[L7[], L7[]], put: L2[V2, V3] -> V0 -> V1 -> L2[L7[], L7[]], tr: L7[]
[16:08:22.782451]	Exploring 0: L0[], 1: L0[], Ebi: L2[L7[], L0[]], Eib: L2[L7[], L0[]], Eii: L2[L7[], L7[]], put: L2[V2, V3] -> V0 -> V1 -> L2[L7[], V0], tr: L7[]
[16:08:22.782713]	Exploring 0: L0[], 1: L0[], Ebi: L2[L7[], L0[]], Eib: L2[L7[], L0[]], Eii: L2[L7[], L7[]], put: L2[V2, V3] -> V0 -> V1 -> L2[L7[], V1], tr: L7[]
[16:08:22.782962]	Exploring 0: L0[], 1: L0[], Ebi: L2[L7[], L0[]], Eib: L2[L7[], L0[]], Eii: L2[L7[], L7[]], put: L2[V2, V3] -> V0 -> V1 -> L2[L7[], V2], tr: L7[]
[16:08:22.783212]	Exploring 0: L0[], 1: L0[], Ebi: L2[L7[], L0[]], Eib: L2[L7[], L0[]], Eii: L2[L7[], L7[]], put: L2[V2, V3] -> V0 -> V1 -> L2[L7[], V3], tr: L7[]
[16:08:22.783522]	Exploring 0: L0[], 1: L0[], Ebi: L2[L7[], L0[]], Eib: L2[L7[], L0[]], Eii: L2[L7[], L7[]], put: L2[V2, V3] -> V0 -> V1 -> L2[V0, _9_], tr: L7[]
[16:08:22.783677]	Exploring 0: L0[], 1: L0[], Ebi: L2[L7[], L0[]], Eib: L2[L7[], L0[]], Eii: L2[L7[], L7[]], put: L2[V2, V3] -> V0 -> V1 -> L2[V0, L0[]], tr: L7[]
[16:08:22.783944]	Exploring 0: L0[], 1: L0[], Ebi: L2[L7[], L0[]], Eib: L2[L7[], L0[]], Eii: L2[L7[], L7[]], put: L2[V2, V3] -> V0 -> V1 -> L2[V0, L7[]], tr: L7[]
[16:08:22.784213]	Exploring 0: L0[], 1: L0[], Ebi: L2[L7[], L0[]], Eib: L2[L7[], L0[]], Eii: L2[L7[], L7[]], put: L2[V2, V3] -> V0 -> V1 -> L2[V0, V0], tr: L7[]
[16:08:22.784462]	Exploring 0: L0[], 1: L0[], Ebi: L2[L7[], L0[]], Eib: L2[L7[], L0[]], Eii: L2[L7[], L7[]], put: L2[V2, V3] -> V0 -> V1 -> L2[V0, V1], tr: L7[]
[16:08:22.784717]	Exploring 0: L0[], 1: L0[], Ebi: L2[L7[], L0[]], Eib: L2[L7[], L0[]], Eii: L2[L7[], L7[]], put: L2[V2, V3] -> V0 -> V1 -> L2[V0, V2], tr: L7[]
[16:08:22.784964]	Exploring 0: L0[], 1: L0[], Ebi: L2[L7[], L0[]], Eib: L2[L7[], L0[]], Eii: L2[L7[], L7[]], put: L2[V2, V3] -> V0 -> V1 -> L2[V0, V3], tr: L7[]
[16:08:22.785209]	Exploring 0: L0[], 1: L0[], Ebi: L2[L7[], L0[]], Eib: L2[L7[], L0[]], Eii: L2[L7[], L7[]], put: L2[V2, V3] -> V0 -> V1 -> L2[V1, _9_], tr: L7[]
[16:08:22.785358]	Exploring 0: L0[], 1: L0[], Ebi: L2[L7[], L0[]], Eib: L2[L7[], L0[]], Eii: L2[L7[], L7[]], put: L2[V2, V3] -> V0 -> V1 -> L2[V1, L0[]], tr: L7[]
[16:08:22.785617]	Exploring 0: L0[], 1: L0[], Ebi: L2[L7[], L0[]], Eib: L2[L7[], L0[]], Eii: L2[L7[], L7[]], put: L2[V2, V3] -> V0 -> V1 -> L2[V1, L7[]], tr: L7[]
[16:08:22.785869]	Exploring 0: L0[], 1: L0[], Ebi: L2[L7[], L0[]], Eib: L2[L7[], L0[]], Eii: L2[L7[], L7[]], put: L2[V2, V3] -> V0 -> V1 -> L2[V1, V0], tr: L7[]
[16:08:22.786119]	Exploring 0: L0[], 1: L0[], Ebi: L2[L7[], L0[]], Eib: L2[L7[], L0[]], Eii: L2[L7[], L7[]], put: L2[V2, V3] -> V0 -> V1 -> L2[V1, V1], tr: L7[]
[16:08:22.786373]	Exploring 0: L0[], 1: L0[], Ebi: L2[L7[], L0[]], Eib: L2[L7[], L0[]], Eii: L2[L7[], L7[]], put: L2[V2, V3] -> V0 -> V1 -> L2[V1, V2], tr: L7[]
[16:08:22.786625]	Exploring 0: L0[], 1: L0[], Ebi: L2[L7[], L0[]], Eib: L2[L7[], L0[]], Eii: L2[L7[], L7[]], put: L2[V2, V3] -> V0 -> V1 -> L2[V1, V3], tr: L7[]
[16:08:22.786858]	Exploring 0: L0[], 1: L0[], Ebi: L2[L7[], L0[]], Eib: L2[L7[], L0[]], Eii: L2[L7[], L7[]], put: L2[V2, V3] -> V0 -> V1 -> L2[V2, _9_], tr: L7[]
[16:08:22.786996]	Exploring 0: L0[], 1: L0[], Ebi: L2[L7[], L0[]], Eib: L2[L7[], L0[]], Eii: L2[L7[], L7[]], put: L2[V2, V3] -> V0 -> V1 -> L2[V2, L0[]], tr: L7[]
[16:08:22.787231]	Exploring 0: L0[], 1: L0[], Ebi: L2[L7[], L0[]], Eib: L2[L7[], L0[]], Eii: L2[L7[], L7[]], put: L2[V2, V3] -> V0 -> V1 -> L2[V2, L7[]], tr: L7[]
[16:08:22.787486]	Exploring 0: L0[], 1: L0[], Ebi: L2[L7[], L0[]], Eib: L2[L7[], L0[]], Eii: L2[L7[], L7[]], put: L2[V2, V3] -> V0 -> V1 -> L2[V2, V0], tr: L7[]
[16:08:22.787743]	Exploring 0: L0[], 1: L0[], Ebi: L2[L7[], L0[]], Eib: L2[L7[], L0[]], Eii: L2[L7[], L7[]], put: L2[V2, V3] -> V0 -> V1 -> L2[V2, V1], tr: L7[]
[16:08:22.787979]	Exploring 0: L0[], 1: L0[], Ebi: L2[L7[], L0[]], Eib: L2[L7[], L0[]], Eii: L2[L7[], L7[]], put: L2[V2, V3] -> V0 -> V1 -> L2[V2, V2], tr: L7[]
[16:08:22.788208]	Exploring 0: L0[], 1: L0[], Ebi: L2[L7[], L0[]], Eib: L2[L7[], L0[]], Eii: L2[L7[], L7[]], put: L2[V2, V3] -> V0 -> V1 -> L2[V2, V3], tr: L7[]
[16:08:22.788441]	Exploring 0: L0[], 1: L0[], Ebi: L2[L7[], L0[]], Eib: L2[L7[], L0[]], Eii: L2[L7[], L7[]], put: L2[V2, V3] -> V0 -> V1 -> L2[V3, _9_], tr: L7[]
[16:08:22.788583]	Exploring 0: L0[], 1: L0[], Ebi: L2[L7[], L0[]], Eib: L2[L7[], L0[]], Eii: L2[L7[], L7[]], put: L2[V2, V3] -> V0 -> V1 -> L2[V3, L0[]], tr: L7[]
[16:08:22.788820]	Exploring 0: L0[], 1: L0[], Ebi: L2[L7[], L0[]], Eib: L2[L7[], L0[]], Eii: L2[L7[], L7[]], put: L2[V2, V3] -> V0 -> V1 -> L2[V3, L7[]], tr: L7[]
[16:08:22.789067]	Exploring 0: L0[], 1: L0[], Ebi: L2[L7[], L0[]], Eib: L2[L7[], L0[]], Eii: L2[L7[], L7[]], put: L2[V2, V3] -> V0 -> V1 -> L2[V3, V0], tr: L7[]
[16:08:22.789317]	Exploring 0: L0[], 1: L0[], Ebi: L2[L7[], L0[]], Eib: L2[L7[], L0[]], Eii: L2[L7[], L7[]], put: L2[V2, V3] -> V0 -> V1 -> L2[V3, V1], tr: L7[]
[16:08:22.789559]	Exploring 0: L0[], 1: L0[], Ebi: L2[L7[], L0[]], Eib: L2[L7[], L0[]], Eii: L2[L7[], L7[]], put: L2[V2, V3] -> V0 -> V1 -> L2[V3, V2], tr: L7[]
[16:08:22.789789]	Exploring 0: L0[], 1: L0[], Ebi: L2[L7[], L0[]], Eib: L2[L7[], L0[]], Eii: L2[L7[], L7[]], put: L2[V2, V3] -> V0 -> V1 -> L2[V3, V3], tr: L7[]
[16:08:22.789986]	Exploring 0: L0[], 1: L0[], Ebi: L2[L7[], L0[]], Eib: L2[L7[], L7[]], Eii: L2[_4_, _5_], put: L2[_6_, _7_] -> V0 -> V1 -> L2[_8_, _9_], tr: L7[]
[16:08:22.790103]	Exploring 0: L0[], 1: L0[], Ebi: L2[L7[], L0[]], Eib: L2[L7[], L7[]], Eii: L2[L0[], _5_], put: L2[_6_, _7_] -> V0 -> V1 -> L2[_8_, _9_], tr: L7[]
[16:08:22.790189]	Exploring 0: L0[], 1: L0[], Ebi: L2[L7[], L0[]], Eib: L2[L7[], L7[]], Eii: L2[L0[], L0[]], put: L2[_6_, _7_] -> V0 -> V1 -> L2[_8_, _9_], tr: L7[]
[16:08:22.790329]	Exploring 0: L0[], 1: L0[], Ebi: L2[L7[], L0[]], Eib: L2[L7[], L7[]], Eii: L2[L0[], L0[]], put: L2[V2, _7_] -> V0 -> V1 -> L2[_8_, _9_], tr: L7[]
[16:08:22.790442]	Exploring 0: L0[], 1: L0[], Ebi: L2[L7[], L0[]], Eib: L2[L7[], L7[]], Eii: L2[L0[], L0[]], put: L2[V2, V1] -> V0 -> V1 -> L2[_8_, _9_], tr: L7[]
[16:08:22.790549]	Exploring 0: L0[], 1: L0[], Ebi: L2[L7[], L0[]], Eib: L2[L7[], L7[]], Eii: L2[L0[], L0[]], put: L2[V2, V1] -> V0 -> V1 -> L2[L0[], _9_], tr: L7[]
[16:08:22.790683]	Exploring 0: L0[], 1: L0[], Ebi: L2[L7[], L0[]], Eib: L2[L7[], L7[]], Eii: L2[L0[], L0[]], put: L2[V2, V1] -> V0 -> V1 -> L2[L0[], V1], tr: L7[]
[16:08:22.790929]	Exploring 0: L0[], 1: L0[], Ebi: L2[L7[], L0[]], Eib: L2[L7[], L7[]], Eii: L2[L0[], L0[]], put: L2[V2, V1] -> V0 -> V1 -> L2[L7[], _9_], tr: L7[]
[16:08:22.791064]	Exploring 0: L0[], 1: L0[], Ebi: L2[L7[], L0[]], Eib: L2[L7[], L7[]], Eii: L2[L0[], L0[]], put: L2[V2, V1] -> V0 -> V1 -> L2[L7[], V1], tr: L7[]
[16:08:22.791337]	Exploring 0: L0[], 1: L0[], Ebi: L2[L7[], L0[]], Eib: L2[L7[], L7[]], Eii: L2[L0[], L0[]], put: L2[V2, V1] -> V0 -> V1 -> L2[V0, _9_], tr: L7[]
[16:08:22.791482]	Exploring 0: L0[], 1: L0[], Ebi: L2[L7[], L0[]], Eib: L2[L7[], L7[]], Eii: L2[L0[], L0[]], put: L2[V2, V1] -> V0 -> V1 -> L2[V0, V1], tr: L7[]
[16:08:22.791734]	Exploring 0: L0[], 1: L0[], Ebi: L2[L7[], L0[]], Eib: L2[L7[], L7[]], Eii: L2[L0[], L0[]], put: L2[V2, V1] -> V0 -> V1 -> L2[V1, _9_], tr: L7[]
[16:08:22.791863]	Exploring 0: L0[], 1: L0[], Ebi: L2[L7[], L0[]], Eib: L2[L7[], L7[]], Eii: L2[L0[], L0[]], put: L2[V2, V1] -> V0 -> V1 -> L2[V1, V1], tr: L7[]
[16:08:22.792115]	Exploring 0: L0[], 1: L0[], Ebi: L2[L7[], L0[]], Eib: L2[L7[], L7[]], Eii: L2[L0[], L0[]], put: L2[V2, V1] -> V0 -> V1 -> L2[V2, _9_], tr: L7[]
[16:08:22.792244]	Exploring 0: L0[], 1: L0[], Ebi: L2[L7[], L0[]], Eib: L2[L7[], L7[]], Eii: L2[L0[], L0[]], put: L2[V2, V1] -> V0 -> V1 -> L2[V2, V1], tr: L7[]
[16:08:22.792500]	Exploring 0: L0[], 1: L0[], Ebi: L2[L7[], L0[]], Eib: L2[L7[], L7[]], Eii: L2[L0[], L0[]], put: L2[V2, V3] -> V0 -> V1 -> L2[_8_, _9_], tr: L7[]
[16:08:22.792608]	Exploring 0: L0[], 1: L0[], Ebi: L2[L7[], L0[]], Eib: L2[L7[], L7[]], Eii: L2[L0[], L0[]], put: L2[V2, V3] -> V0 -> V1 -> L2[L0[], _9_], tr: L7[]
[16:08:22.792717]	Exploring 0: L0[], 1: L0[], Ebi: L2[L7[], L0[]], Eib: L2[L7[], L7[]], Eii: L2[L0[], L0[]], put: L2[V2, V3] -> V0 -> V1 -> L2[L0[], L0[]], tr: L7[]
[16:08:22.792913]	Exploring 0: L0[], 1: L0[], Ebi: L2[L7[], L0[]], Eib: L2[L7[], L7[]], Eii: L2[L0[], L0[]], put: L2[V2, V3] -> V0 -> V1 -> L2[L0[], L7[]], tr: L7[]
[16:08:22.793129]	Exploring 0: L0[], 1: L0[], Ebi: L2[L7[], L0[]], Eib: L2[L7[], L7[]], Eii: L2[L0[], L0[]], put: L2[V2, V3] -> V0 -> V1 -> L2[L0[], V0], tr: L7[]
[16:08:22.793370]	Exploring 0: L0[], 1: L0[], Ebi: L2[L7[], L0[]], Eib: L2[L7[], L7[]], Eii: L2[L0[], L0[]], put: L2[V2, V3] -> V0 -> V1 -> L2[L0[], V1], tr: L7[]
[16:08:22.793595]	Exploring 0: L0[], 1: L0[], Ebi: L2[L7[], L0[]], Eib: L2[L7[], L7[]], Eii: L2[L0[], L0[]], put: L2[V2, V3] -> V0 -> V1 -> L2[L0[], V2], tr: L7[]
[16:08:22.793810]	Exploring 0: L0[], 1: L0[], Ebi: L2[L7[], L0[]], Eib: L2[L7[], L7[]], Eii: L2[L0[], L0[]], put: L2[V2, V3] -> V0 -> V1 -> L2[L0[], V3], tr: L7[]
[16:08:22.794018]	Exploring 0: L0[], 1: L0[], Ebi: L2[L7[], L0[]], Eib: L2[L7[], L7[]], Eii: L2[L0[], L0[]], put: L2[V2, V3] -> V0 -> V1 -> L2[L7[], _9_], tr: L7[]
[16:08:22.794130]	Exploring 0: L0[], 1: L0[], Ebi: L2[L7[], L0[]], Eib: L2[L7[], L7[]], Eii: L2[L0[], L0[]], put: L2[V2, V3] -> V0 -> V1 -> L2[L7[], L0[]], tr: L7[]
[16:08:22.794326]	Exploring 0: L0[], 1: L0[], Ebi: L2[L7[], L0[]], Eib: L2[L7[], L7[]], Eii: L2[L0[], L0[]], put: L2[V2, V3] -> V0 -> V1 -> L2[L7[], L7[]], tr: L7[]
[16:08:22.794542]	Exploring 0: L0[], 1: L0[], Ebi: L2[L7[], L0[]], Eib: L2[L7[], L7[]], Eii: L2[L0[], L0[]], put: L2[V2, V3] -> V0 -> V1 -> L2[L7[], V0], tr: L7[]
[16:08:22.794781]	Exploring 0: L0[], 1: L0[], Ebi: L2[L7[], L0[]], Eib: L2[L7[], L7[]], Eii: L2[L0[], L0[]], put: L2[V2, V3] -> V0 -> V1 -> L2[L7[], V1], tr: L7[]
[16:08:22.795009]	Exploring 0: L0[], 1: L0[], Ebi: L2[L7[], L0[]], Eib: L2[L7[], L7[]], Eii: L2[L0[], L0[]], put: L2[V2, V3] -> V0 -> V1 -> L2[L7[], V2], tr: L7[]
[16:08:22.795228]	Exploring 0: L0[], 1: L0[], Ebi: L2[L7[], L0[]], Eib: L2[L7[], L7[]], Eii: L2[L0[], L0[]], put: L2[V2, V3] -> V0 -> V1 -> L2[L7[], V3], tr: L7[]
[16:08:22.795467]	Exploring 0: L0[], 1: L0[], Ebi: L2[L7[], L0[]], Eib: L2[L7[], L7[]], Eii: L2[L0[], L0[]], put: L2[V2, V3] -> V0 -> V1 -> L2[V0, _9_], tr: L7[]
[16:08:22.795609]	Exploring 0: L0[], 1: L0[], Ebi: L2[L7[], L0[]], Eib: L2[L7[], L7[]], Eii: L2[L0[], L0[]], put: L2[V2, V3] -> V0 -> V1 -> L2[V0, L0[]], tr: L7[]
[16:08:22.795850]	Exploring 0: L0[], 1: L0[], Ebi: L2[L7[], L0[]], Eib: L2[L7[], L7[]], Eii: L2[L0[], L0[]], put: L2[V2, V3] -> V0 -> V1 -> L2[V0, L7[]], tr: L7[]
[16:08:22.796092]	Exploring 0: L0[], 1: L0[], Ebi: L2[L7[], L0[]], Eib: L2[L7[], L7[]], Eii: L2[L0[], L0[]], put: L2[V2, V3] -> V0 -> V1 -> L2[V0, V0], tr: L7[]
[16:08:22.796358]	Exploring 0: L0[], 1: L0[], Ebi: L2[L7[], L0[]], Eib: L2[L7[], L7[]], Eii: L2[L0[], L0[]], put: L2[V2, V3] -> V0 -> V1 -> L2[V0, V1], tr: L7[]
[16:08:22.796685]	Exploring 0: L0[], 1: L0[], Ebi: L2[L7[], L0[]], Eib: L2[L7[], L7[]], Eii: L2[L0[], L0[]], put: L2[V2, V3] -> V0 -> V1 -> L2[V0, V2], tr: L7[]
[16:08:22.796954]	Exploring 0: L0[], 1: L0[], Ebi: L2[L7[], L0[]], Eib: L2[L7[], L7[]], Eii: L2[L0[], L0[]], put: L2[V2, V3] -> V0 -> V1 -> L2[V0, V3], tr: L7[]
[16:08:22.797208]	Exploring 0: L0[], 1: L0[], Ebi: L2[L7[], L0[]], Eib: L2[L7[], L7[]], Eii: L2[L0[], L0[]], put: L2[V2, V3] -> V0 -> V1 -> L2[V1, _9_], tr: L7[]
[16:08:22.797381]	Exploring 0: L0[], 1: L0[], Ebi: L2[L7[], L0[]], Eib: L2[L7[], L7[]], Eii: L2[L0[], L0[]], put: L2[V2, V3] -> V0 -> V1 -> L2[V1, L0[]], tr: L7[]
[16:08:22.797640]	Exploring 0: L0[], 1: L0[], Ebi: L2[L7[], L0[]], Eib: L2[L7[], L7[]], Eii: L2[L0[], L0[]], put: L2[V2, V3] -> V0 -> V1 -> L2[V1, L7[]], tr: L7[]
[16:08:22.797887]	Exploring 0: L0[], 1: L0[], Ebi: L2[L7[], L0[]], Eib: L2[L7[], L7[]], Eii: L2[L0[], L0[]], put: L2[V2, V3] -> V0 -> V1 -> L2[V1, V0], tr: L7[]
[16:08:22.798184]	Exploring 0: L0[], 1: L0[], Ebi: L2[L7[], L0[]], Eib: L2[L7[], L7[]], Eii: L2[L0[], L0[]], put: L2[V2, V3] -> V0 -> V1 -> L2[V1, V1], tr: L7[]
[16:08:22.798433]	Exploring 0: L0[], 1: L0[], Ebi: L2[L7[], L0[]], Eib: L2[L7[], L7[]], Eii: L2[L0[], L0[]], put: L2[V2, V3] -> V0 -> V1 -> L2[V1, V2], tr: L7[]
[16:08:22.798675]	Exploring 0: L0[], 1: L0[], Ebi: L2[L7[], L0[]], Eib: L2[L7[], L7[]], Eii: L2[L0[], L0[]], put: L2[V2, V3] -> V0 -> V1 -> L2[V1, V3], tr: L7[]
[16:08:22.798911]	Exploring 0: L0[], 1: L0[], Ebi: L2[L7[], L0[]], Eib: L2[L7[], L7[]], Eii: L2[L0[], L0[]], put: L2[V2, V3] -> V0 -> V1 -> L2[V2, _9_], tr: L7[]
[16:08:22.799056]	Exploring 0: L0[], 1: L0[], Ebi: L2[L7[], L0[]], Eib: L2[L7[], L7[]], Eii: L2[L0[], L0[]], put: L2[V2, V3] -> V0 -> V1 -> L2[V2, L0[]], tr: L7[]
[16:08:22.799303]	Exploring 0: L0[], 1: L0[], Ebi: L2[L7[], L0[]], Eib: L2[L7[], L7[]], Eii: L2[L0[], L0[]], put: L2[V2, V3] -> V0 -> V1 -> L2[V2, L7[]], tr: L7[]
[16:08:22.799585]	Exploring 0: L0[], 1: L0[], Ebi: L2[L7[], L0[]], Eib: L2[L7[], L7[]], Eii: L2[L0[], L0[]], put: L2[V2, V3] -> V0 -> V1 -> L2[V2, V0], tr: L7[]
[16:08:22.799849]	Exploring 0: L0[], 1: L0[], Ebi: L2[L7[], L0[]], Eib: L2[L7[], L7[]], Eii: L2[L0[], L0[]], put: L2[V2, V3] -> V0 -> V1 -> L2[V2, V1], tr: L7[]
[16:08:22.800091]	Exploring 0: L0[], 1: L0[], Ebi: L2[L7[], L0[]], Eib: L2[L7[], L7[]], Eii: L2[L0[], L0[]], put: L2[V2, V3] -> V0 -> V1 -> L2[V2, V2], tr: L7[]
[16:08:22.800335]	Exploring 0: L0[], 1: L0[], Ebi: L2[L7[], L0[]], Eib: L2[L7[], L7[]], Eii: L2[L0[], L0[]], put: L2[V2, V3] -> V0 -> V1 -> L2[V2, V3], tr: L7[]
[16:08:22.800566]	Exploring 0: L0[], 1: L0[], Ebi: L2[L7[], L0[]], Eib: L2[L7[], L7[]], Eii: L2[L0[], L0[]], put: L2[V2, V3] -> V0 -> V1 -> L2[V3, _9_], tr: L7[]
[16:08:22.800707]	Exploring 0: L0[], 1: L0[], Ebi: L2[L7[], L0[]], Eib: L2[L7[], L7[]], Eii: L2[L0[], L0[]], put: L2[V2, V3] -> V0 -> V1 -> L2[V3, L0[]], tr: L7[]
[16:08:22.800943]	Exploring 0: L0[], 1: L0[], Ebi: L2[L7[], L0[]], Eib: L2[L7[], L7[]], Eii: L2[L0[], L0[]], put: L2[V2, V3] -> V0 -> V1 -> L2[V3, L7[]], tr: L7[]
[16:08:22.801211]	Exploring 0: L0[], 1: L0[], Ebi: L2[L7[], L0[]], Eib: L2[L7[], L7[]], Eii: L2[L0[], L0[]], put: L2[V2, V3] -> V0 -> V1 -> L2[V3, V0], tr: L7[]
[16:08:22.801471]	Exploring 0: L0[], 1: L0[], Ebi: L2[L7[], L0[]], Eib: L2[L7[], L7[]], Eii: L2[L0[], L0[]], put: L2[V2, V3] -> V0 -> V1 -> L2[V3, V1], tr: L7[]
[16:08:22.801725]	Exploring 0: L0[], 1: L0[], Ebi: L2[L7[], L0[]], Eib: L2[L7[], L7[]], Eii: L2[L0[], L0[]], put: L2[V2, V3] -> V0 -> V1 -> L2[V3, V2], tr: L7[]
[16:08:22.801965]	Exploring 0: L0[], 1: L0[], Ebi: L2[L7[], L0[]], Eib: L2[L7[], L7[]], Eii: L2[L0[], L0[]], put: L2[V2, V3] -> V0 -> V1 -> L2[V3, V3], tr: L7[]
[16:08:22.802197]	Exploring 0: L0[], 1: L0[], Ebi: L2[L7[], L0[]], Eib: L2[L7[], L7[]], Eii: L2[L0[], L7[]], put: L2[_6_, _7_] -> V0 -> V1 -> L2[_8_, _9_], tr: L7[]
[16:08:22.802347]	Exploring 0: L0[], 1: L0[], Ebi: L2[L7[], L0[]], Eib: L2[L7[], L7[]], Eii: L2[L0[], L7[]], put: L2[V2, _7_] -> V0 -> V1 -> L2[_8_, _9_], tr: L7[]
[16:08:22.802542]	Exploring 0: L0[], 1: L0[], Ebi: L2[L7[], L0[]], Eib: L2[L7[], L7[]], Eii: L2[L0[], L7[]], put: L2[V2, V3] -> V0 -> V1 -> L2[_8_, _9_], tr: L7[]
[16:08:22.802671]	Exploring 0: L0[], 1: L0[], Ebi: L2[L7[], L0[]], Eib: L2[L7[], L7[]], Eii: L2[L0[], L7[]], put: L2[V2, V3] -> V0 -> V1 -> L2[L0[], _9_], tr: L7[]
[16:08:22.802801]	Exploring 0: L0[], 1: L0[], Ebi: L2[L7[], L0[]], Eib: L2[L7[], L7[]], Eii: L2[L0[], L7[]], put: L2[V2, V3] -> V0 -> V1 -> L2[L0[], L0[]], tr: L7[]
[16:08:22.803041]	Exploring 0: L0[], 1: L0[], Ebi: L2[L7[], L0[]], Eib: L2[L7[], L7[]], Eii: L2[L0[], L7[]], put: L2[V2, V3] -> V0 -> V1 -> L2[L0[], L7[]], tr: L7[]
[16:08:22.803294]	Exploring 0: L0[], 1: L0[], Ebi: L2[L7[], L0[]], Eib: L2[L7[], L7[]], Eii: L2[L0[], L7[]], put: L2[V2, V3] -> V0 -> V1 -> L2[L0[], V0], tr: L7[]
[16:08:22.803588]	Exploring 0: L0[], 1: L0[], Ebi: L2[L7[], L0[]], Eib: L2[L7[], L7[]], Eii: L2[L0[], L7[]], put: L2[V2, V3] -> V0 -> V1 -> L2[L0[], V1], tr: L7[]
[16:08:22.803835]	Exploring 0: L0[], 1: L0[], Ebi: L2[L7[], L0[]], Eib: L2[L7[], L7[]], Eii: L2[L0[], L7[]], put: L2[V2, V3] -> V0 -> V1 -> L2[L0[], V2], tr: L7[]
[16:08:22.804073]	Exploring 0: L0[], 1: L0[], Ebi: L2[L7[], L0[]], Eib: L2[L7[], L7[]], Eii: L2[L0[], L7[]], put: L2[V2, V3] -> V0 -> V1 -> L2[L0[], V3], tr: L7[]
[16:08:22.804301]	Exploring 0: L0[], 1: L0[], Ebi: L2[L7[], L0[]], Eib: L2[L7[], L7[]], Eii: L2[L0[], L7[]], put: L2[V2, V3] -> V0 -> V1 -> L2[L7[], _9_], tr: L7[]
[16:08:22.804431]	Exploring 0: L0[], 1: L0[], Ebi: L2[L7[], L0[]], Eib: L2[L7[], L7[]], Eii: L2[L0[], L7[]], put: L2[V2, V3] -> V0 -> V1 -> L2[L7[], L0[]], tr: L7[]
[16:08:22.804647]	Exploring 0: L0[], 1: L0[], Ebi: L2[L7[], L0[]], Eib: L2[L7[], L7[]], Eii: L2[L0[], L7[]], put: L2[V2, V3] -> V0 -> V1 -> L2[L7[], L7[]], tr: L7[]
[16:08:22.804970]	Exploring 0: L0[], 1: L0[], Ebi: L2[L7[], L0[]], Eib: L2[L7[], L7[]], Eii: L2[L0[], L7[]], put: L2[V2, V3] -> V0 -> V1 -> L2[L7[], V0], tr: L7[]
[16:08:22.805319]	Exploring 0: L0[], 1: L0[], Ebi: L2[L7[], L0[]], Eib: L2[L7[], L7[]], Eii: L2[L0[], L7[]], put: L2[V2, V3] -> V0 -> V1 -> L2[L7[], V1], tr: L7[]
[16:08:22.805664]	Exploring 0: L0[], 1: L0[], Ebi: L2[L7[], L0[]], Eib: L2[L7[], L7[]], Eii: L2[L0[], L7[]], put: L2[V2, V3] -> V0 -> V1 -> L2[L7[], V2], tr: L7[]
[16:08:22.805904]	Exploring 0: L0[], 1: L0[], Ebi: L2[L7[], L0[]], Eib: L2[L7[], L7[]], Eii: L2[L0[], L7[]], put: L2[V2, V3] -> V0 -> V1 -> L2[L7[], V3], tr: L7[]
[16:08:22.806149]	Exploring 0: L0[], 1: L0[], Ebi: L2[L7[], L0[]], Eib: L2[L7[], L7[]], Eii: L2[L0[], L7[]], put: L2[V2, V3] -> V0 -> V1 -> L2[V0, _9_], tr: L7[]
[16:08:22.806308]	Exploring 0: L0[], 1: L0[], Ebi: L2[L7[], L0[]], Eib: L2[L7[], L7[]], Eii: L2[L0[], L7[]], put: L2[V2, V3] -> V0 -> V1 -> L2[V0, L0[]], tr: L7[]
[16:08:22.806565]	Exploring 0: L0[], 1: L0[], Ebi: L2[L7[], L0[]], Eib: L2[L7[], L7[]], Eii: L2[L0[], L7[]], put: L2[V2, V3] -> V0 -> V1 -> L2[V0, L7[]], tr: L7[]
[16:08:22.806819]	Exploring 0: L0[], 1: L0[], Ebi: L2[L7[], L0[]], Eib: L2[L7[], L7[]], Eii: L2[L0[], L7[]], put: L2[V2, V3] -> V0 -> V1 -> L2[V0, V0], tr: L7[]
[16:08:22.807089]	Exploring 0: L0[], 1: L0[], Ebi: L2[L7[], L0[]], Eib: L2[L7[], L7[]], Eii: L2[L0[], L7[]], put: L2[V2, V3] -> V0 -> V1 -> L2[V0, V1], tr: L7[]
[16:08:22.807349]	Exploring 0: L0[], 1: L0[], Ebi: L2[L7[], L0[]], Eib: L2[L7[], L7[]], Eii: L2[L0[], L7[]], put: L2[V2, V3] -> V0 -> V1 -> L2[V0, V2], tr: L7[]
[16:08:22.807604]	Exploring 0: L0[], 1: L0[], Ebi: L2[L7[], L0[]], Eib: L2[L7[], L7[]], Eii: L2[L0[], L7[]], put: L2[V2, V3] -> V0 -> V1 -> L2[V0, V3], tr: L7[]
[16:08:22.807849]	Exploring 0: L0[], 1: L0[], Ebi: L2[L7[], L0[]], Eib: L2[L7[], L7[]], Eii: L2[L0[], L7[]], put: L2[V2, V3] -> V0 -> V1 -> L2[V1, _9_], tr: L7[]
[16:08:22.808002]	Exploring 0: L0[], 1: L0[], Ebi: L2[L7[], L0[]], Eib: L2[L7[], L7[]], Eii: L2[L0[], L7[]], put: L2[V2, V3] -> V0 -> V1 -> L2[V1, L0[]], tr: L7[]
[16:08:22.808251]	Exploring 0: L0[], 1: L0[], Ebi: L2[L7[], L0[]], Eib: L2[L7[], L7[]], Eii: L2[L0[], L7[]], put: L2[V2, V3] -> V0 -> V1 -> L2[V1, L7[]], tr: L7[]
[16:08:22.808493]	Exploring 0: L0[], 1: L0[], Ebi: L2[L7[], L0[]], Eib: L2[L7[], L7[]], Eii: L2[L0[], L7[]], put: L2[V2, V3] -> V0 -> V1 -> L2[V1, V0], tr: L7[]
[16:08:22.808737]	Exploring 0: L0[], 1: L0[], Ebi: L2[L7[], L0[]], Eib: L2[L7[], L7[]], Eii: L2[L0[], L7[]], put: L2[V2, V3] -> V0 -> V1 -> L2[V1, V1], tr: L7[]
[16:08:22.808980]	Exploring 0: L0[], 1: L0[], Ebi: L2[L7[], L0[]], Eib: L2[L7[], L7[]], Eii: L2[L0[], L7[]], put: L2[V2, V3] -> V0 -> V1 -> L2[V1, V2], tr: L7[]
[16:08:22.809230]	Exploring 0: L0[], 1: L0[], Ebi: L2[L7[], L0[]], Eib: L2[L7[], L7[]], Eii: L2[L0[], L7[]], put: L2[V2, V3] -> V0 -> V1 -> L2[V1, V3], tr: L7[]
[16:08:22.809454]	Exploring 0: L0[], 1: L0[], Ebi: L2[L7[], L0[]], Eib: L2[L7[], L7[]], Eii: L2[L0[], L7[]], put: L2[V2, V3] -> V0 -> V1 -> L2[V2, _9_], tr: L7[]
[16:08:22.809574]	Exploring 0: L0[], 1: L0[], Ebi: L2[L7[], L0[]], Eib: L2[L7[], L7[]], Eii: L2[L0[], L7[]], put: L2[V2, V3] -> V0 -> V1 -> L2[V2, L0[]], tr: L7[]
[16:08:22.809781]	Exploring 0: L0[], 1: L0[], Ebi: L2[L7[], L0[]], Eib: L2[L7[], L7[]], Eii: L2[L0[], L7[]], put: L2[V2, V3] -> V0 -> V1 -> L2[V2, L7[]], tr: L7[]
[16:08:22.809999]	Exploring 0: L0[], 1: L0[], Ebi: L2[L7[], L0[]], Eib: L2[L7[], L7[]], Eii: L2[L0[], L7[]], put: L2[V2, V3] -> V0 -> V1 -> L2[V2, V0], tr: L7[]
[16:08:22.810249]	Exploring 0: L0[], 1: L0[], Ebi: L2[L7[], L0[]], Eib: L2[L7[], L7[]], Eii: L2[L0[], L7[]], put: L2[V2, V3] -> V0 -> V1 -> L2[V2, V1], tr: L7[]
[16:08:22.810472]	Exploring 0: L0[], 1: L0[], Ebi: L2[L7[], L0[]], Eib: L2[L7[], L7[]], Eii: L2[L0[], L7[]], put: L2[V2, V3] -> V0 -> V1 -> L2[V2, V2], tr: L7[]
[16:08:22.810684]	Exploring 0: L0[], 1: L0[], Ebi: L2[L7[], L0[]], Eib: L2[L7[], L7[]], Eii: L2[L0[], L7[]], put: L2[V2, V3] -> V0 -> V1 -> L2[V2, V3], tr: L7[]
[16:08:22.810902]	Exploring 0: L0[], 1: L0[], Ebi: L2[L7[], L0[]], Eib: L2[L7[], L7[]], Eii: L2[L0[], L7[]], put: L2[V2, V3] -> V0 -> V1 -> L2[V3, _9_], tr: L7[]
[16:08:22.811057]	Exploring 0: L0[], 1: L0[], Ebi: L2[L7[], L0[]], Eib: L2[L7[], L7[]], Eii: L2[L0[], L7[]], put: L2[V2, V3] -> V0 -> V1 -> L2[V3, L0[]], tr: L7[]
[16:08:22.811283]	Exploring 0: L0[], 1: L0[], Ebi: L2[L7[], L0[]], Eib: L2[L7[], L7[]], Eii: L2[L0[], L7[]], put: L2[V2, V3] -> V0 -> V1 -> L2[V3, L7[]], tr: L7[]
[16:08:22.811548]	Exploring 0: L0[], 1: L0[], Ebi: L2[L7[], L0[]], Eib: L2[L7[], L7[]], Eii: L2[L0[], L7[]], put: L2[V2, V3] -> V0 -> V1 -> L2[V3, V0], tr: L7[]
[16:08:22.811784]	Exploring 0: L0[], 1: L0[], Ebi: L2[L7[], L0[]], Eib: L2[L7[], L7[]], Eii: L2[L0[], L7[]], put: L2[V2, V3] -> V0 -> V1 -> L2[V3, V1], tr: L7[]
[16:08:22.812015]	Exploring 0: L0[], 1: L0[], Ebi: L2[L7[], L0[]], Eib: L2[L7[], L7[]], Eii: L2[L0[], L7[]], put: L2[V2, V3] -> V0 -> V1 -> L2[V3, V2], tr: L7[]
[16:08:22.812310]	Exploring 0: L0[], 1: L0[], Ebi: L2[L7[], L0[]], Eib: L2[L7[], L7[]], Eii: L2[L0[], L7[]], put: L2[V2, V3] -> V0 -> V1 -> L2[V3, V3], tr: L7[]
[16:08:22.812496]	Exploring 0: L0[], 1: L0[], Ebi: L2[L7[], L0[]], Eib: L2[L7[], L7[]], Eii: L2[L7[], _5_], put: L2[_6_, _7_] -> V0 -> V1 -> L2[_8_, _9_], tr: L7[]
[16:08:22.812575]	Exploring 0: L0[], 1: L0[], Ebi: L2[L7[], L0[]], Eib: L2[L7[], L7[]], Eii: L2[L7[], L0[]], put: L2[_6_, _7_] -> V0 -> V1 -> L2[_8_, _9_], tr: L7[]
[16:08:22.812702]	Exploring 0: L0[], 1: L0[], Ebi: L2[L7[], L0[]], Eib: L2[L7[], L7[]], Eii: L2[L7[], L0[]], put: L2[L7[], _7_] -> V0 -> V1 -> L2[_8_, _9_], tr: L7[]
[16:08:22.812813]	Exploring 0: L0[], 1: L0[], Ebi: L2[L7[], L0[]], Eib: L2[L7[], L7[]], Eii: L2[L7[], L0[]], put: L2[L7[], V1] -> V0 -> V1 -> L2[_8_, _9_], tr: L7[]
[16:08:22.812936]	Exploring 0: L0[], 1: L0[], Ebi: L2[L7[], L0[]], Eib: L2[L7[], L7[]], Eii: L2[L7[], L0[]], put: L2[L7[], V1] -> V0 -> V1 -> L2[L7[], _9_], tr: L7[]
[16:08:22.813053]	Exploring 0: L0[], 1: L0[], Ebi: L2[L7[], L0[]], Eib: L2[L7[], L7[]], Eii: L2[L7[], L0[]], put: L2[L7[], V1] -> V0 -> V1 -> L2[L7[], V1], tr: L7[]
[16:08:22.813326]	Exploring 0: L0[], 1: L0[], Ebi: L2[L7[], L0[]], Eib: L2[L7[], L7[]], Eii: L2[L7[], L0[]], put: L2[L7[], V2] -> V0 -> V1 -> L2[_8_, _9_], tr: L7[]
[16:08:22.813462]	Exploring 0: L0[], 1: L0[], Ebi: L2[L7[], L0[]], Eib: L2[L7[], L7[]], Eii: L2[L7[], L0[]], put: L2[L7[], V2] -> V0 -> V1 -> L2[L7[], _9_], tr: L7[]
[16:08:22.813596]	Exploring 0: L0[], 1: L0[], Ebi: L2[L7[], L0[]], Eib: L2[L7[], L7[]], Eii: L2[L7[], L0[]], put: L2[L7[], V2] -> V0 -> V1 -> L2[L7[], L0[]], tr: L7[]
[16:08:22.813779]	Exploring 0: L0[], 1: L0[], Ebi: L2[L7[], L0[]], Eib: L2[L7[], L7[]], Eii: L2[L7[], L0[]], put: L2[L7[], V2] -> V0 -> V1 -> L2[L7[], L7[]], tr: L7[]
[16:08:22.813964]	Exploring 0: L0[], 1: L0[], Ebi: L2[L7[], L0[]], Eib: L2[L7[], L7[]], Eii: L2[L7[], L0[]], put: L2[L7[], V2] -> V0 -> V1 -> L2[L7[], V0], tr: L7[]
[16:08:22.814172]	Exploring 0: L0[], 1: L0[], Ebi: L2[L7[], L0[]], Eib: L2[L7[], L7[]], Eii: L2[L7[], L0[]], put: L2[L7[], V2] -> V0 -> V1 -> L2[L7[], V1], tr: L7[]
[16:08:22.814362]	Exploring 0: L0[], 1: L0[], Ebi: L2[L7[], L0[]], Eib: L2[L7[], L7[]], Eii: L2[L7[], L0[]], put: L2[L7[], V2] -> V0 -> V1 -> L2[L7[], V2], tr: L7[]
[16:08:22.814710]	Exploring 0: L0[], 1: L0[], Ebi: L2[L7[], L0[]], Eib: L2[L7[], L7[]], Eii: L2[L7[], L0[]], put: L2[V2, _7_] -> V0 -> V1 -> L2[_8_, _9_], tr: L7[]
[16:08:22.814866]	Exploring 0: L0[], 1: L0[], Ebi: L2[L7[], L0[]], Eib: L2[L7[], L7[]], Eii: L2[L7[], L0[]], put: L2[V2, V1] -> V0 -> V1 -> L2[_8_, _9_], tr: L7[]
[16:08:22.815016]	Exploring 0: L0[], 1: L0[], Ebi: L2[L7[], L0[]], Eib: L2[L7[], L7[]], Eii: L2[L7[], L0[]], put: L2[V2, V1] -> V0 -> V1 -> L2[L0[], _9_], tr: L7[]
[16:08:22.815200]	Exploring 0: L0[], 1: L0[], Ebi: L2[L7[], L0[]], Eib: L2[L7[], L7[]], Eii: L2[L7[], L0[]], put: L2[V2, V1] -> V0 -> V1 -> L2[L0[], V1], tr: L7[]
[16:08:22.815507]	Exploring 0: L0[], 1: L0[], Ebi: L2[L7[], L0[]], Eib: L2[L7[], L7[]], Eii: L2[L7[], L0[]], put: L2[V2, V1] -> V0 -> V1 -> L2[L7[], _9_], tr: L7[]
[16:08:22.815657]	Exploring 0: L0[], 1: L0[], Ebi: L2[L7[], L0[]], Eib: L2[L7[], L7[]], Eii: L2[L7[], L0[]], put: L2[V2, V1] -> V0 -> V1 -> L2[L7[], V1], tr: L7[]
[16:08:22.815917]	Exploring 0: L0[], 1: L0[], Ebi: L2[L7[], L0[]], Eib: L2[L7[], L7[]], Eii: L2[L7[], L0[]], put: L2[V2, V1] -> V0 -> V1 -> L2[V0, _9_], tr: L7[]
[16:08:22.816083]	Exploring 0: L0[], 1: L0[], Ebi: L2[L7[], L0[]], Eib: L2[L7[], L7[]], Eii: L2[L7[], L0[]], put: L2[V2, V1] -> V0 -> V1 -> L2[V0, V1], tr: L7[]
[16:08:22.816447]	Exploring 0: L0[], 1: L0[], Ebi: L2[L7[], L0[]], Eib: L2[L7[], L7[]], Eii: L2[L7[], L0[]], put: L2[V2, V1] -> V0 -> V1 -> L2[V1, _9_], tr: L7[]
[16:08:22.816635]	Exploring 0: L0[], 1: L0[], Ebi: L2[L7[], L0[]], Eib: L2[L7[], L7[]], Eii: L2[L7[], L0[]], put: L2[V2, V1] -> V0 -> V1 -> L2[V1, V1], tr: L7[]
[16:08:22.816878]	Exploring 0: L0[], 1: L0[], Ebi: L2[L7[], L0[]], Eib: L2[L7[], L7[]], Eii: L2[L7[], L0[]], put: L2[V2, V1] -> V0 -> V1 -> L2[V2, _9_], tr: L7[]
[16:08:22.817035]	Exploring 0: L0[], 1: L0[], Ebi: L2[L7[], L0[]], Eib: L2[L7[], L7[]], Eii: L2[L7[], L0[]], put: L2[V2, V1] -> V0 -> V1 -> L2[V2, V1], tr: L7[]
[16:08:22.817340]	Exploring 0: L0[], 1: L0[], Ebi: L2[L7[], L0[]], Eib: L2[L7[], L7[]], Eii: L2[L7[], L0[]], put: L2[V2, V3] -> V0 -> V1 -> L2[_8_, _9_], tr: L7[]
[16:08:22.817469]	Exploring 0: L0[], 1: L0[], Ebi: L2[L7[], L0[]], Eib: L2[L7[], L7[]], Eii: L2[L7[], L0[]], put: L2[V2, V3] -> V0 -> V1 -> L2[L0[], _9_], tr: L7[]
[16:08:22.817596]	Exploring 0: L0[], 1: L0[], Ebi: L2[L7[], L0[]], Eib: L2[L7[], L7[]], Eii: L2[L7[], L0[]], put: L2[V2, V3] -> V0 -> V1 -> L2[L0[], L0[]], tr: L7[]
[16:08:22.817811]	Exploring 0: L0[], 1: L0[], Ebi: L2[L7[], L0[]], Eib: L2[L7[], L7[]], Eii: L2[L7[], L0[]], put: L2[V2, V3] -> V0 -> V1 -> L2[L0[], L7[]], tr: L7[]
[16:08:22.818044]	Exploring 0: L0[], 1: L0[], Ebi: L2[L7[], L0[]], Eib: L2[L7[], L7[]], Eii: L2[L7[], L0[]], put: L2[V2, V3] -> V0 -> V1 -> L2[L0[], V0], tr: L7[]
[16:08:22.818309]	Exploring 0: L0[], 1: L0[], Ebi: L2[L7[], L0[]], Eib: L2[L7[], L7[]], Eii: L2[L7[], L0[]], put: L2[V2, V3] -> V0 -> V1 -> L2[L0[], V1], tr: L7[]
[16:08:22.818541]	Exploring 0: L0[], 1: L0[], Ebi: L2[L7[], L0[]], Eib: L2[L7[], L7[]], Eii: L2[L7[], L0[]], put: L2[V2, V3] -> V0 -> V1 -> L2[L0[], V2], tr: L7[]
[16:08:22.818760]	Exploring 0: L0[], 1: L0[], Ebi: L2[L7[], L0[]], Eib: L2[L7[], L7[]], Eii: L2[L7[], L0[]], put: L2[V2, V3] -> V0 -> V1 -> L2[L0[], V3], tr: L7[]
[16:08:22.818972]	Exploring 0: L0[], 1: L0[], Ebi: L2[L7[], L0[]], Eib: L2[L7[], L7[]], Eii: L2[L7[], L0[]], put: L2[V2, V3] -> V0 -> V1 -> L2[L7[], _9_], tr: L7[]
[16:08:22.819089]	Exploring 0: L0[], 1: L0[], Ebi: L2[L7[], L0[]], Eib: L2[L7[], L7[]], Eii: L2[L7[], L0[]], put: L2[V2, V3] -> V0 -> V1 -> L2[L7[], L0[]], tr: L7[]
[16:08:22.819294]	Exploring 0: L0[], 1: L0[], Ebi: L2[L7[], L0[]], Eib: L2[L7[], L7[]], Eii: L2[L7[], L0[]], put: L2[V2, V3] -> V0 -> V1 -> L2[L7[], L7[]], tr: L7[]
[16:08:22.819556]	Exploring 0: L0[], 1: L0[], Ebi: L2[L7[], L0[]], Eib: L2[L7[], L7[]], Eii: L2[L7[], L0[]], put: L2[V2, V3] -> V0 -> V1 -> L2[L7[], V0], tr: L7[]
[16:08:22.819801]	Exploring 0: L0[], 1: L0[], Ebi: L2[L7[], L0[]], Eib: L2[L7[], L7[]], Eii: L2[L7[], L0[]], put: L2[V2, V3] -> V0 -> V1 -> L2[L7[], V1], tr: L7[]
[16:08:22.820033]	Exploring 0: L0[], 1: L0[], Ebi: L2[L7[], L0[]], Eib: L2[L7[], L7[]], Eii: L2[L7[], L0[]], put: L2[V2, V3] -> V0 -> V1 -> L2[L7[], V2], tr: L7[]
[16:08:22.820257]	Exploring 0: L0[], 1: L0[], Ebi: L2[L7[], L0[]], Eib: L2[L7[], L7[]], Eii: L2[L7[], L0[]], put: L2[V2, V3] -> V0 -> V1 -> L2[L7[], V3], tr: L7[]
[16:08:22.820486]	Exploring 0: L0[], 1: L0[], Ebi: L2[L7[], L0[]], Eib: L2[L7[], L7[]], Eii: L2[L7[], L0[]], put: L2[V2, V3] -> V0 -> V1 -> L2[V0, _9_], tr: L7[]
[16:08:22.820624]	Exploring 0: L0[], 1: L0[], Ebi: L2[L7[], L0[]], Eib: L2[L7[], L7[]], Eii: L2[L7[], L0[]], put: L2[V2, V3] -> V0 -> V1 -> L2[V0, L0[]], tr: L7[]
[16:08:22.820866]	Exploring 0: L0[], 1: L0[], Ebi: L2[L7[], L0[]], Eib: L2[L7[], L7[]], Eii: L2[L7[], L0[]], put: L2[V2, V3] -> V0 -> V1 -> L2[V0, L7[]], tr: L7[]
[16:08:22.821099]	Exploring 0: L0[], 1: L0[], Ebi: L2[L7[], L0[]], Eib: L2[L7[], L7[]], Eii: L2[L7[], L0[]], put: L2[V2, V3] -> V0 -> V1 -> L2[V0, V0], tr: L7[]
[16:08:22.821358]	Exploring 0: L0[], 1: L0[], Ebi: L2[L7[], L0[]], Eib: L2[L7[], L7[]], Eii: L2[L7[], L0[]], put: L2[V2, V3] -> V0 -> V1 -> L2[V0, V1], tr: L7[]
[16:08:22.821607]	Exploring 0: L0[], 1: L0[], Ebi: L2[L7[], L0[]], Eib: L2[L7[], L7[]], Eii: L2[L7[], L0[]], put: L2[V2, V3] -> V0 -> V1 -> L2[V0, V2], tr: L7[]
[16:08:22.821856]	Exploring 0: L0[], 1: L0[], Ebi: L2[L7[], L0[]], Eib: L2[L7[], L7[]], Eii: L2[L7[], L0[]], put: L2[V2, V3] -> V0 -> V1 -> L2[V0, V3], tr: L7[]
[16:08:22.822101]	Exploring 0: L0[], 1: L0[], Ebi: L2[L7[], L0[]], Eib: L2[L7[], L7[]], Eii: L2[L7[], L0[]], put: L2[V2, V3] -> V0 -> V1 -> L2[V1, _9_], tr: L7[]
[16:08:22.822273]	Exploring 0: L0[], 1: L0[], Ebi: L2[L7[], L0[]], Eib: L2[L7[], L7[]], Eii: L2[L7[], L0[]], put: L2[V2, V3] -> V0 -> V1 -> L2[V1, L0[]], tr: L7[]
[16:08:22.822520]	Exploring 0: L0[], 1: L0[], Ebi: L2[L7[], L0[]], Eib: L2[L7[], L7[]], Eii: L2[L7[], L0[]], put: L2[V2, V3] -> V0 -> V1 -> L2[V1, L7[]], tr: L7[]
[16:08:22.822769]	Exploring 0: L0[], 1: L0[], Ebi: L2[L7[], L0[]], Eib: L2[L7[], L7[]], Eii: L2[L7[], L0[]], put: L2[V2, V3] -> V0 -> V1 -> L2[V1, V0], tr: L7[]
[16:08:22.823010]	Exploring 0: L0[], 1: L0[], Ebi: L2[L7[], L0[]], Eib: L2[L7[], L7[]], Eii: L2[L7[], L0[]], put: L2[V2, V3] -> V0 -> V1 -> L2[V1, V1], tr: L7[]
[16:08:22.823268]	Exploring 0: L0[], 1: L0[], Ebi: L2[L7[], L0[]], Eib: L2[L7[], L7[]], Eii: L2[L7[], L0[]], put: L2[V2, V3] -> V0 -> V1 -> L2[V1, V2], tr: L7[]
[16:08:22.823531]	Exploring 0: L0[], 1: L0[], Ebi: L2[L7[], L0[]], Eib: L2[L7[], L7[]], Eii: L2[L7[], L0[]], put: L2[V2, V3] -> V0 -> V1 -> L2[V1, V3], tr: L7[]
[16:08:22.823766]	Exploring 0: L0[], 1: L0[], Ebi: L2[L7[], L0[]], Eib: L2[L7[], L7[]], Eii: L2[L7[], L0[]], put: L2[V2, V3] -> V0 -> V1 -> L2[V2, _9_], tr: L7[]
[16:08:22.823899]	Exploring 0: L0[], 1: L0[], Ebi: L2[L7[], L0[]], Eib: L2[L7[], L7[]], Eii: L2[L7[], L0[]], put: L2[V2, V3] -> V0 -> V1 -> L2[V2, L0[]], tr: L7[]
[16:08:22.824125]	Exploring 0: L0[], 1: L0[], Ebi: L2[L7[], L0[]], Eib: L2[L7[], L7[]], Eii: L2[L7[], L0[]], put: L2[V2, V3] -> V0 -> V1 -> L2[V2, L7[]], tr: L7[]
[16:08:22.824367]	Exploring 0: L0[], 1: L0[], Ebi: L2[L7[], L0[]], Eib: L2[L7[], L7[]], Eii: L2[L7[], L0[]], put: L2[V2, V3] -> V0 -> V1 -> L2[V2, V0], tr: L7[]
[16:08:22.824620]	Exploring 0: L0[], 1: L0[], Ebi: L2[L7[], L0[]], Eib: L2[L7[], L7[]], Eii: L2[L7[], L0[]], put: L2[V2, V3] -> V0 -> V1 -> L2[V2, V1], tr: L7[]
[16:08:22.824857]	Exploring 0: L0[], 1: L0[], Ebi: L2[L7[], L0[]], Eib: L2[L7[], L7[]], Eii: L2[L7[], L0[]], put: L2[V2, V3] -> V0 -> V1 -> L2[V2, V2], tr: L7[]
[16:08:22.825080]	Exploring 0: L0[], 1: L0[], Ebi: L2[L7[], L0[]], Eib: L2[L7[], L7[]], Eii: L2[L7[], L0[]], put: L2[V2, V3] -> V0 -> V1 -> L2[V2, V3], tr: L7[]
[16:08:22.825422]	Exploring 0: L0[], 1: L0[], Ebi: L2[L7[], L0[]], Eib: L2[L7[], L7[]], Eii: L2[L7[], L0[]], put: L2[V2, V3] -> V0 -> V1 -> L2[V3, _9_], tr: L7[]
[16:08:22.825561]	Exploring 0: L0[], 1: L0[], Ebi: L2[L7[], L0[]], Eib: L2[L7[], L7[]], Eii: L2[L7[], L0[]], put: L2[V2, V3] -> V0 -> V1 -> L2[V3, L0[]], tr: L7[]
[16:08:22.825794]	Exploring 0: L0[], 1: L0[], Ebi: L2[L7[], L0[]], Eib: L2[L7[], L7[]], Eii: L2[L7[], L0[]], put: L2[V2, V3] -> V0 -> V1 -> L2[V3, L7[]], tr: L7[]
[16:08:22.826028]	Exploring 0: L0[], 1: L0[], Ebi: L2[L7[], L0[]], Eib: L2[L7[], L7[]], Eii: L2[L7[], L0[]], put: L2[V2, V3] -> V0 -> V1 -> L2[V3, V0], tr: L7[]
[16:08:22.826306]	Exploring 0: L0[], 1: L0[], Ebi: L2[L7[], L0[]], Eib: L2[L7[], L7[]], Eii: L2[L7[], L0[]], put: L2[V2, V3] -> V0 -> V1 -> L2[V3, V1], tr: L7[]
[16:08:22.826558]	Exploring 0: L0[], 1: L0[], Ebi: L2[L7[], L0[]], Eib: L2[L7[], L7[]], Eii: L2[L7[], L0[]], put: L2[V2, V3] -> V0 -> V1 -> L2[V3, V2], tr: L7[]
[16:08:22.826787]	Exploring 0: L0[], 1: L0[], Ebi: L2[L7[], L0[]], Eib: L2[L7[], L7[]], Eii: L2[L7[], L0[]], put: L2[V2, V3] -> V0 -> V1 -> L2[V3, V3], tr: L7[]
[16:08:22.826985]	Exploring 0: L0[], 1: L0[], Ebi: L2[L7[], L0[]], Eib: L2[L7[], L7[]], Eii: L2[L7[], L7[]], put: L2[_6_, _7_] -> V0 -> V1 -> L2[_8_, _9_], tr: L7[]
[16:08:22.827090]	Exploring 0: L0[], 1: L0[], Ebi: L2[L7[], L0[]], Eib: L2[L7[], L7[]], Eii: L2[L7[], L7[]], put: L2[L7[], _7_] -> V0 -> V1 -> L2[_8_, _9_], tr: L7[]
[16:08:22.827235]	Exploring 0: L0[], 1: L0[], Ebi: L2[L7[], L0[]], Eib: L2[L7[], L7[]], Eii: L2[L7[], L7[]], put: L2[L7[], V2] -> V0 -> V1 -> L2[_8_, _9_], tr: L7[]
[16:08:22.827349]	Exploring 0: L0[], 1: L0[], Ebi: L2[L7[], L0[]], Eib: L2[L7[], L7[]], Eii: L2[L7[], L7[]], put: L2[L7[], V2] -> V0 -> V1 -> L2[L7[], _9_], tr: L7[]
[16:08:22.827488]	Exploring 0: L0[], 1: L0[], Ebi: L2[L7[], L0[]], Eib: L2[L7[], L7[]], Eii: L2[L7[], L7[]], put: L2[L7[], V2] -> V0 -> V1 -> L2[L7[], L0[]], tr: L7[]
[16:08:22.827723]	Exploring 0: L0[], 1: L0[], Ebi: L2[L7[], L0[]], Eib: L2[L7[], L7[]], Eii: L2[L7[], L7[]], put: L2[L7[], V2] -> V0 -> V1 -> L2[L7[], L7[]], tr: L7[]
[16:08:22.827931]	Exploring 0: L0[], 1: L0[], Ebi: L2[L7[], L0[]], Eib: L2[L7[], L7[]], Eii: L2[L7[], L7[]], put: L2[L7[], V2] -> V0 -> V1 -> L2[L7[], V0], tr: L7[]
[16:08:22.828141]	Exploring 0: L0[], 1: L0[], Ebi: L2[L7[], L0[]], Eib: L2[L7[], L7[]], Eii: L2[L7[], L7[]], put: L2[L7[], V2] -> V0 -> V1 -> L2[L7[], V1], tr: L7[]
[16:08:22.828345]	Exploring 0: L0[], 1: L0[], Ebi: L2[L7[], L0[]], Eib: L2[L7[], L7[]], Eii: L2[L7[], L7[]], put: L2[L7[], V2] -> V0 -> V1 -> L2[L7[], V2], tr: L7[]
[16:08:22.828615]	Exploring 0: L0[], 1: L0[], Ebi: L2[L7[], L0[]], Eib: L2[L7[], L7[]], Eii: L2[L7[], L7[]], put: L2[V2, _7_] -> V0 -> V1 -> L2[_8_, _9_], tr: L7[]
[16:08:22.828811]	Exploring 0: L0[], 1: L0[], Ebi: L2[L7[], L0[]], Eib: L2[L7[], L7[]], Eii: L2[L7[], L7[]], put: L2[V2, V3] -> V0 -> V1 -> L2[_8_, _9_], tr: L7[]
[16:08:22.828976]	Exploring 0: L0[], 1: L0[], Ebi: L2[L7[], L0[]], Eib: L2[L7[], L7[]], Eii: L2[L7[], L7[]], put: L2[V2, V3] -> V0 -> V1 -> L2[L0[], _9_], tr: L7[]
[16:08:22.829142]	Exploring 0: L0[], 1: L0[], Ebi: L2[L7[], L0[]], Eib: L2[L7[], L7[]], Eii: L2[L7[], L7[]], put: L2[V2, V3] -> V0 -> V1 -> L2[L0[], L0[]], tr: L7[]
[16:08:22.829362]	Exploring 0: L0[], 1: L0[], Ebi: L2[L7[], L0[]], Eib: L2[L7[], L7[]], Eii: L2[L7[], L7[]], put: L2[V2, V3] -> V0 -> V1 -> L2[L0[], L7[]], tr: L7[]
[16:08:22.829601]	Exploring 0: L0[], 1: L0[], Ebi: L2[L7[], L0[]], Eib: L2[L7[], L7[]], Eii: L2[L7[], L7[]], put: L2[V2, V3] -> V0 -> V1 -> L2[L0[], V0], tr: L7[]
[16:08:22.829864]	Exploring 0: L0[], 1: L0[], Ebi: L2[L7[], L0[]], Eib: L2[L7[], L7[]], Eii: L2[L7[], L7[]], put: L2[V2, V3] -> V0 -> V1 -> L2[L0[], V1], tr: L7[]
[16:08:22.830110]	Exploring 0: L0[], 1: L0[], Ebi: L2[L7[], L0[]], Eib: L2[L7[], L7[]], Eii: L2[L7[], L7[]], put: L2[V2, V3] -> V0 -> V1 -> L2[L0[], V2], tr: L7[]
[16:08:22.830342]	Exploring 0: L0[], 1: L0[], Ebi: L2[L7[], L0[]], Eib: L2[L7[], L7[]], Eii: L2[L7[], L7[]], put: L2[V2, V3] -> V0 -> V1 -> L2[L0[], V3], tr: L7[]
[16:08:22.830585]	Exploring 0: L0[], 1: L0[], Ebi: L2[L7[], L0[]], Eib: L2[L7[], L7[]], Eii: L2[L7[], L7[]], put: L2[V2, V3] -> V0 -> V1 -> L2[L7[], _9_], tr: L7[]
[16:08:22.830712]	Exploring 0: L0[], 1: L0[], Ebi: L2[L7[], L0[]], Eib: L2[L7[], L7[]], Eii: L2[L7[], L7[]], put: L2[V2, V3] -> V0 -> V1 -> L2[L7[], L0[]], tr: L7[]
[16:08:22.830925]	Exploring 0: L0[], 1: L0[], Ebi: L2[L7[], L0[]], Eib: L2[L7[], L7[]], Eii: L2[L7[], L7[]], put: L2[V2, V3] -> V0 -> V1 -> L2[L7[], L7[]], tr: L7[]
[16:08:22.831160]	Exploring 0: L0[], 1: L0[], Ebi: L2[L7[], L0[]], Eib: L2[L7[], L7[]], Eii: L2[L7[], L7[]], put: L2[V2, V3] -> V0 -> V1 -> L2[L7[], V0], tr: L7[]
[16:08:22.831436]	Exploring 0: L0[], 1: L0[], Ebi: L2[L7[], L0[]], Eib: L2[L7[], L7[]], Eii: L2[L7[], L7[]], put: L2[V2, V3] -> V0 -> V1 -> L2[L7[], V1], tr: L7[]
[16:08:22.831681]	Exploring 0: L0[], 1: L0[], Ebi: L2[L7[], L0[]], Eib: L2[L7[], L7[]], Eii: L2[L7[], L7[]], put: L2[V2, V3] -> V0 -> V1 -> L2[L7[], V2], tr: L7[]
[16:08:22.831915]	Exploring 0: L0[], 1: L0[], Ebi: L2[L7[], L0[]], Eib: L2[L7[], L7[]], Eii: L2[L7[], L7[]], put: L2[V2, V3] -> V0 -> V1 -> L2[L7[], V3], tr: L7[]
[16:08:22.832158]	Exploring 0: L0[], 1: L0[], Ebi: L2[L7[], L0[]], Eib: L2[L7[], L7[]], Eii: L2[L7[], L7[]], put: L2[V2, V3] -> V0 -> V1 -> L2[V0, _9_], tr: L7[]
[16:08:22.832314]	Exploring 0: L0[], 1: L0[], Ebi: L2[L7[], L0[]], Eib: L2[L7[], L7[]], Eii: L2[L7[], L7[]], put: L2[V2, V3] -> V0 -> V1 -> L2[V0, L0[]], tr: L7[]
[16:08:22.832568]	Exploring 0: L0[], 1: L0[], Ebi: L2[L7[], L0[]], Eib: L2[L7[], L7[]], Eii: L2[L7[], L7[]], put: L2[V2, V3] -> V0 -> V1 -> L2[V0, L7[]], tr: L7[]
[16:08:22.832816]	Exploring 0: L0[], 1: L0[], Ebi: L2[L7[], L0[]], Eib: L2[L7[], L7[]], Eii: L2[L7[], L7[]], put: L2[V2, V3] -> V0 -> V1 -> L2[V0, V0], tr: L7[]
[16:08:22.833078]	Exploring 0: L0[], 1: L0[], Ebi: L2[L7[], L0[]], Eib: L2[L7[], L7[]], Eii: L2[L7[], L7[]], put: L2[V2, V3] -> V0 -> V1 -> L2[V0, V1], tr: L7[]
[16:08:22.833354]	Exploring 0: L0[], 1: L0[], Ebi: L2[L7[], L0[]], Eib: L2[L7[], L7[]], Eii: L2[L7[], L7[]], put: L2[V2, V3] -> V0 -> V1 -> L2[V0, V2], tr: L7[]
[16:08:22.833640]	Exploring 0: L0[], 1: L0[], Ebi: L2[L7[], L0[]], Eib: L2[L7[], L7[]], Eii: L2[L7[], L7[]], put: L2[V2, V3] -> V0 -> V1 -> L2[V0, V3], tr: L7[]
[16:08:22.833896]	Exploring 0: L0[], 1: L0[], Ebi: L2[L7[], L0[]], Eib: L2[L7[], L7[]], Eii: L2[L7[], L7[]], put: L2[V2, V3] -> V0 -> V1 -> L2[V1, _9_], tr: L7[]
[16:08:22.834048]	Exploring 0: L0[], 1: L0[], Ebi: L2[L7[], L0[]], Eib: L2[L7[], L7[]], Eii: L2[L7[], L7[]], put: L2[V2, V3] -> V0 -> V1 -> L2[V1, L0[]], tr: L7[]
[16:08:22.834325]	Exploring 0: L0[], 1: L0[], Ebi: L2[L7[], L0[]], Eib: L2[L7[], L7[]], Eii: L2[L7[], L7[]], put: L2[V2, V3] -> V0 -> V1 -> L2[V1, L7[]], tr: L7[]
[16:08:22.834578]	Exploring 0: L0[], 1: L0[], Ebi: L2[L7[], L0[]], Eib: L2[L7[], L7[]], Eii: L2[L7[], L7[]], put: L2[V2, V3] -> V0 -> V1 -> L2[V1, V0], tr: L7[]
[16:08:22.834824]	Exploring 0: L0[], 1: L0[], Ebi: L2[L7[], L0[]], Eib: L2[L7[], L7[]], Eii: L2[L7[], L7[]], put: L2[V2, V3] -> V0 -> V1 -> L2[V1, V1], tr: L7[]
[16:08:22.835104]	Exploring 0: L0[], 1: L0[], Ebi: L2[L7[], L0[]], Eib: L2[L7[], L7[]], Eii: L2[L7[], L7[]], put: L2[V2, V3] -> V0 -> V1 -> L2[V1, V2], tr: L7[]
[16:08:22.835355]	Exploring 0: L0[], 1: L0[], Ebi: L2[L7[], L0[]], Eib: L2[L7[], L7[]], Eii: L2[L7[], L7[]], put: L2[V2, V3] -> V0 -> V1 -> L2[V1, V3], tr: L7[]
[16:08:22.835604]	Exploring 0: L0[], 1: L0[], Ebi: L2[L7[], L0[]], Eib: L2[L7[], L7[]], Eii: L2[L7[], L7[]], put: L2[V2, V3] -> V0 -> V1 -> L2[V2, _9_], tr: L7[]
[16:08:22.835750]	Exploring 0: L0[], 1: L0[], Ebi: L2[L7[], L0[]], Eib: L2[L7[], L7[]], Eii: L2[L7[], L7[]], put: L2[V2, V3] -> V0 -> V1 -> L2[V2, L0[]], tr: L7[]
[16:08:22.835986]	Exploring 0: L0[], 1: L0[], Ebi: L2[L7[], L0[]], Eib: L2[L7[], L7[]], Eii: L2[L7[], L7[]], put: L2[V2, V3] -> V0 -> V1 -> L2[V2, L7[]], tr: L7[]
[16:08:22.836225]	Exploring 0: L0[], 1: L0[], Ebi: L2[L7[], L0[]], Eib: L2[L7[], L7[]], Eii: L2[L7[], L7[]], put: L2[V2, V3] -> V0 -> V1 -> L2[V2, V0], tr: L7[]
[16:08:22.836489]	Exploring 0: L0[], 1: L0[], Ebi: L2[L7[], L0[]], Eib: L2[L7[], L7[]], Eii: L2[L7[], L7[]], put: L2[V2, V3] -> V0 -> V1 -> L2[V2, V1], tr: L7[]
[16:08:22.836724]	Exploring 0: L0[], 1: L0[], Ebi: L2[L7[], L0[]], Eib: L2[L7[], L7[]], Eii: L2[L7[], L7[]], put: L2[V2, V3] -> V0 -> V1 -> L2[V2, V2], tr: L7[]
[16:08:22.836950]	Exploring 0: L0[], 1: L0[], Ebi: L2[L7[], L0[]], Eib: L2[L7[], L7[]], Eii: L2[L7[], L7[]], put: L2[V2, V3] -> V0 -> V1 -> L2[V2, V3], tr: L7[]
[16:08:22.837182]	Exploring 0: L0[], 1: L0[], Ebi: L2[L7[], L0[]], Eib: L2[L7[], L7[]], Eii: L2[L7[], L7[]], put: L2[V2, V3] -> V0 -> V1 -> L2[V3, _9_], tr: L7[]
[16:08:22.837321]	Exploring 0: L0[], 1: L0[], Ebi: L2[L7[], L0[]], Eib: L2[L7[], L7[]], Eii: L2[L7[], L7[]], put: L2[V2, V3] -> V0 -> V1 -> L2[V3, L0[]], tr: L7[]
[16:08:22.837557]	Exploring 0: L0[], 1: L0[], Ebi: L2[L7[], L0[]], Eib: L2[L7[], L7[]], Eii: L2[L7[], L7[]], put: L2[V2, V3] -> V0 -> V1 -> L2[V3, L7[]], tr: L7[]
[16:08:22.837802]	Exploring 0: L0[], 1: L0[], Ebi: L2[L7[], L0[]], Eib: L2[L7[], L7[]], Eii: L2[L7[], L7[]], put: L2[V2, V3] -> V0 -> V1 -> L2[V3, V0], tr: L7[]
[16:08:22.838052]	Exploring 0: L0[], 1: L0[], Ebi: L2[L7[], L0[]], Eib: L2[L7[], L7[]], Eii: L2[L7[], L7[]], put: L2[V2, V3] -> V0 -> V1 -> L2[V3, V1], tr: L7[]
[16:08:22.838292]	Exploring 0: L0[], 1: L0[], Ebi: L2[L7[], L0[]], Eib: L2[L7[], L7[]], Eii: L2[L7[], L7[]], put: L2[V2, V3] -> V0 -> V1 -> L2[V3, V2], tr: L7[]
[16:08:22.838547]	Exploring 0: L0[], 1: L0[], Ebi: L2[L7[], L0[]], Eib: L2[L7[], L7[]], Eii: L2[L7[], L7[]], put: L2[V2, V3] -> V0 -> V1 -> L2[V3, V3], tr: L7[]
[16:08:22.838740]	Exploring 0: L0[], 1: L0[], Ebi: L2[L7[], L7[]], Eib: L2[_2_, _3_], Eii: L2[_4_, _5_], put: L2[_6_, _7_] -> V0 -> V1 -> L2[_8_, _9_], tr: L7[]
[16:08:22.838816]	Exploring 0: L0[], 1: L0[], Ebi: L2[L7[], L7[]], Eib: L2[L0[], _3_], Eii: L2[_4_, _5_], put: L2[_6_, _7_] -> V0 -> V1 -> L2[_8_, _9_], tr: L7[]
[16:08:22.838889]	Exploring 0: L0[], 1: L0[], Ebi: L2[L7[], L7[]], Eib: L2[L0[], L0[]], Eii: L2[_4_, _5_], put: L2[_6_, _7_] -> V0 -> V1 -> L2[_8_, _9_], tr: L7[]
[16:08:22.838963]	Exploring 0: L0[], 1: L0[], Ebi: L2[L7[], L7[]], Eib: L2[L0[], L0[]], Eii: L2[L0[], _5_], put: L2[_6_, _7_] -> V0 -> V1 -> L2[_8_, _9_], tr: L7[]
[16:08:22.839036]	Exploring 0: L0[], 1: L0[], Ebi: L2[L7[], L7[]], Eib: L2[L0[], L0[]], Eii: L2[L0[], L0[]], put: L2[_6_, _7_] -> V0 -> V1 -> L2[_8_, _9_], tr: L7[]
[16:08:22.839135]	Exploring 0: L0[], 1: L0[], Ebi: L2[L7[], L7[]], Eib: L2[L0[], L0[]], Eii: L2[L0[], L0[]], put: L2[V0, _7_] -> V0 -> V1 -> L2[_8_, _9_], tr: L7[]
[16:08:22.839231]	Exploring 0: L0[], 1: L0[], Ebi: L2[L7[], L7[]], Eib: L2[L0[], L0[]], Eii: L2[L0[], L0[]], put: L2[V0, V0] -> V0 -> V1 -> L2[_8_, _9_], tr: L7[]
[16:08:22.839367]	Exploring 0: L0[], 1: L0[], Ebi: L2[L7[], L7[]], Eib: L2[L0[], L0[]], Eii: L2[L0[], L0[]], put: L2[V0, V0] -> V0 -> V1 -> L2[V0, _9_], tr: L7[]
[16:08:22.839517]	Exploring 0: L0[], 1: L0[], Ebi: L2[L7[], L7[]], Eib: L2[L0[], L0[]], Eii: L2[L0[], L0[]], put: L2[V0, V0] -> V0 -> V1 -> L2[V0, V0], tr: L7[]
[16:08:22.839731]	Exploring 0: L0[], 1: L0[], Ebi: L2[L7[], L7[]], Eib: L2[L0[], L0[]], Eii: L2[L0[], L0[]], put: L2[V0, V2] -> V0 -> V1 -> L2[_8_, _9_], tr: L7[]
[16:08:22.839850]	Exploring 0: L0[], 1: L0[], Ebi: L2[L7[], L7[]], Eib: L2[L0[], L0[]], Eii: L2[L0[], L0[]], put: L2[V0, V2] -> V0 -> V1 -> L2[V0, _9_], tr: L7[]
[16:08:22.839973]	Exploring 0: L0[], 1: L0[], Ebi: L2[L7[], L7[]], Eib: L2[L0[], L0[]], Eii: L2[L0[], L0[]], put: L2[V0, V2] -> V0 -> V1 -> L2[V0, L0[]], tr: L7[]
[16:08:22.840187]	Exploring 0: L0[], 1: L0[], Ebi: L2[L7[], L7[]], Eib: L2[L0[], L0[]], Eii: L2[L0[], L0[]], put: L2[V0, V2] -> V0 -> V1 -> L2[V0, L7[]], tr: L7[]
[16:08:22.840416]	Exploring 0: L0[], 1: L0[], Ebi: L2[L7[], L7[]], Eib: L2[L0[], L0[]], Eii: L2[L0[], L0[]], put: L2[V0, V2] -> V0 -> V1 -> L2[V0, V0], tr: L7[]
[16:08:22.840636]	Exploring 0: L0[], 1: L0[], Ebi: L2[L7[], L7[]], Eib: L2[L0[], L0[]], Eii: L2[L0[], L0[]], put: L2[V0, V2] -> V0 -> V1 -> L2[V0, V1], tr: L7[]
[16:08:22.840874]	Exploring 0: L0[], 1: L0[], Ebi: L2[L7[], L7[]], Eib: L2[L0[], L0[]], Eii: L2[L0[], L0[]], put: L2[V0, V2] -> V0 -> V1 -> L2[V0, V2], tr: L7[]
[16:08:22.841108]	Exploring 0: L0[], 1: L0[], Ebi: L2[L7[], L7[]], Eib: L2[L0[], L0[]], Eii: L2[L0[], L0[]], put: L2[V0, V2] -> V0 -> V1 -> L2[V2, _9_], tr: L7[]
[16:08:22.847616]	Exploring 0: L0[], 1: L0[], Ebi: L2[L7[], L7[]], Eib: L2[L0[], L0[]], Eii: L2[L0[], L0[]], put: L2[V0, V2] -> V0 -> V1 -> L2[V2, L0[]], tr: L7[]
[16:08:22.848095]	Exploring 0: L0[], 1: L0[], Ebi: L2[L7[], L7[]], Eib: L2[L0[], L0[]], Eii: L2[L0[], L0[]], put: L2[V0, V2] -> V0 -> V1 -> L2[V2, L7[]], tr: L7[]
[16:08:22.848539]	Exploring 0: L0[], 1: L0[], Ebi: L2[L7[], L7[]], Eib: L2[L0[], L0[]], Eii: L2[L0[], L0[]], put: L2[V0, V2] -> V0 -> V1 -> L2[V2, V0], tr: L7[]
[16:08:22.848986]	Exploring 0: L0[], 1: L0[], Ebi: L2[L7[], L7[]], Eib: L2[L0[], L0[]], Eii: L2[L0[], L0[]], put: L2[V0, V2] -> V0 -> V1 -> L2[V2, V1], tr: L7[]
[16:08:22.849419]	Exploring 0: L0[], 1: L0[], Ebi: L2[L7[], L7[]], Eib: L2[L0[], L0[]], Eii: L2[L0[], L0[]], put: L2[V0, V2] -> V0 -> V1 -> L2[V2, V2], tr: L7[]
[16:08:22.849785]	Exploring 0: L0[], 1: L0[], Ebi: L2[L7[], L7[]], Eib: L2[L0[], L0[]], Eii: L2[L0[], L0[]], put: L2[V2, _7_] -> V0 -> V1 -> L2[_8_, _9_], tr: L7[]
[16:08:22.850019]	Exploring 0: L0[], 1: L0[], Ebi: L2[L7[], L7[]], Eib: L2[L0[], L0[]], Eii: L2[L0[], L0[]], put: L2[V2, V0] -> V0 -> V1 -> L2[_8_, _9_], tr: L7[]
[16:08:22.850198]	Exploring 0: L0[], 1: L0[], Ebi: L2[L7[], L7[]], Eib: L2[L0[], L0[]], Eii: L2[L0[], L0[]], put: L2[V2, V0] -> V0 -> V1 -> L2[L0[], _9_], tr: L7[]
[16:08:22.850357]	Exploring 0: L0[], 1: L0[], Ebi: L2[L7[], L7[]], Eib: L2[L0[], L0[]], Eii: L2[L0[], L0[]], put: L2[V2, V0] -> V0 -> V1 -> L2[L0[], V0], tr: L7[]
[16:08:22.850677]	Exploring 0: L0[], 1: L0[], Ebi: L2[L7[], L7[]], Eib: L2[L0[], L0[]], Eii: L2[L0[], L0[]], put: L2[V2, V0] -> V0 -> V1 -> L2[L0[], V2], tr: L7[]
[16:08:22.850921]	Exploring 0: L0[], 1: L0[], Ebi: L2[L7[], L7[]], Eib: L2[L0[], L0[]], Eii: L2[L0[], L0[]], put: L2[V2, V0] -> V0 -> V1 -> L2[L7[], _9_], tr: L7[]
[16:08:22.851054]	Exploring 0: L0[], 1: L0[], Ebi: L2[L7[], L7[]], Eib: L2[L0[], L0[]], Eii: L2[L0[], L0[]], put: L2[V2, V0] -> V0 -> V1 -> L2[L7[], V0], tr: L7[]
[16:08:22.851287]	Exploring 0: L0[], 1: L0[], Ebi: L2[L7[], L7[]], Eib: L2[L0[], L0[]], Eii: L2[L0[], L0[]], put: L2[V2, V0] -> V0 -> V1 -> L2[L7[], V2], tr: L7[]
[16:08:22.851592]	Exploring 0: L0[], 1: L0[], Ebi: L2[L7[], L7[]], Eib: L2[L0[], L0[]], Eii: L2[L0[], L0[]], put: L2[V2, V0] -> V0 -> V1 -> L2[V0, _9_], tr: L7[]
[16:08:22.851790]	Exploring 0: L0[], 1: L0[], Ebi: L2[L7[], L7[]], Eib: L2[L0[], L0[]], Eii: L2[L0[], L0[]], put: L2[V2, V0] -> V0 -> V1 -> L2[V0, V0], tr: L7[]
[16:08:22.852133]	Exploring 0: L0[], 1: L0[], Ebi: L2[L7[], L7[]], Eib: L2[L0[], L0[]], Eii: L2[L0[], L0[]], put: L2[V2, V0] -> V0 -> V1 -> L2[V0, V2], tr: L7[]
[16:08:22.852364]	Exploring 0: L0[], 1: L0[], Ebi: L2[L7[], L7[]], Eib: L2[L0[], L0[]], Eii: L2[L0[], L0[]], put: L2[V2, V0] -> V0 -> V1 -> L2[V1, _9_], tr: L7[]
[16:08:22.852484]	Exploring 0: L0[], 1: L0[], Ebi: L2[L7[], L7[]], Eib: L2[L0[], L0[]], Eii: L2[L0[], L0[]], put: L2[V2, V0] -> V0 -> V1 -> L2[V1, V0], tr: L7[]
[16:08:22.852711]	Exploring 0: L0[], 1: L0[], Ebi: L2[L7[], L7[]], Eib: L2[L0[], L0[]], Eii: L2[L0[], L0[]], put: L2[V2, V0] -> V0 -> V1 -> L2[V1, V2], tr: L7[]
[16:08:22.852920]	Exploring 0: L0[], 1: L0[], Ebi: L2[L7[], L7[]], Eib: L2[L0[], L0[]], Eii: L2[L0[], L0[]], put: L2[V2, V0] -> V0 -> V1 -> L2[V2, _9_], tr: L7[]
[16:08:22.853038]	Exploring 0: L0[], 1: L0[], Ebi: L2[L7[], L7[]], Eib: L2[L0[], L0[]], Eii: L2[L0[], L0[]], put: L2[V2, V0] -> V0 -> V1 -> L2[V2, V0], tr: L7[]
[16:08:22.853252]	Exploring 0: L0[], 1: L0[], Ebi: L2[L7[], L7[]], Eib: L2[L0[], L0[]], Eii: L2[L0[], L0[]], put: L2[V2, V0] -> V0 -> V1 -> L2[V2, V2], tr: L7[]
[16:08:22.853447]	Exploring 0: L0[], 1: L0[], Ebi: L2[L7[], L7[]], Eib: L2[L0[], L0[]], Eii: L2[L0[], L0[]], put: L2[V2, V2] -> V0 -> V1 -> L2[_8_, _9_], tr: L7[]
[16:08:22.853557]	Exploring 0: L0[], 1: L0[], Ebi: L2[L7[], L7[]], Eib: L2[L0[], L0[]], Eii: L2[L0[], L0[]], put: L2[V2, V2] -> V0 -> V1 -> L2[L0[], _9_], tr: L7[]
[16:08:22.853683]	Exploring 0: L0[], 1: L0[], Ebi: L2[L7[], L7[]], Eib: L2[L0[], L0[]], Eii: L2[L0[], L0[]], put: L2[V2, V2] -> V0 -> V1 -> L2[L0[], L0[]], tr: L7[]
[16:08:22.853995]	Exploring 0: L0[], 1: L0[], Ebi: L2[L7[], L7[]], Eib: L2[L0[], L0[]], Eii: L2[L0[], L0[]], put: L2[V2, V2] -> V0 -> V1 -> L2[L7[], _9_], tr: L7[]
[16:08:22.854133]	Exploring 0: L0[], 1: L0[], Ebi: L2[L7[], L7[]], Eib: L2[L0[], L0[]], Eii: L2[L0[], L0[]], put: L2[V2, V2] -> V0 -> V1 -> L2[L7[], L7[]], tr: L7[]
[16:08:22.854440]	Exploring 0: L0[], 1: L0[], Ebi: L2[L7[], L7[]], Eib: L2[L0[], L0[]], Eii: L2[L0[], L0[]], put: L2[V2, V2] -> V0 -> V1 -> L2[V0, _9_], tr: L7[]
[16:08:22.854565]	Exploring 0: L0[], 1: L0[], Ebi: L2[L7[], L7[]], Eib: L2[L0[], L0[]], Eii: L2[L0[], L0[]], put: L2[V2, V2] -> V0 -> V1 -> L2[V0, V0], tr: L7[]
[16:08:22.854761]	Exploring 0: L0[], 1: L0[], Ebi: L2[L7[], L7[]], Eib: L2[L0[], L0[]], Eii: L2[L0[], L0[]], put: L2[V2, V2] -> V0 -> V1 -> L2[V0, V2], tr: L7[]
[16:08:22.854945]	Exploring 0: L0[], 1: L0[], Ebi: L2[L7[], L7[]], Eib: L2[L0[], L0[]], Eii: L2[L0[], L0[]], put: L2[V2, V2] -> V0 -> V1 -> L2[V1, _9_], tr: L7[]
[16:08:22.855062]	Exploring 0: L0[], 1: L0[], Ebi: L2[L7[], L7[]], Eib: L2[L0[], L0[]], Eii: L2[L0[], L0[]], put: L2[V2, V2] -> V0 -> V1 -> L2[V1, V1], tr: L7[]
[16:08:22.855326]	Exploring 0: L0[], 1: L0[], Ebi: L2[L7[], L7[]], Eib: L2[L0[], L0[]], Eii: L2[L0[], L0[]], put: L2[V2, V2] -> V0 -> V1 -> L2[V2, _9_], tr: L7[]
[16:08:22.855468]	Exploring 0: L0[], 1: L0[], Ebi: L2[L7[], L7[]], Eib: L2[L0[], L0[]], Eii: L2[L0[], L0[]], put: L2[V2, V2] -> V0 -> V1 -> L2[V2, V0], tr: L7[]
[16:08:22.855662]	Exploring 0: L0[], 1: L0[], Ebi: L2[L7[], L7[]], Eib: L2[L0[], L0[]], Eii: L2[L0[], L0[]], put: L2[V2, V2] -> V0 -> V1 -> L2[V2, V2], tr: L7[]
[16:08:22.855842]	Exploring 0: L0[], 1: L0[], Ebi: L2[L7[], L7[]], Eib: L2[L0[], L0[]], Eii: L2[L0[], L0[]], put: L2[V2, V3] -> V0 -> V1 -> L2[_8_, _9_], tr: L7[]
[16:08:22.855953]	Exploring 0: L0[], 1: L0[], Ebi: L2[L7[], L7[]], Eib: L2[L0[], L0[]], Eii: L2[L0[], L0[]], put: L2[V2, V3] -> V0 -> V1 -> L2[L0[], _9_], tr: L7[]
[16:08:22.856070]	Exploring 0: L0[], 1: L0[], Ebi: L2[L7[], L7[]], Eib: L2[L0[], L0[]], Eii: L2[L0[], L0[]], put: L2[V2, V3] -> V0 -> V1 -> L2[L0[], L0[]], tr: L7[]
[16:08:22.856269]	Exploring 0: L0[], 1: L0[], Ebi: L2[L7[], L7[]], Eib: L2[L0[], L0[]], Eii: L2[L0[], L0[]], put: L2[V2, V3] -> V0 -> V1 -> L2[L0[], L7[]], tr: L7[]
[16:08:22.856487]	Exploring 0: L0[], 1: L0[], Ebi: L2[L7[], L7[]], Eib: L2[L0[], L0[]], Eii: L2[L0[], L0[]], put: L2[V2, V3] -> V0 -> V1 -> L2[L0[], V0], tr: L7[]
[16:08:22.856725]	Exploring 0: L0[], 1: L0[], Ebi: L2[L7[], L7[]], Eib: L2[L0[], L0[]], Eii: L2[L0[], L0[]], put: L2[V2, V3] -> V0 -> V1 -> L2[L0[], V1], tr: L7[]
[16:08:22.856954]	Exploring 0: L0[], 1: L0[], Ebi: L2[L7[], L7[]], Eib: L2[L0[], L0[]], Eii: L2[L0[], L0[]], put: L2[V2, V3] -> V0 -> V1 -> L2[L0[], V2], tr: L7[]
[16:08:22.857169]	Exploring 0: L0[], 1: L0[], Ebi: L2[L7[], L7[]], Eib: L2[L0[], L0[]], Eii: L2[L0[], L0[]], put: L2[V2, V3] -> V0 -> V1 -> L2[L0[], V3], tr: L7[]
[16:08:22.857379]	Exploring 0: L0[], 1: L0[], Ebi: L2[L7[], L7[]], Eib: L2[L0[], L0[]], Eii: L2[L0[], L0[]], put: L2[V2, V3] -> V0 -> V1 -> L2[L7[], _9_], tr: L7[]
[16:08:22.857491]	Exploring 0: L0[], 1: L0[], Ebi: L2[L7[], L7[]], Eib: L2[L0[], L0[]], Eii: L2[L0[], L0[]], put: L2[V2, V3] -> V0 -> V1 -> L2[L7[], L0[]], tr: L7[]
[16:08:22.857741]	Exploring 0: L0[], 1: L0[], Ebi: L2[L7[], L7[]], Eib: L2[L0[], L0[]], Eii: L2[L0[], L0[]], put: L2[V2, V3] -> V0 -> V1 -> L2[L7[], L7[]], tr: L7[]
[16:08:22.858035]	Exploring 0: L0[], 1: L0[], Ebi: L2[L7[], L7[]], Eib: L2[L0[], L0[]], Eii: L2[L0[], L0[]], put: L2[V2, V3] -> V0 -> V1 -> L2[L7[], V0], tr: L7[]
[16:08:22.858374]	Exploring 0: L0[], 1: L0[], Ebi: L2[L7[], L7[]], Eib: L2[L0[], L0[]], Eii: L2[L0[], L0[]], put: L2[V2, V3] -> V0 -> V1 -> L2[L7[], V1], tr: L7[]
[16:08:22.858606]	Exploring 0: L0[], 1: L0[], Ebi: L2[L7[], L7[]], Eib: L2[L0[], L0[]], Eii: L2[L0[], L0[]], put: L2[V2, V3] -> V0 -> V1 -> L2[L7[], V2], tr: L7[]
[16:08:22.858829]	Exploring 0: L0[], 1: L0[], Ebi: L2[L7[], L7[]], Eib: L2[L0[], L0[]], Eii: L2[L0[], L0[]], put: L2[V2, V3] -> V0 -> V1 -> L2[L7[], V3], tr: L7[]
[16:08:22.859061]	Exploring 0: L0[], 1: L0[], Ebi: L2[L7[], L7[]], Eib: L2[L0[], L0[]], Eii: L2[L0[], L0[]], put: L2[V2, V3] -> V0 -> V1 -> L2[V0, _9_], tr: L7[]
[16:08:22.859257]	Exploring 0: L0[], 1: L0[], Ebi: L2[L7[], L7[]], Eib: L2[L0[], L0[]], Eii: L2[L0[], L0[]], put: L2[V2, V3] -> V0 -> V1 -> L2[V0, L0[]], tr: L7[]
[16:08:22.859542]	Exploring 0: L0[], 1: L0[], Ebi: L2[L7[], L7[]], Eib: L2[L0[], L0[]], Eii: L2[L0[], L0[]], put: L2[V2, V3] -> V0 -> V1 -> L2[V0, L7[]], tr: L7[]
[16:08:22.859775]	Exploring 0: L0[], 1: L0[], Ebi: L2[L7[], L7[]], Eib: L2[L0[], L0[]], Eii: L2[L0[], L0[]], put: L2[V2, V3] -> V0 -> V1 -> L2[V0, V0], tr: L7[]
[16:08:22.860005]	Exploring 0: L0[], 1: L0[], Ebi: L2[L7[], L7[]], Eib: L2[L0[], L0[]], Eii: L2[L0[], L0[]], put: L2[V2, V3] -> V0 -> V1 -> L2[V0, V1], tr: L7[]
[16:08:22.860234]	Exploring 0: L0[], 1: L0[], Ebi: L2[L7[], L7[]], Eib: L2[L0[], L0[]], Eii: L2[L0[], L0[]], put: L2[V2, V3] -> V0 -> V1 -> L2[V0, V2], tr: L7[]
[16:08:22.860465]	Exploring 0: L0[], 1: L0[], Ebi: L2[L7[], L7[]], Eib: L2[L0[], L0[]], Eii: L2[L0[], L0[]], put: L2[V2, V3] -> V0 -> V1 -> L2[V0, V3], tr: L7[]
[16:08:22.860692]	Exploring 0: L0[], 1: L0[], Ebi: L2[L7[], L7[]], Eib: L2[L0[], L0[]], Eii: L2[L0[], L0[]], put: L2[V2, V3] -> V0 -> V1 -> L2[V1, _9_], tr: L7[]
[16:08:22.860830]	Exploring 0: L0[], 1: L0[], Ebi: L2[L7[], L7[]], Eib: L2[L0[], L0[]], Eii: L2[L0[], L0[]], put: L2[V2, V3] -> V0 -> V1 -> L2[V1, L0[]], tr: L7[]
[16:08:22.861066]	Exploring 0: L0[], 1: L0[], Ebi: L2[L7[], L7[]], Eib: L2[L0[], L0[]], Eii: L2[L0[], L0[]], put: L2[V2, V3] -> V0 -> V1 -> L2[V1, L7[]], tr: L7[]
[16:08:22.861304]	Exploring 0: L0[], 1: L0[], Ebi: L2[L7[], L7[]], Eib: L2[L0[], L0[]], Eii: L2[L0[], L0[]], put: L2[V2, V3] -> V0 -> V1 -> L2[V1, V0], tr: L7[]
[16:08:22.861534]	Exploring 0: L0[], 1: L0[], Ebi: L2[L7[], L7[]], Eib: L2[L0[], L0[]], Eii: L2[L0[], L0[]], put: L2[V2, V3] -> V0 -> V1 -> L2[V1, V1], tr: L7[]
[16:08:22.861765]	Exploring 0: L0[], 1: L0[], Ebi: L2[L7[], L7[]], Eib: L2[L0[], L0[]], Eii: L2[L0[], L0[]], put: L2[V2, V3] -> V0 -> V1 -> L2[V1, V2], tr: L7[]
[16:08:22.861998]	Exploring 0: L0[], 1: L0[], Ebi: L2[L7[], L7[]], Eib: L2[L0[], L0[]], Eii: L2[L0[], L0[]], put: L2[V2, V3] -> V0 -> V1 -> L2[V1, V3], tr: L7[]
[16:08:22.862289]	Exploring 0: L0[], 1: L0[], Ebi: L2[L7[], L7[]], Eib: L2[L0[], L0[]], Eii: L2[L0[], L0[]], put: L2[V2, V3] -> V0 -> V1 -> L2[V2, _9_], tr: L7[]
[16:08:22.862472]	Exploring 0: L0[], 1: L0[], Ebi: L2[L7[], L7[]], Eib: L2[L0[], L0[]], Eii: L2[L0[], L0[]], put: L2[V2, V3] -> V0 -> V1 -> L2[V2, L0[]], tr: L7[]
[16:08:22.862699]	Exploring 0: L0[], 1: L0[], Ebi: L2[L7[], L7[]], Eib: L2[L0[], L0[]], Eii: L2[L0[], L0[]], put: L2[V2, V3] -> V0 -> V1 -> L2[V2, L7[]], tr: L7[]
[16:08:22.862924]	Exploring 0: L0[], 1: L0[], Ebi: L2[L7[], L7[]], Eib: L2[L0[], L0[]], Eii: L2[L0[], L0[]], put: L2[V2, V3] -> V0 -> V1 -> L2[V2, V0], tr: L7[]
[16:08:22.863158]	Exploring 0: L0[], 1: L0[], Ebi: L2[L7[], L7[]], Eib: L2[L0[], L0[]], Eii: L2[L0[], L0[]], put: L2[V2, V3] -> V0 -> V1 -> L2[V2, V1], tr: L7[]
[16:08:22.863437]	Exploring 0: L0[], 1: L0[], Ebi: L2[L7[], L7[]], Eib: L2[L0[], L0[]], Eii: L2[L0[], L0[]], put: L2[V2, V3] -> V0 -> V1 -> L2[V2, V2], tr: L7[]
[16:08:22.863647]	Exploring 0: L0[], 1: L0[], Ebi: L2[L7[], L7[]], Eib: L2[L0[], L0[]], Eii: L2[L0[], L0[]], put: L2[V2, V3] -> V0 -> V1 -> L2[V2, V3], tr: L7[]
[16:08:22.863865]	Exploring 0: L0[], 1: L0[], Ebi: L2[L7[], L7[]], Eib: L2[L0[], L0[]], Eii: L2[L0[], L0[]], put: L2[V2, V3] -> V0 -> V1 -> L2[V3, _9_], tr: L7[]
[16:08:22.864022]	Exploring 0: L0[], 1: L0[], Ebi: L2[L7[], L7[]], Eib: L2[L0[], L0[]], Eii: L2[L0[], L0[]], put: L2[V2, V3] -> V0 -> V1 -> L2[V3, L0[]], tr: L7[]
[16:08:22.864244]	Exploring 0: L0[], 1: L0[], Ebi: L2[L7[], L7[]], Eib: L2[L0[], L0[]], Eii: L2[L0[], L0[]], put: L2[V2, V3] -> V0 -> V1 -> L2[V3, L7[]], tr: L7[]
[16:08:22.864478]	Exploring 0: L0[], 1: L0[], Ebi: L2[L7[], L7[]], Eib: L2[L0[], L0[]], Eii: L2[L0[], L0[]], put: L2[V2, V3] -> V0 -> V1 -> L2[V3, V0], tr: L7[]
[16:08:22.864710]	Exploring 0: L0[], 1: L0[], Ebi: L2[L7[], L7[]], Eib: L2[L0[], L0[]], Eii: L2[L0[], L0[]], put: L2[V2, V3] -> V0 -> V1 -> L2[V3, V1], tr: L7[]
[16:08:22.864933]	Exploring 0: L0[], 1: L0[], Ebi: L2[L7[], L7[]], Eib: L2[L0[], L0[]], Eii: L2[L0[], L0[]], put: L2[V2, V3] -> V0 -> V1 -> L2[V3, V2], tr: L7[]
[16:08:22.865145]	Exploring 0: L0[], 1: L0[], Ebi: L2[L7[], L7[]], Eib: L2[L0[], L0[]], Eii: L2[L0[], L0[]], put: L2[V2, V3] -> V0 -> V1 -> L2[V3, V3], tr: L7[]
[16:08:22.865315]	Exploring 0: L0[], 1: L0[], Ebi: L2[L7[], L7[]], Eib: L2[L0[], L0[]], Eii: L2[L0[], L7[]], put: L2[_6_, _7_] -> V0 -> V1 -> L2[_8_, _9_], tr: L7[]
[16:08:22.865441]	Exploring 0: L0[], 1: L0[], Ebi: L2[L7[], L7[]], Eib: L2[L0[], L0[]], Eii: L2[L0[], L7[]], put: L2[V0, _7_] -> V0 -> V1 -> L2[_8_, _9_], tr: L7[]
[16:08:22.865633]	Exploring 0: L0[], 1: L0[], Ebi: L2[L7[], L7[]], Eib: L2[L0[], L0[]], Eii: L2[L0[], L7[]], put: L2[V0, V2] -> V0 -> V1 -> L2[_8_, _9_], tr: L7[]
[16:08:22.865779]	Exploring 0: L0[], 1: L0[], Ebi: L2[L7[], L7[]], Eib: L2[L0[], L0[]], Eii: L2[L0[], L7[]], put: L2[V0, V2] -> V0 -> V1 -> L2[V0, _9_], tr: L7[]
[16:08:22.865929]	Exploring 0: L0[], 1: L0[], Ebi: L2[L7[], L7[]], Eib: L2[L0[], L0[]], Eii: L2[L0[], L7[]], put: L2[V0, V2] -> V0 -> V1 -> L2[V0, L0[]], tr: L7[]
[16:08:22.866208]	Exploring 0: L0[], 1: L0[], Ebi: L2[L7[], L7[]], Eib: L2[L0[], L0[]], Eii: L2[L0[], L7[]], put: L2[V0, V2] -> V0 -> V1 -> L2[V0, L7[]], tr: L7[]
[16:08:22.866485]	Exploring 0: L0[], 1: L0[], Ebi: L2[L7[], L7[]], Eib: L2[L0[], L0[]], Eii: L2[L0[], L7[]], put: L2[V0, V2] -> V0 -> V1 -> L2[V0, V0], tr: L7[]
[16:08:22.866705]	Exploring 0: L0[], 1: L0[], Ebi: L2[L7[], L7[]], Eib: L2[L0[], L0[]], Eii: L2[L0[], L7[]], put: L2[V0, V2] -> V0 -> V1 -> L2[V0, V1], tr: L7[]
[16:08:22.866909]	Exploring 0: L0[], 1: L0[], Ebi: L2[L7[], L7[]], Eib: L2[L0[], L0[]], Eii: L2[L0[], L7[]], put: L2[V0, V2] -> V0 -> V1 -> L2[V0, V2], tr: L7[]
[16:08:22.867165]	Exploring 0: L0[], 1: L0[], Ebi: L2[L7[], L7[]], Eib: L2[L0[], L0[]], Eii: L2[L0[], L7[]], put: L2[V2, _7_] -> V0 -> V1 -> L2[_8_, _9_], tr: L7[]
[16:08:22.867390]	Exploring 0: L0[], 1: L0[], Ebi: L2[L7[], L7[]], Eib: L2[L0[], L0[]], Eii: L2[L0[], L7[]], put: L2[V2, V3] -> V0 -> V1 -> L2[_8_, _9_], tr: L7[]
[16:08:22.867515]	Exploring 0: L0[], 1: L0[], Ebi: L2[L7[], L7[]], Eib: L2[L0[], L0[]], Eii: L2[L0[], L7[]], put: L2[V2, V3] -> V0 -> V1 -> L2[L0[], _9_], tr: L7[]
[16:08:22.867626]	Exploring 0: L0[], 1: L0[], Ebi: L2[L7[], L7[]], Eib: L2[L0[], L0[]], Eii: L2[L0[], L7[]], put: L2[V2, V3] -> V0 -> V1 -> L2[L0[], L0[]], tr: L7[]
[16:08:22.867820]	Exploring 0: L0[], 1: L0[], Ebi: L2[L7[], L7[]], Eib: L2[L0[], L0[]], Eii: L2[L0[], L7[]], put: L2[V2, V3] -> V0 -> V1 -> L2[L0[], L7[]], tr: L7[]
[16:08:22.868034]	Exploring 0: L0[], 1: L0[], Ebi: L2[L7[], L7[]], Eib: L2[L0[], L0[]], Eii: L2[L0[], L7[]], put: L2[V2, V3] -> V0 -> V1 -> L2[L0[], V0], tr: L7[]
[16:08:22.868266]	Exploring 0: L0[], 1: L0[], Ebi: L2[L7[], L7[]], Eib: L2[L0[], L0[]], Eii: L2[L0[], L7[]], put: L2[V2, V3] -> V0 -> V1 -> L2[L0[], V1], tr: L7[]
[16:08:22.868485]	Exploring 0: L0[], 1: L0[], Ebi: L2[L7[], L7[]], Eib: L2[L0[], L0[]], Eii: L2[L0[], L7[]], put: L2[V2, V3] -> V0 -> V1 -> L2[L0[], V2], tr: L7[]
[16:08:22.868693]	Exploring 0: L0[], 1: L0[], Ebi: L2[L7[], L7[]], Eib: L2[L0[], L0[]], Eii: L2[L0[], L7[]], put: L2[V2, V3] -> V0 -> V1 -> L2[L0[], V3], tr: L7[]
[16:08:22.868899]	Exploring 0: L0[], 1: L0[], Ebi: L2[L7[], L7[]], Eib: L2[L0[], L0[]], Eii: L2[L0[], L7[]], put: L2[V2, V3] -> V0 -> V1 -> L2[L7[], _9_], tr: L7[]
[16:08:22.869010]	Exploring 0: L0[], 1: L0[], Ebi: L2[L7[], L7[]], Eib: L2[L0[], L0[]], Eii: L2[L0[], L7[]], put: L2[V2, V3] -> V0 -> V1 -> L2[L7[], L0[]], tr: L7[]
[16:08:22.869222]	Exploring 0: L0[], 1: L0[], Ebi: L2[L7[], L7[]], Eib: L2[L0[], L0[]], Eii: L2[L0[], L7[]], put: L2[V2, V3] -> V0 -> V1 -> L2[L7[], L7[]], tr: L7[]
[16:08:22.869445]	Exploring 0: L0[], 1: L0[], Ebi: L2[L7[], L7[]], Eib: L2[L0[], L0[]], Eii: L2[L0[], L7[]], put: L2[V2, V3] -> V0 -> V1 -> L2[L7[], V0], tr: L7[]
[16:08:22.869686]	Exploring 0: L0[], 1: L0[], Ebi: L2[L7[], L7[]], Eib: L2[L0[], L0[]], Eii: L2[L0[], L7[]], put: L2[V2, V3] -> V0 -> V1 -> L2[L7[], V1], tr: L7[]
[16:08:22.869911]	Exploring 0: L0[], 1: L0[], Ebi: L2[L7[], L7[]], Eib: L2[L0[], L0[]], Eii: L2[L0[], L7[]], put: L2[V2, V3] -> V0 -> V1 -> L2[L7[], V2], tr: L7[]
[16:08:22.870127]	Exploring 0: L0[], 1: L0[], Ebi: L2[L7[], L7[]], Eib: L2[L0[], L0[]], Eii: L2[L0[], L7[]], put: L2[V2, V3] -> V0 -> V1 -> L2[L7[], V3], tr: L7[]
[16:08:22.870355]	Exploring 0: L0[], 1: L0[], Ebi: L2[L7[], L7[]], Eib: L2[L0[], L0[]], Eii: L2[L0[], L7[]], put: L2[V2, V3] -> V0 -> V1 -> L2[V0, _9_], tr: L7[]
[16:08:22.870487]	Exploring 0: L0[], 1: L0[], Ebi: L2[L7[], L7[]], Eib: L2[L0[], L0[]], Eii: L2[L0[], L7[]], put: L2[V2, V3] -> V0 -> V1 -> L2[V0, L0[]], tr: L7[]
[16:08:22.870720]	Exploring 0: L0[], 1: L0[], Ebi: L2[L7[], L7[]], Eib: L2[L0[], L0[]], Eii: L2[L0[], L7[]], put: L2[V2, V3] -> V0 -> V1 -> L2[V0, L7[]], tr: L7[]
[16:08:22.870951]	Exploring 0: L0[], 1: L0[], Ebi: L2[L7[], L7[]], Eib: L2[L0[], L0[]], Eii: L2[L0[], L7[]], put: L2[V2, V3] -> V0 -> V1 -> L2[V0, V0], tr: L7[]
[16:08:22.871182]	Exploring 0: L0[], 1: L0[], Ebi: L2[L7[], L7[]], Eib: L2[L0[], L0[]], Eii: L2[L0[], L7[]], put: L2[V2, V3] -> V0 -> V1 -> L2[V0, V1], tr: L7[]
[16:08:22.871431]	Exploring 0: L0[], 1: L0[], Ebi: L2[L7[], L7[]], Eib: L2[L0[], L0[]], Eii: L2[L0[], L7[]], put: L2[V2, V3] -> V0 -> V1 -> L2[V0, V2], tr: L7[]
[16:08:22.871662]	Exploring 0: L0[], 1: L0[], Ebi: L2[L7[], L7[]], Eib: L2[L0[], L0[]], Eii: L2[L0[], L7[]], put: L2[V2, V3] -> V0 -> V1 -> L2[V0, V3], tr: L7[]
[16:08:22.871889]	Exploring 0: L0[], 1: L0[], Ebi: L2[L7[], L7[]], Eib: L2[L0[], L0[]], Eii: L2[L0[], L7[]], put: L2[V2, V3] -> V0 -> V1 -> L2[V1, _9_], tr: L7[]
[16:08:22.872026]	Exploring 0: L0[], 1: L0[], Ebi: L2[L7[], L7[]], Eib: L2[L0[], L0[]], Eii: L2[L0[], L7[]], put: L2[V2, V3] -> V0 -> V1 -> L2[V1, L0[]], tr: L7[]
[16:08:22.872271]	Exploring 0: L0[], 1: L0[], Ebi: L2[L7[], L7[]], Eib: L2[L0[], L0[]], Eii: L2[L0[], L7[]], put: L2[V2, V3] -> V0 -> V1 -> L2[V1, L7[]], tr: L7[]
[16:08:22.872510]	Exploring 0: L0[], 1: L0[], Ebi: L2[L7[], L7[]], Eib: L2[L0[], L0[]], Eii: L2[L0[], L7[]], put: L2[V2, V3] -> V0 -> V1 -> L2[V1, V0], tr: L7[]
[16:08:22.872739]	Exploring 0: L0[], 1: L0[], Ebi: L2[L7[], L7[]], Eib: L2[L0[], L0[]], Eii: L2[L0[], L7[]], put: L2[V2, V3] -> V0 -> V1 -> L2[V1, V1], tr: L7[]
[16:08:22.872972]	Exploring 0: L0[], 1: L0[], Ebi: L2[L7[], L7[]], Eib: L2[L0[], L0[]], Eii: L2[L0[], L7[]], put: L2[V2, V3] -> V0 -> V1 -> L2[V1, V2], tr: L7[]
[16:08:22.873203]	Exploring 0: L0[], 1: L0[], Ebi: L2[L7[], L7[]], Eib: L2[L0[], L0[]], Eii: L2[L0[], L7[]], put: L2[V2, V3] -> V0 -> V1 -> L2[V1, V3], tr: L7[]
[16:08:22.873416]	Exploring 0: L0[], 1: L0[], Ebi: L2[L7[], L7[]], Eib: L2[L0[], L0[]], Eii: L2[L0[], L7[]], put: L2[V2, V3] -> V0 -> V1 -> L2[V2, _9_], tr: L7[]
[16:08:22.873536]	Exploring 0: L0[], 1: L0[], Ebi: L2[L7[], L7[]], Eib: L2[L0[], L0[]], Eii: L2[L0[], L7[]], put: L2[V2, V3] -> V0 -> V1 -> L2[V2, L0[]], tr: L7[]
[16:08:22.873748]	Exploring 0: L0[], 1: L0[], Ebi: L2[L7[], L7[]], Eib: L2[L0[], L0[]], Eii: L2[L0[], L7[]], put: L2[V2, V3] -> V0 -> V1 -> L2[V2, L7[]], tr: L7[]
[16:08:22.873969]	Exploring 0: L0[], 1: L0[], Ebi: L2[L7[], L7[]], Eib: L2[L0[], L0[]], Eii: L2[L0[], L7[]], put: L2[V2, V3] -> V0 -> V1 -> L2[V2, V0], tr: L7[]
[16:08:22.874214]	Exploring 0: L0[], 1: L0[], Ebi: L2[L7[], L7[]], Eib: L2[L0[], L0[]], Eii: L2[L0[], L7[]], put: L2[V2, V3] -> V0 -> V1 -> L2[V2, V1], tr: L7[]
[16:08:22.874435]	Exploring 0: L0[], 1: L0[], Ebi: L2[L7[], L7[]], Eib: L2[L0[], L0[]], Eii: L2[L0[], L7[]], put: L2[V2, V3] -> V0 -> V1 -> L2[V2, V2], tr: L7[]
[16:08:22.874644]	Exploring 0: L0[], 1: L0[], Ebi: L2[L7[], L7[]], Eib: L2[L0[], L0[]], Eii: L2[L0[], L7[]], put: L2[V2, V3] -> V0 -> V1 -> L2[V2, V3], tr: L7[]
[16:08:22.874874]	Exploring 0: L0[], 1: L0[], Ebi: L2[L7[], L7[]], Eib: L2[L0[], L0[]], Eii: L2[L0[], L7[]], put: L2[V2, V3] -> V0 -> V1 -> L2[V3, _9_], tr: L7[]
[16:08:22.875008]	Exploring 0: L0[], 1: L0[], Ebi: L2[L7[], L7[]], Eib: L2[L0[], L0[]], Eii: L2[L0[], L7[]], put: L2[V2, V3] -> V0 -> V1 -> L2[V3, L0[]], tr: L7[]
[16:08:22.875232]	Exploring 0: L0[], 1: L0[], Ebi: L2[L7[], L7[]], Eib: L2[L0[], L0[]], Eii: L2[L0[], L7[]], put: L2[V2, V3] -> V0 -> V1 -> L2[V3, L7[]], tr: L7[]
[16:08:22.875466]	Exploring 0: L0[], 1: L0[], Ebi: L2[L7[], L7[]], Eib: L2[L0[], L0[]], Eii: L2[L0[], L7[]], put: L2[V2, V3] -> V0 -> V1 -> L2[V3, V0], tr: L7[]
[16:08:22.875699]	Exploring 0: L0[], 1: L0[], Ebi: L2[L7[], L7[]], Eib: L2[L0[], L0[]], Eii: L2[L0[], L7[]], put: L2[V2, V3] -> V0 -> V1 -> L2[V3, V1], tr: L7[]
[16:08:22.875922]	Exploring 0: L0[], 1: L0[], Ebi: L2[L7[], L7[]], Eib: L2[L0[], L0[]], Eii: L2[L0[], L7[]], put: L2[V2, V3] -> V0 -> V1 -> L2[V3, V2], tr: L7[]
[16:08:22.876136]	Exploring 0: L0[], 1: L0[], Ebi: L2[L7[], L7[]], Eib: L2[L0[], L0[]], Eii: L2[L0[], L7[]], put: L2[V2, V3] -> V0 -> V1 -> L2[V3, V3], tr: L7[]
[16:08:22.876310]	Exploring 0: L0[], 1: L0[], Ebi: L2[L7[], L7[]], Eib: L2[L0[], L0[]], Eii: L2[L7[], _5_], put: L2[_6_, _7_] -> V0 -> V1 -> L2[_8_, _9_], tr: L7[]
[16:08:22.876398]	Exploring 0: L0[], 1: L0[], Ebi: L2[L7[], L7[]], Eib: L2[L0[], L0[]], Eii: L2[L7[], L0[]], put: L2[_6_, _7_] -> V0 -> V1 -> L2[_8_, _9_], tr: L7[]
[16:08:22.876529]	Exploring 0: L0[], 1: L0[], Ebi: L2[L7[], L7[]], Eib: L2[L0[], L0[]], Eii: L2[L7[], L0[]], put: L2[V2, _7_] -> V0 -> V1 -> L2[_8_, _9_], tr: L7[]
[16:08:22.876631]	Exploring 0: L0[], 1: L0[], Ebi: L2[L7[], L7[]], Eib: L2[L0[], L0[]], Eii: L2[L7[], L0[]], put: L2[V2, V0] -> V0 -> V1 -> L2[_8_, _9_], tr: L7[]
[16:08:22.876736]	Exploring 0: L0[], 1: L0[], Ebi: L2[L7[], L7[]], Eib: L2[L0[], L0[]], Eii: L2[L7[], L0[]], put: L2[V2, V0] -> V0 -> V1 -> L2[L0[], _9_], tr: L7[]
[16:08:22.876872]	Exploring 0: L0[], 1: L0[], Ebi: L2[L7[], L7[]], Eib: L2[L0[], L0[]], Eii: L2[L7[], L0[]], put: L2[V2, V0] -> V0 -> V1 -> L2[L0[], V0], tr: L7[]
[16:08:22.877145]	Exploring 0: L0[], 1: L0[], Ebi: L2[L7[], L7[]], Eib: L2[L0[], L0[]], Eii: L2[L7[], L0[]], put: L2[V2, V0] -> V0 -> V1 -> L2[L7[], _9_], tr: L7[]
[16:08:22.877286]	Exploring 0: L0[], 1: L0[], Ebi: L2[L7[], L7[]], Eib: L2[L0[], L0[]], Eii: L2[L7[], L0[]], put: L2[V2, V0] -> V0 -> V1 -> L2[L7[], V0], tr: L7[]
[16:08:22.877651]	Exploring 0: L0[], 1: L0[], Ebi: L2[L7[], L7[]], Eib: L2[L0[], L0[]], Eii: L2[L7[], L0[]], put: L2[V2, V0] -> V0 -> V1 -> L2[V0, _9_], tr: L7[]
[16:08:22.877777]	Exploring 0: L0[], 1: L0[], Ebi: L2[L7[], L7[]], Eib: L2[L0[], L0[]], Eii: L2[L7[], L0[]], put: L2[V2, V0] -> V0 -> V1 -> L2[V0, V0], tr: L7[]
[16:08:22.878153]	Exploring 0: L0[], 1: L0[], Ebi: L2[L7[], L7[]], Eib: L2[L0[], L0[]], Eii: L2[L7[], L0[]], put: L2[V2, V0] -> V0 -> V1 -> L2[V1, _9_], tr: L7[]
[16:08:22.878291]	Exploring 0: L0[], 1: L0[], Ebi: L2[L7[], L7[]], Eib: L2[L0[], L0[]], Eii: L2[L7[], L0[]], put: L2[V2, V0] -> V0 -> V1 -> L2[V1, V0], tr: L7[]
[16:08:22.878563]	Exploring 0: L0[], 1: L0[], Ebi: L2[L7[], L7[]], Eib: L2[L0[], L0[]], Eii: L2[L7[], L0[]], put: L2[V2, V0] -> V0 -> V1 -> L2[V2, _9_], tr: L7[]
[16:08:22.878687]	Exploring 0: L0[], 1: L0[], Ebi: L2[L7[], L7[]], Eib: L2[L0[], L0[]], Eii: L2[L7[], L0[]], put: L2[V2, V0] -> V0 -> V1 -> L2[V2, V0], tr: L7[]
[16:08:22.878993]	Exploring 0: L0[], 1: L0[], Ebi: L2[L7[], L7[]], Eib: L2[L0[], L0[]], Eii: L2[L7[], L0[]], put: L2[V2, V3] -> V0 -> V1 -> L2[_8_, _9_], tr: L7[]
[16:08:22.879109]	Exploring 0: L0[], 1: L0[], Ebi: L2[L7[], L7[]], Eib: L2[L0[], L0[]], Eii: L2[L7[], L0[]], put: L2[V2, V3] -> V0 -> V1 -> L2[L0[], _9_], tr: L7[]
[16:08:22.879223]	Exploring 0: L0[], 1: L0[], Ebi: L2[L7[], L7[]], Eib: L2[L0[], L0[]], Eii: L2[L7[], L0[]], put: L2[V2, V3] -> V0 -> V1 -> L2[L0[], L0[]], tr: L7[]
[16:08:22.879433]	Exploring 0: L0[], 1: L0[], Ebi: L2[L7[], L7[]], Eib: L2[L0[], L0[]], Eii: L2[L7[], L0[]], put: L2[V2, V3] -> V0 -> V1 -> L2[L0[], L7[]], tr: L7[]
[16:08:22.879657]	Exploring 0: L0[], 1: L0[], Ebi: L2[L7[], L7[]], Eib: L2[L0[], L0[]], Eii: L2[L7[], L0[]], put: L2[V2, V3] -> V0 -> V1 -> L2[L0[], V0], tr: L7[]
[16:08:22.879911]	Exploring 0: L0[], 1: L0[], Ebi: L2[L7[], L7[]], Eib: L2[L0[], L0[]], Eii: L2[L7[], L0[]], put: L2[V2, V3] -> V0 -> V1 -> L2[L0[], V1], tr: L7[]
[16:08:22.880136]	Exploring 0: L0[], 1: L0[], Ebi: L2[L7[], L7[]], Eib: L2[L0[], L0[]], Eii: L2[L7[], L0[]], put: L2[V2, V3] -> V0 -> V1 -> L2[L0[], V2], tr: L7[]
[16:08:22.880354]	Exploring 0: L0[], 1: L0[], Ebi: L2[L7[], L7[]], Eib: L2[L0[], L0[]], Eii: L2[L7[], L0[]], put: L2[V2, V3] -> V0 -> V1 -> L2[L0[], V3], tr: L7[]
[16:08:22.880564]	Exploring 0: L0[], 1: L0[], Ebi: L2[L7[], L7[]], Eib: L2[L0[], L0[]], Eii: L2[L7[], L0[]], put: L2[V2, V3] -> V0 -> V1 -> L2[L7[], _9_], tr: L7[]
[16:08:22.880680]	Exploring 0: L0[], 1: L0[], Ebi: L2[L7[], L7[]], Eib: L2[L0[], L0[]], Eii: L2[L7[], L0[]], put: L2[V2, V3] -> V0 -> V1 -> L2[L7[], L0[]], tr: L7[]
[16:08:22.880877]	Exploring 0: L0[], 1: L0[], Ebi: L2[L7[], L7[]], Eib: L2[L0[], L0[]], Eii: L2[L7[], L0[]], put: L2[V2, V3] -> V0 -> V1 -> L2[L7[], L7[]], tr: L7[]
[16:08:22.881096]	Exploring 0: L0[], 1: L0[], Ebi: L2[L7[], L7[]], Eib: L2[L0[], L0[]], Eii: L2[L7[], L0[]], put: L2[V2, V3] -> V0 -> V1 -> L2[L7[], V0], tr: L7[]
[16:08:22.881335]	Exploring 0: L0[], 1: L0[], Ebi: L2[L7[], L7[]], Eib: L2[L0[], L0[]], Eii: L2[L7[], L0[]], put: L2[V2, V3] -> V0 -> V1 -> L2[L7[], V1], tr: L7[]
[16:08:22.881635]	Exploring 0: L0[], 1: L0[], Ebi: L2[L7[], L7[]], Eib: L2[L0[], L0[]], Eii: L2[L7[], L0[]], put: L2[V2, V3] -> V0 -> V1 -> L2[L7[], V2], tr: L7[]
[16:08:22.881855]	Exploring 0: L0[], 1: L0[], Ebi: L2[L7[], L7[]], Eib: L2[L0[], L0[]], Eii: L2[L7[], L0[]], put: L2[V2, V3] -> V0 -> V1 -> L2[L7[], V3], tr: L7[]
[16:08:22.882083]	Exploring 0: L0[], 1: L0[], Ebi: L2[L7[], L7[]], Eib: L2[L0[], L0[]], Eii: L2[L7[], L0[]], put: L2[V2, V3] -> V0 -> V1 -> L2[V0, _9_], tr: L7[]
[16:08:22.882216]	Exploring 0: L0[], 1: L0[], Ebi: L2[L7[], L7[]], Eib: L2[L0[], L0[]], Eii: L2[L7[], L0[]], put: L2[V2, V3] -> V0 -> V1 -> L2[V0, L0[]], tr: L7[]
[16:08:22.882451]	Exploring 0: L0[], 1: L0[], Ebi: L2[L7[], L7[]], Eib: L2[L0[], L0[]], Eii: L2[L7[], L0[]], put: L2[V2, V3] -> V0 -> V1 -> L2[V0, L7[]], tr: L7[]
[16:08:22.882680]	Exploring 0: L0[], 1: L0[], Ebi: L2[L7[], L7[]], Eib: L2[L0[], L0[]], Eii: L2[L7[], L0[]], put: L2[V2, V3] -> V0 -> V1 -> L2[V0, V0], tr: L7[]
[16:08:22.882912]	Exploring 0: L0[], 1: L0[], Ebi: L2[L7[], L7[]], Eib: L2[L0[], L0[]], Eii: L2[L7[], L0[]], put: L2[V2, V3] -> V0 -> V1 -> L2[V0, V1], tr: L7[]
[16:08:22.883143]	Exploring 0: L0[], 1: L0[], Ebi: L2[L7[], L7[]], Eib: L2[L0[], L0[]], Eii: L2[L7[], L0[]], put: L2[V2, V3] -> V0 -> V1 -> L2[V0, V2], tr: L7[]
[16:08:22.883371]	Exploring 0: L0[], 1: L0[], Ebi: L2[L7[], L7[]], Eib: L2[L0[], L0[]], Eii: L2[L7[], L0[]], put: L2[V2, V3] -> V0 -> V1 -> L2[V0, V3], tr: L7[]
[16:08:22.883607]	Exploring 0: L0[], 1: L0[], Ebi: L2[L7[], L7[]], Eib: L2[L0[], L0[]], Eii: L2[L7[], L0[]], put: L2[V2, V3] -> V0 -> V1 -> L2[V1, _9_], tr: L7[]
[16:08:22.883742]	Exploring 0: L0[], 1: L0[], Ebi: L2[L7[], L7[]], Eib: L2[L0[], L0[]], Eii: L2[L7[], L0[]], put: L2[V2, V3] -> V0 -> V1 -> L2[V1, L0[]], tr: L7[]
[16:08:22.883979]	Exploring 0: L0[], 1: L0[], Ebi: L2[L7[], L7[]], Eib: L2[L0[], L0[]], Eii: L2[L7[], L0[]], put: L2[V2, V3] -> V0 -> V1 -> L2[V1, L7[]], tr: L7[]
[16:08:22.884211]	Exploring 0: L0[], 1: L0[], Ebi: L2[L7[], L7[]], Eib: L2[L0[], L0[]], Eii: L2[L7[], L0[]], put: L2[V2, V3] -> V0 -> V1 -> L2[V1, V0], tr: L7[]
[16:08:22.884443]	Exploring 0: L0[], 1: L0[], Ebi: L2[L7[], L7[]], Eib: L2[L0[], L0[]], Eii: L2[L7[], L0[]], put: L2[V2, V3] -> V0 -> V1 -> L2[V1, V1], tr: L7[]
[16:08:22.884674]	Exploring 0: L0[], 1: L0[], Ebi: L2[L7[], L7[]], Eib: L2[L0[], L0[]], Eii: L2[L7[], L0[]], put: L2[V2, V3] -> V0 -> V1 -> L2[V1, V2], tr: L7[]
[16:08:22.884905]	Exploring 0: L0[], 1: L0[], Ebi: L2[L7[], L7[]], Eib: L2[L0[], L0[]], Eii: L2[L7[], L0[]], put: L2[V2, V3] -> V0 -> V1 -> L2[V1, V3], tr: L7[]
[16:08:22.885121]	Exploring 0: L0[], 1: L0[], Ebi: L2[L7[], L7[]], Eib: L2[L0[], L0[]], Eii: L2[L7[], L0[]], put: L2[V2, V3] -> V0 -> V1 -> L2[V2, _9_], tr: L7[]
[16:08:22.885249]	Exploring 0: L0[], 1: L0[], Ebi: L2[L7[], L7[]], Eib: L2[L0[], L0[]], Eii: L2[L7[], L0[]], put: L2[V2, V3] -> V0 -> V1 -> L2[V2, L0[]], tr: L7[]
[16:08:22.885456]	Exploring 0: L0[], 1: L0[], Ebi: L2[L7[], L7[]], Eib: L2[L0[], L0[]], Eii: L2[L7[], L0[]], put: L2[V2, V3] -> V0 -> V1 -> L2[V2, L7[]], tr: L7[]
[16:08:22.885676]	Exploring 0: L0[], 1: L0[], Ebi: L2[L7[], L7[]], Eib: L2[L0[], L0[]], Eii: L2[L7[], L0[]], put: L2[V2, V3] -> V0 -> V1 -> L2[V2, V0], tr: L7[]
[16:08:22.885913]	Exploring 0: L0[], 1: L0[], Ebi: L2[L7[], L7[]], Eib: L2[L0[], L0[]], Eii: L2[L7[], L0[]], put: L2[V2, V3] -> V0 -> V1 -> L2[V2, V1], tr: L7[]
[16:08:22.886130]	Exploring 0: L0[], 1: L0[], Ebi: L2[L7[], L7[]], Eib: L2[L0[], L0[]], Eii: L2[L7[], L0[]], put: L2[V2, V3] -> V0 -> V1 -> L2[V2, V2], tr: L7[]
[16:08:22.886337]	Exploring 0: L0[], 1: L0[], Ebi: L2[L7[], L7[]], Eib: L2[L0[], L0[]], Eii: L2[L7[], L0[]], put: L2[V2, V3] -> V0 -> V1 -> L2[V2, V3], tr: L7[]
[16:08:22.886550]	Exploring 0: L0[], 1: L0[], Ebi: L2[L7[], L7[]], Eib: L2[L0[], L0[]], Eii: L2[L7[], L0[]], put: L2[V2, V3] -> V0 -> V1 -> L2[V3, _9_], tr: L7[]
[16:08:22.886674]	Exploring 0: L0[], 1: L0[], Ebi: L2[L7[], L7[]], Eib: L2[L0[], L0[]], Eii: L2[L7[], L0[]], put: L2[V2, V3] -> V0 -> V1 -> L2[V3, L0[]], tr: L7[]
[16:08:22.886896]	Exploring 0: L0[], 1: L0[], Ebi: L2[L7[], L7[]], Eib: L2[L0[], L0[]], Eii: L2[L7[], L0[]], put: L2[V2, V3] -> V0 -> V1 -> L2[V3, L7[]], tr: L7[]
[16:08:22.887120]	Exploring 0: L0[], 1: L0[], Ebi: L2[L7[], L7[]], Eib: L2[L0[], L0[]], Eii: L2[L7[], L0[]], put: L2[V2, V3] -> V0 -> V1 -> L2[V3, V0], tr: L7[]
[16:08:22.887348]	Exploring 0: L0[], 1: L0[], Ebi: L2[L7[], L7[]], Eib: L2[L0[], L0[]], Eii: L2[L7[], L0[]], put: L2[V2, V3] -> V0 -> V1 -> L2[V3, V1], tr: L7[]
[16:08:22.887648]	Exploring 0: L0[], 1: L0[], Ebi: L2[L7[], L7[]], Eib: L2[L0[], L0[]], Eii: L2[L7[], L0[]], put: L2[V2, V3] -> V0 -> V1 -> L2[V3, V2], tr: L7[]
[16:08:22.887876]	Exploring 0: L0[], 1: L0[], Ebi: L2[L7[], L7[]], Eib: L2[L0[], L0[]], Eii: L2[L7[], L0[]], put: L2[V2, V3] -> V0 -> V1 -> L2[V3, V3], tr: L7[]
[16:08:22.888047]	Exploring 0: L0[], 1: L0[], Ebi: L2[L7[], L7[]], Eib: L2[L0[], L0[]], Eii: L2[L7[], L7[]], put: L2[_6_, _7_] -> V0 -> V1 -> L2[_8_, _9_], tr: L7[]
[16:08:22.888205]	Exploring 0: L0[], 1: L0[], Ebi: L2[L7[], L7[]], Eib: L2[L0[], L0[]], Eii: L2[L7[], L7[]], put: L2[V2, _7_] -> V0 -> V1 -> L2[_8_, _9_], tr: L7[]
[16:08:22.888393]	Exploring 0: L0[], 1: L0[], Ebi: L2[L7[], L7[]], Eib: L2[L0[], L0[]], Eii: L2[L7[], L7[]], put: L2[V2, V2] -> V0 -> V1 -> L2[_8_, _9_], tr: L7[]
[16:08:22.888527]	Exploring 0: L0[], 1: L0[], Ebi: L2[L7[], L7[]], Eib: L2[L0[], L0[]], Eii: L2[L7[], L7[]], put: L2[V2, V2] -> V0 -> V1 -> L2[L0[], _9_], tr: L7[]
[16:08:22.888680]	Exploring 0: L0[], 1: L0[], Ebi: L2[L7[], L7[]], Eib: L2[L0[], L0[]], Eii: L2[L7[], L7[]], put: L2[V2, V2] -> V0 -> V1 -> L2[L0[], L0[]], tr: L7[]
[16:08:22.889004]	Exploring 0: L0[], 1: L0[], Ebi: L2[L7[], L7[]], Eib: L2[L0[], L0[]], Eii: L2[L7[], L7[]], put: L2[V2, V2] -> V0 -> V1 -> L2[L7[], _9_], tr: L7[]
[16:08:22.889143]	Exploring 0: L0[], 1: L0[], Ebi: L2[L7[], L7[]], Eib: L2[L0[], L0[]], Eii: L2[L7[], L7[]], put: L2[V2, V2] -> V0 -> V1 -> L2[L7[], L7[]], tr: L7[]
[16:08:22.889517]	Exploring 0: L0[], 1: L0[], Ebi: L2[L7[], L7[]], Eib: L2[L0[], L0[]], Eii: L2[L7[], L7[]], put: L2[V2, V2] -> V0 -> V1 -> L2[V0, _9_], tr: L7[]
[16:08:22.889645]	Exploring 0: L0[], 1: L0[], Ebi: L2[L7[], L7[]], Eib: L2[L0[], L0[]], Eii: L2[L7[], L7[]], put: L2[V2, V2] -> V0 -> V1 -> L2[V0, V0], tr: L7[]
[16:08:22.889886]	Exploring 0: L0[], 1: L0[], Ebi: L2[L7[], L7[]], Eib: L2[L0[], L0[]], Eii: L2[L7[], L7[]], put: L2[V2, V2] -> V0 -> V1 -> L2[V1, _9_], tr: L7[]
[16:08:22.890006]	Exploring 0: L0[], 1: L0[], Ebi: L2[L7[], L7[]], Eib: L2[L0[], L0[]], Eii: L2[L7[], L7[]], put: L2[V2, V2] -> V0 -> V1 -> L2[V1, V1], tr: L7[]
[16:08:22.890284]	Exploring 0: L0[], 1: L0[], Ebi: L2[L7[], L7[]], Eib: L2[L0[], L0[]], Eii: L2[L7[], L7[]], put: L2[V2, V2] -> V0 -> V1 -> L2[V2, _9_], tr: L7[]
[16:08:22.890462]	Exploring 0: L0[], 1: L0[], Ebi: L2[L7[], L7[]], Eib: L2[L0[], L0[]], Eii: L2[L7[], L7[]], put: L2[V2, V2] -> V0 -> V1 -> L2[V2, V2], tr: L7[]
[16:08:22.890657]	Exploring 0: L0[], 1: L0[], Ebi: L2[L7[], L7[]], Eib: L2[L0[], L0[]], Eii: L2[L7[], L7[]], put: L2[V2, V3] -> V0 -> V1 -> L2[_8_, _9_], tr: L7[]
[16:08:22.890772]	Exploring 0: L0[], 1: L0[], Ebi: L2[L7[], L7[]], Eib: L2[L0[], L0[]], Eii: L2[L7[], L7[]], put: L2[V2, V3] -> V0 -> V1 -> L2[L0[], _9_], tr: L7[]
[16:08:22.890897]	Exploring 0: L0[], 1: L0[], Ebi: L2[L7[], L7[]], Eib: L2[L0[], L0[]], Eii: L2[L7[], L7[]], put: L2[V2, V3] -> V0 -> V1 -> L2[L0[], L0[]], tr: L7[]
[16:08:22.891106]	Exploring 0: L0[], 1: L0[], Ebi: L2[L7[], L7[]], Eib: L2[L0[], L0[]], Eii: L2[L7[], L7[]], put: L2[V2, V3] -> V0 -> V1 -> L2[L0[], L7[]], tr: L7[]
[16:08:22.891329]	Exploring 0: L0[], 1: L0[], Ebi: L2[L7[], L7[]], Eib: L2[L0[], L0[]], Eii: L2[L7[], L7[]], put: L2[V2, V3] -> V0 -> V1 -> L2[L0[], V0], tr: L7[]
[16:08:22.891580]	Exploring 0: L0[], 1: L0[], Ebi: L2[L7[], L7[]], Eib: L2[L0[], L0[]], Eii: L2[L7[], L7[]], put: L2[V2, V3] -> V0 -> V1 -> L2[L0[], V1], tr: L7[]
[16:08:22.891810]	Exploring 0: L0[], 1: L0[], Ebi: L2[L7[], L7[]], Eib: L2[L0[], L0[]], Eii: L2[L7[], L7[]], put: L2[V2, V3] -> V0 -> V1 -> L2[L0[], V2], tr: L7[]
[16:08:22.892027]	Exploring 0: L0[], 1: L0[], Ebi: L2[L7[], L7[]], Eib: L2[L0[], L0[]], Eii: L2[L7[], L7[]], put: L2[V2, V3] -> V0 -> V1 -> L2[L0[], V3], tr: L7[]
[16:08:22.892244]	Exploring 0: L0[], 1: L0[], Ebi: L2[L7[], L7[]], Eib: L2[L0[], L0[]], Eii: L2[L7[], L7[]], put: L2[V2, V3] -> V0 -> V1 -> L2[L7[], _9_], tr: L7[]
[16:08:22.892361]	Exploring 0: L0[], 1: L0[], Ebi: L2[L7[], L7[]], Eib: L2[L0[], L0[]], Eii: L2[L7[], L7[]], put: L2[V2, V3] -> V0 -> V1 -> L2[L7[], L0[]], tr: L7[]
[16:08:22.892561]	Exploring 0: L0[], 1: L0[], Ebi: L2[L7[], L7[]], Eib: L2[L0[], L0[]], Eii: L2[L7[], L7[]], put: L2[V2, V3] -> V0 -> V1 -> L2[L7[], L7[]], tr: L7[]
[16:08:22.892777]	Exploring 0: L0[], 1: L0[], Ebi: L2[L7[], L7[]], Eib: L2[L0[], L0[]], Eii: L2[L7[], L7[]], put: L2[V2, V3] -> V0 -> V1 -> L2[L7[], V0], tr: L7[]
[16:08:22.893090]	Exploring 0: L0[], 1: L0[], Ebi: L2[L7[], L7[]], Eib: L2[L0[], L0[]], Eii: L2[L7[], L7[]], put: L2[V2, V3] -> V0 -> V1 -> L2[L7[], V1], tr: L7[]
[16:08:22.893411]	Exploring 0: L0[], 1: L0[], Ebi: L2[L7[], L7[]], Eib: L2[L0[], L0[]], Eii: L2[L7[], L7[]], put: L2[V2, V3] -> V0 -> V1 -> L2[L7[], V2], tr: L7[]
[16:08:22.893705]	Exploring 0: L0[], 1: L0[], Ebi: L2[L7[], L7[]], Eib: L2[L0[], L0[]], Eii: L2[L7[], L7[]], put: L2[V2, V3] -> V0 -> V1 -> L2[L7[], V3], tr: L7[]
[16:08:22.893946]	Exploring 0: L0[], 1: L0[], Ebi: L2[L7[], L7[]], Eib: L2[L0[], L0[]], Eii: L2[L7[], L7[]], put: L2[V2, V3] -> V0 -> V1 -> L2[V0, _9_], tr: L7[]
[16:08:22.894103]	Exploring 0: L0[], 1: L0[], Ebi: L2[L7[], L7[]], Eib: L2[L0[], L0[]], Eii: L2[L7[], L7[]], put: L2[V2, V3] -> V0 -> V1 -> L2[V0, L0[]], tr: L7[]
[16:08:22.894341]	Exploring 0: L0[], 1: L0[], Ebi: L2[L7[], L7[]], Eib: L2[L0[], L0[]], Eii: L2[L7[], L7[]], put: L2[V2, V3] -> V0 -> V1 -> L2[V0, L7[]], tr: L7[]
[16:08:22.894574]	Exploring 0: L0[], 1: L0[], Ebi: L2[L7[], L7[]], Eib: L2[L0[], L0[]], Eii: L2[L7[], L7[]], put: L2[V2, V3] -> V0 -> V1 -> L2[V0, V0], tr: L7[]
[16:08:22.894809]	Exploring 0: L0[], 1: L0[], Ebi: L2[L7[], L7[]], Eib: L2[L0[], L0[]], Eii: L2[L7[], L7[]], put: L2[V2, V3] -> V0 -> V1 -> L2[V0, V1], tr: L7[]
[16:08:22.895042]	Exploring 0: L0[], 1: L0[], Ebi: L2[L7[], L7[]], Eib: L2[L0[], L0[]], Eii: L2[L7[], L7[]], put: L2[V2, V3] -> V0 -> V1 -> L2[V0, V2], tr: L7[]
[16:08:22.895271]	Exploring 0: L0[], 1: L0[], Ebi: L2[L7[], L7[]], Eib: L2[L0[], L0[]], Eii: L2[L7[], L7[]], put: L2[V2, V3] -> V0 -> V1 -> L2[V0, V3], tr: L7[]
[16:08:22.895536]	Exploring 0: L0[], 1: L0[], Ebi: L2[L7[], L7[]], Eib: L2[L0[], L0[]], Eii: L2[L7[], L7[]], put: L2[V2, V3] -> V0 -> V1 -> L2[V1, _9_], tr: L7[]
[16:08:22.895686]	Exploring 0: L0[], 1: L0[], Ebi: L2[L7[], L7[]], Eib: L2[L0[], L0[]], Eii: L2[L7[], L7[]], put: L2[V2, V3] -> V0 -> V1 -> L2[V1, L0[]], tr: L7[]
[16:08:22.895937]	Exploring 0: L0[], 1: L0[], Ebi: L2[L7[], L7[]], Eib: L2[L0[], L0[]], Eii: L2[L7[], L7[]], put: L2[V2, V3] -> V0 -> V1 -> L2[V1, L7[]], tr: L7[]
[16:08:22.896179]	Exploring 0: L0[], 1: L0[], Ebi: L2[L7[], L7[]], Eib: L2[L0[], L0[]], Eii: L2[L7[], L7[]], put: L2[V2, V3] -> V0 -> V1 -> L2[V1, V0], tr: L7[]
[16:08:22.896407]	Exploring 0: L0[], 1: L0[], Ebi: L2[L7[], L7[]], Eib: L2[L0[], L0[]], Eii: L2[L7[], L7[]], put: L2[V2, V3] -> V0 -> V1 -> L2[V1, V1], tr: L7[]
[16:08:22.896666]	Exploring 0: L0[], 1: L0[], Ebi: L2[L7[], L7[]], Eib: L2[L0[], L0[]], Eii: L2[L7[], L7[]], put: L2[V2, V3] -> V0 -> V1 -> L2[V1, V2], tr: L7[]
[16:08:22.896988]	Exploring 0: L0[], 1: L0[], Ebi: L2[L7[], L7[]], Eib: L2[L0[], L0[]], Eii: L2[L7[], L7[]], put: L2[V2, V3] -> V0 -> V1 -> L2[V1, V3], tr: L7[]
[16:08:22.897215]	Exploring 0: L0[], 1: L0[], Ebi: L2[L7[], L7[]], Eib: L2[L0[], L0[]], Eii: L2[L7[], L7[]], put: L2[V2, V3] -> V0 -> V1 -> L2[V2, _9_], tr: L7[]
[16:08:22.897376]	Exploring 0: L0[], 1: L0[], Ebi: L2[L7[], L7[]], Eib: L2[L0[], L0[]], Eii: L2[L7[], L7[]], put: L2[V2, V3] -> V0 -> V1 -> L2[V2, L0[]], tr: L7[]
[16:08:22.897602]	Exploring 0: L0[], 1: L0[], Ebi: L2[L7[], L7[]], Eib: L2[L0[], L0[]], Eii: L2[L7[], L7[]], put: L2[V2, V3] -> V0 -> V1 -> L2[V2, L7[]], tr: L7[]
[16:08:22.897822]	Exploring 0: L0[], 1: L0[], Ebi: L2[L7[], L7[]], Eib: L2[L0[], L0[]], Eii: L2[L7[], L7[]], put: L2[V2, V3] -> V0 -> V1 -> L2[V2, V0], tr: L7[]
[16:08:22.898056]	Exploring 0: L0[], 1: L0[], Ebi: L2[L7[], L7[]], Eib: L2[L0[], L0[]], Eii: L2[L7[], L7[]], put: L2[V2, V3] -> V0 -> V1 -> L2[V2, V1], tr: L7[]
[16:08:22.898277]	Exploring 0: L0[], 1: L0[], Ebi: L2[L7[], L7[]], Eib: L2[L0[], L0[]], Eii: L2[L7[], L7[]], put: L2[V2, V3] -> V0 -> V1 -> L2[V2, V2], tr: L7[]
[16:08:22.898510]	Exploring 0: L0[], 1: L0[], Ebi: L2[L7[], L7[]], Eib: L2[L0[], L0[]], Eii: L2[L7[], L7[]], put: L2[V2, V3] -> V0 -> V1 -> L2[V2, V3], tr: L7[]
[16:08:22.898726]	Exploring 0: L0[], 1: L0[], Ebi: L2[L7[], L7[]], Eib: L2[L0[], L0[]], Eii: L2[L7[], L7[]], put: L2[V2, V3] -> V0 -> V1 -> L2[V3, _9_], tr: L7[]
[16:08:22.898854]	Exploring 0: L0[], 1: L0[], Ebi: L2[L7[], L7[]], Eib: L2[L0[], L0[]], Eii: L2[L7[], L7[]], put: L2[V2, V3] -> V0 -> V1 -> L2[V3, L0[]], tr: L7[]
[16:08:22.899078]	Exploring 0: L0[], 1: L0[], Ebi: L2[L7[], L7[]], Eib: L2[L0[], L0[]], Eii: L2[L7[], L7[]], put: L2[V2, V3] -> V0 -> V1 -> L2[V3, L7[]], tr: L7[]
[16:08:22.899303]	Exploring 0: L0[], 1: L0[], Ebi: L2[L7[], L7[]], Eib: L2[L0[], L0[]], Eii: L2[L7[], L7[]], put: L2[V2, V3] -> V0 -> V1 -> L2[V3, V0], tr: L7[]
[16:08:22.899553]	Exploring 0: L0[], 1: L0[], Ebi: L2[L7[], L7[]], Eib: L2[L0[], L0[]], Eii: L2[L7[], L7[]], put: L2[V2, V3] -> V0 -> V1 -> L2[V3, V1], tr: L7[]
[16:08:22.899780]	Exploring 0: L0[], 1: L0[], Ebi: L2[L7[], L7[]], Eib: L2[L0[], L0[]], Eii: L2[L7[], L7[]], put: L2[V2, V3] -> V0 -> V1 -> L2[V3, V2], tr: L7[]
[16:08:22.899997]	Exploring 0: L0[], 1: L0[], Ebi: L2[L7[], L7[]], Eib: L2[L0[], L0[]], Eii: L2[L7[], L7[]], put: L2[V2, V3] -> V0 -> V1 -> L2[V3, V3], tr: L7[]
[16:08:22.900177]	Exploring 0: L0[], 1: L0[], Ebi: L2[L7[], L7[]], Eib: L2[L0[], L7[]], Eii: L2[_4_, _5_], put: L2[_6_, _7_] -> V0 -> V1 -> L2[_8_, _9_], tr: L7[]
[16:08:22.900252]	Exploring 0: L0[], 1: L0[], Ebi: L2[L7[], L7[]], Eib: L2[L0[], L7[]], Eii: L2[L0[], _5_], put: L2[_6_, _7_] -> V0 -> V1 -> L2[_8_, _9_], tr: L7[]
[16:08:22.900314]	Exploring 0: L0[], 1: L0[], Ebi: L2[L7[], L7[]], Eib: L2[L0[], L7[]], Eii: L2[L0[], L0[]], put: L2[_6_, _7_] -> V0 -> V1 -> L2[_8_, _9_], tr: L7[]
[16:08:22.900403]	Exploring 0: L0[], 1: L0[], Ebi: L2[L7[], L7[]], Eib: L2[L0[], L7[]], Eii: L2[L0[], L0[]], put: L2[V0, _7_] -> V0 -> V1 -> L2[_8_, _9_], tr: L7[]
[16:08:22.900533]	Exploring 0: L0[], 1: L0[], Ebi: L2[L7[], L7[]], Eib: L2[L0[], L7[]], Eii: L2[L0[], L0[]], put: L2[V0, V2] -> V0 -> V1 -> L2[_8_, _9_], tr: L7[]
[16:08:22.900644]	Exploring 0: L0[], 1: L0[], Ebi: L2[L7[], L7[]], Eib: L2[L0[], L7[]], Eii: L2[L0[], L0[]], put: L2[V0, V2] -> V0 -> V1 -> L2[V0, _9_], tr: L7[]
[16:08:22.900799]	Exploring 0: L0[], 1: L0[], Ebi: L2[L7[], L7[]], Eib: L2[L0[], L7[]], Eii: L2[L0[], L0[]], put: L2[V0, V2] -> V0 -> V1 -> L2[V0, L0[]], tr: L7[]
[16:08:22.901086]	Exploring 0: L0[], 1: L0[], Ebi: L2[L7[], L7[]], Eib: L2[L0[], L7[]], Eii: L2[L0[], L0[]], put: L2[V0, V2] -> V0 -> V1 -> L2[V0, L7[]], tr: L7[]
[16:08:22.901361]	Exploring 0: L0[], 1: L0[], Ebi: L2[L7[], L7[]], Eib: L2[L0[], L7[]], Eii: L2[L0[], L0[]], put: L2[V0, V2] -> V0 -> V1 -> L2[V0, V0], tr: L7[]
[16:08:22.901582]	Exploring 0: L0[], 1: L0[], Ebi: L2[L7[], L7[]], Eib: L2[L0[], L7[]], Eii: L2[L0[], L0[]], put: L2[V0, V2] -> V0 -> V1 -> L2[V0, V1], tr: L7[]
[16:08:22.901797]	Exploring 0: L0[], 1: L0[], Ebi: L2[L7[], L7[]], Eib: L2[L0[], L7[]], Eii: L2[L0[], L0[]], put: L2[V0, V2] -> V0 -> V1 -> L2[V0, V2], tr: L7[]
[16:08:22.902015]	Exploring 0: L0[], 1: L0[], Ebi: L2[L7[], L7[]], Eib: L2[L0[], L7[]], Eii: L2[L0[], L0[]], put: L2[V2, _7_] -> V0 -> V1 -> L2[_8_, _9_], tr: L7[]
[16:08:22.902156]	Exploring 0: L0[], 1: L0[], Ebi: L2[L7[], L7[]], Eib: L2[L0[], L7[]], Eii: L2[L0[], L0[]], put: L2[V2, V3] -> V0 -> V1 -> L2[_8_, _9_], tr: L7[]
[16:08:22.902267]	Exploring 0: L0[], 1: L0[], Ebi: L2[L7[], L7[]], Eib: L2[L0[], L7[]], Eii: L2[L0[], L0[]], put: L2[V2, V3] -> V0 -> V1 -> L2[L0[], _9_], tr: L7[]
[16:08:22.902405]	Exploring 0: L0[], 1: L0[], Ebi: L2[L7[], L7[]], Eib: L2[L0[], L7[]], Eii: L2[L0[], L0[]], put: L2[V2, V3] -> V0 -> V1 -> L2[L0[], L0[]], tr: L7[]
[16:08:22.902609]	Exploring 0: L0[], 1: L0[], Ebi: L2[L7[], L7[]], Eib: L2[L0[], L7[]], Eii: L2[L0[], L0[]], put: L2[V2, V3] -> V0 -> V1 -> L2[L0[], L7[]], tr: L7[]
[16:08:22.902843]	Exploring 0: L0[], 1: L0[], Ebi: L2[L7[], L7[]], Eib: L2[L0[], L7[]], Eii: L2[L0[], L0[]], put: L2[V2, V3] -> V0 -> V1 -> L2[L0[], V0], tr: L7[]
[16:08:22.903096]	Exploring 0: L0[], 1: L0[], Ebi: L2[L7[], L7[]], Eib: L2[L0[], L7[]], Eii: L2[L0[], L0[]], put: L2[V2, V3] -> V0 -> V1 -> L2[L0[], V1], tr: L7[]
[16:08:22.903326]	Exploring 0: L0[], 1: L0[], Ebi: L2[L7[], L7[]], Eib: L2[L0[], L7[]], Eii: L2[L0[], L0[]], put: L2[V2, V3] -> V0 -> V1 -> L2[L0[], V2], tr: L7[]
[16:08:22.903571]	Exploring 0: L0[], 1: L0[], Ebi: L2[L7[], L7[]], Eib: L2[L0[], L7[]], Eii: L2[L0[], L0[]], put: L2[V2, V3] -> V0 -> V1 -> L2[L0[], V3], tr: L7[]
[16:08:22.903787]	Exploring 0: L0[], 1: L0[], Ebi: L2[L7[], L7[]], Eib: L2[L0[], L7[]], Eii: L2[L0[], L0[]], put: L2[V2, V3] -> V0 -> V1 -> L2[L7[], _9_], tr: L7[]
[16:08:22.903905]	Exploring 0: L0[], 1: L0[], Ebi: L2[L7[], L7[]], Eib: L2[L0[], L7[]], Eii: L2[L0[], L0[]], put: L2[V2, V3] -> V0 -> V1 -> L2[L7[], L0[]], tr: L7[]
[16:08:22.904102]	Exploring 0: L0[], 1: L0[], Ebi: L2[L7[], L7[]], Eib: L2[L0[], L7[]], Eii: L2[L0[], L0[]], put: L2[V2, V3] -> V0 -> V1 -> L2[L7[], L7[]], tr: L7[]
[16:08:22.904321]	Exploring 0: L0[], 1: L0[], Ebi: L2[L7[], L7[]], Eib: L2[L0[], L7[]], Eii: L2[L0[], L0[]], put: L2[V2, V3] -> V0 -> V1 -> L2[L7[], V0], tr: L7[]
[16:08:22.904561]	Exploring 0: L0[], 1: L0[], Ebi: L2[L7[], L7[]], Eib: L2[L0[], L7[]], Eii: L2[L0[], L0[]], put: L2[V2, V3] -> V0 -> V1 -> L2[L7[], V1], tr: L7[]
[16:08:22.904858]	Exploring 0: L0[], 1: L0[], Ebi: L2[L7[], L7[]], Eib: L2[L0[], L7[]], Eii: L2[L0[], L0[]], put: L2[V2, V3] -> V0 -> V1 -> L2[L7[], V2], tr: L7[]
[16:08:22.905154]	Exploring 0: L0[], 1: L0[], Ebi: L2[L7[], L7[]], Eib: L2[L0[], L7[]], Eii: L2[L0[], L0[]], put: L2[V2, V3] -> V0 -> V1 -> L2[L7[], V3], tr: L7[]
[16:08:22.905460]	Exploring 0: L0[], 1: L0[], Ebi: L2[L7[], L7[]], Eib: L2[L0[], L7[]], Eii: L2[L0[], L0[]], put: L2[V2, V3] -> V0 -> V1 -> L2[V0, _9_], tr: L7[]
[16:08:22.905600]	Exploring 0: L0[], 1: L0[], Ebi: L2[L7[], L7[]], Eib: L2[L0[], L7[]], Eii: L2[L0[], L0[]], put: L2[V2, V3] -> V0 -> V1 -> L2[V0, L0[]], tr: L7[]
[16:08:22.905834]	Exploring 0: L0[], 1: L0[], Ebi: L2[L7[], L7[]], Eib: L2[L0[], L7[]], Eii: L2[L0[], L0[]], put: L2[V2, V3] -> V0 -> V1 -> L2[V0, L7[]], tr: L7[]
[16:08:22.906068]	Exploring 0: L0[], 1: L0[], Ebi: L2[L7[], L7[]], Eib: L2[L0[], L7[]], Eii: L2[L0[], L0[]], put: L2[V2, V3] -> V0 -> V1 -> L2[V0, V0], tr: L7[]
[16:08:22.906298]	Exploring 0: L0[], 1: L0[], Ebi: L2[L7[], L7[]], Eib: L2[L0[], L7[]], Eii: L2[L0[], L0[]], put: L2[V2, V3] -> V0 -> V1 -> L2[V0, V1], tr: L7[]
[16:08:22.906540]	Exploring 0: L0[], 1: L0[], Ebi: L2[L7[], L7[]], Eib: L2[L0[], L7[]], Eii: L2[L0[], L0[]], put: L2[V2, V3] -> V0 -> V1 -> L2[V0, V2], tr: L7[]
[16:08:22.906767]	Exploring 0: L0[], 1: L0[], Ebi: L2[L7[], L7[]], Eib: L2[L0[], L7[]], Eii: L2[L0[], L0[]], put: L2[V2, V3] -> V0 -> V1 -> L2[V0, V3], tr: L7[]
[16:08:22.906998]	Exploring 0: L0[], 1: L0[], Ebi: L2[L7[], L7[]], Eib: L2[L0[], L7[]], Eii: L2[L0[], L0[]], put: L2[V2, V3] -> V0 -> V1 -> L2[V1, _9_], tr: L7[]
[16:08:22.907151]	Exploring 0: L0[], 1: L0[], Ebi: L2[L7[], L7[]], Eib: L2[L0[], L7[]], Eii: L2[L0[], L0[]], put: L2[V2, V3] -> V0 -> V1 -> L2[V1, L0[]], tr: L7[]
[16:08:22.907390]	Exploring 0: L0[], 1: L0[], Ebi: L2[L7[], L7[]], Eib: L2[L0[], L7[]], Eii: L2[L0[], L0[]], put: L2[V2, V3] -> V0 -> V1 -> L2[V1, L7[]], tr: L7[]
[16:08:22.907642]	Exploring 0: L0[], 1: L0[], Ebi: L2[L7[], L7[]], Eib: L2[L0[], L7[]], Eii: L2[L0[], L0[]], put: L2[V2, V3] -> V0 -> V1 -> L2[V1, V0], tr: L7[]
[16:08:22.907873]	Exploring 0: L0[], 1: L0[], Ebi: L2[L7[], L7[]], Eib: L2[L0[], L7[]], Eii: L2[L0[], L0[]], put: L2[V2, V3] -> V0 -> V1 -> L2[V1, V1], tr: L7[]
[16:08:22.908105]	Exploring 0: L0[], 1: L0[], Ebi: L2[L7[], L7[]], Eib: L2[L0[], L7[]], Eii: L2[L0[], L0[]], put: L2[V2, V3] -> V0 -> V1 -> L2[V1, V2], tr: L7[]
[16:08:22.908360]	Exploring 0: L0[], 1: L0[], Ebi: L2[L7[], L7[]], Eib: L2[L0[], L7[]], Eii: L2[L0[], L0[]], put: L2[V2, V3] -> V0 -> V1 -> L2[V1, V3], tr: L7[]
[16:08:22.908578]	Exploring 0: L0[], 1: L0[], Ebi: L2[L7[], L7[]], Eib: L2[L0[], L7[]], Eii: L2[L0[], L0[]], put: L2[V2, V3] -> V0 -> V1 -> L2[V2, _9_], tr: L7[]
[16:08:22.908706]	Exploring 0: L0[], 1: L0[], Ebi: L2[L7[], L7[]], Eib: L2[L0[], L7[]], Eii: L2[L0[], L0[]], put: L2[V2, V3] -> V0 -> V1 -> L2[V2, L0[]], tr: L7[]
[16:08:22.908916]	Exploring 0: L0[], 1: L0[], Ebi: L2[L7[], L7[]], Eib: L2[L0[], L7[]], Eii: L2[L0[], L0[]], put: L2[V2, V3] -> V0 -> V1 -> L2[V2, L7[]], tr: L7[]
[16:08:22.909136]	Exploring 0: L0[], 1: L0[], Ebi: L2[L7[], L7[]], Eib: L2[L0[], L7[]], Eii: L2[L0[], L0[]], put: L2[V2, V3] -> V0 -> V1 -> L2[V2, V0], tr: L7[]
[16:08:22.909372]	Exploring 0: L0[], 1: L0[], Ebi: L2[L7[], L7[]], Eib: L2[L0[], L7[]], Eii: L2[L0[], L0[]], put: L2[V2, V3] -> V0 -> V1 -> L2[V2, V1], tr: L7[]
[16:08:22.909589]	Exploring 0: L0[], 1: L0[], Ebi: L2[L7[], L7[]], Eib: L2[L0[], L7[]], Eii: L2[L0[], L0[]], put: L2[V2, V3] -> V0 -> V1 -> L2[V2, V2], tr: L7[]
[16:08:22.909849]	Exploring 0: L0[], 1: L0[], Ebi: L2[L7[], L7[]], Eib: L2[L0[], L7[]], Eii: L2[L0[], L0[]], put: L2[V2, V3] -> V0 -> V1 -> L2[V2, V3], tr: L7[]
[16:08:22.910080]	Exploring 0: L0[], 1: L0[], Ebi: L2[L7[], L7[]], Eib: L2[L0[], L7[]], Eii: L2[L0[], L0[]], put: L2[V2, V3] -> V0 -> V1 -> L2[V3, _9_], tr: L7[]
[16:08:22.910220]	Exploring 0: L0[], 1: L0[], Ebi: L2[L7[], L7[]], Eib: L2[L0[], L7[]], Eii: L2[L0[], L0[]], put: L2[V2, V3] -> V0 -> V1 -> L2[V3, L0[]], tr: L7[]
[16:08:22.910455]	Exploring 0: L0[], 1: L0[], Ebi: L2[L7[], L7[]], Eib: L2[L0[], L7[]], Eii: L2[L0[], L0[]], put: L2[V2, V3] -> V0 -> V1 -> L2[V3, L7[]], tr: L7[]
[16:08:22.910690]	Exploring 0: L0[], 1: L0[], Ebi: L2[L7[], L7[]], Eib: L2[L0[], L7[]], Eii: L2[L0[], L0[]], put: L2[V2, V3] -> V0 -> V1 -> L2[V3, V0], tr: L7[]
[16:08:22.910929]	Exploring 0: L0[], 1: L0[], Ebi: L2[L7[], L7[]], Eib: L2[L0[], L7[]], Eii: L2[L0[], L0[]], put: L2[V2, V3] -> V0 -> V1 -> L2[V3, V1], tr: L7[]
[16:08:22.911166]	Exploring 0: L0[], 1: L0[], Ebi: L2[L7[], L7[]], Eib: L2[L0[], L7[]], Eii: L2[L0[], L0[]], put: L2[V2, V3] -> V0 -> V1 -> L2[V3, V2], tr: L7[]
[16:08:22.911388]	Exploring 0: L0[], 1: L0[], Ebi: L2[L7[], L7[]], Eib: L2[L0[], L7[]], Eii: L2[L0[], L0[]], put: L2[V2, V3] -> V0 -> V1 -> L2[V3, V3], tr: L7[]
[16:08:22.911595]	Exploring 0: L0[], 1: L0[], Ebi: L2[L7[], L7[]], Eib: L2[L0[], L7[]], Eii: L2[L0[], L7[]], put: L2[_6_, _7_] -> V0 -> V1 -> L2[_8_, _9_], tr: L7[]
[16:08:22.911701]	Exploring 0: L0[], 1: L0[], Ebi: L2[L7[], L7[]], Eib: L2[L0[], L7[]], Eii: L2[L0[], L7[]], put: L2[V0, _7_] -> V0 -> V1 -> L2[_8_, _9_], tr: L7[]
[16:08:22.911817]	Exploring 0: L0[], 1: L0[], Ebi: L2[L7[], L7[]], Eib: L2[L0[], L7[]], Eii: L2[L0[], L7[]], put: L2[V0, L7[]] -> V0 -> V1 -> L2[_8_, _9_], tr: L7[]
[16:08:22.911928]	Exploring 0: L0[], 1: L0[], Ebi: L2[L7[], L7[]], Eib: L2[L0[], L7[]], Eii: L2[L0[], L7[]], put: L2[V0, L7[]] -> V0 -> V1 -> L2[V0, _9_], tr: L7[]
[16:08:22.912081]	Exploring 0: L0[], 1: L0[], Ebi: L2[L7[], L7[]], Eib: L2[L0[], L7[]], Eii: L2[L0[], L7[]], put: L2[V0, L7[]] -> V0 -> V1 -> L2[V0, L7[]], tr: L7[]
[16:08:22.912357]	Exploring 0: L0[], 1: L0[], Ebi: L2[L7[], L7[]], Eib: L2[L0[], L7[]], Eii: L2[L0[], L7[]], put: L2[V0, V2] -> V0 -> V1 -> L2[_8_, _9_], tr: L7[]
[16:08:22.912475]	Exploring 0: L0[], 1: L0[], Ebi: L2[L7[], L7[]], Eib: L2[L0[], L7[]], Eii: L2[L0[], L7[]], put: L2[V0, V2] -> V0 -> V1 -> L2[V0, _9_], tr: L7[]
[16:08:22.912628]	Exploring 0: L0[], 1: L0[], Ebi: L2[L7[], L7[]], Eib: L2[L0[], L7[]], Eii: L2[L0[], L7[]], put: L2[V0, V2] -> V0 -> V1 -> L2[V0, L0[]], tr: L7[]
[16:08:22.912933]	Exploring 0: L0[], 1: L0[], Ebi: L2[L7[], L7[]], Eib: L2[L0[], L7[]], Eii: L2[L0[], L7[]], put: L2[V0, V2] -> V0 -> V1 -> L2[V0, L7[]], tr: L7[]
[16:08:22.913152]	Exploring 0: L0[], 1: L0[], Ebi: L2[L7[], L7[]], Eib: L2[L0[], L7[]], Eii: L2[L0[], L7[]], put: L2[V0, V2] -> V0 -> V1 -> L2[V0, V0], tr: L7[]
[16:08:22.913365]	Exploring 0: L0[], 1: L0[], Ebi: L2[L7[], L7[]], Eib: L2[L0[], L7[]], Eii: L2[L0[], L7[]], put: L2[V0, V2] -> V0 -> V1 -> L2[V0, V1], tr: L7[]
[16:08:22.913620]	Exploring 0: L0[], 1: L0[], Ebi: L2[L7[], L7[]], Eib: L2[L0[], L7[]], Eii: L2[L0[], L7[]], put: L2[V0, V2] -> V0 -> V1 -> L2[V0, V2], tr: L7[]
[16:08:22.913856]	Exploring 0: L0[], 1: L0[], Ebi: L2[L7[], L7[]], Eib: L2[L0[], L7[]], Eii: L2[L0[], L7[]], put: L2[V2, _7_] -> V0 -> V1 -> L2[_8_, _9_], tr: L7[]
[16:08:22.913979]	Exploring 0: L0[], 1: L0[], Ebi: L2[L7[], L7[]], Eib: L2[L0[], L7[]], Eii: L2[L0[], L7[]], put: L2[V2, L7[]] -> V0 -> V1 -> L2[_8_, _9_], tr: L7[]
[16:08:22.914120]	Exploring 0: L0[], 1: L0[], Ebi: L2[L7[], L7[]], Eib: L2[L0[], L7[]], Eii: L2[L0[], L7[]], put: L2[V2, L7[]] -> V0 -> V1 -> L2[L0[], _9_], tr: L7[]
[16:08:22.914222]	Exploring 0: L0[], 1: L0[], Ebi: L2[L7[], L7[]], Eib: L2[L0[], L7[]], Eii: L2[L0[], L7[]], put: L2[V2, L7[]] -> V0 -> V1 -> L2[L0[], L7[]], tr: L7[]
[16:08:22.914437]	Exploring 0: L0[], 1: L0[], Ebi: L2[L7[], L7[]], Eib: L2[L0[], L7[]], Eii: L2[L0[], L7[]], put: L2[V2, L7[]] -> V0 -> V1 -> L2[L7[], _9_], tr: L7[]
[16:08:22.914536]	Exploring 0: L0[], 1: L0[], Ebi: L2[L7[], L7[]], Eib: L2[L0[], L7[]], Eii: L2[L0[], L7[]], put: L2[V2, L7[]] -> V0 -> V1 -> L2[L7[], L7[]], tr: L7[]
[16:08:22.914761]	Exploring 0: L0[], 1: L0[], Ebi: L2[L7[], L7[]], Eib: L2[L0[], L7[]], Eii: L2[L0[], L7[]], put: L2[V2, L7[]] -> V0 -> V1 -> L2[V0, _9_], tr: L7[]
[16:08:22.914868]	Exploring 0: L0[], 1: L0[], Ebi: L2[L7[], L7[]], Eib: L2[L0[], L7[]], Eii: L2[L0[], L7[]], put: L2[V2, L7[]] -> V0 -> V1 -> L2[V0, L7[]], tr: L7[]
[16:08:22.915099]	Exploring 0: L0[], 1: L0[], Ebi: L2[L7[], L7[]], Eib: L2[L0[], L7[]], Eii: L2[L0[], L7[]], put: L2[V2, L7[]] -> V0 -> V1 -> L2[V1, _9_], tr: L7[]
[16:08:22.915211]	Exploring 0: L0[], 1: L0[], Ebi: L2[L7[], L7[]], Eib: L2[L0[], L7[]], Eii: L2[L0[], L7[]], put: L2[V2, L7[]] -> V0 -> V1 -> L2[V1, L7[]], tr: L7[]
[16:08:22.915450]	Exploring 0: L0[], 1: L0[], Ebi: L2[L7[], L7[]], Eib: L2[L0[], L7[]], Eii: L2[L0[], L7[]], put: L2[V2, L7[]] -> V0 -> V1 -> L2[V2, _9_], tr: L7[]
[16:08:22.915555]	Exploring 0: L0[], 1: L0[], Ebi: L2[L7[], L7[]], Eib: L2[L0[], L7[]], Eii: L2[L0[], L7[]], put: L2[V2, L7[]] -> V0 -> V1 -> L2[V2, L7[]], tr: L7[]
[16:08:22.915812]	Exploring 0: L0[], 1: L0[], Ebi: L2[L7[], L7[]], Eib: L2[L0[], L7[]], Eii: L2[L0[], L7[]], put: L2[V2, V3] -> V0 -> V1 -> L2[_8_, _9_], tr: L7[]
[16:08:22.915914]	Exploring 0: L0[], 1: L0[], Ebi: L2[L7[], L7[]], Eib: L2[L0[], L7[]], Eii: L2[L0[], L7[]], put: L2[V2, V3] -> V0 -> V1 -> L2[L0[], _9_], tr: L7[]
[16:08:22.916017]	Exploring 0: L0[], 1: L0[], Ebi: L2[L7[], L7[]], Eib: L2[L0[], L7[]], Eii: L2[L0[], L7[]], put: L2[V2, V3] -> V0 -> V1 -> L2[L0[], L0[]], tr: L7[]
[16:08:22.916224]	Exploring 0: L0[], 1: L0[], Ebi: L2[L7[], L7[]], Eib: L2[L0[], L7[]], Eii: L2[L0[], L7[]], put: L2[V2, V3] -> V0 -> V1 -> L2[L0[], L7[]], tr: L7[]
[16:08:22.916432]	Exploring 0: L0[], 1: L0[], Ebi: L2[L7[], L7[]], Eib: L2[L0[], L7[]], Eii: L2[L0[], L7[]], put: L2[V2, V3] -> V0 -> V1 -> L2[L0[], V0], tr: L7[]
[16:08:22.916662]	Exploring 0: L0[], 1: L0[], Ebi: L2[L7[], L7[]], Eib: L2[L0[], L7[]], Eii: L2[L0[], L7[]], put: L2[V2, V3] -> V0 -> V1 -> L2[L0[], V1], tr: L7[]
[16:08:22.916883]	Exploring 0: L0[], 1: L0[], Ebi: L2[L7[], L7[]], Eib: L2[L0[], L7[]], Eii: L2[L0[], L7[]], put: L2[V2, V3] -> V0 -> V1 -> L2[L0[], V2], tr: L7[]
[16:08:22.917090]	Exploring 0: L0[], 1: L0[], Ebi: L2[L7[], L7[]], Eib: L2[L0[], L7[]], Eii: L2[L0[], L7[]], put: L2[V2, V3] -> V0 -> V1 -> L2[L0[], V3], tr: L7[]
[16:08:22.917291]	Exploring 0: L0[], 1: L0[], Ebi: L2[L7[], L7[]], Eib: L2[L0[], L7[]], Eii: L2[L0[], L7[]], put: L2[V2, V3] -> V0 -> V1 -> L2[L7[], _9_], tr: L7[]
[16:08:22.917396]	Exploring 0: L0[], 1: L0[], Ebi: L2[L7[], L7[]], Eib: L2[L0[], L7[]], Eii: L2[L0[], L7[]], put: L2[V2, V3] -> V0 -> V1 -> L2[L7[], L0[]], tr: L7[]
[16:08:22.917589]	Exploring 0: L0[], 1: L0[], Ebi: L2[L7[], L7[]], Eib: L2[L0[], L7[]], Eii: L2[L0[], L7[]], put: L2[V2, V3] -> V0 -> V1 -> L2[L7[], L7[]], tr: L7[]
[16:08:22.917797]	Exploring 0: L0[], 1: L0[], Ebi: L2[L7[], L7[]], Eib: L2[L0[], L7[]], Eii: L2[L0[], L7[]], put: L2[V2, V3] -> V0 -> V1 -> L2[L7[], V0], tr: L7[]
[16:08:22.918027]	Exploring 0: L0[], 1: L0[], Ebi: L2[L7[], L7[]], Eib: L2[L0[], L7[]], Eii: L2[L0[], L7[]], put: L2[V2, V3] -> V0 -> V1 -> L2[L7[], V1], tr: L7[]
[16:08:22.918260]	Exploring 0: L0[], 1: L0[], Ebi: L2[L7[], L7[]], Eib: L2[L0[], L7[]], Eii: L2[L0[], L7[]], put: L2[V2, V3] -> V0 -> V1 -> L2[L7[], V2], tr: L7[]
[16:08:22.918474]	Exploring 0: L0[], 1: L0[], Ebi: L2[L7[], L7[]], Eib: L2[L0[], L7[]], Eii: L2[L0[], L7[]], put: L2[V2, V3] -> V0 -> V1 -> L2[L7[], V3], tr: L7[]
[16:08:22.918696]	Exploring 0: L0[], 1: L0[], Ebi: L2[L7[], L7[]], Eib: L2[L0[], L7[]], Eii: L2[L0[], L7[]], put: L2[V2, V3] -> V0 -> V1 -> L2[V0, _9_], tr: L7[]
[16:08:22.918823]	Exploring 0: L0[], 1: L0[], Ebi: L2[L7[], L7[]], Eib: L2[L0[], L7[]], Eii: L2[L0[], L7[]], put: L2[V2, V3] -> V0 -> V1 -> L2[V0, L0[]], tr: L7[]
[16:08:22.919055]	Exploring 0: L0[], 1: L0[], Ebi: L2[L7[], L7[]], Eib: L2[L0[], L7[]], Eii: L2[L0[], L7[]], put: L2[V2, V3] -> V0 -> V1 -> L2[V0, L7[]], tr: L7[]
[16:08:22.919298]	Exploring 0: L0[], 1: L0[], Ebi: L2[L7[], L7[]], Eib: L2[L0[], L7[]], Eii: L2[L0[], L7[]], put: L2[V2, V3] -> V0 -> V1 -> L2[V0, V0], tr: L7[]
[16:08:22.919534]	Exploring 0: L0[], 1: L0[], Ebi: L2[L7[], L7[]], Eib: L2[L0[], L7[]], Eii: L2[L0[], L7[]], put: L2[V2, V3] -> V0 -> V1 -> L2[V0, V1], tr: L7[]
[16:08:22.919770]	Exploring 0: L0[], 1: L0[], Ebi: L2[L7[], L7[]], Eib: L2[L0[], L7[]], Eii: L2[L0[], L7[]], put: L2[V2, V3] -> V0 -> V1 -> L2[V0, V2], tr: L7[]
[16:08:22.920003]	Exploring 0: L0[], 1: L0[], Ebi: L2[L7[], L7[]], Eib: L2[L0[], L7[]], Eii: L2[L0[], L7[]], put: L2[V2, V3] -> V0 -> V1 -> L2[V0, V3], tr: L7[]
[16:08:22.920231]	Exploring 0: L0[], 1: L0[], Ebi: L2[L7[], L7[]], Eib: L2[L0[], L7[]], Eii: L2[L0[], L7[]], put: L2[V2, V3] -> V0 -> V1 -> L2[V1, _9_], tr: L7[]
[16:08:22.920372]	Exploring 0: L0[], 1: L0[], Ebi: L2[L7[], L7[]], Eib: L2[L0[], L7[]], Eii: L2[L0[], L7[]], put: L2[V2, V3] -> V0 -> V1 -> L2[V1, L0[]], tr: L7[]
[16:08:22.920609]	Exploring 0: L0[], 1: L0[], Ebi: L2[L7[], L7[]], Eib: L2[L0[], L7[]], Eii: L2[L0[], L7[]], put: L2[V2, V3] -> V0 -> V1 -> L2[V1, L7[]], tr: L7[]
[16:08:22.920847]	Exploring 0: L0[], 1: L0[], Ebi: L2[L7[], L7[]], Eib: L2[L0[], L7[]], Eii: L2[L0[], L7[]], put: L2[V2, V3] -> V0 -> V1 -> L2[V1, V0], tr: L7[]
[16:08:22.921077]	Exploring 0: L0[], 1: L0[], Ebi: L2[L7[], L7[]], Eib: L2[L0[], L7[]], Eii: L2[L0[], L7[]], put: L2[V2, V3] -> V0 -> V1 -> L2[V1, V1], tr: L7[]
[16:08:22.921395]	Exploring 0: L0[], 1: L0[], Ebi: L2[L7[], L7[]], Eib: L2[L0[], L7[]], Eii: L2[L0[], L7[]], put: L2[V2, V3] -> V0 -> V1 -> L2[V1, V2], tr: L7[]
[16:08:22.921659]	Exploring 0: L0[], 1: L0[], Ebi: L2[L7[], L7[]], Eib: L2[L0[], L7[]], Eii: L2[L0[], L7[]], put: L2[V2, V3] -> V0 -> V1 -> L2[V1, V3], tr: L7[]
[16:08:22.921876]	Exploring 0: L0[], 1: L0[], Ebi: L2[L7[], L7[]], Eib: L2[L0[], L7[]], Eii: L2[L0[], L7[]], put: L2[V2, V3] -> V0 -> V1 -> L2[V2, _9_], tr: L7[]
[16:08:22.922002]	Exploring 0: L0[], 1: L0[], Ebi: L2[L7[], L7[]], Eib: L2[L0[], L7[]], Eii: L2[L0[], L7[]], put: L2[V2, V3] -> V0 -> V1 -> L2[V2, L0[]], tr: L7[]
[16:08:22.922212]	Exploring 0: L0[], 1: L0[], Ebi: L2[L7[], L7[]], Eib: L2[L0[], L7[]], Eii: L2[L0[], L7[]], put: L2[V2, V3] -> V0 -> V1 -> L2[V2, L7[]], tr: L7[]
[16:08:22.922432]	Exploring 0: L0[], 1: L0[], Ebi: L2[L7[], L7[]], Eib: L2[L0[], L7[]], Eii: L2[L0[], L7[]], put: L2[V2, V3] -> V0 -> V1 -> L2[V2, V0], tr: L7[]
[16:08:22.922738]	Exploring 0: L0[], 1: L0[], Ebi: L2[L7[], L7[]], Eib: L2[L0[], L7[]], Eii: L2[L0[], L7[]], put: L2[V2, V3] -> V0 -> V1 -> L2[V2, V1], tr: L7[]
[16:08:22.922969]	Exploring 0: L0[], 1: L0[], Ebi: L2[L7[], L7[]], Eib: L2[L0[], L7[]], Eii: L2[L0[], L7[]], put: L2[V2, V3] -> V0 -> V1 -> L2[V2, V2], tr: L7[]
[16:08:22.923176]	Exploring 0: L0[], 1: L0[], Ebi: L2[L7[], L7[]], Eib: L2[L0[], L7[]], Eii: L2[L0[], L7[]], put: L2[V2, V3] -> V0 -> V1 -> L2[V2, V3], tr: L7[]
[16:08:22.923395]	Exploring 0: L0[], 1: L0[], Ebi: L2[L7[], L7[]], Eib: L2[L0[], L7[]], Eii: L2[L0[], L7[]], put: L2[V2, V3] -> V0 -> V1 -> L2[V3, _9_], tr: L7[]
[16:08:22.923544]	Exploring 0: L0[], 1: L0[], Ebi: L2[L7[], L7[]], Eib: L2[L0[], L7[]], Eii: L2[L0[], L7[]], put: L2[V2, V3] -> V0 -> V1 -> L2[V3, L0[]], tr: L7[]
[16:08:22.923765]	Exploring 0: L0[], 1: L0[], Ebi: L2[L7[], L7[]], Eib: L2[L0[], L7[]], Eii: L2[L0[], L7[]], put: L2[V2, V3] -> V0 -> V1 -> L2[V3, L7[]], tr: L7[]
[16:08:22.923990]	Exploring 0: L0[], 1: L0[], Ebi: L2[L7[], L7[]], Eib: L2[L0[], L7[]], Eii: L2[L0[], L7[]], put: L2[V2, V3] -> V0 -> V1 -> L2[V3, V0], tr: L7[]
[16:08:22.924248]	Exploring 0: L0[], 1: L0[], Ebi: L2[L7[], L7[]], Eib: L2[L0[], L7[]], Eii: L2[L0[], L7[]], put: L2[V2, V3] -> V0 -> V1 -> L2[V3, V1], tr: L7[]
[16:08:22.924487]	Exploring 0: L0[], 1: L0[], Ebi: L2[L7[], L7[]], Eib: L2[L0[], L7[]], Eii: L2[L0[], L7[]], put: L2[V2, V3] -> V0 -> V1 -> L2[V3, V2], tr: L7[]
[16:08:22.924715]	Exploring 0: L0[], 1: L0[], Ebi: L2[L7[], L7[]], Eib: L2[L0[], L7[]], Eii: L2[L0[], L7[]], put: L2[V2, V3] -> V0 -> V1 -> L2[V3, V3], tr: L7[]
[16:08:22.924908]	Exploring 0: L0[], 1: L0[], Ebi: L2[L7[], L7[]], Eib: L2[L0[], L7[]], Eii: L2[L7[], _5_], put: L2[_6_, _7_] -> V0 -> V1 -> L2[_8_, _9_], tr: L7[]
[16:08:22.924998]	Exploring 0: L0[], 1: L0[], Ebi: L2[L7[], L7[]], Eib: L2[L0[], L7[]], Eii: L2[L7[], L0[]], put: L2[_6_, _7_] -> V0 -> V1 -> L2[_8_, _9_], tr: L7[]
[16:08:22.925153]	Exploring 0: L0[], 1: L0[], Ebi: L2[L7[], L7[]], Eib: L2[L0[], L7[]], Eii: L2[L7[], L0[]], put: L2[V2, _7_] -> V0 -> V1 -> L2[_8_, _9_], tr: L7[]
[16:08:22.925315]	Exploring 0: L0[], 1: L0[], Ebi: L2[L7[], L7[]], Eib: L2[L0[], L7[]], Eii: L2[L7[], L0[]], put: L2[V2, V3] -> V0 -> V1 -> L2[_8_, _9_], tr: L7[]
[16:08:22.925477]	Exploring 0: L0[], 1: L0[], Ebi: L2[L7[], L7[]], Eib: L2[L0[], L7[]], Eii: L2[L7[], L0[]], put: L2[V2, V3] -> V0 -> V1 -> L2[L0[], _9_], tr: L7[]
[16:08:22.925663]	Exploring 0: L0[], 1: L0[], Ebi: L2[L7[], L7[]], Eib: L2[L0[], L7[]], Eii: L2[L7[], L0[]], put: L2[V2, V3] -> V0 -> V1 -> L2[L0[], L0[]], tr: L7[]
[16:08:22.925961]	Exploring 0: L0[], 1: L0[], Ebi: L2[L7[], L7[]], Eib: L2[L0[], L7[]], Eii: L2[L7[], L0[]], put: L2[V2, V3] -> V0 -> V1 -> L2[L0[], L7[]], tr: L7[]
[16:08:22.926241]	Exploring 0: L0[], 1: L0[], Ebi: L2[L7[], L7[]], Eib: L2[L0[], L7[]], Eii: L2[L7[], L0[]], put: L2[V2, V3] -> V0 -> V1 -> L2[L0[], V0], tr: L7[]
[16:08:22.926548]	Exploring 0: L0[], 1: L0[], Ebi: L2[L7[], L7[]], Eib: L2[L0[], L7[]], Eii: L2[L7[], L0[]], put: L2[V2, V3] -> V0 -> V1 -> L2[L0[], V1], tr: L7[]
[16:08:22.927038]	Exploring 0: L0[], 1: L0[], Ebi: L2[L7[], L7[]], Eib: L2[L0[], L7[]], Eii: L2[L7[], L0[]], put: L2[V2, V3] -> V0 -> V1 -> L2[L0[], V2], tr: L7[]
[16:08:22.927456]	Exploring 0: L0[], 1: L0[], Ebi: L2[L7[], L7[]], Eib: L2[L0[], L7[]], Eii: L2[L7[], L0[]], put: L2[V2, V3] -> V0 -> V1 -> L2[L0[], V3], tr: L7[]
[16:08:22.927797]	Exploring 0: L0[], 1: L0[], Ebi: L2[L7[], L7[]], Eib: L2[L0[], L7[]], Eii: L2[L7[], L0[]], put: L2[V2, V3] -> V0 -> V1 -> L2[L7[], _9_], tr: L7[]
[16:08:22.928002]	Exploring 0: L0[], 1: L0[], Ebi: L2[L7[], L7[]], Eib: L2[L0[], L7[]], Eii: L2[L7[], L0[]], put: L2[V2, V3] -> V0 -> V1 -> L2[L7[], L0[]], tr: L7[]
[16:08:22.928271]	Exploring 0: L0[], 1: L0[], Ebi: L2[L7[], L7[]], Eib: L2[L0[], L7[]], Eii: L2[L7[], L0[]], put: L2[V2, V3] -> V0 -> V1 -> L2[L7[], L7[]], tr: L7[]
[16:08:22.928552]	Exploring 0: L0[], 1: L0[], Ebi: L2[L7[], L7[]], Eib: L2[L0[], L7[]], Eii: L2[L7[], L0[]], put: L2[V2, V3] -> V0 -> V1 -> L2[L7[], V0], tr: L7[]
[16:08:22.928873]	Exploring 0: L0[], 1: L0[], Ebi: L2[L7[], L7[]], Eib: L2[L0[], L7[]], Eii: L2[L7[], L0[]], put: L2[V2, V3] -> V0 -> V1 -> L2[L7[], V1], tr: L7[]
[16:08:22.929132]	Exploring 0: L0[], 1: L0[], Ebi: L2[L7[], L7[]], Eib: L2[L0[], L7[]], Eii: L2[L7[], L0[]], put: L2[V2, V3] -> V0 -> V1 -> L2[L7[], V2], tr: L7[]
[16:08:22.929358]	Exploring 0: L0[], 1: L0[], Ebi: L2[L7[], L7[]], Eib: L2[L0[], L7[]], Eii: L2[L7[], L0[]], put: L2[V2, V3] -> V0 -> V1 -> L2[L7[], V3], tr: L7[]
[16:08:22.929742]	Exploring 0: L0[], 1: L0[], Ebi: L2[L7[], L7[]], Eib: L2[L0[], L7[]], Eii: L2[L7[], L0[]], put: L2[V2, V3] -> V0 -> V1 -> L2[V0, _9_], tr: L7[]
[16:08:22.929983]	Exploring 0: L0[], 1: L0[], Ebi: L2[L7[], L7[]], Eib: L2[L0[], L7[]], Eii: L2[L7[], L0[]], put: L2[V2, V3] -> V0 -> V1 -> L2[V0, L0[]], tr: L7[]
[16:08:22.930360]	Exploring 0: L0[], 1: L0[], Ebi: L2[L7[], L7[]], Eib: L2[L0[], L7[]], Eii: L2[L7[], L0[]], put: L2[V2, V3] -> V0 -> V1 -> L2[V0, L7[]], tr: L7[]
[16:08:22.930738]	Exploring 0: L0[], 1: L0[], Ebi: L2[L7[], L7[]], Eib: L2[L0[], L7[]], Eii: L2[L7[], L0[]], put: L2[V2, V3] -> V0 -> V1 -> L2[V0, V0], tr: L7[]
[16:08:22.931099]	Exploring 0: L0[], 1: L0[], Ebi: L2[L7[], L7[]], Eib: L2[L0[], L7[]], Eii: L2[L7[], L0[]], put: L2[V2, V3] -> V0 -> V1 -> L2[V0, V1], tr: L7[]
[16:08:22.931460]	Exploring 0: L0[], 1: L0[], Ebi: L2[L7[], L7[]], Eib: L2[L0[], L7[]], Eii: L2[L7[], L0[]], put: L2[V2, V3] -> V0 -> V1 -> L2[V0, V2], tr: L7[]
[16:08:22.931718]	Exploring 0: L0[], 1: L0[], Ebi: L2[L7[], L7[]], Eib: L2[L0[], L7[]], Eii: L2[L7[], L0[]], put: L2[V2, V3] -> V0 -> V1 -> L2[V0, V3], tr: L7[]
[16:08:22.931958]	Exploring 0: L0[], 1: L0[], Ebi: L2[L7[], L7[]], Eib: L2[L0[], L7[]], Eii: L2[L7[], L0[]], put: L2[V2, V3] -> V0 -> V1 -> L2[V1, _9_], tr: L7[]
[16:08:22.932135]	Exploring 0: L0[], 1: L0[], Ebi: L2[L7[], L7[]], Eib: L2[L0[], L7[]], Eii: L2[L7[], L0[]], put: L2[V2, V3] -> V0 -> V1 -> L2[V1, L0[]], tr: L7[]
[16:08:22.932385]	Exploring 0: L0[], 1: L0[], Ebi: L2[L7[], L7[]], Eib: L2[L0[], L7[]], Eii: L2[L7[], L0[]], put: L2[V2, V3] -> V0 -> V1 -> L2[V1, L7[]], tr: L7[]
[16:08:22.932691]	Exploring 0: L0[], 1: L0[], Ebi: L2[L7[], L7[]], Eib: L2[L0[], L7[]], Eii: L2[L7[], L0[]], put: L2[V2, V3] -> V0 -> V1 -> L2[V1, V0], tr: L7[]
[16:08:22.933014]	Exploring 0: L0[], 1: L0[], Ebi: L2[L7[], L7[]], Eib: L2[L0[], L7[]], Eii: L2[L7[], L0[]], put: L2[V2, V3] -> V0 -> V1 -> L2[V1, V1], tr: L7[]
[16:08:22.933291]	Exploring 0: L0[], 1: L0[], Ebi: L2[L7[], L7[]], Eib: L2[L0[], L7[]], Eii: L2[L7[], L0[]], put: L2[V2, V3] -> V0 -> V1 -> L2[V1, V2], tr: L7[]
[16:08:22.933558]	Exploring 0: L0[], 1: L0[], Ebi: L2[L7[], L7[]], Eib: L2[L0[], L7[]], Eii: L2[L7[], L0[]], put: L2[V2, V3] -> V0 -> V1 -> L2[V1, V3], tr: L7[]
[16:08:22.933812]	Exploring 0: L0[], 1: L0[], Ebi: L2[L7[], L7[]], Eib: L2[L0[], L7[]], Eii: L2[L7[], L0[]], put: L2[V2, V3] -> V0 -> V1 -> L2[V2, _9_], tr: L7[]
[16:08:22.934001]	Exploring 0: L0[], 1: L0[], Ebi: L2[L7[], L7[]], Eib: L2[L0[], L7[]], Eii: L2[L7[], L0[]], put: L2[V2, V3] -> V0 -> V1 -> L2[V2, L0[]], tr: L7[]
[16:08:22.934262]	Exploring 0: L0[], 1: L0[], Ebi: L2[L7[], L7[]], Eib: L2[L0[], L7[]], Eii: L2[L7[], L0[]], put: L2[V2, V3] -> V0 -> V1 -> L2[V2, L7[]], tr: L7[]
[16:08:22.934518]	Exploring 0: L0[], 1: L0[], Ebi: L2[L7[], L7[]], Eib: L2[L0[], L7[]], Eii: L2[L7[], L0[]], put: L2[V2, V3] -> V0 -> V1 -> L2[V2, V0], tr: L7[]
[16:08:22.934791]	Exploring 0: L0[], 1: L0[], Ebi: L2[L7[], L7[]], Eib: L2[L0[], L7[]], Eii: L2[L7[], L0[]], put: L2[V2, V3] -> V0 -> V1 -> L2[V2, V1], tr: L7[]
[16:08:22.935043]	Exploring 0: L0[], 1: L0[], Ebi: L2[L7[], L7[]], Eib: L2[L0[], L7[]], Eii: L2[L7[], L0[]], put: L2[V2, V3] -> V0 -> V1 -> L2[V2, V2], tr: L7[]
[16:08:22.935270]	Exploring 0: L0[], 1: L0[], Ebi: L2[L7[], L7[]], Eib: L2[L0[], L7[]], Eii: L2[L7[], L0[]], put: L2[V2, V3] -> V0 -> V1 -> L2[V2, V3], tr: L7[]
[16:08:22.935543]	Exploring 0: L0[], 1: L0[], Ebi: L2[L7[], L7[]], Eib: L2[L0[], L7[]], Eii: L2[L7[], L0[]], put: L2[V2, V3] -> V0 -> V1 -> L2[V3, _9_], tr: L7[]
[16:08:22.935695]	Exploring 0: L0[], 1: L0[], Ebi: L2[L7[], L7[]], Eib: L2[L0[], L7[]], Eii: L2[L7[], L0[]], put: L2[V2, V3] -> V0 -> V1 -> L2[V3, L0[]], tr: L7[]
[16:08:22.935940]	Exploring 0: L0[], 1: L0[], Ebi: L2[L7[], L7[]], Eib: L2[L0[], L7[]], Eii: L2[L7[], L0[]], put: L2[V2, V3] -> V0 -> V1 -> L2[V3, L7[]], tr: L7[]
[16:08:22.936186]	Exploring 0: L0[], 1: L0[], Ebi: L2[L7[], L7[]], Eib: L2[L0[], L7[]], Eii: L2[L7[], L0[]], put: L2[V2, V3] -> V0 -> V1 -> L2[V3, V0], tr: L7[]
[16:08:22.936454]	Exploring 0: L0[], 1: L0[], Ebi: L2[L7[], L7[]], Eib: L2[L0[], L7[]], Eii: L2[L7[], L0[]], put: L2[V2, V3] -> V0 -> V1 -> L2[V3, V1], tr: L7[]
[16:08:22.936708]	Exploring 0: L0[], 1: L0[], Ebi: L2[L7[], L7[]], Eib: L2[L0[], L7[]], Eii: L2[L7[], L0[]], put: L2[V2, V3] -> V0 -> V1 -> L2[V3, V2], tr: L7[]
[16:08:22.936954]	Exploring 0: L0[], 1: L0[], Ebi: L2[L7[], L7[]], Eib: L2[L0[], L7[]], Eii: L2[L7[], L0[]], put: L2[V2, V3] -> V0 -> V1 -> L2[V3, V3], tr: L7[]
[16:08:22.937150]	Exploring 0: L0[], 1: L0[], Ebi: L2[L7[], L7[]], Eib: L2[L0[], L7[]], Eii: L2[L7[], L7[]], put: L2[_6_, _7_] -> V0 -> V1 -> L2[_8_, _9_], tr: L7[]
[16:08:22.937334]	Exploring 0: L0[], 1: L0[], Ebi: L2[L7[], L7[]], Eib: L2[L0[], L7[]], Eii: L2[L7[], L7[]], put: L2[V2, _7_] -> V0 -> V1 -> L2[_8_, _9_], tr: L7[]
[16:08:22.937461]	Exploring 0: L0[], 1: L0[], Ebi: L2[L7[], L7[]], Eib: L2[L0[], L7[]], Eii: L2[L7[], L7[]], put: L2[V2, L7[]] -> V0 -> V1 -> L2[_8_, _9_], tr: L7[]
[16:08:22.937603]	Exploring 0: L0[], 1: L0[], Ebi: L2[L7[], L7[]], Eib: L2[L0[], L7[]], Eii: L2[L7[], L7[]], put: L2[V2, L7[]] -> V0 -> V1 -> L2[L0[], _9_], tr: L7[]
[16:08:22.937757]	Exploring 0: L0[], 1: L0[], Ebi: L2[L7[], L7[]], Eib: L2[L0[], L7[]], Eii: L2[L7[], L7[]], put: L2[V2, L7[]] -> V0 -> V1 -> L2[L0[], L7[]], tr: L7[]
[16:08:22.938114]	Exploring 0: L0[], 1: L0[], Ebi: L2[L7[], L7[]], Eib: L2[L0[], L7[]], Eii: L2[L7[], L7[]], put: L2[V2, L7[]] -> V0 -> V1 -> L2[L7[], _9_], tr: L7[]
[16:08:22.938281]	Exploring 0: L0[], 1: L0[], Ebi: L2[L7[], L7[]], Eib: L2[L0[], L7[]], Eii: L2[L7[], L7[]], put: L2[V2, L7[]] -> V0 -> V1 -> L2[L7[], L7[]], tr: L7[]
[16:08:22.938615]	Exploring 0: L0[], 1: L0[], Ebi: L2[L7[], L7[]], Eib: L2[L0[], L7[]], Eii: L2[L7[], L7[]], put: L2[V2, L7[]] -> V0 -> V1 -> L2[V0, _9_], tr: L7[]
[16:08:22.938747]	Exploring 0: L0[], 1: L0[], Ebi: L2[L7[], L7[]], Eib: L2[L0[], L7[]], Eii: L2[L7[], L7[]], put: L2[V2, L7[]] -> V0 -> V1 -> L2[V0, L7[]], tr: L7[]
[16:08:22.939010]	Exploring 0: L0[], 1: L0[], Ebi: L2[L7[], L7[]], Eib: L2[L0[], L7[]], Eii: L2[L7[], L7[]], put: L2[V2, L7[]] -> V0 -> V1 -> L2[V1, _9_], tr: L7[]
[16:08:22.939159]	Exploring 0: L0[], 1: L0[], Ebi: L2[L7[], L7[]], Eib: L2[L0[], L7[]], Eii: L2[L7[], L7[]], put: L2[V2, L7[]] -> V0 -> V1 -> L2[V1, L7[]], tr: L7[]
[16:08:22.939478]	Exploring 0: L0[], 1: L0[], Ebi: L2[L7[], L7[]], Eib: L2[L0[], L7[]], Eii: L2[L7[], L7[]], put: L2[V2, L7[]] -> V0 -> V1 -> L2[V2, _9_], tr: L7[]
[16:08:22.939602]	Exploring 0: L0[], 1: L0[], Ebi: L2[L7[], L7[]], Eib: L2[L0[], L7[]], Eii: L2[L7[], L7[]], put: L2[V2, L7[]] -> V0 -> V1 -> L2[V2, L7[]], tr: L7[]
[16:08:22.939975]	Exploring 0: L0[], 1: L0[], Ebi: L2[L7[], L7[]], Eib: L2[L0[], L7[]], Eii: L2[L7[], L7[]], put: L2[V2, V3] -> V0 -> V1 -> L2[_8_, _9_], tr: L7[]
[16:08:22.940106]	Exploring 0: L0[], 1: L0[], Ebi: L2[L7[], L7[]], Eib: L2[L0[], L7[]], Eii: L2[L7[], L7[]], put: L2[V2, V3] -> V0 -> V1 -> L2[L0[], _9_], tr: L7[]
[16:08:22.940275]	Exploring 0: L0[], 1: L0[], Ebi: L2[L7[], L7[]], Eib: L2[L0[], L7[]], Eii: L2[L7[], L7[]], put: L2[V2, V3] -> V0 -> V1 -> L2[L0[], L0[]], tr: L7[]
[16:08:22.940491]	Exploring 0: L0[], 1: L0[], Ebi: L2[L7[], L7[]], Eib: L2[L0[], L7[]], Eii: L2[L7[], L7[]], put: L2[V2, V3] -> V0 -> V1 -> L2[L0[], L7[]], tr: L7[]
[16:08:22.940722]	Exploring 0: L0[], 1: L0[], Ebi: L2[L7[], L7[]], Eib: L2[L0[], L7[]], Eii: L2[L7[], L7[]], put: L2[V2, V3] -> V0 -> V1 -> L2[L0[], V0], tr: L7[]
[16:08:22.940982]	Exploring 0: L0[], 1: L0[], Ebi: L2[L7[], L7[]], Eib: L2[L0[], L7[]], Eii: L2[L7[], L7[]], put: L2[V2, V3] -> V0 -> V1 -> L2[L0[], V1], tr: L7[]
[16:08:22.941221]	Exploring 0: L0[], 1: L0[], Ebi: L2[L7[], L7[]], Eib: L2[L0[], L7[]], Eii: L2[L7[], L7[]], put: L2[V2, V3] -> V0 -> V1 -> L2[L0[], V2], tr: L7[]
[16:08:22.941450]	Exploring 0: L0[], 1: L0[], Ebi: L2[L7[], L7[]], Eib: L2[L0[], L7[]], Eii: L2[L7[], L7[]], put: L2[V2, V3] -> V0 -> V1 -> L2[L0[], V3], tr: L7[]
[16:08:22.941676]	Exploring 0: L0[], 1: L0[], Ebi: L2[L7[], L7[]], Eib: L2[L0[], L7[]], Eii: L2[L7[], L7[]], put: L2[V2, V3] -> V0 -> V1 -> L2[L7[], _9_], tr: L7[]
[16:08:22.941839]	Exploring 0: L0[], 1: L0[], Ebi: L2[L7[], L7[]], Eib: L2[L0[], L7[]], Eii: L2[L7[], L7[]], put: L2[V2, V3] -> V0 -> V1 -> L2[L7[], L0[]], tr: L7[]
[16:08:22.942122]	Exploring 0: L0[], 1: L0[], Ebi: L2[L7[], L7[]], Eib: L2[L0[], L7[]], Eii: L2[L7[], L7[]], put: L2[V2, V3] -> V0 -> V1 -> L2[L7[], L7[]], tr: L7[]
[16:08:22.942434]	Exploring 0: L0[], 1: L0[], Ebi: L2[L7[], L7[]], Eib: L2[L0[], L7[]], Eii: L2[L7[], L7[]], put: L2[V2, V3] -> V0 -> V1 -> L2[L7[], V0], tr: L7[]
[16:08:22.942705]	Exploring 0: L0[], 1: L0[], Ebi: L2[L7[], L7[]], Eib: L2[L0[], L7[]], Eii: L2[L7[], L7[]], put: L2[V2, V3] -> V0 -> V1 -> L2[L7[], V1], tr: L7[]
[16:08:22.942937]	Exploring 0: L0[], 1: L0[], Ebi: L2[L7[], L7[]], Eib: L2[L0[], L7[]], Eii: L2[L7[], L7[]], put: L2[V2, V3] -> V0 -> V1 -> L2[L7[], V2], tr: L7[]
[16:08:22.943158]	Exploring 0: L0[], 1: L0[], Ebi: L2[L7[], L7[]], Eib: L2[L0[], L7[]], Eii: L2[L7[], L7[]], put: L2[V2, V3] -> V0 -> V1 -> L2[L7[], V3], tr: L7[]
[16:08:22.943465]	Exploring 0: L0[], 1: L0[], Ebi: L2[L7[], L7[]], Eib: L2[L0[], L7[]], Eii: L2[L7[], L7[]], put: L2[V2, V3] -> V0 -> V1 -> L2[V0, _9_], tr: L7[]
[16:08:22.943633]	Exploring 0: L0[], 1: L0[], Ebi: L2[L7[], L7[]], Eib: L2[L0[], L7[]], Eii: L2[L7[], L7[]], put: L2[V2, V3] -> V0 -> V1 -> L2[V0, L0[]], tr: L7[]
[16:08:22.943864]	Exploring 0: L0[], 1: L0[], Ebi: L2[L7[], L7[]], Eib: L2[L0[], L7[]], Eii: L2[L7[], L7[]], put: L2[V2, V3] -> V0 -> V1 -> L2[V0, L7[]], tr: L7[]
[16:08:22.944092]	Exploring 0: L0[], 1: L0[], Ebi: L2[L7[], L7[]], Eib: L2[L0[], L7[]], Eii: L2[L7[], L7[]], put: L2[V2, V3] -> V0 -> V1 -> L2[V0, V0], tr: L7[]
[16:08:22.944314]	Exploring 0: L0[], 1: L0[], Ebi: L2[L7[], L7[]], Eib: L2[L0[], L7[]], Eii: L2[L7[], L7[]], put: L2[V2, V3] -> V0 -> V1 -> L2[V0, V1], tr: L7[]
[16:08:22.944540]	Exploring 0: L0[], 1: L0[], Ebi: L2[L7[], L7[]], Eib: L2[L0[], L7[]], Eii: L2[L7[], L7[]], put: L2[V2, V3] -> V0 -> V1 -> L2[V0, V2], tr: L7[]
[16:08:22.944779]	Exploring 0: L0[], 1: L0[], Ebi: L2[L7[], L7[]], Eib: L2[L0[], L7[]], Eii: L2[L7[], L7[]], put: L2[V2, V3] -> V0 -> V1 -> L2[V0, V3], tr: L7[]
[16:08:22.945009]	Exploring 0: L0[], 1: L0[], Ebi: L2[L7[], L7[]], Eib: L2[L0[], L7[]], Eii: L2[L7[], L7[]], put: L2[V2, V3] -> V0 -> V1 -> L2[V1, _9_], tr: L7[]
[16:08:22.945152]	Exploring 0: L0[], 1: L0[], Ebi: L2[L7[], L7[]], Eib: L2[L0[], L7[]], Eii: L2[L7[], L7[]], put: L2[V2, V3] -> V0 -> V1 -> L2[V1, L0[]], tr: L7[]
[16:08:22.945421]	Exploring 0: L0[], 1: L0[], Ebi: L2[L7[], L7[]], Eib: L2[L0[], L7[]], Eii: L2[L7[], L7[]], put: L2[V2, V3] -> V0 -> V1 -> L2[V1, L7[]], tr: L7[]
[16:08:22.945668]	Exploring 0: L0[], 1: L0[], Ebi: L2[L7[], L7[]], Eib: L2[L0[], L7[]], Eii: L2[L7[], L7[]], put: L2[V2, V3] -> V0 -> V1 -> L2[V1, V0], tr: L7[]
[16:08:22.945894]	Exploring 0: L0[], 1: L0[], Ebi: L2[L7[], L7[]], Eib: L2[L0[], L7[]], Eii: L2[L7[], L7[]], put: L2[V2, V3] -> V0 -> V1 -> L2[V1, V1], tr: L7[]
[16:08:22.946137]	Exploring 0: L0[], 1: L0[], Ebi: L2[L7[], L7[]], Eib: L2[L0[], L7[]], Eii: L2[L7[], L7[]], put: L2[V2, V3] -> V0 -> V1 -> L2[V1, V2], tr: L7[]
[16:08:22.946365]	Exploring 0: L0[], 1: L0[], Ebi: L2[L7[], L7[]], Eib: L2[L0[], L7[]], Eii: L2[L7[], L7[]], put: L2[V2, V3] -> V0 -> V1 -> L2[V1, V3], tr: L7[]
[16:08:22.946578]	Exploring 0: L0[], 1: L0[], Ebi: L2[L7[], L7[]], Eib: L2[L0[], L7[]], Eii: L2[L7[], L7[]], put: L2[V2, V3] -> V0 -> V1 -> L2[V2, _9_], tr: L7[]
[16:08:22.946701]	Exploring 0: L0[], 1: L0[], Ebi: L2[L7[], L7[]], Eib: L2[L0[], L7[]], Eii: L2[L7[], L7[]], put: L2[V2, V3] -> V0 -> V1 -> L2[V2, L0[]], tr: L7[]
[16:08:22.946911]	Exploring 0: L0[], 1: L0[], Ebi: L2[L7[], L7[]], Eib: L2[L0[], L7[]], Eii: L2[L7[], L7[]], put: L2[V2, V3] -> V0 -> V1 -> L2[V2, L7[]], tr: L7[]
[16:08:22.947128]	Exploring 0: L0[], 1: L0[], Ebi: L2[L7[], L7[]], Eib: L2[L0[], L7[]], Eii: L2[L7[], L7[]], put: L2[V2, V3] -> V0 -> V1 -> L2[V2, V0], tr: L7[]
[16:08:22.947360]	Exploring 0: L0[], 1: L0[], Ebi: L2[L7[], L7[]], Eib: L2[L0[], L7[]], Eii: L2[L7[], L7[]], put: L2[V2, V3] -> V0 -> V1 -> L2[V2, V1], tr: L7[]
[16:08:22.947589]	Exploring 0: L0[], 1: L0[], Ebi: L2[L7[], L7[]], Eib: L2[L0[], L7[]], Eii: L2[L7[], L7[]], put: L2[V2, V3] -> V0 -> V1 -> L2[V2, V2], tr: L7[]
[16:08:22.947809]	Exploring 0: L0[], 1: L0[], Ebi: L2[L7[], L7[]], Eib: L2[L0[], L7[]], Eii: L2[L7[], L7[]], put: L2[V2, V3] -> V0 -> V1 -> L2[V2, V3], tr: L7[]
[16:08:22.948014]	Exploring 0: L0[], 1: L0[], Ebi: L2[L7[], L7[]], Eib: L2[L0[], L7[]], Eii: L2[L7[], L7[]], put: L2[V2, V3] -> V0 -> V1 -> L2[V3, _9_], tr: L7[]
[16:08:22.948132]	Exploring 0: L0[], 1: L0[], Ebi: L2[L7[], L7[]], Eib: L2[L0[], L7[]], Eii: L2[L7[], L7[]], put: L2[V2, V3] -> V0 -> V1 -> L2[V3, L0[]], tr: L7[]
[16:08:22.948342]	Exploring 0: L0[], 1: L0[], Ebi: L2[L7[], L7[]], Eib: L2[L0[], L7[]], Eii: L2[L7[], L7[]], put: L2[V2, V3] -> V0 -> V1 -> L2[V3, L7[]], tr: L7[]
[16:08:22.948559]	Exploring 0: L0[], 1: L0[], Ebi: L2[L7[], L7[]], Eib: L2[L0[], L7[]], Eii: L2[L7[], L7[]], put: L2[V2, V3] -> V0 -> V1 -> L2[V3, V0], tr: L7[]
[16:08:22.948779]	Exploring 0: L0[], 1: L0[], Ebi: L2[L7[], L7[]], Eib: L2[L0[], L7[]], Eii: L2[L7[], L7[]], put: L2[V2, V3] -> V0 -> V1 -> L2[V3, V1], tr: L7[]
[16:08:22.948993]	Exploring 0: L0[], 1: L0[], Ebi: L2[L7[], L7[]], Eib: L2[L0[], L7[]], Eii: L2[L7[], L7[]], put: L2[V2, V3] -> V0 -> V1 -> L2[V3, V2], tr: L7[]
[16:08:22.949237]	Exploring 0: L0[], 1: L0[], Ebi: L2[L7[], L7[]], Eib: L2[L0[], L7[]], Eii: L2[L7[], L7[]], put: L2[V2, V3] -> V0 -> V1 -> L2[V3, V3], tr: L7[]
[16:08:22.949414]	Exploring 0: L0[], 1: L0[], Ebi: L2[L7[], L7[]], Eib: L2[L7[], _3_], Eii: L2[_4_, _5_], put: L2[_6_, _7_] -> V0 -> V1 -> L2[_8_, _9_], tr: L7[]
[16:08:22.949507]	Exploring 0: L0[], 1: L0[], Ebi: L2[L7[], L7[]], Eib: L2[L7[], L0[]], Eii: L2[_4_, _5_], put: L2[_6_, _7_] -> V0 -> V1 -> L2[_8_, _9_], tr: L7[]
[16:08:22.949603]	Exploring 0: L0[], 1: L0[], Ebi: L2[L7[], L7[]], Eib: L2[L7[], L0[]], Eii: L2[L0[], _5_], put: L2[_6_, _7_] -> V0 -> V1 -> L2[_8_, _9_], tr: L7[]
[16:08:22.949702]	Exploring 0: L0[], 1: L0[], Ebi: L2[L7[], L7[]], Eib: L2[L7[], L0[]], Eii: L2[L0[], L0[]], put: L2[_6_, _7_] -> V0 -> V1 -> L2[_8_, _9_], tr: L7[]
[16:08:22.949909]	Exploring 0: L0[], 1: L0[], Ebi: L2[L7[], L7[]], Eib: L2[L7[], L0[]], Eii: L2[L0[], L0[]], put: L2[V2, _7_] -> V0 -> V1 -> L2[_8_, _9_], tr: L7[]
[16:08:22.950070]	Exploring 0: L0[], 1: L0[], Ebi: L2[L7[], L7[]], Eib: L2[L7[], L0[]], Eii: L2[L0[], L0[]], put: L2[V2, V0] -> V0 -> V1 -> L2[_8_, _9_], tr: L7[]
[16:08:22.950227]	Exploring 0: L0[], 1: L0[], Ebi: L2[L7[], L7[]], Eib: L2[L7[], L0[]], Eii: L2[L0[], L0[]], put: L2[V2, V0] -> V0 -> V1 -> L2[L0[], _9_], tr: L7[]
[16:08:22.950416]	Exploring 0: L0[], 1: L0[], Ebi: L2[L7[], L7[]], Eib: L2[L7[], L0[]], Eii: L2[L0[], L0[]], put: L2[V2, V0] -> V0 -> V1 -> L2[L0[], V0], tr: L7[]
[16:08:22.950677]	Exploring 0: L0[], 1: L0[], Ebi: L2[L7[], L7[]], Eib: L2[L7[], L0[]], Eii: L2[L0[], L0[]], put: L2[V2, V0] -> V0 -> V1 -> L2[L7[], _9_], tr: L7[]
[16:08:22.950799]	Exploring 0: L0[], 1: L0[], Ebi: L2[L7[], L7[]], Eib: L2[L7[], L0[]], Eii: L2[L0[], L0[]], put: L2[V2, V0] -> V0 -> V1 -> L2[L7[], V0], tr: L7[]
[16:08:22.951026]	Exploring 0: L0[], 1: L0[], Ebi: L2[L7[], L7[]], Eib: L2[L7[], L0[]], Eii: L2[L0[], L0[]], put: L2[V2, V0] -> V0 -> V1 -> L2[V0, _9_], tr: L7[]
[16:08:22.951131]	Exploring 0: L0[], 1: L0[], Ebi: L2[L7[], L7[]], Eib: L2[L7[], L0[]], Eii: L2[L0[], L0[]], put: L2[V2, V0] -> V0 -> V1 -> L2[V0, V0], tr: L7[]
[16:08:22.951356]	Exploring 0: L0[], 1: L0[], Ebi: L2[L7[], L7[]], Eib: L2[L7[], L0[]], Eii: L2[L0[], L0[]], put: L2[V2, V0] -> V0 -> V1 -> L2[V1, _9_], tr: L7[]
[16:08:22.951482]	Exploring 0: L0[], 1: L0[], Ebi: L2[L7[], L7[]], Eib: L2[L7[], L0[]], Eii: L2[L0[], L0[]], put: L2[V2, V0] -> V0 -> V1 -> L2[V1, V0], tr: L7[]
[16:08:22.951701]	Exploring 0: L0[], 1: L0[], Ebi: L2[L7[], L7[]], Eib: L2[L7[], L0[]], Eii: L2[L0[], L0[]], put: L2[V2, V0] -> V0 -> V1 -> L2[V2, _9_], tr: L7[]
[16:08:22.951808]	Exploring 0: L0[], 1: L0[], Ebi: L2[L7[], L7[]], Eib: L2[L7[], L0[]], Eii: L2[L0[], L0[]], put: L2[V2, V0] -> V0 -> V1 -> L2[V2, V0], tr: L7[]
[16:08:22.952040]	Exploring 0: L0[], 1: L0[], Ebi: L2[L7[], L7[]], Eib: L2[L7[], L0[]], Eii: L2[L0[], L0[]], put: L2[V2, V3] -> V0 -> V1 -> L2[_8_, _9_], tr: L7[]
[16:08:22.952142]	Exploring 0: L0[], 1: L0[], Ebi: L2[L7[], L7[]], Eib: L2[L7[], L0[]], Eii: L2[L0[], L0[]], put: L2[V2, V3] -> V0 -> V1 -> L2[L0[], _9_], tr: L7[]
[16:08:22.952245]	Exploring 0: L0[], 1: L0[], Ebi: L2[L7[], L7[]], Eib: L2[L7[], L0[]], Eii: L2[L0[], L0[]], put: L2[V2, V3] -> V0 -> V1 -> L2[L0[], L0[]], tr: L7[]
[16:08:22.952434]	Exploring 0: L0[], 1: L0[], Ebi: L2[L7[], L7[]], Eib: L2[L7[], L0[]], Eii: L2[L0[], L0[]], put: L2[V2, V3] -> V0 -> V1 -> L2[L0[], L7[]], tr: L7[]
[16:08:22.952641]	Exploring 0: L0[], 1: L0[], Ebi: L2[L7[], L7[]], Eib: L2[L7[], L0[]], Eii: L2[L0[], L0[]], put: L2[V2, V3] -> V0 -> V1 -> L2[L0[], V0], tr: L7[]
[16:08:22.952873]	Exploring 0: L0[], 1: L0[], Ebi: L2[L7[], L7[]], Eib: L2[L7[], L0[]], Eii: L2[L0[], L0[]], put: L2[V2, V3] -> V0 -> V1 -> L2[L0[], V1], tr: L7[]
[16:08:22.953090]	Exploring 0: L0[], 1: L0[], Ebi: L2[L7[], L7[]], Eib: L2[L7[], L0[]], Eii: L2[L0[], L0[]], put: L2[V2, V3] -> V0 -> V1 -> L2[L0[], V2], tr: L7[]
[16:08:22.953296]	Exploring 0: L0[], 1: L0[], Ebi: L2[L7[], L7[]], Eib: L2[L7[], L0[]], Eii: L2[L0[], L0[]], put: L2[V2, V3] -> V0 -> V1 -> L2[L0[], V3], tr: L7[]
[16:08:22.953500]	Exploring 0: L0[], 1: L0[], Ebi: L2[L7[], L7[]], Eib: L2[L7[], L0[]], Eii: L2[L0[], L0[]], put: L2[V2, V3] -> V0 -> V1 -> L2[L7[], _9_], tr: L7[]
[16:08:22.953603]	Exploring 0: L0[], 1: L0[], Ebi: L2[L7[], L7[]], Eib: L2[L7[], L0[]], Eii: L2[L0[], L0[]], put: L2[V2, V3] -> V0 -> V1 -> L2[L7[], L0[]], tr: L7[]
[16:08:22.953790]	Exploring 0: L0[], 1: L0[], Ebi: L2[L7[], L7[]], Eib: L2[L7[], L0[]], Eii: L2[L0[], L0[]], put: L2[V2, V3] -> V0 -> V1 -> L2[L7[], L7[]], tr: L7[]
[16:08:22.953997]	Exploring 0: L0[], 1: L0[], Ebi: L2[L7[], L7[]], Eib: L2[L7[], L0[]], Eii: L2[L0[], L0[]], put: L2[V2, V3] -> V0 -> V1 -> L2[L7[], V0], tr: L7[]
[16:08:22.954226]	Exploring 0: L0[], 1: L0[], Ebi: L2[L7[], L7[]], Eib: L2[L7[], L0[]], Eii: L2[L0[], L0[]], put: L2[V2, V3] -> V0 -> V1 -> L2[L7[], V1], tr: L7[]
[16:08:22.954447]	Exploring 0: L0[], 1: L0[], Ebi: L2[L7[], L7[]], Eib: L2[L7[], L0[]], Eii: L2[L0[], L0[]], put: L2[V2, V3] -> V0 -> V1 -> L2[L7[], V2], tr: L7[]
[16:08:22.954653]	Exploring 0: L0[], 1: L0[], Ebi: L2[L7[], L7[]], Eib: L2[L7[], L0[]], Eii: L2[L0[], L0[]], put: L2[V2, V3] -> V0 -> V1 -> L2[L7[], V3], tr: L7[]
[16:08:22.954868]	Exploring 0: L0[], 1: L0[], Ebi: L2[L7[], L7[]], Eib: L2[L7[], L0[]], Eii: L2[L0[], L0[]], put: L2[V2, V3] -> V0 -> V1 -> L2[V0, _9_], tr: L7[]
[16:08:22.954994]	Exploring 0: L0[], 1: L0[], Ebi: L2[L7[], L7[]], Eib: L2[L7[], L0[]], Eii: L2[L0[], L0[]], put: L2[V2, V3] -> V0 -> V1 -> L2[V0, L0[]], tr: L7[]
[16:08:22.955223]	Exploring 0: L0[], 1: L0[], Ebi: L2[L7[], L7[]], Eib: L2[L7[], L0[]], Eii: L2[L0[], L0[]], put: L2[V2, V3] -> V0 -> V1 -> L2[V0, L7[]], tr: L7[]
[16:08:22.955463]	Exploring 0: L0[], 1: L0[], Ebi: L2[L7[], L7[]], Eib: L2[L7[], L0[]], Eii: L2[L0[], L0[]], put: L2[V2, V3] -> V0 -> V1 -> L2[V0, V0], tr: L7[]
[16:08:22.955685]	Exploring 0: L0[], 1: L0[], Ebi: L2[L7[], L7[]], Eib: L2[L7[], L0[]], Eii: L2[L0[], L0[]], put: L2[V2, V3] -> V0 -> V1 -> L2[V0, V1], tr: L7[]
[16:08:22.955910]	Exploring 0: L0[], 1: L0[], Ebi: L2[L7[], L7[]], Eib: L2[L7[], L0[]], Eii: L2[L0[], L0[]], put: L2[V2, V3] -> V0 -> V1 -> L2[V0, V2], tr: L7[]
[16:08:22.956127]	Exploring 0: L0[], 1: L0[], Ebi: L2[L7[], L7[]], Eib: L2[L7[], L0[]], Eii: L2[L0[], L0[]], put: L2[V2, V3] -> V0 -> V1 -> L2[V0, V3], tr: L7[]
[16:08:22.956363]	Exploring 0: L0[], 1: L0[], Ebi: L2[L7[], L7[]], Eib: L2[L7[], L0[]], Eii: L2[L0[], L0[]], put: L2[V2, V3] -> V0 -> V1 -> L2[V1, _9_], tr: L7[]
[16:08:22.956490]	Exploring 0: L0[], 1: L0[], Ebi: L2[L7[], L7[]], Eib: L2[L7[], L0[]], Eii: L2[L0[], L0[]], put: L2[V2, V3] -> V0 -> V1 -> L2[V1, L0[]], tr: L7[]
[16:08:22.956727]	Exploring 0: L0[], 1: L0[], Ebi: L2[L7[], L7[]], Eib: L2[L7[], L0[]], Eii: L2[L0[], L0[]], put: L2[V2, V3] -> V0 -> V1 -> L2[V1, L7[]], tr: L7[]
[16:08:22.956958]	Exploring 0: L0[], 1: L0[], Ebi: L2[L7[], L7[]], Eib: L2[L7[], L0[]], Eii: L2[L0[], L0[]], put: L2[V2, V3] -> V0 -> V1 -> L2[V1, V0], tr: L7[]
[16:08:22.957185]	Exploring 0: L0[], 1: L0[], Ebi: L2[L7[], L7[]], Eib: L2[L7[], L0[]], Eii: L2[L0[], L0[]], put: L2[V2, V3] -> V0 -> V1 -> L2[V1, V1], tr: L7[]
[16:08:22.957414]	Exploring 0: L0[], 1: L0[], Ebi: L2[L7[], L7[]], Eib: L2[L7[], L0[]], Eii: L2[L0[], L0[]], put: L2[V2, V3] -> V0 -> V1 -> L2[V1, V2], tr: L7[]
[16:08:22.957643]	Exploring 0: L0[], 1: L0[], Ebi: L2[L7[], L7[]], Eib: L2[L7[], L0[]], Eii: L2[L0[], L0[]], put: L2[V2, V3] -> V0 -> V1 -> L2[V1, V3], tr: L7[]
[16:08:22.957855]	Exploring 0: L0[], 1: L0[], Ebi: L2[L7[], L7[]], Eib: L2[L7[], L0[]], Eii: L2[L0[], L0[]], put: L2[V2, V3] -> V0 -> V1 -> L2[V2, _9_], tr: L7[]
[16:08:22.957967]	Exploring 0: L0[], 1: L0[], Ebi: L2[L7[], L7[]], Eib: L2[L7[], L0[]], Eii: L2[L0[], L0[]], put: L2[V2, V3] -> V0 -> V1 -> L2[V2, L0[]], tr: L7[]
[16:08:22.958175]	Exploring 0: L0[], 1: L0[], Ebi: L2[L7[], L7[]], Eib: L2[L7[], L0[]], Eii: L2[L0[], L0[]], put: L2[V2, V3] -> V0 -> V1 -> L2[V2, L7[]], tr: L7[]
[16:08:22.958392]	Exploring 0: L0[], 1: L0[], Ebi: L2[L7[], L7[]], Eib: L2[L7[], L0[]], Eii: L2[L0[], L0[]], put: L2[V2, V3] -> V0 -> V1 -> L2[V2, V0], tr: L7[]
[16:08:22.958623]	Exploring 0: L0[], 1: L0[], Ebi: L2[L7[], L7[]], Eib: L2[L7[], L0[]], Eii: L2[L0[], L0[]], put: L2[V2, V3] -> V0 -> V1 -> L2[V2, V1], tr: L7[]
[16:08:22.958837]	Exploring 0: L0[], 1: L0[], Ebi: L2[L7[], L7[]], Eib: L2[L7[], L0[]], Eii: L2[L0[], L0[]], put: L2[V2, V3] -> V0 -> V1 -> L2[V2, V2], tr: L7[]
[16:08:22.959044]	Exploring 0: L0[], 1: L0[], Ebi: L2[L7[], L7[]], Eib: L2[L7[], L0[]], Eii: L2[L0[], L0[]], put: L2[V2, V3] -> V0 -> V1 -> L2[V2, V3], tr: L7[]
[16:08:22.959255]	Exploring 0: L0[], 1: L0[], Ebi: L2[L7[], L7[]], Eib: L2[L7[], L0[]], Eii: L2[L0[], L0[]], put: L2[V2, V3] -> V0 -> V1 -> L2[V3, _9_], tr: L7[]
[16:08:22.959373]	Exploring 0: L0[], 1: L0[], Ebi: L2[L7[], L7[]], Eib: L2[L7[], L0[]], Eii: L2[L0[], L0[]], put: L2[V2, V3] -> V0 -> V1 -> L2[V3, L0[]], tr: L7[]
[16:08:22.959663]	Exploring 0: L0[], 1: L0[], Ebi: L2[L7[], L7[]], Eib: L2[L7[], L0[]], Eii: L2[L0[], L0[]], put: L2[V2, V3] -> V0 -> V1 -> L2[V3, L7[]], tr: L7[]
[16:08:22.959909]	Exploring 0: L0[], 1: L0[], Ebi: L2[L7[], L7[]], Eib: L2[L7[], L0[]], Eii: L2[L0[], L0[]], put: L2[V2, V3] -> V0 -> V1 -> L2[V3, V0], tr: L7[]
[16:08:22.960155]	Exploring 0: L0[], 1: L0[], Ebi: L2[L7[], L7[]], Eib: L2[L7[], L0[]], Eii: L2[L0[], L0[]], put: L2[V2, V3] -> V0 -> V1 -> L2[V3, V1], tr: L7[]
[16:08:22.960377]	Exploring 0: L0[], 1: L0[], Ebi: L2[L7[], L7[]], Eib: L2[L7[], L0[]], Eii: L2[L0[], L0[]], put: L2[V2, V3] -> V0 -> V1 -> L2[V3, V2], tr: L7[]
[16:08:22.960591]	Exploring 0: L0[], 1: L0[], Ebi: L2[L7[], L7[]], Eib: L2[L7[], L0[]], Eii: L2[L0[], L0[]], put: L2[V2, V3] -> V0 -> V1 -> L2[V3, V3], tr: L7[]
[16:08:22.960770]	Exploring 0: L0[], 1: L0[], Ebi: L2[L7[], L7[]], Eib: L2[L7[], L0[]], Eii: L2[L0[], L7[]], put: L2[_6_, _7_] -> V0 -> V1 -> L2[_8_, _9_], tr: L7[]
[16:08:22.960889]	Exploring 0: L0[], 1: L0[], Ebi: L2[L7[], L7[]], Eib: L2[L7[], L0[]], Eii: L2[L0[], L7[]], put: L2[V2, _7_] -> V0 -> V1 -> L2[_8_, _9_], tr: L7[]
[16:08:22.961040]	Exploring 0: L0[], 1: L0[], Ebi: L2[L7[], L7[]], Eib: L2[L7[], L0[]], Eii: L2[L0[], L7[]], put: L2[V2, V3] -> V0 -> V1 -> L2[_8_, _9_], tr: L7[]
[16:08:22.961157]	Exploring 0: L0[], 1: L0[], Ebi: L2[L7[], L7[]], Eib: L2[L7[], L0[]], Eii: L2[L0[], L7[]], put: L2[V2, V3] -> V0 -> V1 -> L2[L0[], _9_], tr: L7[]
[16:08:22.961271]	Exploring 0: L0[], 1: L0[], Ebi: L2[L7[], L7[]], Eib: L2[L7[], L0[]], Eii: L2[L0[], L7[]], put: L2[V2, V3] -> V0 -> V1 -> L2[L0[], L0[]], tr: L7[]
[16:08:22.961468]	Exploring 0: L0[], 1: L0[], Ebi: L2[L7[], L7[]], Eib: L2[L7[], L0[]], Eii: L2[L0[], L7[]], put: L2[V2, V3] -> V0 -> V1 -> L2[L0[], L7[]], tr: L7[]
[16:08:22.961696]	Exploring 0: L0[], 1: L0[], Ebi: L2[L7[], L7[]], Eib: L2[L7[], L0[]], Eii: L2[L0[], L7[]], put: L2[V2, V3] -> V0 -> V1 -> L2[L0[], V0], tr: L7[]
[16:08:22.961930]	Exploring 0: L0[], 1: L0[], Ebi: L2[L7[], L7[]], Eib: L2[L7[], L0[]], Eii: L2[L0[], L7[]], put: L2[V2, V3] -> V0 -> V1 -> L2[L0[], V1], tr: L7[]
[16:08:22.962170]	Exploring 0: L0[], 1: L0[], Ebi: L2[L7[], L7[]], Eib: L2[L7[], L0[]], Eii: L2[L0[], L7[]], put: L2[V2, V3] -> V0 -> V1 -> L2[L0[], V2], tr: L7[]
[16:08:22.962388]	Exploring 0: L0[], 1: L0[], Ebi: L2[L7[], L7[]], Eib: L2[L7[], L0[]], Eii: L2[L0[], L7[]], put: L2[V2, V3] -> V0 -> V1 -> L2[L0[], V3], tr: L7[]
[16:08:22.962596]	Exploring 0: L0[], 1: L0[], Ebi: L2[L7[], L7[]], Eib: L2[L7[], L0[]], Eii: L2[L0[], L7[]], put: L2[V2, V3] -> V0 -> V1 -> L2[L7[], _9_], tr: L7[]
[16:08:22.962705]	Exploring 0: L0[], 1: L0[], Ebi: L2[L7[], L7[]], Eib: L2[L7[], L0[]], Eii: L2[L0[], L7[]], put: L2[V2, V3] -> V0 -> V1 -> L2[L7[], L0[]], tr: L7[]
[16:08:22.962898]	Exploring 0: L0[], 1: L0[], Ebi: L2[L7[], L7[]], Eib: L2[L7[], L0[]], Eii: L2[L0[], L7[]], put: L2[V2, V3] -> V0 -> V1 -> L2[L7[], L7[]], tr: L7[]
[16:08:22.963115]	Exploring 0: L0[], 1: L0[], Ebi: L2[L7[], L7[]], Eib: L2[L7[], L0[]], Eii: L2[L0[], L7[]], put: L2[V2, V3] -> V0 -> V1 -> L2[L7[], V0], tr: L7[]
[16:08:22.963351]	Exploring 0: L0[], 1: L0[], Ebi: L2[L7[], L7[]], Eib: L2[L7[], L0[]], Eii: L2[L0[], L7[]], put: L2[V2, V3] -> V0 -> V1 -> L2[L7[], V1], tr: L7[]
[16:08:22.963589]	Exploring 0: L0[], 1: L0[], Ebi: L2[L7[], L7[]], Eib: L2[L7[], L0[]], Eii: L2[L0[], L7[]], put: L2[V2, V3] -> V0 -> V1 -> L2[L7[], V2], tr: L7[]
[16:08:22.963807]	Exploring 0: L0[], 1: L0[], Ebi: L2[L7[], L7[]], Eib: L2[L7[], L0[]], Eii: L2[L0[], L7[]], put: L2[V2, V3] -> V0 -> V1 -> L2[L7[], V3], tr: L7[]
[16:08:22.964029]	Exploring 0: L0[], 1: L0[], Ebi: L2[L7[], L7[]], Eib: L2[L7[], L0[]], Eii: L2[L0[], L7[]], put: L2[V2, V3] -> V0 -> V1 -> L2[V0, _9_], tr: L7[]
[16:08:22.964156]	Exploring 0: L0[], 1: L0[], Ebi: L2[L7[], L7[]], Eib: L2[L7[], L0[]], Eii: L2[L0[], L7[]], put: L2[V2, V3] -> V0 -> V1 -> L2[V0, L0[]], tr: L7[]
[16:08:22.964389]	Exploring 0: L0[], 1: L0[], Ebi: L2[L7[], L7[]], Eib: L2[L7[], L0[]], Eii: L2[L0[], L7[]], put: L2[V2, V3] -> V0 -> V1 -> L2[V0, L7[]], tr: L7[]
[16:08:22.964618]	Exploring 0: L0[], 1: L0[], Ebi: L2[L7[], L7[]], Eib: L2[L7[], L0[]], Eii: L2[L0[], L7[]], put: L2[V2, V3] -> V0 -> V1 -> L2[V0, V0], tr: L7[]
[16:08:22.964845]	Exploring 0: L0[], 1: L0[], Ebi: L2[L7[], L7[]], Eib: L2[L7[], L0[]], Eii: L2[L0[], L7[]], put: L2[V2, V3] -> V0 -> V1 -> L2[V0, V1], tr: L7[]
[16:08:22.965074]	Exploring 0: L0[], 1: L0[], Ebi: L2[L7[], L7[]], Eib: L2[L7[], L0[]], Eii: L2[L0[], L7[]], put: L2[V2, V3] -> V0 -> V1 -> L2[V0, V2], tr: L7[]
[16:08:22.965306]	Exploring 0: L0[], 1: L0[], Ebi: L2[L7[], L7[]], Eib: L2[L7[], L0[]], Eii: L2[L0[], L7[]], put: L2[V2, V3] -> V0 -> V1 -> L2[V0, V3], tr: L7[]
[16:08:22.965526]	Exploring 0: L0[], 1: L0[], Ebi: L2[L7[], L7[]], Eib: L2[L7[], L0[]], Eii: L2[L0[], L7[]], put: L2[V2, V3] -> V0 -> V1 -> L2[V1, _9_], tr: L7[]
[16:08:22.965649]	Exploring 0: L0[], 1: L0[], Ebi: L2[L7[], L7[]], Eib: L2[L7[], L0[]], Eii: L2[L0[], L7[]], put: L2[V2, V3] -> V0 -> V1 -> L2[V1, L0[]], tr: L7[]
[16:08:22.965883]	Exploring 0: L0[], 1: L0[], Ebi: L2[L7[], L7[]], Eib: L2[L7[], L0[]], Eii: L2[L0[], L7[]], put: L2[V2, V3] -> V0 -> V1 -> L2[V1, L7[]], tr: L7[]
[16:08:22.966106]	Exploring 0: L0[], 1: L0[], Ebi: L2[L7[], L7[]], Eib: L2[L7[], L0[]], Eii: L2[L0[], L7[]], put: L2[V2, V3] -> V0 -> V1 -> L2[V1, V0], tr: L7[]
[16:08:22.966353]	Exploring 0: L0[], 1: L0[], Ebi: L2[L7[], L7[]], Eib: L2[L7[], L0[]], Eii: L2[L0[], L7[]], put: L2[V2, V3] -> V0 -> V1 -> L2[V1, V1], tr: L7[]
[16:08:22.966583]	Exploring 0: L0[], 1: L0[], Ebi: L2[L7[], L7[]], Eib: L2[L7[], L0[]], Eii: L2[L0[], L7[]], put: L2[V2, V3] -> V0 -> V1 -> L2[V1, V2], tr: L7[]
[16:08:22.966810]	Exploring 0: L0[], 1: L0[], Ebi: L2[L7[], L7[]], Eib: L2[L7[], L0[]], Eii: L2[L0[], L7[]], put: L2[V2, V3] -> V0 -> V1 -> L2[V1, V3], tr: L7[]
[16:08:22.967024]	Exploring 0: L0[], 1: L0[], Ebi: L2[L7[], L7[]], Eib: L2[L7[], L0[]], Eii: L2[L0[], L7[]], put: L2[V2, V3] -> V0 -> V1 -> L2[V2, _9_], tr: L7[]
[16:08:22.967138]	Exploring 0: L0[], 1: L0[], Ebi: L2[L7[], L7[]], Eib: L2[L7[], L0[]], Eii: L2[L0[], L7[]], put: L2[V2, V3] -> V0 -> V1 -> L2[V2, L0[]], tr: L7[]
[16:08:22.967345]	Exploring 0: L0[], 1: L0[], Ebi: L2[L7[], L7[]], Eib: L2[L7[], L0[]], Eii: L2[L0[], L7[]], put: L2[V2, V3] -> V0 -> V1 -> L2[V2, L7[]], tr: L7[]
[16:08:22.967574]	Exploring 0: L0[], 1: L0[], Ebi: L2[L7[], L7[]], Eib: L2[L7[], L0[]], Eii: L2[L0[], L7[]], put: L2[V2, V3] -> V0 -> V1 -> L2[V2, V0], tr: L7[]
[16:08:22.967811]	Exploring 0: L0[], 1: L0[], Ebi: L2[L7[], L7[]], Eib: L2[L7[], L0[]], Eii: L2[L0[], L7[]], put: L2[V2, V3] -> V0 -> V1 -> L2[V2, V1], tr: L7[]
[16:08:22.968026]	Exploring 0: L0[], 1: L0[], Ebi: L2[L7[], L7[]], Eib: L2[L7[], L0[]], Eii: L2[L0[], L7[]], put: L2[V2, V3] -> V0 -> V1 -> L2[V2, V2], tr: L7[]
[16:08:22.968230]	Exploring 0: L0[], 1: L0[], Ebi: L2[L7[], L7[]], Eib: L2[L7[], L0[]], Eii: L2[L0[], L7[]], put: L2[V2, V3] -> V0 -> V1 -> L2[V2, V3], tr: L7[]
[16:08:22.968441]	Exploring 0: L0[], 1: L0[], Ebi: L2[L7[], L7[]], Eib: L2[L7[], L0[]], Eii: L2[L0[], L7[]], put: L2[V2, V3] -> V0 -> V1 -> L2[V3, _9_], tr: L7[]
[16:08:22.968562]	Exploring 0: L0[], 1: L0[], Ebi: L2[L7[], L7[]], Eib: L2[L7[], L0[]], Eii: L2[L0[], L7[]], put: L2[V2, V3] -> V0 -> V1 -> L2[V3, L0[]], tr: L7[]
[16:08:22.968780]	Exploring 0: L0[], 1: L0[], Ebi: L2[L7[], L7[]], Eib: L2[L7[], L0[]], Eii: L2[L0[], L7[]], put: L2[V2, V3] -> V0 -> V1 -> L2[V3, L7[]], tr: L7[]
[16:08:22.969001]	Exploring 0: L0[], 1: L0[], Ebi: L2[L7[], L7[]], Eib: L2[L7[], L0[]], Eii: L2[L0[], L7[]], put: L2[V2, V3] -> V0 -> V1 -> L2[V3, V0], tr: L7[]
[16:08:22.969227]	Exploring 0: L0[], 1: L0[], Ebi: L2[L7[], L7[]], Eib: L2[L7[], L0[]], Eii: L2[L0[], L7[]], put: L2[V2, V3] -> V0 -> V1 -> L2[V3, V1], tr: L7[]
[16:08:22.969452]	Exploring 0: L0[], 1: L0[], Ebi: L2[L7[], L7[]], Eib: L2[L7[], L0[]], Eii: L2[L0[], L7[]], put: L2[V2, V3] -> V0 -> V1 -> L2[V3, V2], tr: L7[]
[16:08:22.969662]	Exploring 0: L0[], 1: L0[], Ebi: L2[L7[], L7[]], Eib: L2[L7[], L0[]], Eii: L2[L0[], L7[]], put: L2[V2, V3] -> V0 -> V1 -> L2[V3, V3], tr: L7[]
[16:08:22.969830]	Exploring 0: L0[], 1: L0[], Ebi: L2[L7[], L7[]], Eib: L2[L7[], L0[]], Eii: L2[L7[], _5_], put: L2[_6_, _7_] -> V0 -> V1 -> L2[_8_, _9_], tr: L7[]
[16:08:22.969892]	Exploring 0: L0[], 1: L0[], Ebi: L2[L7[], L7[]], Eib: L2[L7[], L0[]], Eii: L2[L7[], L0[]], put: L2[_6_, _7_] -> V0 -> V1 -> L2[_8_, _9_], tr: L7[]
[16:08:22.969967]	Exploring 0: L0[], 1: L0[], Ebi: L2[L7[], L7[]], Eib: L2[L7[], L0[]], Eii: L2[L7[], L0[]], put: L2[L7[], _7_] -> V0 -> V1 -> L2[_8_, _9_], tr: L7[]
[16:08:22.970050]	Exploring 0: L0[], 1: L0[], Ebi: L2[L7[], L7[]], Eib: L2[L7[], L0[]], Eii: L2[L7[], L0[]], put: L2[L7[], V0] -> V0 -> V1 -> L2[_8_, _9_], tr: L7[]
[16:08:22.970143]	Exploring 0: L0[], 1: L0[], Ebi: L2[L7[], L7[]], Eib: L2[L7[], L0[]], Eii: L2[L7[], L0[]], put: L2[L7[], V0] -> V0 -> V1 -> L2[L7[], _9_], tr: L7[]
[16:08:22.970233]	Exploring 0: L0[], 1: L0[], Ebi: L2[L7[], L7[]], Eib: L2[L7[], L0[]], Eii: L2[L7[], L0[]], put: L2[L7[], V0] -> V0 -> V1 -> L2[L7[], V0], tr: L7[]
[16:08:22.970446]	Exploring 0: L0[], 1: L0[], Ebi: L2[L7[], L7[]], Eib: L2[L7[], L0[]], Eii: L2[L7[], L0[]], put: L2[L7[], V2] -> V0 -> V1 -> L2[_8_, _9_], tr: L7[]
[16:08:22.970541]	Exploring 0: L0[], 1: L0[], Ebi: L2[L7[], L7[]], Eib: L2[L7[], L0[]], Eii: L2[L7[], L0[]], put: L2[L7[], V2] -> V0 -> V1 -> L2[L7[], _9_], tr: L7[]
[16:08:22.970633]	Exploring 0: L0[], 1: L0[], Ebi: L2[L7[], L7[]], Eib: L2[L7[], L0[]], Eii: L2[L7[], L0[]], put: L2[L7[], V2] -> V0 -> V1 -> L2[L7[], L0[]], tr: L7[]
[16:08:22.970803]	Exploring 0: L0[], 1: L0[], Ebi: L2[L7[], L7[]], Eib: L2[L7[], L0[]], Eii: L2[L7[], L0[]], put: L2[L7[], V2] -> V0 -> V1 -> L2[L7[], L7[]], tr: L7[]
[16:08:22.970979]	Exploring 0: L0[], 1: L0[], Ebi: L2[L7[], L7[]], Eib: L2[L7[], L0[]], Eii: L2[L7[], L0[]], put: L2[L7[], V2] -> V0 -> V1 -> L2[L7[], V0], tr: L7[]
[16:08:22.971167]	Exploring 0: L0[], 1: L0[], Ebi: L2[L7[], L7[]], Eib: L2[L7[], L0[]], Eii: L2[L7[], L0[]], put: L2[L7[], V2] -> V0 -> V1 -> L2[L7[], V1], tr: L7[]
[16:08:22.971348]	Exploring 0: L0[], 1: L0[], Ebi: L2[L7[], L7[]], Eib: L2[L7[], L0[]], Eii: L2[L7[], L0[]], put: L2[L7[], V2] -> V0 -> V1 -> L2[L7[], V2], tr: L7[]
[16:08:22.975179]	Exploring 0: L0[], 1: L0[], Ebi: L2[L7[], L7[]], Eib: L2[L7[], L0[]], Eii: L2[L7[], L0[]], put: L2[V2, _7_] -> V0 -> V1 -> L2[_8_, _9_], tr: L7[]
[16:08:22.975325]	Exploring 0: L0[], 1: L0[], Ebi: L2[L7[], L7[]], Eib: L2[L7[], L0[]], Eii: L2[L7[], L0[]], put: L2[V2, V0] -> V0 -> V1 -> L2[_8_, _9_], tr: L7[]
[16:08:22.975446]	Exploring 0: L0[], 1: L0[], Ebi: L2[L7[], L7[]], Eib: L2[L7[], L0[]], Eii: L2[L7[], L0[]], put: L2[V2, V0] -> V0 -> V1 -> L2[L0[], _9_], tr: L7[]
[16:08:22.975564]	Exploring 0: L0[], 1: L0[], Ebi: L2[L7[], L7[]], Eib: L2[L7[], L0[]], Eii: L2[L7[], L0[]], put: L2[V2, V0] -> V0 -> V1 -> L2[L0[], V0], tr: L7[]
[16:08:22.975791]	Exploring 0: L0[], 1: L0[], Ebi: L2[L7[], L7[]], Eib: L2[L7[], L0[]], Eii: L2[L7[], L0[]], put: L2[V2, V0] -> V0 -> V1 -> L2[L7[], _9_], tr: L7[]
[16:08:22.975902]	Exploring 0: L0[], 1: L0[], Ebi: L2[L7[], L7[]], Eib: L2[L7[], L0[]], Eii: L2[L7[], L0[]], put: L2[V2, V0] -> V0 -> V1 -> L2[L7[], V0], tr: L7[]
[16:08:22.976140]	Exploring 0: L0[], 1: L0[], Ebi: L2[L7[], L7[]], Eib: L2[L7[], L0[]], Eii: L2[L7[], L0[]], put: L2[V2, V0] -> V0 -> V1 -> L2[V0, _9_], tr: L7[]
[16:08:22.976248]	Exploring 0: L0[], 1: L0[], Ebi: L2[L7[], L7[]], Eib: L2[L7[], L0[]], Eii: L2[L7[], L0[]], put: L2[V2, V0] -> V0 -> V1 -> L2[V0, V0], tr: L7[]
[16:08:22.976474]	Exploring 0: L0[], 1: L0[], Ebi: L2[L7[], L7[]], Eib: L2[L7[], L0[]], Eii: L2[L7[], L0[]], put: L2[V2, V0] -> V0 -> V1 -> L2[V1, _9_], tr: L7[]
[16:08:22.976581]	Exploring 0: L0[], 1: L0[], Ebi: L2[L7[], L7[]], Eib: L2[L7[], L0[]], Eii: L2[L7[], L0[]], put: L2[V2, V0] -> V0 -> V1 -> L2[V1, V0], tr: L7[]
[16:08:22.976848]	Exploring 0: L0[], 1: L0[], Ebi: L2[L7[], L7[]], Eib: L2[L7[], L0[]], Eii: L2[L7[], L0[]], put: L2[V2, V0] -> V0 -> V1 -> L2[V2, _9_], tr: L7[]
[16:08:22.976979]	Exploring 0: L0[], 1: L0[], Ebi: L2[L7[], L7[]], Eib: L2[L7[], L0[]], Eii: L2[L7[], L0[]], put: L2[V2, V0] -> V0 -> V1 -> L2[V2, V0], tr: L7[]
[16:08:22.977220]	Exploring 0: L0[], 1: L0[], Ebi: L2[L7[], L7[]], Eib: L2[L7[], L0[]], Eii: L2[L7[], L0[]], put: L2[V2, V3] -> V0 -> V1 -> L2[_8_, _9_], tr: L7[]
[16:08:22.977324]	Exploring 0: L0[], 1: L0[], Ebi: L2[L7[], L7[]], Eib: L2[L7[], L0[]], Eii: L2[L7[], L0[]], put: L2[V2, V3] -> V0 -> V1 -> L2[L0[], _9_], tr: L7[]
[16:08:22.977431]	Exploring 0: L0[], 1: L0[], Ebi: L2[L7[], L7[]], Eib: L2[L7[], L0[]], Eii: L2[L7[], L0[]], put: L2[V2, V3] -> V0 -> V1 -> L2[L0[], L0[]], tr: L7[]
[16:08:22.977630]	Exploring 0: L0[], 1: L0[], Ebi: L2[L7[], L7[]], Eib: L2[L7[], L0[]], Eii: L2[L7[], L0[]], put: L2[V2, V3] -> V0 -> V1 -> L2[L0[], L7[]], tr: L7[]
[16:08:22.977844]	Exploring 0: L0[], 1: L0[], Ebi: L2[L7[], L7[]], Eib: L2[L7[], L0[]], Eii: L2[L7[], L0[]], put: L2[V2, V3] -> V0 -> V1 -> L2[L0[], V0], tr: L7[]
[16:08:22.978082]	Exploring 0: L0[], 1: L0[], Ebi: L2[L7[], L7[]], Eib: L2[L7[], L0[]], Eii: L2[L7[], L0[]], put: L2[V2, V3] -> V0 -> V1 -> L2[L0[], V1], tr: L7[]
[16:08:22.978323]	Exploring 0: L0[], 1: L0[], Ebi: L2[L7[], L7[]], Eib: L2[L7[], L0[]], Eii: L2[L7[], L0[]], put: L2[V2, V3] -> V0 -> V1 -> L2[L0[], V2], tr: L7[]
[16:08:22.978548]	Exploring 0: L0[], 1: L0[], Ebi: L2[L7[], L7[]], Eib: L2[L7[], L0[]], Eii: L2[L7[], L0[]], put: L2[V2, V3] -> V0 -> V1 -> L2[L0[], V3], tr: L7[]
[16:08:22.978757]	Exploring 0: L0[], 1: L0[], Ebi: L2[L7[], L7[]], Eib: L2[L7[], L0[]], Eii: L2[L7[], L0[]], put: L2[V2, V3] -> V0 -> V1 -> L2[L7[], _9_], tr: L7[]
[16:08:22.978888]	Exploring 0: L0[], 1: L0[], Ebi: L2[L7[], L7[]], Eib: L2[L7[], L0[]], Eii: L2[L7[], L0[]], put: L2[V2, V3] -> V0 -> V1 -> L2[L7[], L0[]], tr: L7[]
[16:08:22.979088]	Exploring 0: L0[], 1: L0[], Ebi: L2[L7[], L7[]], Eib: L2[L7[], L0[]], Eii: L2[L7[], L0[]], put: L2[V2, V3] -> V0 -> V1 -> L2[L7[], L7[]], tr: L7[]
[16:08:22.979304]	Exploring 0: L0[], 1: L0[], Ebi: L2[L7[], L7[]], Eib: L2[L7[], L0[]], Eii: L2[L7[], L0[]], put: L2[V2, V3] -> V0 -> V1 -> L2[L7[], V0], tr: L7[]
[16:08:22.979556]	Exploring 0: L0[], 1: L0[], Ebi: L2[L7[], L7[]], Eib: L2[L7[], L0[]], Eii: L2[L7[], L0[]], put: L2[V2, V3] -> V0 -> V1 -> L2[L7[], V1], tr: L7[]
[16:08:22.979781]	Exploring 0: L0[], 1: L0[], Ebi: L2[L7[], L7[]], Eib: L2[L7[], L0[]], Eii: L2[L7[], L0[]], put: L2[V2, V3] -> V0 -> V1 -> L2[L7[], V2], tr: L7[]
[16:08:22.979996]	Exploring 0: L0[], 1: L0[], Ebi: L2[L7[], L7[]], Eib: L2[L7[], L0[]], Eii: L2[L7[], L0[]], put: L2[V2, V3] -> V0 -> V1 -> L2[L7[], V3], tr: L7[]
[16:08:22.980218]	Exploring 0: L0[], 1: L0[], Ebi: L2[L7[], L7[]], Eib: L2[L7[], L0[]], Eii: L2[L7[], L0[]], put: L2[V2, V3] -> V0 -> V1 -> L2[V0, _9_], tr: L7[]
[16:08:22.980346]	Exploring 0: L0[], 1: L0[], Ebi: L2[L7[], L7[]], Eib: L2[L7[], L0[]], Eii: L2[L7[], L0[]], put: L2[V2, V3] -> V0 -> V1 -> L2[V0, L0[]], tr: L7[]
[16:08:22.980578]	Exploring 0: L0[], 1: L0[], Ebi: L2[L7[], L7[]], Eib: L2[L7[], L0[]], Eii: L2[L7[], L0[]], put: L2[V2, V3] -> V0 -> V1 -> L2[V0, L7[]], tr: L7[]
[16:08:22.980808]	Exploring 0: L0[], 1: L0[], Ebi: L2[L7[], L7[]], Eib: L2[L7[], L0[]], Eii: L2[L7[], L0[]], put: L2[V2, V3] -> V0 -> V1 -> L2[V0, V0], tr: L7[]
[16:08:22.981034]	Exploring 0: L0[], 1: L0[], Ebi: L2[L7[], L7[]], Eib: L2[L7[], L0[]], Eii: L2[L7[], L0[]], put: L2[V2, V3] -> V0 -> V1 -> L2[V0, V1], tr: L7[]
[16:08:22.981262]	Exploring 0: L0[], 1: L0[], Ebi: L2[L7[], L7[]], Eib: L2[L7[], L0[]], Eii: L2[L7[], L0[]], put: L2[V2, V3] -> V0 -> V1 -> L2[V0, V2], tr: L7[]
[16:08:22.981486]	Exploring 0: L0[], 1: L0[], Ebi: L2[L7[], L7[]], Eib: L2[L7[], L0[]], Eii: L2[L7[], L0[]], put: L2[V2, V3] -> V0 -> V1 -> L2[V0, V3], tr: L7[]
[16:08:22.981711]	Exploring 0: L0[], 1: L0[], Ebi: L2[L7[], L7[]], Eib: L2[L7[], L0[]], Eii: L2[L7[], L0[]], put: L2[V2, V3] -> V0 -> V1 -> L2[V1, _9_], tr: L7[]
[16:08:22.981836]	Exploring 0: L0[], 1: L0[], Ebi: L2[L7[], L7[]], Eib: L2[L7[], L0[]], Eii: L2[L7[], L0[]], put: L2[V2, V3] -> V0 -> V1 -> L2[V1, L0[]], tr: L7[]
[16:08:22.982070]	Exploring 0: L0[], 1: L0[], Ebi: L2[L7[], L7[]], Eib: L2[L7[], L0[]], Eii: L2[L7[], L0[]], put: L2[V2, V3] -> V0 -> V1 -> L2[V1, L7[]], tr: L7[]
[16:08:22.982303]	Exploring 0: L0[], 1: L0[], Ebi: L2[L7[], L7[]], Eib: L2[L7[], L0[]], Eii: L2[L7[], L0[]], put: L2[V2, V3] -> V0 -> V1 -> L2[V1, V0], tr: L7[]
[16:08:22.982529]	Exploring 0: L0[], 1: L0[], Ebi: L2[L7[], L7[]], Eib: L2[L7[], L0[]], Eii: L2[L7[], L0[]], put: L2[V2, V3] -> V0 -> V1 -> L2[V1, V1], tr: L7[]
[16:08:22.982757]	Exploring 0: L0[], 1: L0[], Ebi: L2[L7[], L7[]], Eib: L2[L7[], L0[]], Eii: L2[L7[], L0[]], put: L2[V2, V3] -> V0 -> V1 -> L2[V1, V2], tr: L7[]
[16:08:22.982984]	Exploring 0: L0[], 1: L0[], Ebi: L2[L7[], L7[]], Eib: L2[L7[], L0[]], Eii: L2[L7[], L0[]], put: L2[V2, V3] -> V0 -> V1 -> L2[V1, V3], tr: L7[]
[16:08:22.983199]	Exploring 0: L0[], 1: L0[], Ebi: L2[L7[], L7[]], Eib: L2[L7[], L0[]], Eii: L2[L7[], L0[]], put: L2[V2, V3] -> V0 -> V1 -> L2[V2, _9_], tr: L7[]
[16:08:22.983311]	Exploring 0: L0[], 1: L0[], Ebi: L2[L7[], L7[]], Eib: L2[L7[], L0[]], Eii: L2[L7[], L0[]], put: L2[V2, V3] -> V0 -> V1 -> L2[V2, L0[]], tr: L7[]
[16:08:22.983538]	Exploring 0: L0[], 1: L0[], Ebi: L2[L7[], L7[]], Eib: L2[L7[], L0[]], Eii: L2[L7[], L0[]], put: L2[V2, V3] -> V0 -> V1 -> L2[V2, L7[]], tr: L7[]
[16:08:22.983758]	Exploring 0: L0[], 1: L0[], Ebi: L2[L7[], L7[]], Eib: L2[L7[], L0[]], Eii: L2[L7[], L0[]], put: L2[V2, V3] -> V0 -> V1 -> L2[V2, V0], tr: L7[]
[16:08:22.983991]	Exploring 0: L0[], 1: L0[], Ebi: L2[L7[], L7[]], Eib: L2[L7[], L0[]], Eii: L2[L7[], L0[]], put: L2[V2, V3] -> V0 -> V1 -> L2[V2, V1], tr: L7[]
[16:08:22.984220]	Exploring 0: L0[], 1: L0[], Ebi: L2[L7[], L7[]], Eib: L2[L7[], L0[]], Eii: L2[L7[], L0[]], put: L2[V2, V3] -> V0 -> V1 -> L2[V2, V2], tr: L7[]
[16:08:22.984430]	Exploring 0: L0[], 1: L0[], Ebi: L2[L7[], L7[]], Eib: L2[L7[], L0[]], Eii: L2[L7[], L0[]], put: L2[V2, V3] -> V0 -> V1 -> L2[V2, V3], tr: L7[]
[16:08:22.984647]	Exploring 0: L0[], 1: L0[], Ebi: L2[L7[], L7[]], Eib: L2[L7[], L0[]], Eii: L2[L7[], L0[]], put: L2[V2, V3] -> V0 -> V1 -> L2[V3, _9_], tr: L7[]
[16:08:22.984773]	Exploring 0: L0[], 1: L0[], Ebi: L2[L7[], L7[]], Eib: L2[L7[], L0[]], Eii: L2[L7[], L0[]], put: L2[V2, V3] -> V0 -> V1 -> L2[V3, L0[]], tr: L7[]
[16:08:22.984996]	Exploring 0: L0[], 1: L0[], Ebi: L2[L7[], L7[]], Eib: L2[L7[], L0[]], Eii: L2[L7[], L0[]], put: L2[V2, V3] -> V0 -> V1 -> L2[V3, L7[]], tr: L7[]
[16:08:22.985235]	Exploring 0: L0[], 1: L0[], Ebi: L2[L7[], L7[]], Eib: L2[L7[], L0[]], Eii: L2[L7[], L0[]], put: L2[V2, V3] -> V0 -> V1 -> L2[V3, V0], tr: L7[]
[16:08:22.985460]	Exploring 0: L0[], 1: L0[], Ebi: L2[L7[], L7[]], Eib: L2[L7[], L0[]], Eii: L2[L7[], L0[]], put: L2[V2, V3] -> V0 -> V1 -> L2[V3, V1], tr: L7[]
[16:08:22.985686]	Exploring 0: L0[], 1: L0[], Ebi: L2[L7[], L7[]], Eib: L2[L7[], L0[]], Eii: L2[L7[], L0[]], put: L2[V2, V3] -> V0 -> V1 -> L2[V3, V2], tr: L7[]
[16:08:22.985896]	Exploring 0: L0[], 1: L0[], Ebi: L2[L7[], L7[]], Eib: L2[L7[], L0[]], Eii: L2[L7[], L0[]], put: L2[V2, V3] -> V0 -> V1 -> L2[V3, V3], tr: L7[]
[16:08:22.986062]	Exploring 0: L0[], 1: L0[], Ebi: L2[L7[], L7[]], Eib: L2[L7[], L0[]], Eii: L2[L7[], L7[]], put: L2[_6_, _7_] -> V0 -> V1 -> L2[_8_, _9_], tr: L7[]
[16:08:22.986140]	Exploring 0: L0[], 1: L0[], Ebi: L2[L7[], L7[]], Eib: L2[L7[], L0[]], Eii: L2[L7[], L7[]], put: L2[L7[], _7_] -> V0 -> V1 -> L2[_8_, _9_], tr: L7[]
[16:08:22.986267]	Exploring 0: L0[], 1: L0[], Ebi: L2[L7[], L7[]], Eib: L2[L7[], L0[]], Eii: L2[L7[], L7[]], put: L2[L7[], V2] -> V0 -> V1 -> L2[_8_, _9_], tr: L7[]
[16:08:22.986362]	Exploring 0: L0[], 1: L0[], Ebi: L2[L7[], L7[]], Eib: L2[L7[], L0[]], Eii: L2[L7[], L7[]], put: L2[L7[], V2] -> V0 -> V1 -> L2[L7[], _9_], tr: L7[]
[16:08:22.986454]	Exploring 0: L0[], 1: L0[], Ebi: L2[L7[], L7[]], Eib: L2[L7[], L0[]], Eii: L2[L7[], L7[]], put: L2[L7[], V2] -> V0 -> V1 -> L2[L7[], L0[]], tr: L7[]
[16:08:22.986620]	Exploring 0: L0[], 1: L0[], Ebi: L2[L7[], L7[]], Eib: L2[L7[], L0[]], Eii: L2[L7[], L7[]], put: L2[L7[], V2] -> V0 -> V1 -> L2[L7[], L7[]], tr: L7[]
[16:08:22.986795]	Exploring 0: L0[], 1: L0[], Ebi: L2[L7[], L7[]], Eib: L2[L7[], L0[]], Eii: L2[L7[], L7[]], put: L2[L7[], V2] -> V0 -> V1 -> L2[L7[], V0], tr: L7[]
[16:08:22.986987]	Exploring 0: L0[], 1: L0[], Ebi: L2[L7[], L7[]], Eib: L2[L7[], L0[]], Eii: L2[L7[], L7[]], put: L2[L7[], V2] -> V0 -> V1 -> L2[L7[], V1], tr: L7[]
[16:08:22.987169]	Exploring 0: L0[], 1: L0[], Ebi: L2[L7[], L7[]], Eib: L2[L7[], L0[]], Eii: L2[L7[], L7[]], put: L2[L7[], V2] -> V0 -> V1 -> L2[L7[], V2], tr: L7[]
[16:08:22.987418]	Exploring 0: L0[], 1: L0[], Ebi: L2[L7[], L7[]], Eib: L2[L7[], L0[]], Eii: L2[L7[], L7[]], put: L2[V2, _7_] -> V0 -> V1 -> L2[_8_, _9_], tr: L7[]
[16:08:22.987570]	Exploring 0: L0[], 1: L0[], Ebi: L2[L7[], L7[]], Eib: L2[L7[], L0[]], Eii: L2[L7[], L7[]], put: L2[V2, V3] -> V0 -> V1 -> L2[_8_, _9_], tr: L7[]
[16:08:22.987677]	Exploring 0: L0[], 1: L0[], Ebi: L2[L7[], L7[]], Eib: L2[L7[], L0[]], Eii: L2[L7[], L7[]], put: L2[V2, V3] -> V0 -> V1 -> L2[L0[], _9_], tr: L7[]
[16:08:22.987783]	Exploring 0: L0[], 1: L0[], Ebi: L2[L7[], L7[]], Eib: L2[L7[], L0[]], Eii: L2[L7[], L7[]], put: L2[V2, V3] -> V0 -> V1 -> L2[L0[], L0[]], tr: L7[]
[16:08:22.987983]	Exploring 0: L0[], 1: L0[], Ebi: L2[L7[], L7[]], Eib: L2[L7[], L0[]], Eii: L2[L7[], L7[]], put: L2[V2, V3] -> V0 -> V1 -> L2[L0[], L7[]], tr: L7[]
[16:08:22.988197]	Exploring 0: L0[], 1: L0[], Ebi: L2[L7[], L7[]], Eib: L2[L7[], L0[]], Eii: L2[L7[], L7[]], put: L2[V2, V3] -> V0 -> V1 -> L2[L0[], V0], tr: L7[]
[16:08:22.988434]	Exploring 0: L0[], 1: L0[], Ebi: L2[L7[], L7[]], Eib: L2[L7[], L0[]], Eii: L2[L7[], L7[]], put: L2[V2, V3] -> V0 -> V1 -> L2[L0[], V1], tr: L7[]
[16:08:22.988660]	Exploring 0: L0[], 1: L0[], Ebi: L2[L7[], L7[]], Eib: L2[L7[], L0[]], Eii: L2[L7[], L7[]], put: L2[V2, V3] -> V0 -> V1 -> L2[L0[], V2], tr: L7[]
[16:08:22.988872]	Exploring 0: L0[], 1: L0[], Ebi: L2[L7[], L7[]], Eib: L2[L7[], L0[]], Eii: L2[L7[], L7[]], put: L2[V2, V3] -> V0 -> V1 -> L2[L0[], V3], tr: L7[]
[16:08:22.989077]	Exploring 0: L0[], 1: L0[], Ebi: L2[L7[], L7[]], Eib: L2[L7[], L0[]], Eii: L2[L7[], L7[]], put: L2[V2, V3] -> V0 -> V1 -> L2[L7[], _9_], tr: L7[]
[16:08:22.989183]	Exploring 0: L0[], 1: L0[], Ebi: L2[L7[], L7[]], Eib: L2[L7[], L0[]], Eii: L2[L7[], L7[]], put: L2[V2, V3] -> V0 -> V1 -> L2[L7[], L0[]], tr: L7[]
[16:08:22.989379]	Exploring 0: L0[], 1: L0[], Ebi: L2[L7[], L7[]], Eib: L2[L7[], L0[]], Eii: L2[L7[], L7[]], put: L2[V2, V3] -> V0 -> V1 -> L2[L7[], L7[]], tr: L7[]
[16:08:22.989593]	Exploring 0: L0[], 1: L0[], Ebi: L2[L7[], L7[]], Eib: L2[L7[], L0[]], Eii: L2[L7[], L7[]], put: L2[V2, V3] -> V0 -> V1 -> L2[L7[], V0], tr: L7[]
[16:08:22.989829]	Exploring 0: L0[], 1: L0[], Ebi: L2[L7[], L7[]], Eib: L2[L7[], L0[]], Eii: L2[L7[], L7[]], put: L2[V2, V3] -> V0 -> V1 -> L2[L7[], V1], tr: L7[]
[16:08:22.990059]	Exploring 0: L0[], 1: L0[], Ebi: L2[L7[], L7[]], Eib: L2[L7[], L0[]], Eii: L2[L7[], L7[]], put: L2[V2, V3] -> V0 -> V1 -> L2[L7[], V2], tr: L7[]
[16:08:22.990270]	Exploring 0: L0[], 1: L0[], Ebi: L2[L7[], L7[]], Eib: L2[L7[], L0[]], Eii: L2[L7[], L7[]], put: L2[V2, V3] -> V0 -> V1 -> L2[L7[], V3], tr: L7[]
[16:08:22.990492]	Exploring 0: L0[], 1: L0[], Ebi: L2[L7[], L7[]], Eib: L2[L7[], L0[]], Eii: L2[L7[], L7[]], put: L2[V2, V3] -> V0 -> V1 -> L2[V0, _9_], tr: L7[]
[16:08:22.990637]	Exploring 0: L0[], 1: L0[], Ebi: L2[L7[], L7[]], Eib: L2[L7[], L0[]], Eii: L2[L7[], L7[]], put: L2[V2, V3] -> V0 -> V1 -> L2[V0, L0[]], tr: L7[]
[16:08:22.990891]	Exploring 0: L0[], 1: L0[], Ebi: L2[L7[], L7[]], Eib: L2[L7[], L0[]], Eii: L2[L7[], L7[]], put: L2[V2, V3] -> V0 -> V1 -> L2[V0, L7[]], tr: L7[]
[16:08:22.991129]	Exploring 0: L0[], 1: L0[], Ebi: L2[L7[], L7[]], Eib: L2[L7[], L0[]], Eii: L2[L7[], L7[]], put: L2[V2, V3] -> V0 -> V1 -> L2[V0, V0], tr: L7[]
[16:08:22.991367]	Exploring 0: L0[], 1: L0[], Ebi: L2[L7[], L7[]], Eib: L2[L7[], L0[]], Eii: L2[L7[], L7[]], put: L2[V2, V3] -> V0 -> V1 -> L2[V0, V1], tr: L7[]
[16:08:22.991614]	Exploring 0: L0[], 1: L0[], Ebi: L2[L7[], L7[]], Eib: L2[L7[], L0[]], Eii: L2[L7[], L7[]], put: L2[V2, V3] -> V0 -> V1 -> L2[V0, V2], tr: L7[]
[16:08:22.991852]	Exploring 0: L0[], 1: L0[], Ebi: L2[L7[], L7[]], Eib: L2[L7[], L0[]], Eii: L2[L7[], L7[]], put: L2[V2, V3] -> V0 -> V1 -> L2[V0, V3], tr: L7[]
[16:08:22.992086]	Exploring 0: L0[], 1: L0[], Ebi: L2[L7[], L7[]], Eib: L2[L7[], L0[]], Eii: L2[L7[], L7[]], put: L2[V2, V3] -> V0 -> V1 -> L2[V1, _9_], tr: L7[]
[16:08:22.992225]	Exploring 0: L0[], 1: L0[], Ebi: L2[L7[], L7[]], Eib: L2[L7[], L0[]], Eii: L2[L7[], L7[]], put: L2[V2, V3] -> V0 -> V1 -> L2[V1, L0[]], tr: L7[]
[16:08:22.992471]	Exploring 0: L0[], 1: L0[], Ebi: L2[L7[], L7[]], Eib: L2[L7[], L0[]], Eii: L2[L7[], L7[]], put: L2[V2, V3] -> V0 -> V1 -> L2[V1, L7[]], tr: L7[]
[16:08:22.992711]	Exploring 0: L0[], 1: L0[], Ebi: L2[L7[], L7[]], Eib: L2[L7[], L0[]], Eii: L2[L7[], L7[]], put: L2[V2, V3] -> V0 -> V1 -> L2[V1, V0], tr: L7[]
[16:08:22.993016]	Exploring 0: L0[], 1: L0[], Ebi: L2[L7[], L7[]], Eib: L2[L7[], L0[]], Eii: L2[L7[], L7[]], put: L2[V2, V3] -> V0 -> V1 -> L2[V1, V1], tr: L7[]
[16:08:22.993303]	Exploring 0: L0[], 1: L0[], Ebi: L2[L7[], L7[]], Eib: L2[L7[], L0[]], Eii: L2[L7[], L7[]], put: L2[V2, V3] -> V0 -> V1 -> L2[V1, V2], tr: L7[]
[16:08:22.993577]	Exploring 0: L0[], 1: L0[], Ebi: L2[L7[], L7[]], Eib: L2[L7[], L0[]], Eii: L2[L7[], L7[]], put: L2[V2, V3] -> V0 -> V1 -> L2[V1, V3], tr: L7[]
[16:08:22.993804]	Exploring 0: L0[], 1: L0[], Ebi: L2[L7[], L7[]], Eib: L2[L7[], L0[]], Eii: L2[L7[], L7[]], put: L2[V2, V3] -> V0 -> V1 -> L2[V2, _9_], tr: L7[]
[16:08:22.993933]	Exploring 0: L0[], 1: L0[], Ebi: L2[L7[], L7[]], Eib: L2[L7[], L0[]], Eii: L2[L7[], L7[]], put: L2[V2, V3] -> V0 -> V1 -> L2[V2, L0[]], tr: L7[]
[16:08:22.994150]	Exploring 0: L0[], 1: L0[], Ebi: L2[L7[], L7[]], Eib: L2[L7[], L0[]], Eii: L2[L7[], L7[]], put: L2[V2, V3] -> V0 -> V1 -> L2[V2, L7[]], tr: L7[]
[16:08:22.994380]	Exploring 0: L0[], 1: L0[], Ebi: L2[L7[], L7[]], Eib: L2[L7[], L0[]], Eii: L2[L7[], L7[]], put: L2[V2, V3] -> V0 -> V1 -> L2[V2, V0], tr: L7[]
[16:08:22.994637]	Exploring 0: L0[], 1: L0[], Ebi: L2[L7[], L7[]], Eib: L2[L7[], L0[]], Eii: L2[L7[], L7[]], put: L2[V2, V3] -> V0 -> V1 -> L2[V2, V1], tr: L7[]
[16:08:22.994876]	Exploring 0: L0[], 1: L0[], Ebi: L2[L7[], L7[]], Eib: L2[L7[], L0[]], Eii: L2[L7[], L7[]], put: L2[V2, V3] -> V0 -> V1 -> L2[V2, V2], tr: L7[]
[16:08:22.995131]	Exploring 0: L0[], 1: L0[], Ebi: L2[L7[], L7[]], Eib: L2[L7[], L0[]], Eii: L2[L7[], L7[]], put: L2[V2, V3] -> V0 -> V1 -> L2[V2, V3], tr: L7[]
[16:08:22.995366]	Exploring 0: L0[], 1: L0[], Ebi: L2[L7[], L7[]], Eib: L2[L7[], L0[]], Eii: L2[L7[], L7[]], put: L2[V2, V3] -> V0 -> V1 -> L2[V3, _9_], tr: L7[]
[16:08:22.995509]	Exploring 0: L0[], 1: L0[], Ebi: L2[L7[], L7[]], Eib: L2[L7[], L0[]], Eii: L2[L7[], L7[]], put: L2[V2, V3] -> V0 -> V1 -> L2[V3, L0[]], tr: L7[]
[16:08:22.995741]	Exploring 0: L0[], 1: L0[], Ebi: L2[L7[], L7[]], Eib: L2[L7[], L0[]], Eii: L2[L7[], L7[]], put: L2[V2, V3] -> V0 -> V1 -> L2[V3, L7[]], tr: L7[]
[16:08:22.995971]	Exploring 0: L0[], 1: L0[], Ebi: L2[L7[], L7[]], Eib: L2[L7[], L0[]], Eii: L2[L7[], L7[]], put: L2[V2, V3] -> V0 -> V1 -> L2[V3, V0], tr: L7[]
[16:08:22.996211]	Exploring 0: L0[], 1: L0[], Ebi: L2[L7[], L7[]], Eib: L2[L7[], L0[]], Eii: L2[L7[], L7[]], put: L2[V2, V3] -> V0 -> V1 -> L2[V3, V1], tr: L7[]
[16:08:22.996445]	Exploring 0: L0[], 1: L0[], Ebi: L2[L7[], L7[]], Eib: L2[L7[], L0[]], Eii: L2[L7[], L7[]], put: L2[V2, V3] -> V0 -> V1 -> L2[V3, V2], tr: L7[]
[16:08:22.996663]	Exploring 0: L0[], 1: L0[], Ebi: L2[L7[], L7[]], Eib: L2[L7[], L0[]], Eii: L2[L7[], L7[]], put: L2[V2, V3] -> V0 -> V1 -> L2[V3, V3], tr: L7[]
[16:08:22.996849]	Exploring 0: L0[], 1: L0[], Ebi: L2[L7[], L7[]], Eib: L2[L7[], L7[]], Eii: L2[_4_, _5_], put: L2[_6_, _7_] -> V0 -> V1 -> L2[_8_, _9_], tr: L7[]
[16:08:22.996914]	Exploring 0: L0[], 1: L0[], Ebi: L2[L7[], L7[]], Eib: L2[L7[], L7[]], Eii: L2[L0[], _5_], put: L2[_6_, _7_] -> V0 -> V1 -> L2[_8_, _9_], tr: L7[]
[16:08:22.996986]	Exploring 0: L0[], 1: L0[], Ebi: L2[L7[], L7[]], Eib: L2[L7[], L7[]], Eii: L2[L0[], L0[]], put: L2[_6_, _7_] -> V0 -> V1 -> L2[_8_, _9_], tr: L7[]
[16:08:22.997109]	Exploring 0: L0[], 1: L0[], Ebi: L2[L7[], L7[]], Eib: L2[L7[], L7[]], Eii: L2[L0[], L0[]], put: L2[V2, _7_] -> V0 -> V1 -> L2[_8_, _9_], tr: L7[]
[16:08:22.997235]	Exploring 0: L0[], 1: L0[], Ebi: L2[L7[], L7[]], Eib: L2[L7[], L7[]], Eii: L2[L0[], L0[]], put: L2[V2, V2] -> V0 -> V1 -> L2[_8_, _9_], tr: L7[]
[16:08:22.997335]	Exploring 0: L0[], 1: L0[], Ebi: L2[L7[], L7[]], Eib: L2[L7[], L7[]], Eii: L2[L0[], L0[]], put: L2[V2, V2] -> V0 -> V1 -> L2[L0[], _9_], tr: L7[]
[16:08:22.997442]	Exploring 0: L0[], 1: L0[], Ebi: L2[L7[], L7[]], Eib: L2[L7[], L7[]], Eii: L2[L0[], L0[]], put: L2[V2, V2] -> V0 -> V1 -> L2[L0[], L0[]], tr: L7[]
[16:08:22.997724]	Exploring 0: L0[], 1: L0[], Ebi: L2[L7[], L7[]], Eib: L2[L7[], L7[]], Eii: L2[L0[], L0[]], put: L2[V2, V2] -> V0 -> V1 -> L2[L7[], _9_], tr: L7[]
[16:08:22.997865]	Exploring 0: L0[], 1: L0[], Ebi: L2[L7[], L7[]], Eib: L2[L7[], L7[]], Eii: L2[L0[], L0[]], put: L2[V2, V2] -> V0 -> V1 -> L2[L7[], L7[]], tr: L7[]
[16:08:22.998231]	Exploring 0: L0[], 1: L0[], Ebi: L2[L7[], L7[]], Eib: L2[L7[], L7[]], Eii: L2[L0[], L0[]], put: L2[V2, V2] -> V0 -> V1 -> L2[V0, _9_], tr: L7[]
[16:08:22.998355]	Exploring 0: L0[], 1: L0[], Ebi: L2[L7[], L7[]], Eib: L2[L7[], L7[]], Eii: L2[L0[], L0[]], put: L2[V2, V2] -> V0 -> V1 -> L2[V0, V0], tr: L7[]
[16:08:22.998564]	Exploring 0: L0[], 1: L0[], Ebi: L2[L7[], L7[]], Eib: L2[L7[], L7[]], Eii: L2[L0[], L0[]], put: L2[V2, V2] -> V0 -> V1 -> L2[V1, _9_], tr: L7[]
[16:08:22.998688]	Exploring 0: L0[], 1: L0[], Ebi: L2[L7[], L7[]], Eib: L2[L7[], L7[]], Eii: L2[L0[], L0[]], put: L2[V2, V2] -> V0 -> V1 -> L2[V1, V1], tr: L7[]
[16:08:22.998899]	Exploring 0: L0[], 1: L0[], Ebi: L2[L7[], L7[]], Eib: L2[L7[], L7[]], Eii: L2[L0[], L0[]], put: L2[V2, V2] -> V0 -> V1 -> L2[V2, _9_], tr: L7[]
[16:08:22.999038]	Exploring 0: L0[], 1: L0[], Ebi: L2[L7[], L7[]], Eib: L2[L7[], L7[]], Eii: L2[L0[], L0[]], put: L2[V2, V2] -> V0 -> V1 -> L2[V2, V2], tr: L7[]
[16:08:22.999222]	Exploring 0: L0[], 1: L0[], Ebi: L2[L7[], L7[]], Eib: L2[L7[], L7[]], Eii: L2[L0[], L0[]], put: L2[V2, V3] -> V0 -> V1 -> L2[_8_, _9_], tr: L7[]
[16:08:22.999334]	Exploring 0: L0[], 1: L0[], Ebi: L2[L7[], L7[]], Eib: L2[L7[], L7[]], Eii: L2[L0[], L0[]], put: L2[V2, V3] -> V0 -> V1 -> L2[L0[], _9_], tr: L7[]
[16:08:22.999474]	Exploring 0: L0[], 1: L0[], Ebi: L2[L7[], L7[]], Eib: L2[L7[], L7[]], Eii: L2[L0[], L0[]], put: L2[V2, V3] -> V0 -> V1 -> L2[L0[], L0[]], tr: L7[]
[16:08:22.999680]	Exploring 0: L0[], 1: L0[], Ebi: L2[L7[], L7[]], Eib: L2[L7[], L7[]], Eii: L2[L0[], L0[]], put: L2[V2, V3] -> V0 -> V1 -> L2[L0[], L7[]], tr: L7[]
[16:08:22.999904]	Exploring 0: L0[], 1: L0[], Ebi: L2[L7[], L7[]], Eib: L2[L7[], L7[]], Eii: L2[L0[], L0[]], put: L2[V2, V3] -> V0 -> V1 -> L2[L0[], V0], tr: L7[]
[16:08:23.000150]	Exploring 0: L0[], 1: L0[], Ebi: L2[L7[], L7[]], Eib: L2[L7[], L7[]], Eii: L2[L0[], L0[]], put: L2[V2, V3] -> V0 -> V1 -> L2[L0[], V1], tr: L7[]
[16:08:23.000386]	Exploring 0: L0[], 1: L0[], Ebi: L2[L7[], L7[]], Eib: L2[L7[], L7[]], Eii: L2[L0[], L0[]], put: L2[V2, V3] -> V0 -> V1 -> L2[L0[], V2], tr: L7[]
[16:08:23.000607]	Exploring 0: L0[], 1: L0[], Ebi: L2[L7[], L7[]], Eib: L2[L7[], L7[]], Eii: L2[L0[], L0[]], put: L2[V2, V3] -> V0 -> V1 -> L2[L0[], V3], tr: L7[]
[16:08:23.000824]	Exploring 0: L0[], 1: L0[], Ebi: L2[L7[], L7[]], Eib: L2[L7[], L7[]], Eii: L2[L0[], L0[]], put: L2[V2, V3] -> V0 -> V1 -> L2[L7[], _9_], tr: L7[]
[16:08:23.000961]	Exploring 0: L0[], 1: L0[], Ebi: L2[L7[], L7[]], Eib: L2[L7[], L7[]], Eii: L2[L0[], L0[]], put: L2[V2, V3] -> V0 -> V1 -> L2[L7[], L0[]], tr: L7[]
[16:08:23.001180]	Exploring 0: L0[], 1: L0[], Ebi: L2[L7[], L7[]], Eib: L2[L7[], L7[]], Eii: L2[L0[], L0[]], put: L2[V2, V3] -> V0 -> V1 -> L2[L7[], L7[]], tr: L7[]
[16:08:23.001401]	Exploring 0: L0[], 1: L0[], Ebi: L2[L7[], L7[]], Eib: L2[L7[], L7[]], Eii: L2[L0[], L0[]], put: L2[V2, V3] -> V0 -> V1 -> L2[L7[], V0], tr: L7[]
[16:08:23.001647]	Exploring 0: L0[], 1: L0[], Ebi: L2[L7[], L7[]], Eib: L2[L7[], L7[]], Eii: L2[L0[], L0[]], put: L2[V2, V3] -> V0 -> V1 -> L2[L7[], V1], tr: L7[]
[16:08:23.001878]	Exploring 0: L0[], 1: L0[], Ebi: L2[L7[], L7[]], Eib: L2[L7[], L7[]], Eii: L2[L0[], L0[]], put: L2[V2, V3] -> V0 -> V1 -> L2[L7[], V2], tr: L7[]
[16:08:23.002102]	Exploring 0: L0[], 1: L0[], Ebi: L2[L7[], L7[]], Eib: L2[L7[], L7[]], Eii: L2[L0[], L0[]], put: L2[V2, V3] -> V0 -> V1 -> L2[L7[], V3], tr: L7[]
[16:08:23.002333]	Exploring 0: L0[], 1: L0[], Ebi: L2[L7[], L7[]], Eib: L2[L7[], L7[]], Eii: L2[L0[], L0[]], put: L2[V2, V3] -> V0 -> V1 -> L2[V0, _9_], tr: L7[]
[16:08:23.002468]	Exploring 0: L0[], 1: L0[], Ebi: L2[L7[], L7[]], Eib: L2[L7[], L7[]], Eii: L2[L0[], L0[]], put: L2[V2, V3] -> V0 -> V1 -> L2[V0, L0[]], tr: L7[]
[16:08:23.002709]	Exploring 0: L0[], 1: L0[], Ebi: L2[L7[], L7[]], Eib: L2[L7[], L7[]], Eii: L2[L0[], L0[]], put: L2[V2, V3] -> V0 -> V1 -> L2[V0, L7[]], tr: L7[]
[16:08:23.002949]	Exploring 0: L0[], 1: L0[], Ebi: L2[L7[], L7[]], Eib: L2[L7[], L7[]], Eii: L2[L0[], L0[]], put: L2[V2, V3] -> V0 -> V1 -> L2[V0, V0], tr: L7[]
[16:08:23.003189]	Exploring 0: L0[], 1: L0[], Ebi: L2[L7[], L7[]], Eib: L2[L7[], L7[]], Eii: L2[L0[], L0[]], put: L2[V2, V3] -> V0 -> V1 -> L2[V0, V1], tr: L7[]
[16:08:23.003435]	Exploring 0: L0[], 1: L0[], Ebi: L2[L7[], L7[]], Eib: L2[L7[], L7[]], Eii: L2[L0[], L0[]], put: L2[V2, V3] -> V0 -> V1 -> L2[V0, V2], tr: L7[]
[16:08:23.003679]	Exploring 0: L0[], 1: L0[], Ebi: L2[L7[], L7[]], Eib: L2[L7[], L7[]], Eii: L2[L0[], L0[]], put: L2[V2, V3] -> V0 -> V1 -> L2[V0, V3], tr: L7[]
[16:08:23.003911]	Exploring 0: L0[], 1: L0[], Ebi: L2[L7[], L7[]], Eib: L2[L7[], L7[]], Eii: L2[L0[], L0[]], put: L2[V2, V3] -> V0 -> V1 -> L2[V1, _9_], tr: L7[]
[16:08:23.004048]	Exploring 0: L0[], 1: L0[], Ebi: L2[L7[], L7[]], Eib: L2[L7[], L7[]], Eii: L2[L0[], L0[]], put: L2[V2, V3] -> V0 -> V1 -> L2[V1, L0[]], tr: L7[]
[16:08:23.004290]	Exploring 0: L0[], 1: L0[], Ebi: L2[L7[], L7[]], Eib: L2[L7[], L7[]], Eii: L2[L0[], L0[]], put: L2[V2, V3] -> V0 -> V1 -> L2[V1, L7[]], tr: L7[]
[16:08:23.004533]	Exploring 0: L0[], 1: L0[], Ebi: L2[L7[], L7[]], Eib: L2[L7[], L7[]], Eii: L2[L0[], L0[]], put: L2[V2, V3] -> V0 -> V1 -> L2[V1, V0], tr: L7[]
[16:08:23.004768]	Exploring 0: L0[], 1: L0[], Ebi: L2[L7[], L7[]], Eib: L2[L7[], L7[]], Eii: L2[L0[], L0[]], put: L2[V2, V3] -> V0 -> V1 -> L2[V1, V1], tr: L7[]
[16:08:23.005006]	Exploring 0: L0[], 1: L0[], Ebi: L2[L7[], L7[]], Eib: L2[L7[], L7[]], Eii: L2[L0[], L0[]], put: L2[V2, V3] -> V0 -> V1 -> L2[V1, V2], tr: L7[]
[16:08:23.005248]	Exploring 0: L0[], 1: L0[], Ebi: L2[L7[], L7[]], Eib: L2[L7[], L7[]], Eii: L2[L0[], L0[]], put: L2[V2, V3] -> V0 -> V1 -> L2[V1, V3], tr: L7[]
[16:08:23.005468]	Exploring 0: L0[], 1: L0[], Ebi: L2[L7[], L7[]], Eib: L2[L7[], L7[]], Eii: L2[L0[], L0[]], put: L2[V2, V3] -> V0 -> V1 -> L2[V2, _9_], tr: L7[]
[16:08:23.005589]	Exploring 0: L0[], 1: L0[], Ebi: L2[L7[], L7[]], Eib: L2[L7[], L7[]], Eii: L2[L0[], L0[]], put: L2[V2, V3] -> V0 -> V1 -> L2[V2, L0[]], tr: L7[]
[16:08:23.005804]	Exploring 0: L0[], 1: L0[], Ebi: L2[L7[], L7[]], Eib: L2[L7[], L7[]], Eii: L2[L0[], L0[]], put: L2[V2, V3] -> V0 -> V1 -> L2[V2, L7[]], tr: L7[]
[16:08:23.006034]	Exploring 0: L0[], 1: L0[], Ebi: L2[L7[], L7[]], Eib: L2[L7[], L7[]], Eii: L2[L0[], L0[]], put: L2[V2, V3] -> V0 -> V1 -> L2[V2, V0], tr: L7[]
[16:08:23.006274]	Exploring 0: L0[], 1: L0[], Ebi: L2[L7[], L7[]], Eib: L2[L7[], L7[]], Eii: L2[L0[], L0[]], put: L2[V2, V3] -> V0 -> V1 -> L2[V2, V1], tr: L7[]
[16:08:23.006499]	Exploring 0: L0[], 1: L0[], Ebi: L2[L7[], L7[]], Eib: L2[L7[], L7[]], Eii: L2[L0[], L0[]], put: L2[V2, V3] -> V0 -> V1 -> L2[V2, V2], tr: L7[]
[16:08:23.006712]	Exploring 0: L0[], 1: L0[], Ebi: L2[L7[], L7[]], Eib: L2[L7[], L7[]], Eii: L2[L0[], L0[]], put: L2[V2, V3] -> V0 -> V1 -> L2[V2, V3], tr: L7[]
[16:08:23.006934]	Exploring 0: L0[], 1: L0[], Ebi: L2[L7[], L7[]], Eib: L2[L7[], L7[]], Eii: L2[L0[], L0[]], put: L2[V2, V3] -> V0 -> V1 -> L2[V3, _9_], tr: L7[]
[16:08:23.007061]	Exploring 0: L0[], 1: L0[], Ebi: L2[L7[], L7[]], Eib: L2[L7[], L7[]], Eii: L2[L0[], L0[]], put: L2[V2, V3] -> V0 -> V1 -> L2[V3, L0[]], tr: L7[]
[16:08:23.007287]	Exploring 0: L0[], 1: L0[], Ebi: L2[L7[], L7[]], Eib: L2[L7[], L7[]], Eii: L2[L0[], L0[]], put: L2[V2, V3] -> V0 -> V1 -> L2[V3, L7[]], tr: L7[]
[16:08:23.007547]	Exploring 0: L0[], 1: L0[], Ebi: L2[L7[], L7[]], Eib: L2[L7[], L7[]], Eii: L2[L0[], L0[]], put: L2[V2, V3] -> V0 -> V1 -> L2[V3, V0], tr: L7[]
[16:08:23.007857]	Exploring 0: L0[], 1: L0[], Ebi: L2[L7[], L7[]], Eib: L2[L7[], L7[]], Eii: L2[L0[], L0[]], put: L2[V2, V3] -> V0 -> V1 -> L2[V3, V1], tr: L7[]
[16:08:23.008099]	Exploring 0: L0[], 1: L0[], Ebi: L2[L7[], L7[]], Eib: L2[L7[], L7[]], Eii: L2[L0[], L0[]], put: L2[V2, V3] -> V0 -> V1 -> L2[V3, V2], tr: L7[]
[16:08:23.008317]	Exploring 0: L0[], 1: L0[], Ebi: L2[L7[], L7[]], Eib: L2[L7[], L7[]], Eii: L2[L0[], L0[]], put: L2[V2, V3] -> V0 -> V1 -> L2[V3, V3], tr: L7[]
[16:08:23.008541]	Exploring 0: L0[], 1: L0[], Ebi: L2[L7[], L7[]], Eib: L2[L7[], L7[]], Eii: L2[L0[], L7[]], put: L2[_6_, _7_] -> V0 -> V1 -> L2[_8_, _9_], tr: L7[]
[16:08:23.008709]	Exploring 0: L0[], 1: L0[], Ebi: L2[L7[], L7[]], Eib: L2[L7[], L7[]], Eii: L2[L0[], L7[]], put: L2[V2, _7_] -> V0 -> V1 -> L2[_8_, _9_], tr: L7[]
[16:08:23.008848]	Exploring 0: L0[], 1: L0[], Ebi: L2[L7[], L7[]], Eib: L2[L7[], L7[]], Eii: L2[L0[], L7[]], put: L2[V2, L7[]] -> V0 -> V1 -> L2[_8_, _9_], tr: L7[]
[16:08:23.009013]	Exploring 0: L0[], 1: L0[], Ebi: L2[L7[], L7[]], Eib: L2[L7[], L7[]], Eii: L2[L0[], L7[]], put: L2[V2, L7[]] -> V0 -> V1 -> L2[L0[], _9_], tr: L7[]
[16:08:23.009128]	Exploring 0: L0[], 1: L0[], Ebi: L2[L7[], L7[]], Eib: L2[L7[], L7[]], Eii: L2[L0[], L7[]], put: L2[V2, L7[]] -> V0 -> V1 -> L2[L0[], L7[]], tr: L7[]
[16:08:23.009397]	Exploring 0: L0[], 1: L0[], Ebi: L2[L7[], L7[]], Eib: L2[L7[], L7[]], Eii: L2[L0[], L7[]], put: L2[V2, L7[]] -> V0 -> V1 -> L2[L7[], _9_], tr: L7[]
[16:08:23.009506]	Exploring 0: L0[], 1: L0[], Ebi: L2[L7[], L7[]], Eib: L2[L7[], L7[]], Eii: L2[L0[], L7[]], put: L2[V2, L7[]] -> V0 -> V1 -> L2[L7[], L7[]], tr: L7[]
[16:08:23.009784]	Exploring 0: L0[], 1: L0[], Ebi: L2[L7[], L7[]], Eib: L2[L7[], L7[]], Eii: L2[L0[], L7[]], put: L2[V2, L7[]] -> V0 -> V1 -> L2[V0, _9_], tr: L7[]
[16:08:23.009955]	Exploring 0: L0[], 1: L0[], Ebi: L2[L7[], L7[]], Eib: L2[L7[], L7[]], Eii: L2[L0[], L7[]], put: L2[V2, L7[]] -> V0 -> V1 -> L2[V0, L7[]], tr: L7[]
[16:08:23.010390]	Exploring 0: L0[], 1: L0[], Ebi: L2[L7[], L7[]], Eib: L2[L7[], L7[]], Eii: L2[L0[], L7[]], put: L2[V2, L7[]] -> V0 -> V1 -> L2[V1, _9_], tr: L7[]
[16:08:23.010553]	Exploring 0: L0[], 1: L0[], Ebi: L2[L7[], L7[]], Eib: L2[L7[], L7[]], Eii: L2[L0[], L7[]], put: L2[V2, L7[]] -> V0 -> V1 -> L2[V1, L7[]], tr: L7[]
[16:08:23.010848]	Exploring 0: L0[], 1: L0[], Ebi: L2[L7[], L7[]], Eib: L2[L7[], L7[]], Eii: L2[L0[], L7[]], put: L2[V2, L7[]] -> V0 -> V1 -> L2[V2, _9_], tr: L7[]
[16:08:23.010973]	Exploring 0: L0[], 1: L0[], Ebi: L2[L7[], L7[]], Eib: L2[L7[], L7[]], Eii: L2[L0[], L7[]], put: L2[V2, L7[]] -> V0 -> V1 -> L2[V2, L7[]], tr: L7[]
[16:08:23.011431]	Exploring 0: L0[], 1: L0[], Ebi: L2[L7[], L7[]], Eib: L2[L7[], L7[]], Eii: L2[L0[], L7[]], put: L2[V2, V3] -> V0 -> V1 -> L2[_8_, _9_], tr: L7[]
[16:08:23.011556]	Exploring 0: L0[], 1: L0[], Ebi: L2[L7[], L7[]], Eib: L2[L7[], L7[]], Eii: L2[L0[], L7[]], put: L2[V2, V3] -> V0 -> V1 -> L2[L0[], _9_], tr: L7[]
[16:08:23.011675]	Exploring 0: L0[], 1: L0[], Ebi: L2[L7[], L7[]], Eib: L2[L7[], L7[]], Eii: L2[L0[], L7[]], put: L2[V2, V3] -> V0 -> V1 -> L2[L0[], L0[]], tr: L7[]
[16:08:23.011879]	Exploring 0: L0[], 1: L0[], Ebi: L2[L7[], L7[]], Eib: L2[L7[], L7[]], Eii: L2[L0[], L7[]], put: L2[V2, V3] -> V0 -> V1 -> L2[L0[], L7[]], tr: L7[]
[16:08:23.012104]	Exploring 0: L0[], 1: L0[], Ebi: L2[L7[], L7[]], Eib: L2[L7[], L7[]], Eii: L2[L0[], L7[]], put: L2[V2, V3] -> V0 -> V1 -> L2[L0[], V0], tr: L7[]
[16:08:23.012351]	Exploring 0: L0[], 1: L0[], Ebi: L2[L7[], L7[]], Eib: L2[L7[], L7[]], Eii: L2[L0[], L7[]], put: L2[V2, V3] -> V0 -> V1 -> L2[L0[], V1], tr: L7[]
[16:08:23.012587]	Exploring 0: L0[], 1: L0[], Ebi: L2[L7[], L7[]], Eib: L2[L7[], L7[]], Eii: L2[L0[], L7[]], put: L2[V2, V3] -> V0 -> V1 -> L2[L0[], V2], tr: L7[]
[16:08:23.012810]	Exploring 0: L0[], 1: L0[], Ebi: L2[L7[], L7[]], Eib: L2[L7[], L7[]], Eii: L2[L0[], L7[]], put: L2[V2, V3] -> V0 -> V1 -> L2[L0[], V3], tr: L7[]
[16:08:23.013032]	Exploring 0: L0[], 1: L0[], Ebi: L2[L7[], L7[]], Eib: L2[L7[], L7[]], Eii: L2[L0[], L7[]], put: L2[V2, V3] -> V0 -> V1 -> L2[L7[], _9_], tr: L7[]
[16:08:23.013151]	Exploring 0: L0[], 1: L0[], Ebi: L2[L7[], L7[]], Eib: L2[L7[], L7[]], Eii: L2[L0[], L7[]], put: L2[V2, V3] -> V0 -> V1 -> L2[L7[], L0[]], tr: L7[]
[16:08:23.013441]	Exploring 0: L0[], 1: L0[], Ebi: L2[L7[], L7[]], Eib: L2[L7[], L7[]], Eii: L2[L0[], L7[]], put: L2[V2, V3] -> V0 -> V1 -> L2[L7[], L7[]], tr: L7[]
[16:08:23.013753]	Exploring 0: L0[], 1: L0[], Ebi: L2[L7[], L7[]], Eib: L2[L7[], L7[]], Eii: L2[L0[], L7[]], put: L2[V2, V3] -> V0 -> V1 -> L2[L7[], V0], tr: L7[]
[16:08:23.014005]	Exploring 0: L0[], 1: L0[], Ebi: L2[L7[], L7[]], Eib: L2[L7[], L7[]], Eii: L2[L0[], L7[]], put: L2[V2, V3] -> V0 -> V1 -> L2[L7[], V1], tr: L7[]
[16:08:23.014303]	Exploring 0: L0[], 1: L0[], Ebi: L2[L7[], L7[]], Eib: L2[L7[], L7[]], Eii: L2[L0[], L7[]], put: L2[V2, V3] -> V0 -> V1 -> L2[L7[], V2], tr: L7[]
[16:08:23.014603]	Exploring 0: L0[], 1: L0[], Ebi: L2[L7[], L7[]], Eib: L2[L7[], L7[]], Eii: L2[L0[], L7[]], put: L2[V2, V3] -> V0 -> V1 -> L2[L7[], V3], tr: L7[]
[16:08:23.014849]	Exploring 0: L0[], 1: L0[], Ebi: L2[L7[], L7[]], Eib: L2[L7[], L7[]], Eii: L2[L0[], L7[]], put: L2[V2, V3] -> V0 -> V1 -> L2[V0, _9_], tr: L7[]
[16:08:23.014986]	Exploring 0: L0[], 1: L0[], Ebi: L2[L7[], L7[]], Eib: L2[L7[], L7[]], Eii: L2[L0[], L7[]], put: L2[V2, V3] -> V0 -> V1 -> L2[V0, L0[]], tr: L7[]
[16:08:23.015231]	Exploring 0: L0[], 1: L0[], Ebi: L2[L7[], L7[]], Eib: L2[L7[], L7[]], Eii: L2[L0[], L7[]], put: L2[V2, V3] -> V0 -> V1 -> L2[V0, L7[]], tr: L7[]
[16:08:23.015507]	Exploring 0: L0[], 1: L0[], Ebi: L2[L7[], L7[]], Eib: L2[L7[], L7[]], Eii: L2[L0[], L7[]], put: L2[V2, V3] -> V0 -> V1 -> L2[V0, V0], tr: L7[]
[16:08:23.015747]	Exploring 0: L0[], 1: L0[], Ebi: L2[L7[], L7[]], Eib: L2[L7[], L7[]], Eii: L2[L0[], L7[]], put: L2[V2, V3] -> V0 -> V1 -> L2[V0, V1], tr: L7[]
[16:08:23.015984]	Exploring 0: L0[], 1: L0[], Ebi: L2[L7[], L7[]], Eib: L2[L7[], L7[]], Eii: L2[L0[], L7[]], put: L2[V2, V3] -> V0 -> V1 -> L2[V0, V2], tr: L7[]
[16:08:23.016225]	Exploring 0: L0[], 1: L0[], Ebi: L2[L7[], L7[]], Eib: L2[L7[], L7[]], Eii: L2[L0[], L7[]], put: L2[V2, V3] -> V0 -> V1 -> L2[V0, V3], tr: L7[]
[16:08:23.016459]	Exploring 0: L0[], 1: L0[], Ebi: L2[L7[], L7[]], Eib: L2[L7[], L7[]], Eii: L2[L0[], L7[]], put: L2[V2, V3] -> V0 -> V1 -> L2[V1, _9_], tr: L7[]
[16:08:23.016595]	Exploring 0: L0[], 1: L0[], Ebi: L2[L7[], L7[]], Eib: L2[L7[], L7[]], Eii: L2[L0[], L7[]], put: L2[V2, V3] -> V0 -> V1 -> L2[V1, L0[]], tr: L7[]
[16:08:23.016843]	Exploring 0: L0[], 1: L0[], Ebi: L2[L7[], L7[]], Eib: L2[L7[], L7[]], Eii: L2[L0[], L7[]], put: L2[V2, V3] -> V0 -> V1 -> L2[V1, L7[]], tr: L7[]
[16:08:23.017084]	Exploring 0: L0[], 1: L0[], Ebi: L2[L7[], L7[]], Eib: L2[L7[], L7[]], Eii: L2[L0[], L7[]], put: L2[V2, V3] -> V0 -> V1 -> L2[V1, V0], tr: L7[]
[16:08:23.017319]	Exploring 0: L0[], 1: L0[], Ebi: L2[L7[], L7[]], Eib: L2[L7[], L7[]], Eii: L2[L0[], L7[]], put: L2[V2, V3] -> V0 -> V1 -> L2[V1, V1], tr: L7[]
[16:08:23.017556]	Exploring 0: L0[], 1: L0[], Ebi: L2[L7[], L7[]], Eib: L2[L7[], L7[]], Eii: L2[L0[], L7[]], put: L2[V2, V3] -> V0 -> V1 -> L2[V1, V2], tr: L7[]
[16:08:23.017796]	Exploring 0: L0[], 1: L0[], Ebi: L2[L7[], L7[]], Eib: L2[L7[], L7[]], Eii: L2[L0[], L7[]], put: L2[V2, V3] -> V0 -> V1 -> L2[V1, V3], tr: L7[]
[16:08:23.018015]	Exploring 0: L0[], 1: L0[], Ebi: L2[L7[], L7[]], Eib: L2[L7[], L7[]], Eii: L2[L0[], L7[]], put: L2[V2, V3] -> V0 -> V1 -> L2[V2, _9_], tr: L7[]
[16:08:23.018161]	Exploring 0: L0[], 1: L0[], Ebi: L2[L7[], L7[]], Eib: L2[L7[], L7[]], Eii: L2[L0[], L7[]], put: L2[V2, V3] -> V0 -> V1 -> L2[V2, L0[]], tr: L7[]
[16:08:23.018452]	Exploring 0: L0[], 1: L0[], Ebi: L2[L7[], L7[]], Eib: L2[L7[], L7[]], Eii: L2[L0[], L7[]], put: L2[V2, V3] -> V0 -> V1 -> L2[V2, L7[]], tr: L7[]
[16:08:23.018684]	Exploring 0: L0[], 1: L0[], Ebi: L2[L7[], L7[]], Eib: L2[L7[], L7[]], Eii: L2[L0[], L7[]], put: L2[V2, V3] -> V0 -> V1 -> L2[V2, V0], tr: L7[]
[16:08:23.018923]	Exploring 0: L0[], 1: L0[], Ebi: L2[L7[], L7[]], Eib: L2[L7[], L7[]], Eii: L2[L0[], L7[]], put: L2[V2, V3] -> V0 -> V1 -> L2[V2, V1], tr: L7[]
[16:08:23.019147]	Exploring 0: L0[], 1: L0[], Ebi: L2[L7[], L7[]], Eib: L2[L7[], L7[]], Eii: L2[L0[], L7[]], put: L2[V2, V3] -> V0 -> V1 -> L2[V2, V2], tr: L7[]
[16:08:23.019452]	Exploring 0: L0[], 1: L0[], Ebi: L2[L7[], L7[]], Eib: L2[L7[], L7[]], Eii: L2[L0[], L7[]], put: L2[V2, V3] -> V0 -> V1 -> L2[V2, V3], tr: L7[]
[16:08:23.019673]	Exploring 0: L0[], 1: L0[], Ebi: L2[L7[], L7[]], Eib: L2[L7[], L7[]], Eii: L2[L0[], L7[]], put: L2[V2, V3] -> V0 -> V1 -> L2[V3, _9_], tr: L7[]
[16:08:23.019793]	Exploring 0: L0[], 1: L0[], Ebi: L2[L7[], L7[]], Eib: L2[L7[], L7[]], Eii: L2[L0[], L7[]], put: L2[V2, V3] -> V0 -> V1 -> L2[V3, L0[]], tr: L7[]
[16:08:23.020012]	Exploring 0: L0[], 1: L0[], Ebi: L2[L7[], L7[]], Eib: L2[L7[], L7[]], Eii: L2[L0[], L7[]], put: L2[V2, V3] -> V0 -> V1 -> L2[V3, L7[]], tr: L7[]
[16:08:23.020250]	Exploring 0: L0[], 1: L0[], Ebi: L2[L7[], L7[]], Eib: L2[L7[], L7[]], Eii: L2[L0[], L7[]], put: L2[V2, V3] -> V0 -> V1 -> L2[V3, V0], tr: L7[]
[16:08:23.020490]	Exploring 0: L0[], 1: L0[], Ebi: L2[L7[], L7[]], Eib: L2[L7[], L7[]], Eii: L2[L0[], L7[]], put: L2[V2, V3] -> V0 -> V1 -> L2[V3, V1], tr: L7[]
[16:08:23.020712]	Exploring 0: L0[], 1: L0[], Ebi: L2[L7[], L7[]], Eib: L2[L7[], L7[]], Eii: L2[L0[], L7[]], put: L2[V2, V3] -> V0 -> V1 -> L2[V3, V2], tr: L7[]
[16:08:23.020921]	Exploring 0: L0[], 1: L0[], Ebi: L2[L7[], L7[]], Eib: L2[L7[], L7[]], Eii: L2[L0[], L7[]], put: L2[V2, V3] -> V0 -> V1 -> L2[V3, V3], tr: L7[]
[16:08:23.021092]	Exploring 0: L0[], 1: L0[], Ebi: L2[L7[], L7[]], Eib: L2[L7[], L7[]], Eii: L2[L7[], _5_], put: L2[_6_, _7_] -> V0 -> V1 -> L2[_8_, _9_], tr: L7[]
[16:08:23.021156]	Exploring 0: L0[], 1: L0[], Ebi: L2[L7[], L7[]], Eib: L2[L7[], L7[]], Eii: L2[L7[], L0[]], put: L2[_6_, _7_] -> V0 -> V1 -> L2[_8_, _9_], tr: L7[]
[16:08:23.021232]	Exploring 0: L0[], 1: L0[], Ebi: L2[L7[], L7[]], Eib: L2[L7[], L7[]], Eii: L2[L7[], L0[]], put: L2[L7[], _7_] -> V0 -> V1 -> L2[_8_, _9_], tr: L7[]
[16:08:23.021342]	Exploring 0: L0[], 1: L0[], Ebi: L2[L7[], L7[]], Eib: L2[L7[], L7[]], Eii: L2[L7[], L0[]], put: L2[L7[], V2] -> V0 -> V1 -> L2[_8_, _9_], tr: L7[]
[16:08:23.021436]	Exploring 0: L0[], 1: L0[], Ebi: L2[L7[], L7[]], Eib: L2[L7[], L7[]], Eii: L2[L7[], L0[]], put: L2[L7[], V2] -> V0 -> V1 -> L2[L7[], _9_], tr: L7[]
[16:08:23.021530]	Exploring 0: L0[], 1: L0[], Ebi: L2[L7[], L7[]], Eib: L2[L7[], L7[]], Eii: L2[L7[], L0[]], put: L2[L7[], V2] -> V0 -> V1 -> L2[L7[], L0[]], tr: L7[]
[16:08:23.021696]	Exploring 0: L0[], 1: L0[], Ebi: L2[L7[], L7[]], Eib: L2[L7[], L7[]], Eii: L2[L7[], L0[]], put: L2[L7[], V2] -> V0 -> V1 -> L2[L7[], L7[]], tr: L7[]
[16:08:23.021876]	Exploring 0: L0[], 1: L0[], Ebi: L2[L7[], L7[]], Eib: L2[L7[], L7[]], Eii: L2[L7[], L0[]], put: L2[L7[], V2] -> V0 -> V1 -> L2[L7[], V0], tr: L7[]
[16:08:23.022064]	Exploring 0: L0[], 1: L0[], Ebi: L2[L7[], L7[]], Eib: L2[L7[], L7[]], Eii: L2[L7[], L0[]], put: L2[L7[], V2] -> V0 -> V1 -> L2[L7[], V1], tr: L7[]
[16:08:23.022246]	Exploring 0: L0[], 1: L0[], Ebi: L2[L7[], L7[]], Eib: L2[L7[], L7[]], Eii: L2[L7[], L0[]], put: L2[L7[], V2] -> V0 -> V1 -> L2[L7[], V2], tr: L7[]
[16:08:23.022513]	Exploring 0: L0[], 1: L0[], Ebi: L2[L7[], L7[]], Eib: L2[L7[], L7[]], Eii: L2[L7[], L0[]], put: L2[V2, _7_] -> V0 -> V1 -> L2[_8_, _9_], tr: L7[]
[16:08:23.022673]	Exploring 0: L0[], 1: L0[], Ebi: L2[L7[], L7[]], Eib: L2[L7[], L7[]], Eii: L2[L7[], L0[]], put: L2[V2, V3] -> V0 -> V1 -> L2[_8_, _9_], tr: L7[]
[16:08:23.022775]	Exploring 0: L0[], 1: L0[], Ebi: L2[L7[], L7[]], Eib: L2[L7[], L7[]], Eii: L2[L7[], L0[]], put: L2[V2, V3] -> V0 -> V1 -> L2[L0[], _9_], tr: L7[]
[16:08:23.022881]	Exploring 0: L0[], 1: L0[], Ebi: L2[L7[], L7[]], Eib: L2[L7[], L7[]], Eii: L2[L7[], L0[]], put: L2[V2, V3] -> V0 -> V1 -> L2[L0[], L0[]], tr: L7[]
[16:08:23.023074]	Exploring 0: L0[], 1: L0[], Ebi: L2[L7[], L7[]], Eib: L2[L7[], L7[]], Eii: L2[L7[], L0[]], put: L2[V2, V3] -> V0 -> V1 -> L2[L0[], L7[]], tr: L7[]
[16:08:23.023291]	Exploring 0: L0[], 1: L0[], Ebi: L2[L7[], L7[]], Eib: L2[L7[], L7[]], Eii: L2[L7[], L0[]], put: L2[V2, V3] -> V0 -> V1 -> L2[L0[], V0], tr: L7[]
[16:08:23.023539]	Exploring 0: L0[], 1: L0[], Ebi: L2[L7[], L7[]], Eib: L2[L7[], L7[]], Eii: L2[L7[], L0[]], put: L2[V2, V3] -> V0 -> V1 -> L2[L0[], V1], tr: L7[]
[16:08:23.023764]	Exploring 0: L0[], 1: L0[], Ebi: L2[L7[], L7[]], Eib: L2[L7[], L7[]], Eii: L2[L7[], L0[]], put: L2[V2, V3] -> V0 -> V1 -> L2[L0[], V2], tr: L7[]
[16:08:23.023975]	Exploring 0: L0[], 1: L0[], Ebi: L2[L7[], L7[]], Eib: L2[L7[], L7[]], Eii: L2[L7[], L0[]], put: L2[V2, V3] -> V0 -> V1 -> L2[L0[], V3], tr: L7[]
[16:08:23.024185]	Exploring 0: L0[], 1: L0[], Ebi: L2[L7[], L7[]], Eib: L2[L7[], L7[]], Eii: L2[L7[], L0[]], put: L2[V2, V3] -> V0 -> V1 -> L2[L7[], _9_], tr: L7[]
[16:08:23.024292]	Exploring 0: L0[], 1: L0[], Ebi: L2[L7[], L7[]], Eib: L2[L7[], L7[]], Eii: L2[L7[], L0[]], put: L2[V2, V3] -> V0 -> V1 -> L2[L7[], L0[]], tr: L7[]
[16:08:23.024506]	Exploring 0: L0[], 1: L0[], Ebi: L2[L7[], L7[]], Eib: L2[L7[], L7[]], Eii: L2[L7[], L0[]], put: L2[V2, V3] -> V0 -> V1 -> L2[L7[], L7[]], tr: L7[]
[16:08:23.024730]	Exploring 0: L0[], 1: L0[], Ebi: L2[L7[], L7[]], Eib: L2[L7[], L7[]], Eii: L2[L7[], L0[]], put: L2[V2, V3] -> V0 -> V1 -> L2[L7[], V0], tr: L7[]
[16:08:23.024971]	Exploring 0: L0[], 1: L0[], Ebi: L2[L7[], L7[]], Eib: L2[L7[], L7[]], Eii: L2[L7[], L0[]], put: L2[V2, V3] -> V0 -> V1 -> L2[L7[], V1], tr: L7[]
[16:08:23.025193]	Exploring 0: L0[], 1: L0[], Ebi: L2[L7[], L7[]], Eib: L2[L7[], L7[]], Eii: L2[L7[], L0[]], put: L2[V2, V3] -> V0 -> V1 -> L2[L7[], V2], tr: L7[]
[16:08:23.025406]	Exploring 0: L0[], 1: L0[], Ebi: L2[L7[], L7[]], Eib: L2[L7[], L7[]], Eii: L2[L7[], L0[]], put: L2[V2, V3] -> V0 -> V1 -> L2[L7[], V3], tr: L7[]
[16:08:23.025631]	Exploring 0: L0[], 1: L0[], Ebi: L2[L7[], L7[]], Eib: L2[L7[], L7[]], Eii: L2[L7[], L0[]], put: L2[V2, V3] -> V0 -> V1 -> L2[V0, _9_], tr: L7[]
[16:08:23.025758]	Exploring 0: L0[], 1: L0[], Ebi: L2[L7[], L7[]], Eib: L2[L7[], L7[]], Eii: L2[L7[], L0[]], put: L2[V2, V3] -> V0 -> V1 -> L2[V0, L0[]], tr: L7[]
[16:08:23.025990]	Exploring 0: L0[], 1: L0[], Ebi: L2[L7[], L7[]], Eib: L2[L7[], L7[]], Eii: L2[L7[], L0[]], put: L2[V2, V3] -> V0 -> V1 -> L2[V0, L7[]], tr: L7[]
[16:08:23.026218]	Exploring 0: L0[], 1: L0[], Ebi: L2[L7[], L7[]], Eib: L2[L7[], L7[]], Eii: L2[L7[], L0[]], put: L2[V2, V3] -> V0 -> V1 -> L2[V0, V0], tr: L7[]
[16:08:23.026460]	Exploring 0: L0[], 1: L0[], Ebi: L2[L7[], L7[]], Eib: L2[L7[], L7[]], Eii: L2[L7[], L0[]], put: L2[V2, V3] -> V0 -> V1 -> L2[V0, V1], tr: L7[]
[16:08:23.026701]	Exploring 0: L0[], 1: L0[], Ebi: L2[L7[], L7[]], Eib: L2[L7[], L7[]], Eii: L2[L7[], L0[]], put: L2[V2, V3] -> V0 -> V1 -> L2[V0, V2], tr: L7[]
[16:08:23.026937]	Exploring 0: L0[], 1: L0[], Ebi: L2[L7[], L7[]], Eib: L2[L7[], L7[]], Eii: L2[L7[], L0[]], put: L2[V2, V3] -> V0 -> V1 -> L2[V0, V3], tr: L7[]
[16:08:23.027170]	Exploring 0: L0[], 1: L0[], Ebi: L2[L7[], L7[]], Eib: L2[L7[], L7[]], Eii: L2[L7[], L0[]], put: L2[V2, V3] -> V0 -> V1 -> L2[V1, _9_], tr: L7[]
[16:08:23.027342]	Exploring 0: L0[], 1: L0[], Ebi: L2[L7[], L7[]], Eib: L2[L7[], L7[]], Eii: L2[L7[], L0[]], put: L2[V2, V3] -> V0 -> V1 -> L2[V1, L0[]], tr: L7[]
[16:08:23.027609]	Exploring 0: L0[], 1: L0[], Ebi: L2[L7[], L7[]], Eib: L2[L7[], L7[]], Eii: L2[L7[], L0[]], put: L2[V2, V3] -> V0 -> V1 -> L2[V1, L7[]], tr: L7[]
[16:08:23.027852]	Exploring 0: L0[], 1: L0[], Ebi: L2[L7[], L7[]], Eib: L2[L7[], L7[]], Eii: L2[L7[], L0[]], put: L2[V2, V3] -> V0 -> V1 -> L2[V1, V0], tr: L7[]
[16:08:23.028087]	Exploring 0: L0[], 1: L0[], Ebi: L2[L7[], L7[]], Eib: L2[L7[], L7[]], Eii: L2[L7[], L0[]], put: L2[V2, V3] -> V0 -> V1 -> L2[V1, V1], tr: L7[]
[16:08:23.028329]	Exploring 0: L0[], 1: L0[], Ebi: L2[L7[], L7[]], Eib: L2[L7[], L7[]], Eii: L2[L7[], L0[]], put: L2[V2, V3] -> V0 -> V1 -> L2[V1, V2], tr: L7[]
[16:08:23.028566]	Exploring 0: L0[], 1: L0[], Ebi: L2[L7[], L7[]], Eib: L2[L7[], L7[]], Eii: L2[L7[], L0[]], put: L2[V2, V3] -> V0 -> V1 -> L2[V1, V3], tr: L7[]
[16:08:23.028787]	Exploring 0: L0[], 1: L0[], Ebi: L2[L7[], L7[]], Eib: L2[L7[], L7[]], Eii: L2[L7[], L0[]], put: L2[V2, V3] -> V0 -> V1 -> L2[V2, _9_], tr: L7[]
[16:08:23.028939]	Exploring 0: L0[], 1: L0[], Ebi: L2[L7[], L7[]], Eib: L2[L7[], L7[]], Eii: L2[L7[], L0[]], put: L2[V2, V3] -> V0 -> V1 -> L2[V2, L0[]], tr: L7[]
[16:08:23.029173]	Exploring 0: L0[], 1: L0[], Ebi: L2[L7[], L7[]], Eib: L2[L7[], L7[]], Eii: L2[L7[], L0[]], put: L2[V2, V3] -> V0 -> V1 -> L2[V2, L7[]], tr: L7[]
[16:08:23.029411]	Exploring 0: L0[], 1: L0[], Ebi: L2[L7[], L7[]], Eib: L2[L7[], L7[]], Eii: L2[L7[], L0[]], put: L2[V2, V3] -> V0 -> V1 -> L2[V2, V0], tr: L7[]
[16:08:23.029658]	Exploring 0: L0[], 1: L0[], Ebi: L2[L7[], L7[]], Eib: L2[L7[], L7[]], Eii: L2[L7[], L0[]], put: L2[V2, V3] -> V0 -> V1 -> L2[V2, V1], tr: L7[]
[16:08:23.029893]	Exploring 0: L0[], 1: L0[], Ebi: L2[L7[], L7[]], Eib: L2[L7[], L7[]], Eii: L2[L7[], L0[]], put: L2[V2, V3] -> V0 -> V1 -> L2[V2, V2], tr: L7[]
[16:08:23.030113]	Exploring 0: L0[], 1: L0[], Ebi: L2[L7[], L7[]], Eib: L2[L7[], L7[]], Eii: L2[L7[], L0[]], put: L2[V2, V3] -> V0 -> V1 -> L2[V2, V3], tr: L7[]
[16:08:23.030353]	Exploring 0: L0[], 1: L0[], Ebi: L2[L7[], L7[]], Eib: L2[L7[], L7[]], Eii: L2[L7[], L0[]], put: L2[V2, V3] -> V0 -> V1 -> L2[V3, _9_], tr: L7[]
[16:08:23.030536]	Exploring 0: L0[], 1: L0[], Ebi: L2[L7[], L7[]], Eib: L2[L7[], L7[]], Eii: L2[L7[], L0[]], put: L2[V2, V3] -> V0 -> V1 -> L2[V3, L0[]], tr: L7[]
[16:08:23.030781]	Exploring 0: L0[], 1: L0[], Ebi: L2[L7[], L7[]], Eib: L2[L7[], L7[]], Eii: L2[L7[], L0[]], put: L2[V2, V3] -> V0 -> V1 -> L2[V3, L7[]], tr: L7[]
[16:08:23.031012]	Exploring 0: L0[], 1: L0[], Ebi: L2[L7[], L7[]], Eib: L2[L7[], L7[]], Eii: L2[L7[], L0[]], put: L2[V2, V3] -> V0 -> V1 -> L2[V3, V0], tr: L7[]
[16:08:23.031248]	Exploring 0: L0[], 1: L0[], Ebi: L2[L7[], L7[]], Eib: L2[L7[], L7[]], Eii: L2[L7[], L0[]], put: L2[V2, V3] -> V0 -> V1 -> L2[V3, V1], tr: L7[]
[16:08:23.031518]	Exploring 0: L0[], 1: L0[], Ebi: L2[L7[], L7[]], Eib: L2[L7[], L7[]], Eii: L2[L7[], L0[]], put: L2[V2, V3] -> V0 -> V1 -> L2[V3, V2], tr: L7[]
[16:08:23.031774]	Exploring 0: L0[], 1: L0[], Ebi: L2[L7[], L7[]], Eib: L2[L7[], L7[]], Eii: L2[L7[], L0[]], put: L2[V2, V3] -> V0 -> V1 -> L2[V3, V3], tr: L7[]
[16:08:23.031964]	Exploring 0: L0[], 1: L0[], Ebi: L2[L7[], L7[]], Eib: L2[L7[], L7[]], Eii: L2[L7[], L7[]], put: L2[_6_, _7_] -> V0 -> V1 -> L2[_8_, _9_], tr: L7[]
[16:08:23.032060]	Exploring 0: L0[], 1: L0[], Ebi: L2[L7[], L7[]], Eib: L2[L7[], L7[]], Eii: L2[L7[], L7[]], put: L2[L7[], _7_] -> V0 -> V1 -> L2[_8_, _9_], tr: L7[]
[16:08:23.032146]	Exploring 0: L0[], 1: L0[], Ebi: L2[L7[], L7[]], Eib: L2[L7[], L7[]], Eii: L2[L7[], L7[]], put: L2[L7[], L7[]] -> V0 -> V1 -> L2[_8_, _9_], tr: L7[]
[16:08:23.032235]	Exploring 0: L0[], 1: L0[], Ebi: L2[L7[], L7[]], Eib: L2[L7[], L7[]], Eii: L2[L7[], L7[]], put: L2[L7[], L7[]] -> V0 -> V1 -> L2[L7[], _9_], tr: L7[]
[16:08:23.032324]	Exploring 0: L0[], 1: L0[], Ebi: L2[L7[], L7[]], Eib: L2[L7[], L7[]], Eii: L2[L7[], L7[]], put: L2[L7[], L7[]] -> V0 -> V1 -> L2[L7[], L7[]], tr: L7[]
[16:08:23.032566]	Exploring 0: L0[], 1: L0[], Ebi: L2[L7[], L7[]], Eib: L2[L7[], L7[]], Eii: L2[L7[], L7[]], put: L2[L7[], V2] -> V0 -> V1 -> L2[_8_, _9_], tr: L7[]
[16:08:23.032670]	Exploring 0: L0[], 1: L0[], Ebi: L2[L7[], L7[]], Eib: L2[L7[], L7[]], Eii: L2[L7[], L7[]], put: L2[L7[], V2] -> V0 -> V1 -> L2[L7[], _9_], tr: L7[]
[16:08:23.032794]	Exploring 0: L0[], 1: L0[], Ebi: L2[L7[], L7[]], Eib: L2[L7[], L7[]], Eii: L2[L7[], L7[]], put: L2[L7[], V2] -> V0 -> V1 -> L2[L7[], L0[]], tr: L7[]
[16:08:23.033028]	Exploring 0: L0[], 1: L0[], Ebi: L2[L7[], L7[]], Eib: L2[L7[], L7[]], Eii: L2[L7[], L7[]], put: L2[L7[], V2] -> V0 -> V1 -> L2[L7[], L7[]], tr: L7[]
[16:08:23.033232]	Exploring 0: L0[], 1: L0[], Ebi: L2[L7[], L7[]], Eib: L2[L7[], L7[]], Eii: L2[L7[], L7[]], put: L2[L7[], V2] -> V0 -> V1 -> L2[L7[], V0], tr: L7[]
[16:08:23.033427]	Exploring 0: L0[], 1: L0[], Ebi: L2[L7[], L7[]], Eib: L2[L7[], L7[]], Eii: L2[L7[], L7[]], put: L2[L7[], V2] -> V0 -> V1 -> L2[L7[], V1], tr: L7[]
[16:08:23.033667]	Exploring 0: L0[], 1: L0[], Ebi: L2[L7[], L7[]], Eib: L2[L7[], L7[]], Eii: L2[L7[], L7[]], put: L2[L7[], V2] -> V0 -> V1 -> L2[L7[], V2], tr: L7[]
[16:08:23.033947]	Exploring 0: L0[], 1: L0[], Ebi: L2[L7[], L7[]], Eib: L2[L7[], L7[]], Eii: L2[L7[], L7[]], put: L2[L7[], V2] -> V0 -> V1 -> L2[V2, _9_], tr: L7[]
[16:08:23.034083]	Exploring 0: L0[], 1: L0[], Ebi: L2[L7[], L7[]], Eib: L2[L7[], L7[]], Eii: L2[L7[], L7[]], put: L2[L7[], V2] -> V0 -> V1 -> L2[V2, L0[]], tr: L7[]
[16:08:23.034323]	Exploring 0: L0[], 1: L0[], Ebi: L2[L7[], L7[]], Eib: L2[L7[], L7[]], Eii: L2[L7[], L7[]], put: L2[L7[], V2] -> V0 -> V1 -> L2[V2, L7[]], tr: L7[]
[16:08:23.034566]	Exploring 0: L0[], 1: L0[], Ebi: L2[L7[], L7[]], Eib: L2[L7[], L7[]], Eii: L2[L7[], L7[]], put: L2[L7[], V2] -> V0 -> V1 -> L2[V2, V0], tr: L7[]
[16:08:23.034762]	Exploring 0: L0[], 1: L0[], Ebi: L2[L7[], L7[]], Eib: L2[L7[], L7[]], Eii: L2[L7[], L7[]], put: L2[L7[], V2] -> V0 -> V1 -> L2[V2, V1], tr: L7[]
[16:08:23.034942]	Exploring 0: L0[], 1: L0[], Ebi: L2[L7[], L7[]], Eib: L2[L7[], L7[]], Eii: L2[L7[], L7[]], put: L2[L7[], V2] -> V0 -> V1 -> L2[V2, V2], tr: L7[]
[16:08:23.035162]	Exploring 0: L0[], 1: L0[], Ebi: L2[L7[], L7[]], Eib: L2[L7[], L7[]], Eii: L2[L7[], L7[]], put: L2[V2, _7_] -> V0 -> V1 -> L2[_8_, _9_], tr: L7[]
[16:08:23.035297]	Exploring 0: L0[], 1: L0[], Ebi: L2[L7[], L7[]], Eib: L2[L7[], L7[]], Eii: L2[L7[], L7[]], put: L2[V2, L7[]] -> V0 -> V1 -> L2[_8_, _9_], tr: L7[]
[16:08:23.035431]	Exploring 0: L0[], 1: L0[], Ebi: L2[L7[], L7[]], Eib: L2[L7[], L7[]], Eii: L2[L7[], L7[]], put: L2[V2, L7[]] -> V0 -> V1 -> L2[L0[], _9_], tr: L7[]
[16:08:23.035546]	Exploring 0: L0[], 1: L0[], Ebi: L2[L7[], L7[]], Eib: L2[L7[], L7[]], Eii: L2[L7[], L7[]], put: L2[V2, L7[]] -> V0 -> V1 -> L2[L0[], L7[]], tr: L7[]
[16:08:23.035772]	Exploring 0: L0[], 1: L0[], Ebi: L2[L7[], L7[]], Eib: L2[L7[], L7[]], Eii: L2[L7[], L7[]], put: L2[V2, L7[]] -> V0 -> V1 -> L2[L0[], V2], tr: L7[]
[16:08:23.035965]	Exploring 0: L0[], 1: L0[], Ebi: L2[L7[], L7[]], Eib: L2[L7[], L7[]], Eii: L2[L7[], L7[]], put: L2[V2, L7[]] -> V0 -> V1 -> L2[L7[], _9_], tr: L7[]
[16:08:23.036073]	Exploring 0: L0[], 1: L0[], Ebi: L2[L7[], L7[]], Eib: L2[L7[], L7[]], Eii: L2[L7[], L7[]], put: L2[V2, L7[]] -> V0 -> V1 -> L2[L7[], L7[]], tr: L7[]
[16:08:23.036297]	Exploring 0: L0[], 1: L0[], Ebi: L2[L7[], L7[]], Eib: L2[L7[], L7[]], Eii: L2[L7[], L7[]], put: L2[V2, L7[]] -> V0 -> V1 -> L2[L7[], V2], tr: L7[]
[16:08:23.036490]	Exploring 0: L0[], 1: L0[], Ebi: L2[L7[], L7[]], Eib: L2[L7[], L7[]], Eii: L2[L7[], L7[]], put: L2[V2, L7[]] -> V0 -> V1 -> L2[V0, _9_], tr: L7[]
[16:08:23.036608]	Exploring 0: L0[], 1: L0[], Ebi: L2[L7[], L7[]], Eib: L2[L7[], L7[]], Eii: L2[L7[], L7[]], put: L2[V2, L7[]] -> V0 -> V1 -> L2[V0, L7[]], tr: L7[]
[16:08:23.036848]	Exploring 0: L0[], 1: L0[], Ebi: L2[L7[], L7[]], Eib: L2[L7[], L7[]], Eii: L2[L7[], L7[]], put: L2[V2, L7[]] -> V0 -> V1 -> L2[V0, V2], tr: L7[]
[16:08:23.037045]	Exploring 0: L0[], 1: L0[], Ebi: L2[L7[], L7[]], Eib: L2[L7[], L7[]], Eii: L2[L7[], L7[]], put: L2[V2, L7[]] -> V0 -> V1 -> L2[V1, _9_], tr: L7[]
[16:08:23.037282]	Exploring 0: L0[], 1: L0[], Ebi: L2[L7[], L7[]], Eib: L2[L7[], L7[]], Eii: L2[L7[], L7[]], put: L2[V2, L7[]] -> V0 -> V1 -> L2[V1, L7[]], tr: L7[]
[16:08:23.037669]	Exploring 0: L0[], 1: L0[], Ebi: L2[L7[], L7[]], Eib: L2[L7[], L7[]], Eii: L2[L7[], L7[]], put: L2[V2, L7[]] -> V0 -> V1 -> L2[V1, V2], tr: L7[]
[16:08:23.037987]	Exploring 0: L0[], 1: L0[], Ebi: L2[L7[], L7[]], Eib: L2[L7[], L7[]], Eii: L2[L7[], L7[]], put: L2[V2, L7[]] -> V0 -> V1 -> L2[V2, _9_], tr: L7[]
[16:08:23.038165]	Exploring 0: L0[], 1: L0[], Ebi: L2[L7[], L7[]], Eib: L2[L7[], L7[]], Eii: L2[L7[], L7[]], put: L2[V2, L7[]] -> V0 -> V1 -> L2[V2, L7[]], tr: L7[]
[16:08:23.038526]	Exploring 0: L0[], 1: L0[], Ebi: L2[L7[], L7[]], Eib: L2[L7[], L7[]], Eii: L2[L7[], L7[]], put: L2[V2, L7[]] -> V0 -> V1 -> L2[V2, V2], tr: L7[]
[16:08:23.038889]	Exploring 0: L0[], 1: L0[], Ebi: L2[L7[], L7[]], Eib: L2[L7[], L7[]], Eii: L2[L7[], L7[]], put: L2[V2, V2] -> V0 -> V1 -> L2[_8_, _9_], tr: L7[]
[16:08:23.039070]	Exploring 0: L0[], 1: L0[], Ebi: L2[L7[], L7[]], Eib: L2[L7[], L7[]], Eii: L2[L7[], L7[]], put: L2[V2, V2] -> V0 -> V1 -> L2[L0[], _9_], tr: L7[]
[16:08:23.039234]	Exploring 0: L0[], 1: L0[], Ebi: L2[L7[], L7[]], Eib: L2[L7[], L7[]], Eii: L2[L7[], L7[]], put: L2[V2, V2] -> V0 -> V1 -> L2[L0[], L0[]], tr: L7[]
[16:08:23.039607]	Exploring 0: L0[], 1: L0[], Ebi: L2[L7[], L7[]], Eib: L2[L7[], L7[]], Eii: L2[L7[], L7[]], put: L2[V2, V2] -> V0 -> V1 -> L2[L7[], _9_], tr: L7[]
[16:08:23.039782]	Exploring 0: L0[], 1: L0[], Ebi: L2[L7[], L7[]], Eib: L2[L7[], L7[]], Eii: L2[L7[], L7[]], put: L2[V2, V2] -> V0 -> V1 -> L2[L7[], L7[]], tr: L7[]
[16:08:23.040135]	Exploring 0: L0[], 1: L0[], Ebi: L2[L7[], L7[]], Eib: L2[L7[], L7[]], Eii: L2[L7[], L7[]], put: L2[V2, V2] -> V0 -> V1 -> L2[L7[], V2], tr: L7[]
[16:08:23.040471]	Exploring 0: L0[], 1: L0[], Ebi: L2[L7[], L7[]], Eib: L2[L7[], L7[]], Eii: L2[L7[], L7[]], put: L2[V2, V2] -> V0 -> V1 -> L2[V0, _9_], tr: L7[]
[16:08:23.040669]	Exploring 0: L0[], 1: L0[], Ebi: L2[L7[], L7[]], Eib: L2[L7[], L7[]], Eii: L2[L7[], L7[]], put: L2[V2, V2] -> V0 -> V1 -> L2[V0, V0], tr: L7[]
[16:08:23.041031]	Exploring 0: L0[], 1: L0[], Ebi: L2[L7[], L7[]], Eib: L2[L7[], L7[]], Eii: L2[L7[], L7[]], put: L2[V2, V2] -> V0 -> V1 -> L2[V1, _9_], tr: L7[]
[16:08:23.041230]	Exploring 0: L0[], 1: L0[], Ebi: L2[L7[], L7[]], Eib: L2[L7[], L7[]], Eii: L2[L7[], L7[]], put: L2[V2, V2] -> V0 -> V1 -> L2[V1, V1], tr: L7[]
[16:08:23.041580]	Exploring 0: L0[], 1: L0[], Ebi: L2[L7[], L7[]], Eib: L2[L7[], L7[]], Eii: L2[L7[], L7[]], put: L2[V2, V2] -> V0 -> V1 -> L2[V2, _9_], tr: L7[]
[16:08:23.041763]	Exploring 0: L0[], 1: L0[], Ebi: L2[L7[], L7[]], Eib: L2[L7[], L7[]], Eii: L2[L7[], L7[]], put: L2[V2, V2] -> V0 -> V1 -> L2[V2, L7[]], tr: L7[]
[16:08:23.042087]	Exploring 0: L0[], 1: L0[], Ebi: L2[L7[], L7[]], Eib: L2[L7[], L7[]], Eii: L2[L7[], L7[]], put: L2[V2, V2] -> V0 -> V1 -> L2[V2, V2], tr: L7[]
[16:08:23.042351]	Exploring 0: L0[], 1: L0[], Ebi: L2[L7[], L7[]], Eib: L2[L7[], L7[]], Eii: L2[L7[], L7[]], put: L2[V2, V3] -> V0 -> V1 -> L2[_8_, _9_], tr: L7[]
[16:08:23.042557]	Exploring 0: L0[], 1: L0[], Ebi: L2[L7[], L7[]], Eib: L2[L7[], L7[]], Eii: L2[L7[], L7[]], put: L2[V2, V3] -> V0 -> V1 -> L2[L0[], _9_], tr: L7[]
[16:08:23.042719]	Exploring 0: L0[], 1: L0[], Ebi: L2[L7[], L7[]], Eib: L2[L7[], L7[]], Eii: L2[L7[], L7[]], put: L2[V2, V3] -> V0 -> V1 -> L2[L0[], L0[]], tr: L7[]
[16:08:23.043008]	Exploring 0: L0[], 1: L0[], Ebi: L2[L7[], L7[]], Eib: L2[L7[], L7[]], Eii: L2[L7[], L7[]], put: L2[V2, V3] -> V0 -> V1 -> L2[L0[], L7[]], tr: L7[]
[16:08:23.043325]	Exploring 0: L0[], 1: L0[], Ebi: L2[L7[], L7[]], Eib: L2[L7[], L7[]], Eii: L2[L7[], L7[]], put: L2[V2, V3] -> V0 -> V1 -> L2[L0[], V0], tr: L7[]
[16:08:23.043596]	Exploring 0: L0[], 1: L0[], Ebi: L2[L7[], L7[]], Eib: L2[L7[], L7[]], Eii: L2[L7[], L7[]], put: L2[V2, V3] -> V0 -> V1 -> L2[L0[], V1], tr: L7[]
[16:08:23.043826]	Exploring 0: L0[], 1: L0[], Ebi: L2[L7[], L7[]], Eib: L2[L7[], L7[]], Eii: L2[L7[], L7[]], put: L2[V2, V3] -> V0 -> V1 -> L2[L0[], V2], tr: L7[]
[16:08:23.044043]	Exploring 0: L0[], 1: L0[], Ebi: L2[L7[], L7[]], Eib: L2[L7[], L7[]], Eii: L2[L7[], L7[]], put: L2[V2, V3] -> V0 -> V1 -> L2[L0[], V3], tr: L7[]
[16:08:23.044253]	Exploring 0: L0[], 1: L0[], Ebi: L2[L7[], L7[]], Eib: L2[L7[], L7[]], Eii: L2[L7[], L7[]], put: L2[V2, V3] -> V0 -> V1 -> L2[L7[], _9_], tr: L7[]
[16:08:23.044380]	Exploring 0: L0[], 1: L0[], Ebi: L2[L7[], L7[]], Eib: L2[L7[], L7[]], Eii: L2[L7[], L7[]], put: L2[V2, V3] -> V0 -> V1 -> L2[L7[], L0[]], tr: L7[]
[16:08:23.044574]	Exploring 0: L0[], 1: L0[], Ebi: L2[L7[], L7[]], Eib: L2[L7[], L7[]], Eii: L2[L7[], L7[]], put: L2[V2, V3] -> V0 -> V1 -> L2[L7[], L7[]], tr: L7[]
[16:08:23.044791]	Exploring 0: L0[], 1: L0[], Ebi: L2[L7[], L7[]], Eib: L2[L7[], L7[]], Eii: L2[L7[], L7[]], put: L2[V2, V3] -> V0 -> V1 -> L2[L7[], V0], tr: L7[]
[16:08:23.045028]	Exploring 0: L0[], 1: L0[], Ebi: L2[L7[], L7[]], Eib: L2[L7[], L7[]], Eii: L2[L7[], L7[]], put: L2[V2, V3] -> V0 -> V1 -> L2[L7[], V1], tr: L7[]
[16:08:23.045252]	Exploring 0: L0[], 1: L0[], Ebi: L2[L7[], L7[]], Eib: L2[L7[], L7[]], Eii: L2[L7[], L7[]], put: L2[V2, V3] -> V0 -> V1 -> L2[L7[], V2], tr: L7[]
[16:08:23.045470]	Exploring 0: L0[], 1: L0[], Ebi: L2[L7[], L7[]], Eib: L2[L7[], L7[]], Eii: L2[L7[], L7[]], put: L2[V2, V3] -> V0 -> V1 -> L2[L7[], V3], tr: L7[]
[16:08:23.045692]	Exploring 0: L0[], 1: L0[], Ebi: L2[L7[], L7[]], Eib: L2[L7[], L7[]], Eii: L2[L7[], L7[]], put: L2[V2, V3] -> V0 -> V1 -> L2[V0, _9_], tr: L7[]
[16:08:23.045824]	Exploring 0: L0[], 1: L0[], Ebi: L2[L7[], L7[]], Eib: L2[L7[], L7[]], Eii: L2[L7[], L7[]], put: L2[V2, V3] -> V0 -> V1 -> L2[V0, L0[]], tr: L7[]
[16:08:23.046056]	Exploring 0: L0[], 1: L0[], Ebi: L2[L7[], L7[]], Eib: L2[L7[], L7[]], Eii: L2[L7[], L7[]], put: L2[V2, V3] -> V0 -> V1 -> L2[V0, L7[]], tr: L7[]
[16:08:23.046288]	Exploring 0: L0[], 1: L0[], Ebi: L2[L7[], L7[]], Eib: L2[L7[], L7[]], Eii: L2[L7[], L7[]], put: L2[V2, V3] -> V0 -> V1 -> L2[V0, V0], tr: L7[]
[16:08:23.046515]	Exploring 0: L0[], 1: L0[], Ebi: L2[L7[], L7[]], Eib: L2[L7[], L7[]], Eii: L2[L7[], L7[]], put: L2[V2, V3] -> V0 -> V1 -> L2[V0, V1], tr: L7[]
[16:08:23.046758]	Exploring 0: L0[], 1: L0[], Ebi: L2[L7[], L7[]], Eib: L2[L7[], L7[]], Eii: L2[L7[], L7[]], put: L2[V2, V3] -> V0 -> V1 -> L2[V0, V2], tr: L7[]
[16:08:23.046981]	Exploring 0: L0[], 1: L0[], Ebi: L2[L7[], L7[]], Eib: L2[L7[], L7[]], Eii: L2[L7[], L7[]], put: L2[V2, V3] -> V0 -> V1 -> L2[V0, V3], tr: L7[]
[16:08:23.047208]	Exploring 0: L0[], 1: L0[], Ebi: L2[L7[], L7[]], Eib: L2[L7[], L7[]], Eii: L2[L7[], L7[]], put: L2[V2, V3] -> V0 -> V1 -> L2[V1, _9_], tr: L7[]
[16:08:23.047337]	Exploring 0: L0[], 1: L0[], Ebi: L2[L7[], L7[]], Eib: L2[L7[], L7[]], Eii: L2[L7[], L7[]], put: L2[V2, V3] -> V0 -> V1 -> L2[V1, L0[]], tr: L7[]
[16:08:23.047581]	Exploring 0: L0[], 1: L0[], Ebi: L2[L7[], L7[]], Eib: L2[L7[], L7[]], Eii: L2[L7[], L7[]], put: L2[V2, V3] -> V0 -> V1 -> L2[V1, L7[]], tr: L7[]
[16:08:23.047820]	Exploring 0: L0[], 1: L0[], Ebi: L2[L7[], L7[]], Eib: L2[L7[], L7[]], Eii: L2[L7[], L7[]], put: L2[V2, V3] -> V0 -> V1 -> L2[V1, V0], tr: L7[]
[16:08:23.048046]	Exploring 0: L0[], 1: L0[], Ebi: L2[L7[], L7[]], Eib: L2[L7[], L7[]], Eii: L2[L7[], L7[]], put: L2[V2, V3] -> V0 -> V1 -> L2[V1, V1], tr: L7[]
[16:08:23.048275]	Exploring 0: L0[], 1: L0[], Ebi: L2[L7[], L7[]], Eib: L2[L7[], L7[]], Eii: L2[L7[], L7[]], put: L2[V2, V3] -> V0 -> V1 -> L2[V1, V2], tr: L7[]
[16:08:23.048503]	Exploring 0: L0[], 1: L0[], Ebi: L2[L7[], L7[]], Eib: L2[L7[], L7[]], Eii: L2[L7[], L7[]], put: L2[V2, V3] -> V0 -> V1 -> L2[V1, V3], tr: L7[]
[16:08:23.048718]	Exploring 0: L0[], 1: L0[], Ebi: L2[L7[], L7[]], Eib: L2[L7[], L7[]], Eii: L2[L7[], L7[]], put: L2[V2, V3] -> V0 -> V1 -> L2[V2, _9_], tr: L7[]
[16:08:23.048831]	Exploring 0: L0[], 1: L0[], Ebi: L2[L7[], L7[]], Eib: L2[L7[], L7[]], Eii: L2[L7[], L7[]], put: L2[V2, V3] -> V0 -> V1 -> L2[V2, L0[]], tr: L7[]
[16:08:23.049037]	Exploring 0: L0[], 1: L0[], Ebi: L2[L7[], L7[]], Eib: L2[L7[], L7[]], Eii: L2[L7[], L7[]], put: L2[V2, V3] -> V0 -> V1 -> L2[V2, L7[]], tr: L7[]
[16:08:23.049254]	Exploring 0: L0[], 1: L0[], Ebi: L2[L7[], L7[]], Eib: L2[L7[], L7[]], Eii: L2[L7[], L7[]], put: L2[V2, V3] -> V0 -> V1 -> L2[V2, V0], tr: L7[]
[16:08:23.049487]	Exploring 0: L0[], 1: L0[], Ebi: L2[L7[], L7[]], Eib: L2[L7[], L7[]], Eii: L2[L7[], L7[]], put: L2[V2, V3] -> V0 -> V1 -> L2[V2, V1], tr: L7[]
[16:08:23.049701]	Exploring 0: L0[], 1: L0[], Ebi: L2[L7[], L7[]], Eib: L2[L7[], L7[]], Eii: L2[L7[], L7[]], put: L2[V2, V3] -> V0 -> V1 -> L2[V2, V2], tr: L7[]
[16:08:23.049905]	Exploring 0: L0[], 1: L0[], Ebi: L2[L7[], L7[]], Eib: L2[L7[], L7[]], Eii: L2[L7[], L7[]], put: L2[V2, V3] -> V0 -> V1 -> L2[V2, V3], tr: L7[]
[16:08:23.050116]	Exploring 0: L0[], 1: L0[], Ebi: L2[L7[], L7[]], Eib: L2[L7[], L7[]], Eii: L2[L7[], L7[]], put: L2[V2, V3] -> V0 -> V1 -> L2[V3, _9_], tr: L7[]
[16:08:23.050239]	Exploring 0: L0[], 1: L0[], Ebi: L2[L7[], L7[]], Eib: L2[L7[], L7[]], Eii: L2[L7[], L7[]], put: L2[V2, V3] -> V0 -> V1 -> L2[V3, L0[]], tr: L7[]
[16:08:23.050456]	Exploring 0: L0[], 1: L0[], Ebi: L2[L7[], L7[]], Eib: L2[L7[], L7[]], Eii: L2[L7[], L7[]], put: L2[V2, V3] -> V0 -> V1 -> L2[V3, L7[]], tr: L7[]
[16:08:23.050678]	Exploring 0: L0[], 1: L0[], Ebi: L2[L7[], L7[]], Eib: L2[L7[], L7[]], Eii: L2[L7[], L7[]], put: L2[V2, V3] -> V0 -> V1 -> L2[V3, V0], tr: L7[]
[16:08:23.050904]	Exploring 0: L0[], 1: L0[], Ebi: L2[L7[], L7[]], Eib: L2[L7[], L7[]], Eii: L2[L7[], L7[]], put: L2[V2, V3] -> V0 -> V1 -> L2[V3, V1], tr: L7[]
[16:08:23.051126]	Exploring 0: L0[], 1: L0[], Ebi: L2[L7[], L7[]], Eib: L2[L7[], L7[]], Eii: L2[L7[], L7[]], put: L2[V2, V3] -> V0 -> V1 -> L2[V3, V2], tr: L7[]
[16:08:23.051335]	Exploring 0: L0[], 1: L0[], Ebi: L2[L7[], L7[]], Eib: L2[L7[], L7[]], Eii: L2[L7[], L7[]], put: L2[V2, V3] -> V0 -> V1 -> L2[V3, V3], tr: L7[]
[16:08:23.051533]	END Size 10 : 1322 ms
[16:08:23.051572]	STOPPED AT SIZE 10
[16:08:23.051587]	END Depth 2 : 1323 ms
[16:08:23.051600]	STOPPED AT DEPTH 2
[16:08:23.051611]	END Concrete search : 1323 ms
[16:08:23.051924]	Counts:
Cands under 0: L, 1: L, Ebi: L, Eib: L, Eii: L, put: _1_ -> _2_, tr: L=37
Cand under 0: L, 1: L, Ebi: L, Eib: L, Eii: L, put: _1_ -> _2_, tr: L passed all posexs=16
Cands under 0: L, 1: L, Ebi: L, Eib: L, Eii: L, put: V_7_ -> V_8_ -> V_9_ -> V_10_, tr: L=24
Cand under 0: L, 1: L, Ebi: L, Eib: L, Eii: L, put: V_7_ -> V_8_ -> V_9_ -> V_10_, tr: L passed all posexs=15
Cands under 0: L, 1: L, Ebi: L, Eib: L, Eii: L, put: V_11_ -> V_12_ -> V_13_ -> L, tr: L=9
Cand under 0: L, 1: L, Ebi: L, Eib: L, Eii: L, put: V_11_ -> V_12_ -> V_13_ -> L, tr: L passed all posexs=5
Cands under 0: L, 1: L, Ebi: L, Eib: L, Eii: L, put: V_14_ -> V_15_ -> L -> V_16_, tr: L=9
Cand under 0: L, 1: L, Ebi: L, Eib: L, Eii: L, put: V_14_ -> V_15_ -> L -> V_16_, tr: L passed all posexs=5
Cands under 0: L, 1: L, Ebi: L, Eib: L, Eii: L, put: V_17_ -> V_18_ -> L -> L, tr: L=4
Cand under 0: L, 1: L, Ebi: L, Eib: L, Eii: L, put: V_17_ -> V_18_ -> L -> L, tr: L passed all posexs=2
Cands under 0: L, 1: L, Ebi: L, Eib: L, Eii: L, put: V_19_ -> L -> V_20_ -> V_21_, tr: L=9
Cand under 0: L, 1: L, Ebi: L, Eib: L, Eii: L, put: V_19_ -> L -> V_20_ -> V_21_, tr: L passed all posexs=5
Cands under 0: L, 1: L, Ebi: L, Eib: L, Eii: L, put: V_22_ -> L -> V_23_ -> L, tr: L=4
Cand under 0: L, 1: L, Ebi: L, Eib: L, Eii: L, put: V_22_ -> L -> V_23_ -> L, tr: L passed all posexs=2
Cands under 0: L, 1: L, Ebi: L, Eib: L, Eii: L, put: V_24_ -> L -> L -> V_25_, tr: L=4
Cand under 0: L, 1: L, Ebi: L, Eib: L, Eii: L, put: V_24_ -> L -> L -> V_25_, tr: L passed all posexs=2
Cands under 0: L, 1: L, Ebi: L, Eib: L, Eii: L, put: V_26_ -> L -> L -> L, tr: L=2
Cand under 0: L, 1: L, Ebi: L, Eib: L, Eii: L, put: V_26_ -> L -> L -> L, tr: L passed all posexs=1
Cands under 0: L, 1: L, Ebi: L, Eib: L, Eii: L, put: L -> V_27_ -> V_28_ -> V_29_, tr: L=9
Cand under 0: L, 1: L, Ebi: L, Eib: L, Eii: L, put: L -> V_27_ -> V_28_ -> V_29_, tr: L passed all posexs=5
Cands under 0: L, 1: L, Ebi: L, Eib: L, Eii: L, put: L -> V_30_ -> V_31_ -> L, tr: L=4
Cand under 0: L, 1: L, Ebi: L, Eib: L, Eii: L, put: L -> V_30_ -> V_31_ -> L, tr: L passed all posexs=2
Cands under 0: L, 1: L, Ebi: L, Eib: L, Eii: L, put: L -> V_32_ -> L -> V_33_, tr: L=4
Cand under 0: L, 1: L, Ebi: L, Eib: L, Eii: L, put: L -> V_32_ -> L -> V_33_, tr: L passed all posexs=2
Cands under 0: L, 1: L, Ebi: L, Eib: L, Eii: L, put: L -> V_34_ -> L -> L, tr: L=2
Cand under 0: L, 1: L, Ebi: L, Eib: L, Eii: L, put: L -> V_34_ -> L -> L, tr: L passed all posexs=1
Cands under 0: L, 1: L, Ebi: L, Eib: L, Eii: L, put: L -> L -> V_35_ -> V_36_, tr: L=4
Cand under 0: L, 1: L, Ebi: L, Eib: L, Eii: L, put: L -> L -> V_35_ -> V_36_, tr: L passed all posexs=2
Cands under 0: L, 1: L, Ebi: L, Eib: L, Eii: L, put: L -> L -> V_37_ -> L, tr: L=2
Cand under 0: L, 1: L, Ebi: L, Eib: L, Eii: L, put: L -> L -> V_37_ -> L, tr: L passed all posexs=1
Cands under 0: L, 1: L, Ebi: L, Eib: L, Eii: L, put: L -> L -> L -> V_38_, tr: L=2
Cand under 0: L, 1: L, Ebi: L, Eib: L, Eii: L, put: L -> L -> L -> V_38_, tr: L passed all posexs=1
Cands under 0: L, 1: L, Ebi: L, Eib: L, Eii: L, put: L -> L -> L -> L, tr: L=1
Cand under 0: L, 1: L, Ebi: L, Eib: L, Eii: L, put: L -> L -> L -> L, tr: L passed all posexs=1
Cands under 0: L0[], 1: L0[], Ebi: L2[_0_, _1_], Eib: L2[_2_, _3_], Eii: L2[_4_, _5_], put: L2[_6_, _7_] -> V0 -> V1 -> L2[_8_, _9_], tr: L7[]=3739
Cand under 0: L0[], 1: L0[], Ebi: L2[_0_, _1_], Eib: L2[_2_, _3_], Eii: L2[_4_, _5_], put: L2[_6_, _7_] -> V0 -> V1 -> L2[_8_, _9_], tr: L7[] passed all posexs=2728
[16:08:23.051971]	Total time: 2354 ms
