Dict
Running CVC: false
DFSPriority
Eager
Size bound: 20
Depth bound: 4
=====

[16:07:42.015651]	BEG Init search
[16:07:42.026101]	Exploring 0: L, 1: L, Ebi: L, Eib: L, Eii: L, put: _1_ -> _2_, tr: L
[16:07:42.040205]	Exploring 0: L, 1: L, Ebi: L, Eib: L, Eii: L, put: V -> _2_, tr: L
[16:07:42.041495]	Exploring 0: L, 1: L, Ebi: L, Eib: L, Eii: L, put: V -> _3_ -> _4_, tr: L
[16:07:42.042047]	Exploring 0: L, 1: L, Ebi: L, Eib: L, Eii: L, put: V -> V -> _4_, tr: L
[16:07:42.042673]	Exploring 0: L, 1: L, Ebi: L, Eib: L, Eii: L, put: V -> V -> _5_ -> _6_, tr: L
[16:07:42.043158]	Exploring 0: L, 1: L, Ebi: L, Eib: L, Eii: L, put: V -> V -> V -> _6_, tr: L
[16:07:42.043616]	Exploring 0: L, 1: L, Ebi: L, Eib: L, Eii: L, put: V -> V -> V -> V, tr: L
[16:07:42.045191]	Exploring 0: L, 1: L, Ebi: L, Eib: L, Eii: L, put: V -> V -> V -> L, tr: L
[16:07:42.045897]	Exploring 0: L, 1: L, Ebi: L, Eib: L, Eii: L, put: V -> V -> L -> _6_, tr: L
[16:07:42.046803]	Exploring 0: L, 1: L, Ebi: L, Eib: L, Eii: L, put: V -> V -> L -> V, tr: L
[16:07:42.047958]	Exploring 0: L, 1: L, Ebi: L, Eib: L, Eii: L, put: V -> V -> L -> L, tr: L
[16:07:42.048930]	Exploring 0: L, 1: L, Ebi: L, Eib: L, Eii: L, put: V -> L -> _4_, tr: L
[16:07:42.049377]	Exploring 0: L, 1: L, Ebi: L, Eib: L, Eii: L, put: V -> L -> _5_ -> _6_, tr: L
[16:07:42.049719]	Exploring 0: L, 1: L, Ebi: L, Eib: L, Eii: L, put: V -> L -> V -> _6_, tr: L
[16:07:42.050026]	Exploring 0: L, 1: L, Ebi: L, Eib: L, Eii: L, put: V -> L -> V -> V, tr: L
[16:07:42.050539]	Exploring 0: L, 1: L, Ebi: L, Eib: L, Eii: L, put: V -> L -> V -> L, tr: L
[16:07:42.051067]	Exploring 0: L, 1: L, Ebi: L, Eib: L, Eii: L, put: V -> L -> L -> _6_, tr: L
[16:07:42.051457]	Exploring 0: L, 1: L, Ebi: L, Eib: L, Eii: L, put: V -> L -> L -> V, tr: L
[16:07:42.051973]	Exploring 0: L, 1: L, Ebi: L, Eib: L, Eii: L, put: V -> L -> L -> L, tr: L
[16:07:42.052437]	Exploring 0: L, 1: L, Ebi: L, Eib: L, Eii: L, put: L -> _2_, tr: L
[16:07:42.052822]	Exploring 0: L, 1: L, Ebi: L, Eib: L, Eii: L, put: L -> _3_ -> _4_, tr: L
[16:07:42.053139]	Exploring 0: L, 1: L, Ebi: L, Eib: L, Eii: L, put: L -> V -> _4_, tr: L
[16:07:42.053707]	Exploring 0: L, 1: L, Ebi: L, Eib: L, Eii: L, put: L -> V -> _5_ -> _6_, tr: L
[16:07:42.054213]	Exploring 0: L, 1: L, Ebi: L, Eib: L, Eii: L, put: L -> V -> V -> _6_, tr: L
[16:07:42.054516]	Exploring 0: L, 1: L, Ebi: L, Eib: L, Eii: L, put: L -> V -> V -> V, tr: L
[16:07:42.054880]	Exploring 0: L, 1: L, Ebi: L, Eib: L, Eii: L, put: L -> V -> V -> L, tr: L
[16:07:42.055248]	Exploring 0: L, 1: L, Ebi: L, Eib: L, Eii: L, put: L -> V -> L -> _6_, tr: L
[16:07:42.055609]	Exploring 0: L, 1: L, Ebi: L, Eib: L, Eii: L, put: L -> V -> L -> V, tr: L
[16:07:42.055994]	Exploring 0: L, 1: L, Ebi: L, Eib: L, Eii: L, put: L -> V -> L -> L, tr: L
[16:07:42.056530]	Exploring 0: L, 1: L, Ebi: L, Eib: L, Eii: L, put: L -> L -> _4_, tr: L
[16:07:42.056991]	Exploring 0: L, 1: L, Ebi: L, Eib: L, Eii: L, put: L -> L -> _5_ -> _6_, tr: L
[16:07:42.057367]	Exploring 0: L, 1: L, Ebi: L, Eib: L, Eii: L, put: L -> L -> V -> _6_, tr: L
[16:07:42.057635]	Exploring 0: L, 1: L, Ebi: L, Eib: L, Eii: L, put: L -> L -> V -> V, tr: L
[16:07:42.057977]	Exploring 0: L, 1: L, Ebi: L, Eib: L, Eii: L, put: L -> L -> V -> L, tr: L
[16:07:42.058453]	Exploring 0: L, 1: L, Ebi: L, Eib: L, Eii: L, put: L -> L -> L -> _6_, tr: L
[16:07:42.058797]	Exploring 0: L, 1: L, Ebi: L, Eib: L, Eii: L, put: L -> L -> L -> V, tr: L
[16:07:42.059211]	Exploring 0: L, 1: L, Ebi: L, Eib: L, Eii: L, put: L -> L -> L -> L, tr: L
[16:07:42.059601]	END Init search : 72 ms
[16:07:42.060073]	BEG Compile Init to Elab
[16:07:42.062260]	END Compile Init to Elab : 2 ms
[16:07:42.062794]	BEG Elab search
[16:07:42.063325]	Exploring 0: L, 1: L, Ebi: L, Eib: L, Eii: L, put: V_7_ -> V_8_ -> V_9_ -> V_10_, tr: L
[16:07:42.065467]	Exploring 0: L, 1: L, Ebi: L, Eib: L, Eii: L, put: V0 -> V_8_ -> V_9_ -> V_10_, tr: L
[16:07:42.066124]	Exploring 0: L, 1: L, Ebi: L, Eib: L, Eii: L, put: V0 -> V0 -> V_9_ -> V_10_, tr: L
[16:07:42.066781]	Exploring 0: L, 1: L, Ebi: L, Eib: L, Eii: L, put: V0 -> V0 -> V0 -> V_10_, tr: L
[16:07:42.067632]	Exploring 0: L, 1: L, Ebi: L, Eib: L, Eii: L, put: V0 -> V0 -> V0 -> V0, tr: L
[16:07:42.069285]	Exploring 0: L, 1: L, Ebi: L, Eib: L, Eii: L, put: V0 -> V0 -> V0 -> V1, tr: L
[16:07:42.070793]	Exploring 0: L, 1: L, Ebi: L, Eib: L, Eii: L, put: V0 -> V0 -> V1 -> V_10_, tr: L
[16:07:42.071344]	Exploring 0: L, 1: L, Ebi: L, Eib: L, Eii: L, put: V0 -> V0 -> V1 -> V0, tr: L
[16:07:42.072038]	Exploring 0: L, 1: L, Ebi: L, Eib: L, Eii: L, put: V0 -> V0 -> V1 -> V1, tr: L
[16:07:42.072780]	Exploring 0: L, 1: L, Ebi: L, Eib: L, Eii: L, put: V0 -> V0 -> V1 -> V2, tr: L
[16:07:42.073515]	Exploring 0: L, 1: L, Ebi: L, Eib: L, Eii: L, put: V0 -> V1 -> V_9_ -> V_10_, tr: L
[16:07:42.073964]	Exploring 0: L, 1: L, Ebi: L, Eib: L, Eii: L, put: V0 -> V1 -> V0 -> V_10_, tr: L
[16:07:42.074532]	Exploring 0: L, 1: L, Ebi: L, Eib: L, Eii: L, put: V0 -> V1 -> V0 -> V0, tr: L
[16:07:42.075128]	Exploring 0: L, 1: L, Ebi: L, Eib: L, Eii: L, put: V0 -> V1 -> V0 -> V1, tr: L
[16:07:42.075668]	Exploring 0: L, 1: L, Ebi: L, Eib: L, Eii: L, put: V0 -> V1 -> V0 -> V2, tr: L
[16:07:42.076186]	Exploring 0: L, 1: L, Ebi: L, Eib: L, Eii: L, put: V0 -> V1 -> V1 -> V_10_, tr: L
[16:07:42.076663]	Exploring 0: L, 1: L, Ebi: L, Eib: L, Eii: L, put: V0 -> V1 -> V1 -> V0, tr: L
[16:07:42.077433]	Exploring 0: L, 1: L, Ebi: L, Eib: L, Eii: L, put: V0 -> V1 -> V1 -> V1, tr: L
[16:07:42.078169]	Exploring 0: L, 1: L, Ebi: L, Eib: L, Eii: L, put: V0 -> V1 -> V1 -> V2, tr: L
[16:07:42.078881]	Exploring 0: L, 1: L, Ebi: L, Eib: L, Eii: L, put: V0 -> V1 -> V2 -> V_10_, tr: L
[16:07:42.079476]	Exploring 0: L, 1: L, Ebi: L, Eib: L, Eii: L, put: V0 -> V1 -> V2 -> V0, tr: L
[16:07:42.080400]	Exploring 0: L, 1: L, Ebi: L, Eib: L, Eii: L, put: V0 -> V1 -> V2 -> V1, tr: L
[16:07:42.081277]	Exploring 0: L, 1: L, Ebi: L, Eib: L, Eii: L, put: V0 -> V1 -> V2 -> V2, tr: L
[16:07:42.082210]	Exploring 0: L, 1: L, Ebi: L, Eib: L, Eii: L, put: V0 -> V1 -> V2 -> V3, tr: L
[16:07:42.083028]	Exploring 0: L, 1: L, Ebi: L, Eib: L, Eii: L, put: V_11_ -> V_12_ -> V_13_ -> L, tr: L
[16:07:42.084086]	Exploring 0: L, 1: L, Ebi: L, Eib: L, Eii: L, put: V0 -> V_12_ -> V_13_ -> L, tr: L
[16:07:42.085278]	Exploring 0: L, 1: L, Ebi: L, Eib: L, Eii: L, put: V0 -> V0 -> V_13_ -> L, tr: L
[16:07:42.086286]	Exploring 0: L, 1: L, Ebi: L, Eib: L, Eii: L, put: V0 -> V0 -> V0 -> L, tr: L
[16:07:42.087570]	Exploring 0: L, 1: L, Ebi: L, Eib: L, Eii: L, put: V0 -> V0 -> V1 -> L, tr: L
[16:07:42.088482]	Exploring 0: L, 1: L, Ebi: L, Eib: L, Eii: L, put: V0 -> V1 -> V_13_ -> L, tr: L
[16:07:42.089116]	Exploring 0: L, 1: L, Ebi: L, Eib: L, Eii: L, put: V0 -> V1 -> V0 -> L, tr: L
[16:07:42.090026]	Exploring 0: L, 1: L, Ebi: L, Eib: L, Eii: L, put: V0 -> V1 -> V1 -> L, tr: L
[16:07:42.091034]	Exploring 0: L, 1: L, Ebi: L, Eib: L, Eii: L, put: V0 -> V1 -> V2 -> L, tr: L
[16:07:42.091701]	Exploring 0: L, 1: L, Ebi: L, Eib: L, Eii: L, put: V_14_ -> V_15_ -> L -> V_16_, tr: L
[16:07:42.092346]	Exploring 0: L, 1: L, Ebi: L, Eib: L, Eii: L, put: V0 -> V_15_ -> L -> V_16_, tr: L
[16:07:42.093312]	Exploring 0: L, 1: L, Ebi: L, Eib: L, Eii: L, put: V0 -> V0 -> L -> V_16_, tr: L
[16:07:42.093841]	Exploring 0: L, 1: L, Ebi: L, Eib: L, Eii: L, put: V0 -> V0 -> L -> V0, tr: L
[16:07:42.094719]	Exploring 0: L, 1: L, Ebi: L, Eib: L, Eii: L, put: V0 -> V0 -> L -> V1, tr: L
[16:07:42.095889]	Exploring 0: L, 1: L, Ebi: L, Eib: L, Eii: L, put: V0 -> V1 -> L -> V_16_, tr: L
[16:07:42.096780]	Exploring 0: L, 1: L, Ebi: L, Eib: L, Eii: L, put: V0 -> V1 -> L -> V0, tr: L
[16:07:42.097701]	Exploring 0: L, 1: L, Ebi: L, Eib: L, Eii: L, put: V0 -> V1 -> L -> V1, tr: L
[16:07:42.098824]	Exploring 0: L, 1: L, Ebi: L, Eib: L, Eii: L, put: V0 -> V1 -> L -> V2, tr: L
[16:07:42.099232]	Exploring 0: L, 1: L, Ebi: L, Eib: L, Eii: L, put: V_17_ -> V_18_ -> L -> L, tr: L
[16:07:42.099836]	Exploring 0: L, 1: L, Ebi: L, Eib: L, Eii: L, put: V0 -> V_18_ -> L -> L, tr: L
[16:07:42.100454]	Exploring 0: L, 1: L, Ebi: L, Eib: L, Eii: L, put: V0 -> V0 -> L -> L, tr: L
[16:07:42.101140]	Exploring 0: L, 1: L, Ebi: L, Eib: L, Eii: L, put: V0 -> V1 -> L -> L, tr: L
[16:07:42.101557]	Exploring 0: L, 1: L, Ebi: L, Eib: L, Eii: L, put: V_19_ -> L -> V_20_ -> V_21_, tr: L
[16:07:42.101899]	Exploring 0: L, 1: L, Ebi: L, Eib: L, Eii: L, put: V0 -> L -> V_20_ -> V_21_, tr: L
[16:07:42.102251]	Exploring 0: L, 1: L, Ebi: L, Eib: L, Eii: L, put: V0 -> L -> V0 -> V_21_, tr: L
[16:07:42.102656]	Exploring 0: L, 1: L, Ebi: L, Eib: L, Eii: L, put: V0 -> L -> V0 -> V0, tr: L
[16:07:42.103169]	Exploring 0: L, 1: L, Ebi: L, Eib: L, Eii: L, put: V0 -> L -> V0 -> V1, tr: L
[16:07:42.103796]	Exploring 0: L, 1: L, Ebi: L, Eib: L, Eii: L, put: V0 -> L -> V1 -> V_21_, tr: L
[16:07:42.104215]	Exploring 0: L, 1: L, Ebi: L, Eib: L, Eii: L, put: V0 -> L -> V1 -> V0, tr: L
[16:07:42.104776]	Exploring 0: L, 1: L, Ebi: L, Eib: L, Eii: L, put: V0 -> L -> V1 -> V1, tr: L
[16:07:42.105288]	Exploring 0: L, 1: L, Ebi: L, Eib: L, Eii: L, put: V0 -> L -> V1 -> V2, tr: L
[16:07:42.105672]	Exploring 0: L, 1: L, Ebi: L, Eib: L, Eii: L, put: V_22_ -> L -> V_23_ -> L, tr: L
[16:07:42.106049]	Exploring 0: L, 1: L, Ebi: L, Eib: L, Eii: L, put: V0 -> L -> V_23_ -> L, tr: L
[16:07:42.106459]	Exploring 0: L, 1: L, Ebi: L, Eib: L, Eii: L, put: V0 -> L -> V0 -> L, tr: L
[16:07:42.107022]	Exploring 0: L, 1: L, Ebi: L, Eib: L, Eii: L, put: V0 -> L -> V1 -> L, tr: L
[16:07:42.107484]	Exploring 0: L, 1: L, Ebi: L, Eib: L, Eii: L, put: V_24_ -> L -> L -> V_25_, tr: L
[16:07:42.107885]	Exploring 0: L, 1: L, Ebi: L, Eib: L, Eii: L, put: V0 -> L -> L -> V_25_, tr: L
[16:07:42.108340]	Exploring 0: L, 1: L, Ebi: L, Eib: L, Eii: L, put: V0 -> L -> L -> V0, tr: L
[16:07:42.108889]	Exploring 0: L, 1: L, Ebi: L, Eib: L, Eii: L, put: V0 -> L -> L -> V1, tr: L
[16:07:42.109260]	Exploring 0: L, 1: L, Ebi: L, Eib: L, Eii: L, put: V_26_ -> L -> L -> L, tr: L
[16:07:42.109731]	Exploring 0: L, 1: L, Ebi: L, Eib: L, Eii: L, put: V0 -> L -> L -> L, tr: L
[16:07:42.110165]	Exploring 0: L, 1: L, Ebi: L, Eib: L, Eii: L, put: L -> V_27_ -> V_28_ -> V_29_, tr: L
[16:07:42.110633]	Exploring 0: L, 1: L, Ebi: L, Eib: L, Eii: L, put: L -> V0 -> V_28_ -> V_29_, tr: L
[16:07:42.111168]	Exploring 0: L, 1: L, Ebi: L, Eib: L, Eii: L, put: L -> V0 -> V0 -> V_29_, tr: L
[16:07:42.111713]	Exploring 0: L, 1: L, Ebi: L, Eib: L, Eii: L, put: L -> V0 -> V0 -> V0, tr: L
[16:07:42.112533]	Exploring 0: L, 1: L, Ebi: L, Eib: L, Eii: L, put: L -> V0 -> V0 -> V1, tr: L
[16:07:42.113337]	Exploring 0: L, 1: L, Ebi: L, Eib: L, Eii: L, put: L -> V0 -> V1 -> V_29_, tr: L
[16:07:42.113947]	Exploring 0: L, 1: L, Ebi: L, Eib: L, Eii: L, put: L -> V0 -> V1 -> V0, tr: L
[16:07:42.114655]	Exploring 0: L, 1: L, Ebi: L, Eib: L, Eii: L, put: L -> V0 -> V1 -> V1, tr: L
[16:07:42.115422]	Exploring 0: L, 1: L, Ebi: L, Eib: L, Eii: L, put: L -> V0 -> V1 -> V2, tr: L
[16:07:42.115920]	Exploring 0: L, 1: L, Ebi: L, Eib: L, Eii: L, put: L -> V_30_ -> V_31_ -> L, tr: L
[16:07:42.116289]	Exploring 0: L, 1: L, Ebi: L, Eib: L, Eii: L, put: L -> V0 -> V_31_ -> L, tr: L
[16:07:42.116820]	Exploring 0: L, 1: L, Ebi: L, Eib: L, Eii: L, put: L -> V0 -> V0 -> L, tr: L
[16:07:42.117567]	Exploring 0: L, 1: L, Ebi: L, Eib: L, Eii: L, put: L -> V0 -> V1 -> L, tr: L
[16:07:42.118064]	Exploring 0: L, 1: L, Ebi: L, Eib: L, Eii: L, put: L -> V_32_ -> L -> V_33_, tr: L
[16:07:42.118641]	Exploring 0: L, 1: L, Ebi: L, Eib: L, Eii: L, put: L -> V0 -> L -> V_33_, tr: L
[16:07:42.119204]	Exploring 0: L, 1: L, Ebi: L, Eib: L, Eii: L, put: L -> V0 -> L -> V0, tr: L
[16:07:42.120057]	Exploring 0: L, 1: L, Ebi: L, Eib: L, Eii: L, put: L -> V0 -> L -> V1, tr: L
[16:07:42.120608]	Exploring 0: L, 1: L, Ebi: L, Eib: L, Eii: L, put: L -> V_34_ -> L -> L, tr: L
[16:07:42.121138]	Exploring 0: L, 1: L, Ebi: L, Eib: L, Eii: L, put: L -> V0 -> L -> L, tr: L
[16:07:42.121617]	Exploring 0: L, 1: L, Ebi: L, Eib: L, Eii: L, put: L -> L -> V_35_ -> V_36_, tr: L
[16:07:42.122098]	Exploring 0: L, 1: L, Ebi: L, Eib: L, Eii: L, put: L -> L -> V0 -> V_36_, tr: L
[16:07:42.122544]	Exploring 0: L, 1: L, Ebi: L, Eib: L, Eii: L, put: L -> L -> V0 -> V0, tr: L
[16:07:42.123178]	Exploring 0: L, 1: L, Ebi: L, Eib: L, Eii: L, put: L -> L -> V0 -> V1, tr: L
[16:07:42.123690]	Exploring 0: L, 1: L, Ebi: L, Eib: L, Eii: L, put: L -> L -> V_37_ -> L, tr: L
[16:07:42.124151]	Exploring 0: L, 1: L, Ebi: L, Eib: L, Eii: L, put: L -> L -> V0 -> L, tr: L
[16:07:42.124589]	Exploring 0: L, 1: L, Ebi: L, Eib: L, Eii: L, put: L -> L -> L -> V_38_, tr: L
[16:07:42.125120]	Exploring 0: L, 1: L, Ebi: L, Eib: L, Eii: L, put: L -> L -> L -> V0, tr: L
[16:07:42.125578]	Exploring 0: L, 1: L, Ebi: L, Eib: L, Eii: L, put: L -> L -> L -> L, tr: L
[16:07:42.125972]	END Elab search : 63 ms
[16:07:42.126604]	BEG Compile Elab to Concrete
[16:07:42.992577]	END Compile Elab to Concrete : 866 ms
[16:07:42.993309]	BEG Concrete search
[16:07:42.993487]	BEG Depth 2
[16:07:42.993542]	BEG Size 1
[16:07:42.993617]	END Size 1 : 0 ms
[16:07:42.993672]	BEG Size 2
[16:07:42.993734]	END Size 2 : 0 ms
[16:07:42.993788]	BEG Size 3
[16:07:42.993852]	END Size 3 : 0 ms
[16:07:42.993914]	BEG Size 4
[16:07:42.993978]	END Size 4 : 0 ms
[16:07:42.994033]	BEG Size 5
[16:07:42.994096]	END Size 5 : 0 ms
[16:07:42.994178]	BEG Size 6
[16:07:42.994241]	END Size 6 : 0 ms
[16:07:42.994293]	BEG Size 7
[16:07:42.994367]	END Size 7 : 0 ms
[16:07:42.994429]	BEG Size 8
[16:07:42.994496]	END Size 8 : 0 ms
[16:07:42.994572]	BEG Size 9
[16:07:42.994636]	END Size 9 : 0 ms
[16:07:42.994736]	BEG Size 10
[16:07:42.994872]	Exploring 0: L0[], 1: L0[], Ebi: L2[_0_, _1_], Eib: L2[_2_, _3_], Eii: L2[_4_, _5_], put: L2[_6_, _7_] -> V0 -> V1 -> L2[_8_, _9_], tr: L7[]
[16:07:42.997991]	Exploring 0: L0[], 1: L0[], Ebi: L2[L0[], _1_], Eib: L2[_2_, _3_], Eii: L2[_4_, _5_], put: L2[_6_, _7_] -> V0 -> V1 -> L2[_8_, _9_], tr: L7[]
[16:07:42.998946]	Exploring 0: L0[], 1: L0[], Ebi: L2[L0[], L0[]], Eib: L2[_2_, _3_], Eii: L2[_4_, _5_], put: L2[_6_, _7_] -> V0 -> V1 -> L2[_8_, _9_], tr: L7[]
[16:07:42.999817]	Exploring 0: L0[], 1: L0[], Ebi: L2[L0[], L0[]], Eib: L2[L0[], _3_], Eii: L2[_4_, _5_], put: L2[_6_, _7_] -> V0 -> V1 -> L2[_8_, _9_], tr: L7[]
[16:07:43.000601]	Exploring 0: L0[], 1: L0[], Ebi: L2[L0[], L0[]], Eib: L2[L0[], L0[]], Eii: L2[_4_, _5_], put: L2[_6_, _7_] -> V0 -> V1 -> L2[_8_, _9_], tr: L7[]
[16:07:43.001185]	Exploring 0: L0[], 1: L0[], Ebi: L2[L0[], L0[]], Eib: L2[L0[], L0[]], Eii: L2[L0[], _5_], put: L2[_6_, _7_] -> V0 -> V1 -> L2[_8_, _9_], tr: L7[]
[16:07:43.001781]	Exploring 0: L0[], 1: L0[], Ebi: L2[L0[], L0[]], Eib: L2[L0[], L0[]], Eii: L2[L0[], L0[]], put: L2[_6_, _7_] -> V0 -> V1 -> L2[_8_, _9_], tr: L7[]
[16:07:43.002534]	Exploring 0: L0[], 1: L0[], Ebi: L2[L0[], L0[]], Eib: L2[L0[], L0[]], Eii: L2[L0[], L0[]], put: L2[L0[], _7_] -> V0 -> V1 -> L2[_8_, _9_], tr: L7[]
[16:07:43.003254]	Exploring 0: L0[], 1: L0[], Ebi: L2[L0[], L0[]], Eib: L2[L0[], L0[]], Eii: L2[L0[], L0[]], put: L2[L0[], L0[]] -> V0 -> V1 -> L2[_8_, _9_], tr: L7[]
[16:07:43.004034]	Exploring 0: L0[], 1: L0[], Ebi: L2[L0[], L0[]], Eib: L2[L0[], L0[]], Eii: L2[L0[], L0[]], put: L2[L0[], L0[]] -> V0 -> V1 -> L2[L0[], _9_], tr: L7[]
[16:07:43.004787]	Exploring 0: L0[], 1: L0[], Ebi: L2[L0[], L0[]], Eib: L2[L0[], L0[]], Eii: L2[L0[], L0[]], put: L2[L0[], L0[]] -> V0 -> V1 -> L2[L0[], L0[]], tr: L7[]
[16:07:43.007085]	Exploring 0: L0[], 1: L0[], Ebi: L2[L0[], L0[]], Eib: L2[L0[], L0[]], Eii: L2[L0[], L0[]], put: L2[L0[], V2] -> V0 -> V1 -> L2[_8_, _9_], tr: L7[]
[16:07:43.008002]	Exploring 0: L0[], 1: L0[], Ebi: L2[L0[], L0[]], Eib: L2[L0[], L0[]], Eii: L2[L0[], L0[]], put: L2[L0[], V2] -> V0 -> V1 -> L2[L0[], _9_], tr: L7[]
[16:07:43.008835]	Exploring 0: L0[], 1: L0[], Ebi: L2[L0[], L0[]], Eib: L2[L0[], L0[]], Eii: L2[L0[], L0[]], put: L2[L0[], V2] -> V0 -> V1 -> L2[L0[], L0[]], tr: L7[]
[16:07:43.010240]	Exploring 0: L0[], 1: L0[], Ebi: L2[L0[], L0[]], Eib: L2[L0[], L0[]], Eii: L2[L0[], L0[]], put: L2[L0[], V2] -> V0 -> V1 -> L2[L0[], L7[]], tr: L7[]
[16:07:43.011568]	Exploring 0: L0[], 1: L0[], Ebi: L2[L0[], L0[]], Eib: L2[L0[], L0[]], Eii: L2[L0[], L0[]], put: L2[L0[], V2] -> V0 -> V1 -> L2[L0[], V0], tr: L7[]
[16:07:43.012948]	Exploring 0: L0[], 1: L0[], Ebi: L2[L0[], L0[]], Eib: L2[L0[], L0[]], Eii: L2[L0[], L0[]], put: L2[L0[], V2] -> V0 -> V1 -> L2[L0[], V1], tr: L7[]
[16:07:43.014192]	Exploring 0: L0[], 1: L0[], Ebi: L2[L0[], L0[]], Eib: L2[L0[], L0[]], Eii: L2[L0[], L0[]], put: L2[L0[], V2] -> V0 -> V1 -> L2[L0[], V2], tr: L7[]
[16:07:43.015600]	Exploring 0: L0[], 1: L0[], Ebi: L2[L0[], L0[]], Eib: L2[L0[], L0[]], Eii: L2[L0[], L0[]], put: L2[L0[], V2] -> V0 -> V1 -> L2[V2, _9_], tr: L7[]
[16:07:43.016231]	Exploring 0: L0[], 1: L0[], Ebi: L2[L0[], L0[]], Eib: L2[L0[], L0[]], Eii: L2[L0[], L0[]], put: L2[L0[], V2] -> V0 -> V1 -> L2[V2, L0[]], tr: L7[]
[16:07:43.017301]	Exploring 0: L0[], 1: L0[], Ebi: L2[L0[], L0[]], Eib: L2[L0[], L0[]], Eii: L2[L0[], L0[]], put: L2[L0[], V2] -> V0 -> V1 -> L2[V2, L7[]], tr: L7[]
[16:07:43.018390]	Exploring 0: L0[], 1: L0[], Ebi: L2[L0[], L0[]], Eib: L2[L0[], L0[]], Eii: L2[L0[], L0[]], put: L2[L0[], V2] -> V0 -> V1 -> L2[V2, V0], tr: L7[]
[16:07:43.019543]	Exploring 0: L0[], 1: L0[], Ebi: L2[L0[], L0[]], Eib: L2[L0[], L0[]], Eii: L2[L0[], L0[]], put: L2[L0[], V2] -> V0 -> V1 -> L2[V2, V1], tr: L7[]
[16:07:43.020618]	Exploring 0: L0[], 1: L0[], Ebi: L2[L0[], L0[]], Eib: L2[L0[], L0[]], Eii: L2[L0[], L0[]], put: L2[L0[], V2] -> V0 -> V1 -> L2[V2, V2], tr: L7[]
[16:07:43.021762]	Exploring 0: L0[], 1: L0[], Ebi: L2[L0[], L0[]], Eib: L2[L0[], L0[]], Eii: L2[L0[], L0[]], put: L2[V2, _7_] -> V0 -> V1 -> L2[_8_, _9_], tr: L7[]
[16:07:43.022434]	Exploring 0: L0[], 1: L0[], Ebi: L2[L0[], L0[]], Eib: L2[L0[], L0[]], Eii: L2[L0[], L0[]], put: L2[V2, L0[]] -> V0 -> V1 -> L2[_8_, _9_], tr: L7[]
[16:07:43.023015]	Exploring 0: L0[], 1: L0[], Ebi: L2[L0[], L0[]], Eib: L2[L0[], L0[]], Eii: L2[L0[], L0[]], put: L2[V2, L0[]] -> V0 -> V1 -> L2[L0[], _9_], tr: L7[]
[16:07:43.023775]	Exploring 0: L0[], 1: L0[], Ebi: L2[L0[], L0[]], Eib: L2[L0[], L0[]], Eii: L2[L0[], L0[]], put: L2[V2, L0[]] -> V0 -> V1 -> L2[L0[], L0[]], tr: L7[]
[16:07:43.025054]	Exploring 0: L0[], 1: L0[], Ebi: L2[L0[], L0[]], Eib: L2[L0[], L0[]], Eii: L2[L0[], L0[]], put: L2[V2, L0[]] -> V0 -> V1 -> L2[L0[], V2], tr: L7[]
[16:07:43.026120]	Exploring 0: L0[], 1: L0[], Ebi: L2[L0[], L0[]], Eib: L2[L0[], L0[]], Eii: L2[L0[], L0[]], put: L2[V2, L0[]] -> V0 -> V1 -> L2[L7[], _9_], tr: L7[]
[16:07:43.026714]	Exploring 0: L0[], 1: L0[], Ebi: L2[L0[], L0[]], Eib: L2[L0[], L0[]], Eii: L2[L0[], L0[]], put: L2[V2, L0[]] -> V0 -> V1 -> L2[L7[], L0[]], tr: L7[]
[16:07:43.027970]	Exploring 0: L0[], 1: L0[], Ebi: L2[L0[], L0[]], Eib: L2[L0[], L0[]], Eii: L2[L0[], L0[]], put: L2[V2, L0[]] -> V0 -> V1 -> L2[L7[], V2], tr: L7[]
[16:07:43.029065]	Exploring 0: L0[], 1: L0[], Ebi: L2[L0[], L0[]], Eib: L2[L0[], L0[]], Eii: L2[L0[], L0[]], put: L2[V2, L0[]] -> V0 -> V1 -> L2[V0, _9_], tr: L7[]
[16:07:43.029736]	Exploring 0: L0[], 1: L0[], Ebi: L2[L0[], L0[]], Eib: L2[L0[], L0[]], Eii: L2[L0[], L0[]], put: L2[V2, L0[]] -> V0 -> V1 -> L2[V0, L0[]], tr: L7[]
[16:07:43.031041]	Exploring 0: L0[], 1: L0[], Ebi: L2[L0[], L0[]], Eib: L2[L0[], L0[]], Eii: L2[L0[], L0[]], put: L2[V2, L0[]] -> V0 -> V1 -> L2[V0, V2], tr: L7[]
[16:07:43.032306]	Exploring 0: L0[], 1: L0[], Ebi: L2[L0[], L0[]], Eib: L2[L0[], L0[]], Eii: L2[L0[], L0[]], put: L2[V2, L0[]] -> V0 -> V1 -> L2[V1, _9_], tr: L7[]
[16:07:43.032996]	Exploring 0: L0[], 1: L0[], Ebi: L2[L0[], L0[]], Eib: L2[L0[], L0[]], Eii: L2[L0[], L0[]], put: L2[V2, L0[]] -> V0 -> V1 -> L2[V1, L0[]], tr: L7[]
[16:07:43.034262]	Exploring 0: L0[], 1: L0[], Ebi: L2[L0[], L0[]], Eib: L2[L0[], L0[]], Eii: L2[L0[], L0[]], put: L2[V2, L0[]] -> V0 -> V1 -> L2[V1, V2], tr: L7[]
[16:07:43.035211]	Exploring 0: L0[], 1: L0[], Ebi: L2[L0[], L0[]], Eib: L2[L0[], L0[]], Eii: L2[L0[], L0[]], put: L2[V2, L0[]] -> V0 -> V1 -> L2[V2, _9_], tr: L7[]
[16:07:43.035811]	Exploring 0: L0[], 1: L0[], Ebi: L2[L0[], L0[]], Eib: L2[L0[], L0[]], Eii: L2[L0[], L0[]], put: L2[V2, L0[]] -> V0 -> V1 -> L2[V2, L0[]], tr: L7[]
[16:07:43.037016]	Exploring 0: L0[], 1: L0[], Ebi: L2[L0[], L0[]], Eib: L2[L0[], L0[]], Eii: L2[L0[], L0[]], put: L2[V2, L0[]] -> V0 -> V1 -> L2[V2, V2], tr: L7[]
[16:07:43.039287]	Exploring 0: L0[], 1: L0[], Ebi: L2[L0[], L0[]], Eib: L2[L0[], L0[]], Eii: L2[L0[], L0[]], put: L2[V2, V2] -> V0 -> V1 -> L2[_8_, _9_], tr: L7[]
[16:07:43.040372]	Exploring 0: L0[], 1: L0[], Ebi: L2[L0[], L0[]], Eib: L2[L0[], L0[]], Eii: L2[L0[], L0[]], put: L2[V2, V2] -> V0 -> V1 -> L2[L0[], _9_], tr: L7[]
[16:07:43.040892]	Exploring 0: L0[], 1: L0[], Ebi: L2[L0[], L0[]], Eib: L2[L0[], L0[]], Eii: L2[L0[], L0[]], put: L2[V2, V2] -> V0 -> V1 -> L2[L0[], L0[]], tr: L7[]
[16:07:43.042023]	Exploring 0: L0[], 1: L0[], Ebi: L2[L0[], L0[]], Eib: L2[L0[], L0[]], Eii: L2[L0[], L0[]], put: L2[V2, V2] -> V0 -> V1 -> L2[L0[], V2], tr: L7[]
[16:07:43.042938]	Exploring 0: L0[], 1: L0[], Ebi: L2[L0[], L0[]], Eib: L2[L0[], L0[]], Eii: L2[L0[], L0[]], put: L2[V2, V2] -> V0 -> V1 -> L2[L7[], _9_], tr: L7[]
[16:07:43.043473]	Exploring 0: L0[], 1: L0[], Ebi: L2[L0[], L0[]], Eib: L2[L0[], L0[]], Eii: L2[L0[], L0[]], put: L2[V2, V2] -> V0 -> V1 -> L2[L7[], L7[]], tr: L7[]
[16:07:43.044696]	Exploring 0: L0[], 1: L0[], Ebi: L2[L0[], L0[]], Eib: L2[L0[], L0[]], Eii: L2[L0[], L0[]], put: L2[V2, V2] -> V0 -> V1 -> L2[V0, _9_], tr: L7[]
[16:07:43.045257]	Exploring 0: L0[], 1: L0[], Ebi: L2[L0[], L0[]], Eib: L2[L0[], L0[]], Eii: L2[L0[], L0[]], put: L2[V2, V2] -> V0 -> V1 -> L2[V0, V0], tr: L7[]
[16:07:43.046509]	Exploring 0: L0[], 1: L0[], Ebi: L2[L0[], L0[]], Eib: L2[L0[], L0[]], Eii: L2[L0[], L0[]], put: L2[V2, V2] -> V0 -> V1 -> L2[V1, _9_], tr: L7[]
[16:07:43.047196]	Exploring 0: L0[], 1: L0[], Ebi: L2[L0[], L0[]], Eib: L2[L0[], L0[]], Eii: L2[L0[], L0[]], put: L2[V2, V2] -> V0 -> V1 -> L2[V1, V1], tr: L7[]
[16:07:43.049795]	Exploring 0: L0[], 1: L0[], Ebi: L2[L0[], L0[]], Eib: L2[L0[], L0[]], Eii: L2[L0[], L0[]], put: L2[V2, V2] -> V0 -> V1 -> L2[V2, _9_], tr: L7[]
[16:07:43.051108]	Exploring 0: L0[], 1: L0[], Ebi: L2[L0[], L0[]], Eib: L2[L0[], L0[]], Eii: L2[L0[], L0[]], put: L2[V2, V2] -> V0 -> V1 -> L2[V2, L0[]], tr: L7[]
[16:07:43.054061]	Exploring 0: L0[], 1: L0[], Ebi: L2[L0[], L0[]], Eib: L2[L0[], L0[]], Eii: L2[L0[], L0[]], put: L2[V2, V2] -> V0 -> V1 -> L2[V2, V2], tr: L7[]
[16:07:43.056618]	Exploring 0: L0[], 1: L0[], Ebi: L2[L0[], L0[]], Eib: L2[L0[], L0[]], Eii: L2[L0[], L0[]], put: L2[V2, V3] -> V0 -> V1 -> L2[_8_, _9_], tr: L7[]
[16:07:43.057869]	Exploring 0: L0[], 1: L0[], Ebi: L2[L0[], L0[]], Eib: L2[L0[], L0[]], Eii: L2[L0[], L0[]], put: L2[V2, V3] -> V0 -> V1 -> L2[L0[], _9_], tr: L7[]
[16:07:43.058783]	Exploring 0: L0[], 1: L0[], Ebi: L2[L0[], L0[]], Eib: L2[L0[], L0[]], Eii: L2[L0[], L0[]], put: L2[V2, V3] -> V0 -> V1 -> L2[L0[], L0[]], tr: L7[]
[16:07:43.059744]	Exploring 0: L0[], 1: L0[], Ebi: L2[L0[], L0[]], Eib: L2[L0[], L0[]], Eii: L2[L0[], L0[]], put: L2[V2, V3] -> V0 -> V1 -> L2[L0[], L7[]], tr: L7[]
[16:07:43.060723]	Exploring 0: L0[], 1: L0[], Ebi: L2[L0[], L0[]], Eib: L2[L0[], L0[]], Eii: L2[L0[], L0[]], put: L2[V2, V3] -> V0 -> V1 -> L2[L0[], V0], tr: L7[]
[16:07:43.061780]	Exploring 0: L0[], 1: L0[], Ebi: L2[L0[], L0[]], Eib: L2[L0[], L0[]], Eii: L2[L0[], L0[]], put: L2[V2, V3] -> V0 -> V1 -> L2[L0[], V1], tr: L7[]
[16:07:43.062861]	Exploring 0: L0[], 1: L0[], Ebi: L2[L0[], L0[]], Eib: L2[L0[], L0[]], Eii: L2[L0[], L0[]], put: L2[V2, V3] -> V0 -> V1 -> L2[L0[], V2], tr: L7[]
[16:07:43.063909]	Exploring 0: L0[], 1: L0[], Ebi: L2[L0[], L0[]], Eib: L2[L0[], L0[]], Eii: L2[L0[], L0[]], put: L2[V2, V3] -> V0 -> V1 -> L2[L0[], V3], tr: L7[]
[16:07:43.064912]	Exploring 0: L0[], 1: L0[], Ebi: L2[L0[], L0[]], Eib: L2[L0[], L0[]], Eii: L2[L0[], L0[]], put: L2[V2, V3] -> V0 -> V1 -> L2[L7[], _9_], tr: L7[]
[16:07:43.065435]	Exploring 0: L0[], 1: L0[], Ebi: L2[L0[], L0[]], Eib: L2[L0[], L0[]], Eii: L2[L0[], L0[]], put: L2[V2, V3] -> V0 -> V1 -> L2[L7[], L0[]], tr: L7[]
[16:07:43.066435]	Exploring 0: L0[], 1: L0[], Ebi: L2[L0[], L0[]], Eib: L2[L0[], L0[]], Eii: L2[L0[], L0[]], put: L2[V2, V3] -> V0 -> V1 -> L2[L7[], L7[]], tr: L7[]
[16:07:43.067642]	Exploring 0: L0[], 1: L0[], Ebi: L2[L0[], L0[]], Eib: L2[L0[], L0[]], Eii: L2[L0[], L0[]], put: L2[V2, V3] -> V0 -> V1 -> L2[L7[], V0], tr: L7[]
[16:07:43.068974]	Exploring 0: L0[], 1: L0[], Ebi: L2[L0[], L0[]], Eib: L2[L0[], L0[]], Eii: L2[L0[], L0[]], put: L2[V2, V3] -> V0 -> V1 -> L2[L7[], V1], tr: L7[]
[16:07:43.070200]	Exploring 0: L0[], 1: L0[], Ebi: L2[L0[], L0[]], Eib: L2[L0[], L0[]], Eii: L2[L0[], L0[]], put: L2[V2, V3] -> V0 -> V1 -> L2[L7[], V2], tr: L7[]
[16:07:43.071334]	Exploring 0: L0[], 1: L0[], Ebi: L2[L0[], L0[]], Eib: L2[L0[], L0[]], Eii: L2[L0[], L0[]], put: L2[V2, V3] -> V0 -> V1 -> L2[L7[], V3], tr: L7[]
[16:07:43.072577]	Exploring 0: L0[], 1: L0[], Ebi: L2[L0[], L0[]], Eib: L2[L0[], L0[]], Eii: L2[L0[], L0[]], put: L2[V2, V3] -> V0 -> V1 -> L2[V0, _9_], tr: L7[]
[16:07:43.073261]	Exploring 0: L0[], 1: L0[], Ebi: L2[L0[], L0[]], Eib: L2[L0[], L0[]], Eii: L2[L0[], L0[]], put: L2[V2, V3] -> V0 -> V1 -> L2[V0, L0[]], tr: L7[]
[16:07:43.074537]	Exploring 0: L0[], 1: L0[], Ebi: L2[L0[], L0[]], Eib: L2[L0[], L0[]], Eii: L2[L0[], L0[]], put: L2[V2, V3] -> V0 -> V1 -> L2[V0, L7[]], tr: L7[]
[16:07:43.075809]	Exploring 0: L0[], 1: L0[], Ebi: L2[L0[], L0[]], Eib: L2[L0[], L0[]], Eii: L2[L0[], L0[]], put: L2[V2, V3] -> V0 -> V1 -> L2[V0, V0], tr: L7[]
[16:07:43.077046]	Exploring 0: L0[], 1: L0[], Ebi: L2[L0[], L0[]], Eib: L2[L0[], L0[]], Eii: L2[L0[], L0[]], put: L2[V2, V3] -> V0 -> V1 -> L2[V0, V1], tr: L7[]
[16:07:43.078263]	Exploring 0: L0[], 1: L0[], Ebi: L2[L0[], L0[]], Eib: L2[L0[], L0[]], Eii: L2[L0[], L0[]], put: L2[V2, V3] -> V0 -> V1 -> L2[V0, V2], tr: L7[]
[16:07:43.079508]	Exploring 0: L0[], 1: L0[], Ebi: L2[L0[], L0[]], Eib: L2[L0[], L0[]], Eii: L2[L0[], L0[]], put: L2[V2, V3] -> V0 -> V1 -> L2[V0, V3], tr: L7[]
[16:07:43.080766]	Exploring 0: L0[], 1: L0[], Ebi: L2[L0[], L0[]], Eib: L2[L0[], L0[]], Eii: L2[L0[], L0[]], put: L2[V2, V3] -> V0 -> V1 -> L2[V1, _9_], tr: L7[]
[16:07:43.081482]	Exploring 0: L0[], 1: L0[], Ebi: L2[L0[], L0[]], Eib: L2[L0[], L0[]], Eii: L2[L0[], L0[]], put: L2[V2, V3] -> V0 -> V1 -> L2[V1, L0[]], tr: L7[]
[16:07:43.082789]	Exploring 0: L0[], 1: L0[], Ebi: L2[L0[], L0[]], Eib: L2[L0[], L0[]], Eii: L2[L0[], L0[]], put: L2[V2, V3] -> V0 -> V1 -> L2[V1, L7[]], tr: L7[]
[16:07:43.084100]	Exploring 0: L0[], 1: L0[], Ebi: L2[L0[], L0[]], Eib: L2[L0[], L0[]], Eii: L2[L0[], L0[]], put: L2[V2, V3] -> V0 -> V1 -> L2[V1, V0], tr: L7[]
[16:07:43.085464]	Exploring 0: L0[], 1: L0[], Ebi: L2[L0[], L0[]], Eib: L2[L0[], L0[]], Eii: L2[L0[], L0[]], put: L2[V2, V3] -> V0 -> V1 -> L2[V1, V1], tr: L7[]
[16:07:43.086722]	Exploring 0: L0[], 1: L0[], Ebi: L2[L0[], L0[]], Eib: L2[L0[], L0[]], Eii: L2[L0[], L0[]], put: L2[V2, V3] -> V0 -> V1 -> L2[V1, V2], tr: L7[]
[16:07:43.087979]	Exploring 0: L0[], 1: L0[], Ebi: L2[L0[], L0[]], Eib: L2[L0[], L0[]], Eii: L2[L0[], L0[]], put: L2[V2, V3] -> V0 -> V1 -> L2[V1, V3], tr: L7[]
[16:07:43.089217]	Exploring 0: L0[], 1: L0[], Ebi: L2[L0[], L0[]], Eib: L2[L0[], L0[]], Eii: L2[L0[], L0[]], put: L2[V2, V3] -> V0 -> V1 -> L2[V2, _9_], tr: L7[]
[16:07:43.089811]	Exploring 0: L0[], 1: L0[], Ebi: L2[L0[], L0[]], Eib: L2[L0[], L0[]], Eii: L2[L0[], L0[]], put: L2[V2, V3] -> V0 -> V1 -> L2[V2, L0[]], tr: L7[]
[16:07:43.090964]	Exploring 0: L0[], 1: L0[], Ebi: L2[L0[], L0[]], Eib: L2[L0[], L0[]], Eii: L2[L0[], L0[]], put: L2[V2, V3] -> V0 -> V1 -> L2[V2, L7[]], tr: L7[]
[16:07:43.092753]	Exploring 0: L0[], 1: L0[], Ebi: L2[L0[], L0[]], Eib: L2[L0[], L0[]], Eii: L2[L0[], L0[]], put: L2[V2, V3] -> V0 -> V1 -> L2[V2, V0], tr: L7[]
[16:07:43.094840]	Exploring 0: L0[], 1: L0[], Ebi: L2[L0[], L0[]], Eib: L2[L0[], L0[]], Eii: L2[L0[], L0[]], put: L2[V2, V3] -> V0 -> V1 -> L2[V2, V1], tr: L7[]
[16:07:43.097309]	Exploring 0: L0[], 1: L0[], Ebi: L2[L0[], L0[]], Eib: L2[L0[], L0[]], Eii: L2[L0[], L0[]], put: L2[V2, V3] -> V0 -> V1 -> L2[V2, V2], tr: L7[]
[16:07:43.100228]	Exploring 0: L0[], 1: L0[], Ebi: L2[L0[], L0[]], Eib: L2[L0[], L0[]], Eii: L2[L0[], L0[]], put: L2[V2, V3] -> V0 -> V1 -> L2[V2, V3], tr: L7[]
[16:07:43.103112]	Exploring 0: L0[], 1: L0[], Ebi: L2[L0[], L0[]], Eib: L2[L0[], L0[]], Eii: L2[L0[], L0[]], put: L2[V2, V3] -> V0 -> V1 -> L2[V3, _9_], tr: L7[]
[16:07:43.104536]	Exploring 0: L0[], 1: L0[], Ebi: L2[L0[], L0[]], Eib: L2[L0[], L0[]], Eii: L2[L0[], L0[]], put: L2[V2, V3] -> V0 -> V1 -> L2[V3, L0[]], tr: L7[]
[16:07:43.107220]	Exploring 0: L0[], 1: L0[], Ebi: L2[L0[], L0[]], Eib: L2[L0[], L0[]], Eii: L2[L0[], L0[]], put: L2[V2, V3] -> V0 -> V1 -> L2[V3, L7[]], tr: L7[]
[16:07:43.110036]	Exploring 0: L0[], 1: L0[], Ebi: L2[L0[], L0[]], Eib: L2[L0[], L0[]], Eii: L2[L0[], L0[]], put: L2[V2, V3] -> V0 -> V1 -> L2[V3, V0], tr: L7[]
[16:07:43.112110]	Exploring 0: L0[], 1: L0[], Ebi: L2[L0[], L0[]], Eib: L2[L0[], L0[]], Eii: L2[L0[], L0[]], put: L2[V2, V3] -> V0 -> V1 -> L2[V3, V1], tr: L7[]
[16:07:43.113396]	Exploring 0: L0[], 1: L0[], Ebi: L2[L0[], L0[]], Eib: L2[L0[], L0[]], Eii: L2[L0[], L0[]], put: L2[V2, V3] -> V0 -> V1 -> L2[V3, V2], tr: L7[]
[16:07:43.114681]	Exploring 0: L0[], 1: L0[], Ebi: L2[L0[], L0[]], Eib: L2[L0[], L0[]], Eii: L2[L0[], L0[]], put: L2[V2, V3] -> V0 -> V1 -> L2[V3, V3], tr: L7[]
[16:07:43.115900]	Exploring 0: L0[], 1: L0[], Ebi: L2[L0[], L0[]], Eib: L2[L0[], L0[]], Eii: L2[L0[], L7[]], put: L2[_6_, _7_] -> V0 -> V1 -> L2[_8_, _9_], tr: L7[]
[16:07:43.116379]	Exploring 0: L0[], 1: L0[], Ebi: L2[L0[], L0[]], Eib: L2[L0[], L0[]], Eii: L2[L0[], L7[]], put: L2[L0[], _7_] -> V0 -> V1 -> L2[_8_, _9_], tr: L7[]
[16:07:43.117050]	Exploring 0: L0[], 1: L0[], Ebi: L2[L0[], L0[]], Eib: L2[L0[], L0[]], Eii: L2[L0[], L7[]], put: L2[L0[], V2] -> V0 -> V1 -> L2[_8_, _9_], tr: L7[]
[16:07:43.117651]	Exploring 0: L0[], 1: L0[], Ebi: L2[L0[], L0[]], Eib: L2[L0[], L0[]], Eii: L2[L0[], L7[]], put: L2[L0[], V2] -> V0 -> V1 -> L2[L0[], _9_], tr: L7[]
[16:07:43.118218]	Exploring 0: L0[], 1: L0[], Ebi: L2[L0[], L0[]], Eib: L2[L0[], L0[]], Eii: L2[L0[], L7[]], put: L2[L0[], V2] -> V0 -> V1 -> L2[L0[], L0[]], tr: L7[]
[16:07:43.119347]	Exploring 0: L0[], 1: L0[], Ebi: L2[L0[], L0[]], Eib: L2[L0[], L0[]], Eii: L2[L0[], L7[]], put: L2[L0[], V2] -> V0 -> V1 -> L2[L0[], L7[]], tr: L7[]
[16:07:43.120444]	Exploring 0: L0[], 1: L0[], Ebi: L2[L0[], L0[]], Eib: L2[L0[], L0[]], Eii: L2[L0[], L7[]], put: L2[L0[], V2] -> V0 -> V1 -> L2[L0[], V0], tr: L7[]
[16:07:43.121658]	Exploring 0: L0[], 1: L0[], Ebi: L2[L0[], L0[]], Eib: L2[L0[], L0[]], Eii: L2[L0[], L7[]], put: L2[L0[], V2] -> V0 -> V1 -> L2[L0[], V1], tr: L7[]
[16:07:43.122715]	Exploring 0: L0[], 1: L0[], Ebi: L2[L0[], L0[]], Eib: L2[L0[], L0[]], Eii: L2[L0[], L7[]], put: L2[L0[], V2] -> V0 -> V1 -> L2[L0[], V2], tr: L7[]
[16:07:43.124308]	Exploring 0: L0[], 1: L0[], Ebi: L2[L0[], L0[]], Eib: L2[L0[], L0[]], Eii: L2[L0[], L7[]], put: L2[V2, _7_] -> V0 -> V1 -> L2[_8_, _9_], tr: L7[]
[16:07:43.125237]	Exploring 0: L0[], 1: L0[], Ebi: L2[L0[], L0[]], Eib: L2[L0[], L0[]], Eii: L2[L0[], L7[]], put: L2[V2, V3] -> V0 -> V1 -> L2[_8_, _9_], tr: L7[]
[16:07:43.125767]	Exploring 0: L0[], 1: L0[], Ebi: L2[L0[], L0[]], Eib: L2[L0[], L0[]], Eii: L2[L0[], L7[]], put: L2[V2, V3] -> V0 -> V1 -> L2[L0[], _9_], tr: L7[]
[16:07:43.126286]	Exploring 0: L0[], 1: L0[], Ebi: L2[L0[], L0[]], Eib: L2[L0[], L0[]], Eii: L2[L0[], L7[]], put: L2[V2, V3] -> V0 -> V1 -> L2[L0[], L0[]], tr: L7[]
[16:07:43.127600]	Exploring 0: L0[], 1: L0[], Ebi: L2[L0[], L0[]], Eib: L2[L0[], L0[]], Eii: L2[L0[], L7[]], put: L2[V2, V3] -> V0 -> V1 -> L2[L0[], L7[]], tr: L7[]
[16:07:43.128786]	Exploring 0: L0[], 1: L0[], Ebi: L2[L0[], L0[]], Eib: L2[L0[], L0[]], Eii: L2[L0[], L7[]], put: L2[V2, V3] -> V0 -> V1 -> L2[L0[], V0], tr: L7[]
[16:07:43.130048]	Exploring 0: L0[], 1: L0[], Ebi: L2[L0[], L0[]], Eib: L2[L0[], L0[]], Eii: L2[L0[], L7[]], put: L2[V2, V3] -> V0 -> V1 -> L2[L0[], V1], tr: L7[]
[16:07:43.131726]	Exploring 0: L0[], 1: L0[], Ebi: L2[L0[], L0[]], Eib: L2[L0[], L0[]], Eii: L2[L0[], L7[]], put: L2[V2, V3] -> V0 -> V1 -> L2[L0[], V2], tr: L7[]
[16:07:43.134252]	Exploring 0: L0[], 1: L0[], Ebi: L2[L0[], L0[]], Eib: L2[L0[], L0[]], Eii: L2[L0[], L7[]], put: L2[V2, V3] -> V0 -> V1 -> L2[L0[], V3], tr: L7[]
[16:07:43.135395]	Exploring 0: L0[], 1: L0[], Ebi: L2[L0[], L0[]], Eib: L2[L0[], L0[]], Eii: L2[L0[], L7[]], put: L2[V2, V3] -> V0 -> V1 -> L2[L7[], _9_], tr: L7[]
[16:07:43.136127]	Exploring 0: L0[], 1: L0[], Ebi: L2[L0[], L0[]], Eib: L2[L0[], L0[]], Eii: L2[L0[], L7[]], put: L2[V2, V3] -> V0 -> V1 -> L2[L7[], L0[]], tr: L7[]
[16:07:43.137145]	Exploring 0: L0[], 1: L0[], Ebi: L2[L0[], L0[]], Eib: L2[L0[], L0[]], Eii: L2[L0[], L7[]], put: L2[V2, V3] -> V0 -> V1 -> L2[L7[], L7[]], tr: L7[]
[16:07:43.138258]	Exploring 0: L0[], 1: L0[], Ebi: L2[L0[], L0[]], Eib: L2[L0[], L0[]], Eii: L2[L0[], L7[]], put: L2[V2, V3] -> V0 -> V1 -> L2[L7[], V0], tr: L7[]
[16:07:43.139642]	Exploring 0: L0[], 1: L0[], Ebi: L2[L0[], L0[]], Eib: L2[L0[], L0[]], Eii: L2[L0[], L7[]], put: L2[V2, V3] -> V0 -> V1 -> L2[L7[], V1], tr: L7[]
[16:07:43.140911]	Exploring 0: L0[], 1: L0[], Ebi: L2[L0[], L0[]], Eib: L2[L0[], L0[]], Eii: L2[L0[], L7[]], put: L2[V2, V3] -> V0 -> V1 -> L2[L7[], V2], tr: L7[]
[16:07:43.141972]	Exploring 0: L0[], 1: L0[], Ebi: L2[L0[], L0[]], Eib: L2[L0[], L0[]], Eii: L2[L0[], L7[]], put: L2[V2, V3] -> V0 -> V1 -> L2[L7[], V3], tr: L7[]
[16:07:43.143071]	Exploring 0: L0[], 1: L0[], Ebi: L2[L0[], L0[]], Eib: L2[L0[], L0[]], Eii: L2[L0[], L7[]], put: L2[V2, V3] -> V0 -> V1 -> L2[V0, _9_], tr: L7[]
[16:07:43.143945]	Exploring 0: L0[], 1: L0[], Ebi: L2[L0[], L0[]], Eib: L2[L0[], L0[]], Eii: L2[L0[], L7[]], put: L2[V2, V3] -> V0 -> V1 -> L2[V0, L0[]], tr: L7[]
[16:07:43.145210]	Exploring 0: L0[], 1: L0[], Ebi: L2[L0[], L0[]], Eib: L2[L0[], L0[]], Eii: L2[L0[], L7[]], put: L2[V2, V3] -> V0 -> V1 -> L2[V0, L7[]], tr: L7[]
[16:07:43.146882]	Exploring 0: L0[], 1: L0[], Ebi: L2[L0[], L0[]], Eib: L2[L0[], L0[]], Eii: L2[L0[], L7[]], put: L2[V2, V3] -> V0 -> V1 -> L2[V0, V0], tr: L7[]
[16:07:43.149920]	Exploring 0: L0[], 1: L0[], Ebi: L2[L0[], L0[]], Eib: L2[L0[], L0[]], Eii: L2[L0[], L7[]], put: L2[V2, V3] -> V0 -> V1 -> L2[V0, V1], tr: L7[]
[16:07:43.151447]	Exploring 0: L0[], 1: L0[], Ebi: L2[L0[], L0[]], Eib: L2[L0[], L0[]], Eii: L2[L0[], L7[]], put: L2[V2, V3] -> V0 -> V1 -> L2[V0, V2], tr: L7[]
[16:07:43.152624]	Exploring 0: L0[], 1: L0[], Ebi: L2[L0[], L0[]], Eib: L2[L0[], L0[]], Eii: L2[L0[], L7[]], put: L2[V2, V3] -> V0 -> V1 -> L2[V0, V3], tr: L7[]
[16:07:43.153807]	Exploring 0: L0[], 1: L0[], Ebi: L2[L0[], L0[]], Eib: L2[L0[], L0[]], Eii: L2[L0[], L7[]], put: L2[V2, V3] -> V0 -> V1 -> L2[V1, _9_], tr: L7[]
[16:07:43.154607]	Exploring 0: L0[], 1: L0[], Ebi: L2[L0[], L0[]], Eib: L2[L0[], L0[]], Eii: L2[L0[], L7[]], put: L2[V2, V3] -> V0 -> V1 -> L2[V1, L0[]], tr: L7[]
[16:07:43.155990]	Exploring 0: L0[], 1: L0[], Ebi: L2[L0[], L0[]], Eib: L2[L0[], L0[]], Eii: L2[L0[], L7[]], put: L2[V2, V3] -> V0 -> V1 -> L2[V1, L7[]], tr: L7[]
[16:07:43.157182]	Exploring 0: L0[], 1: L0[], Ebi: L2[L0[], L0[]], Eib: L2[L0[], L0[]], Eii: L2[L0[], L7[]], put: L2[V2, V3] -> V0 -> V1 -> L2[V1, V0], tr: L7[]
[16:07:43.158362]	Exploring 0: L0[], 1: L0[], Ebi: L2[L0[], L0[]], Eib: L2[L0[], L0[]], Eii: L2[L0[], L7[]], put: L2[V2, V3] -> V0 -> V1 -> L2[V1, V1], tr: L7[]
[16:07:43.159628]	Exploring 0: L0[], 1: L0[], Ebi: L2[L0[], L0[]], Eib: L2[L0[], L0[]], Eii: L2[L0[], L7[]], put: L2[V2, V3] -> V0 -> V1 -> L2[V1, V2], tr: L7[]
[16:07:43.160824]	Exploring 0: L0[], 1: L0[], Ebi: L2[L0[], L0[]], Eib: L2[L0[], L0[]], Eii: L2[L0[], L7[]], put: L2[V2, V3] -> V0 -> V1 -> L2[V1, V3], tr: L7[]
[16:07:43.162020]	Exploring 0: L0[], 1: L0[], Ebi: L2[L0[], L0[]], Eib: L2[L0[], L0[]], Eii: L2[L0[], L7[]], put: L2[V2, V3] -> V0 -> V1 -> L2[V2, _9_], tr: L7[]
[16:07:43.162648]	Exploring 0: L0[], 1: L0[], Ebi: L2[L0[], L0[]], Eib: L2[L0[], L0[]], Eii: L2[L0[], L7[]], put: L2[V2, V3] -> V0 -> V1 -> L2[V2, L0[]], tr: L7[]
[16:07:43.163758]	Exploring 0: L0[], 1: L0[], Ebi: L2[L0[], L0[]], Eib: L2[L0[], L0[]], Eii: L2[L0[], L7[]], put: L2[V2, V3] -> V0 -> V1 -> L2[V2, L7[]], tr: L7[]
[16:07:43.164946]	Exploring 0: L0[], 1: L0[], Ebi: L2[L0[], L0[]], Eib: L2[L0[], L0[]], Eii: L2[L0[], L7[]], put: L2[V2, V3] -> V0 -> V1 -> L2[V2, V0], tr: L7[]
[16:07:43.166275]	Exploring 0: L0[], 1: L0[], Ebi: L2[L0[], L0[]], Eib: L2[L0[], L0[]], Eii: L2[L0[], L7[]], put: L2[V2, V3] -> V0 -> V1 -> L2[V2, V1], tr: L7[]
[16:07:43.167433]	Exploring 0: L0[], 1: L0[], Ebi: L2[L0[], L0[]], Eib: L2[L0[], L0[]], Eii: L2[L0[], L7[]], put: L2[V2, V3] -> V0 -> V1 -> L2[V2, V2], tr: L7[]
[16:07:43.168492]	Exploring 0: L0[], 1: L0[], Ebi: L2[L0[], L0[]], Eib: L2[L0[], L0[]], Eii: L2[L0[], L7[]], put: L2[V2, V3] -> V0 -> V1 -> L2[V2, V3], tr: L7[]
[16:07:43.169606]	Exploring 0: L0[], 1: L0[], Ebi: L2[L0[], L0[]], Eib: L2[L0[], L0[]], Eii: L2[L0[], L7[]], put: L2[V2, V3] -> V0 -> V1 -> L2[V3, _9_], tr: L7[]
[16:07:43.170238]	Exploring 0: L0[], 1: L0[], Ebi: L2[L0[], L0[]], Eib: L2[L0[], L0[]], Eii: L2[L0[], L7[]], put: L2[V2, V3] -> V0 -> V1 -> L2[V3, L0[]], tr: L7[]
[16:07:43.171457]	Exploring 0: L0[], 1: L0[], Ebi: L2[L0[], L0[]], Eib: L2[L0[], L0[]], Eii: L2[L0[], L7[]], put: L2[V2, V3] -> V0 -> V1 -> L2[V3, L7[]], tr: L7[]
[16:07:43.172640]	Exploring 0: L0[], 1: L0[], Ebi: L2[L0[], L0[]], Eib: L2[L0[], L0[]], Eii: L2[L0[], L7[]], put: L2[V2, V3] -> V0 -> V1 -> L2[V3, V0], tr: L7[]
[16:07:43.173816]	Exploring 0: L0[], 1: L0[], Ebi: L2[L0[], L0[]], Eib: L2[L0[], L0[]], Eii: L2[L0[], L7[]], put: L2[V2, V3] -> V0 -> V1 -> L2[V3, V1], tr: L7[]
[16:07:43.175096]	Exploring 0: L0[], 1: L0[], Ebi: L2[L0[], L0[]], Eib: L2[L0[], L0[]], Eii: L2[L0[], L7[]], put: L2[V2, V3] -> V0 -> V1 -> L2[V3, V2], tr: L7[]
[16:07:43.176236]	Exploring 0: L0[], 1: L0[], Ebi: L2[L0[], L0[]], Eib: L2[L0[], L0[]], Eii: L2[L0[], L7[]], put: L2[V2, V3] -> V0 -> V1 -> L2[V3, V3], tr: L7[]
[16:07:43.177124]	Exploring 0: L0[], 1: L0[], Ebi: L2[L0[], L0[]], Eib: L2[L0[], L0[]], Eii: L2[L7[], _5_], put: L2[_6_, _7_] -> V0 -> V1 -> L2[_8_, _9_], tr: L7[]
[16:07:43.177471]	Exploring 0: L0[], 1: L0[], Ebi: L2[L0[], L0[]], Eib: L2[L0[], L0[]], Eii: L2[L7[], L0[]], put: L2[_6_, _7_] -> V0 -> V1 -> L2[_8_, _9_], tr: L7[]
[16:07:43.178071]	Exploring 0: L0[], 1: L0[], Ebi: L2[L0[], L0[]], Eib: L2[L0[], L0[]], Eii: L2[L7[], L0[]], put: L2[V2, _7_] -> V0 -> V1 -> L2[_8_, _9_], tr: L7[]
[16:07:43.178638]	Exploring 0: L0[], 1: L0[], Ebi: L2[L0[], L0[]], Eib: L2[L0[], L0[]], Eii: L2[L7[], L0[]], put: L2[V2, L0[]] -> V0 -> V1 -> L2[_8_, _9_], tr: L7[]
[16:07:43.179174]	Exploring 0: L0[], 1: L0[], Ebi: L2[L0[], L0[]], Eib: L2[L0[], L0[]], Eii: L2[L7[], L0[]], put: L2[V2, L0[]] -> V0 -> V1 -> L2[L0[], _9_], tr: L7[]
[16:07:43.179741]	Exploring 0: L0[], 1: L0[], Ebi: L2[L0[], L0[]], Eib: L2[L0[], L0[]], Eii: L2[L7[], L0[]], put: L2[V2, L0[]] -> V0 -> V1 -> L2[L0[], L0[]], tr: L7[]
[16:07:43.181114]	Exploring 0: L0[], 1: L0[], Ebi: L2[L0[], L0[]], Eib: L2[L0[], L0[]], Eii: L2[L7[], L0[]], put: L2[V2, L0[]] -> V0 -> V1 -> L2[L7[], _9_], tr: L7[]
[16:07:43.181659]	Exploring 0: L0[], 1: L0[], Ebi: L2[L0[], L0[]], Eib: L2[L0[], L0[]], Eii: L2[L7[], L0[]], put: L2[V2, L0[]] -> V0 -> V1 -> L2[L7[], L0[]], tr: L7[]
[16:07:43.183231]	Exploring 0: L0[], 1: L0[], Ebi: L2[L0[], L0[]], Eib: L2[L0[], L0[]], Eii: L2[L7[], L0[]], put: L2[V2, L0[]] -> V0 -> V1 -> L2[V0, _9_], tr: L7[]
[16:07:43.183889]	Exploring 0: L0[], 1: L0[], Ebi: L2[L0[], L0[]], Eib: L2[L0[], L0[]], Eii: L2[L7[], L0[]], put: L2[V2, L0[]] -> V0 -> V1 -> L2[V0, L0[]], tr: L7[]
[16:07:43.185372]	Exploring 0: L0[], 1: L0[], Ebi: L2[L0[], L0[]], Eib: L2[L0[], L0[]], Eii: L2[L7[], L0[]], put: L2[V2, L0[]] -> V0 -> V1 -> L2[V1, _9_], tr: L7[]
[16:07:43.185958]	Exploring 0: L0[], 1: L0[], Ebi: L2[L0[], L0[]], Eib: L2[L0[], L0[]], Eii: L2[L7[], L0[]], put: L2[V2, L0[]] -> V0 -> V1 -> L2[V1, L0[]], tr: L7[]
[16:07:43.187444]	Exploring 0: L0[], 1: L0[], Ebi: L2[L0[], L0[]], Eib: L2[L0[], L0[]], Eii: L2[L7[], L0[]], put: L2[V2, L0[]] -> V0 -> V1 -> L2[V2, _9_], tr: L7[]
[16:07:43.187985]	Exploring 0: L0[], 1: L0[], Ebi: L2[L0[], L0[]], Eib: L2[L0[], L0[]], Eii: L2[L7[], L0[]], put: L2[V2, L0[]] -> V0 -> V1 -> L2[V2, L0[]], tr: L7[]
[16:07:43.189860]	Exploring 0: L0[], 1: L0[], Ebi: L2[L0[], L0[]], Eib: L2[L0[], L0[]], Eii: L2[L7[], L0[]], put: L2[V2, V3] -> V0 -> V1 -> L2[_8_, _9_], tr: L7[]
[16:07:43.190455]	Exploring 0: L0[], 1: L0[], Ebi: L2[L0[], L0[]], Eib: L2[L0[], L0[]], Eii: L2[L7[], L0[]], put: L2[V2, V3] -> V0 -> V1 -> L2[L0[], _9_], tr: L7[]
[16:07:43.191012]	Exploring 0: L0[], 1: L0[], Ebi: L2[L0[], L0[]], Eib: L2[L0[], L0[]], Eii: L2[L7[], L0[]], put: L2[V2, V3] -> V0 -> V1 -> L2[L0[], L0[]], tr: L7[]
[16:07:43.192054]	Exploring 0: L0[], 1: L0[], Ebi: L2[L0[], L0[]], Eib: L2[L0[], L0[]], Eii: L2[L7[], L0[]], put: L2[V2, V3] -> V0 -> V1 -> L2[L0[], L7[]], tr: L7[]
[16:07:43.193148]	Exploring 0: L0[], 1: L0[], Ebi: L2[L0[], L0[]], Eib: L2[L0[], L0[]], Eii: L2[L7[], L0[]], put: L2[V2, V3] -> V0 -> V1 -> L2[L0[], V0], tr: L7[]
[16:07:43.194891]	Exploring 0: L0[], 1: L0[], Ebi: L2[L0[], L0[]], Eib: L2[L0[], L0[]], Eii: L2[L7[], L0[]], put: L2[V2, V3] -> V0 -> V1 -> L2[L0[], V1], tr: L7[]
[16:07:43.196524]	Exploring 0: L0[], 1: L0[], Ebi: L2[L0[], L0[]], Eib: L2[L0[], L0[]], Eii: L2[L7[], L0[]], put: L2[V2, V3] -> V0 -> V1 -> L2[L0[], V2], tr: L7[]
[16:07:43.197811]	Exploring 0: L0[], 1: L0[], Ebi: L2[L0[], L0[]], Eib: L2[L0[], L0[]], Eii: L2[L7[], L0[]], put: L2[V2, V3] -> V0 -> V1 -> L2[L0[], V3], tr: L7[]
[16:07:43.199080]	Exploring 0: L0[], 1: L0[], Ebi: L2[L0[], L0[]], Eib: L2[L0[], L0[]], Eii: L2[L7[], L0[]], put: L2[V2, V3] -> V0 -> V1 -> L2[L7[], _9_], tr: L7[]
[16:07:43.199916]	Exploring 0: L0[], 1: L0[], Ebi: L2[L0[], L0[]], Eib: L2[L0[], L0[]], Eii: L2[L7[], L0[]], put: L2[V2, V3] -> V0 -> V1 -> L2[L7[], L0[]], tr: L7[]
[16:07:43.201535]	Exploring 0: L0[], 1: L0[], Ebi: L2[L0[], L0[]], Eib: L2[L0[], L0[]], Eii: L2[L7[], L0[]], put: L2[V2, V3] -> V0 -> V1 -> L2[L7[], L7[]], tr: L7[]
[16:07:43.203924]	Exploring 0: L0[], 1: L0[], Ebi: L2[L0[], L0[]], Eib: L2[L0[], L0[]], Eii: L2[L7[], L0[]], put: L2[V2, V3] -> V0 -> V1 -> L2[L7[], V0], tr: L7[]
[16:07:43.206080]	Exploring 0: L0[], 1: L0[], Ebi: L2[L0[], L0[]], Eib: L2[L0[], L0[]], Eii: L2[L7[], L0[]], put: L2[V2, V3] -> V0 -> V1 -> L2[L7[], V1], tr: L7[]
[16:07:43.207619]	Exploring 0: L0[], 1: L0[], Ebi: L2[L0[], L0[]], Eib: L2[L0[], L0[]], Eii: L2[L7[], L0[]], put: L2[V2, V3] -> V0 -> V1 -> L2[L7[], V2], tr: L7[]
[16:07:43.209277]	Exploring 0: L0[], 1: L0[], Ebi: L2[L0[], L0[]], Eib: L2[L0[], L0[]], Eii: L2[L7[], L0[]], put: L2[V2, V3] -> V0 -> V1 -> L2[L7[], V3], tr: L7[]
[16:07:43.211224]	Exploring 0: L0[], 1: L0[], Ebi: L2[L0[], L0[]], Eib: L2[L0[], L0[]], Eii: L2[L7[], L0[]], put: L2[V2, V3] -> V0 -> V1 -> L2[V0, _9_], tr: L7[]
[16:07:43.212696]	Exploring 0: L0[], 1: L0[], Ebi: L2[L0[], L0[]], Eib: L2[L0[], L0[]], Eii: L2[L7[], L0[]], put: L2[V2, V3] -> V0 -> V1 -> L2[V0, L0[]], tr: L7[]
[16:07:43.216795]	Exploring 0: L0[], 1: L0[], Ebi: L2[L0[], L0[]], Eib: L2[L0[], L0[]], Eii: L2[L7[], L0[]], put: L2[V2, V3] -> V0 -> V1 -> L2[V0, L7[]], tr: L7[]
[16:07:43.220314]	Exploring 0: L0[], 1: L0[], Ebi: L2[L0[], L0[]], Eib: L2[L0[], L0[]], Eii: L2[L7[], L0[]], put: L2[V2, V3] -> V0 -> V1 -> L2[V0, V0], tr: L7[]
[16:07:43.222650]	Exploring 0: L0[], 1: L0[], Ebi: L2[L0[], L0[]], Eib: L2[L0[], L0[]], Eii: L2[L7[], L0[]], put: L2[V2, V3] -> V0 -> V1 -> L2[V0, V1], tr: L7[]
[16:07:43.224288]	Exploring 0: L0[], 1: L0[], Ebi: L2[L0[], L0[]], Eib: L2[L0[], L0[]], Eii: L2[L7[], L0[]], put: L2[V2, V3] -> V0 -> V1 -> L2[V0, V2], tr: L7[]
[16:07:43.225873]	Exploring 0: L0[], 1: L0[], Ebi: L2[L0[], L0[]], Eib: L2[L0[], L0[]], Eii: L2[L7[], L0[]], put: L2[V2, V3] -> V0 -> V1 -> L2[V0, V3], tr: L7[]
[16:07:43.227518]	Exploring 0: L0[], 1: L0[], Ebi: L2[L0[], L0[]], Eib: L2[L0[], L0[]], Eii: L2[L7[], L0[]], put: L2[V2, V3] -> V0 -> V1 -> L2[V1, _9_], tr: L7[]
[16:07:43.229080]	Exploring 0: L0[], 1: L0[], Ebi: L2[L0[], L0[]], Eib: L2[L0[], L0[]], Eii: L2[L7[], L0[]], put: L2[V2, V3] -> V0 -> V1 -> L2[V1, L0[]], tr: L7[]
[16:07:43.232019]	Exploring 0: L0[], 1: L0[], Ebi: L2[L0[], L0[]], Eib: L2[L0[], L0[]], Eii: L2[L7[], L0[]], put: L2[V2, V3] -> V0 -> V1 -> L2[V1, L7[]], tr: L7[]
[16:07:43.233568]	Exploring 0: L0[], 1: L0[], Ebi: L2[L0[], L0[]], Eib: L2[L0[], L0[]], Eii: L2[L7[], L0[]], put: L2[V2, V3] -> V0 -> V1 -> L2[V1, V0], tr: L7[]
[16:07:43.234985]	Exploring 0: L0[], 1: L0[], Ebi: L2[L0[], L0[]], Eib: L2[L0[], L0[]], Eii: L2[L7[], L0[]], put: L2[V2, V3] -> V0 -> V1 -> L2[V1, V1], tr: L7[]
[16:07:43.236423]	Exploring 0: L0[], 1: L0[], Ebi: L2[L0[], L0[]], Eib: L2[L0[], L0[]], Eii: L2[L7[], L0[]], put: L2[V2, V3] -> V0 -> V1 -> L2[V1, V2], tr: L7[]
[16:07:43.237831]	Exploring 0: L0[], 1: L0[], Ebi: L2[L0[], L0[]], Eib: L2[L0[], L0[]], Eii: L2[L7[], L0[]], put: L2[V2, V3] -> V0 -> V1 -> L2[V1, V3], tr: L7[]
[16:07:43.239120]	Exploring 0: L0[], 1: L0[], Ebi: L2[L0[], L0[]], Eib: L2[L0[], L0[]], Eii: L2[L7[], L0[]], put: L2[V2, V3] -> V0 -> V1 -> L2[V2, _9_], tr: L7[]
[16:07:43.239836]	Exploring 0: L0[], 1: L0[], Ebi: L2[L0[], L0[]], Eib: L2[L0[], L0[]], Eii: L2[L7[], L0[]], put: L2[V2, V3] -> V0 -> V1 -> L2[V2, L0[]], tr: L7[]
[16:07:43.241054]	Exploring 0: L0[], 1: L0[], Ebi: L2[L0[], L0[]], Eib: L2[L0[], L0[]], Eii: L2[L7[], L0[]], put: L2[V2, V3] -> V0 -> V1 -> L2[V2, L7[]], tr: L7[]
[16:07:43.242310]	Exploring 0: L0[], 1: L0[], Ebi: L2[L0[], L0[]], Eib: L2[L0[], L0[]], Eii: L2[L7[], L0[]], put: L2[V2, V3] -> V0 -> V1 -> L2[V2, V0], tr: L7[]
[16:07:43.243624]	Exploring 0: L0[], 1: L0[], Ebi: L2[L0[], L0[]], Eib: L2[L0[], L0[]], Eii: L2[L7[], L0[]], put: L2[V2, V3] -> V0 -> V1 -> L2[V2, V1], tr: L7[]
[16:07:43.245202]	Exploring 0: L0[], 1: L0[], Ebi: L2[L0[], L0[]], Eib: L2[L0[], L0[]], Eii: L2[L7[], L0[]], put: L2[V2, V3] -> V0 -> V1 -> L2[V2, V2], tr: L7[]
[16:07:43.247908]	Exploring 0: L0[], 1: L0[], Ebi: L2[L0[], L0[]], Eib: L2[L0[], L0[]], Eii: L2[L7[], L0[]], put: L2[V2, V3] -> V0 -> V1 -> L2[V2, V3], tr: L7[]
[16:07:43.249191]	Exploring 0: L0[], 1: L0[], Ebi: L2[L0[], L0[]], Eib: L2[L0[], L0[]], Eii: L2[L7[], L0[]], put: L2[V2, V3] -> V0 -> V1 -> L2[V3, _9_], tr: L7[]
[16:07:43.249850]	Exploring 0: L0[], 1: L0[], Ebi: L2[L0[], L0[]], Eib: L2[L0[], L0[]], Eii: L2[L7[], L0[]], put: L2[V2, V3] -> V0 -> V1 -> L2[V3, L0[]], tr: L7[]
[16:07:43.251093]	Exploring 0: L0[], 1: L0[], Ebi: L2[L0[], L0[]], Eib: L2[L0[], L0[]], Eii: L2[L7[], L0[]], put: L2[V2, V3] -> V0 -> V1 -> L2[V3, L7[]], tr: L7[]
[16:07:43.252372]	Exploring 0: L0[], 1: L0[], Ebi: L2[L0[], L0[]], Eib: L2[L0[], L0[]], Eii: L2[L7[], L0[]], put: L2[V2, V3] -> V0 -> V1 -> L2[V3, V0], tr: L7[]
[16:07:43.253667]	Exploring 0: L0[], 1: L0[], Ebi: L2[L0[], L0[]], Eib: L2[L0[], L0[]], Eii: L2[L7[], L0[]], put: L2[V2, V3] -> V0 -> V1 -> L2[V3, V1], tr: L7[]
[16:07:43.254886]	Exploring 0: L0[], 1: L0[], Ebi: L2[L0[], L0[]], Eib: L2[L0[], L0[]], Eii: L2[L7[], L0[]], put: L2[V2, V3] -> V0 -> V1 -> L2[V3, V2], tr: L7[]
[16:07:43.256076]	Exploring 0: L0[], 1: L0[], Ebi: L2[L0[], L0[]], Eib: L2[L0[], L0[]], Eii: L2[L7[], L0[]], put: L2[V2, V3] -> V0 -> V1 -> L2[V3, V3], tr: L7[]
[16:07:43.257024]	Exploring 0: L0[], 1: L0[], Ebi: L2[L0[], L0[]], Eib: L2[L0[], L0[]], Eii: L2[L7[], L7[]], put: L2[_6_, _7_] -> V0 -> V1 -> L2[_8_, _9_], tr: L7[]
[16:07:43.257669]	Exploring 0: L0[], 1: L0[], Ebi: L2[L0[], L0[]], Eib: L2[L0[], L0[]], Eii: L2[L7[], L7[]], put: L2[V2, _7_] -> V0 -> V1 -> L2[_8_, _9_], tr: L7[]
[16:07:43.258333]	Exploring 0: L0[], 1: L0[], Ebi: L2[L0[], L0[]], Eib: L2[L0[], L0[]], Eii: L2[L7[], L7[]], put: L2[V2, V2] -> V0 -> V1 -> L2[_8_, _9_], tr: L7[]
[16:07:43.258810]	Exploring 0: L0[], 1: L0[], Ebi: L2[L0[], L0[]], Eib: L2[L0[], L0[]], Eii: L2[L7[], L7[]], put: L2[V2, V2] -> V0 -> V1 -> L2[L0[], _9_], tr: L7[]
[16:07:43.259303]	Exploring 0: L0[], 1: L0[], Ebi: L2[L0[], L0[]], Eib: L2[L0[], L0[]], Eii: L2[L7[], L7[]], put: L2[V2, V2] -> V0 -> V1 -> L2[L0[], L0[]], tr: L7[]
[16:07:43.261131]	Exploring 0: L0[], 1: L0[], Ebi: L2[L0[], L0[]], Eib: L2[L0[], L0[]], Eii: L2[L7[], L7[]], put: L2[V2, V2] -> V0 -> V1 -> L2[L7[], _9_], tr: L7[]
[16:07:43.261999]	Exploring 0: L0[], 1: L0[], Ebi: L2[L0[], L0[]], Eib: L2[L0[], L0[]], Eii: L2[L7[], L7[]], put: L2[V2, V2] -> V0 -> V1 -> L2[L7[], L7[]], tr: L7[]
[16:07:43.263802]	Exploring 0: L0[], 1: L0[], Ebi: L2[L0[], L0[]], Eib: L2[L0[], L0[]], Eii: L2[L7[], L7[]], put: L2[V2, V2] -> V0 -> V1 -> L2[V0, _9_], tr: L7[]
[16:07:43.264406]	Exploring 0: L0[], 1: L0[], Ebi: L2[L0[], L0[]], Eib: L2[L0[], L0[]], Eii: L2[L7[], L7[]], put: L2[V2, V2] -> V0 -> V1 -> L2[V0, V0], tr: L7[]
[16:07:43.265650]	Exploring 0: L0[], 1: L0[], Ebi: L2[L0[], L0[]], Eib: L2[L0[], L0[]], Eii: L2[L7[], L7[]], put: L2[V2, V2] -> V0 -> V1 -> L2[V1, _9_], tr: L7[]
[16:07:43.266287]	Exploring 0: L0[], 1: L0[], Ebi: L2[L0[], L0[]], Eib: L2[L0[], L0[]], Eii: L2[L7[], L7[]], put: L2[V2, V2] -> V0 -> V1 -> L2[V1, V1], tr: L7[]
[16:07:43.267372]	Exploring 0: L0[], 1: L0[], Ebi: L2[L0[], L0[]], Eib: L2[L0[], L0[]], Eii: L2[L7[], L7[]], put: L2[V2, V2] -> V0 -> V1 -> L2[V2, _9_], tr: L7[]
[16:07:43.268095]	Exploring 0: L0[], 1: L0[], Ebi: L2[L0[], L0[]], Eib: L2[L0[], L0[]], Eii: L2[L7[], L7[]], put: L2[V2, V2] -> V0 -> V1 -> L2[V2, V2], tr: L7[]
[16:07:43.269084]	Exploring 0: L0[], 1: L0[], Ebi: L2[L0[], L0[]], Eib: L2[L0[], L0[]], Eii: L2[L7[], L7[]], put: L2[V2, V3] -> V0 -> V1 -> L2[_8_, _9_], tr: L7[]
[16:07:43.269626]	Exploring 0: L0[], 1: L0[], Ebi: L2[L0[], L0[]], Eib: L2[L0[], L0[]], Eii: L2[L7[], L7[]], put: L2[V2, V3] -> V0 -> V1 -> L2[L0[], _9_], tr: L7[]
[16:07:43.270253]	Exploring 0: L0[], 1: L0[], Ebi: L2[L0[], L0[]], Eib: L2[L0[], L0[]], Eii: L2[L7[], L7[]], put: L2[V2, V3] -> V0 -> V1 -> L2[L0[], L0[]], tr: L7[]
[16:07:43.271475]	Exploring 0: L0[], 1: L0[], Ebi: L2[L0[], L0[]], Eib: L2[L0[], L0[]], Eii: L2[L7[], L7[]], put: L2[V2, V3] -> V0 -> V1 -> L2[L0[], L7[]], tr: L7[]
[16:07:43.272712]	Exploring 0: L0[], 1: L0[], Ebi: L2[L0[], L0[]], Eib: L2[L0[], L0[]], Eii: L2[L7[], L7[]], put: L2[V2, V3] -> V0 -> V1 -> L2[L0[], V0], tr: L7[]
[16:07:43.274896]	Exploring 0: L0[], 1: L0[], Ebi: L2[L0[], L0[]], Eib: L2[L0[], L0[]], Eii: L2[L7[], L7[]], put: L2[V2, V3] -> V0 -> V1 -> L2[L0[], V1], tr: L7[]
[16:07:43.276385]	Exploring 0: L0[], 1: L0[], Ebi: L2[L0[], L0[]], Eib: L2[L0[], L0[]], Eii: L2[L7[], L7[]], put: L2[V2, V3] -> V0 -> V1 -> L2[L0[], V2], tr: L7[]
[16:07:43.277526]	Exploring 0: L0[], 1: L0[], Ebi: L2[L0[], L0[]], Eib: L2[L0[], L0[]], Eii: L2[L7[], L7[]], put: L2[V2, V3] -> V0 -> V1 -> L2[L0[], V3], tr: L7[]
[16:07:43.278634]	Exploring 0: L0[], 1: L0[], Ebi: L2[L0[], L0[]], Eib: L2[L0[], L0[]], Eii: L2[L7[], L7[]], put: L2[V2, V3] -> V0 -> V1 -> L2[L7[], _9_], tr: L7[]
[16:07:43.279171]	Exploring 0: L0[], 1: L0[], Ebi: L2[L0[], L0[]], Eib: L2[L0[], L0[]], Eii: L2[L7[], L7[]], put: L2[V2, V3] -> V0 -> V1 -> L2[L7[], L0[]], tr: L7[]
[16:07:43.280261]	Exploring 0: L0[], 1: L0[], Ebi: L2[L0[], L0[]], Eib: L2[L0[], L0[]], Eii: L2[L7[], L7[]], put: L2[V2, V3] -> V0 -> V1 -> L2[L7[], L7[]], tr: L7[]
[16:07:43.281395]	Exploring 0: L0[], 1: L0[], Ebi: L2[L0[], L0[]], Eib: L2[L0[], L0[]], Eii: L2[L7[], L7[]], put: L2[V2, V3] -> V0 -> V1 -> L2[L7[], V0], tr: L7[]
[16:07:43.282636]	Exploring 0: L0[], 1: L0[], Ebi: L2[L0[], L0[]], Eib: L2[L0[], L0[]], Eii: L2[L7[], L7[]], put: L2[V2, V3] -> V0 -> V1 -> L2[L7[], V1], tr: L7[]
[16:07:43.283837]	Exploring 0: L0[], 1: L0[], Ebi: L2[L0[], L0[]], Eib: L2[L0[], L0[]], Eii: L2[L7[], L7[]], put: L2[V2, V3] -> V0 -> V1 -> L2[L7[], V2], tr: L7[]
[16:07:43.284929]	Exploring 0: L0[], 1: L0[], Ebi: L2[L0[], L0[]], Eib: L2[L0[], L0[]], Eii: L2[L7[], L7[]], put: L2[V2, V3] -> V0 -> V1 -> L2[L7[], V3], tr: L7[]
[16:07:43.286050]	Exploring 0: L0[], 1: L0[], Ebi: L2[L0[], L0[]], Eib: L2[L0[], L0[]], Eii: L2[L7[], L7[]], put: L2[V2, V3] -> V0 -> V1 -> L2[V0, _9_], tr: L7[]
[16:07:43.286682]	Exploring 0: L0[], 1: L0[], Ebi: L2[L0[], L0[]], Eib: L2[L0[], L0[]], Eii: L2[L7[], L7[]], put: L2[V2, V3] -> V0 -> V1 -> L2[V0, L0[]], tr: L7[]
[16:07:43.287835]	Exploring 0: L0[], 1: L0[], Ebi: L2[L0[], L0[]], Eib: L2[L0[], L0[]], Eii: L2[L7[], L7[]], put: L2[V2, V3] -> V0 -> V1 -> L2[V0, L7[]], tr: L7[]
[16:07:43.288932]	Exploring 0: L0[], 1: L0[], Ebi: L2[L0[], L0[]], Eib: L2[L0[], L0[]], Eii: L2[L7[], L7[]], put: L2[V2, V3] -> V0 -> V1 -> L2[V0, V0], tr: L7[]
[16:07:43.290052]	Exploring 0: L0[], 1: L0[], Ebi: L2[L0[], L0[]], Eib: L2[L0[], L0[]], Eii: L2[L7[], L7[]], put: L2[V2, V3] -> V0 -> V1 -> L2[V0, V1], tr: L7[]
[16:07:43.291173]	Exploring 0: L0[], 1: L0[], Ebi: L2[L0[], L0[]], Eib: L2[L0[], L0[]], Eii: L2[L7[], L7[]], put: L2[V2, V3] -> V0 -> V1 -> L2[V0, V2], tr: L7[]
[16:07:43.292304]	Exploring 0: L0[], 1: L0[], Ebi: L2[L0[], L0[]], Eib: L2[L0[], L0[]], Eii: L2[L7[], L7[]], put: L2[V2, V3] -> V0 -> V1 -> L2[V0, V3], tr: L7[]
[16:07:43.294327]	Exploring 0: L0[], 1: L0[], Ebi: L2[L0[], L0[]], Eib: L2[L0[], L0[]], Eii: L2[L7[], L7[]], put: L2[V2, V3] -> V0 -> V1 -> L2[V1, _9_], tr: L7[]
[16:07:43.295525]	Exploring 0: L0[], 1: L0[], Ebi: L2[L0[], L0[]], Eib: L2[L0[], L0[]], Eii: L2[L7[], L7[]], put: L2[V2, V3] -> V0 -> V1 -> L2[V1, L0[]], tr: L7[]
[16:07:43.296945]	Exploring 0: L0[], 1: L0[], Ebi: L2[L0[], L0[]], Eib: L2[L0[], L0[]], Eii: L2[L7[], L7[]], put: L2[V2, V3] -> V0 -> V1 -> L2[V1, L7[]], tr: L7[]
[16:07:43.299244]	Exploring 0: L0[], 1: L0[], Ebi: L2[L0[], L0[]], Eib: L2[L0[], L0[]], Eii: L2[L7[], L7[]], put: L2[V2, V3] -> V0 -> V1 -> L2[V1, V0], tr: L7[]
[16:07:43.301358]	Exploring 0: L0[], 1: L0[], Ebi: L2[L0[], L0[]], Eib: L2[L0[], L0[]], Eii: L2[L7[], L7[]], put: L2[V2, V3] -> V0 -> V1 -> L2[V1, V1], tr: L7[]
[16:07:43.303667]	Exploring 0: L0[], 1: L0[], Ebi: L2[L0[], L0[]], Eib: L2[L0[], L0[]], Eii: L2[L7[], L7[]], put: L2[V2, V3] -> V0 -> V1 -> L2[V1, V2], tr: L7[]
[16:07:43.306233]	Exploring 0: L0[], 1: L0[], Ebi: L2[L0[], L0[]], Eib: L2[L0[], L0[]], Eii: L2[L7[], L7[]], put: L2[V2, V3] -> V0 -> V1 -> L2[V1, V3], tr: L7[]
[16:07:43.308833]	Exploring 0: L0[], 1: L0[], Ebi: L2[L0[], L0[]], Eib: L2[L0[], L0[]], Eii: L2[L7[], L7[]], put: L2[V2, V3] -> V0 -> V1 -> L2[V2, _9_], tr: L7[]
[16:07:43.310171]	Exploring 0: L0[], 1: L0[], Ebi: L2[L0[], L0[]], Eib: L2[L0[], L0[]], Eii: L2[L7[], L7[]], put: L2[V2, V3] -> V0 -> V1 -> L2[V2, L0[]], tr: L7[]
[16:07:43.312070]	Exploring 0: L0[], 1: L0[], Ebi: L2[L0[], L0[]], Eib: L2[L0[], L0[]], Eii: L2[L7[], L7[]], put: L2[V2, V3] -> V0 -> V1 -> L2[V2, L7[]], tr: L7[]
[16:07:43.313474]	Exploring 0: L0[], 1: L0[], Ebi: L2[L0[], L0[]], Eib: L2[L0[], L0[]], Eii: L2[L7[], L7[]], put: L2[V2, V3] -> V0 -> V1 -> L2[V2, V0], tr: L7[]
[16:07:43.314928]	Exploring 0: L0[], 1: L0[], Ebi: L2[L0[], L0[]], Eib: L2[L0[], L0[]], Eii: L2[L7[], L7[]], put: L2[V2, V3] -> V0 -> V1 -> L2[V2, V1], tr: L7[]
[16:07:43.316313]	Exploring 0: L0[], 1: L0[], Ebi: L2[L0[], L0[]], Eib: L2[L0[], L0[]], Eii: L2[L7[], L7[]], put: L2[V2, V3] -> V0 -> V1 -> L2[V2, V2], tr: L7[]
[16:07:43.317545]	Exploring 0: L0[], 1: L0[], Ebi: L2[L0[], L0[]], Eib: L2[L0[], L0[]], Eii: L2[L7[], L7[]], put: L2[V2, V3] -> V0 -> V1 -> L2[V2, V3], tr: L7[]
[16:07:43.318801]	Exploring 0: L0[], 1: L0[], Ebi: L2[L0[], L0[]], Eib: L2[L0[], L0[]], Eii: L2[L7[], L7[]], put: L2[V2, V3] -> V0 -> V1 -> L2[V3, _9_], tr: L7[]
[16:07:43.319454]	Exploring 0: L0[], 1: L0[], Ebi: L2[L0[], L0[]], Eib: L2[L0[], L0[]], Eii: L2[L7[], L7[]], put: L2[V2, V3] -> V0 -> V1 -> L2[V3, L0[]], tr: L7[]
[16:07:43.320772]	Exploring 0: L0[], 1: L0[], Ebi: L2[L0[], L0[]], Eib: L2[L0[], L0[]], Eii: L2[L7[], L7[]], put: L2[V2, V3] -> V0 -> V1 -> L2[V3, L7[]], tr: L7[]
[16:07:43.322044]	Exploring 0: L0[], 1: L0[], Ebi: L2[L0[], L0[]], Eib: L2[L0[], L0[]], Eii: L2[L7[], L7[]], put: L2[V2, V3] -> V0 -> V1 -> L2[V3, V0], tr: L7[]
[16:07:43.323253]	Exploring 0: L0[], 1: L0[], Ebi: L2[L0[], L0[]], Eib: L2[L0[], L0[]], Eii: L2[L7[], L7[]], put: L2[V2, V3] -> V0 -> V1 -> L2[V3, V1], tr: L7[]
[16:07:43.324429]	Exploring 0: L0[], 1: L0[], Ebi: L2[L0[], L0[]], Eib: L2[L0[], L0[]], Eii: L2[L7[], L7[]], put: L2[V2, V3] -> V0 -> V1 -> L2[V3, V2], tr: L7[]
[16:07:43.325475]	Exploring 0: L0[], 1: L0[], Ebi: L2[L0[], L0[]], Eib: L2[L0[], L0[]], Eii: L2[L7[], L7[]], put: L2[V2, V3] -> V0 -> V1 -> L2[V3, V3], tr: L7[]
[16:07:43.326368]	Exploring 0: L0[], 1: L0[], Ebi: L2[L0[], L0[]], Eib: L2[L0[], L7[]], Eii: L2[_4_, _5_], put: L2[_6_, _7_] -> V0 -> V1 -> L2[_8_, _9_], tr: L7[]
[16:07:43.326689]	Exploring 0: L0[], 1: L0[], Ebi: L2[L0[], L0[]], Eib: L2[L0[], L7[]], Eii: L2[L0[], _5_], put: L2[_6_, _7_] -> V0 -> V1 -> L2[_8_, _9_], tr: L7[]
[16:07:43.327075]	Exploring 0: L0[], 1: L0[], Ebi: L2[L0[], L0[]], Eib: L2[L0[], L7[]], Eii: L2[L0[], L0[]], put: L2[_6_, _7_] -> V0 -> V1 -> L2[_8_, _9_], tr: L7[]
[16:07:43.327679]	Exploring 0: L0[], 1: L0[], Ebi: L2[L0[], L0[]], Eib: L2[L0[], L7[]], Eii: L2[L0[], L0[]], put: L2[L0[], _7_] -> V0 -> V1 -> L2[_8_, _9_], tr: L7[]
[16:07:43.328230]	Exploring 0: L0[], 1: L0[], Ebi: L2[L0[], L0[]], Eib: L2[L0[], L7[]], Eii: L2[L0[], L0[]], put: L2[L0[], V1] -> V0 -> V1 -> L2[_8_, _9_], tr: L7[]
[16:07:43.328704]	Exploring 0: L0[], 1: L0[], Ebi: L2[L0[], L0[]], Eib: L2[L0[], L7[]], Eii: L2[L0[], L0[]], put: L2[L0[], V1] -> V0 -> V1 -> L2[L0[], _9_], tr: L7[]
[16:07:43.329222]	Exploring 0: L0[], 1: L0[], Ebi: L2[L0[], L0[]], Eib: L2[L0[], L7[]], Eii: L2[L0[], L0[]], put: L2[L0[], V1] -> V0 -> V1 -> L2[L0[], V1], tr: L7[]
[16:07:43.330268]	Exploring 0: L0[], 1: L0[], Ebi: L2[L0[], L0[]], Eib: L2[L0[], L7[]], Eii: L2[L0[], L0[]], put: L2[L0[], V2] -> V0 -> V1 -> L2[_8_, _9_], tr: L7[]
[16:07:43.330811]	Exploring 0: L0[], 1: L0[], Ebi: L2[L0[], L0[]], Eib: L2[L0[], L7[]], Eii: L2[L0[], L0[]], put: L2[L0[], V2] -> V0 -> V1 -> L2[L0[], _9_], tr: L7[]
[16:07:43.331282]	Exploring 0: L0[], 1: L0[], Ebi: L2[L0[], L0[]], Eib: L2[L0[], L7[]], Eii: L2[L0[], L0[]], put: L2[L0[], V2] -> V0 -> V1 -> L2[L0[], L0[]], tr: L7[]
[16:07:43.332200]	Exploring 0: L0[], 1: L0[], Ebi: L2[L0[], L0[]], Eib: L2[L0[], L7[]], Eii: L2[L0[], L0[]], put: L2[L0[], V2] -> V0 -> V1 -> L2[L0[], L7[]], tr: L7[]
[16:07:43.333277]	Exploring 0: L0[], 1: L0[], Ebi: L2[L0[], L0[]], Eib: L2[L0[], L7[]], Eii: L2[L0[], L0[]], put: L2[L0[], V2] -> V0 -> V1 -> L2[L0[], V0], tr: L7[]
[16:07:43.334402]	Exploring 0: L0[], 1: L0[], Ebi: L2[L0[], L0[]], Eib: L2[L0[], L7[]], Eii: L2[L0[], L0[]], put: L2[L0[], V2] -> V0 -> V1 -> L2[L0[], V1], tr: L7[]
[16:07:43.335588]	Exploring 0: L0[], 1: L0[], Ebi: L2[L0[], L0[]], Eib: L2[L0[], L7[]], Eii: L2[L0[], L0[]], put: L2[L0[], V2] -> V0 -> V1 -> L2[L0[], V2], tr: L7[]
[16:07:43.336939]	Exploring 0: L0[], 1: L0[], Ebi: L2[L0[], L0[]], Eib: L2[L0[], L7[]], Eii: L2[L0[], L0[]], put: L2[V2, _7_] -> V0 -> V1 -> L2[_8_, _9_], tr: L7[]
[16:07:43.337603]	Exploring 0: L0[], 1: L0[], Ebi: L2[L0[], L0[]], Eib: L2[L0[], L7[]], Eii: L2[L0[], L0[]], put: L2[V2, V1] -> V0 -> V1 -> L2[_8_, _9_], tr: L7[]
[16:07:43.338244]	Exploring 0: L0[], 1: L0[], Ebi: L2[L0[], L0[]], Eib: L2[L0[], L7[]], Eii: L2[L0[], L0[]], put: L2[V2, V1] -> V0 -> V1 -> L2[L0[], _9_], tr: L7[]
[16:07:43.339257]	Exploring 0: L0[], 1: L0[], Ebi: L2[L0[], L0[]], Eib: L2[L0[], L7[]], Eii: L2[L0[], L0[]], put: L2[V2, V1] -> V0 -> V1 -> L2[L0[], V1], tr: L7[]
[16:07:43.340909]	Exploring 0: L0[], 1: L0[], Ebi: L2[L0[], L0[]], Eib: L2[L0[], L7[]], Eii: L2[L0[], L0[]], put: L2[V2, V1] -> V0 -> V1 -> L2[L7[], _9_], tr: L7[]
[16:07:43.341824]	Exploring 0: L0[], 1: L0[], Ebi: L2[L0[], L0[]], Eib: L2[L0[], L7[]], Eii: L2[L0[], L0[]], put: L2[V2, V1] -> V0 -> V1 -> L2[L7[], V1], tr: L7[]
[16:07:43.343267]	Exploring 0: L0[], 1: L0[], Ebi: L2[L0[], L0[]], Eib: L2[L0[], L7[]], Eii: L2[L0[], L0[]], put: L2[V2, V1] -> V0 -> V1 -> L2[V0, _9_], tr: L7[]
[16:07:43.344449]	Exploring 0: L0[], 1: L0[], Ebi: L2[L0[], L0[]], Eib: L2[L0[], L7[]], Eii: L2[L0[], L0[]], put: L2[V2, V1] -> V0 -> V1 -> L2[V0, V1], tr: L7[]
[16:07:43.346259]	Exploring 0: L0[], 1: L0[], Ebi: L2[L0[], L0[]], Eib: L2[L0[], L7[]], Eii: L2[L0[], L0[]], put: L2[V2, V1] -> V0 -> V1 -> L2[V1, _9_], tr: L7[]
[16:07:43.347195]	Exploring 0: L0[], 1: L0[], Ebi: L2[L0[], L0[]], Eib: L2[L0[], L7[]], Eii: L2[L0[], L0[]], put: L2[V2, V1] -> V0 -> V1 -> L2[V1, V1], tr: L7[]
[16:07:43.348647]	Exploring 0: L0[], 1: L0[], Ebi: L2[L0[], L0[]], Eib: L2[L0[], L7[]], Eii: L2[L0[], L0[]], put: L2[V2, V1] -> V0 -> V1 -> L2[V2, _9_], tr: L7[]
[16:07:43.349465]	Exploring 0: L0[], 1: L0[], Ebi: L2[L0[], L0[]], Eib: L2[L0[], L7[]], Eii: L2[L0[], L0[]], put: L2[V2, V1] -> V0 -> V1 -> L2[V2, V1], tr: L7[]
[16:07:43.350680]	Exploring 0: L0[], 1: L0[], Ebi: L2[L0[], L0[]], Eib: L2[L0[], L7[]], Eii: L2[L0[], L0[]], put: L2[V2, V3] -> V0 -> V1 -> L2[_8_, _9_], tr: L7[]
[16:07:43.351273]	Exploring 0: L0[], 1: L0[], Ebi: L2[L0[], L0[]], Eib: L2[L0[], L7[]], Eii: L2[L0[], L0[]], put: L2[V2, V3] -> V0 -> V1 -> L2[L0[], _9_], tr: L7[]
[16:07:43.351919]	Exploring 0: L0[], 1: L0[], Ebi: L2[L0[], L0[]], Eib: L2[L0[], L7[]], Eii: L2[L0[], L0[]], put: L2[V2, V3] -> V0 -> V1 -> L2[L0[], L0[]], tr: L7[]
[16:07:43.353016]	Exploring 0: L0[], 1: L0[], Ebi: L2[L0[], L0[]], Eib: L2[L0[], L7[]], Eii: L2[L0[], L0[]], put: L2[V2, V3] -> V0 -> V1 -> L2[L0[], L7[]], tr: L7[]
[16:07:43.354195]	Exploring 0: L0[], 1: L0[], Ebi: L2[L0[], L0[]], Eib: L2[L0[], L7[]], Eii: L2[L0[], L0[]], put: L2[V2, V3] -> V0 -> V1 -> L2[L0[], V0], tr: L7[]
[16:07:43.355497]	Exploring 0: L0[], 1: L0[], Ebi: L2[L0[], L0[]], Eib: L2[L0[], L7[]], Eii: L2[L0[], L0[]], put: L2[V2, V3] -> V0 -> V1 -> L2[L0[], V1], tr: L7[]
[16:07:43.356755]	Exploring 0: L0[], 1: L0[], Ebi: L2[L0[], L0[]], Eib: L2[L0[], L7[]], Eii: L2[L0[], L0[]], put: L2[V2, V3] -> V0 -> V1 -> L2[L0[], V2], tr: L7[]
[16:07:43.357861]	Exploring 0: L0[], 1: L0[], Ebi: L2[L0[], L0[]], Eib: L2[L0[], L7[]], Eii: L2[L0[], L0[]], put: L2[V2, V3] -> V0 -> V1 -> L2[L0[], V3], tr: L7[]
[16:07:43.358957]	Exploring 0: L0[], 1: L0[], Ebi: L2[L0[], L0[]], Eib: L2[L0[], L7[]], Eii: L2[L0[], L0[]], put: L2[V2, V3] -> V0 -> V1 -> L2[L7[], _9_], tr: L7[]
[16:07:43.359816]	Exploring 0: L0[], 1: L0[], Ebi: L2[L0[], L0[]], Eib: L2[L0[], L7[]], Eii: L2[L0[], L0[]], put: L2[V2, V3] -> V0 -> V1 -> L2[L7[], L0[]], tr: L7[]
[16:07:43.360929]	Exploring 0: L0[], 1: L0[], Ebi: L2[L0[], L0[]], Eib: L2[L0[], L7[]], Eii: L2[L0[], L0[]], put: L2[V2, V3] -> V0 -> V1 -> L2[L7[], L7[]], tr: L7[]
[16:07:43.362108]	Exploring 0: L0[], 1: L0[], Ebi: L2[L0[], L0[]], Eib: L2[L0[], L7[]], Eii: L2[L0[], L0[]], put: L2[V2, V3] -> V0 -> V1 -> L2[L7[], V0], tr: L7[]
[16:07:43.363450]	Exploring 0: L0[], 1: L0[], Ebi: L2[L0[], L0[]], Eib: L2[L0[], L7[]], Eii: L2[L0[], L0[]], put: L2[V2, V3] -> V0 -> V1 -> L2[L7[], V1], tr: L7[]
[16:07:43.364610]	Exploring 0: L0[], 1: L0[], Ebi: L2[L0[], L0[]], Eib: L2[L0[], L7[]], Eii: L2[L0[], L0[]], put: L2[V2, V3] -> V0 -> V1 -> L2[L7[], V2], tr: L7[]
[16:07:43.365700]	Exploring 0: L0[], 1: L0[], Ebi: L2[L0[], L0[]], Eib: L2[L0[], L7[]], Eii: L2[L0[], L0[]], put: L2[V2, V3] -> V0 -> V1 -> L2[L7[], V3], tr: L7[]
[16:07:43.366819]	Exploring 0: L0[], 1: L0[], Ebi: L2[L0[], L0[]], Eib: L2[L0[], L7[]], Eii: L2[L0[], L0[]], put: L2[V2, V3] -> V0 -> V1 -> L2[V0, _9_], tr: L7[]
[16:07:43.367482]	Exploring 0: L0[], 1: L0[], Ebi: L2[L0[], L0[]], Eib: L2[L0[], L7[]], Eii: L2[L0[], L0[]], put: L2[V2, V3] -> V0 -> V1 -> L2[V0, L0[]], tr: L7[]
[16:07:43.368645]	Exploring 0: L0[], 1: L0[], Ebi: L2[L0[], L0[]], Eib: L2[L0[], L7[]], Eii: L2[L0[], L0[]], put: L2[V2, V3] -> V0 -> V1 -> L2[V0, L7[]], tr: L7[]
[16:07:43.369785]	Exploring 0: L0[], 1: L0[], Ebi: L2[L0[], L0[]], Eib: L2[L0[], L7[]], Eii: L2[L0[], L0[]], put: L2[V2, V3] -> V0 -> V1 -> L2[V0, V0], tr: L7[]
[16:07:43.370927]	Exploring 0: L0[], 1: L0[], Ebi: L2[L0[], L0[]], Eib: L2[L0[], L7[]], Eii: L2[L0[], L0[]], put: L2[V2, V3] -> V0 -> V1 -> L2[V0, V1], tr: L7[]
[16:07:43.372058]	Exploring 0: L0[], 1: L0[], Ebi: L2[L0[], L0[]], Eib: L2[L0[], L7[]], Eii: L2[L0[], L0[]], put: L2[V2, V3] -> V0 -> V1 -> L2[V0, V2], tr: L7[]
[16:07:43.373148]	Exploring 0: L0[], 1: L0[], Ebi: L2[L0[], L0[]], Eib: L2[L0[], L7[]], Eii: L2[L0[], L0[]], put: L2[V2, V3] -> V0 -> V1 -> L2[V0, V3], tr: L7[]
[16:07:43.374253]	Exploring 0: L0[], 1: L0[], Ebi: L2[L0[], L0[]], Eib: L2[L0[], L7[]], Eii: L2[L0[], L0[]], put: L2[V2, V3] -> V0 -> V1 -> L2[V1, _9_], tr: L7[]
[16:07:43.374834]	Exploring 0: L0[], 1: L0[], Ebi: L2[L0[], L0[]], Eib: L2[L0[], L7[]], Eii: L2[L0[], L0[]], put: L2[V2, V3] -> V0 -> V1 -> L2[V1, L0[]], tr: L7[]
[16:07:43.375927]	Exploring 0: L0[], 1: L0[], Ebi: L2[L0[], L0[]], Eib: L2[L0[], L7[]], Eii: L2[L0[], L0[]], put: L2[V2, V3] -> V0 -> V1 -> L2[V1, L7[]], tr: L7[]
[16:07:43.376993]	Exploring 0: L0[], 1: L0[], Ebi: L2[L0[], L0[]], Eib: L2[L0[], L7[]], Eii: L2[L0[], L0[]], put: L2[V2, V3] -> V0 -> V1 -> L2[V1, V0], tr: L7[]
[16:07:43.378075]	Exploring 0: L0[], 1: L0[], Ebi: L2[L0[], L0[]], Eib: L2[L0[], L7[]], Eii: L2[L0[], L0[]], put: L2[V2, V3] -> V0 -> V1 -> L2[V1, V1], tr: L7[]
[16:07:43.379154]	Exploring 0: L0[], 1: L0[], Ebi: L2[L0[], L0[]], Eib: L2[L0[], L7[]], Eii: L2[L0[], L0[]], put: L2[V2, V3] -> V0 -> V1 -> L2[V1, V2], tr: L7[]
[16:07:43.380293]	Exploring 0: L0[], 1: L0[], Ebi: L2[L0[], L0[]], Eib: L2[L0[], L7[]], Eii: L2[L0[], L0[]], put: L2[V2, V3] -> V0 -> V1 -> L2[V1, V3], tr: L7[]
[16:07:43.381363]	Exploring 0: L0[], 1: L0[], Ebi: L2[L0[], L0[]], Eib: L2[L0[], L7[]], Eii: L2[L0[], L0[]], put: L2[V2, V3] -> V0 -> V1 -> L2[V2, _9_], tr: L7[]
[16:07:43.381886]	Exploring 0: L0[], 1: L0[], Ebi: L2[L0[], L0[]], Eib: L2[L0[], L7[]], Eii: L2[L0[], L0[]], put: L2[V2, V3] -> V0 -> V1 -> L2[V2, L0[]], tr: L7[]
[16:07:43.382819]	Exploring 0: L0[], 1: L0[], Ebi: L2[L0[], L0[]], Eib: L2[L0[], L7[]], Eii: L2[L0[], L0[]], put: L2[V2, V3] -> V0 -> V1 -> L2[V2, L7[]], tr: L7[]
[16:07:43.383806]	Exploring 0: L0[], 1: L0[], Ebi: L2[L0[], L0[]], Eib: L2[L0[], L7[]], Eii: L2[L0[], L0[]], put: L2[V2, V3] -> V0 -> V1 -> L2[V2, V0], tr: L7[]
[16:07:43.384873]	Exploring 0: L0[], 1: L0[], Ebi: L2[L0[], L0[]], Eib: L2[L0[], L7[]], Eii: L2[L0[], L0[]], put: L2[V2, V3] -> V0 -> V1 -> L2[V2, V1], tr: L7[]
[16:07:43.385850]	Exploring 0: L0[], 1: L0[], Ebi: L2[L0[], L0[]], Eib: L2[L0[], L7[]], Eii: L2[L0[], L0[]], put: L2[V2, V3] -> V0 -> V1 -> L2[V2, V2], tr: L7[]
[16:07:43.386743]	Exploring 0: L0[], 1: L0[], Ebi: L2[L0[], L0[]], Eib: L2[L0[], L7[]], Eii: L2[L0[], L0[]], put: L2[V2, V3] -> V0 -> V1 -> L2[V2, V3], tr: L7[]
[16:07:43.387702]	Exploring 0: L0[], 1: L0[], Ebi: L2[L0[], L0[]], Eib: L2[L0[], L7[]], Eii: L2[L0[], L0[]], put: L2[V2, V3] -> V0 -> V1 -> L2[V3, _9_], tr: L7[]
[16:07:43.388220]	Exploring 0: L0[], 1: L0[], Ebi: L2[L0[], L0[]], Eib: L2[L0[], L7[]], Eii: L2[L0[], L0[]], put: L2[V2, V3] -> V0 -> V1 -> L2[V3, L0[]], tr: L7[]
[16:07:43.389209]	Exploring 0: L0[], 1: L0[], Ebi: L2[L0[], L0[]], Eib: L2[L0[], L7[]], Eii: L2[L0[], L0[]], put: L2[V2, V3] -> V0 -> V1 -> L2[V3, L7[]], tr: L7[]
[16:07:43.390375]	Exploring 0: L0[], 1: L0[], Ebi: L2[L0[], L0[]], Eib: L2[L0[], L7[]], Eii: L2[L0[], L0[]], put: L2[V2, V3] -> V0 -> V1 -> L2[V3, V0], tr: L7[]
[16:07:43.391494]	Exploring 0: L0[], 1: L0[], Ebi: L2[L0[], L0[]], Eib: L2[L0[], L7[]], Eii: L2[L0[], L0[]], put: L2[V2, V3] -> V0 -> V1 -> L2[V3, V1], tr: L7[]
[16:07:43.392525]	Exploring 0: L0[], 1: L0[], Ebi: L2[L0[], L0[]], Eib: L2[L0[], L7[]], Eii: L2[L0[], L0[]], put: L2[V2, V3] -> V0 -> V1 -> L2[V3, V2], tr: L7[]
[16:07:43.393499]	Exploring 0: L0[], 1: L0[], Ebi: L2[L0[], L0[]], Eib: L2[L0[], L7[]], Eii: L2[L0[], L0[]], put: L2[V2, V3] -> V0 -> V1 -> L2[V3, V3], tr: L7[]
[16:07:43.395060]	Exploring 0: L0[], 1: L0[], Ebi: L2[L0[], L0[]], Eib: L2[L0[], L7[]], Eii: L2[L0[], L7[]], put: L2[_6_, _7_] -> V0 -> V1 -> L2[_8_, _9_], tr: L7[]
[16:07:43.395727]	Exploring 0: L0[], 1: L0[], Ebi: L2[L0[], L0[]], Eib: L2[L0[], L7[]], Eii: L2[L0[], L7[]], put: L2[L0[], _7_] -> V0 -> V1 -> L2[_8_, _9_], tr: L7[]
[16:07:43.396792]	Exploring 0: L0[], 1: L0[], Ebi: L2[L0[], L0[]], Eib: L2[L0[], L7[]], Eii: L2[L0[], L7[]], put: L2[L0[], V2] -> V0 -> V1 -> L2[_8_, _9_], tr: L7[]
[16:07:43.397642]	Exploring 0: L0[], 1: L0[], Ebi: L2[L0[], L0[]], Eib: L2[L0[], L7[]], Eii: L2[L0[], L7[]], put: L2[L0[], V2] -> V0 -> V1 -> L2[L0[], _9_], tr: L7[]
[16:07:43.398300]	Exploring 0: L0[], 1: L0[], Ebi: L2[L0[], L0[]], Eib: L2[L0[], L7[]], Eii: L2[L0[], L7[]], put: L2[L0[], V2] -> V0 -> V1 -> L2[L0[], L0[]], tr: L7[]
[16:07:43.399073]	Exploring 0: L0[], 1: L0[], Ebi: L2[L0[], L0[]], Eib: L2[L0[], L7[]], Eii: L2[L0[], L7[]], put: L2[L0[], V2] -> V0 -> V1 -> L2[L0[], L7[]], tr: L7[]
[16:07:43.399846]	Exploring 0: L0[], 1: L0[], Ebi: L2[L0[], L0[]], Eib: L2[L0[], L7[]], Eii: L2[L0[], L7[]], put: L2[L0[], V2] -> V0 -> V1 -> L2[L0[], V0], tr: L7[]
[16:07:43.400878]	Exploring 0: L0[], 1: L0[], Ebi: L2[L0[], L0[]], Eib: L2[L0[], L7[]], Eii: L2[L0[], L7[]], put: L2[L0[], V2] -> V0 -> V1 -> L2[L0[], V1], tr: L7[]
[16:07:43.401766]	Exploring 0: L0[], 1: L0[], Ebi: L2[L0[], L0[]], Eib: L2[L0[], L7[]], Eii: L2[L0[], L7[]], put: L2[L0[], V2] -> V0 -> V1 -> L2[L0[], V2], tr: L7[]
[16:07:43.402828]	Exploring 0: L0[], 1: L0[], Ebi: L2[L0[], L0[]], Eib: L2[L0[], L7[]], Eii: L2[L0[], L7[]], put: L2[V2, _7_] -> V0 -> V1 -> L2[_8_, _9_], tr: L7[]
[16:07:43.403899]	Exploring 0: L0[], 1: L0[], Ebi: L2[L0[], L0[]], Eib: L2[L0[], L7[]], Eii: L2[L0[], L7[]], put: L2[V2, V3] -> V0 -> V1 -> L2[_8_, _9_], tr: L7[]
[16:07:43.404499]	Exploring 0: L0[], 1: L0[], Ebi: L2[L0[], L0[]], Eib: L2[L0[], L7[]], Eii: L2[L0[], L7[]], put: L2[V2, V3] -> V0 -> V1 -> L2[L0[], _9_], tr: L7[]
[16:07:43.405204]	Exploring 0: L0[], 1: L0[], Ebi: L2[L0[], L0[]], Eib: L2[L0[], L7[]], Eii: L2[L0[], L7[]], put: L2[V2, V3] -> V0 -> V1 -> L2[L0[], L0[]], tr: L7[]
[16:07:43.406167]	Exploring 0: L0[], 1: L0[], Ebi: L2[L0[], L0[]], Eib: L2[L0[], L7[]], Eii: L2[L0[], L7[]], put: L2[V2, V3] -> V0 -> V1 -> L2[L0[], L7[]], tr: L7[]
[16:07:43.407117]	Exploring 0: L0[], 1: L0[], Ebi: L2[L0[], L0[]], Eib: L2[L0[], L7[]], Eii: L2[L0[], L7[]], put: L2[V2, V3] -> V0 -> V1 -> L2[L0[], V0], tr: L7[]
[16:07:43.408249]	Exploring 0: L0[], 1: L0[], Ebi: L2[L0[], L0[]], Eib: L2[L0[], L7[]], Eii: L2[L0[], L7[]], put: L2[V2, V3] -> V0 -> V1 -> L2[L0[], V1], tr: L7[]
[16:07:43.409256]	Exploring 0: L0[], 1: L0[], Ebi: L2[L0[], L0[]], Eib: L2[L0[], L7[]], Eii: L2[L0[], L7[]], put: L2[V2, V3] -> V0 -> V1 -> L2[L0[], V2], tr: L7[]
[16:07:43.410174]	Exploring 0: L0[], 1: L0[], Ebi: L2[L0[], L0[]], Eib: L2[L0[], L7[]], Eii: L2[L0[], L7[]], put: L2[V2, V3] -> V0 -> V1 -> L2[L0[], V3], tr: L7[]
[16:07:43.411065]	Exploring 0: L0[], 1: L0[], Ebi: L2[L0[], L0[]], Eib: L2[L0[], L7[]], Eii: L2[L0[], L7[]], put: L2[V2, V3] -> V0 -> V1 -> L2[L7[], _9_], tr: L7[]
[16:07:43.411630]	Exploring 0: L0[], 1: L0[], Ebi: L2[L0[], L0[]], Eib: L2[L0[], L7[]], Eii: L2[L0[], L7[]], put: L2[V2, V3] -> V0 -> V1 -> L2[L7[], L0[]], tr: L7[]
[16:07:43.412559]	Exploring 0: L0[], 1: L0[], Ebi: L2[L0[], L0[]], Eib: L2[L0[], L7[]], Eii: L2[L0[], L7[]], put: L2[V2, V3] -> V0 -> V1 -> L2[L7[], L7[]], tr: L7[]
[16:07:43.413641]	Exploring 0: L0[], 1: L0[], Ebi: L2[L0[], L0[]], Eib: L2[L0[], L7[]], Eii: L2[L0[], L7[]], put: L2[V2, V3] -> V0 -> V1 -> L2[L7[], V0], tr: L7[]
[16:07:43.414853]	Exploring 0: L0[], 1: L0[], Ebi: L2[L0[], L0[]], Eib: L2[L0[], L7[]], Eii: L2[L0[], L7[]], put: L2[V2, V3] -> V0 -> V1 -> L2[L7[], V1], tr: L7[]
[16:07:43.415981]	Exploring 0: L0[], 1: L0[], Ebi: L2[L0[], L0[]], Eib: L2[L0[], L7[]], Eii: L2[L0[], L7[]], put: L2[V2, V3] -> V0 -> V1 -> L2[L7[], V2], tr: L7[]
[16:07:43.416964]	Exploring 0: L0[], 1: L0[], Ebi: L2[L0[], L0[]], Eib: L2[L0[], L7[]], Eii: L2[L0[], L7[]], put: L2[V2, V3] -> V0 -> V1 -> L2[L7[], V3], tr: L7[]
[16:07:43.417969]	Exploring 0: L0[], 1: L0[], Ebi: L2[L0[], L0[]], Eib: L2[L0[], L7[]], Eii: L2[L0[], L7[]], put: L2[V2, V3] -> V0 -> V1 -> L2[V0, _9_], tr: L7[]
[16:07:43.418533]	Exploring 0: L0[], 1: L0[], Ebi: L2[L0[], L0[]], Eib: L2[L0[], L7[]], Eii: L2[L0[], L7[]], put: L2[V2, V3] -> V0 -> V1 -> L2[V0, L0[]], tr: L7[]
[16:07:43.419585]	Exploring 0: L0[], 1: L0[], Ebi: L2[L0[], L0[]], Eib: L2[L0[], L7[]], Eii: L2[L0[], L7[]], put: L2[V2, V3] -> V0 -> V1 -> L2[V0, L7[]], tr: L7[]
[16:07:43.420602]	Exploring 0: L0[], 1: L0[], Ebi: L2[L0[], L0[]], Eib: L2[L0[], L7[]], Eii: L2[L0[], L7[]], put: L2[V2, V3] -> V0 -> V1 -> L2[V0, V0], tr: L7[]
[16:07:43.421639]	Exploring 0: L0[], 1: L0[], Ebi: L2[L0[], L0[]], Eib: L2[L0[], L7[]], Eii: L2[L0[], L7[]], put: L2[V2, V3] -> V0 -> V1 -> L2[V0, V1], tr: L7[]
[16:07:43.422698]	Exploring 0: L0[], 1: L0[], Ebi: L2[L0[], L0[]], Eib: L2[L0[], L7[]], Eii: L2[L0[], L7[]], put: L2[V2, V3] -> V0 -> V1 -> L2[V0, V2], tr: L7[]
[16:07:43.423735]	Exploring 0: L0[], 1: L0[], Ebi: L2[L0[], L0[]], Eib: L2[L0[], L7[]], Eii: L2[L0[], L7[]], put: L2[V2, V3] -> V0 -> V1 -> L2[V0, V3], tr: L7[]
[16:07:43.424764]	Exploring 0: L0[], 1: L0[], Ebi: L2[L0[], L0[]], Eib: L2[L0[], L7[]], Eii: L2[L0[], L7[]], put: L2[V2, V3] -> V0 -> V1 -> L2[V1, _9_], tr: L7[]
[16:07:43.425354]	Exploring 0: L0[], 1: L0[], Ebi: L2[L0[], L0[]], Eib: L2[L0[], L7[]], Eii: L2[L0[], L7[]], put: L2[V2, V3] -> V0 -> V1 -> L2[V1, L0[]], tr: L7[]
[16:07:43.426427]	Exploring 0: L0[], 1: L0[], Ebi: L2[L0[], L0[]], Eib: L2[L0[], L7[]], Eii: L2[L0[], L7[]], put: L2[V2, V3] -> V0 -> V1 -> L2[V1, L7[]], tr: L7[]
[16:07:43.427515]	Exploring 0: L0[], 1: L0[], Ebi: L2[L0[], L0[]], Eib: L2[L0[], L7[]], Eii: L2[L0[], L7[]], put: L2[V2, V3] -> V0 -> V1 -> L2[V1, V0], tr: L7[]
[16:07:43.428683]	Exploring 0: L0[], 1: L0[], Ebi: L2[L0[], L0[]], Eib: L2[L0[], L7[]], Eii: L2[L0[], L7[]], put: L2[V2, V3] -> V0 -> V1 -> L2[V1, V1], tr: L7[]
[16:07:43.429849]	Exploring 0: L0[], 1: L0[], Ebi: L2[L0[], L0[]], Eib: L2[L0[], L7[]], Eii: L2[L0[], L7[]], put: L2[V2, V3] -> V0 -> V1 -> L2[V1, V2], tr: L7[]
[16:07:43.431047]	Exploring 0: L0[], 1: L0[], Ebi: L2[L0[], L0[]], Eib: L2[L0[], L7[]], Eii: L2[L0[], L7[]], put: L2[V2, V3] -> V0 -> V1 -> L2[V1, V3], tr: L7[]
[16:07:43.432236]	Exploring 0: L0[], 1: L0[], Ebi: L2[L0[], L0[]], Eib: L2[L0[], L7[]], Eii: L2[L0[], L7[]], put: L2[V2, V3] -> V0 -> V1 -> L2[V2, _9_], tr: L7[]
[16:07:43.432736]	Exploring 0: L0[], 1: L0[], Ebi: L2[L0[], L0[]], Eib: L2[L0[], L7[]], Eii: L2[L0[], L7[]], put: L2[V2, V3] -> V0 -> V1 -> L2[V2, L0[]], tr: L7[]
[16:07:43.433617]	Exploring 0: L0[], 1: L0[], Ebi: L2[L0[], L0[]], Eib: L2[L0[], L7[]], Eii: L2[L0[], L7[]], put: L2[V2, V3] -> V0 -> V1 -> L2[V2, L7[]], tr: L7[]
[16:07:43.434552]	Exploring 0: L0[], 1: L0[], Ebi: L2[L0[], L0[]], Eib: L2[L0[], L7[]], Eii: L2[L0[], L7[]], put: L2[V2, V3] -> V0 -> V1 -> L2[V2, V0], tr: L7[]
[16:07:43.435602]	Exploring 0: L0[], 1: L0[], Ebi: L2[L0[], L0[]], Eib: L2[L0[], L7[]], Eii: L2[L0[], L7[]], put: L2[V2, V3] -> V0 -> V1 -> L2[V2, V1], tr: L7[]
[16:07:43.436587]	Exploring 0: L0[], 1: L0[], Ebi: L2[L0[], L0[]], Eib: L2[L0[], L7[]], Eii: L2[L0[], L7[]], put: L2[V2, V3] -> V0 -> V1 -> L2[V2, V2], tr: L7[]
[16:07:43.437502]	Exploring 0: L0[], 1: L0[], Ebi: L2[L0[], L0[]], Eib: L2[L0[], L7[]], Eii: L2[L0[], L7[]], put: L2[V2, V3] -> V0 -> V1 -> L2[V2, V3], tr: L7[]
[16:07:43.438442]	Exploring 0: L0[], 1: L0[], Ebi: L2[L0[], L0[]], Eib: L2[L0[], L7[]], Eii: L2[L0[], L7[]], put: L2[V2, V3] -> V0 -> V1 -> L2[V3, _9_], tr: L7[]
[16:07:43.439030]	Exploring 0: L0[], 1: L0[], Ebi: L2[L0[], L0[]], Eib: L2[L0[], L7[]], Eii: L2[L0[], L7[]], put: L2[V2, V3] -> V0 -> V1 -> L2[V3, L0[]], tr: L7[]
[16:07:43.440004]	Exploring 0: L0[], 1: L0[], Ebi: L2[L0[], L0[]], Eib: L2[L0[], L7[]], Eii: L2[L0[], L7[]], put: L2[V2, V3] -> V0 -> V1 -> L2[V3, L7[]], tr: L7[]
[16:07:43.440985]	Exploring 0: L0[], 1: L0[], Ebi: L2[L0[], L0[]], Eib: L2[L0[], L7[]], Eii: L2[L0[], L7[]], put: L2[V2, V3] -> V0 -> V1 -> L2[V3, V0], tr: L7[]
[16:07:43.442038]	Exploring 0: L0[], 1: L0[], Ebi: L2[L0[], L0[]], Eib: L2[L0[], L7[]], Eii: L2[L0[], L7[]], put: L2[V2, V3] -> V0 -> V1 -> L2[V3, V1], tr: L7[]
[16:07:43.443034]	Exploring 0: L0[], 1: L0[], Ebi: L2[L0[], L0[]], Eib: L2[L0[], L7[]], Eii: L2[L0[], L7[]], put: L2[V2, V3] -> V0 -> V1 -> L2[V3, V2], tr: L7[]
[16:07:43.444067]	Exploring 0: L0[], 1: L0[], Ebi: L2[L0[], L0[]], Eib: L2[L0[], L7[]], Eii: L2[L0[], L7[]], put: L2[V2, V3] -> V0 -> V1 -> L2[V3, V3], tr: L7[]
[16:07:43.444903]	Exploring 0: L0[], 1: L0[], Ebi: L2[L0[], L0[]], Eib: L2[L0[], L7[]], Eii: L2[L7[], _5_], put: L2[_6_, _7_] -> V0 -> V1 -> L2[_8_, _9_], tr: L7[]
[16:07:43.445190]	Exploring 0: L0[], 1: L0[], Ebi: L2[L0[], L0[]], Eib: L2[L0[], L7[]], Eii: L2[L7[], L0[]], put: L2[_6_, _7_] -> V0 -> V1 -> L2[_8_, _9_], tr: L7[]
[16:07:43.445668]	Exploring 0: L0[], 1: L0[], Ebi: L2[L0[], L0[]], Eib: L2[L0[], L7[]], Eii: L2[L7[], L0[]], put: L2[V2, _7_] -> V0 -> V1 -> L2[_8_, _9_], tr: L7[]
[16:07:43.446078]	Exploring 0: L0[], 1: L0[], Ebi: L2[L0[], L0[]], Eib: L2[L0[], L7[]], Eii: L2[L7[], L0[]], put: L2[V2, V1] -> V0 -> V1 -> L2[_8_, _9_], tr: L7[]
[16:07:43.446511]	Exploring 0: L0[], 1: L0[], Ebi: L2[L0[], L0[]], Eib: L2[L0[], L7[]], Eii: L2[L7[], L0[]], put: L2[V2, V1] -> V0 -> V1 -> L2[L0[], _9_], tr: L7[]
[16:07:43.447449]	Exploring 0: L0[], 1: L0[], Ebi: L2[L0[], L0[]], Eib: L2[L0[], L7[]], Eii: L2[L7[], L0[]], put: L2[V2, V1] -> V0 -> V1 -> L2[L0[], V1], tr: L7[]
[16:07:43.448368]	Exploring 0: L0[], 1: L0[], Ebi: L2[L0[], L0[]], Eib: L2[L0[], L7[]], Eii: L2[L7[], L0[]], put: L2[V2, V1] -> V0 -> V1 -> L2[L7[], _9_], tr: L7[]
[16:07:43.448907]	Exploring 0: L0[], 1: L0[], Ebi: L2[L0[], L0[]], Eib: L2[L0[], L7[]], Eii: L2[L7[], L0[]], put: L2[V2, V1] -> V0 -> V1 -> L2[L7[], V1], tr: L7[]
[16:07:43.449892]	Exploring 0: L0[], 1: L0[], Ebi: L2[L0[], L0[]], Eib: L2[L0[], L7[]], Eii: L2[L7[], L0[]], put: L2[V2, V1] -> V0 -> V1 -> L2[V0, _9_], tr: L7[]
[16:07:43.450459]	Exploring 0: L0[], 1: L0[], Ebi: L2[L0[], L0[]], Eib: L2[L0[], L7[]], Eii: L2[L7[], L0[]], put: L2[V2, V1] -> V0 -> V1 -> L2[V0, V1], tr: L7[]
[16:07:43.451444]	Exploring 0: L0[], 1: L0[], Ebi: L2[L0[], L0[]], Eib: L2[L0[], L7[]], Eii: L2[L7[], L0[]], put: L2[V2, V1] -> V0 -> V1 -> L2[V1, _9_], tr: L7[]
[16:07:43.451945]	Exploring 0: L0[], 1: L0[], Ebi: L2[L0[], L0[]], Eib: L2[L0[], L7[]], Eii: L2[L7[], L0[]], put: L2[V2, V1] -> V0 -> V1 -> L2[V1, V1], tr: L7[]
[16:07:43.452830]	Exploring 0: L0[], 1: L0[], Ebi: L2[L0[], L0[]], Eib: L2[L0[], L7[]], Eii: L2[L7[], L0[]], put: L2[V2, V1] -> V0 -> V1 -> L2[V2, _9_], tr: L7[]
[16:07:43.453333]	Exploring 0: L0[], 1: L0[], Ebi: L2[L0[], L0[]], Eib: L2[L0[], L7[]], Eii: L2[L7[], L0[]], put: L2[V2, V1] -> V0 -> V1 -> L2[V2, V1], tr: L7[]
[16:07:43.454212]	Exploring 0: L0[], 1: L0[], Ebi: L2[L0[], L0[]], Eib: L2[L0[], L7[]], Eii: L2[L7[], L0[]], put: L2[V2, V3] -> V0 -> V1 -> L2[_8_, _9_], tr: L7[]
[16:07:43.454648]	Exploring 0: L0[], 1: L0[], Ebi: L2[L0[], L0[]], Eib: L2[L0[], L7[]], Eii: L2[L7[], L0[]], put: L2[V2, V3] -> V0 -> V1 -> L2[L0[], _9_], tr: L7[]
[16:07:43.455078]	Exploring 0: L0[], 1: L0[], Ebi: L2[L0[], L0[]], Eib: L2[L0[], L7[]], Eii: L2[L7[], L0[]], put: L2[V2, V3] -> V0 -> V1 -> L2[L0[], L0[]], tr: L7[]
[16:07:43.455935]	Exploring 0: L0[], 1: L0[], Ebi: L2[L0[], L0[]], Eib: L2[L0[], L7[]], Eii: L2[L7[], L0[]], put: L2[V2, V3] -> V0 -> V1 -> L2[L0[], L7[]], tr: L7[]
[16:07:43.456832]	Exploring 0: L0[], 1: L0[], Ebi: L2[L0[], L0[]], Eib: L2[L0[], L7[]], Eii: L2[L7[], L0[]], put: L2[V2, V3] -> V0 -> V1 -> L2[L0[], V0], tr: L7[]
[16:07:43.457852]	Exploring 0: L0[], 1: L0[], Ebi: L2[L0[], L0[]], Eib: L2[L0[], L7[]], Eii: L2[L7[], L0[]], put: L2[V2, V3] -> V0 -> V1 -> L2[L0[], V1], tr: L7[]
[16:07:43.458802]	Exploring 0: L0[], 1: L0[], Ebi: L2[L0[], L0[]], Eib: L2[L0[], L7[]], Eii: L2[L7[], L0[]], put: L2[V2, V3] -> V0 -> V1 -> L2[L0[], V2], tr: L7[]
[16:07:43.459681]	Exploring 0: L0[], 1: L0[], Ebi: L2[L0[], L0[]], Eib: L2[L0[], L7[]], Eii: L2[L7[], L0[]], put: L2[V2, V3] -> V0 -> V1 -> L2[L0[], V3], tr: L7[]
[16:07:43.460537]	Exploring 0: L0[], 1: L0[], Ebi: L2[L0[], L0[]], Eib: L2[L0[], L7[]], Eii: L2[L7[], L0[]], put: L2[V2, V3] -> V0 -> V1 -> L2[L7[], _9_], tr: L7[]
[16:07:43.460974]	Exploring 0: L0[], 1: L0[], Ebi: L2[L0[], L0[]], Eib: L2[L0[], L7[]], Eii: L2[L7[], L0[]], put: L2[V2, V3] -> V0 -> V1 -> L2[L7[], L0[]], tr: L7[]
[16:07:43.461785]	Exploring 0: L0[], 1: L0[], Ebi: L2[L0[], L0[]], Eib: L2[L0[], L7[]], Eii: L2[L7[], L0[]], put: L2[V2, V3] -> V0 -> V1 -> L2[L7[], L7[]], tr: L7[]
[16:07:43.462729]	Exploring 0: L0[], 1: L0[], Ebi: L2[L0[], L0[]], Eib: L2[L0[], L7[]], Eii: L2[L7[], L0[]], put: L2[V2, V3] -> V0 -> V1 -> L2[L7[], V0], tr: L7[]
[16:07:43.463790]	Exploring 0: L0[], 1: L0[], Ebi: L2[L0[], L0[]], Eib: L2[L0[], L7[]], Eii: L2[L7[], L0[]], put: L2[V2, V3] -> V0 -> V1 -> L2[L7[], V1], tr: L7[]
[16:07:43.464782]	Exploring 0: L0[], 1: L0[], Ebi: L2[L0[], L0[]], Eib: L2[L0[], L7[]], Eii: L2[L7[], L0[]], put: L2[V2, V3] -> V0 -> V1 -> L2[L7[], V2], tr: L7[]
[16:07:43.465686]	Exploring 0: L0[], 1: L0[], Ebi: L2[L0[], L0[]], Eib: L2[L0[], L7[]], Eii: L2[L7[], L0[]], put: L2[V2, V3] -> V0 -> V1 -> L2[L7[], V3], tr: L7[]
[16:07:43.466652]	Exploring 0: L0[], 1: L0[], Ebi: L2[L0[], L0[]], Eib: L2[L0[], L7[]], Eii: L2[L7[], L0[]], put: L2[V2, V3] -> V0 -> V1 -> L2[V0, _9_], tr: L7[]
[16:07:43.467185]	Exploring 0: L0[], 1: L0[], Ebi: L2[L0[], L0[]], Eib: L2[L0[], L7[]], Eii: L2[L7[], L0[]], put: L2[V2, V3] -> V0 -> V1 -> L2[V0, L0[]], tr: L7[]
[16:07:43.468190]	Exploring 0: L0[], 1: L0[], Ebi: L2[L0[], L0[]], Eib: L2[L0[], L7[]], Eii: L2[L7[], L0[]], put: L2[V2, V3] -> V0 -> V1 -> L2[V0, L7[]], tr: L7[]
[16:07:43.469168]	Exploring 0: L0[], 1: L0[], Ebi: L2[L0[], L0[]], Eib: L2[L0[], L7[]], Eii: L2[L7[], L0[]], put: L2[V2, V3] -> V0 -> V1 -> L2[V0, V0], tr: L7[]
[16:07:43.470156]	Exploring 0: L0[], 1: L0[], Ebi: L2[L0[], L0[]], Eib: L2[L0[], L7[]], Eii: L2[L7[], L0[]], put: L2[V2, V3] -> V0 -> V1 -> L2[V0, V1], tr: L7[]
[16:07:43.471157]	Exploring 0: L0[], 1: L0[], Ebi: L2[L0[], L0[]], Eib: L2[L0[], L7[]], Eii: L2[L7[], L0[]], put: L2[V2, V3] -> V0 -> V1 -> L2[V0, V2], tr: L7[]
[16:07:43.472151]	Exploring 0: L0[], 1: L0[], Ebi: L2[L0[], L0[]], Eib: L2[L0[], L7[]], Eii: L2[L7[], L0[]], put: L2[V2, V3] -> V0 -> V1 -> L2[V0, V3], tr: L7[]
[16:07:43.473134]	Exploring 0: L0[], 1: L0[], Ebi: L2[L0[], L0[]], Eib: L2[L0[], L7[]], Eii: L2[L7[], L0[]], put: L2[V2, V3] -> V0 -> V1 -> L2[V1, _9_], tr: L7[]
[16:07:43.473682]	Exploring 0: L0[], 1: L0[], Ebi: L2[L0[], L0[]], Eib: L2[L0[], L7[]], Eii: L2[L7[], L0[]], put: L2[V2, V3] -> V0 -> V1 -> L2[V1, L0[]], tr: L7[]
[16:07:43.474709]	Exploring 0: L0[], 1: L0[], Ebi: L2[L0[], L0[]], Eib: L2[L0[], L7[]], Eii: L2[L7[], L0[]], put: L2[V2, V3] -> V0 -> V1 -> L2[V1, L7[]], tr: L7[]
[16:07:43.475748]	Exploring 0: L0[], 1: L0[], Ebi: L2[L0[], L0[]], Eib: L2[L0[], L7[]], Eii: L2[L7[], L0[]], put: L2[V2, V3] -> V0 -> V1 -> L2[V1, V0], tr: L7[]
[16:07:43.476779]	Exploring 0: L0[], 1: L0[], Ebi: L2[L0[], L0[]], Eib: L2[L0[], L7[]], Eii: L2[L7[], L0[]], put: L2[V2, V3] -> V0 -> V1 -> L2[V1, V1], tr: L7[]
[16:07:43.477808]	Exploring 0: L0[], 1: L0[], Ebi: L2[L0[], L0[]], Eib: L2[L0[], L7[]], Eii: L2[L7[], L0[]], put: L2[V2, V3] -> V0 -> V1 -> L2[V1, V2], tr: L7[]
[16:07:43.478821]	Exploring 0: L0[], 1: L0[], Ebi: L2[L0[], L0[]], Eib: L2[L0[], L7[]], Eii: L2[L7[], L0[]], put: L2[V2, V3] -> V0 -> V1 -> L2[V1, V3], tr: L7[]
[16:07:43.479761]	Exploring 0: L0[], 1: L0[], Ebi: L2[L0[], L0[]], Eib: L2[L0[], L7[]], Eii: L2[L7[], L0[]], put: L2[V2, V3] -> V0 -> V1 -> L2[V2, _9_], tr: L7[]
[16:07:43.480263]	Exploring 0: L0[], 1: L0[], Ebi: L2[L0[], L0[]], Eib: L2[L0[], L7[]], Eii: L2[L7[], L0[]], put: L2[V2, V3] -> V0 -> V1 -> L2[V2, L0[]], tr: L7[]
[16:07:43.481475]	Exploring 0: L0[], 1: L0[], Ebi: L2[L0[], L0[]], Eib: L2[L0[], L7[]], Eii: L2[L7[], L0[]], put: L2[V2, V3] -> V0 -> V1 -> L2[V2, L7[]], tr: L7[]
[16:07:43.482468]	Exploring 0: L0[], 1: L0[], Ebi: L2[L0[], L0[]], Eib: L2[L0[], L7[]], Eii: L2[L7[], L0[]], put: L2[V2, V3] -> V0 -> V1 -> L2[V2, V0], tr: L7[]
[16:07:43.483481]	Exploring 0: L0[], 1: L0[], Ebi: L2[L0[], L0[]], Eib: L2[L0[], L7[]], Eii: L2[L7[], L0[]], put: L2[V2, V3] -> V0 -> V1 -> L2[V2, V1], tr: L7[]
[16:07:43.484412]	Exploring 0: L0[], 1: L0[], Ebi: L2[L0[], L0[]], Eib: L2[L0[], L7[]], Eii: L2[L7[], L0[]], put: L2[V2, V3] -> V0 -> V1 -> L2[V2, V2], tr: L7[]
[16:07:43.485297]	Exploring 0: L0[], 1: L0[], Ebi: L2[L0[], L0[]], Eib: L2[L0[], L7[]], Eii: L2[L7[], L0[]], put: L2[V2, V3] -> V0 -> V1 -> L2[V2, V3], tr: L7[]
[16:07:43.486204]	Exploring 0: L0[], 1: L0[], Ebi: L2[L0[], L0[]], Eib: L2[L0[], L7[]], Eii: L2[L7[], L0[]], put: L2[V2, V3] -> V0 -> V1 -> L2[V3, _9_], tr: L7[]
[16:07:43.486700]	Exploring 0: L0[], 1: L0[], Ebi: L2[L0[], L0[]], Eib: L2[L0[], L7[]], Eii: L2[L7[], L0[]], put: L2[V2, V3] -> V0 -> V1 -> L2[V3, L0[]], tr: L7[]
[16:07:43.487638]	Exploring 0: L0[], 1: L0[], Ebi: L2[L0[], L0[]], Eib: L2[L0[], L7[]], Eii: L2[L7[], L0[]], put: L2[V2, V3] -> V0 -> V1 -> L2[V3, L7[]], tr: L7[]
[16:07:43.488582]	Exploring 0: L0[], 1: L0[], Ebi: L2[L0[], L0[]], Eib: L2[L0[], L7[]], Eii: L2[L7[], L0[]], put: L2[V2, V3] -> V0 -> V1 -> L2[V3, V0], tr: L7[]
[16:07:43.489615]	Exploring 0: L0[], 1: L0[], Ebi: L2[L0[], L0[]], Eib: L2[L0[], L7[]], Eii: L2[L7[], L0[]], put: L2[V2, V3] -> V0 -> V1 -> L2[V3, V1], tr: L7[]
[16:07:43.490568]	Exploring 0: L0[], 1: L0[], Ebi: L2[L0[], L0[]], Eib: L2[L0[], L7[]], Eii: L2[L7[], L0[]], put: L2[V2, V3] -> V0 -> V1 -> L2[V3, V2], tr: L7[]
[16:07:43.491489]	Exploring 0: L0[], 1: L0[], Ebi: L2[L0[], L0[]], Eib: L2[L0[], L7[]], Eii: L2[L7[], L0[]], put: L2[V2, V3] -> V0 -> V1 -> L2[V3, V3], tr: L7[]
[16:07:43.492193]	Exploring 0: L0[], 1: L0[], Ebi: L2[L0[], L0[]], Eib: L2[L0[], L7[]], Eii: L2[L7[], L7[]], put: L2[_6_, _7_] -> V0 -> V1 -> L2[_8_, _9_], tr: L7[]
[16:07:43.492662]	Exploring 0: L0[], 1: L0[], Ebi: L2[L0[], L0[]], Eib: L2[L0[], L7[]], Eii: L2[L7[], L7[]], put: L2[V2, _7_] -> V0 -> V1 -> L2[_8_, _9_], tr: L7[]
[16:07:43.493267]	Exploring 0: L0[], 1: L0[], Ebi: L2[L0[], L0[]], Eib: L2[L0[], L7[]], Eii: L2[L7[], L7[]], put: L2[V2, V3] -> V0 -> V1 -> L2[_8_, _9_], tr: L7[]
[16:07:43.493700]	Exploring 0: L0[], 1: L0[], Ebi: L2[L0[], L0[]], Eib: L2[L0[], L7[]], Eii: L2[L7[], L7[]], put: L2[V2, V3] -> V0 -> V1 -> L2[L0[], _9_], tr: L7[]
[16:07:43.494134]	Exploring 0: L0[], 1: L0[], Ebi: L2[L0[], L0[]], Eib: L2[L0[], L7[]], Eii: L2[L7[], L7[]], put: L2[V2, V3] -> V0 -> V1 -> L2[L0[], L0[]], tr: L7[]
[16:07:43.494939]	Exploring 0: L0[], 1: L0[], Ebi: L2[L0[], L0[]], Eib: L2[L0[], L7[]], Eii: L2[L7[], L7[]], put: L2[V2, V3] -> V0 -> V1 -> L2[L0[], L7[]], tr: L7[]
[16:07:43.495857]	Exploring 0: L0[], 1: L0[], Ebi: L2[L0[], L0[]], Eib: L2[L0[], L7[]], Eii: L2[L7[], L7[]], put: L2[V2, V3] -> V0 -> V1 -> L2[L0[], V0], tr: L7[]
[16:07:43.496886]	Exploring 0: L0[], 1: L0[], Ebi: L2[L0[], L0[]], Eib: L2[L0[], L7[]], Eii: L2[L7[], L7[]], put: L2[V2, V3] -> V0 -> V1 -> L2[L0[], V1], tr: L7[]
[16:07:43.497873]	Exploring 0: L0[], 1: L0[], Ebi: L2[L0[], L0[]], Eib: L2[L0[], L7[]], Eii: L2[L7[], L7[]], put: L2[V2, V3] -> V0 -> V1 -> L2[L0[], V2], tr: L7[]
[16:07:43.498816]	Exploring 0: L0[], 1: L0[], Ebi: L2[L0[], L0[]], Eib: L2[L0[], L7[]], Eii: L2[L7[], L7[]], put: L2[V2, V3] -> V0 -> V1 -> L2[L0[], V3], tr: L7[]
[16:07:43.499766]	Exploring 0: L0[], 1: L0[], Ebi: L2[L0[], L0[]], Eib: L2[L0[], L7[]], Eii: L2[L7[], L7[]], put: L2[V2, V3] -> V0 -> V1 -> L2[L7[], _9_], tr: L7[]
[16:07:43.500318]	Exploring 0: L0[], 1: L0[], Ebi: L2[L0[], L0[]], Eib: L2[L0[], L7[]], Eii: L2[L7[], L7[]], put: L2[V2, V3] -> V0 -> V1 -> L2[L7[], L0[]], tr: L7[]
[16:07:43.501177]	Exploring 0: L0[], 1: L0[], Ebi: L2[L0[], L0[]], Eib: L2[L0[], L7[]], Eii: L2[L7[], L7[]], put: L2[V2, V3] -> V0 -> V1 -> L2[L7[], L7[]], tr: L7[]
[16:07:43.502148]	Exploring 0: L0[], 1: L0[], Ebi: L2[L0[], L0[]], Eib: L2[L0[], L7[]], Eii: L2[L7[], L7[]], put: L2[V2, V3] -> V0 -> V1 -> L2[L7[], V0], tr: L7[]
[16:07:43.503238]	Exploring 0: L0[], 1: L0[], Ebi: L2[L0[], L0[]], Eib: L2[L0[], L7[]], Eii: L2[L7[], L7[]], put: L2[V2, V3] -> V0 -> V1 -> L2[L7[], V1], tr: L7[]
[16:07:43.504332]	Exploring 0: L0[], 1: L0[], Ebi: L2[L0[], L0[]], Eib: L2[L0[], L7[]], Eii: L2[L7[], L7[]], put: L2[V2, V3] -> V0 -> V1 -> L2[L7[], V2], tr: L7[]
[16:07:43.505450]	Exploring 0: L0[], 1: L0[], Ebi: L2[L0[], L0[]], Eib: L2[L0[], L7[]], Eii: L2[L7[], L7[]], put: L2[V2, V3] -> V0 -> V1 -> L2[L7[], V3], tr: L7[]
[16:07:43.506492]	Exploring 0: L0[], 1: L0[], Ebi: L2[L0[], L0[]], Eib: L2[L0[], L7[]], Eii: L2[L7[], L7[]], put: L2[V2, V3] -> V0 -> V1 -> L2[V0, _9_], tr: L7[]
[16:07:43.507031]	Exploring 0: L0[], 1: L0[], Ebi: L2[L0[], L0[]], Eib: L2[L0[], L7[]], Eii: L2[L7[], L7[]], put: L2[V2, V3] -> V0 -> V1 -> L2[V0, L0[]], tr: L7[]
[16:07:43.508038]	Exploring 0: L0[], 1: L0[], Ebi: L2[L0[], L0[]], Eib: L2[L0[], L7[]], Eii: L2[L7[], L7[]], put: L2[V2, V3] -> V0 -> V1 -> L2[V0, L7[]], tr: L7[]
[16:07:43.509003]	Exploring 0: L0[], 1: L0[], Ebi: L2[L0[], L0[]], Eib: L2[L0[], L7[]], Eii: L2[L7[], L7[]], put: L2[V2, V3] -> V0 -> V1 -> L2[V0, V0], tr: L7[]
[16:07:43.509993]	Exploring 0: L0[], 1: L0[], Ebi: L2[L0[], L0[]], Eib: L2[L0[], L7[]], Eii: L2[L7[], L7[]], put: L2[V2, V3] -> V0 -> V1 -> L2[V0, V1], tr: L7[]
[16:07:43.510975]	Exploring 0: L0[], 1: L0[], Ebi: L2[L0[], L0[]], Eib: L2[L0[], L7[]], Eii: L2[L7[], L7[]], put: L2[V2, V3] -> V0 -> V1 -> L2[V0, V2], tr: L7[]
[16:07:43.511973]	Exploring 0: L0[], 1: L0[], Ebi: L2[L0[], L0[]], Eib: L2[L0[], L7[]], Eii: L2[L7[], L7[]], put: L2[V2, V3] -> V0 -> V1 -> L2[V0, V3], tr: L7[]
[16:07:43.514325]	Exploring 0: L0[], 1: L0[], Ebi: L2[L0[], L0[]], Eib: L2[L0[], L7[]], Eii: L2[L7[], L7[]], put: L2[V2, V3] -> V0 -> V1 -> L2[V1, _9_], tr: L7[]
[16:07:43.515167]	Exploring 0: L0[], 1: L0[], Ebi: L2[L0[], L0[]], Eib: L2[L0[], L7[]], Eii: L2[L7[], L7[]], put: L2[V2, V3] -> V0 -> V1 -> L2[V1, L0[]], tr: L7[]
[16:07:43.516216]	Exploring 0: L0[], 1: L0[], Ebi: L2[L0[], L0[]], Eib: L2[L0[], L7[]], Eii: L2[L7[], L7[]], put: L2[V2, V3] -> V0 -> V1 -> L2[V1, L7[]], tr: L7[]
[16:07:43.517288]	Exploring 0: L0[], 1: L0[], Ebi: L2[L0[], L0[]], Eib: L2[L0[], L7[]], Eii: L2[L7[], L7[]], put: L2[V2, V3] -> V0 -> V1 -> L2[V1, V0], tr: L7[]
[16:07:43.518295]	Exploring 0: L0[], 1: L0[], Ebi: L2[L0[], L0[]], Eib: L2[L0[], L7[]], Eii: L2[L7[], L7[]], put: L2[V2, V3] -> V0 -> V1 -> L2[V1, V1], tr: L7[]
[16:07:43.519277]	Exploring 0: L0[], 1: L0[], Ebi: L2[L0[], L0[]], Eib: L2[L0[], L7[]], Eii: L2[L7[], L7[]], put: L2[V2, V3] -> V0 -> V1 -> L2[V1, V2], tr: L7[]
[16:07:43.520284]	Exploring 0: L0[], 1: L0[], Ebi: L2[L0[], L0[]], Eib: L2[L0[], L7[]], Eii: L2[L7[], L7[]], put: L2[V2, V3] -> V0 -> V1 -> L2[V1, V3], tr: L7[]
[16:07:43.521196]	Exploring 0: L0[], 1: L0[], Ebi: L2[L0[], L0[]], Eib: L2[L0[], L7[]], Eii: L2[L7[], L7[]], put: L2[V2, V3] -> V0 -> V1 -> L2[V2, _9_], tr: L7[]
[16:07:43.521655]	Exploring 0: L0[], 1: L0[], Ebi: L2[L0[], L0[]], Eib: L2[L0[], L7[]], Eii: L2[L7[], L7[]], put: L2[V2, V3] -> V0 -> V1 -> L2[V2, L0[]], tr: L7[]
[16:07:43.522510]	Exploring 0: L0[], 1: L0[], Ebi: L2[L0[], L0[]], Eib: L2[L0[], L7[]], Eii: L2[L7[], L7[]], put: L2[V2, V3] -> V0 -> V1 -> L2[V2, L7[]], tr: L7[]
[16:07:43.523430]	Exploring 0: L0[], 1: L0[], Ebi: L2[L0[], L0[]], Eib: L2[L0[], L7[]], Eii: L2[L7[], L7[]], put: L2[V2, V3] -> V0 -> V1 -> L2[V2, V0], tr: L7[]
[16:07:43.524407]	Exploring 0: L0[], 1: L0[], Ebi: L2[L0[], L0[]], Eib: L2[L0[], L7[]], Eii: L2[L7[], L7[]], put: L2[V2, V3] -> V0 -> V1 -> L2[V2, V1], tr: L7[]
[16:07:43.525316]	Exploring 0: L0[], 1: L0[], Ebi: L2[L0[], L0[]], Eib: L2[L0[], L7[]], Eii: L2[L7[], L7[]], put: L2[V2, V3] -> V0 -> V1 -> L2[V2, V2], tr: L7[]
[16:07:43.526167]	Exploring 0: L0[], 1: L0[], Ebi: L2[L0[], L0[]], Eib: L2[L0[], L7[]], Eii: L2[L7[], L7[]], put: L2[V2, V3] -> V0 -> V1 -> L2[V2, V3], tr: L7[]
[16:07:43.527075]	Exploring 0: L0[], 1: L0[], Ebi: L2[L0[], L0[]], Eib: L2[L0[], L7[]], Eii: L2[L7[], L7[]], put: L2[V2, V3] -> V0 -> V1 -> L2[V3, _9_], tr: L7[]
[16:07:43.527579]	Exploring 0: L0[], 1: L0[], Ebi: L2[L0[], L0[]], Eib: L2[L0[], L7[]], Eii: L2[L7[], L7[]], put: L2[V2, V3] -> V0 -> V1 -> L2[V3, L0[]], tr: L7[]
[16:07:43.528869]	Exploring 0: L0[], 1: L0[], Ebi: L2[L0[], L0[]], Eib: L2[L0[], L7[]], Eii: L2[L7[], L7[]], put: L2[V2, V3] -> V0 -> V1 -> L2[V3, L7[]], tr: L7[]
[16:07:43.531084]	Exploring 0: L0[], 1: L0[], Ebi: L2[L0[], L0[]], Eib: L2[L0[], L7[]], Eii: L2[L7[], L7[]], put: L2[V2, V3] -> V0 -> V1 -> L2[V3, V0], tr: L7[]
[16:07:43.532119]	Exploring 0: L0[], 1: L0[], Ebi: L2[L0[], L0[]], Eib: L2[L0[], L7[]], Eii: L2[L7[], L7[]], put: L2[V2, V3] -> V0 -> V1 -> L2[V3, V1], tr: L7[]
[16:07:43.533074]	Exploring 0: L0[], 1: L0[], Ebi: L2[L0[], L0[]], Eib: L2[L0[], L7[]], Eii: L2[L7[], L7[]], put: L2[V2, V3] -> V0 -> V1 -> L2[V3, V2], tr: L7[]
[16:07:43.533976]	Exploring 0: L0[], 1: L0[], Ebi: L2[L0[], L0[]], Eib: L2[L0[], L7[]], Eii: L2[L7[], L7[]], put: L2[V2, V3] -> V0 -> V1 -> L2[V3, V3], tr: L7[]
[16:07:43.534681]	Exploring 0: L0[], 1: L0[], Ebi: L2[L0[], L0[]], Eib: L2[L7[], _3_], Eii: L2[_4_, _5_], put: L2[_6_, _7_] -> V0 -> V1 -> L2[_8_, _9_], tr: L7[]
[16:07:43.534922]	Exploring 0: L0[], 1: L0[], Ebi: L2[L0[], L0[]], Eib: L2[L7[], L0[]], Eii: L2[_4_, _5_], put: L2[_6_, _7_] -> V0 -> V1 -> L2[_8_, _9_], tr: L7[]
[16:07:43.535151]	Exploring 0: L0[], 1: L0[], Ebi: L2[L0[], L0[]], Eib: L2[L7[], L0[]], Eii: L2[L0[], _5_], put: L2[_6_, _7_] -> V0 -> V1 -> L2[_8_, _9_], tr: L7[]
[16:07:43.535379]	Exploring 0: L0[], 1: L0[], Ebi: L2[L0[], L0[]], Eib: L2[L7[], L0[]], Eii: L2[L0[], L0[]], put: L2[_6_, _7_] -> V0 -> V1 -> L2[_8_, _9_], tr: L7[]
[16:07:43.535788]	Exploring 0: L0[], 1: L0[], Ebi: L2[L0[], L0[]], Eib: L2[L7[], L0[]], Eii: L2[L0[], L0[]], put: L2[V1, _7_] -> V0 -> V1 -> L2[_8_, _9_], tr: L7[]
[16:07:43.536193]	Exploring 0: L0[], 1: L0[], Ebi: L2[L0[], L0[]], Eib: L2[L7[], L0[]], Eii: L2[L0[], L0[]], put: L2[V1, L0[]] -> V0 -> V1 -> L2[_8_, _9_], tr: L7[]
[16:07:43.536609]	Exploring 0: L0[], 1: L0[], Ebi: L2[L0[], L0[]], Eib: L2[L7[], L0[]], Eii: L2[L0[], L0[]], put: L2[V1, L0[]] -> V0 -> V1 -> L2[V1, _9_], tr: L7[]
[16:07:43.536989]	Exploring 0: L0[], 1: L0[], Ebi: L2[L0[], L0[]], Eib: L2[L7[], L0[]], Eii: L2[L0[], L0[]], put: L2[V1, L0[]] -> V0 -> V1 -> L2[V1, L0[]], tr: L7[]
[16:07:43.537921]	Exploring 0: L0[], 1: L0[], Ebi: L2[L0[], L0[]], Eib: L2[L7[], L0[]], Eii: L2[L0[], L0[]], put: L2[V1, V2] -> V0 -> V1 -> L2[_8_, _9_], tr: L7[]
[16:07:43.538365]	Exploring 0: L0[], 1: L0[], Ebi: L2[L0[], L0[]], Eib: L2[L7[], L0[]], Eii: L2[L0[], L0[]], put: L2[V1, V2] -> V0 -> V1 -> L2[V1, _9_], tr: L7[]
[16:07:43.538747]	Exploring 0: L0[], 1: L0[], Ebi: L2[L0[], L0[]], Eib: L2[L7[], L0[]], Eii: L2[L0[], L0[]], put: L2[V1, V2] -> V0 -> V1 -> L2[V1, L0[]], tr: L7[]
[16:07:43.539560]	Exploring 0: L0[], 1: L0[], Ebi: L2[L0[], L0[]], Eib: L2[L7[], L0[]], Eii: L2[L0[], L0[]], put: L2[V1, V2] -> V0 -> V1 -> L2[V1, L7[]], tr: L7[]
[16:07:43.540415]	Exploring 0: L0[], 1: L0[], Ebi: L2[L0[], L0[]], Eib: L2[L7[], L0[]], Eii: L2[L0[], L0[]], put: L2[V1, V2] -> V0 -> V1 -> L2[V1, V0], tr: L7[]
[16:07:43.541258]	Exploring 0: L0[], 1: L0[], Ebi: L2[L0[], L0[]], Eib: L2[L7[], L0[]], Eii: L2[L0[], L0[]], put: L2[V1, V2] -> V0 -> V1 -> L2[V1, V1], tr: L7[]
[16:07:43.542043]	Exploring 0: L0[], 1: L0[], Ebi: L2[L0[], L0[]], Eib: L2[L7[], L0[]], Eii: L2[L0[], L0[]], put: L2[V1, V2] -> V0 -> V1 -> L2[V1, V2], tr: L7[]
[16:07:43.546690]	Exploring 0: L0[], 1: L0[], Ebi: L2[L0[], L0[]], Eib: L2[L7[], L0[]], Eii: L2[L0[], L0[]], put: L2[V2, _7_] -> V0 -> V1 -> L2[_8_, _9_], tr: L7[]
[16:07:43.547423]	Exploring 0: L0[], 1: L0[], Ebi: L2[L0[], L0[]], Eib: L2[L7[], L0[]], Eii: L2[L0[], L0[]], put: L2[V2, L0[]] -> V0 -> V1 -> L2[_8_, _9_], tr: L7[]
[16:07:43.547739]	Exploring 0: L0[], 1: L0[], Ebi: L2[L0[], L0[]], Eib: L2[L7[], L0[]], Eii: L2[L0[], L0[]], put: L2[V2, L0[]] -> V0 -> V1 -> L2[L0[], _9_], tr: L7[]
[16:07:43.548120]	Exploring 0: L0[], 1: L0[], Ebi: L2[L0[], L0[]], Eib: L2[L7[], L0[]], Eii: L2[L0[], L0[]], put: L2[V2, L0[]] -> V0 -> V1 -> L2[L0[], L0[]], tr: L7[]
[16:07:43.549029]	Exploring 0: L0[], 1: L0[], Ebi: L2[L0[], L0[]], Eib: L2[L7[], L0[]], Eii: L2[L0[], L0[]], put: L2[V2, L0[]] -> V0 -> V1 -> L2[L7[], _9_], tr: L7[]
[16:07:43.549358]	Exploring 0: L0[], 1: L0[], Ebi: L2[L0[], L0[]], Eib: L2[L7[], L0[]], Eii: L2[L0[], L0[]], put: L2[V2, L0[]] -> V0 -> V1 -> L2[L7[], L0[]], tr: L7[]
[16:07:43.550082]	Exploring 0: L0[], 1: L0[], Ebi: L2[L0[], L0[]], Eib: L2[L7[], L0[]], Eii: L2[L0[], L0[]], put: L2[V2, L0[]] -> V0 -> V1 -> L2[V0, _9_], tr: L7[]
[16:07:43.550417]	Exploring 0: L0[], 1: L0[], Ebi: L2[L0[], L0[]], Eib: L2[L7[], L0[]], Eii: L2[L0[], L0[]], put: L2[V2, L0[]] -> V0 -> V1 -> L2[V0, L0[]], tr: L7[]
[16:07:43.551210]	Exploring 0: L0[], 1: L0[], Ebi: L2[L0[], L0[]], Eib: L2[L7[], L0[]], Eii: L2[L0[], L0[]], put: L2[V2, L0[]] -> V0 -> V1 -> L2[V1, _9_], tr: L7[]
[16:07:43.551588]	Exploring 0: L0[], 1: L0[], Ebi: L2[L0[], L0[]], Eib: L2[L7[], L0[]], Eii: L2[L0[], L0[]], put: L2[V2, L0[]] -> V0 -> V1 -> L2[V1, L0[]], tr: L7[]
[16:07:43.552366]	Exploring 0: L0[], 1: L0[], Ebi: L2[L0[], L0[]], Eib: L2[L7[], L0[]], Eii: L2[L0[], L0[]], put: L2[V2, L0[]] -> V0 -> V1 -> L2[V2, _9_], tr: L7[]
[16:07:43.552679]	Exploring 0: L0[], 1: L0[], Ebi: L2[L0[], L0[]], Eib: L2[L7[], L0[]], Eii: L2[L0[], L0[]], put: L2[V2, L0[]] -> V0 -> V1 -> L2[V2, L0[]], tr: L7[]
[16:07:43.553540]	Exploring 0: L0[], 1: L0[], Ebi: L2[L0[], L0[]], Eib: L2[L7[], L0[]], Eii: L2[L0[], L0[]], put: L2[V2, V3] -> V0 -> V1 -> L2[_8_, _9_], tr: L7[]
[16:07:43.553874]	Exploring 0: L0[], 1: L0[], Ebi: L2[L0[], L0[]], Eib: L2[L7[], L0[]], Eii: L2[L0[], L0[]], put: L2[V2, V3] -> V0 -> V1 -> L2[L0[], _9_], tr: L7[]
[16:07:43.554204]	Exploring 0: L0[], 1: L0[], Ebi: L2[L0[], L0[]], Eib: L2[L7[], L0[]], Eii: L2[L0[], L0[]], put: L2[V2, V3] -> V0 -> V1 -> L2[L0[], L0[]], tr: L7[]
[16:07:43.554848]	Exploring 0: L0[], 1: L0[], Ebi: L2[L0[], L0[]], Eib: L2[L7[], L0[]], Eii: L2[L0[], L0[]], put: L2[V2, V3] -> V0 -> V1 -> L2[L0[], L7[]], tr: L7[]
[16:07:43.555579]	Exploring 0: L0[], 1: L0[], Ebi: L2[L0[], L0[]], Eib: L2[L7[], L0[]], Eii: L2[L0[], L0[]], put: L2[V2, V3] -> V0 -> V1 -> L2[L0[], V0], tr: L7[]
[16:07:43.556407]	Exploring 0: L0[], 1: L0[], Ebi: L2[L0[], L0[]], Eib: L2[L7[], L0[]], Eii: L2[L0[], L0[]], put: L2[V2, V3] -> V0 -> V1 -> L2[L0[], V1], tr: L7[]
[16:07:43.557183]	Exploring 0: L0[], 1: L0[], Ebi: L2[L0[], L0[]], Eib: L2[L7[], L0[]], Eii: L2[L0[], L0[]], put: L2[V2, V3] -> V0 -> V1 -> L2[L0[], V2], tr: L7[]
[16:07:43.557886]	Exploring 0: L0[], 1: L0[], Ebi: L2[L0[], L0[]], Eib: L2[L7[], L0[]], Eii: L2[L0[], L0[]], put: L2[V2, V3] -> V0 -> V1 -> L2[L0[], V3], tr: L7[]
[16:07:43.558584]	Exploring 0: L0[], 1: L0[], Ebi: L2[L0[], L0[]], Eib: L2[L7[], L0[]], Eii: L2[L0[], L0[]], put: L2[V2, V3] -> V0 -> V1 -> L2[L7[], _9_], tr: L7[]
[16:07:43.558932]	Exploring 0: L0[], 1: L0[], Ebi: L2[L0[], L0[]], Eib: L2[L7[], L0[]], Eii: L2[L0[], L0[]], put: L2[V2, V3] -> V0 -> V1 -> L2[L7[], L0[]], tr: L7[]
[16:07:43.559833]	Exploring 0: L0[], 1: L0[], Ebi: L2[L0[], L0[]], Eib: L2[L7[], L0[]], Eii: L2[L0[], L0[]], put: L2[V2, V3] -> V0 -> V1 -> L2[L7[], L7[]], tr: L7[]
[16:07:43.561696]	Exploring 0: L0[], 1: L0[], Ebi: L2[L0[], L0[]], Eib: L2[L7[], L0[]], Eii: L2[L0[], L0[]], put: L2[V2, V3] -> V0 -> V1 -> L2[L7[], V0], tr: L7[]
[16:07:43.564023]	Exploring 0: L0[], 1: L0[], Ebi: L2[L0[], L0[]], Eib: L2[L7[], L0[]], Eii: L2[L0[], L0[]], put: L2[V2, V3] -> V0 -> V1 -> L2[L7[], V1], tr: L7[]
[16:07:43.566170]	Exploring 0: L0[], 1: L0[], Ebi: L2[L0[], L0[]], Eib: L2[L7[], L0[]], Eii: L2[L0[], L0[]], put: L2[V2, V3] -> V0 -> V1 -> L2[L7[], V2], tr: L7[]
[16:07:43.568125]	Exploring 0: L0[], 1: L0[], Ebi: L2[L0[], L0[]], Eib: L2[L7[], L0[]], Eii: L2[L0[], L0[]], put: L2[V2, V3] -> V0 -> V1 -> L2[L7[], V3], tr: L7[]
[16:07:43.570225]	Exploring 0: L0[], 1: L0[], Ebi: L2[L0[], L0[]], Eib: L2[L7[], L0[]], Eii: L2[L0[], L0[]], put: L2[V2, V3] -> V0 -> V1 -> L2[V0, _9_], tr: L7[]
[16:07:43.571448]	Exploring 0: L0[], 1: L0[], Ebi: L2[L0[], L0[]], Eib: L2[L7[], L0[]], Eii: L2[L0[], L0[]], put: L2[V2, V3] -> V0 -> V1 -> L2[V0, L0[]], tr: L7[]
[16:07:43.573254]	Exploring 0: L0[], 1: L0[], Ebi: L2[L0[], L0[]], Eib: L2[L7[], L0[]], Eii: L2[L0[], L0[]], put: L2[V2, V3] -> V0 -> V1 -> L2[V0, L7[]], tr: L7[]
[16:07:43.574040]	Exploring 0: L0[], 1: L0[], Ebi: L2[L0[], L0[]], Eib: L2[L7[], L0[]], Eii: L2[L0[], L0[]], put: L2[V2, V3] -> V0 -> V1 -> L2[V0, V0], tr: L7[]
[16:07:43.574807]	Exploring 0: L0[], 1: L0[], Ebi: L2[L0[], L0[]], Eib: L2[L7[], L0[]], Eii: L2[L0[], L0[]], put: L2[V2, V3] -> V0 -> V1 -> L2[V0, V1], tr: L7[]
[16:07:43.575591]	Exploring 0: L0[], 1: L0[], Ebi: L2[L0[], L0[]], Eib: L2[L7[], L0[]], Eii: L2[L0[], L0[]], put: L2[V2, V3] -> V0 -> V1 -> L2[V0, V2], tr: L7[]
[16:07:43.576340]	Exploring 0: L0[], 1: L0[], Ebi: L2[L0[], L0[]], Eib: L2[L7[], L0[]], Eii: L2[L0[], L0[]], put: L2[V2, V3] -> V0 -> V1 -> L2[V0, V3], tr: L7[]
[16:07:43.577097]	Exploring 0: L0[], 1: L0[], Ebi: L2[L0[], L0[]], Eib: L2[L7[], L0[]], Eii: L2[L0[], L0[]], put: L2[V2, V3] -> V0 -> V1 -> L2[V1, _9_], tr: L7[]
[16:07:43.577532]	Exploring 0: L0[], 1: L0[], Ebi: L2[L0[], L0[]], Eib: L2[L7[], L0[]], Eii: L2[L0[], L0[]], put: L2[V2, V3] -> V0 -> V1 -> L2[V1, L0[]], tr: L7[]
[16:07:43.578335]	Exploring 0: L0[], 1: L0[], Ebi: L2[L0[], L0[]], Eib: L2[L7[], L0[]], Eii: L2[L0[], L0[]], put: L2[V2, V3] -> V0 -> V1 -> L2[V1, L7[]], tr: L7[]
[16:07:43.579150]	Exploring 0: L0[], 1: L0[], Ebi: L2[L0[], L0[]], Eib: L2[L7[], L0[]], Eii: L2[L0[], L0[]], put: L2[V2, V3] -> V0 -> V1 -> L2[V1, V0], tr: L7[]
[16:07:43.579957]	Exploring 0: L0[], 1: L0[], Ebi: L2[L0[], L0[]], Eib: L2[L7[], L0[]], Eii: L2[L0[], L0[]], put: L2[V2, V3] -> V0 -> V1 -> L2[V1, V1], tr: L7[]
[16:07:43.580751]	Exploring 0: L0[], 1: L0[], Ebi: L2[L0[], L0[]], Eib: L2[L7[], L0[]], Eii: L2[L0[], L0[]], put: L2[V2, V3] -> V0 -> V1 -> L2[V1, V2], tr: L7[]
[16:07:43.581529]	Exploring 0: L0[], 1: L0[], Ebi: L2[L0[], L0[]], Eib: L2[L7[], L0[]], Eii: L2[L0[], L0[]], put: L2[V2, V3] -> V0 -> V1 -> L2[V1, V3], tr: L7[]
[16:07:43.582238]	Exploring 0: L0[], 1: L0[], Ebi: L2[L0[], L0[]], Eib: L2[L7[], L0[]], Eii: L2[L0[], L0[]], put: L2[V2, V3] -> V0 -> V1 -> L2[V2, _9_], tr: L7[]
[16:07:43.582601]	Exploring 0: L0[], 1: L0[], Ebi: L2[L0[], L0[]], Eib: L2[L7[], L0[]], Eii: L2[L0[], L0[]], put: L2[V2, V3] -> V0 -> V1 -> L2[V2, L0[]], tr: L7[]
[16:07:43.583262]	Exploring 0: L0[], 1: L0[], Ebi: L2[L0[], L0[]], Eib: L2[L7[], L0[]], Eii: L2[L0[], L0[]], put: L2[V2, V3] -> V0 -> V1 -> L2[V2, L7[]], tr: L7[]
[16:07:43.584063]	Exploring 0: L0[], 1: L0[], Ebi: L2[L0[], L0[]], Eib: L2[L7[], L0[]], Eii: L2[L0[], L0[]], put: L2[V2, V3] -> V0 -> V1 -> L2[V2, V0], tr: L7[]
[16:07:43.584844]	Exploring 0: L0[], 1: L0[], Ebi: L2[L0[], L0[]], Eib: L2[L7[], L0[]], Eii: L2[L0[], L0[]], put: L2[V2, V3] -> V0 -> V1 -> L2[V2, V1], tr: L7[]
[16:07:43.585550]	Exploring 0: L0[], 1: L0[], Ebi: L2[L0[], L0[]], Eib: L2[L7[], L0[]], Eii: L2[L0[], L0[]], put: L2[V2, V3] -> V0 -> V1 -> L2[V2, V2], tr: L7[]
[16:07:43.586214]	Exploring 0: L0[], 1: L0[], Ebi: L2[L0[], L0[]], Eib: L2[L7[], L0[]], Eii: L2[L0[], L0[]], put: L2[V2, V3] -> V0 -> V1 -> L2[V2, V3], tr: L7[]
[16:07:43.586900]	Exploring 0: L0[], 1: L0[], Ebi: L2[L0[], L0[]], Eib: L2[L7[], L0[]], Eii: L2[L0[], L0[]], put: L2[V2, V3] -> V0 -> V1 -> L2[V3, _9_], tr: L7[]
[16:07:43.587289]	Exploring 0: L0[], 1: L0[], Ebi: L2[L0[], L0[]], Eib: L2[L7[], L0[]], Eii: L2[L0[], L0[]], put: L2[V2, V3] -> V0 -> V1 -> L2[V3, L0[]], tr: L7[]
[16:07:43.588021]	Exploring 0: L0[], 1: L0[], Ebi: L2[L0[], L0[]], Eib: L2[L7[], L0[]], Eii: L2[L0[], L0[]], put: L2[V2, V3] -> V0 -> V1 -> L2[V3, L7[]], tr: L7[]
[16:07:43.588741]	Exploring 0: L0[], 1: L0[], Ebi: L2[L0[], L0[]], Eib: L2[L7[], L0[]], Eii: L2[L0[], L0[]], put: L2[V2, V3] -> V0 -> V1 -> L2[V3, V0], tr: L7[]
[16:07:43.589531]	Exploring 0: L0[], 1: L0[], Ebi: L2[L0[], L0[]], Eib: L2[L7[], L0[]], Eii: L2[L0[], L0[]], put: L2[V2, V3] -> V0 -> V1 -> L2[V3, V1], tr: L7[]
[16:07:43.590257]	Exploring 0: L0[], 1: L0[], Ebi: L2[L0[], L0[]], Eib: L2[L7[], L0[]], Eii: L2[L0[], L0[]], put: L2[V2, V3] -> V0 -> V1 -> L2[V3, V2], tr: L7[]
[16:07:43.590945]	Exploring 0: L0[], 1: L0[], Ebi: L2[L0[], L0[]], Eib: L2[L7[], L0[]], Eii: L2[L0[], L0[]], put: L2[V2, V3] -> V0 -> V1 -> L2[V3, V3], tr: L7[]
[16:07:43.591486]	Exploring 0: L0[], 1: L0[], Ebi: L2[L0[], L0[]], Eib: L2[L7[], L0[]], Eii: L2[L0[], L7[]], put: L2[_6_, _7_] -> V0 -> V1 -> L2[_8_, _9_], tr: L7[]
[16:07:43.591979]	Exploring 0: L0[], 1: L0[], Ebi: L2[L0[], L0[]], Eib: L2[L7[], L0[]], Eii: L2[L0[], L7[]], put: L2[V1, _7_] -> V0 -> V1 -> L2[_8_, _9_], tr: L7[]
[16:07:43.592686]	Exploring 0: L0[], 1: L0[], Ebi: L2[L0[], L0[]], Eib: L2[L7[], L0[]], Eii: L2[L0[], L7[]], put: L2[V1, V2] -> V0 -> V1 -> L2[_8_, _9_], tr: L7[]
[16:07:43.593381]	Exploring 0: L0[], 1: L0[], Ebi: L2[L0[], L0[]], Eib: L2[L7[], L0[]], Eii: L2[L0[], L7[]], put: L2[V1, V2] -> V0 -> V1 -> L2[V1, _9_], tr: L7[]
[16:07:43.593691]	Exploring 0: L0[], 1: L0[], Ebi: L2[L0[], L0[]], Eib: L2[L7[], L0[]], Eii: L2[L0[], L7[]], put: L2[V1, V2] -> V0 -> V1 -> L2[V1, L0[]], tr: L7[]
[16:07:43.594244]	Exploring 0: L0[], 1: L0[], Ebi: L2[L0[], L0[]], Eib: L2[L7[], L0[]], Eii: L2[L0[], L7[]], put: L2[V1, V2] -> V0 -> V1 -> L2[V1, L7[]], tr: L7[]
[16:07:43.594862]	Exploring 0: L0[], 1: L0[], Ebi: L2[L0[], L0[]], Eib: L2[L7[], L0[]], Eii: L2[L0[], L7[]], put: L2[V1, V2] -> V0 -> V1 -> L2[V1, V0], tr: L7[]
[16:07:43.595502]	Exploring 0: L0[], 1: L0[], Ebi: L2[L0[], L0[]], Eib: L2[L7[], L0[]], Eii: L2[L0[], L7[]], put: L2[V1, V2] -> V0 -> V1 -> L2[V1, V1], tr: L7[]
[16:07:43.596085]	Exploring 0: L0[], 1: L0[], Ebi: L2[L0[], L0[]], Eib: L2[L7[], L0[]], Eii: L2[L0[], L7[]], put: L2[V1, V2] -> V0 -> V1 -> L2[V1, V2], tr: L7[]
[16:07:43.596677]	Exploring 0: L0[], 1: L0[], Ebi: L2[L0[], L0[]], Eib: L2[L7[], L0[]], Eii: L2[L0[], L7[]], put: L2[V2, _7_] -> V0 -> V1 -> L2[_8_, _9_], tr: L7[]
[16:07:43.597096]	Exploring 0: L0[], 1: L0[], Ebi: L2[L0[], L0[]], Eib: L2[L7[], L0[]], Eii: L2[L0[], L7[]], put: L2[V2, V3] -> V0 -> V1 -> L2[_8_, _9_], tr: L7[]
[16:07:43.597407]	Exploring 0: L0[], 1: L0[], Ebi: L2[L0[], L0[]], Eib: L2[L7[], L0[]], Eii: L2[L0[], L7[]], put: L2[V2, V3] -> V0 -> V1 -> L2[L0[], _9_], tr: L7[]
[16:07:43.597722]	Exploring 0: L0[], 1: L0[], Ebi: L2[L0[], L0[]], Eib: L2[L7[], L0[]], Eii: L2[L0[], L7[]], put: L2[V2, V3] -> V0 -> V1 -> L2[L0[], L0[]], tr: L7[]
[16:07:43.598321]	Exploring 0: L0[], 1: L0[], Ebi: L2[L0[], L0[]], Eib: L2[L7[], L0[]], Eii: L2[L0[], L7[]], put: L2[V2, V3] -> V0 -> V1 -> L2[L0[], L7[]], tr: L7[]
[16:07:43.598977]	Exploring 0: L0[], 1: L0[], Ebi: L2[L0[], L0[]], Eib: L2[L7[], L0[]], Eii: L2[L0[], L7[]], put: L2[V2, V3] -> V0 -> V1 -> L2[L0[], V0], tr: L7[]
[16:07:43.599770]	Exploring 0: L0[], 1: L0[], Ebi: L2[L0[], L0[]], Eib: L2[L7[], L0[]], Eii: L2[L0[], L7[]], put: L2[V2, V3] -> V0 -> V1 -> L2[L0[], V1], tr: L7[]
[16:07:43.600786]	Exploring 0: L0[], 1: L0[], Ebi: L2[L0[], L0[]], Eib: L2[L7[], L0[]], Eii: L2[L0[], L7[]], put: L2[V2, V3] -> V0 -> V1 -> L2[L0[], V2], tr: L7[]
[16:07:43.601574]	Exploring 0: L0[], 1: L0[], Ebi: L2[L0[], L0[]], Eib: L2[L7[], L0[]], Eii: L2[L0[], L7[]], put: L2[V2, V3] -> V0 -> V1 -> L2[L0[], V3], tr: L7[]
[16:07:43.602218]	Exploring 0: L0[], 1: L0[], Ebi: L2[L0[], L0[]], Eib: L2[L7[], L0[]], Eii: L2[L0[], L7[]], put: L2[V2, V3] -> V0 -> V1 -> L2[L7[], _9_], tr: L7[]
[16:07:43.602552]	Exploring 0: L0[], 1: L0[], Ebi: L2[L0[], L0[]], Eib: L2[L7[], L0[]], Eii: L2[L0[], L7[]], put: L2[V2, V3] -> V0 -> V1 -> L2[L7[], L0[]], tr: L7[]
[16:07:43.603163]	Exploring 0: L0[], 1: L0[], Ebi: L2[L0[], L0[]], Eib: L2[L7[], L0[]], Eii: L2[L0[], L7[]], put: L2[V2, V3] -> V0 -> V1 -> L2[L7[], L7[]], tr: L7[]
[16:07:43.603845]	Exploring 0: L0[], 1: L0[], Ebi: L2[L0[], L0[]], Eib: L2[L7[], L0[]], Eii: L2[L0[], L7[]], put: L2[V2, V3] -> V0 -> V1 -> L2[L7[], V0], tr: L7[]
[16:07:43.604611]	Exploring 0: L0[], 1: L0[], Ebi: L2[L0[], L0[]], Eib: L2[L7[], L0[]], Eii: L2[L0[], L7[]], put: L2[V2, V3] -> V0 -> V1 -> L2[L7[], V1], tr: L7[]
[16:07:43.605320]	Exploring 0: L0[], 1: L0[], Ebi: L2[L0[], L0[]], Eib: L2[L7[], L0[]], Eii: L2[L0[], L7[]], put: L2[V2, V3] -> V0 -> V1 -> L2[L7[], V2], tr: L7[]
[16:07:43.606075]	Exploring 0: L0[], 1: L0[], Ebi: L2[L0[], L0[]], Eib: L2[L7[], L0[]], Eii: L2[L0[], L7[]], put: L2[V2, V3] -> V0 -> V1 -> L2[L7[], V3], tr: L7[]
[16:07:43.606796]	Exploring 0: L0[], 1: L0[], Ebi: L2[L0[], L0[]], Eib: L2[L7[], L0[]], Eii: L2[L0[], L7[]], put: L2[V2, V3] -> V0 -> V1 -> L2[V0, _9_], tr: L7[]
[16:07:43.607210]	Exploring 0: L0[], 1: L0[], Ebi: L2[L0[], L0[]], Eib: L2[L7[], L0[]], Eii: L2[L0[], L7[]], put: L2[V2, V3] -> V0 -> V1 -> L2[V0, L0[]], tr: L7[]
[16:07:43.607968]	Exploring 0: L0[], 1: L0[], Ebi: L2[L0[], L0[]], Eib: L2[L7[], L0[]], Eii: L2[L0[], L7[]], put: L2[V2, V3] -> V0 -> V1 -> L2[V0, L7[]], tr: L7[]
[16:07:43.608481]	Exploring 0: L0[], 1: L0[], Ebi: L2[L0[], L0[]], Eib: L2[L7[], L0[]], Eii: L2[L0[], L7[]], put: L2[V2, V3] -> V0 -> V1 -> L2[V0, V0], tr: L7[]
[16:07:43.608869]	Exploring 0: L0[], 1: L0[], Ebi: L2[L0[], L0[]], Eib: L2[L7[], L0[]], Eii: L2[L0[], L7[]], put: L2[V2, V3] -> V0 -> V1 -> L2[V0, V1], tr: L7[]
[16:07:43.609239]	Exploring 0: L0[], 1: L0[], Ebi: L2[L0[], L0[]], Eib: L2[L7[], L0[]], Eii: L2[L0[], L7[]], put: L2[V2, V3] -> V0 -> V1 -> L2[V0, V2], tr: L7[]
[16:07:43.609628]	Exploring 0: L0[], 1: L0[], Ebi: L2[L0[], L0[]], Eib: L2[L7[], L0[]], Eii: L2[L0[], L7[]], put: L2[V2, V3] -> V0 -> V1 -> L2[V0, V3], tr: L7[]
[16:07:43.610015]	Exploring 0: L0[], 1: L0[], Ebi: L2[L0[], L0[]], Eib: L2[L7[], L0[]], Eii: L2[L0[], L7[]], put: L2[V2, V3] -> V0 -> V1 -> L2[V1, _9_], tr: L7[]
[16:07:43.610254]	Exploring 0: L0[], 1: L0[], Ebi: L2[L0[], L0[]], Eib: L2[L7[], L0[]], Eii: L2[L0[], L7[]], put: L2[V2, V3] -> V0 -> V1 -> L2[V1, L0[]], tr: L7[]
[16:07:43.610634]	Exploring 0: L0[], 1: L0[], Ebi: L2[L0[], L0[]], Eib: L2[L7[], L0[]], Eii: L2[L0[], L7[]], put: L2[V2, V3] -> V0 -> V1 -> L2[V1, L7[]], tr: L7[]
[16:07:43.611013]	Exploring 0: L0[], 1: L0[], Ebi: L2[L0[], L0[]], Eib: L2[L7[], L0[]], Eii: L2[L0[], L7[]], put: L2[V2, V3] -> V0 -> V1 -> L2[V1, V0], tr: L7[]
[16:07:43.611388]	Exploring 0: L0[], 1: L0[], Ebi: L2[L0[], L0[]], Eib: L2[L7[], L0[]], Eii: L2[L0[], L7[]], put: L2[V2, V3] -> V0 -> V1 -> L2[V1, V1], tr: L7[]
[16:07:43.611782]	Exploring 0: L0[], 1: L0[], Ebi: L2[L0[], L0[]], Eib: L2[L7[], L0[]], Eii: L2[L0[], L7[]], put: L2[V2, V3] -> V0 -> V1 -> L2[V1, V2], tr: L7[]
[16:07:43.612155]	Exploring 0: L0[], 1: L0[], Ebi: L2[L0[], L0[]], Eib: L2[L7[], L0[]], Eii: L2[L0[], L7[]], put: L2[V2, V3] -> V0 -> V1 -> L2[V1, V3], tr: L7[]
[16:07:43.612531]	Exploring 0: L0[], 1: L0[], Ebi: L2[L0[], L0[]], Eib: L2[L7[], L0[]], Eii: L2[L0[], L7[]], put: L2[V2, V3] -> V0 -> V1 -> L2[V2, _9_], tr: L7[]
[16:07:43.612760]	Exploring 0: L0[], 1: L0[], Ebi: L2[L0[], L0[]], Eib: L2[L7[], L0[]], Eii: L2[L0[], L7[]], put: L2[V2, V3] -> V0 -> V1 -> L2[V2, L0[]], tr: L7[]
[16:07:43.613267]	Exploring 0: L0[], 1: L0[], Ebi: L2[L0[], L0[]], Eib: L2[L7[], L0[]], Eii: L2[L0[], L7[]], put: L2[V2, V3] -> V0 -> V1 -> L2[V2, L7[]], tr: L7[]
[16:07:43.613801]	Exploring 0: L0[], 1: L0[], Ebi: L2[L0[], L0[]], Eib: L2[L7[], L0[]], Eii: L2[L0[], L7[]], put: L2[V2, V3] -> V0 -> V1 -> L2[V2, V0], tr: L7[]
[16:07:43.614202]	Exploring 0: L0[], 1: L0[], Ebi: L2[L0[], L0[]], Eib: L2[L7[], L0[]], Eii: L2[L0[], L7[]], put: L2[V2, V3] -> V0 -> V1 -> L2[V2, V1], tr: L7[]
[16:07:43.614575]	Exploring 0: L0[], 1: L0[], Ebi: L2[L0[], L0[]], Eib: L2[L7[], L0[]], Eii: L2[L0[], L7[]], put: L2[V2, V3] -> V0 -> V1 -> L2[V2, V2], tr: L7[]
[16:07:43.614933]	Exploring 0: L0[], 1: L0[], Ebi: L2[L0[], L0[]], Eib: L2[L7[], L0[]], Eii: L2[L0[], L7[]], put: L2[V2, V3] -> V0 -> V1 -> L2[V2, V3], tr: L7[]
[16:07:43.615301]	Exploring 0: L0[], 1: L0[], Ebi: L2[L0[], L0[]], Eib: L2[L7[], L0[]], Eii: L2[L0[], L7[]], put: L2[V2, V3] -> V0 -> V1 -> L2[V3, _9_], tr: L7[]
[16:07:43.615556]	Exploring 0: L0[], 1: L0[], Ebi: L2[L0[], L0[]], Eib: L2[L7[], L0[]], Eii: L2[L0[], L7[]], put: L2[V2, V3] -> V0 -> V1 -> L2[V3, L0[]], tr: L7[]
[16:07:43.615937]	Exploring 0: L0[], 1: L0[], Ebi: L2[L0[], L0[]], Eib: L2[L7[], L0[]], Eii: L2[L0[], L7[]], put: L2[V2, V3] -> V0 -> V1 -> L2[V3, L7[]], tr: L7[]
[16:07:43.616317]	Exploring 0: L0[], 1: L0[], Ebi: L2[L0[], L0[]], Eib: L2[L7[], L0[]], Eii: L2[L0[], L7[]], put: L2[V2, V3] -> V0 -> V1 -> L2[V3, V0], tr: L7[]
[16:07:43.616700]	Exploring 0: L0[], 1: L0[], Ebi: L2[L0[], L0[]], Eib: L2[L7[], L0[]], Eii: L2[L0[], L7[]], put: L2[V2, V3] -> V0 -> V1 -> L2[V3, V1], tr: L7[]
[16:07:43.617074]	Exploring 0: L0[], 1: L0[], Ebi: L2[L0[], L0[]], Eib: L2[L7[], L0[]], Eii: L2[L0[], L7[]], put: L2[V2, V3] -> V0 -> V1 -> L2[V3, V2], tr: L7[]
[16:07:43.617434]	Exploring 0: L0[], 1: L0[], Ebi: L2[L0[], L0[]], Eib: L2[L7[], L0[]], Eii: L2[L0[], L7[]], put: L2[V2, V3] -> V0 -> V1 -> L2[V3, V3], tr: L7[]
[16:07:43.617756]	Exploring 0: L0[], 1: L0[], Ebi: L2[L0[], L0[]], Eib: L2[L7[], L0[]], Eii: L2[L7[], _5_], put: L2[_6_, _7_] -> V0 -> V1 -> L2[_8_, _9_], tr: L7[]
[16:07:43.617916]	Exploring 0: L0[], 1: L0[], Ebi: L2[L0[], L0[]], Eib: L2[L7[], L0[]], Eii: L2[L7[], L0[]], put: L2[_6_, _7_] -> V0 -> V1 -> L2[_8_, _9_], tr: L7[]
[16:07:43.618235]	Exploring 0: L0[], 1: L0[], Ebi: L2[L0[], L0[]], Eib: L2[L7[], L0[]], Eii: L2[L7[], L0[]], put: L2[V2, _7_] -> V0 -> V1 -> L2[_8_, _9_], tr: L7[]
[16:07:43.618422]	Exploring 0: L0[], 1: L0[], Ebi: L2[L0[], L0[]], Eib: L2[L7[], L0[]], Eii: L2[L7[], L0[]], put: L2[V2, L0[]] -> V0 -> V1 -> L2[_8_, _9_], tr: L7[]
[16:07:43.618604]	Exploring 0: L0[], 1: L0[], Ebi: L2[L0[], L0[]], Eib: L2[L7[], L0[]], Eii: L2[L7[], L0[]], put: L2[V2, L0[]] -> V0 -> V1 -> L2[L0[], _9_], tr: L7[]
[16:07:43.618796]	Exploring 0: L0[], 1: L0[], Ebi: L2[L0[], L0[]], Eib: L2[L7[], L0[]], Eii: L2[L7[], L0[]], put: L2[V2, L0[]] -> V0 -> V1 -> L2[L0[], L0[]], tr: L7[]
[16:07:43.619219]	Exploring 0: L0[], 1: L0[], Ebi: L2[L0[], L0[]], Eib: L2[L7[], L0[]], Eii: L2[L7[], L0[]], put: L2[V2, L0[]] -> V0 -> V1 -> L2[L7[], _9_], tr: L7[]
[16:07:43.619453]	Exploring 0: L0[], 1: L0[], Ebi: L2[L0[], L0[]], Eib: L2[L7[], L0[]], Eii: L2[L7[], L0[]], put: L2[V2, L0[]] -> V0 -> V1 -> L2[L7[], L0[]], tr: L7[]
[16:07:43.620050]	Exploring 0: L0[], 1: L0[], Ebi: L2[L0[], L0[]], Eib: L2[L7[], L0[]], Eii: L2[L7[], L0[]], put: L2[V2, L0[]] -> V0 -> V1 -> L2[V0, _9_], tr: L7[]
[16:07:43.620279]	Exploring 0: L0[], 1: L0[], Ebi: L2[L0[], L0[]], Eib: L2[L7[], L0[]], Eii: L2[L7[], L0[]], put: L2[V2, L0[]] -> V0 -> V1 -> L2[V0, L0[]], tr: L7[]
[16:07:43.620709]	Exploring 0: L0[], 1: L0[], Ebi: L2[L0[], L0[]], Eib: L2[L7[], L0[]], Eii: L2[L7[], L0[]], put: L2[V2, L0[]] -> V0 -> V1 -> L2[V1, _9_], tr: L7[]
[16:07:43.620921]	Exploring 0: L0[], 1: L0[], Ebi: L2[L0[], L0[]], Eib: L2[L7[], L0[]], Eii: L2[L7[], L0[]], put: L2[V2, L0[]] -> V0 -> V1 -> L2[V1, L0[]], tr: L7[]
[16:07:43.621341]	Exploring 0: L0[], 1: L0[], Ebi: L2[L0[], L0[]], Eib: L2[L7[], L0[]], Eii: L2[L7[], L0[]], put: L2[V2, L0[]] -> V0 -> V1 -> L2[V2, _9_], tr: L7[]
[16:07:43.621536]	Exploring 0: L0[], 1: L0[], Ebi: L2[L0[], L0[]], Eib: L2[L7[], L0[]], Eii: L2[L7[], L0[]], put: L2[V2, L0[]] -> V0 -> V1 -> L2[V2, L0[]], tr: L7[]
[16:07:43.622017]	Exploring 0: L0[], 1: L0[], Ebi: L2[L0[], L0[]], Eib: L2[L7[], L0[]], Eii: L2[L7[], L0[]], put: L2[V2, V3] -> V0 -> V1 -> L2[_8_, _9_], tr: L7[]
[16:07:43.622209]	Exploring 0: L0[], 1: L0[], Ebi: L2[L0[], L0[]], Eib: L2[L7[], L0[]], Eii: L2[L7[], L0[]], put: L2[V2, V3] -> V0 -> V1 -> L2[L0[], _9_], tr: L7[]
[16:07:43.622408]	Exploring 0: L0[], 1: L0[], Ebi: L2[L0[], L0[]], Eib: L2[L7[], L0[]], Eii: L2[L7[], L0[]], put: L2[V2, V3] -> V0 -> V1 -> L2[L0[], L0[]], tr: L7[]
[16:07:43.622763]	Exploring 0: L0[], 1: L0[], Ebi: L2[L0[], L0[]], Eib: L2[L7[], L0[]], Eii: L2[L7[], L0[]], put: L2[V2, V3] -> V0 -> V1 -> L2[L0[], L7[]], tr: L7[]
[16:07:43.623141]	Exploring 0: L0[], 1: L0[], Ebi: L2[L0[], L0[]], Eib: L2[L7[], L0[]], Eii: L2[L7[], L0[]], put: L2[V2, V3] -> V0 -> V1 -> L2[L0[], V0], tr: L7[]
[16:07:43.623631]	Exploring 0: L0[], 1: L0[], Ebi: L2[L0[], L0[]], Eib: L2[L7[], L0[]], Eii: L2[L7[], L0[]], put: L2[V2, V3] -> V0 -> V1 -> L2[L0[], V1], tr: L7[]
[16:07:43.624002]	Exploring 0: L0[], 1: L0[], Ebi: L2[L0[], L0[]], Eib: L2[L7[], L0[]], Eii: L2[L7[], L0[]], put: L2[V2, V3] -> V0 -> V1 -> L2[L0[], V2], tr: L7[]
[16:07:43.624369]	Exploring 0: L0[], 1: L0[], Ebi: L2[L0[], L0[]], Eib: L2[L7[], L0[]], Eii: L2[L7[], L0[]], put: L2[V2, V3] -> V0 -> V1 -> L2[L0[], V3], tr: L7[]
[16:07:43.624727]	Exploring 0: L0[], 1: L0[], Ebi: L2[L0[], L0[]], Eib: L2[L7[], L0[]], Eii: L2[L7[], L0[]], put: L2[V2, V3] -> V0 -> V1 -> L2[L7[], _9_], tr: L7[]
[16:07:43.624938]	Exploring 0: L0[], 1: L0[], Ebi: L2[L0[], L0[]], Eib: L2[L7[], L0[]], Eii: L2[L7[], L0[]], put: L2[V2, V3] -> V0 -> V1 -> L2[L7[], L0[]], tr: L7[]
[16:07:43.625294]	Exploring 0: L0[], 1: L0[], Ebi: L2[L0[], L0[]], Eib: L2[L7[], L0[]], Eii: L2[L7[], L0[]], put: L2[V2, V3] -> V0 -> V1 -> L2[L7[], L7[]], tr: L7[]
[16:07:43.625680]	Exploring 0: L0[], 1: L0[], Ebi: L2[L0[], L0[]], Eib: L2[L7[], L0[]], Eii: L2[L7[], L0[]], put: L2[V2, V3] -> V0 -> V1 -> L2[L7[], V0], tr: L7[]
[16:07:43.626095]	Exploring 0: L0[], 1: L0[], Ebi: L2[L0[], L0[]], Eib: L2[L7[], L0[]], Eii: L2[L7[], L0[]], put: L2[V2, V3] -> V0 -> V1 -> L2[L7[], V1], tr: L7[]
[16:07:43.626473]	Exploring 0: L0[], 1: L0[], Ebi: L2[L0[], L0[]], Eib: L2[L7[], L0[]], Eii: L2[L7[], L0[]], put: L2[V2, V3] -> V0 -> V1 -> L2[L7[], V2], tr: L7[]
[16:07:43.626866]	Exploring 0: L0[], 1: L0[], Ebi: L2[L0[], L0[]], Eib: L2[L7[], L0[]], Eii: L2[L7[], L0[]], put: L2[V2, V3] -> V0 -> V1 -> L2[L7[], V3], tr: L7[]
[16:07:43.627267]	Exploring 0: L0[], 1: L0[], Ebi: L2[L0[], L0[]], Eib: L2[L7[], L0[]], Eii: L2[L7[], L0[]], put: L2[V2, V3] -> V0 -> V1 -> L2[V0, _9_], tr: L7[]
[16:07:43.627544]	Exploring 0: L0[], 1: L0[], Ebi: L2[L0[], L0[]], Eib: L2[L7[], L0[]], Eii: L2[L7[], L0[]], put: L2[V2, V3] -> V0 -> V1 -> L2[V0, L0[]], tr: L7[]
[16:07:43.627963]	Exploring 0: L0[], 1: L0[], Ebi: L2[L0[], L0[]], Eib: L2[L7[], L0[]], Eii: L2[L7[], L0[]], put: L2[V2, V3] -> V0 -> V1 -> L2[V0, L7[]], tr: L7[]
[16:07:43.628372]	Exploring 0: L0[], 1: L0[], Ebi: L2[L0[], L0[]], Eib: L2[L7[], L0[]], Eii: L2[L7[], L0[]], put: L2[V2, V3] -> V0 -> V1 -> L2[V0, V0], tr: L7[]
[16:07:43.628781]	Exploring 0: L0[], 1: L0[], Ebi: L2[L0[], L0[]], Eib: L2[L7[], L0[]], Eii: L2[L7[], L0[]], put: L2[V2, V3] -> V0 -> V1 -> L2[V0, V1], tr: L7[]
[16:07:43.629191]	Exploring 0: L0[], 1: L0[], Ebi: L2[L0[], L0[]], Eib: L2[L7[], L0[]], Eii: L2[L7[], L0[]], put: L2[V2, V3] -> V0 -> V1 -> L2[V0, V2], tr: L7[]
[16:07:43.629593]	Exploring 0: L0[], 1: L0[], Ebi: L2[L0[], L0[]], Eib: L2[L7[], L0[]], Eii: L2[L7[], L0[]], put: L2[V2, V3] -> V0 -> V1 -> L2[V0, V3], tr: L7[]
[16:07:43.630010]	Exploring 0: L0[], 1: L0[], Ebi: L2[L0[], L0[]], Eib: L2[L7[], L0[]], Eii: L2[L7[], L0[]], put: L2[V2, V3] -> V0 -> V1 -> L2[V1, _9_], tr: L7[]
[16:07:43.630250]	Exploring 0: L0[], 1: L0[], Ebi: L2[L0[], L0[]], Eib: L2[L7[], L0[]], Eii: L2[L7[], L0[]], put: L2[V2, V3] -> V0 -> V1 -> L2[V1, L0[]], tr: L7[]
[16:07:43.630652]	Exploring 0: L0[], 1: L0[], Ebi: L2[L0[], L0[]], Eib: L2[L7[], L0[]], Eii: L2[L7[], L0[]], put: L2[V2, V3] -> V0 -> V1 -> L2[V1, L7[]], tr: L7[]
[16:07:43.631049]	Exploring 0: L0[], 1: L0[], Ebi: L2[L0[], L0[]], Eib: L2[L7[], L0[]], Eii: L2[L7[], L0[]], put: L2[V2, V3] -> V0 -> V1 -> L2[V1, V0], tr: L7[]
[16:07:43.631479]	Exploring 0: L0[], 1: L0[], Ebi: L2[L0[], L0[]], Eib: L2[L7[], L0[]], Eii: L2[L7[], L0[]], put: L2[V2, V3] -> V0 -> V1 -> L2[V1, V1], tr: L7[]
[16:07:43.631857]	Exploring 0: L0[], 1: L0[], Ebi: L2[L0[], L0[]], Eib: L2[L7[], L0[]], Eii: L2[L7[], L0[]], put: L2[V2, V3] -> V0 -> V1 -> L2[V1, V2], tr: L7[]
[16:07:43.632220]	Exploring 0: L0[], 1: L0[], Ebi: L2[L0[], L0[]], Eib: L2[L7[], L0[]], Eii: L2[L7[], L0[]], put: L2[V2, V3] -> V0 -> V1 -> L2[V1, V3], tr: L7[]
[16:07:43.632578]	Exploring 0: L0[], 1: L0[], Ebi: L2[L0[], L0[]], Eib: L2[L7[], L0[]], Eii: L2[L7[], L0[]], put: L2[V2, V3] -> V0 -> V1 -> L2[V2, _9_], tr: L7[]
[16:07:43.632801]	Exploring 0: L0[], 1: L0[], Ebi: L2[L0[], L0[]], Eib: L2[L7[], L0[]], Eii: L2[L7[], L0[]], put: L2[V2, V3] -> V0 -> V1 -> L2[V2, L0[]], tr: L7[]
[16:07:43.633160]	Exploring 0: L0[], 1: L0[], Ebi: L2[L0[], L0[]], Eib: L2[L7[], L0[]], Eii: L2[L7[], L0[]], put: L2[V2, V3] -> V0 -> V1 -> L2[V2, L7[]], tr: L7[]
[16:07:43.633518]	Exploring 0: L0[], 1: L0[], Ebi: L2[L0[], L0[]], Eib: L2[L7[], L0[]], Eii: L2[L7[], L0[]], put: L2[V2, V3] -> V0 -> V1 -> L2[V2, V0], tr: L7[]
[16:07:43.633901]	Exploring 0: L0[], 1: L0[], Ebi: L2[L0[], L0[]], Eib: L2[L7[], L0[]], Eii: L2[L7[], L0[]], put: L2[V2, V3] -> V0 -> V1 -> L2[V2, V1], tr: L7[]
[16:07:43.634257]	Exploring 0: L0[], 1: L0[], Ebi: L2[L0[], L0[]], Eib: L2[L7[], L0[]], Eii: L2[L7[], L0[]], put: L2[V2, V3] -> V0 -> V1 -> L2[V2, V2], tr: L7[]
[16:07:43.634586]	Exploring 0: L0[], 1: L0[], Ebi: L2[L0[], L0[]], Eib: L2[L7[], L0[]], Eii: L2[L7[], L0[]], put: L2[V2, V3] -> V0 -> V1 -> L2[V2, V3], tr: L7[]
[16:07:43.634923]	Exploring 0: L0[], 1: L0[], Ebi: L2[L0[], L0[]], Eib: L2[L7[], L0[]], Eii: L2[L7[], L0[]], put: L2[V2, V3] -> V0 -> V1 -> L2[V3, _9_], tr: L7[]
[16:07:43.635133]	Exploring 0: L0[], 1: L0[], Ebi: L2[L0[], L0[]], Eib: L2[L7[], L0[]], Eii: L2[L7[], L0[]], put: L2[V2, V3] -> V0 -> V1 -> L2[V3, L0[]], tr: L7[]
[16:07:43.635497]	Exploring 0: L0[], 1: L0[], Ebi: L2[L0[], L0[]], Eib: L2[L7[], L0[]], Eii: L2[L7[], L0[]], put: L2[V2, V3] -> V0 -> V1 -> L2[V3, L7[]], tr: L7[]
[16:07:43.635862]	Exploring 0: L0[], 1: L0[], Ebi: L2[L0[], L0[]], Eib: L2[L7[], L0[]], Eii: L2[L7[], L0[]], put: L2[V2, V3] -> V0 -> V1 -> L2[V3, V0], tr: L7[]
[16:07:43.636229]	Exploring 0: L0[], 1: L0[], Ebi: L2[L0[], L0[]], Eib: L2[L7[], L0[]], Eii: L2[L7[], L0[]], put: L2[V2, V3] -> V0 -> V1 -> L2[V3, V1], tr: L7[]
[16:07:43.636590]	Exploring 0: L0[], 1: L0[], Ebi: L2[L0[], L0[]], Eib: L2[L7[], L0[]], Eii: L2[L7[], L0[]], put: L2[V2, V3] -> V0 -> V1 -> L2[V3, V2], tr: L7[]
[16:07:43.636934]	Exploring 0: L0[], 1: L0[], Ebi: L2[L0[], L0[]], Eib: L2[L7[], L0[]], Eii: L2[L7[], L0[]], put: L2[V2, V3] -> V0 -> V1 -> L2[V3, V3], tr: L7[]
[16:07:43.637229]	Exploring 0: L0[], 1: L0[], Ebi: L2[L0[], L0[]], Eib: L2[L7[], L0[]], Eii: L2[L7[], L7[]], put: L2[_6_, _7_] -> V0 -> V1 -> L2[_8_, _9_], tr: L7[]
[16:07:43.637463]	Exploring 0: L0[], 1: L0[], Ebi: L2[L0[], L0[]], Eib: L2[L7[], L0[]], Eii: L2[L7[], L7[]], put: L2[V2, _7_] -> V0 -> V1 -> L2[_8_, _9_], tr: L7[]
[16:07:43.637783]	Exploring 0: L0[], 1: L0[], Ebi: L2[L0[], L0[]], Eib: L2[L7[], L0[]], Eii: L2[L7[], L7[]], put: L2[V2, V3] -> V0 -> V1 -> L2[_8_, _9_], tr: L7[]
[16:07:43.638056]	Exploring 0: L0[], 1: L0[], Ebi: L2[L0[], L0[]], Eib: L2[L7[], L0[]], Eii: L2[L7[], L7[]], put: L2[V2, V3] -> V0 -> V1 -> L2[L0[], _9_], tr: L7[]
[16:07:43.638275]	Exploring 0: L0[], 1: L0[], Ebi: L2[L0[], L0[]], Eib: L2[L7[], L0[]], Eii: L2[L7[], L7[]], put: L2[V2, V3] -> V0 -> V1 -> L2[L0[], L0[]], tr: L7[]
[16:07:43.638629]	Exploring 0: L0[], 1: L0[], Ebi: L2[L0[], L0[]], Eib: L2[L7[], L0[]], Eii: L2[L7[], L7[]], put: L2[V2, V3] -> V0 -> V1 -> L2[L0[], L7[]], tr: L7[]
[16:07:43.639017]	Exploring 0: L0[], 1: L0[], Ebi: L2[L0[], L0[]], Eib: L2[L7[], L0[]], Eii: L2[L7[], L7[]], put: L2[V2, V3] -> V0 -> V1 -> L2[L0[], V0], tr: L7[]
[16:07:43.639427]	Exploring 0: L0[], 1: L0[], Ebi: L2[L0[], L0[]], Eib: L2[L7[], L0[]], Eii: L2[L7[], L7[]], put: L2[V2, V3] -> V0 -> V1 -> L2[L0[], V1], tr: L7[]
[16:07:43.639809]	Exploring 0: L0[], 1: L0[], Ebi: L2[L0[], L0[]], Eib: L2[L7[], L0[]], Eii: L2[L7[], L7[]], put: L2[V2, V3] -> V0 -> V1 -> L2[L0[], V2], tr: L7[]
[16:07:43.640179]	Exploring 0: L0[], 1: L0[], Ebi: L2[L0[], L0[]], Eib: L2[L7[], L0[]], Eii: L2[L7[], L7[]], put: L2[V2, V3] -> V0 -> V1 -> L2[L0[], V3], tr: L7[]
[16:07:43.640538]	Exploring 0: L0[], 1: L0[], Ebi: L2[L0[], L0[]], Eib: L2[L7[], L0[]], Eii: L2[L7[], L7[]], put: L2[V2, V3] -> V0 -> V1 -> L2[L7[], _9_], tr: L7[]
[16:07:43.640755]	Exploring 0: L0[], 1: L0[], Ebi: L2[L0[], L0[]], Eib: L2[L7[], L0[]], Eii: L2[L7[], L7[]], put: L2[V2, V3] -> V0 -> V1 -> L2[L7[], L0[]], tr: L7[]
[16:07:43.641093]	Exploring 0: L0[], 1: L0[], Ebi: L2[L0[], L0[]], Eib: L2[L7[], L0[]], Eii: L2[L7[], L7[]], put: L2[V2, V3] -> V0 -> V1 -> L2[L7[], L7[]], tr: L7[]
[16:07:43.641455]	Exploring 0: L0[], 1: L0[], Ebi: L2[L0[], L0[]], Eib: L2[L7[], L0[]], Eii: L2[L7[], L7[]], put: L2[V2, V3] -> V0 -> V1 -> L2[L7[], V0], tr: L7[]
[16:07:43.641852]	Exploring 0: L0[], 1: L0[], Ebi: L2[L0[], L0[]], Eib: L2[L7[], L0[]], Eii: L2[L7[], L7[]], put: L2[V2, V3] -> V0 -> V1 -> L2[L7[], V1], tr: L7[]
[16:07:43.642228]	Exploring 0: L0[], 1: L0[], Ebi: L2[L0[], L0[]], Eib: L2[L7[], L0[]], Eii: L2[L7[], L7[]], put: L2[V2, V3] -> V0 -> V1 -> L2[L7[], V2], tr: L7[]
[16:07:43.642594]	Exploring 0: L0[], 1: L0[], Ebi: L2[L0[], L0[]], Eib: L2[L7[], L0[]], Eii: L2[L7[], L7[]], put: L2[V2, V3] -> V0 -> V1 -> L2[L7[], V3], tr: L7[]
[16:07:43.642983]	Exploring 0: L0[], 1: L0[], Ebi: L2[L0[], L0[]], Eib: L2[L7[], L0[]], Eii: L2[L7[], L7[]], put: L2[V2, V3] -> V0 -> V1 -> L2[V0, _9_], tr: L7[]
[16:07:43.643204]	Exploring 0: L0[], 1: L0[], Ebi: L2[L0[], L0[]], Eib: L2[L7[], L0[]], Eii: L2[L7[], L7[]], put: L2[V2, V3] -> V0 -> V1 -> L2[V0, L0[]], tr: L7[]
[16:07:43.643593]	Exploring 0: L0[], 1: L0[], Ebi: L2[L0[], L0[]], Eib: L2[L7[], L0[]], Eii: L2[L7[], L7[]], put: L2[V2, V3] -> V0 -> V1 -> L2[V0, L7[]], tr: L7[]
[16:07:43.644063]	Exploring 0: L0[], 1: L0[], Ebi: L2[L0[], L0[]], Eib: L2[L7[], L0[]], Eii: L2[L7[], L7[]], put: L2[V2, V3] -> V0 -> V1 -> L2[V0, V0], tr: L7[]
[16:07:43.644444]	Exploring 0: L0[], 1: L0[], Ebi: L2[L0[], L0[]], Eib: L2[L7[], L0[]], Eii: L2[L7[], L7[]], put: L2[V2, V3] -> V0 -> V1 -> L2[V0, V1], tr: L7[]
[16:07:43.644818]	Exploring 0: L0[], 1: L0[], Ebi: L2[L0[], L0[]], Eib: L2[L7[], L0[]], Eii: L2[L7[], L7[]], put: L2[V2, V3] -> V0 -> V1 -> L2[V0, V2], tr: L7[]
[16:07:43.645200]	Exploring 0: L0[], 1: L0[], Ebi: L2[L0[], L0[]], Eib: L2[L7[], L0[]], Eii: L2[L7[], L7[]], put: L2[V2, V3] -> V0 -> V1 -> L2[V0, V3], tr: L7[]
[16:07:43.645575]	Exploring 0: L0[], 1: L0[], Ebi: L2[L0[], L0[]], Eib: L2[L7[], L0[]], Eii: L2[L7[], L7[]], put: L2[V2, V3] -> V0 -> V1 -> L2[V1, _9_], tr: L7[]
[16:07:43.645814]	Exploring 0: L0[], 1: L0[], Ebi: L2[L0[], L0[]], Eib: L2[L7[], L0[]], Eii: L2[L7[], L7[]], put: L2[V2, V3] -> V0 -> V1 -> L2[V1, L0[]], tr: L7[]
[16:07:43.646197]	Exploring 0: L0[], 1: L0[], Ebi: L2[L0[], L0[]], Eib: L2[L7[], L0[]], Eii: L2[L7[], L7[]], put: L2[V2, V3] -> V0 -> V1 -> L2[V1, L7[]], tr: L7[]
[16:07:43.646593]	Exploring 0: L0[], 1: L0[], Ebi: L2[L0[], L0[]], Eib: L2[L7[], L0[]], Eii: L2[L7[], L7[]], put: L2[V2, V3] -> V0 -> V1 -> L2[V1, V0], tr: L7[]
[16:07:43.646976]	Exploring 0: L0[], 1: L0[], Ebi: L2[L0[], L0[]], Eib: L2[L7[], L0[]], Eii: L2[L7[], L7[]], put: L2[V2, V3] -> V0 -> V1 -> L2[V1, V1], tr: L7[]
[16:07:43.647379]	Exploring 0: L0[], 1: L0[], Ebi: L2[L0[], L0[]], Eib: L2[L7[], L0[]], Eii: L2[L7[], L7[]], put: L2[V2, V3] -> V0 -> V1 -> L2[V1, V2], tr: L7[]
[16:07:43.647767]	Exploring 0: L0[], 1: L0[], Ebi: L2[L0[], L0[]], Eib: L2[L7[], L0[]], Eii: L2[L7[], L7[]], put: L2[V2, V3] -> V0 -> V1 -> L2[V1, V3], tr: L7[]
[16:07:43.648129]	Exploring 0: L0[], 1: L0[], Ebi: L2[L0[], L0[]], Eib: L2[L7[], L0[]], Eii: L2[L7[], L7[]], put: L2[V2, V3] -> V0 -> V1 -> L2[V2, _9_], tr: L7[]
[16:07:43.648360]	Exploring 0: L0[], 1: L0[], Ebi: L2[L0[], L0[]], Eib: L2[L7[], L0[]], Eii: L2[L7[], L7[]], put: L2[V2, V3] -> V0 -> V1 -> L2[V2, L0[]], tr: L7[]
[16:07:43.648731]	Exploring 0: L0[], 1: L0[], Ebi: L2[L0[], L0[]], Eib: L2[L7[], L0[]], Eii: L2[L7[], L7[]], put: L2[V2, V3] -> V0 -> V1 -> L2[V2, L7[]], tr: L7[]
[16:07:43.649103]	Exploring 0: L0[], 1: L0[], Ebi: L2[L0[], L0[]], Eib: L2[L7[], L0[]], Eii: L2[L7[], L7[]], put: L2[V2, V3] -> V0 -> V1 -> L2[V2, V0], tr: L7[]
[16:07:43.649488]	Exploring 0: L0[], 1: L0[], Ebi: L2[L0[], L0[]], Eib: L2[L7[], L0[]], Eii: L2[L7[], L7[]], put: L2[V2, V3] -> V0 -> V1 -> L2[V2, V1], tr: L7[]
[16:07:43.649851]	Exploring 0: L0[], 1: L0[], Ebi: L2[L0[], L0[]], Eib: L2[L7[], L0[]], Eii: L2[L7[], L7[]], put: L2[V2, V3] -> V0 -> V1 -> L2[V2, V2], tr: L7[]
[16:07:43.650202]	Exploring 0: L0[], 1: L0[], Ebi: L2[L0[], L0[]], Eib: L2[L7[], L0[]], Eii: L2[L7[], L7[]], put: L2[V2, V3] -> V0 -> V1 -> L2[V2, V3], tr: L7[]
[16:07:43.650563]	Exploring 0: L0[], 1: L0[], Ebi: L2[L0[], L0[]], Eib: L2[L7[], L0[]], Eii: L2[L7[], L7[]], put: L2[V2, V3] -> V0 -> V1 -> L2[V3, _9_], tr: L7[]
[16:07:43.650807]	Exploring 0: L0[], 1: L0[], Ebi: L2[L0[], L0[]], Eib: L2[L7[], L0[]], Eii: L2[L7[], L7[]], put: L2[V2, V3] -> V0 -> V1 -> L2[V3, L0[]], tr: L7[]
[16:07:43.651182]	Exploring 0: L0[], 1: L0[], Ebi: L2[L0[], L0[]], Eib: L2[L7[], L0[]], Eii: L2[L7[], L7[]], put: L2[V2, V3] -> V0 -> V1 -> L2[V3, L7[]], tr: L7[]
[16:07:43.651565]	Exploring 0: L0[], 1: L0[], Ebi: L2[L0[], L0[]], Eib: L2[L7[], L0[]], Eii: L2[L7[], L7[]], put: L2[V2, V3] -> V0 -> V1 -> L2[V3, V0], tr: L7[]
[16:07:43.651946]	Exploring 0: L0[], 1: L0[], Ebi: L2[L0[], L0[]], Eib: L2[L7[], L0[]], Eii: L2[L7[], L7[]], put: L2[V2, V3] -> V0 -> V1 -> L2[V3, V1], tr: L7[]
[16:07:43.652313]	Exploring 0: L0[], 1: L0[], Ebi: L2[L0[], L0[]], Eib: L2[L7[], L0[]], Eii: L2[L7[], L7[]], put: L2[V2, V3] -> V0 -> V1 -> L2[V3, V2], tr: L7[]
[16:07:43.652730]	Exploring 0: L0[], 1: L0[], Ebi: L2[L0[], L0[]], Eib: L2[L7[], L0[]], Eii: L2[L7[], L7[]], put: L2[V2, V3] -> V0 -> V1 -> L2[V3, V3], tr: L7[]
[16:07:43.653006]	Exploring 0: L0[], 1: L0[], Ebi: L2[L0[], L0[]], Eib: L2[L7[], L7[]], Eii: L2[_4_, _5_], put: L2[_6_, _7_] -> V0 -> V1 -> L2[_8_, _9_], tr: L7[]
[16:07:43.653150]	Exploring 0: L0[], 1: L0[], Ebi: L2[L0[], L0[]], Eib: L2[L7[], L7[]], Eii: L2[L0[], _5_], put: L2[_6_, _7_] -> V0 -> V1 -> L2[_8_, _9_], tr: L7[]
[16:07:43.653267]	Exploring 0: L0[], 1: L0[], Ebi: L2[L0[], L0[]], Eib: L2[L7[], L7[]], Eii: L2[L0[], L0[]], put: L2[_6_, _7_] -> V0 -> V1 -> L2[_8_, _9_], tr: L7[]
[16:07:43.653428]	Exploring 0: L0[], 1: L0[], Ebi: L2[L0[], L0[]], Eib: L2[L7[], L7[]], Eii: L2[L0[], L0[]], put: L2[V1, _7_] -> V0 -> V1 -> L2[_8_, _9_], tr: L7[]
[16:07:43.653584]	Exploring 0: L0[], 1: L0[], Ebi: L2[L0[], L0[]], Eib: L2[L7[], L7[]], Eii: L2[L0[], L0[]], put: L2[V1, V1] -> V0 -> V1 -> L2[_8_, _9_], tr: L7[]
[16:07:43.653759]	Exploring 0: L0[], 1: L0[], Ebi: L2[L0[], L0[]], Eib: L2[L7[], L7[]], Eii: L2[L0[], L0[]], put: L2[V1, V1] -> V0 -> V1 -> L2[V1, _9_], tr: L7[]
[16:07:43.653992]	Exploring 0: L0[], 1: L0[], Ebi: L2[L0[], L0[]], Eib: L2[L7[], L7[]], Eii: L2[L0[], L0[]], put: L2[V1, V1] -> V0 -> V1 -> L2[V1, V1], tr: L7[]
[16:07:43.654370]	Exploring 0: L0[], 1: L0[], Ebi: L2[L0[], L0[]], Eib: L2[L7[], L7[]], Eii: L2[L0[], L0[]], put: L2[V1, V2] -> V0 -> V1 -> L2[_8_, _9_], tr: L7[]
[16:07:43.654556]	Exploring 0: L0[], 1: L0[], Ebi: L2[L0[], L0[]], Eib: L2[L7[], L7[]], Eii: L2[L0[], L0[]], put: L2[V1, V2] -> V0 -> V1 -> L2[V1, _9_], tr: L7[]
[16:07:43.654804]	Exploring 0: L0[], 1: L0[], Ebi: L2[L0[], L0[]], Eib: L2[L7[], L7[]], Eii: L2[L0[], L0[]], put: L2[V1, V2] -> V0 -> V1 -> L2[V1, L0[]], tr: L7[]
[16:07:43.655087]	Exploring 0: L0[], 1: L0[], Ebi: L2[L0[], L0[]], Eib: L2[L7[], L7[]], Eii: L2[L0[], L0[]], put: L2[V1, V2] -> V0 -> V1 -> L2[V1, L7[]], tr: L7[]
[16:07:43.655390]	Exploring 0: L0[], 1: L0[], Ebi: L2[L0[], L0[]], Eib: L2[L7[], L7[]], Eii: L2[L0[], L0[]], put: L2[V1, V2] -> V0 -> V1 -> L2[V1, V0], tr: L7[]
[16:07:43.655703]	Exploring 0: L0[], 1: L0[], Ebi: L2[L0[], L0[]], Eib: L2[L7[], L7[]], Eii: L2[L0[], L0[]], put: L2[V1, V2] -> V0 -> V1 -> L2[V1, V1], tr: L7[]
[16:07:43.655991]	Exploring 0: L0[], 1: L0[], Ebi: L2[L0[], L0[]], Eib: L2[L7[], L7[]], Eii: L2[L0[], L0[]], put: L2[V1, V2] -> V0 -> V1 -> L2[V1, V2], tr: L7[]
[16:07:43.656310]	Exploring 0: L0[], 1: L0[], Ebi: L2[L0[], L0[]], Eib: L2[L7[], L7[]], Eii: L2[L0[], L0[]], put: L2[V1, V2] -> V0 -> V1 -> L2[V2, _9_], tr: L7[]
[16:07:43.656498]	Exploring 0: L0[], 1: L0[], Ebi: L2[L0[], L0[]], Eib: L2[L7[], L7[]], Eii: L2[L0[], L0[]], put: L2[V1, V2] -> V0 -> V1 -> L2[V2, L0[]], tr: L7[]
[16:07:43.656809]	Exploring 0: L0[], 1: L0[], Ebi: L2[L0[], L0[]], Eib: L2[L7[], L7[]], Eii: L2[L0[], L0[]], put: L2[V1, V2] -> V0 -> V1 -> L2[V2, L7[]], tr: L7[]
[16:07:43.657129]	Exploring 0: L0[], 1: L0[], Ebi: L2[L0[], L0[]], Eib: L2[L7[], L7[]], Eii: L2[L0[], L0[]], put: L2[V1, V2] -> V0 -> V1 -> L2[V2, V0], tr: L7[]
[16:07:43.657450]	Exploring 0: L0[], 1: L0[], Ebi: L2[L0[], L0[]], Eib: L2[L7[], L7[]], Eii: L2[L0[], L0[]], put: L2[V1, V2] -> V0 -> V1 -> L2[V2, V1], tr: L7[]
[16:07:43.657755]	Exploring 0: L0[], 1: L0[], Ebi: L2[L0[], L0[]], Eib: L2[L7[], L7[]], Eii: L2[L0[], L0[]], put: L2[V1, V2] -> V0 -> V1 -> L2[V2, V2], tr: L7[]
[16:07:43.658034]	Exploring 0: L0[], 1: L0[], Ebi: L2[L0[], L0[]], Eib: L2[L7[], L7[]], Eii: L2[L0[], L0[]], put: L2[V2, _7_] -> V0 -> V1 -> L2[_8_, _9_], tr: L7[]
[16:07:43.658212]	Exploring 0: L0[], 1: L0[], Ebi: L2[L0[], L0[]], Eib: L2[L7[], L7[]], Eii: L2[L0[], L0[]], put: L2[V2, V1] -> V0 -> V1 -> L2[_8_, _9_], tr: L7[]
[16:07:43.658380]	Exploring 0: L0[], 1: L0[], Ebi: L2[L0[], L0[]], Eib: L2[L7[], L7[]], Eii: L2[L0[], L0[]], put: L2[V2, V1] -> V0 -> V1 -> L2[L0[], _9_], tr: L7[]
[16:07:43.658581]	Exploring 0: L0[], 1: L0[], Ebi: L2[L0[], L0[]], Eib: L2[L7[], L7[]], Eii: L2[L0[], L0[]], put: L2[V2, V1] -> V0 -> V1 -> L2[L0[], V1], tr: L7[]
[16:07:43.658892]	Exploring 0: L0[], 1: L0[], Ebi: L2[L0[], L0[]], Eib: L2[L7[], L7[]], Eii: L2[L0[], L0[]], put: L2[V2, V1] -> V0 -> V1 -> L2[L0[], V2], tr: L7[]
[16:07:43.659183]	Exploring 0: L0[], 1: L0[], Ebi: L2[L0[], L0[]], Eib: L2[L7[], L7[]], Eii: L2[L0[], L0[]], put: L2[V2, V1] -> V0 -> V1 -> L2[L7[], _9_], tr: L7[]
[16:07:43.659384]	Exploring 0: L0[], 1: L0[], Ebi: L2[L0[], L0[]], Eib: L2[L7[], L7[]], Eii: L2[L0[], L0[]], put: L2[V2, V1] -> V0 -> V1 -> L2[L7[], V1], tr: L7[]
[16:07:43.659702]	Exploring 0: L0[], 1: L0[], Ebi: L2[L0[], L0[]], Eib: L2[L7[], L7[]], Eii: L2[L0[], L0[]], put: L2[V2, V1] -> V0 -> V1 -> L2[L7[], V2], tr: L7[]
[16:07:43.660021]	Exploring 0: L0[], 1: L0[], Ebi: L2[L0[], L0[]], Eib: L2[L7[], L7[]], Eii: L2[L0[], L0[]], put: L2[V2, V1] -> V0 -> V1 -> L2[V0, _9_], tr: L7[]
[16:07:43.660312]	Exploring 0: L0[], 1: L0[], Ebi: L2[L0[], L0[]], Eib: L2[L7[], L7[]], Eii: L2[L0[], L0[]], put: L2[V2, V1] -> V0 -> V1 -> L2[V0, V1], tr: L7[]
[16:07:43.660635]	Exploring 0: L0[], 1: L0[], Ebi: L2[L0[], L0[]], Eib: L2[L7[], L7[]], Eii: L2[L0[], L0[]], put: L2[V2, V1] -> V0 -> V1 -> L2[V0, V2], tr: L7[]
[16:07:43.660955]	Exploring 0: L0[], 1: L0[], Ebi: L2[L0[], L0[]], Eib: L2[L7[], L7[]], Eii: L2[L0[], L0[]], put: L2[V2, V1] -> V0 -> V1 -> L2[V1, _9_], tr: L7[]
[16:07:43.661249]	Exploring 0: L0[], 1: L0[], Ebi: L2[L0[], L0[]], Eib: L2[L7[], L7[]], Eii: L2[L0[], L0[]], put: L2[V2, V1] -> V0 -> V1 -> L2[V1, V1], tr: L7[]
[16:07:43.661603]	Exploring 0: L0[], 1: L0[], Ebi: L2[L0[], L0[]], Eib: L2[L7[], L7[]], Eii: L2[L0[], L0[]], put: L2[V2, V1] -> V0 -> V1 -> L2[V1, V2], tr: L7[]
[16:07:43.661890]	Exploring 0: L0[], 1: L0[], Ebi: L2[L0[], L0[]], Eib: L2[L7[], L7[]], Eii: L2[L0[], L0[]], put: L2[V2, V1] -> V0 -> V1 -> L2[V2, _9_], tr: L7[]
[16:07:43.662107]	Exploring 0: L0[], 1: L0[], Ebi: L2[L0[], L0[]], Eib: L2[L7[], L7[]], Eii: L2[L0[], L0[]], put: L2[V2, V1] -> V0 -> V1 -> L2[V2, V1], tr: L7[]
[16:07:43.662393]	Exploring 0: L0[], 1: L0[], Ebi: L2[L0[], L0[]], Eib: L2[L7[], L7[]], Eii: L2[L0[], L0[]], put: L2[V2, V1] -> V0 -> V1 -> L2[V2, V2], tr: L7[]
[16:07:43.662653]	Exploring 0: L0[], 1: L0[], Ebi: L2[L0[], L0[]], Eib: L2[L7[], L7[]], Eii: L2[L0[], L0[]], put: L2[V2, V2] -> V0 -> V1 -> L2[_8_, _9_], tr: L7[]
[16:07:43.662812]	Exploring 0: L0[], 1: L0[], Ebi: L2[L0[], L0[]], Eib: L2[L7[], L7[]], Eii: L2[L0[], L0[]], put: L2[V2, V2] -> V0 -> V1 -> L2[L0[], _9_], tr: L7[]
[16:07:43.662973]	Exploring 0: L0[], 1: L0[], Ebi: L2[L0[], L0[]], Eib: L2[L7[], L7[]], Eii: L2[L0[], L0[]], put: L2[V2, V2] -> V0 -> V1 -> L2[L0[], L0[]], tr: L7[]
[16:07:43.663280]	Exploring 0: L0[], 1: L0[], Ebi: L2[L0[], L0[]], Eib: L2[L7[], L7[]], Eii: L2[L0[], L0[]], put: L2[V2, V2] -> V0 -> V1 -> L2[L7[], _9_], tr: L7[]
[16:07:43.663480]	Exploring 0: L0[], 1: L0[], Ebi: L2[L0[], L0[]], Eib: L2[L7[], L7[]], Eii: L2[L0[], L0[]], put: L2[V2, V2] -> V0 -> V1 -> L2[L7[], L7[]], tr: L7[]
[16:07:43.663810]	Exploring 0: L0[], 1: L0[], Ebi: L2[L0[], L0[]], Eib: L2[L7[], L7[]], Eii: L2[L0[], L0[]], put: L2[V2, V2] -> V0 -> V1 -> L2[V0, _9_], tr: L7[]
[16:07:43.663973]	Exploring 0: L0[], 1: L0[], Ebi: L2[L0[], L0[]], Eib: L2[L7[], L7[]], Eii: L2[L0[], L0[]], put: L2[V2, V2] -> V0 -> V1 -> L2[V0, V0], tr: L7[]
[16:07:43.664255]	Exploring 0: L0[], 1: L0[], Ebi: L2[L0[], L0[]], Eib: L2[L7[], L7[]], Eii: L2[L0[], L0[]], put: L2[V2, V2] -> V0 -> V1 -> L2[V1, _9_], tr: L7[]
[16:07:43.664431]	Exploring 0: L0[], 1: L0[], Ebi: L2[L0[], L0[]], Eib: L2[L7[], L7[]], Eii: L2[L0[], L0[]], put: L2[V2, V2] -> V0 -> V1 -> L2[V1, V1], tr: L7[]
[16:07:43.664702]	Exploring 0: L0[], 1: L0[], Ebi: L2[L0[], L0[]], Eib: L2[L7[], L7[]], Eii: L2[L0[], L0[]], put: L2[V2, V2] -> V0 -> V1 -> L2[V1, V2], tr: L7[]
[16:07:43.664954]	Exploring 0: L0[], 1: L0[], Ebi: L2[L0[], L0[]], Eib: L2[L7[], L7[]], Eii: L2[L0[], L0[]], put: L2[V2, V2] -> V0 -> V1 -> L2[V2, _9_], tr: L7[]
[16:07:43.665122]	Exploring 0: L0[], 1: L0[], Ebi: L2[L0[], L0[]], Eib: L2[L7[], L7[]], Eii: L2[L0[], L0[]], put: L2[V2, V2] -> V0 -> V1 -> L2[V2, V1], tr: L7[]
[16:07:43.665360]	Exploring 0: L0[], 1: L0[], Ebi: L2[L0[], L0[]], Eib: L2[L7[], L7[]], Eii: L2[L0[], L0[]], put: L2[V2, V2] -> V0 -> V1 -> L2[V2, V2], tr: L7[]
[16:07:43.665606]	Exploring 0: L0[], 1: L0[], Ebi: L2[L0[], L0[]], Eib: L2[L7[], L7[]], Eii: L2[L0[], L0[]], put: L2[V2, V3] -> V0 -> V1 -> L2[_8_, _9_], tr: L7[]
[16:07:43.665795]	Exploring 0: L0[], 1: L0[], Ebi: L2[L0[], L0[]], Eib: L2[L7[], L7[]], Eii: L2[L0[], L0[]], put: L2[V2, V3] -> V0 -> V1 -> L2[L0[], _9_], tr: L7[]
[16:07:43.665958]	Exploring 0: L0[], 1: L0[], Ebi: L2[L0[], L0[]], Eib: L2[L7[], L7[]], Eii: L2[L0[], L0[]], put: L2[V2, V3] -> V0 -> V1 -> L2[L0[], L0[]], tr: L7[]
[16:07:43.666224]	Exploring 0: L0[], 1: L0[], Ebi: L2[L0[], L0[]], Eib: L2[L7[], L7[]], Eii: L2[L0[], L0[]], put: L2[V2, V3] -> V0 -> V1 -> L2[L0[], L7[]], tr: L7[]
[16:07:43.666509]	Exploring 0: L0[], 1: L0[], Ebi: L2[L0[], L0[]], Eib: L2[L7[], L7[]], Eii: L2[L0[], L0[]], put: L2[V2, V3] -> V0 -> V1 -> L2[L0[], V0], tr: L7[]
[16:07:43.666829]	Exploring 0: L0[], 1: L0[], Ebi: L2[L0[], L0[]], Eib: L2[L7[], L7[]], Eii: L2[L0[], L0[]], put: L2[V2, V3] -> V0 -> V1 -> L2[L0[], V1], tr: L7[]
[16:07:43.667128]	Exploring 0: L0[], 1: L0[], Ebi: L2[L0[], L0[]], Eib: L2[L7[], L7[]], Eii: L2[L0[], L0[]], put: L2[V2, V3] -> V0 -> V1 -> L2[L0[], V2], tr: L7[]
[16:07:43.667420]	Exploring 0: L0[], 1: L0[], Ebi: L2[L0[], L0[]], Eib: L2[L7[], L7[]], Eii: L2[L0[], L0[]], put: L2[V2, V3] -> V0 -> V1 -> L2[L0[], V3], tr: L7[]
[16:07:43.667710]	Exploring 0: L0[], 1: L0[], Ebi: L2[L0[], L0[]], Eib: L2[L7[], L7[]], Eii: L2[L0[], L0[]], put: L2[V2, V3] -> V0 -> V1 -> L2[L7[], _9_], tr: L7[]
[16:07:43.667883]	Exploring 0: L0[], 1: L0[], Ebi: L2[L0[], L0[]], Eib: L2[L7[], L7[]], Eii: L2[L0[], L0[]], put: L2[V2, V3] -> V0 -> V1 -> L2[L7[], L0[]], tr: L7[]
[16:07:43.668174]	Exploring 0: L0[], 1: L0[], Ebi: L2[L0[], L0[]], Eib: L2[L7[], L7[]], Eii: L2[L0[], L0[]], put: L2[V2, V3] -> V0 -> V1 -> L2[L7[], L7[]], tr: L7[]
[16:07:43.668459]	Exploring 0: L0[], 1: L0[], Ebi: L2[L0[], L0[]], Eib: L2[L7[], L7[]], Eii: L2[L0[], L0[]], put: L2[V2, V3] -> V0 -> V1 -> L2[L7[], V0], tr: L7[]
[16:07:43.668777]	Exploring 0: L0[], 1: L0[], Ebi: L2[L0[], L0[]], Eib: L2[L7[], L7[]], Eii: L2[L0[], L0[]], put: L2[V2, V3] -> V0 -> V1 -> L2[L7[], V1], tr: L7[]
[16:07:43.669072]	Exploring 0: L0[], 1: L0[], Ebi: L2[L0[], L0[]], Eib: L2[L7[], L7[]], Eii: L2[L0[], L0[]], put: L2[V2, V3] -> V0 -> V1 -> L2[L7[], V2], tr: L7[]
[16:07:43.669358]	Exploring 0: L0[], 1: L0[], Ebi: L2[L0[], L0[]], Eib: L2[L7[], L7[]], Eii: L2[L0[], L0[]], put: L2[V2, V3] -> V0 -> V1 -> L2[L7[], V3], tr: L7[]
[16:07:43.669665]	Exploring 0: L0[], 1: L0[], Ebi: L2[L0[], L0[]], Eib: L2[L7[], L7[]], Eii: L2[L0[], L0[]], put: L2[V2, V3] -> V0 -> V1 -> L2[V0, _9_], tr: L7[]
[16:07:43.669857]	Exploring 0: L0[], 1: L0[], Ebi: L2[L0[], L0[]], Eib: L2[L7[], L7[]], Eii: L2[L0[], L0[]], put: L2[V2, V3] -> V0 -> V1 -> L2[V0, L0[]], tr: L7[]
[16:07:43.670164]	Exploring 0: L0[], 1: L0[], Ebi: L2[L0[], L0[]], Eib: L2[L7[], L7[]], Eii: L2[L0[], L0[]], put: L2[V2, V3] -> V0 -> V1 -> L2[V0, L7[]], tr: L7[]
[16:07:43.670465]	Exploring 0: L0[], 1: L0[], Ebi: L2[L0[], L0[]], Eib: L2[L7[], L7[]], Eii: L2[L0[], L0[]], put: L2[V2, V3] -> V0 -> V1 -> L2[V0, V0], tr: L7[]
[16:07:43.670778]	Exploring 0: L0[], 1: L0[], Ebi: L2[L0[], L0[]], Eib: L2[L7[], L7[]], Eii: L2[L0[], L0[]], put: L2[V2, V3] -> V0 -> V1 -> L2[V0, V1], tr: L7[]
[16:07:43.671102]	Exploring 0: L0[], 1: L0[], Ebi: L2[L0[], L0[]], Eib: L2[L7[], L7[]], Eii: L2[L0[], L0[]], put: L2[V2, V3] -> V0 -> V1 -> L2[V0, V2], tr: L7[]
[16:07:43.671462]	Exploring 0: L0[], 1: L0[], Ebi: L2[L0[], L0[]], Eib: L2[L7[], L7[]], Eii: L2[L0[], L0[]], put: L2[V2, V3] -> V0 -> V1 -> L2[V0, V3], tr: L7[]
[16:07:43.671799]	Exploring 0: L0[], 1: L0[], Ebi: L2[L0[], L0[]], Eib: L2[L7[], L7[]], Eii: L2[L0[], L0[]], put: L2[V2, V3] -> V0 -> V1 -> L2[V1, _9_], tr: L7[]
[16:07:43.672051]	Exploring 0: L0[], 1: L0[], Ebi: L2[L0[], L0[]], Eib: L2[L7[], L7[]], Eii: L2[L0[], L0[]], put: L2[V2, V3] -> V0 -> V1 -> L2[V1, L0[]], tr: L7[]
[16:07:43.672410]	Exploring 0: L0[], 1: L0[], Ebi: L2[L0[], L0[]], Eib: L2[L7[], L7[]], Eii: L2[L0[], L0[]], put: L2[V2, V3] -> V0 -> V1 -> L2[V1, L7[]], tr: L7[]
[16:07:43.672750]	Exploring 0: L0[], 1: L0[], Ebi: L2[L0[], L0[]], Eib: L2[L7[], L7[]], Eii: L2[L0[], L0[]], put: L2[V2, V3] -> V0 -> V1 -> L2[V1, V0], tr: L7[]
[16:07:43.673107]	Exploring 0: L0[], 1: L0[], Ebi: L2[L0[], L0[]], Eib: L2[L7[], L7[]], Eii: L2[L0[], L0[]], put: L2[V2, V3] -> V0 -> V1 -> L2[V1, V1], tr: L7[]
[16:07:43.673447]	Exploring 0: L0[], 1: L0[], Ebi: L2[L0[], L0[]], Eib: L2[L7[], L7[]], Eii: L2[L0[], L0[]], put: L2[V2, V3] -> V0 -> V1 -> L2[V1, V2], tr: L7[]
[16:07:43.673787]	Exploring 0: L0[], 1: L0[], Ebi: L2[L0[], L0[]], Eib: L2[L7[], L7[]], Eii: L2[L0[], L0[]], put: L2[V2, V3] -> V0 -> V1 -> L2[V1, V3], tr: L7[]
[16:07:43.674099]	Exploring 0: L0[], 1: L0[], Ebi: L2[L0[], L0[]], Eib: L2[L7[], L7[]], Eii: L2[L0[], L0[]], put: L2[V2, V3] -> V0 -> V1 -> L2[V2, _9_], tr: L7[]
[16:07:43.674339]	Exploring 0: L0[], 1: L0[], Ebi: L2[L0[], L0[]], Eib: L2[L7[], L7[]], Eii: L2[L0[], L0[]], put: L2[V2, V3] -> V0 -> V1 -> L2[V2, L0[]], tr: L7[]
[16:07:43.674635]	Exploring 0: L0[], 1: L0[], Ebi: L2[L0[], L0[]], Eib: L2[L7[], L7[]], Eii: L2[L0[], L0[]], put: L2[V2, V3] -> V0 -> V1 -> L2[V2, L7[]], tr: L7[]
[16:07:43.674965]	Exploring 0: L0[], 1: L0[], Ebi: L2[L0[], L0[]], Eib: L2[L7[], L7[]], Eii: L2[L0[], L0[]], put: L2[V2, V3] -> V0 -> V1 -> L2[V2, V0], tr: L7[]
[16:07:43.675326]	Exploring 0: L0[], 1: L0[], Ebi: L2[L0[], L0[]], Eib: L2[L7[], L7[]], Eii: L2[L0[], L0[]], put: L2[V2, V3] -> V0 -> V1 -> L2[V2, V1], tr: L7[]
[16:07:43.675658]	Exploring 0: L0[], 1: L0[], Ebi: L2[L0[], L0[]], Eib: L2[L7[], L7[]], Eii: L2[L0[], L0[]], put: L2[V2, V3] -> V0 -> V1 -> L2[V2, V2], tr: L7[]
[16:07:43.675972]	Exploring 0: L0[], 1: L0[], Ebi: L2[L0[], L0[]], Eib: L2[L7[], L7[]], Eii: L2[L0[], L0[]], put: L2[V2, V3] -> V0 -> V1 -> L2[V2, V3], tr: L7[]
[16:07:43.676279]	Exploring 0: L0[], 1: L0[], Ebi: L2[L0[], L0[]], Eib: L2[L7[], L7[]], Eii: L2[L0[], L0[]], put: L2[V2, V3] -> V0 -> V1 -> L2[V3, _9_], tr: L7[]
[16:07:43.676501]	Exploring 0: L0[], 1: L0[], Ebi: L2[L0[], L0[]], Eib: L2[L7[], L7[]], Eii: L2[L0[], L0[]], put: L2[V2, V3] -> V0 -> V1 -> L2[V3, L0[]], tr: L7[]
[16:07:43.676829]	Exploring 0: L0[], 1: L0[], Ebi: L2[L0[], L0[]], Eib: L2[L7[], L7[]], Eii: L2[L0[], L0[]], put: L2[V2, V3] -> V0 -> V1 -> L2[V3, L7[]], tr: L7[]
[16:07:43.677152]	Exploring 0: L0[], 1: L0[], Ebi: L2[L0[], L0[]], Eib: L2[L7[], L7[]], Eii: L2[L0[], L0[]], put: L2[V2, V3] -> V0 -> V1 -> L2[V3, V0], tr: L7[]
[16:07:43.677488]	Exploring 0: L0[], 1: L0[], Ebi: L2[L0[], L0[]], Eib: L2[L7[], L7[]], Eii: L2[L0[], L0[]], put: L2[V2, V3] -> V0 -> V1 -> L2[V3, V1], tr: L7[]
[16:07:43.677819]	Exploring 0: L0[], 1: L0[], Ebi: L2[L0[], L0[]], Eib: L2[L7[], L7[]], Eii: L2[L0[], L0[]], put: L2[V2, V3] -> V0 -> V1 -> L2[V3, V2], tr: L7[]
[16:07:43.678130]	Exploring 0: L0[], 1: L0[], Ebi: L2[L0[], L0[]], Eib: L2[L7[], L7[]], Eii: L2[L0[], L0[]], put: L2[V2, V3] -> V0 -> V1 -> L2[V3, V3], tr: L7[]
[16:07:43.678432]	Exploring 0: L0[], 1: L0[], Ebi: L2[L0[], L0[]], Eib: L2[L7[], L7[]], Eii: L2[L0[], L7[]], put: L2[_6_, _7_] -> V0 -> V1 -> L2[_8_, _9_], tr: L7[]
[16:07:43.678667]	Exploring 0: L0[], 1: L0[], Ebi: L2[L0[], L0[]], Eib: L2[L7[], L7[]], Eii: L2[L0[], L7[]], put: L2[V1, _7_] -> V0 -> V1 -> L2[_8_, _9_], tr: L7[]
[16:07:43.678902]	Exploring 0: L0[], 1: L0[], Ebi: L2[L0[], L0[]], Eib: L2[L7[], L7[]], Eii: L2[L0[], L7[]], put: L2[V1, V2] -> V0 -> V1 -> L2[_8_, _9_], tr: L7[]
[16:07:43.679131]	Exploring 0: L0[], 1: L0[], Ebi: L2[L0[], L0[]], Eib: L2[L7[], L7[]], Eii: L2[L0[], L7[]], put: L2[V1, V2] -> V0 -> V1 -> L2[V1, _9_], tr: L7[]
[16:07:43.679331]	Exploring 0: L0[], 1: L0[], Ebi: L2[L0[], L0[]], Eib: L2[L7[], L7[]], Eii: L2[L0[], L7[]], put: L2[V1, V2] -> V0 -> V1 -> L2[V1, L0[]], tr: L7[]
[16:07:43.679630]	Exploring 0: L0[], 1: L0[], Ebi: L2[L0[], L0[]], Eib: L2[L7[], L7[]], Eii: L2[L0[], L7[]], put: L2[V1, V2] -> V0 -> V1 -> L2[V1, L7[]], tr: L7[]
[16:07:43.679938]	Exploring 0: L0[], 1: L0[], Ebi: L2[L0[], L0[]], Eib: L2[L7[], L7[]], Eii: L2[L0[], L7[]], put: L2[V1, V2] -> V0 -> V1 -> L2[V1, V0], tr: L7[]
[16:07:43.680272]	Exploring 0: L0[], 1: L0[], Ebi: L2[L0[], L0[]], Eib: L2[L7[], L7[]], Eii: L2[L0[], L7[]], put: L2[V1, V2] -> V0 -> V1 -> L2[V1, V1], tr: L7[]
[16:07:43.680588]	Exploring 0: L0[], 1: L0[], Ebi: L2[L0[], L0[]], Eib: L2[L7[], L7[]], Eii: L2[L0[], L7[]], put: L2[V1, V2] -> V0 -> V1 -> L2[V1, V2], tr: L7[]
[16:07:43.681016]	Exploring 0: L0[], 1: L0[], Ebi: L2[L0[], L0[]], Eib: L2[L7[], L7[]], Eii: L2[L0[], L7[]], put: L2[V2, _7_] -> V0 -> V1 -> L2[_8_, _9_], tr: L7[]
[16:07:43.681342]	Exploring 0: L0[], 1: L0[], Ebi: L2[L0[], L0[]], Eib: L2[L7[], L7[]], Eii: L2[L0[], L7[]], put: L2[V2, V3] -> V0 -> V1 -> L2[_8_, _9_], tr: L7[]
[16:07:43.681540]	Exploring 0: L0[], 1: L0[], Ebi: L2[L0[], L0[]], Eib: L2[L7[], L7[]], Eii: L2[L0[], L7[]], put: L2[V2, V3] -> V0 -> V1 -> L2[L0[], _9_], tr: L7[]
[16:07:43.681713]	Exploring 0: L0[], 1: L0[], Ebi: L2[L0[], L0[]], Eib: L2[L7[], L7[]], Eii: L2[L0[], L7[]], put: L2[V2, V3] -> V0 -> V1 -> L2[L0[], L0[]], tr: L7[]
[16:07:43.681995]	Exploring 0: L0[], 1: L0[], Ebi: L2[L0[], L0[]], Eib: L2[L7[], L7[]], Eii: L2[L0[], L7[]], put: L2[V2, V3] -> V0 -> V1 -> L2[L0[], L7[]], tr: L7[]
[16:07:43.682293]	Exploring 0: L0[], 1: L0[], Ebi: L2[L0[], L0[]], Eib: L2[L7[], L7[]], Eii: L2[L0[], L7[]], put: L2[V2, V3] -> V0 -> V1 -> L2[L0[], V0], tr: L7[]
[16:07:43.682636]	Exploring 0: L0[], 1: L0[], Ebi: L2[L0[], L0[]], Eib: L2[L7[], L7[]], Eii: L2[L0[], L7[]], put: L2[V2, V3] -> V0 -> V1 -> L2[L0[], V1], tr: L7[]
[16:07:43.682961]	Exploring 0: L0[], 1: L0[], Ebi: L2[L0[], L0[]], Eib: L2[L7[], L7[]], Eii: L2[L0[], L7[]], put: L2[V2, V3] -> V0 -> V1 -> L2[L0[], V2], tr: L7[]
[16:07:43.683303]	Exploring 0: L0[], 1: L0[], Ebi: L2[L0[], L0[]], Eib: L2[L7[], L7[]], Eii: L2[L0[], L7[]], put: L2[V2, V3] -> V0 -> V1 -> L2[L0[], V3], tr: L7[]
[16:07:43.683654]	Exploring 0: L0[], 1: L0[], Ebi: L2[L0[], L0[]], Eib: L2[L7[], L7[]], Eii: L2[L0[], L7[]], put: L2[V2, V3] -> V0 -> V1 -> L2[L7[], _9_], tr: L7[]
[16:07:43.683894]	Exploring 0: L0[], 1: L0[], Ebi: L2[L0[], L0[]], Eib: L2[L7[], L7[]], Eii: L2[L0[], L7[]], put: L2[V2, V3] -> V0 -> V1 -> L2[L7[], L0[]], tr: L7[]
[16:07:43.684199]	Exploring 0: L0[], 1: L0[], Ebi: L2[L0[], L0[]], Eib: L2[L7[], L7[]], Eii: L2[L0[], L7[]], put: L2[V2, V3] -> V0 -> V1 -> L2[L7[], L7[]], tr: L7[]
[16:07:43.684525]	Exploring 0: L0[], 1: L0[], Ebi: L2[L0[], L0[]], Eib: L2[L7[], L7[]], Eii: L2[L0[], L7[]], put: L2[V2, V3] -> V0 -> V1 -> L2[L7[], V0], tr: L7[]
[16:07:43.684857]	Exploring 0: L0[], 1: L0[], Ebi: L2[L0[], L0[]], Eib: L2[L7[], L7[]], Eii: L2[L0[], L7[]], put: L2[V2, V3] -> V0 -> V1 -> L2[L7[], V1], tr: L7[]
[16:07:43.685173]	Exploring 0: L0[], 1: L0[], Ebi: L2[L0[], L0[]], Eib: L2[L7[], L7[]], Eii: L2[L0[], L7[]], put: L2[V2, V3] -> V0 -> V1 -> L2[L7[], V2], tr: L7[]
[16:07:43.685468]	Exploring 0: L0[], 1: L0[], Ebi: L2[L0[], L0[]], Eib: L2[L7[], L7[]], Eii: L2[L0[], L7[]], put: L2[V2, V3] -> V0 -> V1 -> L2[L7[], V3], tr: L7[]
[16:07:43.685776]	Exploring 0: L0[], 1: L0[], Ebi: L2[L0[], L0[]], Eib: L2[L7[], L7[]], Eii: L2[L0[], L7[]], put: L2[V2, V3] -> V0 -> V1 -> L2[V0, _9_], tr: L7[]
[16:07:43.685984]	Exploring 0: L0[], 1: L0[], Ebi: L2[L0[], L0[]], Eib: L2[L7[], L7[]], Eii: L2[L0[], L7[]], put: L2[V2, V3] -> V0 -> V1 -> L2[V0, L0[]], tr: L7[]
[16:07:43.686329]	Exploring 0: L0[], 1: L0[], Ebi: L2[L0[], L0[]], Eib: L2[L7[], L7[]], Eii: L2[L0[], L7[]], put: L2[V2, V3] -> V0 -> V1 -> L2[V0, L7[]], tr: L7[]
[16:07:43.686642]	Exploring 0: L0[], 1: L0[], Ebi: L2[L0[], L0[]], Eib: L2[L7[], L7[]], Eii: L2[L0[], L7[]], put: L2[V2, V3] -> V0 -> V1 -> L2[V0, V0], tr: L7[]
[16:07:43.686952]	Exploring 0: L0[], 1: L0[], Ebi: L2[L0[], L0[]], Eib: L2[L7[], L7[]], Eii: L2[L0[], L7[]], put: L2[V2, V3] -> V0 -> V1 -> L2[V0, V1], tr: L7[]
[16:07:43.687273]	Exploring 0: L0[], 1: L0[], Ebi: L2[L0[], L0[]], Eib: L2[L7[], L7[]], Eii: L2[L0[], L7[]], put: L2[V2, V3] -> V0 -> V1 -> L2[V0, V2], tr: L7[]
[16:07:43.687615]	Exploring 0: L0[], 1: L0[], Ebi: L2[L0[], L0[]], Eib: L2[L7[], L7[]], Eii: L2[L0[], L7[]], put: L2[V2, V3] -> V0 -> V1 -> L2[V0, V3], tr: L7[]
[16:07:43.688041]	Exploring 0: L0[], 1: L0[], Ebi: L2[L0[], L0[]], Eib: L2[L7[], L7[]], Eii: L2[L0[], L7[]], put: L2[V2, V3] -> V0 -> V1 -> L2[V1, _9_], tr: L7[]
[16:07:43.688246]	Exploring 0: L0[], 1: L0[], Ebi: L2[L0[], L0[]], Eib: L2[L7[], L7[]], Eii: L2[L0[], L7[]], put: L2[V2, V3] -> V0 -> V1 -> L2[V1, L0[]], tr: L7[]
[16:07:43.688568]	Exploring 0: L0[], 1: L0[], Ebi: L2[L0[], L0[]], Eib: L2[L7[], L7[]], Eii: L2[L0[], L7[]], put: L2[V2, V3] -> V0 -> V1 -> L2[V1, L7[]], tr: L7[]
[16:07:43.688884]	Exploring 0: L0[], 1: L0[], Ebi: L2[L0[], L0[]], Eib: L2[L7[], L7[]], Eii: L2[L0[], L7[]], put: L2[V2, V3] -> V0 -> V1 -> L2[V1, V0], tr: L7[]
[16:07:43.689229]	Exploring 0: L0[], 1: L0[], Ebi: L2[L0[], L0[]], Eib: L2[L7[], L7[]], Eii: L2[L0[], L7[]], put: L2[V2, V3] -> V0 -> V1 -> L2[V1, V1], tr: L7[]
[16:07:43.689544]	Exploring 0: L0[], 1: L0[], Ebi: L2[L0[], L0[]], Eib: L2[L7[], L7[]], Eii: L2[L0[], L7[]], put: L2[V2, V3] -> V0 -> V1 -> L2[V1, V2], tr: L7[]
[16:07:43.689857]	Exploring 0: L0[], 1: L0[], Ebi: L2[L0[], L0[]], Eib: L2[L7[], L7[]], Eii: L2[L0[], L7[]], put: L2[V2, V3] -> V0 -> V1 -> L2[V1, V3], tr: L7[]
[16:07:43.690150]	Exploring 0: L0[], 1: L0[], Ebi: L2[L0[], L0[]], Eib: L2[L7[], L7[]], Eii: L2[L0[], L7[]], put: L2[V2, V3] -> V0 -> V1 -> L2[V2, _9_], tr: L7[]
[16:07:43.690336]	Exploring 0: L0[], 1: L0[], Ebi: L2[L0[], L0[]], Eib: L2[L7[], L7[]], Eii: L2[L0[], L7[]], put: L2[V2, V3] -> V0 -> V1 -> L2[V2, L0[]], tr: L7[]
[16:07:43.690624]	Exploring 0: L0[], 1: L0[], Ebi: L2[L0[], L0[]], Eib: L2[L7[], L7[]], Eii: L2[L0[], L7[]], put: L2[V2, V3] -> V0 -> V1 -> L2[V2, L7[]], tr: L7[]
[16:07:43.690923]	Exploring 0: L0[], 1: L0[], Ebi: L2[L0[], L0[]], Eib: L2[L7[], L7[]], Eii: L2[L0[], L7[]], put: L2[V2, V3] -> V0 -> V1 -> L2[V2, V0], tr: L7[]
[16:07:43.691245]	Exploring 0: L0[], 1: L0[], Ebi: L2[L0[], L0[]], Eib: L2[L7[], L7[]], Eii: L2[L0[], L7[]], put: L2[V2, V3] -> V0 -> V1 -> L2[V2, V1], tr: L7[]
[16:07:43.691558]	Exploring 0: L0[], 1: L0[], Ebi: L2[L0[], L0[]], Eib: L2[L7[], L7[]], Eii: L2[L0[], L7[]], put: L2[V2, V3] -> V0 -> V1 -> L2[V2, V2], tr: L7[]
[16:07:43.691954]	Exploring 0: L0[], 1: L0[], Ebi: L2[L0[], L0[]], Eib: L2[L7[], L7[]], Eii: L2[L0[], L7[]], put: L2[V2, V3] -> V0 -> V1 -> L2[V2, V3], tr: L7[]
[16:07:43.692357]	Exploring 0: L0[], 1: L0[], Ebi: L2[L0[], L0[]], Eib: L2[L7[], L7[]], Eii: L2[L0[], L7[]], put: L2[V2, V3] -> V0 -> V1 -> L2[V3, _9_], tr: L7[]
[16:07:43.692570]	Exploring 0: L0[], 1: L0[], Ebi: L2[L0[], L0[]], Eib: L2[L7[], L7[]], Eii: L2[L0[], L7[]], put: L2[V2, V3] -> V0 -> V1 -> L2[V3, L0[]], tr: L7[]
[16:07:43.692890]	Exploring 0: L0[], 1: L0[], Ebi: L2[L0[], L0[]], Eib: L2[L7[], L7[]], Eii: L2[L0[], L7[]], put: L2[V2, V3] -> V0 -> V1 -> L2[V3, L7[]], tr: L7[]
[16:07:43.693232]	Exploring 0: L0[], 1: L0[], Ebi: L2[L0[], L0[]], Eib: L2[L7[], L7[]], Eii: L2[L0[], L7[]], put: L2[V2, V3] -> V0 -> V1 -> L2[V3, V0], tr: L7[]
[16:07:43.693547]	Exploring 0: L0[], 1: L0[], Ebi: L2[L0[], L0[]], Eib: L2[L7[], L7[]], Eii: L2[L0[], L7[]], put: L2[V2, V3] -> V0 -> V1 -> L2[V3, V1], tr: L7[]
[16:07:43.693951]	Exploring 0: L0[], 1: L0[], Ebi: L2[L0[], L0[]], Eib: L2[L7[], L7[]], Eii: L2[L0[], L7[]], put: L2[V2, V3] -> V0 -> V1 -> L2[V3, V2], tr: L7[]
[16:07:43.694259]	Exploring 0: L0[], 1: L0[], Ebi: L2[L0[], L0[]], Eib: L2[L7[], L7[]], Eii: L2[L0[], L7[]], put: L2[V2, V3] -> V0 -> V1 -> L2[V3, V3], tr: L7[]
[16:07:43.694501]	Exploring 0: L0[], 1: L0[], Ebi: L2[L0[], L0[]], Eib: L2[L7[], L7[]], Eii: L2[L7[], _5_], put: L2[_6_, _7_] -> V0 -> V1 -> L2[_8_, _9_], tr: L7[]
[16:07:43.694616]	Exploring 0: L0[], 1: L0[], Ebi: L2[L0[], L0[]], Eib: L2[L7[], L7[]], Eii: L2[L7[], L0[]], put: L2[_6_, _7_] -> V0 -> V1 -> L2[_8_, _9_], tr: L7[]
[16:07:43.694813]	Exploring 0: L0[], 1: L0[], Ebi: L2[L0[], L0[]], Eib: L2[L7[], L7[]], Eii: L2[L7[], L0[]], put: L2[V2, _7_] -> V0 -> V1 -> L2[_8_, _9_], tr: L7[]
[16:07:43.694971]	Exploring 0: L0[], 1: L0[], Ebi: L2[L0[], L0[]], Eib: L2[L7[], L7[]], Eii: L2[L7[], L0[]], put: L2[V2, V1] -> V0 -> V1 -> L2[_8_, _9_], tr: L7[]
[16:07:43.695122]	Exploring 0: L0[], 1: L0[], Ebi: L2[L0[], L0[]], Eib: L2[L7[], L7[]], Eii: L2[L7[], L0[]], put: L2[V2, V1] -> V0 -> V1 -> L2[L0[], _9_], tr: L7[]
[16:07:43.695371]	Exploring 0: L0[], 1: L0[], Ebi: L2[L0[], L0[]], Eib: L2[L7[], L7[]], Eii: L2[L7[], L0[]], put: L2[V2, V1] -> V0 -> V1 -> L2[L0[], V1], tr: L7[]
[16:07:43.695857]	Exploring 0: L0[], 1: L0[], Ebi: L2[L0[], L0[]], Eib: L2[L7[], L7[]], Eii: L2[L7[], L0[]], put: L2[V2, V1] -> V0 -> V1 -> L2[L7[], _9_], tr: L7[]
[16:07:43.696051]	Exploring 0: L0[], 1: L0[], Ebi: L2[L0[], L0[]], Eib: L2[L7[], L7[]], Eii: L2[L7[], L0[]], put: L2[V2, V1] -> V0 -> V1 -> L2[L7[], V1], tr: L7[]
[16:07:43.696558]	Exploring 0: L0[], 1: L0[], Ebi: L2[L0[], L0[]], Eib: L2[L7[], L7[]], Eii: L2[L7[], L0[]], put: L2[V2, V1] -> V0 -> V1 -> L2[V0, _9_], tr: L7[]
[16:07:43.696757]	Exploring 0: L0[], 1: L0[], Ebi: L2[L0[], L0[]], Eib: L2[L7[], L7[]], Eii: L2[L7[], L0[]], put: L2[V2, V1] -> V0 -> V1 -> L2[V0, V1], tr: L7[]
[16:07:43.697145]	Exploring 0: L0[], 1: L0[], Ebi: L2[L0[], L0[]], Eib: L2[L7[], L7[]], Eii: L2[L7[], L0[]], put: L2[V2, V1] -> V0 -> V1 -> L2[V1, _9_], tr: L7[]
[16:07:43.697332]	Exploring 0: L0[], 1: L0[], Ebi: L2[L0[], L0[]], Eib: L2[L7[], L7[]], Eii: L2[L7[], L0[]], put: L2[V2, V1] -> V0 -> V1 -> L2[V1, V1], tr: L7[]
[16:07:43.697698]	Exploring 0: L0[], 1: L0[], Ebi: L2[L0[], L0[]], Eib: L2[L7[], L7[]], Eii: L2[L7[], L0[]], put: L2[V2, V1] -> V0 -> V1 -> L2[V2, _9_], tr: L7[]
[16:07:43.697889]	Exploring 0: L0[], 1: L0[], Ebi: L2[L0[], L0[]], Eib: L2[L7[], L7[]], Eii: L2[L7[], L0[]], put: L2[V2, V1] -> V0 -> V1 -> L2[V2, V1], tr: L7[]
[16:07:43.698304]	Exploring 0: L0[], 1: L0[], Ebi: L2[L0[], L0[]], Eib: L2[L7[], L7[]], Eii: L2[L7[], L0[]], put: L2[V2, V3] -> V0 -> V1 -> L2[_8_, _9_], tr: L7[]
[16:07:43.698475]	Exploring 0: L0[], 1: L0[], Ebi: L2[L0[], L0[]], Eib: L2[L7[], L7[]], Eii: L2[L7[], L0[]], put: L2[V2, V3] -> V0 -> V1 -> L2[L0[], _9_], tr: L7[]
[16:07:43.698638]	Exploring 0: L0[], 1: L0[], Ebi: L2[L0[], L0[]], Eib: L2[L7[], L7[]], Eii: L2[L7[], L0[]], put: L2[V2, V3] -> V0 -> V1 -> L2[L0[], L0[]], tr: L7[]
[16:07:43.698909]	Exploring 0: L0[], 1: L0[], Ebi: L2[L0[], L0[]], Eib: L2[L7[], L7[]], Eii: L2[L7[], L0[]], put: L2[V2, V3] -> V0 -> V1 -> L2[L0[], L7[]], tr: L7[]
[16:07:43.699195]	Exploring 0: L0[], 1: L0[], Ebi: L2[L0[], L0[]], Eib: L2[L7[], L7[]], Eii: L2[L7[], L0[]], put: L2[V2, V3] -> V0 -> V1 -> L2[L0[], V0], tr: L7[]
[16:07:43.699516]	Exploring 0: L0[], 1: L0[], Ebi: L2[L0[], L0[]], Eib: L2[L7[], L7[]], Eii: L2[L7[], L0[]], put: L2[V2, V3] -> V0 -> V1 -> L2[L0[], V1], tr: L7[]
[16:07:43.699810]	Exploring 0: L0[], 1: L0[], Ebi: L2[L0[], L0[]], Eib: L2[L7[], L7[]], Eii: L2[L7[], L0[]], put: L2[V2, V3] -> V0 -> V1 -> L2[L0[], V2], tr: L7[]
[16:07:43.700094]	Exploring 0: L0[], 1: L0[], Ebi: L2[L0[], L0[]], Eib: L2[L7[], L7[]], Eii: L2[L7[], L0[]], put: L2[V2, V3] -> V0 -> V1 -> L2[L0[], V3], tr: L7[]
[16:07:43.700373]	Exploring 0: L0[], 1: L0[], Ebi: L2[L0[], L0[]], Eib: L2[L7[], L7[]], Eii: L2[L7[], L0[]], put: L2[V2, V3] -> V0 -> V1 -> L2[L7[], _9_], tr: L7[]
[16:07:43.700536]	Exploring 0: L0[], 1: L0[], Ebi: L2[L0[], L0[]], Eib: L2[L7[], L7[]], Eii: L2[L7[], L0[]], put: L2[V2, V3] -> V0 -> V1 -> L2[L7[], L0[]], tr: L7[]
[16:07:43.700803]	Exploring 0: L0[], 1: L0[], Ebi: L2[L0[], L0[]], Eib: L2[L7[], L7[]], Eii: L2[L7[], L0[]], put: L2[V2, V3] -> V0 -> V1 -> L2[L7[], L7[]], tr: L7[]
[16:07:43.701087]	Exploring 0: L0[], 1: L0[], Ebi: L2[L0[], L0[]], Eib: L2[L7[], L7[]], Eii: L2[L7[], L0[]], put: L2[V2, V3] -> V0 -> V1 -> L2[L7[], V0], tr: L7[]
[16:07:43.701396]	Exploring 0: L0[], 1: L0[], Ebi: L2[L0[], L0[]], Eib: L2[L7[], L7[]], Eii: L2[L7[], L0[]], put: L2[V2, V3] -> V0 -> V1 -> L2[L7[], V1], tr: L7[]
[16:07:43.701694]	Exploring 0: L0[], 1: L0[], Ebi: L2[L0[], L0[]], Eib: L2[L7[], L7[]], Eii: L2[L7[], L0[]], put: L2[V2, V3] -> V0 -> V1 -> L2[L7[], V2], tr: L7[]
[16:07:43.701980]	Exploring 0: L0[], 1: L0[], Ebi: L2[L0[], L0[]], Eib: L2[L7[], L7[]], Eii: L2[L7[], L0[]], put: L2[V2, V3] -> V0 -> V1 -> L2[L7[], V3], tr: L7[]
[16:07:43.702277]	Exploring 0: L0[], 1: L0[], Ebi: L2[L0[], L0[]], Eib: L2[L7[], L7[]], Eii: L2[L7[], L0[]], put: L2[V2, V3] -> V0 -> V1 -> L2[V0, _9_], tr: L7[]
[16:07:43.702459]	Exploring 0: L0[], 1: L0[], Ebi: L2[L0[], L0[]], Eib: L2[L7[], L7[]], Eii: L2[L7[], L0[]], put: L2[V2, V3] -> V0 -> V1 -> L2[V0, L0[]], tr: L7[]
[16:07:43.702764]	Exploring 0: L0[], 1: L0[], Ebi: L2[L0[], L0[]], Eib: L2[L7[], L7[]], Eii: L2[L7[], L0[]], put: L2[V2, V3] -> V0 -> V1 -> L2[V0, L7[]], tr: L7[]
[16:07:43.703066]	Exploring 0: L0[], 1: L0[], Ebi: L2[L0[], L0[]], Eib: L2[L7[], L7[]], Eii: L2[L7[], L0[]], put: L2[V2, V3] -> V0 -> V1 -> L2[V0, V0], tr: L7[]
[16:07:43.703372]	Exploring 0: L0[], 1: L0[], Ebi: L2[L0[], L0[]], Eib: L2[L7[], L7[]], Eii: L2[L7[], L0[]], put: L2[V2, V3] -> V0 -> V1 -> L2[V0, V1], tr: L7[]
[16:07:43.703684]	Exploring 0: L0[], 1: L0[], Ebi: L2[L0[], L0[]], Eib: L2[L7[], L7[]], Eii: L2[L7[], L0[]], put: L2[V2, V3] -> V0 -> V1 -> L2[V0, V2], tr: L7[]
[16:07:43.704011]	Exploring 0: L0[], 1: L0[], Ebi: L2[L0[], L0[]], Eib: L2[L7[], L7[]], Eii: L2[L7[], L0[]], put: L2[V2, V3] -> V0 -> V1 -> L2[V0, V3], tr: L7[]
[16:07:43.704321]	Exploring 0: L0[], 1: L0[], Ebi: L2[L0[], L0[]], Eib: L2[L7[], L7[]], Eii: L2[L7[], L0[]], put: L2[V2, V3] -> V0 -> V1 -> L2[V1, _9_], tr: L7[]
[16:07:43.704511]	Exploring 0: L0[], 1: L0[], Ebi: L2[L0[], L0[]], Eib: L2[L7[], L7[]], Eii: L2[L7[], L0[]], put: L2[V2, V3] -> V0 -> V1 -> L2[V1, L0[]], tr: L7[]
[16:07:43.704878]	Exploring 0: L0[], 1: L0[], Ebi: L2[L0[], L0[]], Eib: L2[L7[], L7[]], Eii: L2[L7[], L0[]], put: L2[V2, V3] -> V0 -> V1 -> L2[V1, L7[]], tr: L7[]
[16:07:43.705194]	Exploring 0: L0[], 1: L0[], Ebi: L2[L0[], L0[]], Eib: L2[L7[], L7[]], Eii: L2[L7[], L0[]], put: L2[V2, V3] -> V0 -> V1 -> L2[V1, V0], tr: L7[]
[16:07:43.705519]	Exploring 0: L0[], 1: L0[], Ebi: L2[L0[], L0[]], Eib: L2[L7[], L7[]], Eii: L2[L7[], L0[]], put: L2[V2, V3] -> V0 -> V1 -> L2[V1, V1], tr: L7[]
[16:07:43.705825]	Exploring 0: L0[], 1: L0[], Ebi: L2[L0[], L0[]], Eib: L2[L7[], L7[]], Eii: L2[L7[], L0[]], put: L2[V2, V3] -> V0 -> V1 -> L2[V1, V2], tr: L7[]
[16:07:43.706139]	Exploring 0: L0[], 1: L0[], Ebi: L2[L0[], L0[]], Eib: L2[L7[], L7[]], Eii: L2[L7[], L0[]], put: L2[V2, V3] -> V0 -> V1 -> L2[V1, V3], tr: L7[]
[16:07:43.706433]	Exploring 0: L0[], 1: L0[], Ebi: L2[L0[], L0[]], Eib: L2[L7[], L7[]], Eii: L2[L7[], L0[]], put: L2[V2, V3] -> V0 -> V1 -> L2[V2, _9_], tr: L7[]
[16:07:43.706611]	Exploring 0: L0[], 1: L0[], Ebi: L2[L0[], L0[]], Eib: L2[L7[], L7[]], Eii: L2[L7[], L0[]], put: L2[V2, V3] -> V0 -> V1 -> L2[V2, L0[]], tr: L7[]
[16:07:43.706891]	Exploring 0: L0[], 1: L0[], Ebi: L2[L0[], L0[]], Eib: L2[L7[], L7[]], Eii: L2[L7[], L0[]], put: L2[V2, V3] -> V0 -> V1 -> L2[V2, L7[]], tr: L7[]
[16:07:43.707193]	Exploring 0: L0[], 1: L0[], Ebi: L2[L0[], L0[]], Eib: L2[L7[], L7[]], Eii: L2[L7[], L0[]], put: L2[V2, V3] -> V0 -> V1 -> L2[V2, V0], tr: L7[]
[16:07:43.707518]	Exploring 0: L0[], 1: L0[], Ebi: L2[L0[], L0[]], Eib: L2[L7[], L7[]], Eii: L2[L7[], L0[]], put: L2[V2, V3] -> V0 -> V1 -> L2[V2, V1], tr: L7[]
[16:07:43.707814]	Exploring 0: L0[], 1: L0[], Ebi: L2[L0[], L0[]], Eib: L2[L7[], L7[]], Eii: L2[L7[], L0[]], put: L2[V2, V3] -> V0 -> V1 -> L2[V2, V2], tr: L7[]
[16:07:43.708147]	Exploring 0: L0[], 1: L0[], Ebi: L2[L0[], L0[]], Eib: L2[L7[], L7[]], Eii: L2[L7[], L0[]], put: L2[V2, V3] -> V0 -> V1 -> L2[V2, V3], tr: L7[]
[16:07:43.708443]	Exploring 0: L0[], 1: L0[], Ebi: L2[L0[], L0[]], Eib: L2[L7[], L7[]], Eii: L2[L7[], L0[]], put: L2[V2, V3] -> V0 -> V1 -> L2[V3, _9_], tr: L7[]
[16:07:43.708655]	Exploring 0: L0[], 1: L0[], Ebi: L2[L0[], L0[]], Eib: L2[L7[], L7[]], Eii: L2[L7[], L0[]], put: L2[V2, V3] -> V0 -> V1 -> L2[V3, L0[]], tr: L7[]
[16:07:43.708953]	Exploring 0: L0[], 1: L0[], Ebi: L2[L0[], L0[]], Eib: L2[L7[], L7[]], Eii: L2[L7[], L0[]], put: L2[V2, V3] -> V0 -> V1 -> L2[V3, L7[]], tr: L7[]
[16:07:43.709261]	Exploring 0: L0[], 1: L0[], Ebi: L2[L0[], L0[]], Eib: L2[L7[], L7[]], Eii: L2[L7[], L0[]], put: L2[V2, V3] -> V0 -> V1 -> L2[V3, V0], tr: L7[]
[16:07:43.709600]	Exploring 0: L0[], 1: L0[], Ebi: L2[L0[], L0[]], Eib: L2[L7[], L7[]], Eii: L2[L7[], L0[]], put: L2[V2, V3] -> V0 -> V1 -> L2[V3, V1], tr: L7[]
[16:07:43.709904]	Exploring 0: L0[], 1: L0[], Ebi: L2[L0[], L0[]], Eib: L2[L7[], L7[]], Eii: L2[L7[], L0[]], put: L2[V2, V3] -> V0 -> V1 -> L2[V3, V2], tr: L7[]
[16:07:43.710226]	Exploring 0: L0[], 1: L0[], Ebi: L2[L0[], L0[]], Eib: L2[L7[], L7[]], Eii: L2[L7[], L0[]], put: L2[V2, V3] -> V0 -> V1 -> L2[V3, V3], tr: L7[]
[16:07:43.710478]	Exploring 0: L0[], 1: L0[], Ebi: L2[L0[], L0[]], Eib: L2[L7[], L7[]], Eii: L2[L7[], L7[]], put: L2[_6_, _7_] -> V0 -> V1 -> L2[_8_, _9_], tr: L7[]
[16:07:43.710681]	Exploring 0: L0[], 1: L0[], Ebi: L2[L0[], L0[]], Eib: L2[L7[], L7[]], Eii: L2[L7[], L7[]], put: L2[V2, _7_] -> V0 -> V1 -> L2[_8_, _9_], tr: L7[]
[16:07:43.710886]	Exploring 0: L0[], 1: L0[], Ebi: L2[L0[], L0[]], Eib: L2[L7[], L7[]], Eii: L2[L7[], L7[]], put: L2[V2, V2] -> V0 -> V1 -> L2[_8_, _9_], tr: L7[]
[16:07:43.711036]	Exploring 0: L0[], 1: L0[], Ebi: L2[L0[], L0[]], Eib: L2[L7[], L7[]], Eii: L2[L7[], L7[]], put: L2[V2, V2] -> V0 -> V1 -> L2[L0[], _9_], tr: L7[]
[16:07:43.711249]	Exploring 0: L0[], 1: L0[], Ebi: L2[L0[], L0[]], Eib: L2[L7[], L7[]], Eii: L2[L7[], L7[]], put: L2[V2, V2] -> V0 -> V1 -> L2[L0[], L0[]], tr: L7[]
[16:07:43.711603]	Exploring 0: L0[], 1: L0[], Ebi: L2[L0[], L0[]], Eib: L2[L7[], L7[]], Eii: L2[L7[], L7[]], put: L2[V2, V2] -> V0 -> V1 -> L2[L7[], _9_], tr: L7[]
[16:07:43.711763]	Exploring 0: L0[], 1: L0[], Ebi: L2[L0[], L0[]], Eib: L2[L7[], L7[]], Eii: L2[L7[], L7[]], put: L2[V2, V2] -> V0 -> V1 -> L2[L7[], L7[]], tr: L7[]
[16:07:43.712087]	Exploring 0: L0[], 1: L0[], Ebi: L2[L0[], L0[]], Eib: L2[L7[], L7[]], Eii: L2[L7[], L7[]], put: L2[V2, V2] -> V0 -> V1 -> L2[V0, _9_], tr: L7[]
[16:07:43.712266]	Exploring 0: L0[], 1: L0[], Ebi: L2[L0[], L0[]], Eib: L2[L7[], L7[]], Eii: L2[L7[], L7[]], put: L2[V2, V2] -> V0 -> V1 -> L2[V0, V0], tr: L7[]
[16:07:43.712557]	Exploring 0: L0[], 1: L0[], Ebi: L2[L0[], L0[]], Eib: L2[L7[], L7[]], Eii: L2[L7[], L7[]], put: L2[V2, V2] -> V0 -> V1 -> L2[V1, _9_], tr: L7[]
[16:07:43.712778]	Exploring 0: L0[], 1: L0[], Ebi: L2[L0[], L0[]], Eib: L2[L7[], L7[]], Eii: L2[L7[], L7[]], put: L2[V2, V2] -> V0 -> V1 -> L2[V1, V1], tr: L7[]
[16:07:43.713101]	Exploring 0: L0[], 1: L0[], Ebi: L2[L0[], L0[]], Eib: L2[L7[], L7[]], Eii: L2[L7[], L7[]], put: L2[V2, V2] -> V0 -> V1 -> L2[V2, _9_], tr: L7[]
[16:07:43.713369]	Exploring 0: L0[], 1: L0[], Ebi: L2[L0[], L0[]], Eib: L2[L7[], L7[]], Eii: L2[L7[], L7[]], put: L2[V2, V2] -> V0 -> V1 -> L2[V2, V2], tr: L7[]
[16:07:43.713623]	Exploring 0: L0[], 1: L0[], Ebi: L2[L0[], L0[]], Eib: L2[L7[], L7[]], Eii: L2[L7[], L7[]], put: L2[V2, V3] -> V0 -> V1 -> L2[_8_, _9_], tr: L7[]
[16:07:43.713811]	Exploring 0: L0[], 1: L0[], Ebi: L2[L0[], L0[]], Eib: L2[L7[], L7[]], Eii: L2[L7[], L7[]], put: L2[V2, V3] -> V0 -> V1 -> L2[L0[], _9_], tr: L7[]
[16:07:43.713986]	Exploring 0: L0[], 1: L0[], Ebi: L2[L0[], L0[]], Eib: L2[L7[], L7[]], Eii: L2[L7[], L7[]], put: L2[V2, V3] -> V0 -> V1 -> L2[L0[], L0[]], tr: L7[]
[16:07:43.714364]	Exploring 0: L0[], 1: L0[], Ebi: L2[L0[], L0[]], Eib: L2[L7[], L7[]], Eii: L2[L7[], L7[]], put: L2[V2, V3] -> V0 -> V1 -> L2[L0[], L7[]], tr: L7[]
[16:07:43.714664]	Exploring 0: L0[], 1: L0[], Ebi: L2[L0[], L0[]], Eib: L2[L7[], L7[]], Eii: L2[L7[], L7[]], put: L2[V2, V3] -> V0 -> V1 -> L2[L0[], V0], tr: L7[]
[16:07:43.714986]	Exploring 0: L0[], 1: L0[], Ebi: L2[L0[], L0[]], Eib: L2[L7[], L7[]], Eii: L2[L7[], L7[]], put: L2[V2, V3] -> V0 -> V1 -> L2[L0[], V1], tr: L7[]
[16:07:43.715288]	Exploring 0: L0[], 1: L0[], Ebi: L2[L0[], L0[]], Eib: L2[L7[], L7[]], Eii: L2[L7[], L7[]], put: L2[V2, V3] -> V0 -> V1 -> L2[L0[], V2], tr: L7[]
[16:07:43.715608]	Exploring 0: L0[], 1: L0[], Ebi: L2[L0[], L0[]], Eib: L2[L7[], L7[]], Eii: L2[L7[], L7[]], put: L2[V2, V3] -> V0 -> V1 -> L2[L0[], V3], tr: L7[]
[16:07:43.715900]	Exploring 0: L0[], 1: L0[], Ebi: L2[L0[], L0[]], Eib: L2[L7[], L7[]], Eii: L2[L7[], L7[]], put: L2[V2, V3] -> V0 -> V1 -> L2[L7[], _9_], tr: L7[]
[16:07:43.716079]	Exploring 0: L0[], 1: L0[], Ebi: L2[L0[], L0[]], Eib: L2[L7[], L7[]], Eii: L2[L7[], L7[]], put: L2[V2, V3] -> V0 -> V1 -> L2[L7[], L0[]], tr: L7[]
[16:07:43.716351]	Exploring 0: L0[], 1: L0[], Ebi: L2[L0[], L0[]], Eib: L2[L7[], L7[]], Eii: L2[L7[], L7[]], put: L2[V2, V3] -> V0 -> V1 -> L2[L7[], L7[]], tr: L7[]
[16:07:43.716649]	Exploring 0: L0[], 1: L0[], Ebi: L2[L0[], L0[]], Eib: L2[L7[], L7[]], Eii: L2[L7[], L7[]], put: L2[V2, V3] -> V0 -> V1 -> L2[L7[], V0], tr: L7[]
[16:07:43.716974]	Exploring 0: L0[], 1: L0[], Ebi: L2[L0[], L0[]], Eib: L2[L7[], L7[]], Eii: L2[L7[], L7[]], put: L2[V2, V3] -> V0 -> V1 -> L2[L7[], V1], tr: L7[]
[16:07:43.717269]	Exploring 0: L0[], 1: L0[], Ebi: L2[L0[], L0[]], Eib: L2[L7[], L7[]], Eii: L2[L7[], L7[]], put: L2[V2, V3] -> V0 -> V1 -> L2[L7[], V2], tr: L7[]
[16:07:43.717550]	Exploring 0: L0[], 1: L0[], Ebi: L2[L0[], L0[]], Eib: L2[L7[], L7[]], Eii: L2[L7[], L7[]], put: L2[V2, V3] -> V0 -> V1 -> L2[L7[], V3], tr: L7[]
[16:07:43.717848]	Exploring 0: L0[], 1: L0[], Ebi: L2[L0[], L0[]], Eib: L2[L7[], L7[]], Eii: L2[L7[], L7[]], put: L2[V2, V3] -> V0 -> V1 -> L2[V0, _9_], tr: L7[]
[16:07:43.718114]	Exploring 0: L0[], 1: L0[], Ebi: L2[L0[], L0[]], Eib: L2[L7[], L7[]], Eii: L2[L7[], L7[]], put: L2[V2, V3] -> V0 -> V1 -> L2[V0, L0[]], tr: L7[]
[16:07:43.718536]	Exploring 0: L0[], 1: L0[], Ebi: L2[L0[], L0[]], Eib: L2[L7[], L7[]], Eii: L2[L7[], L7[]], put: L2[V2, V3] -> V0 -> V1 -> L2[V0, L7[]], tr: L7[]
[16:07:43.718844]	Exploring 0: L0[], 1: L0[], Ebi: L2[L0[], L0[]], Eib: L2[L7[], L7[]], Eii: L2[L7[], L7[]], put: L2[V2, V3] -> V0 -> V1 -> L2[V0, V0], tr: L7[]
[16:07:43.719147]	Exploring 0: L0[], 1: L0[], Ebi: L2[L0[], L0[]], Eib: L2[L7[], L7[]], Eii: L2[L7[], L7[]], put: L2[V2, V3] -> V0 -> V1 -> L2[V0, V1], tr: L7[]
[16:07:43.719536]	Exploring 0: L0[], 1: L0[], Ebi: L2[L0[], L0[]], Eib: L2[L7[], L7[]], Eii: L2[L7[], L7[]], put: L2[V2, V3] -> V0 -> V1 -> L2[V0, V2], tr: L7[]
[16:07:43.719833]	Exploring 0: L0[], 1: L0[], Ebi: L2[L0[], L0[]], Eib: L2[L7[], L7[]], Eii: L2[L7[], L7[]], put: L2[V2, V3] -> V0 -> V1 -> L2[V0, V3], tr: L7[]
[16:07:43.720136]	Exploring 0: L0[], 1: L0[], Ebi: L2[L0[], L0[]], Eib: L2[L7[], L7[]], Eii: L2[L7[], L7[]], put: L2[V2, V3] -> V0 -> V1 -> L2[V1, _9_], tr: L7[]
[16:07:43.720321]	Exploring 0: L0[], 1: L0[], Ebi: L2[L0[], L0[]], Eib: L2[L7[], L7[]], Eii: L2[L7[], L7[]], put: L2[V2, V3] -> V0 -> V1 -> L2[V1, L0[]], tr: L7[]
[16:07:43.720630]	Exploring 0: L0[], 1: L0[], Ebi: L2[L0[], L0[]], Eib: L2[L7[], L7[]], Eii: L2[L7[], L7[]], put: L2[V2, V3] -> V0 -> V1 -> L2[V1, L7[]], tr: L7[]
[16:07:43.720935]	Exploring 0: L0[], 1: L0[], Ebi: L2[L0[], L0[]], Eib: L2[L7[], L7[]], Eii: L2[L7[], L7[]], put: L2[V2, V3] -> V0 -> V1 -> L2[V1, V0], tr: L7[]
[16:07:43.721238]	Exploring 0: L0[], 1: L0[], Ebi: L2[L0[], L0[]], Eib: L2[L7[], L7[]], Eii: L2[L7[], L7[]], put: L2[V2, V3] -> V0 -> V1 -> L2[V1, V1], tr: L7[]
[16:07:43.721543]	Exploring 0: L0[], 1: L0[], Ebi: L2[L0[], L0[]], Eib: L2[L7[], L7[]], Eii: L2[L7[], L7[]], put: L2[V2, V3] -> V0 -> V1 -> L2[V1, V2], tr: L7[]
[16:07:43.721859]	Exploring 0: L0[], 1: L0[], Ebi: L2[L0[], L0[]], Eib: L2[L7[], L7[]], Eii: L2[L7[], L7[]], put: L2[V2, V3] -> V0 -> V1 -> L2[V1, V3], tr: L7[]
[16:07:43.722154]	Exploring 0: L0[], 1: L0[], Ebi: L2[L0[], L0[]], Eib: L2[L7[], L7[]], Eii: L2[L7[], L7[]], put: L2[V2, V3] -> V0 -> V1 -> L2[V2, _9_], tr: L7[]
[16:07:43.722322]	Exploring 0: L0[], 1: L0[], Ebi: L2[L0[], L0[]], Eib: L2[L7[], L7[]], Eii: L2[L7[], L7[]], put: L2[V2, V3] -> V0 -> V1 -> L2[V2, L0[]], tr: L7[]
[16:07:43.722711]	Exploring 0: L0[], 1: L0[], Ebi: L2[L0[], L0[]], Eib: L2[L7[], L7[]], Eii: L2[L7[], L7[]], put: L2[V2, V3] -> V0 -> V1 -> L2[V2, L7[]], tr: L7[]
[16:07:43.723011]	Exploring 0: L0[], 1: L0[], Ebi: L2[L0[], L0[]], Eib: L2[L7[], L7[]], Eii: L2[L7[], L7[]], put: L2[V2, V3] -> V0 -> V1 -> L2[V2, V0], tr: L7[]
[16:07:43.723321]	Exploring 0: L0[], 1: L0[], Ebi: L2[L0[], L0[]], Eib: L2[L7[], L7[]], Eii: L2[L7[], L7[]], put: L2[V2, V3] -> V0 -> V1 -> L2[V2, V1], tr: L7[]
[16:07:43.723641]	Exploring 0: L0[], 1: L0[], Ebi: L2[L0[], L0[]], Eib: L2[L7[], L7[]], Eii: L2[L7[], L7[]], put: L2[V2, V3] -> V0 -> V1 -> L2[V2, V2], tr: L7[]
[16:07:43.723921]	Exploring 0: L0[], 1: L0[], Ebi: L2[L0[], L0[]], Eib: L2[L7[], L7[]], Eii: L2[L7[], L7[]], put: L2[V2, V3] -> V0 -> V1 -> L2[V2, V3], tr: L7[]
[16:07:43.724212]	Exploring 0: L0[], 1: L0[], Ebi: L2[L0[], L0[]], Eib: L2[L7[], L7[]], Eii: L2[L7[], L7[]], put: L2[V2, V3] -> V0 -> V1 -> L2[V3, _9_], tr: L7[]
[16:07:43.724427]	Exploring 0: L0[], 1: L0[], Ebi: L2[L0[], L0[]], Eib: L2[L7[], L7[]], Eii: L2[L7[], L7[]], put: L2[V2, V3] -> V0 -> V1 -> L2[V3, L0[]], tr: L7[]
[16:07:43.724745]	Exploring 0: L0[], 1: L0[], Ebi: L2[L0[], L0[]], Eib: L2[L7[], L7[]], Eii: L2[L7[], L7[]], put: L2[V2, V3] -> V0 -> V1 -> L2[V3, L7[]], tr: L7[]
[16:07:43.725058]	Exploring 0: L0[], 1: L0[], Ebi: L2[L0[], L0[]], Eib: L2[L7[], L7[]], Eii: L2[L7[], L7[]], put: L2[V2, V3] -> V0 -> V1 -> L2[V3, V0], tr: L7[]
[16:07:43.725380]	Exploring 0: L0[], 1: L0[], Ebi: L2[L0[], L0[]], Eib: L2[L7[], L7[]], Eii: L2[L7[], L7[]], put: L2[V2, V3] -> V0 -> V1 -> L2[V3, V1], tr: L7[]
[16:07:43.725724]	Exploring 0: L0[], 1: L0[], Ebi: L2[L0[], L0[]], Eib: L2[L7[], L7[]], Eii: L2[L7[], L7[]], put: L2[V2, V3] -> V0 -> V1 -> L2[V3, V2], tr: L7[]
[16:07:43.726014]	Exploring 0: L0[], 1: L0[], Ebi: L2[L0[], L0[]], Eib: L2[L7[], L7[]], Eii: L2[L7[], L7[]], put: L2[V2, V3] -> V0 -> V1 -> L2[V3, V3], tr: L7[]
[16:07:43.726261]	Exploring 0: L0[], 1: L0[], Ebi: L2[L0[], L7[]], Eib: L2[_2_, _3_], Eii: L2[_4_, _5_], put: L2[_6_, _7_] -> V0 -> V1 -> L2[_8_, _9_], tr: L7[]
[16:07:43.726380]	Exploring 0: L0[], 1: L0[], Ebi: L2[L0[], L7[]], Eib: L2[L0[], _3_], Eii: L2[_4_, _5_], put: L2[_6_, _7_] -> V0 -> V1 -> L2[_8_, _9_], tr: L7[]
[16:07:43.726487]	Exploring 0: L0[], 1: L0[], Ebi: L2[L0[], L7[]], Eib: L2[L0[], L0[]], Eii: L2[_4_, _5_], put: L2[_6_, _7_] -> V0 -> V1 -> L2[_8_, _9_], tr: L7[]
[16:07:43.726608]	Exploring 0: L0[], 1: L0[], Ebi: L2[L0[], L7[]], Eib: L2[L0[], L0[]], Eii: L2[L0[], _5_], put: L2[_6_, _7_] -> V0 -> V1 -> L2[_8_, _9_], tr: L7[]
[16:07:43.726710]	Exploring 0: L0[], 1: L0[], Ebi: L2[L0[], L7[]], Eib: L2[L0[], L0[]], Eii: L2[L0[], L0[]], put: L2[_6_, _7_] -> V0 -> V1 -> L2[_8_, _9_], tr: L7[]
[16:07:43.726850]	Exploring 0: L0[], 1: L0[], Ebi: L2[L0[], L7[]], Eib: L2[L0[], L0[]], Eii: L2[L0[], L0[]], put: L2[L0[], _7_] -> V0 -> V1 -> L2[_8_, _9_], tr: L7[]
[16:07:43.726985]	Exploring 0: L0[], 1: L0[], Ebi: L2[L0[], L7[]], Eib: L2[L0[], L0[]], Eii: L2[L0[], L0[]], put: L2[L0[], V0] -> V0 -> V1 -> L2[_8_, _9_], tr: L7[]
[16:07:43.727167]	Exploring 0: L0[], 1: L0[], Ebi: L2[L0[], L7[]], Eib: L2[L0[], L0[]], Eii: L2[L0[], L0[]], put: L2[L0[], V0] -> V0 -> V1 -> L2[L0[], _9_], tr: L7[]
[16:07:43.727348]	Exploring 0: L0[], 1: L0[], Ebi: L2[L0[], L7[]], Eib: L2[L0[], L0[]], Eii: L2[L0[], L0[]], put: L2[L0[], V0] -> V0 -> V1 -> L2[L0[], V0], tr: L7[]
[16:07:43.727757]	Exploring 0: L0[], 1: L0[], Ebi: L2[L0[], L7[]], Eib: L2[L0[], L0[]], Eii: L2[L0[], L0[]], put: L2[L0[], V2] -> V0 -> V1 -> L2[_8_, _9_], tr: L7[]
[16:07:43.727947]	Exploring 0: L0[], 1: L0[], Ebi: L2[L0[], L7[]], Eib: L2[L0[], L0[]], Eii: L2[L0[], L0[]], put: L2[L0[], V2] -> V0 -> V1 -> L2[L0[], _9_], tr: L7[]
[16:07:43.728092]	Exploring 0: L0[], 1: L0[], Ebi: L2[L0[], L7[]], Eib: L2[L0[], L0[]], Eii: L2[L0[], L0[]], put: L2[L0[], V2] -> V0 -> V1 -> L2[L0[], L0[]], tr: L7[]
[16:07:43.728331]	Exploring 0: L0[], 1: L0[], Ebi: L2[L0[], L7[]], Eib: L2[L0[], L0[]], Eii: L2[L0[], L0[]], put: L2[L0[], V2] -> V0 -> V1 -> L2[L0[], L7[]], tr: L7[]
[16:07:43.728572]	Exploring 0: L0[], 1: L0[], Ebi: L2[L0[], L7[]], Eib: L2[L0[], L0[]], Eii: L2[L0[], L0[]], put: L2[L0[], V2] -> V0 -> V1 -> L2[L0[], V0], tr: L7[]
[16:07:43.728827]	Exploring 0: L0[], 1: L0[], Ebi: L2[L0[], L7[]], Eib: L2[L0[], L0[]], Eii: L2[L0[], L0[]], put: L2[L0[], V2] -> V0 -> V1 -> L2[L0[], V1], tr: L7[]
[16:07:43.729077]	Exploring 0: L0[], 1: L0[], Ebi: L2[L0[], L7[]], Eib: L2[L0[], L0[]], Eii: L2[L0[], L0[]], put: L2[L0[], V2] -> V0 -> V1 -> L2[L0[], V2], tr: L7[]
[16:07:43.729435]	Exploring 0: L0[], 1: L0[], Ebi: L2[L0[], L7[]], Eib: L2[L0[], L0[]], Eii: L2[L0[], L0[]], put: L2[V2, _7_] -> V0 -> V1 -> L2[_8_, _9_], tr: L7[]
[16:07:43.729596]	Exploring 0: L0[], 1: L0[], Ebi: L2[L0[], L7[]], Eib: L2[L0[], L0[]], Eii: L2[L0[], L0[]], put: L2[V2, V0] -> V0 -> V1 -> L2[_8_, _9_], tr: L7[]
[16:07:43.729743]	Exploring 0: L0[], 1: L0[], Ebi: L2[L0[], L7[]], Eib: L2[L0[], L0[]], Eii: L2[L0[], L0[]], put: L2[V2, V0] -> V0 -> V1 -> L2[L0[], _9_], tr: L7[]
[16:07:43.729957]	Exploring 0: L0[], 1: L0[], Ebi: L2[L0[], L7[]], Eib: L2[L0[], L0[]], Eii: L2[L0[], L0[]], put: L2[V2, V0] -> V0 -> V1 -> L2[L0[], V0], tr: L7[]
[16:07:43.730409]	Exploring 0: L0[], 1: L0[], Ebi: L2[L0[], L7[]], Eib: L2[L0[], L0[]], Eii: L2[L0[], L0[]], put: L2[V2, V0] -> V0 -> V1 -> L2[L7[], _9_], tr: L7[]
[16:07:43.730642]	Exploring 0: L0[], 1: L0[], Ebi: L2[L0[], L7[]], Eib: L2[L0[], L0[]], Eii: L2[L0[], L0[]], put: L2[V2, V0] -> V0 -> V1 -> L2[L7[], V0], tr: L7[]
[16:07:43.731120]	Exploring 0: L0[], 1: L0[], Ebi: L2[L0[], L7[]], Eib: L2[L0[], L0[]], Eii: L2[L0[], L0[]], put: L2[V2, V0] -> V0 -> V1 -> L2[V0, _9_], tr: L7[]
[16:07:43.731359]	Exploring 0: L0[], 1: L0[], Ebi: L2[L0[], L7[]], Eib: L2[L0[], L0[]], Eii: L2[L0[], L0[]], put: L2[V2, V0] -> V0 -> V1 -> L2[V0, V0], tr: L7[]
[16:07:43.731800]	Exploring 0: L0[], 1: L0[], Ebi: L2[L0[], L7[]], Eib: L2[L0[], L0[]], Eii: L2[L0[], L0[]], put: L2[V2, V0] -> V0 -> V1 -> L2[V1, _9_], tr: L7[]
[16:07:43.732010]	Exploring 0: L0[], 1: L0[], Ebi: L2[L0[], L7[]], Eib: L2[L0[], L0[]], Eii: L2[L0[], L0[]], put: L2[V2, V0] -> V0 -> V1 -> L2[V1, V0], tr: L7[]
[16:07:43.732339]	Exploring 0: L0[], 1: L0[], Ebi: L2[L0[], L7[]], Eib: L2[L0[], L0[]], Eii: L2[L0[], L0[]], put: L2[V2, V0] -> V0 -> V1 -> L2[V2, _9_], tr: L7[]
[16:07:43.732533]	Exploring 0: L0[], 1: L0[], Ebi: L2[L0[], L7[]], Eib: L2[L0[], L0[]], Eii: L2[L0[], L0[]], put: L2[V2, V0] -> V0 -> V1 -> L2[V2, V0], tr: L7[]
[16:07:43.733060]	Exploring 0: L0[], 1: L0[], Ebi: L2[L0[], L7[]], Eib: L2[L0[], L0[]], Eii: L2[L0[], L0[]], put: L2[V2, V3] -> V0 -> V1 -> L2[_8_, _9_], tr: L7[]
[16:07:43.733277]	Exploring 0: L0[], 1: L0[], Ebi: L2[L0[], L7[]], Eib: L2[L0[], L0[]], Eii: L2[L0[], L0[]], put: L2[V2, V3] -> V0 -> V1 -> L2[L0[], _9_], tr: L7[]
[16:07:43.733427]	Exploring 0: L0[], 1: L0[], Ebi: L2[L0[], L7[]], Eib: L2[L0[], L0[]], Eii: L2[L0[], L0[]], put: L2[V2, V3] -> V0 -> V1 -> L2[L0[], L0[]], tr: L7[]
[16:07:43.733677]	Exploring 0: L0[], 1: L0[], Ebi: L2[L0[], L7[]], Eib: L2[L0[], L0[]], Eii: L2[L0[], L0[]], put: L2[V2, V3] -> V0 -> V1 -> L2[L0[], L7[]], tr: L7[]
[16:07:43.733956]	Exploring 0: L0[], 1: L0[], Ebi: L2[L0[], L7[]], Eib: L2[L0[], L0[]], Eii: L2[L0[], L0[]], put: L2[V2, V3] -> V0 -> V1 -> L2[L0[], V0], tr: L7[]
[16:07:43.734380]	Exploring 0: L0[], 1: L0[], Ebi: L2[L0[], L7[]], Eib: L2[L0[], L0[]], Eii: L2[L0[], L0[]], put: L2[V2, V3] -> V0 -> V1 -> L2[L0[], V1], tr: L7[]
[16:07:43.734677]	Exploring 0: L0[], 1: L0[], Ebi: L2[L0[], L7[]], Eib: L2[L0[], L0[]], Eii: L2[L0[], L0[]], put: L2[V2, V3] -> V0 -> V1 -> L2[L0[], V2], tr: L7[]
[16:07:43.734956]	Exploring 0: L0[], 1: L0[], Ebi: L2[L0[], L7[]], Eib: L2[L0[], L0[]], Eii: L2[L0[], L0[]], put: L2[V2, V3] -> V0 -> V1 -> L2[L0[], V3], tr: L7[]
[16:07:43.735228]	Exploring 0: L0[], 1: L0[], Ebi: L2[L0[], L7[]], Eib: L2[L0[], L0[]], Eii: L2[L0[], L0[]], put: L2[V2, V3] -> V0 -> V1 -> L2[L7[], _9_], tr: L7[]
[16:07:43.735437]	Exploring 0: L0[], 1: L0[], Ebi: L2[L0[], L7[]], Eib: L2[L0[], L0[]], Eii: L2[L0[], L0[]], put: L2[V2, V3] -> V0 -> V1 -> L2[L7[], L0[]], tr: L7[]
[16:07:43.735696]	Exploring 0: L0[], 1: L0[], Ebi: L2[L0[], L7[]], Eib: L2[L0[], L0[]], Eii: L2[L0[], L0[]], put: L2[V2, V3] -> V0 -> V1 -> L2[L7[], L7[]], tr: L7[]
[16:07:43.736001]	Exploring 0: L0[], 1: L0[], Ebi: L2[L0[], L7[]], Eib: L2[L0[], L0[]], Eii: L2[L0[], L0[]], put: L2[V2, V3] -> V0 -> V1 -> L2[L7[], V0], tr: L7[]
[16:07:43.736300]	Exploring 0: L0[], 1: L0[], Ebi: L2[L0[], L7[]], Eib: L2[L0[], L0[]], Eii: L2[L0[], L0[]], put: L2[V2, V3] -> V0 -> V1 -> L2[L7[], V1], tr: L7[]
[16:07:43.736587]	Exploring 0: L0[], 1: L0[], Ebi: L2[L0[], L7[]], Eib: L2[L0[], L0[]], Eii: L2[L0[], L0[]], put: L2[V2, V3] -> V0 -> V1 -> L2[L7[], V2], tr: L7[]
[16:07:43.736856]	Exploring 0: L0[], 1: L0[], Ebi: L2[L0[], L7[]], Eib: L2[L0[], L0[]], Eii: L2[L0[], L0[]], put: L2[V2, V3] -> V0 -> V1 -> L2[L7[], V3], tr: L7[]
[16:07:43.737141]	Exploring 0: L0[], 1: L0[], Ebi: L2[L0[], L7[]], Eib: L2[L0[], L0[]], Eii: L2[L0[], L0[]], put: L2[V2, V3] -> V0 -> V1 -> L2[V0, _9_], tr: L7[]
[16:07:43.737339]	Exploring 0: L0[], 1: L0[], Ebi: L2[L0[], L7[]], Eib: L2[L0[], L0[]], Eii: L2[L0[], L0[]], put: L2[V2, V3] -> V0 -> V1 -> L2[V0, L0[]], tr: L7[]
[16:07:43.737642]	Exploring 0: L0[], 1: L0[], Ebi: L2[L0[], L7[]], Eib: L2[L0[], L0[]], Eii: L2[L0[], L0[]], put: L2[V2, V3] -> V0 -> V1 -> L2[V0, L7[]], tr: L7[]
[16:07:43.738031]	Exploring 0: L0[], 1: L0[], Ebi: L2[L0[], L7[]], Eib: L2[L0[], L0[]], Eii: L2[L0[], L0[]], put: L2[V2, V3] -> V0 -> V1 -> L2[V0, V0], tr: L7[]
[16:07:43.738324]	Exploring 0: L0[], 1: L0[], Ebi: L2[L0[], L7[]], Eib: L2[L0[], L0[]], Eii: L2[L0[], L0[]], put: L2[V2, V3] -> V0 -> V1 -> L2[V0, V1], tr: L7[]
[16:07:43.738612]	Exploring 0: L0[], 1: L0[], Ebi: L2[L0[], L7[]], Eib: L2[L0[], L0[]], Eii: L2[L0[], L0[]], put: L2[V2, V3] -> V0 -> V1 -> L2[V0, V2], tr: L7[]
[16:07:43.738893]	Exploring 0: L0[], 1: L0[], Ebi: L2[L0[], L7[]], Eib: L2[L0[], L0[]], Eii: L2[L0[], L0[]], put: L2[V2, V3] -> V0 -> V1 -> L2[V0, V3], tr: L7[]
[16:07:43.739222]	Exploring 0: L0[], 1: L0[], Ebi: L2[L0[], L7[]], Eib: L2[L0[], L0[]], Eii: L2[L0[], L0[]], put: L2[V2, V3] -> V0 -> V1 -> L2[V1, _9_], tr: L7[]
[16:07:43.739392]	Exploring 0: L0[], 1: L0[], Ebi: L2[L0[], L7[]], Eib: L2[L0[], L0[]], Eii: L2[L0[], L0[]], put: L2[V2, V3] -> V0 -> V1 -> L2[V1, L0[]], tr: L7[]
[16:07:43.739703]	Exploring 0: L0[], 1: L0[], Ebi: L2[L0[], L7[]], Eib: L2[L0[], L0[]], Eii: L2[L0[], L0[]], put: L2[V2, V3] -> V0 -> V1 -> L2[V1, L7[]], tr: L7[]
[16:07:43.740001]	Exploring 0: L0[], 1: L0[], Ebi: L2[L0[], L7[]], Eib: L2[L0[], L0[]], Eii: L2[L0[], L0[]], put: L2[V2, V3] -> V0 -> V1 -> L2[V1, V0], tr: L7[]
[16:07:43.740287]	Exploring 0: L0[], 1: L0[], Ebi: L2[L0[], L7[]], Eib: L2[L0[], L0[]], Eii: L2[L0[], L0[]], put: L2[V2, V3] -> V0 -> V1 -> L2[V1, V1], tr: L7[]
[16:07:43.740573]	Exploring 0: L0[], 1: L0[], Ebi: L2[L0[], L7[]], Eib: L2[L0[], L0[]], Eii: L2[L0[], L0[]], put: L2[V2, V3] -> V0 -> V1 -> L2[V1, V2], tr: L7[]
[16:07:43.740857]	Exploring 0: L0[], 1: L0[], Ebi: L2[L0[], L7[]], Eib: L2[L0[], L0[]], Eii: L2[L0[], L0[]], put: L2[V2, V3] -> V0 -> V1 -> L2[V1, V3], tr: L7[]
[16:07:43.741124]	Exploring 0: L0[], 1: L0[], Ebi: L2[L0[], L7[]], Eib: L2[L0[], L0[]], Eii: L2[L0[], L0[]], put: L2[V2, V3] -> V0 -> V1 -> L2[V2, _9_], tr: L7[]
[16:07:43.741279]	Exploring 0: L0[], 1: L0[], Ebi: L2[L0[], L7[]], Eib: L2[L0[], L0[]], Eii: L2[L0[], L0[]], put: L2[V2, V3] -> V0 -> V1 -> L2[V2, L0[]], tr: L7[]
[16:07:43.741535]	Exploring 0: L0[], 1: L0[], Ebi: L2[L0[], L7[]], Eib: L2[L0[], L0[]], Eii: L2[L0[], L0[]], put: L2[V2, V3] -> V0 -> V1 -> L2[V2, L7[]], tr: L7[]
[16:07:43.741891]	Exploring 0: L0[], 1: L0[], Ebi: L2[L0[], L7[]], Eib: L2[L0[], L0[]], Eii: L2[L0[], L0[]], put: L2[V2, V3] -> V0 -> V1 -> L2[V2, V0], tr: L7[]
[16:07:43.742280]	Exploring 0: L0[], 1: L0[], Ebi: L2[L0[], L7[]], Eib: L2[L0[], L0[]], Eii: L2[L0[], L0[]], put: L2[V2, V3] -> V0 -> V1 -> L2[V2, V1], tr: L7[]
[16:07:43.742559]	Exploring 0: L0[], 1: L0[], Ebi: L2[L0[], L7[]], Eib: L2[L0[], L0[]], Eii: L2[L0[], L0[]], put: L2[V2, V3] -> V0 -> V1 -> L2[V2, V2], tr: L7[]
[16:07:43.742814]	Exploring 0: L0[], 1: L0[], Ebi: L2[L0[], L7[]], Eib: L2[L0[], L0[]], Eii: L2[L0[], L0[]], put: L2[V2, V3] -> V0 -> V1 -> L2[V2, V3], tr: L7[]
[16:07:43.743153]	Exploring 0: L0[], 1: L0[], Ebi: L2[L0[], L7[]], Eib: L2[L0[], L0[]], Eii: L2[L0[], L0[]], put: L2[V2, V3] -> V0 -> V1 -> L2[V3, _9_], tr: L7[]
[16:07:43.743311]	Exploring 0: L0[], 1: L0[], Ebi: L2[L0[], L7[]], Eib: L2[L0[], L0[]], Eii: L2[L0[], L0[]], put: L2[V2, V3] -> V0 -> V1 -> L2[V3, L0[]], tr: L7[]
[16:07:43.743606]	Exploring 0: L0[], 1: L0[], Ebi: L2[L0[], L7[]], Eib: L2[L0[], L0[]], Eii: L2[L0[], L0[]], put: L2[V2, V3] -> V0 -> V1 -> L2[V3, L7[]], tr: L7[]
[16:07:43.743974]	Exploring 0: L0[], 1: L0[], Ebi: L2[L0[], L7[]], Eib: L2[L0[], L0[]], Eii: L2[L0[], L0[]], put: L2[V2, V3] -> V0 -> V1 -> L2[V3, V0], tr: L7[]
[16:07:43.744261]	Exploring 0: L0[], 1: L0[], Ebi: L2[L0[], L7[]], Eib: L2[L0[], L0[]], Eii: L2[L0[], L0[]], put: L2[V2, V3] -> V0 -> V1 -> L2[V3, V1], tr: L7[]
[16:07:43.744536]	Exploring 0: L0[], 1: L0[], Ebi: L2[L0[], L7[]], Eib: L2[L0[], L0[]], Eii: L2[L0[], L0[]], put: L2[V2, V3] -> V0 -> V1 -> L2[V3, V2], tr: L7[]
[16:07:43.744808]	Exploring 0: L0[], 1: L0[], Ebi: L2[L0[], L7[]], Eib: L2[L0[], L0[]], Eii: L2[L0[], L0[]], put: L2[V2, V3] -> V0 -> V1 -> L2[V3, V3], tr: L7[]
[16:07:43.745056]	Exploring 0: L0[], 1: L0[], Ebi: L2[L0[], L7[]], Eib: L2[L0[], L0[]], Eii: L2[L0[], L7[]], put: L2[_6_, _7_] -> V0 -> V1 -> L2[_8_, _9_], tr: L7[]
[16:07:43.745188]	Exploring 0: L0[], 1: L0[], Ebi: L2[L0[], L7[]], Eib: L2[L0[], L0[]], Eii: L2[L0[], L7[]], put: L2[L0[], _7_] -> V0 -> V1 -> L2[_8_, _9_], tr: L7[]
[16:07:43.745356]	Exploring 0: L0[], 1: L0[], Ebi: L2[L0[], L7[]], Eib: L2[L0[], L0[]], Eii: L2[L0[], L7[]], put: L2[L0[], V2] -> V0 -> V1 -> L2[_8_, _9_], tr: L7[]
[16:07:43.745487]	Exploring 0: L0[], 1: L0[], Ebi: L2[L0[], L7[]], Eib: L2[L0[], L0[]], Eii: L2[L0[], L7[]], put: L2[L0[], V2] -> V0 -> V1 -> L2[L0[], _9_], tr: L7[]
[16:07:43.745615]	Exploring 0: L0[], 1: L0[], Ebi: L2[L0[], L7[]], Eib: L2[L0[], L0[]], Eii: L2[L0[], L7[]], put: L2[L0[], V2] -> V0 -> V1 -> L2[L0[], L0[]], tr: L7[]
[16:07:43.745856]	Exploring 0: L0[], 1: L0[], Ebi: L2[L0[], L7[]], Eib: L2[L0[], L0[]], Eii: L2[L0[], L7[]], put: L2[L0[], V2] -> V0 -> V1 -> L2[L0[], L7[]], tr: L7[]
[16:07:43.746095]	Exploring 0: L0[], 1: L0[], Ebi: L2[L0[], L7[]], Eib: L2[L0[], L0[]], Eii: L2[L0[], L7[]], put: L2[L0[], V2] -> V0 -> V1 -> L2[L0[], V0], tr: L7[]
[16:07:43.746360]	Exploring 0: L0[], 1: L0[], Ebi: L2[L0[], L7[]], Eib: L2[L0[], L0[]], Eii: L2[L0[], L7[]], put: L2[L0[], V2] -> V0 -> V1 -> L2[L0[], V1], tr: L7[]
[16:07:43.746610]	Exploring 0: L0[], 1: L0[], Ebi: L2[L0[], L7[]], Eib: L2[L0[], L0[]], Eii: L2[L0[], L7[]], put: L2[L0[], V2] -> V0 -> V1 -> L2[L0[], V2], tr: L7[]
[16:07:43.746956]	Exploring 0: L0[], 1: L0[], Ebi: L2[L0[], L7[]], Eib: L2[L0[], L0[]], Eii: L2[L0[], L7[]], put: L2[V2, _7_] -> V0 -> V1 -> L2[_8_, _9_], tr: L7[]
[16:07:43.747188]	Exploring 0: L0[], 1: L0[], Ebi: L2[L0[], L7[]], Eib: L2[L0[], L0[]], Eii: L2[L0[], L7[]], put: L2[V2, V3] -> V0 -> V1 -> L2[_8_, _9_], tr: L7[]
[16:07:43.747329]	Exploring 0: L0[], 1: L0[], Ebi: L2[L0[], L7[]], Eib: L2[L0[], L0[]], Eii: L2[L0[], L7[]], put: L2[V2, V3] -> V0 -> V1 -> L2[L0[], _9_], tr: L7[]
[16:07:43.747496]	Exploring 0: L0[], 1: L0[], Ebi: L2[L0[], L7[]], Eib: L2[L0[], L0[]], Eii: L2[L0[], L7[]], put: L2[V2, V3] -> V0 -> V1 -> L2[L0[], L0[]], tr: L7[]
[16:07:43.747780]	Exploring 0: L0[], 1: L0[], Ebi: L2[L0[], L7[]], Eib: L2[L0[], L0[]], Eii: L2[L0[], L7[]], put: L2[V2, V3] -> V0 -> V1 -> L2[L0[], L7[]], tr: L7[]
[16:07:43.748059]	Exploring 0: L0[], 1: L0[], Ebi: L2[L0[], L7[]], Eib: L2[L0[], L0[]], Eii: L2[L0[], L7[]], put: L2[V2, V3] -> V0 -> V1 -> L2[L0[], V0], tr: L7[]
[16:07:43.748357]	Exploring 0: L0[], 1: L0[], Ebi: L2[L0[], L7[]], Eib: L2[L0[], L0[]], Eii: L2[L0[], L7[]], put: L2[V2, V3] -> V0 -> V1 -> L2[L0[], V1], tr: L7[]
[16:07:43.751697]	Exploring 0: L0[], 1: L0[], Ebi: L2[L0[], L7[]], Eib: L2[L0[], L0[]], Eii: L2[L0[], L7[]], put: L2[V2, V3] -> V0 -> V1 -> L2[L0[], V2], tr: L7[]
[16:07:43.752044]	Exploring 0: L0[], 1: L0[], Ebi: L2[L0[], L7[]], Eib: L2[L0[], L0[]], Eii: L2[L0[], L7[]], put: L2[V2, V3] -> V0 -> V1 -> L2[L0[], V3], tr: L7[]
[16:07:43.752326]	Exploring 0: L0[], 1: L0[], Ebi: L2[L0[], L7[]], Eib: L2[L0[], L0[]], Eii: L2[L0[], L7[]], put: L2[V2, V3] -> V0 -> V1 -> L2[L7[], _9_], tr: L7[]
[16:07:43.752498]	Exploring 0: L0[], 1: L0[], Ebi: L2[L0[], L7[]], Eib: L2[L0[], L0[]], Eii: L2[L0[], L7[]], put: L2[V2, V3] -> V0 -> V1 -> L2[L7[], L0[]], tr: L7[]
[16:07:43.752762]	Exploring 0: L0[], 1: L0[], Ebi: L2[L0[], L7[]], Eib: L2[L0[], L0[]], Eii: L2[L0[], L7[]], put: L2[V2, V3] -> V0 -> V1 -> L2[L7[], L7[]], tr: L7[]
[16:07:43.753035]	Exploring 0: L0[], 1: L0[], Ebi: L2[L0[], L7[]], Eib: L2[L0[], L0[]], Eii: L2[L0[], L7[]], put: L2[V2, V3] -> V0 -> V1 -> L2[L7[], V0], tr: L7[]
[16:07:43.753334]	Exploring 0: L0[], 1: L0[], Ebi: L2[L0[], L7[]], Eib: L2[L0[], L0[]], Eii: L2[L0[], L7[]], put: L2[V2, V3] -> V0 -> V1 -> L2[L7[], V1], tr: L7[]
[16:07:43.753615]	Exploring 0: L0[], 1: L0[], Ebi: L2[L0[], L7[]], Eib: L2[L0[], L0[]], Eii: L2[L0[], L7[]], put: L2[V2, V3] -> V0 -> V1 -> L2[L7[], V2], tr: L7[]
[16:07:43.753890]	Exploring 0: L0[], 1: L0[], Ebi: L2[L0[], L7[]], Eib: L2[L0[], L0[]], Eii: L2[L0[], L7[]], put: L2[V2, V3] -> V0 -> V1 -> L2[L7[], V3], tr: L7[]
[16:07:43.754176]	Exploring 0: L0[], 1: L0[], Ebi: L2[L0[], L7[]], Eib: L2[L0[], L0[]], Eii: L2[L0[], L7[]], put: L2[V2, V3] -> V0 -> V1 -> L2[V0, _9_], tr: L7[]
[16:07:43.754349]	Exploring 0: L0[], 1: L0[], Ebi: L2[L0[], L7[]], Eib: L2[L0[], L0[]], Eii: L2[L0[], L7[]], put: L2[V2, V3] -> V0 -> V1 -> L2[V0, L0[]], tr: L7[]
[16:07:43.754639]	Exploring 0: L0[], 1: L0[], Ebi: L2[L0[], L7[]], Eib: L2[L0[], L0[]], Eii: L2[L0[], L7[]], put: L2[V2, V3] -> V0 -> V1 -> L2[V0, L7[]], tr: L7[]
[16:07:43.754930]	Exploring 0: L0[], 1: L0[], Ebi: L2[L0[], L7[]], Eib: L2[L0[], L0[]], Eii: L2[L0[], L7[]], put: L2[V2, V3] -> V0 -> V1 -> L2[V0, V0], tr: L7[]
[16:07:43.755222]	Exploring 0: L0[], 1: L0[], Ebi: L2[L0[], L7[]], Eib: L2[L0[], L0[]], Eii: L2[L0[], L7[]], put: L2[V2, V3] -> V0 -> V1 -> L2[V0, V1], tr: L7[]
[16:07:43.755524]	Exploring 0: L0[], 1: L0[], Ebi: L2[L0[], L7[]], Eib: L2[L0[], L0[]], Eii: L2[L0[], L7[]], put: L2[V2, V3] -> V0 -> V1 -> L2[V0, V2], tr: L7[]
[16:07:43.755819]	Exploring 0: L0[], 1: L0[], Ebi: L2[L0[], L7[]], Eib: L2[L0[], L0[]], Eii: L2[L0[], L7[]], put: L2[V2, V3] -> V0 -> V1 -> L2[V0, V3], tr: L7[]
[16:07:43.756119]	Exploring 0: L0[], 1: L0[], Ebi: L2[L0[], L7[]], Eib: L2[L0[], L0[]], Eii: L2[L0[], L7[]], put: L2[V2, V3] -> V0 -> V1 -> L2[V1, _9_], tr: L7[]
[16:07:43.756293]	Exploring 0: L0[], 1: L0[], Ebi: L2[L0[], L7[]], Eib: L2[L0[], L0[]], Eii: L2[L0[], L7[]], put: L2[V2, V3] -> V0 -> V1 -> L2[V1, L0[]], tr: L7[]
[16:07:43.756587]	Exploring 0: L0[], 1: L0[], Ebi: L2[L0[], L7[]], Eib: L2[L0[], L0[]], Eii: L2[L0[], L7[]], put: L2[V2, V3] -> V0 -> V1 -> L2[V1, L7[]], tr: L7[]
[16:07:43.756906]	Exploring 0: L0[], 1: L0[], Ebi: L2[L0[], L7[]], Eib: L2[L0[], L0[]], Eii: L2[L0[], L7[]], put: L2[V2, V3] -> V0 -> V1 -> L2[V1, V0], tr: L7[]
[16:07:43.757211]	Exploring 0: L0[], 1: L0[], Ebi: L2[L0[], L7[]], Eib: L2[L0[], L0[]], Eii: L2[L0[], L7[]], put: L2[V2, V3] -> V0 -> V1 -> L2[V1, V1], tr: L7[]
[16:07:43.757510]	Exploring 0: L0[], 1: L0[], Ebi: L2[L0[], L7[]], Eib: L2[L0[], L0[]], Eii: L2[L0[], L7[]], put: L2[V2, V3] -> V0 -> V1 -> L2[V1, V2], tr: L7[]
[16:07:43.757821]	Exploring 0: L0[], 1: L0[], Ebi: L2[L0[], L7[]], Eib: L2[L0[], L0[]], Eii: L2[L0[], L7[]], put: L2[V2, V3] -> V0 -> V1 -> L2[V1, V3], tr: L7[]
[16:07:43.758093]	Exploring 0: L0[], 1: L0[], Ebi: L2[L0[], L7[]], Eib: L2[L0[], L0[]], Eii: L2[L0[], L7[]], put: L2[V2, V3] -> V0 -> V1 -> L2[V2, _9_], tr: L7[]
[16:07:43.758250]	Exploring 0: L0[], 1: L0[], Ebi: L2[L0[], L7[]], Eib: L2[L0[], L0[]], Eii: L2[L0[], L7[]], put: L2[V2, V3] -> V0 -> V1 -> L2[V2, L0[]], tr: L7[]
[16:07:43.758513]	Exploring 0: L0[], 1: L0[], Ebi: L2[L0[], L7[]], Eib: L2[L0[], L0[]], Eii: L2[L0[], L7[]], put: L2[V2, V3] -> V0 -> V1 -> L2[V2, L7[]], tr: L7[]
[16:07:43.758793]	Exploring 0: L0[], 1: L0[], Ebi: L2[L0[], L7[]], Eib: L2[L0[], L0[]], Eii: L2[L0[], L7[]], put: L2[V2, V3] -> V0 -> V1 -> L2[V2, V0], tr: L7[]
[16:07:43.759084]	Exploring 0: L0[], 1: L0[], Ebi: L2[L0[], L7[]], Eib: L2[L0[], L0[]], Eii: L2[L0[], L7[]], put: L2[V2, V3] -> V0 -> V1 -> L2[V2, V1], tr: L7[]
[16:07:43.759359]	Exploring 0: L0[], 1: L0[], Ebi: L2[L0[], L7[]], Eib: L2[L0[], L0[]], Eii: L2[L0[], L7[]], put: L2[V2, V3] -> V0 -> V1 -> L2[V2, V2], tr: L7[]
[16:07:43.759640]	Exploring 0: L0[], 1: L0[], Ebi: L2[L0[], L7[]], Eib: L2[L0[], L0[]], Eii: L2[L0[], L7[]], put: L2[V2, V3] -> V0 -> V1 -> L2[V2, V3], tr: L7[]
[16:07:43.759913]	Exploring 0: L0[], 1: L0[], Ebi: L2[L0[], L7[]], Eib: L2[L0[], L0[]], Eii: L2[L0[], L7[]], put: L2[V2, V3] -> V0 -> V1 -> L2[V3, _9_], tr: L7[]
[16:07:43.760076]	Exploring 0: L0[], 1: L0[], Ebi: L2[L0[], L7[]], Eib: L2[L0[], L0[]], Eii: L2[L0[], L7[]], put: L2[V2, V3] -> V0 -> V1 -> L2[V3, L0[]], tr: L7[]
[16:07:43.760350]	Exploring 0: L0[], 1: L0[], Ebi: L2[L0[], L7[]], Eib: L2[L0[], L0[]], Eii: L2[L0[], L7[]], put: L2[V2, V3] -> V0 -> V1 -> L2[V3, L7[]], tr: L7[]
[16:07:43.760636]	Exploring 0: L0[], 1: L0[], Ebi: L2[L0[], L7[]], Eib: L2[L0[], L0[]], Eii: L2[L0[], L7[]], put: L2[V2, V3] -> V0 -> V1 -> L2[V3, V0], tr: L7[]
[16:07:43.760948]	Exploring 0: L0[], 1: L0[], Ebi: L2[L0[], L7[]], Eib: L2[L0[], L0[]], Eii: L2[L0[], L7[]], put: L2[V2, V3] -> V0 -> V1 -> L2[V3, V1], tr: L7[]
[16:07:43.761241]	Exploring 0: L0[], 1: L0[], Ebi: L2[L0[], L7[]], Eib: L2[L0[], L0[]], Eii: L2[L0[], L7[]], put: L2[V2, V3] -> V0 -> V1 -> L2[V3, V2], tr: L7[]
[16:07:43.761518]	Exploring 0: L0[], 1: L0[], Ebi: L2[L0[], L7[]], Eib: L2[L0[], L0[]], Eii: L2[L0[], L7[]], put: L2[V2, V3] -> V0 -> V1 -> L2[V3, V3], tr: L7[]
[16:07:43.761762]	Exploring 0: L0[], 1: L0[], Ebi: L2[L0[], L7[]], Eib: L2[L0[], L0[]], Eii: L2[L7[], _5_], put: L2[_6_, _7_] -> V0 -> V1 -> L2[_8_, _9_], tr: L7[]
[16:07:43.761894]	Exploring 0: L0[], 1: L0[], Ebi: L2[L0[], L7[]], Eib: L2[L0[], L0[]], Eii: L2[L7[], L0[]], put: L2[_6_, _7_] -> V0 -> V1 -> L2[_8_, _9_], tr: L7[]
[16:07:43.762103]	Exploring 0: L0[], 1: L0[], Ebi: L2[L0[], L7[]], Eib: L2[L0[], L0[]], Eii: L2[L7[], L0[]], put: L2[V2, _7_] -> V0 -> V1 -> L2[_8_, _9_], tr: L7[]
[16:07:43.762248]	Exploring 0: L0[], 1: L0[], Ebi: L2[L0[], L7[]], Eib: L2[L0[], L0[]], Eii: L2[L7[], L0[]], put: L2[V2, V0] -> V0 -> V1 -> L2[_8_, _9_], tr: L7[]
[16:07:43.762398]	Exploring 0: L0[], 1: L0[], Ebi: L2[L0[], L7[]], Eib: L2[L0[], L0[]], Eii: L2[L7[], L0[]], put: L2[V2, V0] -> V0 -> V1 -> L2[L0[], _9_], tr: L7[]
[16:07:43.762553]	Exploring 0: L0[], 1: L0[], Ebi: L2[L0[], L7[]], Eib: L2[L0[], L0[]], Eii: L2[L7[], L0[]], put: L2[V2, V0] -> V0 -> V1 -> L2[L0[], V0], tr: L7[]
[16:07:43.762920]	Exploring 0: L0[], 1: L0[], Ebi: L2[L0[], L7[]], Eib: L2[L0[], L0[]], Eii: L2[L7[], L0[]], put: L2[V2, V0] -> V0 -> V1 -> L2[L7[], _9_], tr: L7[]
[16:07:43.763079]	Exploring 0: L0[], 1: L0[], Ebi: L2[L0[], L7[]], Eib: L2[L0[], L0[]], Eii: L2[L7[], L0[]], put: L2[V2, V0] -> V0 -> V1 -> L2[L7[], V0], tr: L7[]
[16:07:43.763521]	Exploring 0: L0[], 1: L0[], Ebi: L2[L0[], L7[]], Eib: L2[L0[], L0[]], Eii: L2[L7[], L0[]], put: L2[V2, V0] -> V0 -> V1 -> L2[V0, _9_], tr: L7[]
[16:07:43.763729]	Exploring 0: L0[], 1: L0[], Ebi: L2[L0[], L7[]], Eib: L2[L0[], L0[]], Eii: L2[L7[], L0[]], put: L2[V2, V0] -> V0 -> V1 -> L2[V0, V0], tr: L7[]
[16:07:43.764164]	Exploring 0: L0[], 1: L0[], Ebi: L2[L0[], L7[]], Eib: L2[L0[], L0[]], Eii: L2[L7[], L0[]], put: L2[V2, V0] -> V0 -> V1 -> L2[V1, _9_], tr: L7[]
[16:07:43.764366]	Exploring 0: L0[], 1: L0[], Ebi: L2[L0[], L7[]], Eib: L2[L0[], L0[]], Eii: L2[L7[], L0[]], put: L2[V2, V0] -> V0 -> V1 -> L2[V1, V0], tr: L7[]
[16:07:43.764679]	Exploring 0: L0[], 1: L0[], Ebi: L2[L0[], L7[]], Eib: L2[L0[], L0[]], Eii: L2[L7[], L0[]], put: L2[V2, V0] -> V0 -> V1 -> L2[V2, _9_], tr: L7[]
[16:07:43.764828]	Exploring 0: L0[], 1: L0[], Ebi: L2[L0[], L7[]], Eib: L2[L0[], L0[]], Eii: L2[L7[], L0[]], put: L2[V2, V0] -> V0 -> V1 -> L2[V2, V0], tr: L7[]
[16:07:43.765171]	Exploring 0: L0[], 1: L0[], Ebi: L2[L0[], L7[]], Eib: L2[L0[], L0[]], Eii: L2[L7[], L0[]], put: L2[V2, V3] -> V0 -> V1 -> L2[_8_, _9_], tr: L7[]
[16:07:43.765389]	Exploring 0: L0[], 1: L0[], Ebi: L2[L0[], L7[]], Eib: L2[L0[], L0[]], Eii: L2[L7[], L0[]], put: L2[V2, V3] -> V0 -> V1 -> L2[L0[], _9_], tr: L7[]
[16:07:43.765549]	Exploring 0: L0[], 1: L0[], Ebi: L2[L0[], L7[]], Eib: L2[L0[], L0[]], Eii: L2[L7[], L0[]], put: L2[V2, V3] -> V0 -> V1 -> L2[L0[], L0[]], tr: L7[]
[16:07:43.765811]	Exploring 0: L0[], 1: L0[], Ebi: L2[L0[], L7[]], Eib: L2[L0[], L0[]], Eii: L2[L7[], L0[]], put: L2[V2, V3] -> V0 -> V1 -> L2[L0[], L7[]], tr: L7[]
[16:07:43.766082]	Exploring 0: L0[], 1: L0[], Ebi: L2[L0[], L7[]], Eib: L2[L0[], L0[]], Eii: L2[L7[], L0[]], put: L2[V2, V3] -> V0 -> V1 -> L2[L0[], V0], tr: L7[]
[16:07:43.766382]	Exploring 0: L0[], 1: L0[], Ebi: L2[L0[], L7[]], Eib: L2[L0[], L0[]], Eii: L2[L7[], L0[]], put: L2[V2, V3] -> V0 -> V1 -> L2[L0[], V1], tr: L7[]
[16:07:43.766663]	Exploring 0: L0[], 1: L0[], Ebi: L2[L0[], L7[]], Eib: L2[L0[], L0[]], Eii: L2[L7[], L0[]], put: L2[V2, V3] -> V0 -> V1 -> L2[L0[], V2], tr: L7[]
[16:07:43.766933]	Exploring 0: L0[], 1: L0[], Ebi: L2[L0[], L7[]], Eib: L2[L0[], L0[]], Eii: L2[L7[], L0[]], put: L2[V2, V3] -> V0 -> V1 -> L2[L0[], V3], tr: L7[]
[16:07:43.767211]	Exploring 0: L0[], 1: L0[], Ebi: L2[L0[], L7[]], Eib: L2[L0[], L0[]], Eii: L2[L7[], L0[]], put: L2[V2, V3] -> V0 -> V1 -> L2[L7[], _9_], tr: L7[]
[16:07:43.767370]	Exploring 0: L0[], 1: L0[], Ebi: L2[L0[], L7[]], Eib: L2[L0[], L0[]], Eii: L2[L7[], L0[]], put: L2[V2, V3] -> V0 -> V1 -> L2[L7[], L0[]], tr: L7[]
[16:07:43.767640]	Exploring 0: L0[], 1: L0[], Ebi: L2[L0[], L7[]], Eib: L2[L0[], L0[]], Eii: L2[L7[], L0[]], put: L2[V2, V3] -> V0 -> V1 -> L2[L7[], L7[]], tr: L7[]
[16:07:43.767916]	Exploring 0: L0[], 1: L0[], Ebi: L2[L0[], L7[]], Eib: L2[L0[], L0[]], Eii: L2[L7[], L0[]], put: L2[V2, V3] -> V0 -> V1 -> L2[L7[], V0], tr: L7[]
[16:07:43.768216]	Exploring 0: L0[], 1: L0[], Ebi: L2[L0[], L7[]], Eib: L2[L0[], L0[]], Eii: L2[L7[], L0[]], put: L2[V2, V3] -> V0 -> V1 -> L2[L7[], V1], tr: L7[]
[16:07:43.768498]	Exploring 0: L0[], 1: L0[], Ebi: L2[L0[], L7[]], Eib: L2[L0[], L0[]], Eii: L2[L7[], L0[]], put: L2[V2, V3] -> V0 -> V1 -> L2[L7[], V2], tr: L7[]
[16:07:43.768785]	Exploring 0: L0[], 1: L0[], Ebi: L2[L0[], L7[]], Eib: L2[L0[], L0[]], Eii: L2[L7[], L0[]], put: L2[V2, V3] -> V0 -> V1 -> L2[L7[], V3], tr: L7[]
[16:07:43.769068]	Exploring 0: L0[], 1: L0[], Ebi: L2[L0[], L7[]], Eib: L2[L0[], L0[]], Eii: L2[L7[], L0[]], put: L2[V2, V3] -> V0 -> V1 -> L2[V0, _9_], tr: L7[]
[16:07:43.769254]	Exploring 0: L0[], 1: L0[], Ebi: L2[L0[], L7[]], Eib: L2[L0[], L0[]], Eii: L2[L7[], L0[]], put: L2[V2, V3] -> V0 -> V1 -> L2[V0, L0[]], tr: L7[]
[16:07:43.769537]	Exploring 0: L0[], 1: L0[], Ebi: L2[L0[], L7[]], Eib: L2[L0[], L0[]], Eii: L2[L7[], L0[]], put: L2[V2, V3] -> V0 -> V1 -> L2[V0, L7[]], tr: L7[]
[16:07:43.769841]	Exploring 0: L0[], 1: L0[], Ebi: L2[L0[], L7[]], Eib: L2[L0[], L0[]], Eii: L2[L7[], L0[]], put: L2[V2, V3] -> V0 -> V1 -> L2[V0, V0], tr: L7[]
[16:07:43.770130]	Exploring 0: L0[], 1: L0[], Ebi: L2[L0[], L7[]], Eib: L2[L0[], L0[]], Eii: L2[L7[], L0[]], put: L2[V2, V3] -> V0 -> V1 -> L2[V0, V1], tr: L7[]
[16:07:43.770424]	Exploring 0: L0[], 1: L0[], Ebi: L2[L0[], L7[]], Eib: L2[L0[], L0[]], Eii: L2[L7[], L0[]], put: L2[V2, V3] -> V0 -> V1 -> L2[V0, V2], tr: L7[]
[16:07:43.770725]	Exploring 0: L0[], 1: L0[], Ebi: L2[L0[], L7[]], Eib: L2[L0[], L0[]], Eii: L2[L7[], L0[]], put: L2[V2, V3] -> V0 -> V1 -> L2[V0, V3], tr: L7[]
[16:07:43.771003]	Exploring 0: L0[], 1: L0[], Ebi: L2[L0[], L7[]], Eib: L2[L0[], L0[]], Eii: L2[L7[], L0[]], put: L2[V2, V3] -> V0 -> V1 -> L2[V1, _9_], tr: L7[]
[16:07:43.771170]	Exploring 0: L0[], 1: L0[], Ebi: L2[L0[], L7[]], Eib: L2[L0[], L0[]], Eii: L2[L7[], L0[]], put: L2[V2, V3] -> V0 -> V1 -> L2[V1, L0[]], tr: L7[]
[16:07:43.771464]	Exploring 0: L0[], 1: L0[], Ebi: L2[L0[], L7[]], Eib: L2[L0[], L0[]], Eii: L2[L7[], L0[]], put: L2[V2, V3] -> V0 -> V1 -> L2[V1, L7[]], tr: L7[]
[16:07:43.771770]	Exploring 0: L0[], 1: L0[], Ebi: L2[L0[], L7[]], Eib: L2[L0[], L0[]], Eii: L2[L7[], L0[]], put: L2[V2, V3] -> V0 -> V1 -> L2[V1, V0], tr: L7[]
[16:07:43.772156]	Exploring 0: L0[], 1: L0[], Ebi: L2[L0[], L7[]], Eib: L2[L0[], L0[]], Eii: L2[L7[], L0[]], put: L2[V2, V3] -> V0 -> V1 -> L2[V1, V1], tr: L7[]
[16:07:43.772457]	Exploring 0: L0[], 1: L0[], Ebi: L2[L0[], L7[]], Eib: L2[L0[], L0[]], Eii: L2[L7[], L0[]], put: L2[V2, V3] -> V0 -> V1 -> L2[V1, V2], tr: L7[]
[16:07:43.772759]	Exploring 0: L0[], 1: L0[], Ebi: L2[L0[], L7[]], Eib: L2[L0[], L0[]], Eii: L2[L7[], L0[]], put: L2[V2, V3] -> V0 -> V1 -> L2[V1, V3], tr: L7[]
[16:07:43.773023]	Exploring 0: L0[], 1: L0[], Ebi: L2[L0[], L7[]], Eib: L2[L0[], L0[]], Eii: L2[L7[], L0[]], put: L2[V2, V3] -> V0 -> V1 -> L2[V2, _9_], tr: L7[]
[16:07:43.773170]	Exploring 0: L0[], 1: L0[], Ebi: L2[L0[], L7[]], Eib: L2[L0[], L0[]], Eii: L2[L7[], L0[]], put: L2[V2, V3] -> V0 -> V1 -> L2[V2, L0[]], tr: L7[]
[16:07:43.773430]	Exploring 0: L0[], 1: L0[], Ebi: L2[L0[], L7[]], Eib: L2[L0[], L0[]], Eii: L2[L7[], L0[]], put: L2[V2, V3] -> V0 -> V1 -> L2[V2, L7[]], tr: L7[]
[16:07:43.773697]	Exploring 0: L0[], 1: L0[], Ebi: L2[L0[], L7[]], Eib: L2[L0[], L0[]], Eii: L2[L7[], L0[]], put: L2[V2, V3] -> V0 -> V1 -> L2[V2, V0], tr: L7[]
[16:07:43.773977]	Exploring 0: L0[], 1: L0[], Ebi: L2[L0[], L7[]], Eib: L2[L0[], L0[]], Eii: L2[L7[], L0[]], put: L2[V2, V3] -> V0 -> V1 -> L2[V2, V1], tr: L7[]
[16:07:43.774242]	Exploring 0: L0[], 1: L0[], Ebi: L2[L0[], L7[]], Eib: L2[L0[], L0[]], Eii: L2[L7[], L0[]], put: L2[V2, V3] -> V0 -> V1 -> L2[V2, V2], tr: L7[]
[16:07:43.774494]	Exploring 0: L0[], 1: L0[], Ebi: L2[L0[], L7[]], Eib: L2[L0[], L0[]], Eii: L2[L7[], L0[]], put: L2[V2, V3] -> V0 -> V1 -> L2[V2, V3], tr: L7[]
[16:07:43.774767]	Exploring 0: L0[], 1: L0[], Ebi: L2[L0[], L7[]], Eib: L2[L0[], L0[]], Eii: L2[L7[], L0[]], put: L2[V2, V3] -> V0 -> V1 -> L2[V3, _9_], tr: L7[]
[16:07:43.774920]	Exploring 0: L0[], 1: L0[], Ebi: L2[L0[], L7[]], Eib: L2[L0[], L0[]], Eii: L2[L7[], L0[]], put: L2[V2, V3] -> V0 -> V1 -> L2[V3, L0[]], tr: L7[]
[16:07:43.775189]	Exploring 0: L0[], 1: L0[], Ebi: L2[L0[], L7[]], Eib: L2[L0[], L0[]], Eii: L2[L7[], L0[]], put: L2[V2, V3] -> V0 -> V1 -> L2[V3, L7[]], tr: L7[]
[16:07:43.775469]	Exploring 0: L0[], 1: L0[], Ebi: L2[L0[], L7[]], Eib: L2[L0[], L0[]], Eii: L2[L7[], L0[]], put: L2[V2, V3] -> V0 -> V1 -> L2[V3, V0], tr: L7[]
[16:07:43.775841]	Exploring 0: L0[], 1: L0[], Ebi: L2[L0[], L7[]], Eib: L2[L0[], L0[]], Eii: L2[L7[], L0[]], put: L2[V2, V3] -> V0 -> V1 -> L2[V3, V1], tr: L7[]
[16:07:43.776230]	Exploring 0: L0[], 1: L0[], Ebi: L2[L0[], L7[]], Eib: L2[L0[], L0[]], Eii: L2[L7[], L0[]], put: L2[V2, V3] -> V0 -> V1 -> L2[V3, V2], tr: L7[]
[16:07:43.776500]	Exploring 0: L0[], 1: L0[], Ebi: L2[L0[], L7[]], Eib: L2[L0[], L0[]], Eii: L2[L7[], L0[]], put: L2[V2, V3] -> V0 -> V1 -> L2[V3, V3], tr: L7[]
[16:07:43.776737]	Exploring 0: L0[], 1: L0[], Ebi: L2[L0[], L7[]], Eib: L2[L0[], L0[]], Eii: L2[L7[], L7[]], put: L2[_6_, _7_] -> V0 -> V1 -> L2[_8_, _9_], tr: L7[]
[16:07:43.776904]	Exploring 0: L0[], 1: L0[], Ebi: L2[L0[], L7[]], Eib: L2[L0[], L0[]], Eii: L2[L7[], L7[]], put: L2[V2, _7_] -> V0 -> V1 -> L2[_8_, _9_], tr: L7[]
[16:07:43.777116]	Exploring 0: L0[], 1: L0[], Ebi: L2[L0[], L7[]], Eib: L2[L0[], L0[]], Eii: L2[L7[], L7[]], put: L2[V2, V3] -> V0 -> V1 -> L2[_8_, _9_], tr: L7[]
[16:07:43.777265]	Exploring 0: L0[], 1: L0[], Ebi: L2[L0[], L7[]], Eib: L2[L0[], L0[]], Eii: L2[L7[], L7[]], put: L2[V2, V3] -> V0 -> V1 -> L2[L0[], _9_], tr: L7[]
[16:07:43.777446]	Exploring 0: L0[], 1: L0[], Ebi: L2[L0[], L7[]], Eib: L2[L0[], L0[]], Eii: L2[L7[], L7[]], put: L2[V2, V3] -> V0 -> V1 -> L2[L0[], L0[]], tr: L7[]
[16:07:43.777742]	Exploring 0: L0[], 1: L0[], Ebi: L2[L0[], L7[]], Eib: L2[L0[], L0[]], Eii: L2[L7[], L7[]], put: L2[V2, V3] -> V0 -> V1 -> L2[L0[], L7[]], tr: L7[]
[16:07:43.778012]	Exploring 0: L0[], 1: L0[], Ebi: L2[L0[], L7[]], Eib: L2[L0[], L0[]], Eii: L2[L7[], L7[]], put: L2[V2, V3] -> V0 -> V1 -> L2[L0[], V0], tr: L7[]
[16:07:43.778306]	Exploring 0: L0[], 1: L0[], Ebi: L2[L0[], L7[]], Eib: L2[L0[], L0[]], Eii: L2[L7[], L7[]], put: L2[V2, V3] -> V0 -> V1 -> L2[L0[], V1], tr: L7[]
[16:07:43.778582]	Exploring 0: L0[], 1: L0[], Ebi: L2[L0[], L7[]], Eib: L2[L0[], L0[]], Eii: L2[L7[], L7[]], put: L2[V2, V3] -> V0 -> V1 -> L2[L0[], V2], tr: L7[]
[16:07:43.778842]	Exploring 0: L0[], 1: L0[], Ebi: L2[L0[], L7[]], Eib: L2[L0[], L0[]], Eii: L2[L7[], L7[]], put: L2[V2, V3] -> V0 -> V1 -> L2[L0[], V3], tr: L7[]
[16:07:43.779104]	Exploring 0: L0[], 1: L0[], Ebi: L2[L0[], L7[]], Eib: L2[L0[], L0[]], Eii: L2[L7[], L7[]], put: L2[V2, V3] -> V0 -> V1 -> L2[L7[], _9_], tr: L7[]
[16:07:43.779281]	Exploring 0: L0[], 1: L0[], Ebi: L2[L0[], L7[]], Eib: L2[L0[], L0[]], Eii: L2[L7[], L7[]], put: L2[V2, V3] -> V0 -> V1 -> L2[L7[], L0[]], tr: L7[]
[16:07:43.779565]	Exploring 0: L0[], 1: L0[], Ebi: L2[L0[], L7[]], Eib: L2[L0[], L0[]], Eii: L2[L7[], L7[]], put: L2[V2, V3] -> V0 -> V1 -> L2[L7[], L7[]], tr: L7[]
[16:07:43.779850]	Exploring 0: L0[], 1: L0[], Ebi: L2[L0[], L7[]], Eib: L2[L0[], L0[]], Eii: L2[L7[], L7[]], put: L2[V2, V3] -> V0 -> V1 -> L2[L7[], V0], tr: L7[]
[16:07:43.780130]	Exploring 0: L0[], 1: L0[], Ebi: L2[L0[], L7[]], Eib: L2[L0[], L0[]], Eii: L2[L7[], L7[]], put: L2[V2, V3] -> V0 -> V1 -> L2[L7[], V1], tr: L7[]
[16:07:43.780397]	Exploring 0: L0[], 1: L0[], Ebi: L2[L0[], L7[]], Eib: L2[L0[], L0[]], Eii: L2[L7[], L7[]], put: L2[V2, V3] -> V0 -> V1 -> L2[L7[], V2], tr: L7[]
[16:07:43.780661]	Exploring 0: L0[], 1: L0[], Ebi: L2[L0[], L7[]], Eib: L2[L0[], L0[]], Eii: L2[L7[], L7[]], put: L2[V2, V3] -> V0 -> V1 -> L2[L7[], V3], tr: L7[]
[16:07:43.780942]	Exploring 0: L0[], 1: L0[], Ebi: L2[L0[], L7[]], Eib: L2[L0[], L0[]], Eii: L2[L7[], L7[]], put: L2[V2, V3] -> V0 -> V1 -> L2[V0, _9_], tr: L7[]
[16:07:43.781111]	Exploring 0: L0[], 1: L0[], Ebi: L2[L0[], L7[]], Eib: L2[L0[], L0[]], Eii: L2[L7[], L7[]], put: L2[V2, V3] -> V0 -> V1 -> L2[V0, L0[]], tr: L7[]
[16:07:43.781402]	Exploring 0: L0[], 1: L0[], Ebi: L2[L0[], L7[]], Eib: L2[L0[], L0[]], Eii: L2[L7[], L7[]], put: L2[V2, V3] -> V0 -> V1 -> L2[V0, L7[]], tr: L7[]
[16:07:43.781689]	Exploring 0: L0[], 1: L0[], Ebi: L2[L0[], L7[]], Eib: L2[L0[], L0[]], Eii: L2[L7[], L7[]], put: L2[V2, V3] -> V0 -> V1 -> L2[V0, V0], tr: L7[]
[16:07:43.781976]	Exploring 0: L0[], 1: L0[], Ebi: L2[L0[], L7[]], Eib: L2[L0[], L0[]], Eii: L2[L7[], L7[]], put: L2[V2, V3] -> V0 -> V1 -> L2[V0, V1], tr: L7[]
[16:07:43.782268]	Exploring 0: L0[], 1: L0[], Ebi: L2[L0[], L7[]], Eib: L2[L0[], L0[]], Eii: L2[L7[], L7[]], put: L2[V2, V3] -> V0 -> V1 -> L2[V0, V2], tr: L7[]
[16:07:43.782565]	Exploring 0: L0[], 1: L0[], Ebi: L2[L0[], L7[]], Eib: L2[L0[], L0[]], Eii: L2[L7[], L7[]], put: L2[V2, V3] -> V0 -> V1 -> L2[V0, V3], tr: L7[]
[16:07:43.782862]	Exploring 0: L0[], 1: L0[], Ebi: L2[L0[], L7[]], Eib: L2[L0[], L0[]], Eii: L2[L7[], L7[]], put: L2[V2, V3] -> V0 -> V1 -> L2[V1, _9_], tr: L7[]
[16:07:43.783021]	Exploring 0: L0[], 1: L0[], Ebi: L2[L0[], L7[]], Eib: L2[L0[], L0[]], Eii: L2[L7[], L7[]], put: L2[V2, V3] -> V0 -> V1 -> L2[V1, L0[]], tr: L7[]
[16:07:43.783306]	Exploring 0: L0[], 1: L0[], Ebi: L2[L0[], L7[]], Eib: L2[L0[], L0[]], Eii: L2[L7[], L7[]], put: L2[V2, V3] -> V0 -> V1 -> L2[V1, L7[]], tr: L7[]
[16:07:43.783612]	Exploring 0: L0[], 1: L0[], Ebi: L2[L0[], L7[]], Eib: L2[L0[], L0[]], Eii: L2[L7[], L7[]], put: L2[V2, V3] -> V0 -> V1 -> L2[V1, V0], tr: L7[]
[16:07:43.783896]	Exploring 0: L0[], 1: L0[], Ebi: L2[L0[], L7[]], Eib: L2[L0[], L0[]], Eii: L2[L7[], L7[]], put: L2[V2, V3] -> V0 -> V1 -> L2[V1, V1], tr: L7[]
[16:07:43.784181]	Exploring 0: L0[], 1: L0[], Ebi: L2[L0[], L7[]], Eib: L2[L0[], L0[]], Eii: L2[L7[], L7[]], put: L2[V2, V3] -> V0 -> V1 -> L2[V1, V2], tr: L7[]
[16:07:43.784459]	Exploring 0: L0[], 1: L0[], Ebi: L2[L0[], L7[]], Eib: L2[L0[], L0[]], Eii: L2[L7[], L7[]], put: L2[V2, V3] -> V0 -> V1 -> L2[V1, V3], tr: L7[]
[16:07:43.784720]	Exploring 0: L0[], 1: L0[], Ebi: L2[L0[], L7[]], Eib: L2[L0[], L0[]], Eii: L2[L7[], L7[]], put: L2[V2, V3] -> V0 -> V1 -> L2[V2, _9_], tr: L7[]
[16:07:43.784862]	Exploring 0: L0[], 1: L0[], Ebi: L2[L0[], L7[]], Eib: L2[L0[], L0[]], Eii: L2[L7[], L7[]], put: L2[V2, V3] -> V0 -> V1 -> L2[V2, L0[]], tr: L7[]
[16:07:43.785116]	Exploring 0: L0[], 1: L0[], Ebi: L2[L0[], L7[]], Eib: L2[L0[], L0[]], Eii: L2[L7[], L7[]], put: L2[V2, V3] -> V0 -> V1 -> L2[V2, L7[]], tr: L7[]
[16:07:43.785379]	Exploring 0: L0[], 1: L0[], Ebi: L2[L0[], L7[]], Eib: L2[L0[], L0[]], Eii: L2[L7[], L7[]], put: L2[V2, V3] -> V0 -> V1 -> L2[V2, V0], tr: L7[]
[16:07:43.785656]	Exploring 0: L0[], 1: L0[], Ebi: L2[L0[], L7[]], Eib: L2[L0[], L0[]], Eii: L2[L7[], L7[]], put: L2[V2, V3] -> V0 -> V1 -> L2[V2, V1], tr: L7[]
[16:07:43.785923]	Exploring 0: L0[], 1: L0[], Ebi: L2[L0[], L7[]], Eib: L2[L0[], L0[]], Eii: L2[L7[], L7[]], put: L2[V2, V3] -> V0 -> V1 -> L2[V2, V2], tr: L7[]
[16:07:43.786172]	Exploring 0: L0[], 1: L0[], Ebi: L2[L0[], L7[]], Eib: L2[L0[], L0[]], Eii: L2[L7[], L7[]], put: L2[V2, V3] -> V0 -> V1 -> L2[V2, V3], tr: L7[]
[16:07:43.786433]	Exploring 0: L0[], 1: L0[], Ebi: L2[L0[], L7[]], Eib: L2[L0[], L0[]], Eii: L2[L7[], L7[]], put: L2[V2, V3] -> V0 -> V1 -> L2[V3, _9_], tr: L7[]
[16:07:43.786579]	Exploring 0: L0[], 1: L0[], Ebi: L2[L0[], L7[]], Eib: L2[L0[], L0[]], Eii: L2[L7[], L7[]], put: L2[V2, V3] -> V0 -> V1 -> L2[V3, L0[]], tr: L7[]
[16:07:43.786872]	Exploring 0: L0[], 1: L0[], Ebi: L2[L0[], L7[]], Eib: L2[L0[], L0[]], Eii: L2[L7[], L7[]], put: L2[V2, V3] -> V0 -> V1 -> L2[V3, L7[]], tr: L7[]
[16:07:43.787151]	Exploring 0: L0[], 1: L0[], Ebi: L2[L0[], L7[]], Eib: L2[L0[], L0[]], Eii: L2[L7[], L7[]], put: L2[V2, V3] -> V0 -> V1 -> L2[V3, V0], tr: L7[]
[16:07:43.787463]	Exploring 0: L0[], 1: L0[], Ebi: L2[L0[], L7[]], Eib: L2[L0[], L0[]], Eii: L2[L7[], L7[]], put: L2[V2, V3] -> V0 -> V1 -> L2[V3, V1], tr: L7[]
[16:07:43.787758]	Exploring 0: L0[], 1: L0[], Ebi: L2[L0[], L7[]], Eib: L2[L0[], L0[]], Eii: L2[L7[], L7[]], put: L2[V2, V3] -> V0 -> V1 -> L2[V3, V2], tr: L7[]
[16:07:43.788020]	Exploring 0: L0[], 1: L0[], Ebi: L2[L0[], L7[]], Eib: L2[L0[], L0[]], Eii: L2[L7[], L7[]], put: L2[V2, V3] -> V0 -> V1 -> L2[V3, V3], tr: L7[]
[16:07:43.788240]	Exploring 0: L0[], 1: L0[], Ebi: L2[L0[], L7[]], Eib: L2[L0[], L7[]], Eii: L2[_4_, _5_], put: L2[_6_, _7_] -> V0 -> V1 -> L2[_8_, _9_], tr: L7[]
[16:07:43.788346]	Exploring 0: L0[], 1: L0[], Ebi: L2[L0[], L7[]], Eib: L2[L0[], L7[]], Eii: L2[L0[], _5_], put: L2[_6_, _7_] -> V0 -> V1 -> L2[_8_, _9_], tr: L7[]
[16:07:43.788429]	Exploring 0: L0[], 1: L0[], Ebi: L2[L0[], L7[]], Eib: L2[L0[], L7[]], Eii: L2[L0[], L0[]], put: L2[_6_, _7_] -> V0 -> V1 -> L2[_8_, _9_], tr: L7[]
[16:07:43.788540]	Exploring 0: L0[], 1: L0[], Ebi: L2[L0[], L7[]], Eib: L2[L0[], L7[]], Eii: L2[L0[], L0[]], put: L2[L0[], _7_] -> V0 -> V1 -> L2[_8_, _9_], tr: L7[]
[16:07:43.788683]	Exploring 0: L0[], 1: L0[], Ebi: L2[L0[], L7[]], Eib: L2[L0[], L7[]], Eii: L2[L0[], L0[]], put: L2[L0[], V2] -> V0 -> V1 -> L2[_8_, _9_], tr: L7[]
[16:07:43.788806]	Exploring 0: L0[], 1: L0[], Ebi: L2[L0[], L7[]], Eib: L2[L0[], L7[]], Eii: L2[L0[], L0[]], put: L2[L0[], V2] -> V0 -> V1 -> L2[L0[], _9_], tr: L7[]
[16:07:43.788922]	Exploring 0: L0[], 1: L0[], Ebi: L2[L0[], L7[]], Eib: L2[L0[], L7[]], Eii: L2[L0[], L0[]], put: L2[L0[], V2] -> V0 -> V1 -> L2[L0[], L0[]], tr: L7[]
[16:07:43.789127]	Exploring 0: L0[], 1: L0[], Ebi: L2[L0[], L7[]], Eib: L2[L0[], L7[]], Eii: L2[L0[], L0[]], put: L2[L0[], V2] -> V0 -> V1 -> L2[L0[], L7[]], tr: L7[]
[16:07:43.789357]	Exploring 0: L0[], 1: L0[], Ebi: L2[L0[], L7[]], Eib: L2[L0[], L7[]], Eii: L2[L0[], L0[]], put: L2[L0[], V2] -> V0 -> V1 -> L2[L0[], V0], tr: L7[]
[16:07:43.789587]	Exploring 0: L0[], 1: L0[], Ebi: L2[L0[], L7[]], Eib: L2[L0[], L7[]], Eii: L2[L0[], L0[]], put: L2[L0[], V2] -> V0 -> V1 -> L2[L0[], V1], tr: L7[]
[16:07:43.789810]	Exploring 0: L0[], 1: L0[], Ebi: L2[L0[], L7[]], Eib: L2[L0[], L7[]], Eii: L2[L0[], L0[]], put: L2[L0[], V2] -> V0 -> V1 -> L2[L0[], V2], tr: L7[]
[16:07:43.790100]	Exploring 0: L0[], 1: L0[], Ebi: L2[L0[], L7[]], Eib: L2[L0[], L7[]], Eii: L2[L0[], L0[]], put: L2[V2, _7_] -> V0 -> V1 -> L2[_8_, _9_], tr: L7[]
[16:07:43.790270]	Exploring 0: L0[], 1: L0[], Ebi: L2[L0[], L7[]], Eib: L2[L0[], L7[]], Eii: L2[L0[], L0[]], put: L2[V2, V3] -> V0 -> V1 -> L2[_8_, _9_], tr: L7[]
[16:07:43.790400]	Exploring 0: L0[], 1: L0[], Ebi: L2[L0[], L7[]], Eib: L2[L0[], L7[]], Eii: L2[L0[], L0[]], put: L2[V2, V3] -> V0 -> V1 -> L2[L0[], _9_], tr: L7[]
[16:07:43.790538]	Exploring 0: L0[], 1: L0[], Ebi: L2[L0[], L7[]], Eib: L2[L0[], L7[]], Eii: L2[L0[], L0[]], put: L2[V2, V3] -> V0 -> V1 -> L2[L0[], L0[]], tr: L7[]
[16:07:43.790814]	Exploring 0: L0[], 1: L0[], Ebi: L2[L0[], L7[]], Eib: L2[L0[], L7[]], Eii: L2[L0[], L0[]], put: L2[V2, V3] -> V0 -> V1 -> L2[L0[], L7[]], tr: L7[]
[16:07:43.791244]	Exploring 0: L0[], 1: L0[], Ebi: L2[L0[], L7[]], Eib: L2[L0[], L7[]], Eii: L2[L0[], L0[]], put: L2[V2, V3] -> V0 -> V1 -> L2[L0[], V0], tr: L7[]
[16:07:43.791681]	Exploring 0: L0[], 1: L0[], Ebi: L2[L0[], L7[]], Eib: L2[L0[], L7[]], Eii: L2[L0[], L0[]], put: L2[V2, V3] -> V0 -> V1 -> L2[L0[], V1], tr: L7[]
[16:07:43.791967]	Exploring 0: L0[], 1: L0[], Ebi: L2[L0[], L7[]], Eib: L2[L0[], L7[]], Eii: L2[L0[], L0[]], put: L2[V2, V3] -> V0 -> V1 -> L2[L0[], V2], tr: L7[]
[16:07:43.792247]	Exploring 0: L0[], 1: L0[], Ebi: L2[L0[], L7[]], Eib: L2[L0[], L7[]], Eii: L2[L0[], L0[]], put: L2[V2, V3] -> V0 -> V1 -> L2[L0[], V3], tr: L7[]
[16:07:43.792642]	Exploring 0: L0[], 1: L0[], Ebi: L2[L0[], L7[]], Eib: L2[L0[], L7[]], Eii: L2[L0[], L0[]], put: L2[V2, V3] -> V0 -> V1 -> L2[L7[], _9_], tr: L7[]
[16:07:43.792851]	Exploring 0: L0[], 1: L0[], Ebi: L2[L0[], L7[]], Eib: L2[L0[], L7[]], Eii: L2[L0[], L0[]], put: L2[V2, V3] -> V0 -> V1 -> L2[L7[], L0[]], tr: L7[]
[16:07:43.793261]	Exploring 0: L0[], 1: L0[], Ebi: L2[L0[], L7[]], Eib: L2[L0[], L7[]], Eii: L2[L0[], L0[]], put: L2[V2, V3] -> V0 -> V1 -> L2[L7[], L7[]], tr: L7[]
[16:07:43.793700]	Exploring 0: L0[], 1: L0[], Ebi: L2[L0[], L7[]], Eib: L2[L0[], L7[]], Eii: L2[L0[], L0[]], put: L2[V2, V3] -> V0 -> V1 -> L2[L7[], V0], tr: L7[]
[16:07:43.794157]	Exploring 0: L0[], 1: L0[], Ebi: L2[L0[], L7[]], Eib: L2[L0[], L7[]], Eii: L2[L0[], L0[]], put: L2[V2, V3] -> V0 -> V1 -> L2[L7[], V1], tr: L7[]
[16:07:43.794597]	Exploring 0: L0[], 1: L0[], Ebi: L2[L0[], L7[]], Eib: L2[L0[], L7[]], Eii: L2[L0[], L0[]], put: L2[V2, V3] -> V0 -> V1 -> L2[L7[], V2], tr: L7[]
[16:07:43.795072]	Exploring 0: L0[], 1: L0[], Ebi: L2[L0[], L7[]], Eib: L2[L0[], L7[]], Eii: L2[L0[], L0[]], put: L2[V2, V3] -> V0 -> V1 -> L2[L7[], V3], tr: L7[]
[16:07:43.795546]	Exploring 0: L0[], 1: L0[], Ebi: L2[L0[], L7[]], Eib: L2[L0[], L7[]], Eii: L2[L0[], L0[]], put: L2[V2, V3] -> V0 -> V1 -> L2[V0, _9_], tr: L7[]
[16:07:43.795861]	Exploring 0: L0[], 1: L0[], Ebi: L2[L0[], L7[]], Eib: L2[L0[], L7[]], Eii: L2[L0[], L0[]], put: L2[V2, V3] -> V0 -> V1 -> L2[V0, L0[]], tr: L7[]
[16:07:43.796299]	Exploring 0: L0[], 1: L0[], Ebi: L2[L0[], L7[]], Eib: L2[L0[], L7[]], Eii: L2[L0[], L0[]], put: L2[V2, V3] -> V0 -> V1 -> L2[V0, L7[]], tr: L7[]
[16:07:43.796736]	Exploring 0: L0[], 1: L0[], Ebi: L2[L0[], L7[]], Eib: L2[L0[], L7[]], Eii: L2[L0[], L0[]], put: L2[V2, V3] -> V0 -> V1 -> L2[V0, V0], tr: L7[]
[16:07:43.797165]	Exploring 0: L0[], 1: L0[], Ebi: L2[L0[], L7[]], Eib: L2[L0[], L7[]], Eii: L2[L0[], L0[]], put: L2[V2, V3] -> V0 -> V1 -> L2[V0, V1], tr: L7[]
[16:07:43.797520]	Exploring 0: L0[], 1: L0[], Ebi: L2[L0[], L7[]], Eib: L2[L0[], L7[]], Eii: L2[L0[], L0[]], put: L2[V2, V3] -> V0 -> V1 -> L2[V0, V2], tr: L7[]
[16:07:43.797843]	Exploring 0: L0[], 1: L0[], Ebi: L2[L0[], L7[]], Eib: L2[L0[], L7[]], Eii: L2[L0[], L0[]], put: L2[V2, V3] -> V0 -> V1 -> L2[V0, V3], tr: L7[]
[16:07:43.798161]	Exploring 0: L0[], 1: L0[], Ebi: L2[L0[], L7[]], Eib: L2[L0[], L7[]], Eii: L2[L0[], L0[]], put: L2[V2, V3] -> V0 -> V1 -> L2[V1, _9_], tr: L7[]
[16:07:43.798360]	Exploring 0: L0[], 1: L0[], Ebi: L2[L0[], L7[]], Eib: L2[L0[], L7[]], Eii: L2[L0[], L0[]], put: L2[V2, V3] -> V0 -> V1 -> L2[V1, L0[]], tr: L7[]
[16:07:43.798704]	Exploring 0: L0[], 1: L0[], Ebi: L2[L0[], L7[]], Eib: L2[L0[], L7[]], Eii: L2[L0[], L0[]], put: L2[V2, V3] -> V0 -> V1 -> L2[V1, L7[]], tr: L7[]
[16:07:43.799020]	Exploring 0: L0[], 1: L0[], Ebi: L2[L0[], L7[]], Eib: L2[L0[], L7[]], Eii: L2[L0[], L0[]], put: L2[V2, V3] -> V0 -> V1 -> L2[V1, V0], tr: L7[]
[16:07:43.799425]	Exploring 0: L0[], 1: L0[], Ebi: L2[L0[], L7[]], Eib: L2[L0[], L7[]], Eii: L2[L0[], L0[]], put: L2[V2, V3] -> V0 -> V1 -> L2[V1, V1], tr: L7[]
[16:07:43.799753]	Exploring 0: L0[], 1: L0[], Ebi: L2[L0[], L7[]], Eib: L2[L0[], L7[]], Eii: L2[L0[], L0[]], put: L2[V2, V3] -> V0 -> V1 -> L2[V1, V2], tr: L7[]
[16:07:43.800070]	Exploring 0: L0[], 1: L0[], Ebi: L2[L0[], L7[]], Eib: L2[L0[], L7[]], Eii: L2[L0[], L0[]], put: L2[V2, V3] -> V0 -> V1 -> L2[V1, V3], tr: L7[]
[16:07:43.800366]	Exploring 0: L0[], 1: L0[], Ebi: L2[L0[], L7[]], Eib: L2[L0[], L7[]], Eii: L2[L0[], L0[]], put: L2[V2, V3] -> V0 -> V1 -> L2[V2, _9_], tr: L7[]
[16:07:43.800547]	Exploring 0: L0[], 1: L0[], Ebi: L2[L0[], L7[]], Eib: L2[L0[], L7[]], Eii: L2[L0[], L0[]], put: L2[V2, V3] -> V0 -> V1 -> L2[V2, L0[]], tr: L7[]
[16:07:43.800841]	Exploring 0: L0[], 1: L0[], Ebi: L2[L0[], L7[]], Eib: L2[L0[], L7[]], Eii: L2[L0[], L0[]], put: L2[V2, V3] -> V0 -> V1 -> L2[V2, L7[]], tr: L7[]
[16:07:43.801134]	Exploring 0: L0[], 1: L0[], Ebi: L2[L0[], L7[]], Eib: L2[L0[], L7[]], Eii: L2[L0[], L0[]], put: L2[V2, V3] -> V0 -> V1 -> L2[V2, V0], tr: L7[]
[16:07:43.801547]	Exploring 0: L0[], 1: L0[], Ebi: L2[L0[], L7[]], Eib: L2[L0[], L7[]], Eii: L2[L0[], L0[]], put: L2[V2, V3] -> V0 -> V1 -> L2[V2, V1], tr: L7[]
[16:07:43.801959]	Exploring 0: L0[], 1: L0[], Ebi: L2[L0[], L7[]], Eib: L2[L0[], L7[]], Eii: L2[L0[], L0[]], put: L2[V2, V3] -> V0 -> V1 -> L2[V2, V2], tr: L7[]
[16:07:43.802352]	Exploring 0: L0[], 1: L0[], Ebi: L2[L0[], L7[]], Eib: L2[L0[], L7[]], Eii: L2[L0[], L0[]], put: L2[V2, V3] -> V0 -> V1 -> L2[V2, V3], tr: L7[]
[16:07:43.802756]	Exploring 0: L0[], 1: L0[], Ebi: L2[L0[], L7[]], Eib: L2[L0[], L7[]], Eii: L2[L0[], L0[]], put: L2[V2, V3] -> V0 -> V1 -> L2[V3, _9_], tr: L7[]
[16:07:43.802984]	Exploring 0: L0[], 1: L0[], Ebi: L2[L0[], L7[]], Eib: L2[L0[], L7[]], Eii: L2[L0[], L0[]], put: L2[V2, V3] -> V0 -> V1 -> L2[V3, L0[]], tr: L7[]
[16:07:43.803365]	Exploring 0: L0[], 1: L0[], Ebi: L2[L0[], L7[]], Eib: L2[L0[], L7[]], Eii: L2[L0[], L0[]], put: L2[V2, V3] -> V0 -> V1 -> L2[V3, L7[]], tr: L7[]
[16:07:43.803679]	Exploring 0: L0[], 1: L0[], Ebi: L2[L0[], L7[]], Eib: L2[L0[], L7[]], Eii: L2[L0[], L0[]], put: L2[V2, V3] -> V0 -> V1 -> L2[V3, V0], tr: L7[]
[16:07:43.803977]	Exploring 0: L0[], 1: L0[], Ebi: L2[L0[], L7[]], Eib: L2[L0[], L7[]], Eii: L2[L0[], L0[]], put: L2[V2, V3] -> V0 -> V1 -> L2[V3, V1], tr: L7[]
[16:07:43.804280]	Exploring 0: L0[], 1: L0[], Ebi: L2[L0[], L7[]], Eib: L2[L0[], L7[]], Eii: L2[L0[], L0[]], put: L2[V2, V3] -> V0 -> V1 -> L2[V3, V2], tr: L7[]
[16:07:43.804559]	Exploring 0: L0[], 1: L0[], Ebi: L2[L0[], L7[]], Eib: L2[L0[], L7[]], Eii: L2[L0[], L0[]], put: L2[V2, V3] -> V0 -> V1 -> L2[V3, V3], tr: L7[]
[16:07:43.804806]	Exploring 0: L0[], 1: L0[], Ebi: L2[L0[], L7[]], Eib: L2[L0[], L7[]], Eii: L2[L0[], L7[]], put: L2[_6_, _7_] -> V0 -> V1 -> L2[_8_, _9_], tr: L7[]
[16:07:43.804929]	Exploring 0: L0[], 1: L0[], Ebi: L2[L0[], L7[]], Eib: L2[L0[], L7[]], Eii: L2[L0[], L7[]], put: L2[L0[], _7_] -> V0 -> V1 -> L2[_8_, _9_], tr: L7[]
[16:07:43.805044]	Exploring 0: L0[], 1: L0[], Ebi: L2[L0[], L7[]], Eib: L2[L0[], L7[]], Eii: L2[L0[], L7[]], put: L2[L0[], L7[]] -> V0 -> V1 -> L2[_8_, _9_], tr: L7[]
[16:07:43.805160]	Exploring 0: L0[], 1: L0[], Ebi: L2[L0[], L7[]], Eib: L2[L0[], L7[]], Eii: L2[L0[], L7[]], put: L2[L0[], L7[]] -> V0 -> V1 -> L2[L0[], _9_], tr: L7[]
[16:07:43.805277]	Exploring 0: L0[], 1: L0[], Ebi: L2[L0[], L7[]], Eib: L2[L0[], L7[]], Eii: L2[L0[], L7[]], put: L2[L0[], L7[]] -> V0 -> V1 -> L2[L0[], L7[]], tr: L7[]
[16:07:43.805570]	Exploring 0: L0[], 1: L0[], Ebi: L2[L0[], L7[]], Eib: L2[L0[], L7[]], Eii: L2[L0[], L7[]], put: L2[L0[], V2] -> V0 -> V1 -> L2[_8_, _9_], tr: L7[]
[16:07:43.805703]	Exploring 0: L0[], 1: L0[], Ebi: L2[L0[], L7[]], Eib: L2[L0[], L7[]], Eii: L2[L0[], L7[]], put: L2[L0[], V2] -> V0 -> V1 -> L2[L0[], _9_], tr: L7[]
[16:07:43.805876]	Exploring 0: L0[], 1: L0[], Ebi: L2[L0[], L7[]], Eib: L2[L0[], L7[]], Eii: L2[L0[], L7[]], put: L2[L0[], V2] -> V0 -> V1 -> L2[L0[], L0[]], tr: L7[]
[16:07:43.806094]	Exploring 0: L0[], 1: L0[], Ebi: L2[L0[], L7[]], Eib: L2[L0[], L7[]], Eii: L2[L0[], L7[]], put: L2[L0[], V2] -> V0 -> V1 -> L2[L0[], L7[]], tr: L7[]
[16:07:43.806319]	Exploring 0: L0[], 1: L0[], Ebi: L2[L0[], L7[]], Eib: L2[L0[], L7[]], Eii: L2[L0[], L7[]], put: L2[L0[], V2] -> V0 -> V1 -> L2[L0[], V0], tr: L7[]
[16:07:43.806560]	Exploring 0: L0[], 1: L0[], Ebi: L2[L0[], L7[]], Eib: L2[L0[], L7[]], Eii: L2[L0[], L7[]], put: L2[L0[], V2] -> V0 -> V1 -> L2[L0[], V1], tr: L7[]
[16:07:43.806810]	Exploring 0: L0[], 1: L0[], Ebi: L2[L0[], L7[]], Eib: L2[L0[], L7[]], Eii: L2[L0[], L7[]], put: L2[L0[], V2] -> V0 -> V1 -> L2[L0[], V2], tr: L7[]
[16:07:43.807120]	Exploring 0: L0[], 1: L0[], Ebi: L2[L0[], L7[]], Eib: L2[L0[], L7[]], Eii: L2[L0[], L7[]], put: L2[V2, _7_] -> V0 -> V1 -> L2[_8_, _9_], tr: L7[]
[16:07:43.807264]	Exploring 0: L0[], 1: L0[], Ebi: L2[L0[], L7[]], Eib: L2[L0[], L7[]], Eii: L2[L0[], L7[]], put: L2[V2, L7[]] -> V0 -> V1 -> L2[_8_, _9_], tr: L7[]
[16:07:43.807415]	Exploring 0: L0[], 1: L0[], Ebi: L2[L0[], L7[]], Eib: L2[L0[], L7[]], Eii: L2[L0[], L7[]], put: L2[V2, L7[]] -> V0 -> V1 -> L2[L0[], _9_], tr: L7[]
[16:07:43.807561]	Exploring 0: L0[], 1: L0[], Ebi: L2[L0[], L7[]], Eib: L2[L0[], L7[]], Eii: L2[L0[], L7[]], put: L2[V2, L7[]] -> V0 -> V1 -> L2[L0[], L7[]], tr: L7[]
[16:07:43.807863]	Exploring 0: L0[], 1: L0[], Ebi: L2[L0[], L7[]], Eib: L2[L0[], L7[]], Eii: L2[L0[], L7[]], put: L2[V2, L7[]] -> V0 -> V1 -> L2[L7[], _9_], tr: L7[]
[16:07:43.808001]	Exploring 0: L0[], 1: L0[], Ebi: L2[L0[], L7[]], Eib: L2[L0[], L7[]], Eii: L2[L0[], L7[]], put: L2[V2, L7[]] -> V0 -> V1 -> L2[L7[], L7[]], tr: L7[]
[16:07:43.808286]	Exploring 0: L0[], 1: L0[], Ebi: L2[L0[], L7[]], Eib: L2[L0[], L7[]], Eii: L2[L0[], L7[]], put: L2[V2, L7[]] -> V0 -> V1 -> L2[V0, _9_], tr: L7[]
[16:07:43.808442]	Exploring 0: L0[], 1: L0[], Ebi: L2[L0[], L7[]], Eib: L2[L0[], L7[]], Eii: L2[L0[], L7[]], put: L2[V2, L7[]] -> V0 -> V1 -> L2[V0, L7[]], tr: L7[]
[16:07:43.808762]	Exploring 0: L0[], 1: L0[], Ebi: L2[L0[], L7[]], Eib: L2[L0[], L7[]], Eii: L2[L0[], L7[]], put: L2[V2, L7[]] -> V0 -> V1 -> L2[V1, _9_], tr: L7[]
[16:07:43.808920]	Exploring 0: L0[], 1: L0[], Ebi: L2[L0[], L7[]], Eib: L2[L0[], L7[]], Eii: L2[L0[], L7[]], put: L2[V2, L7[]] -> V0 -> V1 -> L2[V1, L7[]], tr: L7[]
[16:07:43.809222]	Exploring 0: L0[], 1: L0[], Ebi: L2[L0[], L7[]], Eib: L2[L0[], L7[]], Eii: L2[L0[], L7[]], put: L2[V2, L7[]] -> V0 -> V1 -> L2[V2, _9_], tr: L7[]
[16:07:43.809377]	Exploring 0: L0[], 1: L0[], Ebi: L2[L0[], L7[]], Eib: L2[L0[], L7[]], Eii: L2[L0[], L7[]], put: L2[V2, L7[]] -> V0 -> V1 -> L2[V2, L7[]], tr: L7[]
[16:07:43.809859]	Exploring 0: L0[], 1: L0[], Ebi: L2[L0[], L7[]], Eib: L2[L0[], L7[]], Eii: L2[L0[], L7[]], put: L2[V2, V3] -> V0 -> V1 -> L2[_8_, _9_], tr: L7[]
[16:07:43.810012]	Exploring 0: L0[], 1: L0[], Ebi: L2[L0[], L7[]], Eib: L2[L0[], L7[]], Eii: L2[L0[], L7[]], put: L2[V2, V3] -> V0 -> V1 -> L2[L0[], _9_], tr: L7[]
[16:07:43.810211]	Exploring 0: L0[], 1: L0[], Ebi: L2[L0[], L7[]], Eib: L2[L0[], L7[]], Eii: L2[L0[], L7[]], put: L2[V2, V3] -> V0 -> V1 -> L2[L0[], L0[]], tr: L7[]
[16:07:43.810581]	Exploring 0: L0[], 1: L0[], Ebi: L2[L0[], L7[]], Eib: L2[L0[], L7[]], Eii: L2[L0[], L7[]], put: L2[V2, V3] -> V0 -> V1 -> L2[L0[], L7[]], tr: L7[]
[16:07:43.810871]	Exploring 0: L0[], 1: L0[], Ebi: L2[L0[], L7[]], Eib: L2[L0[], L7[]], Eii: L2[L0[], L7[]], put: L2[V2, V3] -> V0 -> V1 -> L2[L0[], V0], tr: L7[]
[16:07:43.811159]	Exploring 0: L0[], 1: L0[], Ebi: L2[L0[], L7[]], Eib: L2[L0[], L7[]], Eii: L2[L0[], L7[]], put: L2[V2, V3] -> V0 -> V1 -> L2[L0[], V1], tr: L7[]
[16:07:43.811448]	Exploring 0: L0[], 1: L0[], Ebi: L2[L0[], L7[]], Eib: L2[L0[], L7[]], Eii: L2[L0[], L7[]], put: L2[V2, V3] -> V0 -> V1 -> L2[L0[], V2], tr: L7[]
[16:07:43.811717]	Exploring 0: L0[], 1: L0[], Ebi: L2[L0[], L7[]], Eib: L2[L0[], L7[]], Eii: L2[L0[], L7[]], put: L2[V2, V3] -> V0 -> V1 -> L2[L0[], V3], tr: L7[]
[16:07:43.811977]	Exploring 0: L0[], 1: L0[], Ebi: L2[L0[], L7[]], Eib: L2[L0[], L7[]], Eii: L2[L0[], L7[]], put: L2[V2, V3] -> V0 -> V1 -> L2[L7[], _9_], tr: L7[]
[16:07:43.812125]	Exploring 0: L0[], 1: L0[], Ebi: L2[L0[], L7[]], Eib: L2[L0[], L7[]], Eii: L2[L0[], L7[]], put: L2[V2, V3] -> V0 -> V1 -> L2[L7[], L0[]], tr: L7[]
[16:07:43.812401]	Exploring 0: L0[], 1: L0[], Ebi: L2[L0[], L7[]], Eib: L2[L0[], L7[]], Eii: L2[L0[], L7[]], put: L2[V2, V3] -> V0 -> V1 -> L2[L7[], L7[]], tr: L7[]
[16:07:43.812682]	Exploring 0: L0[], 1: L0[], Ebi: L2[L0[], L7[]], Eib: L2[L0[], L7[]], Eii: L2[L0[], L7[]], put: L2[V2, V3] -> V0 -> V1 -> L2[L7[], V0], tr: L7[]
[16:07:43.812969]	Exploring 0: L0[], 1: L0[], Ebi: L2[L0[], L7[]], Eib: L2[L0[], L7[]], Eii: L2[L0[], L7[]], put: L2[V2, V3] -> V0 -> V1 -> L2[L7[], V1], tr: L7[]
[16:07:43.813243]	Exploring 0: L0[], 1: L0[], Ebi: L2[L0[], L7[]], Eib: L2[L0[], L7[]], Eii: L2[L0[], L7[]], put: L2[V2, V3] -> V0 -> V1 -> L2[L7[], V2], tr: L7[]
[16:07:43.813502]	Exploring 0: L0[], 1: L0[], Ebi: L2[L0[], L7[]], Eib: L2[L0[], L7[]], Eii: L2[L0[], L7[]], put: L2[V2, V3] -> V0 -> V1 -> L2[L7[], V3], tr: L7[]
[16:07:43.813808]	Exploring 0: L0[], 1: L0[], Ebi: L2[L0[], L7[]], Eib: L2[L0[], L7[]], Eii: L2[L0[], L7[]], put: L2[V2, V3] -> V0 -> V1 -> L2[V0, _9_], tr: L7[]
[16:07:43.813985]	Exploring 0: L0[], 1: L0[], Ebi: L2[L0[], L7[]], Eib: L2[L0[], L7[]], Eii: L2[L0[], L7[]], put: L2[V2, V3] -> V0 -> V1 -> L2[V0, L0[]], tr: L7[]
[16:07:43.814271]	Exploring 0: L0[], 1: L0[], Ebi: L2[L0[], L7[]], Eib: L2[L0[], L7[]], Eii: L2[L0[], L7[]], put: L2[V2, V3] -> V0 -> V1 -> L2[V0, L7[]], tr: L7[]
[16:07:43.814552]	Exploring 0: L0[], 1: L0[], Ebi: L2[L0[], L7[]], Eib: L2[L0[], L7[]], Eii: L2[L0[], L7[]], put: L2[V2, V3] -> V0 -> V1 -> L2[V0, V0], tr: L7[]
[16:07:43.814838]	Exploring 0: L0[], 1: L0[], Ebi: L2[L0[], L7[]], Eib: L2[L0[], L7[]], Eii: L2[L0[], L7[]], put: L2[V2, V3] -> V0 -> V1 -> L2[V0, V1], tr: L7[]
[16:07:43.815121]	Exploring 0: L0[], 1: L0[], Ebi: L2[L0[], L7[]], Eib: L2[L0[], L7[]], Eii: L2[L0[], L7[]], put: L2[V2, V3] -> V0 -> V1 -> L2[V0, V2], tr: L7[]
[16:07:43.815396]	Exploring 0: L0[], 1: L0[], Ebi: L2[L0[], L7[]], Eib: L2[L0[], L7[]], Eii: L2[L0[], L7[]], put: L2[V2, V3] -> V0 -> V1 -> L2[V0, V3], tr: L7[]
[16:07:43.815693]	Exploring 0: L0[], 1: L0[], Ebi: L2[L0[], L7[]], Eib: L2[L0[], L7[]], Eii: L2[L0[], L7[]], put: L2[V2, V3] -> V0 -> V1 -> L2[V1, _9_], tr: L7[]
[16:07:43.815856]	Exploring 0: L0[], 1: L0[], Ebi: L2[L0[], L7[]], Eib: L2[L0[], L7[]], Eii: L2[L0[], L7[]], put: L2[V2, V3] -> V0 -> V1 -> L2[V1, L0[]], tr: L7[]
[16:07:43.816153]	Exploring 0: L0[], 1: L0[], Ebi: L2[L0[], L7[]], Eib: L2[L0[], L7[]], Eii: L2[L0[], L7[]], put: L2[V2, V3] -> V0 -> V1 -> L2[V1, L7[]], tr: L7[]
[16:07:43.816439]	Exploring 0: L0[], 1: L0[], Ebi: L2[L0[], L7[]], Eib: L2[L0[], L7[]], Eii: L2[L0[], L7[]], put: L2[V2, V3] -> V0 -> V1 -> L2[V1, V0], tr: L7[]
[16:07:43.816726]	Exploring 0: L0[], 1: L0[], Ebi: L2[L0[], L7[]], Eib: L2[L0[], L7[]], Eii: L2[L0[], L7[]], put: L2[V2, V3] -> V0 -> V1 -> L2[V1, V1], tr: L7[]
[16:07:43.817008]	Exploring 0: L0[], 1: L0[], Ebi: L2[L0[], L7[]], Eib: L2[L0[], L7[]], Eii: L2[L0[], L7[]], put: L2[V2, V3] -> V0 -> V1 -> L2[V1, V2], tr: L7[]
[16:07:43.817284]	Exploring 0: L0[], 1: L0[], Ebi: L2[L0[], L7[]], Eib: L2[L0[], L7[]], Eii: L2[L0[], L7[]], put: L2[V2, V3] -> V0 -> V1 -> L2[V1, V3], tr: L7[]
[16:07:43.817550]	Exploring 0: L0[], 1: L0[], Ebi: L2[L0[], L7[]], Eib: L2[L0[], L7[]], Eii: L2[L0[], L7[]], put: L2[V2, V3] -> V0 -> V1 -> L2[V2, _9_], tr: L7[]
[16:07:43.817694]	Exploring 0: L0[], 1: L0[], Ebi: L2[L0[], L7[]], Eib: L2[L0[], L7[]], Eii: L2[L0[], L7[]], put: L2[V2, V3] -> V0 -> V1 -> L2[V2, L0[]], tr: L7[]
[16:07:43.817947]	Exploring 0: L0[], 1: L0[], Ebi: L2[L0[], L7[]], Eib: L2[L0[], L7[]], Eii: L2[L0[], L7[]], put: L2[V2, V3] -> V0 -> V1 -> L2[V2, L7[]], tr: L7[]
[16:07:43.818213]	Exploring 0: L0[], 1: L0[], Ebi: L2[L0[], L7[]], Eib: L2[L0[], L7[]], Eii: L2[L0[], L7[]], put: L2[V2, V3] -> V0 -> V1 -> L2[V2, V0], tr: L7[]
[16:07:43.818496]	Exploring 0: L0[], 1: L0[], Ebi: L2[L0[], L7[]], Eib: L2[L0[], L7[]], Eii: L2[L0[], L7[]], put: L2[V2, V3] -> V0 -> V1 -> L2[V2, V1], tr: L7[]
[16:07:43.818776]	Exploring 0: L0[], 1: L0[], Ebi: L2[L0[], L7[]], Eib: L2[L0[], L7[]], Eii: L2[L0[], L7[]], put: L2[V2, V3] -> V0 -> V1 -> L2[V2, V2], tr: L7[]
[16:07:43.819038]	Exploring 0: L0[], 1: L0[], Ebi: L2[L0[], L7[]], Eib: L2[L0[], L7[]], Eii: L2[L0[], L7[]], put: L2[V2, V3] -> V0 -> V1 -> L2[V2, V3], tr: L7[]
[16:07:43.819311]	Exploring 0: L0[], 1: L0[], Ebi: L2[L0[], L7[]], Eib: L2[L0[], L7[]], Eii: L2[L0[], L7[]], put: L2[V2, V3] -> V0 -> V1 -> L2[V3, _9_], tr: L7[]
[16:07:43.819482]	Exploring 0: L0[], 1: L0[], Ebi: L2[L0[], L7[]], Eib: L2[L0[], L7[]], Eii: L2[L0[], L7[]], put: L2[V2, V3] -> V0 -> V1 -> L2[V3, L0[]], tr: L7[]
[16:07:43.819769]	Exploring 0: L0[], 1: L0[], Ebi: L2[L0[], L7[]], Eib: L2[L0[], L7[]], Eii: L2[L0[], L7[]], put: L2[V2, V3] -> V0 -> V1 -> L2[V3, L7[]], tr: L7[]
[16:07:43.820039]	Exploring 0: L0[], 1: L0[], Ebi: L2[L0[], L7[]], Eib: L2[L0[], L7[]], Eii: L2[L0[], L7[]], put: L2[V2, V3] -> V0 -> V1 -> L2[V3, V0], tr: L7[]
[16:07:43.820321]	Exploring 0: L0[], 1: L0[], Ebi: L2[L0[], L7[]], Eib: L2[L0[], L7[]], Eii: L2[L0[], L7[]], put: L2[V2, V3] -> V0 -> V1 -> L2[V3, V1], tr: L7[]
[16:07:43.820591]	Exploring 0: L0[], 1: L0[], Ebi: L2[L0[], L7[]], Eib: L2[L0[], L7[]], Eii: L2[L0[], L7[]], put: L2[V2, V3] -> V0 -> V1 -> L2[V3, V2], tr: L7[]
[16:07:43.820855]	Exploring 0: L0[], 1: L0[], Ebi: L2[L0[], L7[]], Eib: L2[L0[], L7[]], Eii: L2[L0[], L7[]], put: L2[V2, V3] -> V0 -> V1 -> L2[V3, V3], tr: L7[]
[16:07:43.821070]	Exploring 0: L0[], 1: L0[], Ebi: L2[L0[], L7[]], Eib: L2[L0[], L7[]], Eii: L2[L7[], _5_], put: L2[_6_, _7_] -> V0 -> V1 -> L2[_8_, _9_], tr: L7[]
[16:07:43.821155]	Exploring 0: L0[], 1: L0[], Ebi: L2[L0[], L7[]], Eib: L2[L0[], L7[]], Eii: L2[L7[], L0[]], put: L2[_6_, _7_] -> V0 -> V1 -> L2[_8_, _9_], tr: L7[]
[16:07:43.821309]	Exploring 0: L0[], 1: L0[], Ebi: L2[L0[], L7[]], Eib: L2[L0[], L7[]], Eii: L2[L7[], L0[]], put: L2[V2, _7_] -> V0 -> V1 -> L2[_8_, _9_], tr: L7[]
[16:07:43.821477]	Exploring 0: L0[], 1: L0[], Ebi: L2[L0[], L7[]], Eib: L2[L0[], L7[]], Eii: L2[L7[], L0[]], put: L2[V2, V3] -> V0 -> V1 -> L2[_8_, _9_], tr: L7[]
[16:07:43.821610]	Exploring 0: L0[], 1: L0[], Ebi: L2[L0[], L7[]], Eib: L2[L0[], L7[]], Eii: L2[L7[], L0[]], put: L2[V2, V3] -> V0 -> V1 -> L2[L0[], _9_], tr: L7[]
[16:07:43.821745]	Exploring 0: L0[], 1: L0[], Ebi: L2[L0[], L7[]], Eib: L2[L0[], L7[]], Eii: L2[L7[], L0[]], put: L2[V2, V3] -> V0 -> V1 -> L2[L0[], L0[]], tr: L7[]
[16:07:43.821997]	Exploring 0: L0[], 1: L0[], Ebi: L2[L0[], L7[]], Eib: L2[L0[], L7[]], Eii: L2[L7[], L0[]], put: L2[V2, V3] -> V0 -> V1 -> L2[L0[], L7[]], tr: L7[]
[16:07:43.822266]	Exploring 0: L0[], 1: L0[], Ebi: L2[L0[], L7[]], Eib: L2[L0[], L7[]], Eii: L2[L7[], L0[]], put: L2[V2, V3] -> V0 -> V1 -> L2[L0[], V0], tr: L7[]
[16:07:43.822551]	Exploring 0: L0[], 1: L0[], Ebi: L2[L0[], L7[]], Eib: L2[L0[], L7[]], Eii: L2[L7[], L0[]], put: L2[V2, V3] -> V0 -> V1 -> L2[L0[], V1], tr: L7[]
[16:07:43.822823]	Exploring 0: L0[], 1: L0[], Ebi: L2[L0[], L7[]], Eib: L2[L0[], L7[]], Eii: L2[L7[], L0[]], put: L2[V2, V3] -> V0 -> V1 -> L2[L0[], V2], tr: L7[]
[16:07:43.823083]	Exploring 0: L0[], 1: L0[], Ebi: L2[L0[], L7[]], Eib: L2[L0[], L7[]], Eii: L2[L7[], L0[]], put: L2[V2, V3] -> V0 -> V1 -> L2[L0[], V3], tr: L7[]
[16:07:43.823340]	Exploring 0: L0[], 1: L0[], Ebi: L2[L0[], L7[]], Eib: L2[L0[], L7[]], Eii: L2[L7[], L0[]], put: L2[V2, V3] -> V0 -> V1 -> L2[L7[], _9_], tr: L7[]
[16:07:43.823489]	Exploring 0: L0[], 1: L0[], Ebi: L2[L0[], L7[]], Eib: L2[L0[], L7[]], Eii: L2[L7[], L0[]], put: L2[V2, V3] -> V0 -> V1 -> L2[L7[], L0[]], tr: L7[]
[16:07:43.823736]	Exploring 0: L0[], 1: L0[], Ebi: L2[L0[], L7[]], Eib: L2[L0[], L7[]], Eii: L2[L7[], L0[]], put: L2[V2, V3] -> V0 -> V1 -> L2[L7[], L7[]], tr: L7[]
[16:07:43.823995]	Exploring 0: L0[], 1: L0[], Ebi: L2[L0[], L7[]], Eib: L2[L0[], L7[]], Eii: L2[L7[], L0[]], put: L2[V2, V3] -> V0 -> V1 -> L2[L7[], V0], tr: L7[]
[16:07:43.824283]	Exploring 0: L0[], 1: L0[], Ebi: L2[L0[], L7[]], Eib: L2[L0[], L7[]], Eii: L2[L7[], L0[]], put: L2[V2, V3] -> V0 -> V1 -> L2[L7[], V1], tr: L7[]
[16:07:43.824557]	Exploring 0: L0[], 1: L0[], Ebi: L2[L0[], L7[]], Eib: L2[L0[], L7[]], Eii: L2[L7[], L0[]], put: L2[V2, V3] -> V0 -> V1 -> L2[L7[], V2], tr: L7[]
[16:07:43.824834]	Exploring 0: L0[], 1: L0[], Ebi: L2[L0[], L7[]], Eib: L2[L0[], L7[]], Eii: L2[L7[], L0[]], put: L2[V2, V3] -> V0 -> V1 -> L2[L7[], V3], tr: L7[]
[16:07:43.825116]	Exploring 0: L0[], 1: L0[], Ebi: L2[L0[], L7[]], Eib: L2[L0[], L7[]], Eii: L2[L7[], L0[]], put: L2[V2, V3] -> V0 -> V1 -> L2[V0, _9_], tr: L7[]
[16:07:43.825276]	Exploring 0: L0[], 1: L0[], Ebi: L2[L0[], L7[]], Eib: L2[L0[], L7[]], Eii: L2[L7[], L0[]], put: L2[V2, V3] -> V0 -> V1 -> L2[V0, L0[]], tr: L7[]
[16:07:43.825567]	Exploring 0: L0[], 1: L0[], Ebi: L2[L0[], L7[]], Eib: L2[L0[], L7[]], Eii: L2[L7[], L0[]], put: L2[V2, V3] -> V0 -> V1 -> L2[V0, L7[]], tr: L7[]
[16:07:43.825861]	Exploring 0: L0[], 1: L0[], Ebi: L2[L0[], L7[]], Eib: L2[L0[], L7[]], Eii: L2[L7[], L0[]], put: L2[V2, V3] -> V0 -> V1 -> L2[V0, V0], tr: L7[]
[16:07:43.826144]	Exploring 0: L0[], 1: L0[], Ebi: L2[L0[], L7[]], Eib: L2[L0[], L7[]], Eii: L2[L7[], L0[]], put: L2[V2, V3] -> V0 -> V1 -> L2[V0, V1], tr: L7[]
[16:07:43.826425]	Exploring 0: L0[], 1: L0[], Ebi: L2[L0[], L7[]], Eib: L2[L0[], L7[]], Eii: L2[L7[], L0[]], put: L2[V2, V3] -> V0 -> V1 -> L2[V0, V2], tr: L7[]
[16:07:43.826699]	Exploring 0: L0[], 1: L0[], Ebi: L2[L0[], L7[]], Eib: L2[L0[], L7[]], Eii: L2[L7[], L0[]], put: L2[V2, V3] -> V0 -> V1 -> L2[V0, V3], tr: L7[]
[16:07:43.826981]	Exploring 0: L0[], 1: L0[], Ebi: L2[L0[], L7[]], Eib: L2[L0[], L7[]], Eii: L2[L7[], L0[]], put: L2[V2, V3] -> V0 -> V1 -> L2[V1, _9_], tr: L7[]
[16:07:43.827140]	Exploring 0: L0[], 1: L0[], Ebi: L2[L0[], L7[]], Eib: L2[L0[], L7[]], Eii: L2[L7[], L0[]], put: L2[V2, V3] -> V0 -> V1 -> L2[V1, L0[]], tr: L7[]
[16:07:43.827437]	Exploring 0: L0[], 1: L0[], Ebi: L2[L0[], L7[]], Eib: L2[L0[], L7[]], Eii: L2[L7[], L0[]], put: L2[V2, V3] -> V0 -> V1 -> L2[V1, L7[]], tr: L7[]
[16:07:43.827723]	Exploring 0: L0[], 1: L0[], Ebi: L2[L0[], L7[]], Eib: L2[L0[], L7[]], Eii: L2[L7[], L0[]], put: L2[V2, V3] -> V0 -> V1 -> L2[V1, V0], tr: L7[]
[16:07:43.828012]	Exploring 0: L0[], 1: L0[], Ebi: L2[L0[], L7[]], Eib: L2[L0[], L7[]], Eii: L2[L7[], L0[]], put: L2[V2, V3] -> V0 -> V1 -> L2[V1, V1], tr: L7[]
[16:07:43.828295]	Exploring 0: L0[], 1: L0[], Ebi: L2[L0[], L7[]], Eib: L2[L0[], L7[]], Eii: L2[L7[], L0[]], put: L2[V2, V3] -> V0 -> V1 -> L2[V1, V2], tr: L7[]
[16:07:43.828578]	Exploring 0: L0[], 1: L0[], Ebi: L2[L0[], L7[]], Eib: L2[L0[], L7[]], Eii: L2[L7[], L0[]], put: L2[V2, V3] -> V0 -> V1 -> L2[V1, V3], tr: L7[]
[16:07:43.828856]	Exploring 0: L0[], 1: L0[], Ebi: L2[L0[], L7[]], Eib: L2[L0[], L7[]], Eii: L2[L7[], L0[]], put: L2[V2, V3] -> V0 -> V1 -> L2[V2, _9_], tr: L7[]
[16:07:43.829008]	Exploring 0: L0[], 1: L0[], Ebi: L2[L0[], L7[]], Eib: L2[L0[], L7[]], Eii: L2[L7[], L0[]], put: L2[V2, V3] -> V0 -> V1 -> L2[V2, L0[]], tr: L7[]
[16:07:43.829261]	Exploring 0: L0[], 1: L0[], Ebi: L2[L0[], L7[]], Eib: L2[L0[], L7[]], Eii: L2[L7[], L0[]], put: L2[V2, V3] -> V0 -> V1 -> L2[V2, L7[]], tr: L7[]
[16:07:43.829530]	Exploring 0: L0[], 1: L0[], Ebi: L2[L0[], L7[]], Eib: L2[L0[], L7[]], Eii: L2[L7[], L0[]], put: L2[V2, V3] -> V0 -> V1 -> L2[V2, V0], tr: L7[]
[16:07:43.829832]	Exploring 0: L0[], 1: L0[], Ebi: L2[L0[], L7[]], Eib: L2[L0[], L7[]], Eii: L2[L7[], L0[]], put: L2[V2, V3] -> V0 -> V1 -> L2[V2, V1], tr: L7[]
[16:07:43.830128]	Exploring 0: L0[], 1: L0[], Ebi: L2[L0[], L7[]], Eib: L2[L0[], L7[]], Eii: L2[L7[], L0[]], put: L2[V2, V3] -> V0 -> V1 -> L2[V2, V2], tr: L7[]
[16:07:43.830391]	Exploring 0: L0[], 1: L0[], Ebi: L2[L0[], L7[]], Eib: L2[L0[], L7[]], Eii: L2[L7[], L0[]], put: L2[V2, V3] -> V0 -> V1 -> L2[V2, V3], tr: L7[]
[16:07:43.830659]	Exploring 0: L0[], 1: L0[], Ebi: L2[L0[], L7[]], Eib: L2[L0[], L7[]], Eii: L2[L7[], L0[]], put: L2[V2, V3] -> V0 -> V1 -> L2[V3, _9_], tr: L7[]
[16:07:43.830831]	Exploring 0: L0[], 1: L0[], Ebi: L2[L0[], L7[]], Eib: L2[L0[], L7[]], Eii: L2[L7[], L0[]], put: L2[V2, V3] -> V0 -> V1 -> L2[V3, L0[]], tr: L7[]
[16:07:43.831098]	Exploring 0: L0[], 1: L0[], Ebi: L2[L0[], L7[]], Eib: L2[L0[], L7[]], Eii: L2[L7[], L0[]], put: L2[V2, V3] -> V0 -> V1 -> L2[V3, L7[]], tr: L7[]
[16:07:43.831367]	Exploring 0: L0[], 1: L0[], Ebi: L2[L0[], L7[]], Eib: L2[L0[], L7[]], Eii: L2[L7[], L0[]], put: L2[V2, V3] -> V0 -> V1 -> L2[V3, V0], tr: L7[]
[16:07:43.831662]	Exploring 0: L0[], 1: L0[], Ebi: L2[L0[], L7[]], Eib: L2[L0[], L7[]], Eii: L2[L7[], L0[]], put: L2[V2, V3] -> V0 -> V1 -> L2[V3, V1], tr: L7[]
[16:07:43.831939]	Exploring 0: L0[], 1: L0[], Ebi: L2[L0[], L7[]], Eib: L2[L0[], L7[]], Eii: L2[L7[], L0[]], put: L2[V2, V3] -> V0 -> V1 -> L2[V3, V2], tr: L7[]
[16:07:43.832198]	Exploring 0: L0[], 1: L0[], Ebi: L2[L0[], L7[]], Eib: L2[L0[], L7[]], Eii: L2[L7[], L0[]], put: L2[V2, V3] -> V0 -> V1 -> L2[V3, V3], tr: L7[]
[16:07:43.832413]	Exploring 0: L0[], 1: L0[], Ebi: L2[L0[], L7[]], Eib: L2[L0[], L7[]], Eii: L2[L7[], L7[]], put: L2[_6_, _7_] -> V0 -> V1 -> L2[_8_, _9_], tr: L7[]
[16:07:43.832562]	Exploring 0: L0[], 1: L0[], Ebi: L2[L0[], L7[]], Eib: L2[L0[], L7[]], Eii: L2[L7[], L7[]], put: L2[V2, _7_] -> V0 -> V1 -> L2[_8_, _9_], tr: L7[]
[16:07:43.832690]	Exploring 0: L0[], 1: L0[], Ebi: L2[L0[], L7[]], Eib: L2[L0[], L7[]], Eii: L2[L7[], L7[]], put: L2[V2, L7[]] -> V0 -> V1 -> L2[_8_, _9_], tr: L7[]
[16:07:43.832809]	Exploring 0: L0[], 1: L0[], Ebi: L2[L0[], L7[]], Eib: L2[L0[], L7[]], Eii: L2[L7[], L7[]], put: L2[V2, L7[]] -> V0 -> V1 -> L2[L0[], _9_], tr: L7[]
[16:07:43.832938]	Exploring 0: L0[], 1: L0[], Ebi: L2[L0[], L7[]], Eib: L2[L0[], L7[]], Eii: L2[L7[], L7[]], put: L2[V2, L7[]] -> V0 -> V1 -> L2[L0[], L7[]], tr: L7[]
[16:07:43.833217]	Exploring 0: L0[], 1: L0[], Ebi: L2[L0[], L7[]], Eib: L2[L0[], L7[]], Eii: L2[L7[], L7[]], put: L2[V2, L7[]] -> V0 -> V1 -> L2[L7[], _9_], tr: L7[]
[16:07:43.833345]	Exploring 0: L0[], 1: L0[], Ebi: L2[L0[], L7[]], Eib: L2[L0[], L7[]], Eii: L2[L7[], L7[]], put: L2[V2, L7[]] -> V0 -> V1 -> L2[L7[], L7[]], tr: L7[]
[16:07:43.833631]	Exploring 0: L0[], 1: L0[], Ebi: L2[L0[], L7[]], Eib: L2[L0[], L7[]], Eii: L2[L7[], L7[]], put: L2[V2, L7[]] -> V0 -> V1 -> L2[V0, _9_], tr: L7[]
[16:07:43.833787]	Exploring 0: L0[], 1: L0[], Ebi: L2[L0[], L7[]], Eib: L2[L0[], L7[]], Eii: L2[L7[], L7[]], put: L2[V2, L7[]] -> V0 -> V1 -> L2[V0, L7[]], tr: L7[]
[16:07:43.834088]	Exploring 0: L0[], 1: L0[], Ebi: L2[L0[], L7[]], Eib: L2[L0[], L7[]], Eii: L2[L7[], L7[]], put: L2[V2, L7[]] -> V0 -> V1 -> L2[V1, _9_], tr: L7[]
[16:07:43.834232]	Exploring 0: L0[], 1: L0[], Ebi: L2[L0[], L7[]], Eib: L2[L0[], L7[]], Eii: L2[L7[], L7[]], put: L2[V2, L7[]] -> V0 -> V1 -> L2[V1, L7[]], tr: L7[]
[16:07:43.834540]	Exploring 0: L0[], 1: L0[], Ebi: L2[L0[], L7[]], Eib: L2[L0[], L7[]], Eii: L2[L7[], L7[]], put: L2[V2, L7[]] -> V0 -> V1 -> L2[V2, _9_], tr: L7[]
[16:07:43.834692]	Exploring 0: L0[], 1: L0[], Ebi: L2[L0[], L7[]], Eib: L2[L0[], L7[]], Eii: L2[L7[], L7[]], put: L2[V2, L7[]] -> V0 -> V1 -> L2[V2, L7[]], tr: L7[]
[16:07:43.835019]	Exploring 0: L0[], 1: L0[], Ebi: L2[L0[], L7[]], Eib: L2[L0[], L7[]], Eii: L2[L7[], L7[]], put: L2[V2, V3] -> V0 -> V1 -> L2[_8_, _9_], tr: L7[]
[16:07:43.835151]	Exploring 0: L0[], 1: L0[], Ebi: L2[L0[], L7[]], Eib: L2[L0[], L7[]], Eii: L2[L7[], L7[]], put: L2[V2, V3] -> V0 -> V1 -> L2[L0[], _9_], tr: L7[]
[16:07:43.835284]	Exploring 0: L0[], 1: L0[], Ebi: L2[L0[], L7[]], Eib: L2[L0[], L7[]], Eii: L2[L7[], L7[]], put: L2[V2, V3] -> V0 -> V1 -> L2[L0[], L0[]], tr: L7[]
[16:07:43.835548]	Exploring 0: L0[], 1: L0[], Ebi: L2[L0[], L7[]], Eib: L2[L0[], L7[]], Eii: L2[L7[], L7[]], put: L2[V2, V3] -> V0 -> V1 -> L2[L0[], L7[]], tr: L7[]
[16:07:43.835815]	Exploring 0: L0[], 1: L0[], Ebi: L2[L0[], L7[]], Eib: L2[L0[], L7[]], Eii: L2[L7[], L7[]], put: L2[V2, V3] -> V0 -> V1 -> L2[L0[], V0], tr: L7[]
[16:07:43.836103]	Exploring 0: L0[], 1: L0[], Ebi: L2[L0[], L7[]], Eib: L2[L0[], L7[]], Eii: L2[L7[], L7[]], put: L2[V2, V3] -> V0 -> V1 -> L2[L0[], V1], tr: L7[]
[16:07:43.836373]	Exploring 0: L0[], 1: L0[], Ebi: L2[L0[], L7[]], Eib: L2[L0[], L7[]], Eii: L2[L7[], L7[]], put: L2[V2, V3] -> V0 -> V1 -> L2[L0[], V2], tr: L7[]
[16:07:43.836637]	Exploring 0: L0[], 1: L0[], Ebi: L2[L0[], L7[]], Eib: L2[L0[], L7[]], Eii: L2[L7[], L7[]], put: L2[V2, V3] -> V0 -> V1 -> L2[L0[], V3], tr: L7[]
[16:07:43.836915]	Exploring 0: L0[], 1: L0[], Ebi: L2[L0[], L7[]], Eib: L2[L0[], L7[]], Eii: L2[L7[], L7[]], put: L2[V2, V3] -> V0 -> V1 -> L2[L7[], _9_], tr: L7[]
[16:07:43.837056]	Exploring 0: L0[], 1: L0[], Ebi: L2[L0[], L7[]], Eib: L2[L0[], L7[]], Eii: L2[L7[], L7[]], put: L2[V2, V3] -> V0 -> V1 -> L2[L7[], L0[]], tr: L7[]
[16:07:43.837303]	Exploring 0: L0[], 1: L0[], Ebi: L2[L0[], L7[]], Eib: L2[L0[], L7[]], Eii: L2[L7[], L7[]], put: L2[V2, V3] -> V0 -> V1 -> L2[L7[], L7[]], tr: L7[]
[16:07:43.837577]	Exploring 0: L0[], 1: L0[], Ebi: L2[L0[], L7[]], Eib: L2[L0[], L7[]], Eii: L2[L7[], L7[]], put: L2[V2, V3] -> V0 -> V1 -> L2[L7[], V0], tr: L7[]
[16:07:43.837871]	Exploring 0: L0[], 1: L0[], Ebi: L2[L0[], L7[]], Eib: L2[L0[], L7[]], Eii: L2[L7[], L7[]], put: L2[V2, V3] -> V0 -> V1 -> L2[L7[], V1], tr: L7[]
[16:07:43.838154]	Exploring 0: L0[], 1: L0[], Ebi: L2[L0[], L7[]], Eib: L2[L0[], L7[]], Eii: L2[L7[], L7[]], put: L2[V2, V3] -> V0 -> V1 -> L2[L7[], V2], tr: L7[]
[16:07:43.838425]	Exploring 0: L0[], 1: L0[], Ebi: L2[L0[], L7[]], Eib: L2[L0[], L7[]], Eii: L2[L7[], L7[]], put: L2[V2, V3] -> V0 -> V1 -> L2[L7[], V3], tr: L7[]
[16:07:43.838707]	Exploring 0: L0[], 1: L0[], Ebi: L2[L0[], L7[]], Eib: L2[L0[], L7[]], Eii: L2[L7[], L7[]], put: L2[V2, V3] -> V0 -> V1 -> L2[V0, _9_], tr: L7[]
[16:07:43.838866]	Exploring 0: L0[], 1: L0[], Ebi: L2[L0[], L7[]], Eib: L2[L0[], L7[]], Eii: L2[L7[], L7[]], put: L2[V2, V3] -> V0 -> V1 -> L2[V0, L0[]], tr: L7[]
[16:07:43.839155]	Exploring 0: L0[], 1: L0[], Ebi: L2[L0[], L7[]], Eib: L2[L0[], L7[]], Eii: L2[L7[], L7[]], put: L2[V2, V3] -> V0 -> V1 -> L2[V0, L7[]], tr: L7[]
[16:07:43.839469]	Exploring 0: L0[], 1: L0[], Ebi: L2[L0[], L7[]], Eib: L2[L0[], L7[]], Eii: L2[L7[], L7[]], put: L2[V2, V3] -> V0 -> V1 -> L2[V0, V0], tr: L7[]
[16:07:43.839763]	Exploring 0: L0[], 1: L0[], Ebi: L2[L0[], L7[]], Eib: L2[L0[], L7[]], Eii: L2[L7[], L7[]], put: L2[V2, V3] -> V0 -> V1 -> L2[V0, V1], tr: L7[]
[16:07:43.840055]	Exploring 0: L0[], 1: L0[], Ebi: L2[L0[], L7[]], Eib: L2[L0[], L7[]], Eii: L2[L7[], L7[]], put: L2[V2, V3] -> V0 -> V1 -> L2[V0, V2], tr: L7[]
[16:07:43.840343]	Exploring 0: L0[], 1: L0[], Ebi: L2[L0[], L7[]], Eib: L2[L0[], L7[]], Eii: L2[L7[], L7[]], put: L2[V2, V3] -> V0 -> V1 -> L2[V0, V3], tr: L7[]
[16:07:43.840632]	Exploring 0: L0[], 1: L0[], Ebi: L2[L0[], L7[]], Eib: L2[L0[], L7[]], Eii: L2[L7[], L7[]], put: L2[V2, V3] -> V0 -> V1 -> L2[V1, _9_], tr: L7[]
[16:07:43.840803]	Exploring 0: L0[], 1: L0[], Ebi: L2[L0[], L7[]], Eib: L2[L0[], L7[]], Eii: L2[L7[], L7[]], put: L2[V2, V3] -> V0 -> V1 -> L2[V1, L0[]], tr: L7[]
[16:07:43.841097]	Exploring 0: L0[], 1: L0[], Ebi: L2[L0[], L7[]], Eib: L2[L0[], L7[]], Eii: L2[L7[], L7[]], put: L2[V2, V3] -> V0 -> V1 -> L2[V1, L7[]], tr: L7[]
[16:07:43.841392]	Exploring 0: L0[], 1: L0[], Ebi: L2[L0[], L7[]], Eib: L2[L0[], L7[]], Eii: L2[L7[], L7[]], put: L2[V2, V3] -> V0 -> V1 -> L2[V1, V0], tr: L7[]
[16:07:43.841707]	Exploring 0: L0[], 1: L0[], Ebi: L2[L0[], L7[]], Eib: L2[L0[], L7[]], Eii: L2[L7[], L7[]], put: L2[V2, V3] -> V0 -> V1 -> L2[V1, V1], tr: L7[]
[16:07:43.842016]	Exploring 0: L0[], 1: L0[], Ebi: L2[L0[], L7[]], Eib: L2[L0[], L7[]], Eii: L2[L7[], L7[]], put: L2[V2, V3] -> V0 -> V1 -> L2[V1, V2], tr: L7[]
[16:07:43.842323]	Exploring 0: L0[], 1: L0[], Ebi: L2[L0[], L7[]], Eib: L2[L0[], L7[]], Eii: L2[L7[], L7[]], put: L2[V2, V3] -> V0 -> V1 -> L2[V1, V3], tr: L7[]
[16:07:43.842609]	Exploring 0: L0[], 1: L0[], Ebi: L2[L0[], L7[]], Eib: L2[L0[], L7[]], Eii: L2[L7[], L7[]], put: L2[V2, V3] -> V0 -> V1 -> L2[V2, _9_], tr: L7[]
[16:07:43.842809]	Exploring 0: L0[], 1: L0[], Ebi: L2[L0[], L7[]], Eib: L2[L0[], L7[]], Eii: L2[L7[], L7[]], put: L2[V2, V3] -> V0 -> V1 -> L2[V2, L0[]], tr: L7[]
[16:07:43.843088]	Exploring 0: L0[], 1: L0[], Ebi: L2[L0[], L7[]], Eib: L2[L0[], L7[]], Eii: L2[L7[], L7[]], put: L2[V2, V3] -> V0 -> V1 -> L2[V2, L7[]], tr: L7[]
[16:07:43.843517]	Exploring 0: L0[], 1: L0[], Ebi: L2[L0[], L7[]], Eib: L2[L0[], L7[]], Eii: L2[L7[], L7[]], put: L2[V2, V3] -> V0 -> V1 -> L2[V2, V0], tr: L7[]
[16:07:43.844077]	Exploring 0: L0[], 1: L0[], Ebi: L2[L0[], L7[]], Eib: L2[L0[], L7[]], Eii: L2[L7[], L7[]], put: L2[V2, V3] -> V0 -> V1 -> L2[V2, V1], tr: L7[]
[16:07:43.844603]	Exploring 0: L0[], 1: L0[], Ebi: L2[L0[], L7[]], Eib: L2[L0[], L7[]], Eii: L2[L7[], L7[]], put: L2[V2, V3] -> V0 -> V1 -> L2[V2, V2], tr: L7[]
[16:07:43.845094]	Exploring 0: L0[], 1: L0[], Ebi: L2[L0[], L7[]], Eib: L2[L0[], L7[]], Eii: L2[L7[], L7[]], put: L2[V2, V3] -> V0 -> V1 -> L2[V2, V3], tr: L7[]
[16:07:43.845612]	Exploring 0: L0[], 1: L0[], Ebi: L2[L0[], L7[]], Eib: L2[L0[], L7[]], Eii: L2[L7[], L7[]], put: L2[V2, V3] -> V0 -> V1 -> L2[V3, _9_], tr: L7[]
[16:07:43.845911]	Exploring 0: L0[], 1: L0[], Ebi: L2[L0[], L7[]], Eib: L2[L0[], L7[]], Eii: L2[L7[], L7[]], put: L2[V2, V3] -> V0 -> V1 -> L2[V3, L0[]], tr: L7[]
[16:07:43.846414]	Exploring 0: L0[], 1: L0[], Ebi: L2[L0[], L7[]], Eib: L2[L0[], L7[]], Eii: L2[L7[], L7[]], put: L2[V2, V3] -> V0 -> V1 -> L2[V3, L7[]], tr: L7[]
[16:07:43.846918]	Exploring 0: L0[], 1: L0[], Ebi: L2[L0[], L7[]], Eib: L2[L0[], L7[]], Eii: L2[L7[], L7[]], put: L2[V2, V3] -> V0 -> V1 -> L2[V3, V0], tr: L7[]
[16:07:43.847477]	Exploring 0: L0[], 1: L0[], Ebi: L2[L0[], L7[]], Eib: L2[L0[], L7[]], Eii: L2[L7[], L7[]], put: L2[V2, V3] -> V0 -> V1 -> L2[V3, V1], tr: L7[]
[16:07:43.848011]	Exploring 0: L0[], 1: L0[], Ebi: L2[L0[], L7[]], Eib: L2[L0[], L7[]], Eii: L2[L7[], L7[]], put: L2[V2, V3] -> V0 -> V1 -> L2[V3, V2], tr: L7[]
[16:07:43.848534]	Exploring 0: L0[], 1: L0[], Ebi: L2[L0[], L7[]], Eib: L2[L0[], L7[]], Eii: L2[L7[], L7[]], put: L2[V2, V3] -> V0 -> V1 -> L2[V3, V3], tr: L7[]
[16:07:43.849011]	Exploring 0: L0[], 1: L0[], Ebi: L2[L0[], L7[]], Eib: L2[L7[], _3_], Eii: L2[_4_, _5_], put: L2[_6_, _7_] -> V0 -> V1 -> L2[_8_, _9_], tr: L7[]
[16:07:43.849222]	Exploring 0: L0[], 1: L0[], Ebi: L2[L0[], L7[]], Eib: L2[L7[], L0[]], Eii: L2[_4_, _5_], put: L2[_6_, _7_] -> V0 -> V1 -> L2[_8_, _9_], tr: L7[]
[16:07:43.849398]	Exploring 0: L0[], 1: L0[], Ebi: L2[L0[], L7[]], Eib: L2[L7[], L0[]], Eii: L2[L0[], _5_], put: L2[_6_, _7_] -> V0 -> V1 -> L2[_8_, _9_], tr: L7[]
[16:07:43.849567]	Exploring 0: L0[], 1: L0[], Ebi: L2[L0[], L7[]], Eib: L2[L7[], L0[]], Eii: L2[L0[], L0[]], put: L2[_6_, _7_] -> V0 -> V1 -> L2[_8_, _9_], tr: L7[]
[16:07:43.849817]	Exploring 0: L0[], 1: L0[], Ebi: L2[L0[], L7[]], Eib: L2[L7[], L0[]], Eii: L2[L0[], L0[]], put: L2[V1, _7_] -> V0 -> V1 -> L2[_8_, _9_], tr: L7[]
[16:07:43.850065]	Exploring 0: L0[], 1: L0[], Ebi: L2[L0[], L7[]], Eib: L2[L7[], L0[]], Eii: L2[L0[], L0[]], put: L2[V1, V0] -> V0 -> V1 -> L2[_8_, _9_], tr: L7[]
[16:07:43.850326]	Exploring 0: L0[], 1: L0[], Ebi: L2[L0[], L7[]], Eib: L2[L7[], L0[]], Eii: L2[L0[], L0[]], put: L2[V1, V0] -> V0 -> V1 -> L2[V1, _9_], tr: L7[]
[16:07:43.850581]	Exploring 0: L0[], 1: L0[], Ebi: L2[L0[], L7[]], Eib: L2[L7[], L0[]], Eii: L2[L0[], L0[]], put: L2[V1, V0] -> V0 -> V1 -> L2[V1, V0], tr: L7[]
[16:07:43.851121]	Exploring 0: L0[], 1: L0[], Ebi: L2[L0[], L7[]], Eib: L2[L7[], L0[]], Eii: L2[L0[], L0[]], put: L2[V1, V2] -> V0 -> V1 -> L2[_8_, _9_], tr: L7[]
[16:07:43.851441]	Exploring 0: L0[], 1: L0[], Ebi: L2[L0[], L7[]], Eib: L2[L7[], L0[]], Eii: L2[L0[], L0[]], put: L2[V1, V2] -> V0 -> V1 -> L2[V1, _9_], tr: L7[]
[16:07:43.851704]	Exploring 0: L0[], 1: L0[], Ebi: L2[L0[], L7[]], Eib: L2[L7[], L0[]], Eii: L2[L0[], L0[]], put: L2[V1, V2] -> V0 -> V1 -> L2[V1, L0[]], tr: L7[]
[16:07:43.852152]	Exploring 0: L0[], 1: L0[], Ebi: L2[L0[], L7[]], Eib: L2[L7[], L0[]], Eii: L2[L0[], L0[]], put: L2[V1, V2] -> V0 -> V1 -> L2[V1, L7[]], tr: L7[]
[16:07:43.852629]	Exploring 0: L0[], 1: L0[], Ebi: L2[L0[], L7[]], Eib: L2[L7[], L0[]], Eii: L2[L0[], L0[]], put: L2[V1, V2] -> V0 -> V1 -> L2[V1, V0], tr: L7[]
[16:07:43.853136]	Exploring 0: L0[], 1: L0[], Ebi: L2[L0[], L7[]], Eib: L2[L7[], L0[]], Eii: L2[L0[], L0[]], put: L2[V1, V2] -> V0 -> V1 -> L2[V1, V1], tr: L7[]
[16:07:43.853583]	Exploring 0: L0[], 1: L0[], Ebi: L2[L0[], L7[]], Eib: L2[L7[], L0[]], Eii: L2[L0[], L0[]], put: L2[V1, V2] -> V0 -> V1 -> L2[V1, V2], tr: L7[]
[16:07:43.854064]	Exploring 0: L0[], 1: L0[], Ebi: L2[L0[], L7[]], Eib: L2[L7[], L0[]], Eii: L2[L0[], L0[]], put: L2[V2, _7_] -> V0 -> V1 -> L2[_8_, _9_], tr: L7[]
[16:07:43.854332]	Exploring 0: L0[], 1: L0[], Ebi: L2[L0[], L7[]], Eib: L2[L7[], L0[]], Eii: L2[L0[], L0[]], put: L2[V2, V0] -> V0 -> V1 -> L2[_8_, _9_], tr: L7[]
[16:07:43.854606]	Exploring 0: L0[], 1: L0[], Ebi: L2[L0[], L7[]], Eib: L2[L7[], L0[]], Eii: L2[L0[], L0[]], put: L2[V2, V0] -> V0 -> V1 -> L2[L0[], _9_], tr: L7[]
[16:07:43.854909]	Exploring 0: L0[], 1: L0[], Ebi: L2[L0[], L7[]], Eib: L2[L7[], L0[]], Eii: L2[L0[], L0[]], put: L2[V2, V0] -> V0 -> V1 -> L2[L0[], V0], tr: L7[]
[16:07:43.855249]	Exploring 0: L0[], 1: L0[], Ebi: L2[L0[], L7[]], Eib: L2[L7[], L0[]], Eii: L2[L0[], L0[]], put: L2[V2, V0] -> V0 -> V1 -> L2[L7[], _9_], tr: L7[]
[16:07:43.855412]	Exploring 0: L0[], 1: L0[], Ebi: L2[L0[], L7[]], Eib: L2[L7[], L0[]], Eii: L2[L0[], L0[]], put: L2[V2, V0] -> V0 -> V1 -> L2[L7[], V0], tr: L7[]
[16:07:43.855751]	Exploring 0: L0[], 1: L0[], Ebi: L2[L0[], L7[]], Eib: L2[L7[], L0[]], Eii: L2[L0[], L0[]], put: L2[V2, V0] -> V0 -> V1 -> L2[V0, _9_], tr: L7[]
[16:07:43.855902]	Exploring 0: L0[], 1: L0[], Ebi: L2[L0[], L7[]], Eib: L2[L7[], L0[]], Eii: L2[L0[], L0[]], put: L2[V2, V0] -> V0 -> V1 -> L2[V0, V0], tr: L7[]
[16:07:43.856211]	Exploring 0: L0[], 1: L0[], Ebi: L2[L0[], L7[]], Eib: L2[L7[], L0[]], Eii: L2[L0[], L0[]], put: L2[V2, V0] -> V0 -> V1 -> L2[V1, _9_], tr: L7[]
[16:07:43.856362]	Exploring 0: L0[], 1: L0[], Ebi: L2[L0[], L7[]], Eib: L2[L7[], L0[]], Eii: L2[L0[], L0[]], put: L2[V2, V0] -> V0 -> V1 -> L2[V1, V0], tr: L7[]
[16:07:43.856653]	Exploring 0: L0[], 1: L0[], Ebi: L2[L0[], L7[]], Eib: L2[L7[], L0[]], Eii: L2[L0[], L0[]], put: L2[V2, V0] -> V0 -> V1 -> L2[V2, _9_], tr: L7[]
[16:07:43.856801]	Exploring 0: L0[], 1: L0[], Ebi: L2[L0[], L7[]], Eib: L2[L7[], L0[]], Eii: L2[L0[], L0[]], put: L2[V2, V0] -> V0 -> V1 -> L2[V2, V0], tr: L7[]
[16:07:43.857124]	Exploring 0: L0[], 1: L0[], Ebi: L2[L0[], L7[]], Eib: L2[L7[], L0[]], Eii: L2[L0[], L0[]], put: L2[V2, V3] -> V0 -> V1 -> L2[_8_, _9_], tr: L7[]
[16:07:43.857272]	Exploring 0: L0[], 1: L0[], Ebi: L2[L0[], L7[]], Eib: L2[L7[], L0[]], Eii: L2[L0[], L0[]], put: L2[V2, V3] -> V0 -> V1 -> L2[L0[], _9_], tr: L7[]
[16:07:43.857442]	Exploring 0: L0[], 1: L0[], Ebi: L2[L0[], L7[]], Eib: L2[L7[], L0[]], Eii: L2[L0[], L0[]], put: L2[V2, V3] -> V0 -> V1 -> L2[L0[], L0[]], tr: L7[]
[16:07:43.857731]	Exploring 0: L0[], 1: L0[], Ebi: L2[L0[], L7[]], Eib: L2[L7[], L0[]], Eii: L2[L0[], L0[]], put: L2[V2, V3] -> V0 -> V1 -> L2[L0[], L7[]], tr: L7[]
[16:07:43.857999]	Exploring 0: L0[], 1: L0[], Ebi: L2[L0[], L7[]], Eib: L2[L7[], L0[]], Eii: L2[L0[], L0[]], put: L2[V2, V3] -> V0 -> V1 -> L2[L0[], V0], tr: L7[]
[16:07:43.858295]	Exploring 0: L0[], 1: L0[], Ebi: L2[L0[], L7[]], Eib: L2[L7[], L0[]], Eii: L2[L0[], L0[]], put: L2[V2, V3] -> V0 -> V1 -> L2[L0[], V1], tr: L7[]
[16:07:43.858573]	Exploring 0: L0[], 1: L0[], Ebi: L2[L0[], L7[]], Eib: L2[L7[], L0[]], Eii: L2[L0[], L0[]], put: L2[V2, V3] -> V0 -> V1 -> L2[L0[], V2], tr: L7[]
[16:07:43.858837]	Exploring 0: L0[], 1: L0[], Ebi: L2[L0[], L7[]], Eib: L2[L7[], L0[]], Eii: L2[L0[], L0[]], put: L2[V2, V3] -> V0 -> V1 -> L2[L0[], V3], tr: L7[]
[16:07:43.859124]	Exploring 0: L0[], 1: L0[], Ebi: L2[L0[], L7[]], Eib: L2[L7[], L0[]], Eii: L2[L0[], L0[]], put: L2[V2, V3] -> V0 -> V1 -> L2[L7[], _9_], tr: L7[]
[16:07:43.859279]	Exploring 0: L0[], 1: L0[], Ebi: L2[L0[], L7[]], Eib: L2[L7[], L0[]], Eii: L2[L0[], L0[]], put: L2[V2, V3] -> V0 -> V1 -> L2[L7[], L0[]], tr: L7[]
[16:07:43.859539]	Exploring 0: L0[], 1: L0[], Ebi: L2[L0[], L7[]], Eib: L2[L7[], L0[]], Eii: L2[L0[], L0[]], put: L2[V2, V3] -> V0 -> V1 -> L2[L7[], L7[]], tr: L7[]
[16:07:43.859825]	Exploring 0: L0[], 1: L0[], Ebi: L2[L0[], L7[]], Eib: L2[L7[], L0[]], Eii: L2[L0[], L0[]], put: L2[V2, V3] -> V0 -> V1 -> L2[L7[], V0], tr: L7[]
[16:07:43.860225]	Exploring 0: L0[], 1: L0[], Ebi: L2[L0[], L7[]], Eib: L2[L7[], L0[]], Eii: L2[L0[], L0[]], put: L2[V2, V3] -> V0 -> V1 -> L2[L7[], V1], tr: L7[]
[16:07:43.860582]	Exploring 0: L0[], 1: L0[], Ebi: L2[L0[], L7[]], Eib: L2[L7[], L0[]], Eii: L2[L0[], L0[]], put: L2[V2, V3] -> V0 -> V1 -> L2[L7[], V2], tr: L7[]
[16:07:43.860920]	Exploring 0: L0[], 1: L0[], Ebi: L2[L0[], L7[]], Eib: L2[L7[], L0[]], Eii: L2[L0[], L0[]], put: L2[V2, V3] -> V0 -> V1 -> L2[L7[], V3], tr: L7[]
[16:07:43.861309]	Exploring 0: L0[], 1: L0[], Ebi: L2[L0[], L7[]], Eib: L2[L7[], L0[]], Eii: L2[L0[], L0[]], put: L2[V2, V3] -> V0 -> V1 -> L2[V0, _9_], tr: L7[]
[16:07:43.861545]	Exploring 0: L0[], 1: L0[], Ebi: L2[L0[], L7[]], Eib: L2[L7[], L0[]], Eii: L2[L0[], L0[]], put: L2[V2, V3] -> V0 -> V1 -> L2[V0, L0[]], tr: L7[]
[16:07:43.861870]	Exploring 0: L0[], 1: L0[], Ebi: L2[L0[], L7[]], Eib: L2[L7[], L0[]], Eii: L2[L0[], L0[]], put: L2[V2, V3] -> V0 -> V1 -> L2[V0, L7[]], tr: L7[]
[16:07:43.862177]	Exploring 0: L0[], 1: L0[], Ebi: L2[L0[], L7[]], Eib: L2[L7[], L0[]], Eii: L2[L0[], L0[]], put: L2[V2, V3] -> V0 -> V1 -> L2[V0, V0], tr: L7[]
[16:07:43.862477]	Exploring 0: L0[], 1: L0[], Ebi: L2[L0[], L7[]], Eib: L2[L7[], L0[]], Eii: L2[L0[], L0[]], put: L2[V2, V3] -> V0 -> V1 -> L2[V0, V1], tr: L7[]
[16:07:43.862790]	Exploring 0: L0[], 1: L0[], Ebi: L2[L0[], L7[]], Eib: L2[L7[], L0[]], Eii: L2[L0[], L0[]], put: L2[V2, V3] -> V0 -> V1 -> L2[V0, V2], tr: L7[]
[16:07:43.863068]	Exploring 0: L0[], 1: L0[], Ebi: L2[L0[], L7[]], Eib: L2[L7[], L0[]], Eii: L2[L0[], L0[]], put: L2[V2, V3] -> V0 -> V1 -> L2[V0, V3], tr: L7[]
[16:07:43.863345]	Exploring 0: L0[], 1: L0[], Ebi: L2[L0[], L7[]], Eib: L2[L7[], L0[]], Eii: L2[L0[], L0[]], put: L2[V2, V3] -> V0 -> V1 -> L2[V1, _9_], tr: L7[]
[16:07:43.863569]	Exploring 0: L0[], 1: L0[], Ebi: L2[L0[], L7[]], Eib: L2[L7[], L0[]], Eii: L2[L0[], L0[]], put: L2[V2, V3] -> V0 -> V1 -> L2[V1, L0[]], tr: L7[]
[16:07:43.863855]	Exploring 0: L0[], 1: L0[], Ebi: L2[L0[], L7[]], Eib: L2[L7[], L0[]], Eii: L2[L0[], L0[]], put: L2[V2, V3] -> V0 -> V1 -> L2[V1, L7[]], tr: L7[]
[16:07:43.864162]	Exploring 0: L0[], 1: L0[], Ebi: L2[L0[], L7[]], Eib: L2[L7[], L0[]], Eii: L2[L0[], L0[]], put: L2[V2, V3] -> V0 -> V1 -> L2[V1, V0], tr: L7[]
[16:07:43.864459]	Exploring 0: L0[], 1: L0[], Ebi: L2[L0[], L7[]], Eib: L2[L7[], L0[]], Eii: L2[L0[], L0[]], put: L2[V2, V3] -> V0 -> V1 -> L2[V1, V1], tr: L7[]
[16:07:43.864778]	Exploring 0: L0[], 1: L0[], Ebi: L2[L0[], L7[]], Eib: L2[L7[], L0[]], Eii: L2[L0[], L0[]], put: L2[V2, V3] -> V0 -> V1 -> L2[V1, V2], tr: L7[]
[16:07:43.865094]	Exploring 0: L0[], 1: L0[], Ebi: L2[L0[], L7[]], Eib: L2[L7[], L0[]], Eii: L2[L0[], L0[]], put: L2[V2, V3] -> V0 -> V1 -> L2[V1, V3], tr: L7[]
[16:07:43.865414]	Exploring 0: L0[], 1: L0[], Ebi: L2[L0[], L7[]], Eib: L2[L7[], L0[]], Eii: L2[L0[], L0[]], put: L2[V2, V3] -> V0 -> V1 -> L2[V2, _9_], tr: L7[]
[16:07:43.865615]	Exploring 0: L0[], 1: L0[], Ebi: L2[L0[], L7[]], Eib: L2[L7[], L0[]], Eii: L2[L0[], L0[]], put: L2[V2, V3] -> V0 -> V1 -> L2[V2, L0[]], tr: L7[]
[16:07:43.865929]	Exploring 0: L0[], 1: L0[], Ebi: L2[L0[], L7[]], Eib: L2[L7[], L0[]], Eii: L2[L0[], L0[]], put: L2[V2, V3] -> V0 -> V1 -> L2[V2, L7[]], tr: L7[]
[16:07:43.866246]	Exploring 0: L0[], 1: L0[], Ebi: L2[L0[], L7[]], Eib: L2[L7[], L0[]], Eii: L2[L0[], L0[]], put: L2[V2, V3] -> V0 -> V1 -> L2[V2, V0], tr: L7[]
[16:07:43.866563]	Exploring 0: L0[], 1: L0[], Ebi: L2[L0[], L7[]], Eib: L2[L7[], L0[]], Eii: L2[L0[], L0[]], put: L2[V2, V3] -> V0 -> V1 -> L2[V2, V1], tr: L7[]
[16:07:43.866883]	Exploring 0: L0[], 1: L0[], Ebi: L2[L0[], L7[]], Eib: L2[L7[], L0[]], Eii: L2[L0[], L0[]], put: L2[V2, V3] -> V0 -> V1 -> L2[V2, V2], tr: L7[]
[16:07:43.867178]	Exploring 0: L0[], 1: L0[], Ebi: L2[L0[], L7[]], Eib: L2[L7[], L0[]], Eii: L2[L0[], L0[]], put: L2[V2, V3] -> V0 -> V1 -> L2[V2, V3], tr: L7[]
[16:07:43.867553]	Exploring 0: L0[], 1: L0[], Ebi: L2[L0[], L7[]], Eib: L2[L7[], L0[]], Eii: L2[L0[], L0[]], put: L2[V2, V3] -> V0 -> V1 -> L2[V3, _9_], tr: L7[]
[16:07:43.867797]	Exploring 0: L0[], 1: L0[], Ebi: L2[L0[], L7[]], Eib: L2[L7[], L0[]], Eii: L2[L0[], L0[]], put: L2[V2, V3] -> V0 -> V1 -> L2[V3, L0[]], tr: L7[]
[16:07:43.868111]	Exploring 0: L0[], 1: L0[], Ebi: L2[L0[], L7[]], Eib: L2[L7[], L0[]], Eii: L2[L0[], L0[]], put: L2[V2, V3] -> V0 -> V1 -> L2[V3, L7[]], tr: L7[]
[16:07:43.868409]	Exploring 0: L0[], 1: L0[], Ebi: L2[L0[], L7[]], Eib: L2[L7[], L0[]], Eii: L2[L0[], L0[]], put: L2[V2, V3] -> V0 -> V1 -> L2[V3, V0], tr: L7[]
[16:07:43.868741]	Exploring 0: L0[], 1: L0[], Ebi: L2[L0[], L7[]], Eib: L2[L7[], L0[]], Eii: L2[L0[], L0[]], put: L2[V2, V3] -> V0 -> V1 -> L2[V3, V1], tr: L7[]
[16:07:43.869073]	Exploring 0: L0[], 1: L0[], Ebi: L2[L0[], L7[]], Eib: L2[L7[], L0[]], Eii: L2[L0[], L0[]], put: L2[V2, V3] -> V0 -> V1 -> L2[V3, V2], tr: L7[]
[16:07:43.869366]	Exploring 0: L0[], 1: L0[], Ebi: L2[L0[], L7[]], Eib: L2[L7[], L0[]], Eii: L2[L0[], L0[]], put: L2[V2, V3] -> V0 -> V1 -> L2[V3, V3], tr: L7[]
[16:07:43.869603]	Exploring 0: L0[], 1: L0[], Ebi: L2[L0[], L7[]], Eib: L2[L7[], L0[]], Eii: L2[L0[], L7[]], put: L2[_6_, _7_] -> V0 -> V1 -> L2[_8_, _9_], tr: L7[]
[16:07:43.869761]	Exploring 0: L0[], 1: L0[], Ebi: L2[L0[], L7[]], Eib: L2[L7[], L0[]], Eii: L2[L0[], L7[]], put: L2[V1, _7_] -> V0 -> V1 -> L2[_8_, _9_], tr: L7[]
[16:07:43.869958]	Exploring 0: L0[], 1: L0[], Ebi: L2[L0[], L7[]], Eib: L2[L7[], L0[]], Eii: L2[L0[], L7[]], put: L2[V1, V2] -> V0 -> V1 -> L2[_8_, _9_], tr: L7[]
[16:07:43.870165]	Exploring 0: L0[], 1: L0[], Ebi: L2[L0[], L7[]], Eib: L2[L7[], L0[]], Eii: L2[L0[], L7[]], put: L2[V1, V2] -> V0 -> V1 -> L2[V1, _9_], tr: L7[]
[16:07:43.870370]	Exploring 0: L0[], 1: L0[], Ebi: L2[L0[], L7[]], Eib: L2[L7[], L0[]], Eii: L2[L0[], L7[]], put: L2[V1, V2] -> V0 -> V1 -> L2[V1, L0[]], tr: L7[]
[16:07:43.870627]	Exploring 0: L0[], 1: L0[], Ebi: L2[L0[], L7[]], Eib: L2[L7[], L0[]], Eii: L2[L0[], L7[]], put: L2[V1, V2] -> V0 -> V1 -> L2[V1, L7[]], tr: L7[]
[16:07:43.870898]	Exploring 0: L0[], 1: L0[], Ebi: L2[L0[], L7[]], Eib: L2[L7[], L0[]], Eii: L2[L0[], L7[]], put: L2[V1, V2] -> V0 -> V1 -> L2[V1, V0], tr: L7[]
[16:07:43.871168]	Exploring 0: L0[], 1: L0[], Ebi: L2[L0[], L7[]], Eib: L2[L7[], L0[]], Eii: L2[L0[], L7[]], put: L2[V1, V2] -> V0 -> V1 -> L2[V1, V1], tr: L7[]
[16:07:43.871516]	Exploring 0: L0[], 1: L0[], Ebi: L2[L0[], L7[]], Eib: L2[L7[], L0[]], Eii: L2[L0[], L7[]], put: L2[V1, V2] -> V0 -> V1 -> L2[V1, V2], tr: L7[]
[16:07:43.871819]	Exploring 0: L0[], 1: L0[], Ebi: L2[L0[], L7[]], Eib: L2[L7[], L0[]], Eii: L2[L0[], L7[]], put: L2[V2, _7_] -> V0 -> V1 -> L2[_8_, _9_], tr: L7[]
[16:07:43.872070]	Exploring 0: L0[], 1: L0[], Ebi: L2[L0[], L7[]], Eib: L2[L7[], L0[]], Eii: L2[L0[], L7[]], put: L2[V2, V3] -> V0 -> V1 -> L2[_8_, _9_], tr: L7[]
[16:07:43.872250]	Exploring 0: L0[], 1: L0[], Ebi: L2[L0[], L7[]], Eib: L2[L7[], L0[]], Eii: L2[L0[], L7[]], put: L2[V2, V3] -> V0 -> V1 -> L2[L0[], _9_], tr: L7[]
[16:07:43.872414]	Exploring 0: L0[], 1: L0[], Ebi: L2[L0[], L7[]], Eib: L2[L7[], L0[]], Eii: L2[L0[], L7[]], put: L2[V2, V3] -> V0 -> V1 -> L2[L0[], L0[]], tr: L7[]
[16:07:43.872700]	Exploring 0: L0[], 1: L0[], Ebi: L2[L0[], L7[]], Eib: L2[L7[], L0[]], Eii: L2[L0[], L7[]], put: L2[V2, V3] -> V0 -> V1 -> L2[L0[], L7[]], tr: L7[]
[16:07:43.872996]	Exploring 0: L0[], 1: L0[], Ebi: L2[L0[], L7[]], Eib: L2[L7[], L0[]], Eii: L2[L0[], L7[]], put: L2[V2, V3] -> V0 -> V1 -> L2[L0[], V0], tr: L7[]
[16:07:43.873431]	Exploring 0: L0[], 1: L0[], Ebi: L2[L0[], L7[]], Eib: L2[L7[], L0[]], Eii: L2[L0[], L7[]], put: L2[V2, V3] -> V0 -> V1 -> L2[L0[], V1], tr: L7[]
[16:07:43.873875]	Exploring 0: L0[], 1: L0[], Ebi: L2[L0[], L7[]], Eib: L2[L7[], L0[]], Eii: L2[L0[], L7[]], put: L2[V2, V3] -> V0 -> V1 -> L2[L0[], V2], tr: L7[]
[16:07:43.874187]	Exploring 0: L0[], 1: L0[], Ebi: L2[L0[], L7[]], Eib: L2[L7[], L0[]], Eii: L2[L0[], L7[]], put: L2[V2, V3] -> V0 -> V1 -> L2[L0[], V3], tr: L7[]
[16:07:43.874496]	Exploring 0: L0[], 1: L0[], Ebi: L2[L0[], L7[]], Eib: L2[L7[], L0[]], Eii: L2[L0[], L7[]], put: L2[V2, V3] -> V0 -> V1 -> L2[L7[], _9_], tr: L7[]
[16:07:43.874731]	Exploring 0: L0[], 1: L0[], Ebi: L2[L0[], L7[]], Eib: L2[L7[], L0[]], Eii: L2[L0[], L7[]], put: L2[V2, V3] -> V0 -> V1 -> L2[L7[], L0[]], tr: L7[]
[16:07:43.875013]	Exploring 0: L0[], 1: L0[], Ebi: L2[L0[], L7[]], Eib: L2[L7[], L0[]], Eii: L2[L0[], L7[]], put: L2[V2, V3] -> V0 -> V1 -> L2[L7[], L7[]], tr: L7[]
[16:07:43.875278]	Exploring 0: L0[], 1: L0[], Ebi: L2[L0[], L7[]], Eib: L2[L7[], L0[]], Eii: L2[L0[], L7[]], put: L2[V2, V3] -> V0 -> V1 -> L2[L7[], V0], tr: L7[]
[16:07:43.875578]	Exploring 0: L0[], 1: L0[], Ebi: L2[L0[], L7[]], Eib: L2[L7[], L0[]], Eii: L2[L0[], L7[]], put: L2[V2, V3] -> V0 -> V1 -> L2[L7[], V1], tr: L7[]
[16:07:43.875855]	Exploring 0: L0[], 1: L0[], Ebi: L2[L0[], L7[]], Eib: L2[L7[], L0[]], Eii: L2[L0[], L7[]], put: L2[V2, V3] -> V0 -> V1 -> L2[L7[], V2], tr: L7[]
[16:07:43.876130]	Exploring 0: L0[], 1: L0[], Ebi: L2[L0[], L7[]], Eib: L2[L7[], L0[]], Eii: L2[L0[], L7[]], put: L2[V2, V3] -> V0 -> V1 -> L2[L7[], V3], tr: L7[]
[16:07:43.876419]	Exploring 0: L0[], 1: L0[], Ebi: L2[L0[], L7[]], Eib: L2[L7[], L0[]], Eii: L2[L0[], L7[]], put: L2[V2, V3] -> V0 -> V1 -> L2[V0, _9_], tr: L7[]
[16:07:43.876611]	Exploring 0: L0[], 1: L0[], Ebi: L2[L0[], L7[]], Eib: L2[L7[], L0[]], Eii: L2[L0[], L7[]], put: L2[V2, V3] -> V0 -> V1 -> L2[V0, L0[]], tr: L7[]
[16:07:43.876901]	Exploring 0: L0[], 1: L0[], Ebi: L2[L0[], L7[]], Eib: L2[L7[], L0[]], Eii: L2[L0[], L7[]], put: L2[V2, V3] -> V0 -> V1 -> L2[V0, L7[]], tr: L7[]
[16:07:43.877212]	Exploring 0: L0[], 1: L0[], Ebi: L2[L0[], L7[]], Eib: L2[L7[], L0[]], Eii: L2[L0[], L7[]], put: L2[V2, V3] -> V0 -> V1 -> L2[V0, V0], tr: L7[]
[16:07:43.877512]	Exploring 0: L0[], 1: L0[], Ebi: L2[L0[], L7[]], Eib: L2[L7[], L0[]], Eii: L2[L0[], L7[]], put: L2[V2, V3] -> V0 -> V1 -> L2[V0, V1], tr: L7[]
[16:07:43.877816]	Exploring 0: L0[], 1: L0[], Ebi: L2[L0[], L7[]], Eib: L2[L7[], L0[]], Eii: L2[L0[], L7[]], put: L2[V2, V3] -> V0 -> V1 -> L2[V0, V2], tr: L7[]
[16:07:43.878119]	Exploring 0: L0[], 1: L0[], Ebi: L2[L0[], L7[]], Eib: L2[L7[], L0[]], Eii: L2[L0[], L7[]], put: L2[V2, V3] -> V0 -> V1 -> L2[V0, V3], tr: L7[]
[16:07:43.878427]	Exploring 0: L0[], 1: L0[], Ebi: L2[L0[], L7[]], Eib: L2[L7[], L0[]], Eii: L2[L0[], L7[]], put: L2[V2, V3] -> V0 -> V1 -> L2[V1, _9_], tr: L7[]
[16:07:43.878603]	Exploring 0: L0[], 1: L0[], Ebi: L2[L0[], L7[]], Eib: L2[L7[], L0[]], Eii: L2[L0[], L7[]], put: L2[V2, V3] -> V0 -> V1 -> L2[V1, L0[]], tr: L7[]
[16:07:43.878890]	Exploring 0: L0[], 1: L0[], Ebi: L2[L0[], L7[]], Eib: L2[L7[], L0[]], Eii: L2[L0[], L7[]], put: L2[V2, V3] -> V0 -> V1 -> L2[V1, L7[]], tr: L7[]
[16:07:43.879189]	Exploring 0: L0[], 1: L0[], Ebi: L2[L0[], L7[]], Eib: L2[L7[], L0[]], Eii: L2[L0[], L7[]], put: L2[V2, V3] -> V0 -> V1 -> L2[V1, V0], tr: L7[]
[16:07:43.879513]	Exploring 0: L0[], 1: L0[], Ebi: L2[L0[], L7[]], Eib: L2[L7[], L0[]], Eii: L2[L0[], L7[]], put: L2[V2, V3] -> V0 -> V1 -> L2[V1, V1], tr: L7[]
[16:07:43.879830]	Exploring 0: L0[], 1: L0[], Ebi: L2[L0[], L7[]], Eib: L2[L7[], L0[]], Eii: L2[L0[], L7[]], put: L2[V2, V3] -> V0 -> V1 -> L2[V1, V2], tr: L7[]
[16:07:43.880159]	Exploring 0: L0[], 1: L0[], Ebi: L2[L0[], L7[]], Eib: L2[L7[], L0[]], Eii: L2[L0[], L7[]], put: L2[V2, V3] -> V0 -> V1 -> L2[V1, V3], tr: L7[]
[16:07:43.880441]	Exploring 0: L0[], 1: L0[], Ebi: L2[L0[], L7[]], Eib: L2[L7[], L0[]], Eii: L2[L0[], L7[]], put: L2[V2, V3] -> V0 -> V1 -> L2[V2, _9_], tr: L7[]
[16:07:43.880624]	Exploring 0: L0[], 1: L0[], Ebi: L2[L0[], L7[]], Eib: L2[L7[], L0[]], Eii: L2[L0[], L7[]], put: L2[V2, V3] -> V0 -> V1 -> L2[V2, L0[]], tr: L7[]
[16:07:43.880891]	Exploring 0: L0[], 1: L0[], Ebi: L2[L0[], L7[]], Eib: L2[L7[], L0[]], Eii: L2[L0[], L7[]], put: L2[V2, V3] -> V0 -> V1 -> L2[V2, L7[]], tr: L7[]
[16:07:43.881179]	Exploring 0: L0[], 1: L0[], Ebi: L2[L0[], L7[]], Eib: L2[L7[], L0[]], Eii: L2[L0[], L7[]], put: L2[V2, V3] -> V0 -> V1 -> L2[V2, V0], tr: L7[]
[16:07:43.881478]	Exploring 0: L0[], 1: L0[], Ebi: L2[L0[], L7[]], Eib: L2[L7[], L0[]], Eii: L2[L0[], L7[]], put: L2[V2, V3] -> V0 -> V1 -> L2[V2, V1], tr: L7[]
[16:07:43.881760]	Exploring 0: L0[], 1: L0[], Ebi: L2[L0[], L7[]], Eib: L2[L7[], L0[]], Eii: L2[L0[], L7[]], put: L2[V2, V3] -> V0 -> V1 -> L2[V2, V2], tr: L7[]
[16:07:43.882024]	Exploring 0: L0[], 1: L0[], Ebi: L2[L0[], L7[]], Eib: L2[L7[], L0[]], Eii: L2[L0[], L7[]], put: L2[V2, V3] -> V0 -> V1 -> L2[V2, V3], tr: L7[]
[16:07:43.882310]	Exploring 0: L0[], 1: L0[], Ebi: L2[L0[], L7[]], Eib: L2[L7[], L0[]], Eii: L2[L0[], L7[]], put: L2[V2, V3] -> V0 -> V1 -> L2[V3, _9_], tr: L7[]
[16:07:43.882520]	Exploring 0: L0[], 1: L0[], Ebi: L2[L0[], L7[]], Eib: L2[L7[], L0[]], Eii: L2[L0[], L7[]], put: L2[V2, V3] -> V0 -> V1 -> L2[V3, L0[]], tr: L7[]
[16:07:43.882809]	Exploring 0: L0[], 1: L0[], Ebi: L2[L0[], L7[]], Eib: L2[L7[], L0[]], Eii: L2[L0[], L7[]], put: L2[V2, V3] -> V0 -> V1 -> L2[V3, L7[]], tr: L7[]
[16:07:43.883091]	Exploring 0: L0[], 1: L0[], Ebi: L2[L0[], L7[]], Eib: L2[L7[], L0[]], Eii: L2[L0[], L7[]], put: L2[V2, V3] -> V0 -> V1 -> L2[V3, V0], tr: L7[]
[16:07:43.883478]	Exploring 0: L0[], 1: L0[], Ebi: L2[L0[], L7[]], Eib: L2[L7[], L0[]], Eii: L2[L0[], L7[]], put: L2[V2, V3] -> V0 -> V1 -> L2[V3, V1], tr: L7[]
[16:07:43.883764]	Exploring 0: L0[], 1: L0[], Ebi: L2[L0[], L7[]], Eib: L2[L7[], L0[]], Eii: L2[L0[], L7[]], put: L2[V2, V3] -> V0 -> V1 -> L2[V3, V2], tr: L7[]
[16:07:43.884037]	Exploring 0: L0[], 1: L0[], Ebi: L2[L0[], L7[]], Eib: L2[L7[], L0[]], Eii: L2[L0[], L7[]], put: L2[V2, V3] -> V0 -> V1 -> L2[V3, V3], tr: L7[]
[16:07:43.884274]	Exploring 0: L0[], 1: L0[], Ebi: L2[L0[], L7[]], Eib: L2[L7[], L0[]], Eii: L2[L7[], _5_], put: L2[_6_, _7_] -> V0 -> V1 -> L2[_8_, _9_], tr: L7[]
[16:07:43.884376]	Exploring 0: L0[], 1: L0[], Ebi: L2[L0[], L7[]], Eib: L2[L7[], L0[]], Eii: L2[L7[], L0[]], put: L2[_6_, _7_] -> V0 -> V1 -> L2[_8_, _9_], tr: L7[]
[16:07:43.884552]	Exploring 0: L0[], 1: L0[], Ebi: L2[L0[], L7[]], Eib: L2[L7[], L0[]], Eii: L2[L7[], L0[]], put: L2[V2, _7_] -> V0 -> V1 -> L2[_8_, _9_], tr: L7[]
[16:07:43.884686]	Exploring 0: L0[], 1: L0[], Ebi: L2[L0[], L7[]], Eib: L2[L7[], L0[]], Eii: L2[L7[], L0[]], put: L2[V2, V0] -> V0 -> V1 -> L2[_8_, _9_], tr: L7[]
[16:07:43.884824]	Exploring 0: L0[], 1: L0[], Ebi: L2[L0[], L7[]], Eib: L2[L7[], L0[]], Eii: L2[L7[], L0[]], put: L2[V2, V0] -> V0 -> V1 -> L2[L0[], _9_], tr: L7[]
[16:07:43.884976]	Exploring 0: L0[], 1: L0[], Ebi: L2[L0[], L7[]], Eib: L2[L7[], L0[]], Eii: L2[L7[], L0[]], put: L2[V2, V0] -> V0 -> V1 -> L2[L0[], V0], tr: L7[]
[16:07:43.885273]	Exploring 0: L0[], 1: L0[], Ebi: L2[L0[], L7[]], Eib: L2[L7[], L0[]], Eii: L2[L7[], L0[]], put: L2[V2, V0] -> V0 -> V1 -> L2[L7[], _9_], tr: L7[]
[16:07:43.885438]	Exploring 0: L0[], 1: L0[], Ebi: L2[L0[], L7[]], Eib: L2[L7[], L0[]], Eii: L2[L7[], L0[]], put: L2[V2, V0] -> V0 -> V1 -> L2[L7[], V0], tr: L7[]
[16:07:43.885848]	Exploring 0: L0[], 1: L0[], Ebi: L2[L0[], L7[]], Eib: L2[L7[], L0[]], Eii: L2[L7[], L0[]], put: L2[V2, V0] -> V0 -> V1 -> L2[V0, _9_], tr: L7[]
[16:07:43.886042]	Exploring 0: L0[], 1: L0[], Ebi: L2[L0[], L7[]], Eib: L2[L7[], L0[]], Eii: L2[L7[], L0[]], put: L2[V2, V0] -> V0 -> V1 -> L2[V0, V0], tr: L7[]
[16:07:43.886439]	Exploring 0: L0[], 1: L0[], Ebi: L2[L0[], L7[]], Eib: L2[L7[], L0[]], Eii: L2[L7[], L0[]], put: L2[V2, V0] -> V0 -> V1 -> L2[V1, _9_], tr: L7[]
[16:07:43.886601]	Exploring 0: L0[], 1: L0[], Ebi: L2[L0[], L7[]], Eib: L2[L7[], L0[]], Eii: L2[L7[], L0[]], put: L2[V2, V0] -> V0 -> V1 -> L2[V1, V0], tr: L7[]
[16:07:43.886894]	Exploring 0: L0[], 1: L0[], Ebi: L2[L0[], L7[]], Eib: L2[L7[], L0[]], Eii: L2[L7[], L0[]], put: L2[V2, V0] -> V0 -> V1 -> L2[V2, _9_], tr: L7[]
[16:07:43.887045]	Exploring 0: L0[], 1: L0[], Ebi: L2[L0[], L7[]], Eib: L2[L7[], L0[]], Eii: L2[L7[], L0[]], put: L2[V2, V0] -> V0 -> V1 -> L2[V2, V0], tr: L7[]
[16:07:43.887348]	Exploring 0: L0[], 1: L0[], Ebi: L2[L0[], L7[]], Eib: L2[L7[], L0[]], Eii: L2[L7[], L0[]], put: L2[V2, V3] -> V0 -> V1 -> L2[_8_, _9_], tr: L7[]
[16:07:43.887508]	Exploring 0: L0[], 1: L0[], Ebi: L2[L0[], L7[]], Eib: L2[L7[], L0[]], Eii: L2[L7[], L0[]], put: L2[V2, V3] -> V0 -> V1 -> L2[L0[], _9_], tr: L7[]
[16:07:43.887664]	Exploring 0: L0[], 1: L0[], Ebi: L2[L0[], L7[]], Eib: L2[L7[], L0[]], Eii: L2[L7[], L0[]], put: L2[V2, V3] -> V0 -> V1 -> L2[L0[], L0[]], tr: L7[]
[16:07:43.887925]	Exploring 0: L0[], 1: L0[], Ebi: L2[L0[], L7[]], Eib: L2[L7[], L0[]], Eii: L2[L7[], L0[]], put: L2[V2, V3] -> V0 -> V1 -> L2[L0[], L7[]], tr: L7[]
[16:07:43.888199]	Exploring 0: L0[], 1: L0[], Ebi: L2[L0[], L7[]], Eib: L2[L7[], L0[]], Eii: L2[L7[], L0[]], put: L2[V2, V3] -> V0 -> V1 -> L2[L0[], V0], tr: L7[]
[16:07:43.888599]	Exploring 0: L0[], 1: L0[], Ebi: L2[L0[], L7[]], Eib: L2[L7[], L0[]], Eii: L2[L7[], L0[]], put: L2[V2, V3] -> V0 -> V1 -> L2[L0[], V1], tr: L7[]
[16:07:43.888899]	Exploring 0: L0[], 1: L0[], Ebi: L2[L0[], L7[]], Eib: L2[L7[], L0[]], Eii: L2[L7[], L0[]], put: L2[V2, V3] -> V0 -> V1 -> L2[L0[], V2], tr: L7[]
[16:07:43.889171]	Exploring 0: L0[], 1: L0[], Ebi: L2[L0[], L7[]], Eib: L2[L7[], L0[]], Eii: L2[L7[], L0[]], put: L2[V2, V3] -> V0 -> V1 -> L2[L0[], V3], tr: L7[]
[16:07:43.889471]	Exploring 0: L0[], 1: L0[], Ebi: L2[L0[], L7[]], Eib: L2[L7[], L0[]], Eii: L2[L7[], L0[]], put: L2[V2, V3] -> V0 -> V1 -> L2[L7[], _9_], tr: L7[]
[16:07:43.889624]	Exploring 0: L0[], 1: L0[], Ebi: L2[L0[], L7[]], Eib: L2[L7[], L0[]], Eii: L2[L7[], L0[]], put: L2[V2, V3] -> V0 -> V1 -> L2[L7[], L0[]], tr: L7[]
[16:07:43.889878]	Exploring 0: L0[], 1: L0[], Ebi: L2[L0[], L7[]], Eib: L2[L7[], L0[]], Eii: L2[L7[], L0[]], put: L2[V2, V3] -> V0 -> V1 -> L2[L7[], L7[]], tr: L7[]
[16:07:43.890142]	Exploring 0: L0[], 1: L0[], Ebi: L2[L0[], L7[]], Eib: L2[L7[], L0[]], Eii: L2[L7[], L0[]], put: L2[V2, V3] -> V0 -> V1 -> L2[L7[], V0], tr: L7[]
[16:07:43.890429]	Exploring 0: L0[], 1: L0[], Ebi: L2[L0[], L7[]], Eib: L2[L7[], L0[]], Eii: L2[L7[], L0[]], put: L2[V2, V3] -> V0 -> V1 -> L2[L7[], V1], tr: L7[]
[16:07:43.890711]	Exploring 0: L0[], 1: L0[], Ebi: L2[L0[], L7[]], Eib: L2[L7[], L0[]], Eii: L2[L7[], L0[]], put: L2[V2, V3] -> V0 -> V1 -> L2[L7[], V2], tr: L7[]
[16:07:43.890973]	Exploring 0: L0[], 1: L0[], Ebi: L2[L0[], L7[]], Eib: L2[L7[], L0[]], Eii: L2[L7[], L0[]], put: L2[V2, V3] -> V0 -> V1 -> L2[L7[], V3], tr: L7[]
[16:07:43.891252]	Exploring 0: L0[], 1: L0[], Ebi: L2[L0[], L7[]], Eib: L2[L7[], L0[]], Eii: L2[L7[], L0[]], put: L2[V2, V3] -> V0 -> V1 -> L2[V0, _9_], tr: L7[]
[16:07:43.891455]	Exploring 0: L0[], 1: L0[], Ebi: L2[L0[], L7[]], Eib: L2[L7[], L0[]], Eii: L2[L7[], L0[]], put: L2[V2, V3] -> V0 -> V1 -> L2[V0, L0[]], tr: L7[]
[16:07:43.891744]	Exploring 0: L0[], 1: L0[], Ebi: L2[L0[], L7[]], Eib: L2[L7[], L0[]], Eii: L2[L7[], L0[]], put: L2[V2, V3] -> V0 -> V1 -> L2[V0, L7[]], tr: L7[]
[16:07:43.892029]	Exploring 0: L0[], 1: L0[], Ebi: L2[L0[], L7[]], Eib: L2[L7[], L0[]], Eii: L2[L7[], L0[]], put: L2[V2, V3] -> V0 -> V1 -> L2[V0, V0], tr: L7[]
[16:07:43.892366]	Exploring 0: L0[], 1: L0[], Ebi: L2[L0[], L7[]], Eib: L2[L7[], L0[]], Eii: L2[L7[], L0[]], put: L2[V2, V3] -> V0 -> V1 -> L2[V0, V1], tr: L7[]
[16:07:43.892647]	Exploring 0: L0[], 1: L0[], Ebi: L2[L0[], L7[]], Eib: L2[L7[], L0[]], Eii: L2[L7[], L0[]], put: L2[V2, V3] -> V0 -> V1 -> L2[V0, V2], tr: L7[]
[16:07:43.892929]	Exploring 0: L0[], 1: L0[], Ebi: L2[L0[], L7[]], Eib: L2[L7[], L0[]], Eii: L2[L7[], L0[]], put: L2[V2, V3] -> V0 -> V1 -> L2[V0, V3], tr: L7[]
[16:07:43.893210]	Exploring 0: L0[], 1: L0[], Ebi: L2[L0[], L7[]], Eib: L2[L7[], L0[]], Eii: L2[L7[], L0[]], put: L2[V2, V3] -> V0 -> V1 -> L2[V1, _9_], tr: L7[]
[16:07:43.893380]	Exploring 0: L0[], 1: L0[], Ebi: L2[L0[], L7[]], Eib: L2[L7[], L0[]], Eii: L2[L7[], L0[]], put: L2[V2, V3] -> V0 -> V1 -> L2[V1, L0[]], tr: L7[]
[16:07:43.893670]	Exploring 0: L0[], 1: L0[], Ebi: L2[L0[], L7[]], Eib: L2[L7[], L0[]], Eii: L2[L7[], L0[]], put: L2[V2, V3] -> V0 -> V1 -> L2[V1, L7[]], tr: L7[]
[16:07:43.893961]	Exploring 0: L0[], 1: L0[], Ebi: L2[L0[], L7[]], Eib: L2[L7[], L0[]], Eii: L2[L7[], L0[]], put: L2[V2, V3] -> V0 -> V1 -> L2[V1, V0], tr: L7[]
[16:07:43.894231]	Exploring 0: L0[], 1: L0[], Ebi: L2[L0[], L7[]], Eib: L2[L7[], L0[]], Eii: L2[L7[], L0[]], put: L2[V2, V3] -> V0 -> V1 -> L2[V1, V1], tr: L7[]
[16:07:43.894495]	Exploring 0: L0[], 1: L0[], Ebi: L2[L0[], L7[]], Eib: L2[L7[], L0[]], Eii: L2[L7[], L0[]], put: L2[V2, V3] -> V0 -> V1 -> L2[V1, V2], tr: L7[]
[16:07:43.894761]	Exploring 0: L0[], 1: L0[], Ebi: L2[L0[], L7[]], Eib: L2[L7[], L0[]], Eii: L2[L7[], L0[]], put: L2[V2, V3] -> V0 -> V1 -> L2[V1, V3], tr: L7[]
[16:07:43.895010]	Exploring 0: L0[], 1: L0[], Ebi: L2[L0[], L7[]], Eib: L2[L7[], L0[]], Eii: L2[L7[], L0[]], put: L2[V2, V3] -> V0 -> V1 -> L2[V2, _9_], tr: L7[]
[16:07:43.895154]	Exploring 0: L0[], 1: L0[], Ebi: L2[L0[], L7[]], Eib: L2[L7[], L0[]], Eii: L2[L7[], L0[]], put: L2[V2, V3] -> V0 -> V1 -> L2[V2, L0[]], tr: L7[]
[16:07:43.895392]	Exploring 0: L0[], 1: L0[], Ebi: L2[L0[], L7[]], Eib: L2[L7[], L0[]], Eii: L2[L7[], L0[]], put: L2[V2, V3] -> V0 -> V1 -> L2[V2, L7[]], tr: L7[]
[16:07:43.895664]	Exploring 0: L0[], 1: L0[], Ebi: L2[L0[], L7[]], Eib: L2[L7[], L0[]], Eii: L2[L7[], L0[]], put: L2[V2, V3] -> V0 -> V1 -> L2[V2, V0], tr: L7[]
[16:07:43.895929]	Exploring 0: L0[], 1: L0[], Ebi: L2[L0[], L7[]], Eib: L2[L7[], L0[]], Eii: L2[L7[], L0[]], put: L2[V2, V3] -> V0 -> V1 -> L2[V2, V1], tr: L7[]
[16:07:43.896177]	Exploring 0: L0[], 1: L0[], Ebi: L2[L0[], L7[]], Eib: L2[L7[], L0[]], Eii: L2[L7[], L0[]], put: L2[V2, V3] -> V0 -> V1 -> L2[V2, V2], tr: L7[]
[16:07:43.896416]	Exploring 0: L0[], 1: L0[], Ebi: L2[L0[], L7[]], Eib: L2[L7[], L0[]], Eii: L2[L7[], L0[]], put: L2[V2, V3] -> V0 -> V1 -> L2[V2, V3], tr: L7[]
[16:07:43.896663]	Exploring 0: L0[], 1: L0[], Ebi: L2[L0[], L7[]], Eib: L2[L7[], L0[]], Eii: L2[L7[], L0[]], put: L2[V2, V3] -> V0 -> V1 -> L2[V3, _9_], tr: L7[]
[16:07:43.896850]	Exploring 0: L0[], 1: L0[], Ebi: L2[L0[], L7[]], Eib: L2[L7[], L0[]], Eii: L2[L7[], L0[]], put: L2[V2, V3] -> V0 -> V1 -> L2[V3, L0[]], tr: L7[]
[16:07:43.897110]	Exploring 0: L0[], 1: L0[], Ebi: L2[L0[], L7[]], Eib: L2[L7[], L0[]], Eii: L2[L7[], L0[]], put: L2[V2, V3] -> V0 -> V1 -> L2[V3, L7[]], tr: L7[]
[16:07:43.897376]	Exploring 0: L0[], 1: L0[], Ebi: L2[L0[], L7[]], Eib: L2[L7[], L0[]], Eii: L2[L7[], L0[]], put: L2[V2, V3] -> V0 -> V1 -> L2[V3, V0], tr: L7[]
[16:07:43.897646]	Exploring 0: L0[], 1: L0[], Ebi: L2[L0[], L7[]], Eib: L2[L7[], L0[]], Eii: L2[L7[], L0[]], put: L2[V2, V3] -> V0 -> V1 -> L2[V3, V1], tr: L7[]
[16:07:43.897908]	Exploring 0: L0[], 1: L0[], Ebi: L2[L0[], L7[]], Eib: L2[L7[], L0[]], Eii: L2[L7[], L0[]], put: L2[V2, V3] -> V0 -> V1 -> L2[V3, V2], tr: L7[]
[16:07:43.898159]	Exploring 0: L0[], 1: L0[], Ebi: L2[L0[], L7[]], Eib: L2[L7[], L0[]], Eii: L2[L7[], L0[]], put: L2[V2, V3] -> V0 -> V1 -> L2[V3, V3], tr: L7[]
[16:07:43.898369]	Exploring 0: L0[], 1: L0[], Ebi: L2[L0[], L7[]], Eib: L2[L7[], L0[]], Eii: L2[L7[], L7[]], put: L2[_6_, _7_] -> V0 -> V1 -> L2[_8_, _9_], tr: L7[]
[16:07:43.898526]	Exploring 0: L0[], 1: L0[], Ebi: L2[L0[], L7[]], Eib: L2[L7[], L0[]], Eii: L2[L7[], L7[]], put: L2[V2, _7_] -> V0 -> V1 -> L2[_8_, _9_], tr: L7[]
[16:07:43.898738]	Exploring 0: L0[], 1: L0[], Ebi: L2[L0[], L7[]], Eib: L2[L7[], L0[]], Eii: L2[L7[], L7[]], put: L2[V2, V3] -> V0 -> V1 -> L2[_8_, _9_], tr: L7[]
[16:07:43.898868]	Exploring 0: L0[], 1: L0[], Ebi: L2[L0[], L7[]], Eib: L2[L7[], L0[]], Eii: L2[L7[], L7[]], put: L2[V2, V3] -> V0 -> V1 -> L2[L0[], _9_], tr: L7[]
[16:07:43.899]	Exploring 0: L0[], 1: L0[], Ebi: L2[L0[], L7[]], Eib: L2[L7[], L0[]], Eii: L2[L7[], L7[]], put: L2[V2, V3] -> V0 -> V1 -> L2[L0[], L0[]], tr: L7[]
[16:07:43.899270]	Exploring 0: L0[], 1: L0[], Ebi: L2[L0[], L7[]], Eib: L2[L7[], L0[]], Eii: L2[L7[], L7[]], put: L2[V2, V3] -> V0 -> V1 -> L2[L0[], L7[]], tr: L7[]
[16:07:43.899550]	Exploring 0: L0[], 1: L0[], Ebi: L2[L0[], L7[]], Eib: L2[L7[], L0[]], Eii: L2[L7[], L7[]], put: L2[V2, V3] -> V0 -> V1 -> L2[L0[], V0], tr: L7[]
[16:07:43.899839]	Exploring 0: L0[], 1: L0[], Ebi: L2[L0[], L7[]], Eib: L2[L7[], L0[]], Eii: L2[L7[], L7[]], put: L2[V2, V3] -> V0 -> V1 -> L2[L0[], V1], tr: L7[]
[16:07:43.900109]	Exploring 0: L0[], 1: L0[], Ebi: L2[L0[], L7[]], Eib: L2[L7[], L0[]], Eii: L2[L7[], L7[]], put: L2[V2, V3] -> V0 -> V1 -> L2[L0[], V2], tr: L7[]
[16:07:43.900373]	Exploring 0: L0[], 1: L0[], Ebi: L2[L0[], L7[]], Eib: L2[L7[], L0[]], Eii: L2[L7[], L7[]], put: L2[V2, V3] -> V0 -> V1 -> L2[L0[], V3], tr: L7[]
[16:07:43.900627]	Exploring 0: L0[], 1: L0[], Ebi: L2[L0[], L7[]], Eib: L2[L7[], L0[]], Eii: L2[L7[], L7[]], put: L2[V2, V3] -> V0 -> V1 -> L2[L7[], _9_], tr: L7[]
[16:07:43.900777]	Exploring 0: L0[], 1: L0[], Ebi: L2[L0[], L7[]], Eib: L2[L7[], L0[]], Eii: L2[L7[], L7[]], put: L2[V2, V3] -> V0 -> V1 -> L2[L7[], L0[]], tr: L7[]
[16:07:43.901010]	Exploring 0: L0[], 1: L0[], Ebi: L2[L0[], L7[]], Eib: L2[L7[], L0[]], Eii: L2[L7[], L7[]], put: L2[V2, V3] -> V0 -> V1 -> L2[L7[], L7[]], tr: L7[]
[16:07:43.901266]	Exploring 0: L0[], 1: L0[], Ebi: L2[L0[], L7[]], Eib: L2[L7[], L0[]], Eii: L2[L7[], L7[]], put: L2[V2, V3] -> V0 -> V1 -> L2[L7[], V0], tr: L7[]
[16:07:43.901546]	Exploring 0: L0[], 1: L0[], Ebi: L2[L0[], L7[]], Eib: L2[L7[], L0[]], Eii: L2[L7[], L7[]], put: L2[V2, V3] -> V0 -> V1 -> L2[L7[], V1], tr: L7[]
[16:07:43.901836]	Exploring 0: L0[], 1: L0[], Ebi: L2[L0[], L7[]], Eib: L2[L7[], L0[]], Eii: L2[L7[], L7[]], put: L2[V2, V3] -> V0 -> V1 -> L2[L7[], V2], tr: L7[]
[16:07:43.902093]	Exploring 0: L0[], 1: L0[], Ebi: L2[L0[], L7[]], Eib: L2[L7[], L0[]], Eii: L2[L7[], L7[]], put: L2[V2, V3] -> V0 -> V1 -> L2[L7[], V3], tr: L7[]
[16:07:43.902367]	Exploring 0: L0[], 1: L0[], Ebi: L2[L0[], L7[]], Eib: L2[L7[], L0[]], Eii: L2[L7[], L7[]], put: L2[V2, V3] -> V0 -> V1 -> L2[V0, _9_], tr: L7[]
[16:07:43.902536]	Exploring 0: L0[], 1: L0[], Ebi: L2[L0[], L7[]], Eib: L2[L7[], L0[]], Eii: L2[L7[], L7[]], put: L2[V2, V3] -> V0 -> V1 -> L2[V0, L0[]], tr: L7[]
[16:07:43.902806]	Exploring 0: L0[], 1: L0[], Ebi: L2[L0[], L7[]], Eib: L2[L7[], L0[]], Eii: L2[L7[], L7[]], put: L2[V2, V3] -> V0 -> V1 -> L2[V0, L7[]], tr: L7[]
[16:07:43.903090]	Exploring 0: L0[], 1: L0[], Ebi: L2[L0[], L7[]], Eib: L2[L7[], L0[]], Eii: L2[L7[], L7[]], put: L2[V2, V3] -> V0 -> V1 -> L2[V0, V0], tr: L7[]
[16:07:43.903353]	Exploring 0: L0[], 1: L0[], Ebi: L2[L0[], L7[]], Eib: L2[L7[], L0[]], Eii: L2[L7[], L7[]], put: L2[V2, V3] -> V0 -> V1 -> L2[V0, V1], tr: L7[]
[16:07:43.903637]	Exploring 0: L0[], 1: L0[], Ebi: L2[L0[], L7[]], Eib: L2[L7[], L0[]], Eii: L2[L7[], L7[]], put: L2[V2, V3] -> V0 -> V1 -> L2[V0, V2], tr: L7[]
[16:07:43.903899]	Exploring 0: L0[], 1: L0[], Ebi: L2[L0[], L7[]], Eib: L2[L7[], L0[]], Eii: L2[L7[], L7[]], put: L2[V2, V3] -> V0 -> V1 -> L2[V0, V3], tr: L7[]
[16:07:43.904154]	Exploring 0: L0[], 1: L0[], Ebi: L2[L0[], L7[]], Eib: L2[L7[], L0[]], Eii: L2[L7[], L7[]], put: L2[V2, V3] -> V0 -> V1 -> L2[V1, _9_], tr: L7[]
[16:07:43.904309]	Exploring 0: L0[], 1: L0[], Ebi: L2[L0[], L7[]], Eib: L2[L7[], L0[]], Eii: L2[L7[], L7[]], put: L2[V2, V3] -> V0 -> V1 -> L2[V1, L0[]], tr: L7[]
[16:07:43.904574]	Exploring 0: L0[], 1: L0[], Ebi: L2[L0[], L7[]], Eib: L2[L7[], L0[]], Eii: L2[L7[], L7[]], put: L2[V2, V3] -> V0 -> V1 -> L2[V1, L7[]], tr: L7[]
[16:07:43.907905]	Exploring 0: L0[], 1: L0[], Ebi: L2[L0[], L7[]], Eib: L2[L7[], L0[]], Eii: L2[L7[], L7[]], put: L2[V2, V3] -> V0 -> V1 -> L2[V1, V0], tr: L7[]
[16:07:43.908213]	Exploring 0: L0[], 1: L0[], Ebi: L2[L0[], L7[]], Eib: L2[L7[], L0[]], Eii: L2[L7[], L7[]], put: L2[V2, V3] -> V0 -> V1 -> L2[V1, V1], tr: L7[]
[16:07:43.908471]	Exploring 0: L0[], 1: L0[], Ebi: L2[L0[], L7[]], Eib: L2[L7[], L0[]], Eii: L2[L7[], L7[]], put: L2[V2, V3] -> V0 -> V1 -> L2[V1, V2], tr: L7[]
[16:07:43.908730]	Exploring 0: L0[], 1: L0[], Ebi: L2[L0[], L7[]], Eib: L2[L7[], L0[]], Eii: L2[L7[], L7[]], put: L2[V2, V3] -> V0 -> V1 -> L2[V1, V3], tr: L7[]
[16:07:43.908971]	Exploring 0: L0[], 1: L0[], Ebi: L2[L0[], L7[]], Eib: L2[L7[], L0[]], Eii: L2[L7[], L7[]], put: L2[V2, V3] -> V0 -> V1 -> L2[V2, _9_], tr: L7[]
[16:07:43.909119]	Exploring 0: L0[], 1: L0[], Ebi: L2[L0[], L7[]], Eib: L2[L7[], L0[]], Eii: L2[L7[], L7[]], put: L2[V2, V3] -> V0 -> V1 -> L2[V2, L0[]], tr: L7[]
[16:07:43.909350]	Exploring 0: L0[], 1: L0[], Ebi: L2[L0[], L7[]], Eib: L2[L7[], L0[]], Eii: L2[L7[], L7[]], put: L2[V2, V3] -> V0 -> V1 -> L2[V2, L7[]], tr: L7[]
[16:07:43.909593]	Exploring 0: L0[], 1: L0[], Ebi: L2[L0[], L7[]], Eib: L2[L7[], L0[]], Eii: L2[L7[], L7[]], put: L2[V2, V3] -> V0 -> V1 -> L2[V2, V0], tr: L7[]
[16:07:43.909847]	Exploring 0: L0[], 1: L0[], Ebi: L2[L0[], L7[]], Eib: L2[L7[], L0[]], Eii: L2[L7[], L7[]], put: L2[V2, V3] -> V0 -> V1 -> L2[V2, V1], tr: L7[]
[16:07:43.910099]	Exploring 0: L0[], 1: L0[], Ebi: L2[L0[], L7[]], Eib: L2[L7[], L0[]], Eii: L2[L7[], L7[]], put: L2[V2, V3] -> V0 -> V1 -> L2[V2, V2], tr: L7[]
[16:07:43.910337]	Exploring 0: L0[], 1: L0[], Ebi: L2[L0[], L7[]], Eib: L2[L7[], L0[]], Eii: L2[L7[], L7[]], put: L2[V2, V3] -> V0 -> V1 -> L2[V2, V3], tr: L7[]
[16:07:43.910596]	Exploring 0: L0[], 1: L0[], Ebi: L2[L0[], L7[]], Eib: L2[L7[], L0[]], Eii: L2[L7[], L7[]], put: L2[V2, V3] -> V0 -> V1 -> L2[V3, _9_], tr: L7[]
[16:07:43.910744]	Exploring 0: L0[], 1: L0[], Ebi: L2[L0[], L7[]], Eib: L2[L7[], L0[]], Eii: L2[L7[], L7[]], put: L2[V2, V3] -> V0 -> V1 -> L2[V3, L0[]], tr: L7[]
[16:07:43.911053]	Exploring 0: L0[], 1: L0[], Ebi: L2[L0[], L7[]], Eib: L2[L7[], L0[]], Eii: L2[L7[], L7[]], put: L2[V2, V3] -> V0 -> V1 -> L2[V3, L7[]], tr: L7[]
[16:07:43.911410]	Exploring 0: L0[], 1: L0[], Ebi: L2[L0[], L7[]], Eib: L2[L7[], L0[]], Eii: L2[L7[], L7[]], put: L2[V2, V3] -> V0 -> V1 -> L2[V3, V0], tr: L7[]
[16:07:43.911682]	Exploring 0: L0[], 1: L0[], Ebi: L2[L0[], L7[]], Eib: L2[L7[], L0[]], Eii: L2[L7[], L7[]], put: L2[V2, V3] -> V0 -> V1 -> L2[V3, V1], tr: L7[]
[16:07:43.911985]	Exploring 0: L0[], 1: L0[], Ebi: L2[L0[], L7[]], Eib: L2[L7[], L0[]], Eii: L2[L7[], L7[]], put: L2[V2, V3] -> V0 -> V1 -> L2[V3, V2], tr: L7[]
[16:07:43.912229]	Exploring 0: L0[], 1: L0[], Ebi: L2[L0[], L7[]], Eib: L2[L7[], L0[]], Eii: L2[L7[], L7[]], put: L2[V2, V3] -> V0 -> V1 -> L2[V3, V3], tr: L7[]
[16:07:43.912423]	Exploring 0: L0[], 1: L0[], Ebi: L2[L0[], L7[]], Eib: L2[L7[], L7[]], Eii: L2[_4_, _5_], put: L2[_6_, _7_] -> V0 -> V1 -> L2[_8_, _9_], tr: L7[]
[16:07:43.912517]	Exploring 0: L0[], 1: L0[], Ebi: L2[L0[], L7[]], Eib: L2[L7[], L7[]], Eii: L2[L0[], _5_], put: L2[_6_, _7_] -> V0 -> V1 -> L2[_8_, _9_], tr: L7[]
[16:07:43.912609]	Exploring 0: L0[], 1: L0[], Ebi: L2[L0[], L7[]], Eib: L2[L7[], L7[]], Eii: L2[L0[], L0[]], put: L2[_6_, _7_] -> V0 -> V1 -> L2[_8_, _9_], tr: L7[]
[16:07:43.912752]	Exploring 0: L0[], 1: L0[], Ebi: L2[L0[], L7[]], Eib: L2[L7[], L7[]], Eii: L2[L0[], L0[]], put: L2[V1, _7_] -> V0 -> V1 -> L2[_8_, _9_], tr: L7[]
[16:07:43.912895]	Exploring 0: L0[], 1: L0[], Ebi: L2[L0[], L7[]], Eib: L2[L7[], L7[]], Eii: L2[L0[], L0[]], put: L2[V1, V2] -> V0 -> V1 -> L2[_8_, _9_], tr: L7[]
[16:07:43.913035]	Exploring 0: L0[], 1: L0[], Ebi: L2[L0[], L7[]], Eib: L2[L7[], L7[]], Eii: L2[L0[], L0[]], put: L2[V1, V2] -> V0 -> V1 -> L2[V1, _9_], tr: L7[]
[16:07:43.913172]	Exploring 0: L0[], 1: L0[], Ebi: L2[L0[], L7[]], Eib: L2[L7[], L7[]], Eii: L2[L0[], L0[]], put: L2[V1, V2] -> V0 -> V1 -> L2[V1, L0[]], tr: L7[]
[16:07:43.913391]	Exploring 0: L0[], 1: L0[], Ebi: L2[L0[], L7[]], Eib: L2[L7[], L7[]], Eii: L2[L0[], L0[]], put: L2[V1, V2] -> V0 -> V1 -> L2[V1, L7[]], tr: L7[]
[16:07:43.913623]	Exploring 0: L0[], 1: L0[], Ebi: L2[L0[], L7[]], Eib: L2[L7[], L7[]], Eii: L2[L0[], L0[]], put: L2[V1, V2] -> V0 -> V1 -> L2[V1, V0], tr: L7[]
[16:07:43.913844]	Exploring 0: L0[], 1: L0[], Ebi: L2[L0[], L7[]], Eib: L2[L7[], L7[]], Eii: L2[L0[], L0[]], put: L2[V1, V2] -> V0 -> V1 -> L2[V1, V1], tr: L7[]
[16:07:43.914052]	Exploring 0: L0[], 1: L0[], Ebi: L2[L0[], L7[]], Eib: L2[L7[], L7[]], Eii: L2[L0[], L0[]], put: L2[V1, V2] -> V0 -> V1 -> L2[V1, V2], tr: L7[]
[16:07:43.914291]	Exploring 0: L0[], 1: L0[], Ebi: L2[L0[], L7[]], Eib: L2[L7[], L7[]], Eii: L2[L0[], L0[]], put: L2[V2, _7_] -> V0 -> V1 -> L2[_8_, _9_], tr: L7[]
[16:07:43.914474]	Exploring 0: L0[], 1: L0[], Ebi: L2[L0[], L7[]], Eib: L2[L7[], L7[]], Eii: L2[L0[], L0[]], put: L2[V2, V3] -> V0 -> V1 -> L2[_8_, _9_], tr: L7[]
[16:07:43.914629]	Exploring 0: L0[], 1: L0[], Ebi: L2[L0[], L7[]], Eib: L2[L7[], L7[]], Eii: L2[L0[], L0[]], put: L2[V2, V3] -> V0 -> V1 -> L2[L0[], _9_], tr: L7[]
[16:07:43.914773]	Exploring 0: L0[], 1: L0[], Ebi: L2[L0[], L7[]], Eib: L2[L7[], L7[]], Eii: L2[L0[], L0[]], put: L2[V2, V3] -> V0 -> V1 -> L2[L0[], L0[]], tr: L7[]
[16:07:43.915012]	Exploring 0: L0[], 1: L0[], Ebi: L2[L0[], L7[]], Eib: L2[L7[], L7[]], Eii: L2[L0[], L0[]], put: L2[V2, V3] -> V0 -> V1 -> L2[L0[], L7[]], tr: L7[]
[16:07:43.915275]	Exploring 0: L0[], 1: L0[], Ebi: L2[L0[], L7[]], Eib: L2[L7[], L7[]], Eii: L2[L0[], L0[]], put: L2[V2, V3] -> V0 -> V1 -> L2[L0[], V0], tr: L7[]
[16:07:43.915594]	Exploring 0: L0[], 1: L0[], Ebi: L2[L0[], L7[]], Eib: L2[L7[], L7[]], Eii: L2[L0[], L0[]], put: L2[V2, V3] -> V0 -> V1 -> L2[L0[], V1], tr: L7[]
[16:07:43.915866]	Exploring 0: L0[], 1: L0[], Ebi: L2[L0[], L7[]], Eib: L2[L7[], L7[]], Eii: L2[L0[], L0[]], put: L2[V2, V3] -> V0 -> V1 -> L2[L0[], V2], tr: L7[]
[16:07:43.916118]	Exploring 0: L0[], 1: L0[], Ebi: L2[L0[], L7[]], Eib: L2[L7[], L7[]], Eii: L2[L0[], L0[]], put: L2[V2, V3] -> V0 -> V1 -> L2[L0[], V3], tr: L7[]
[16:07:43.916370]	Exploring 0: L0[], 1: L0[], Ebi: L2[L0[], L7[]], Eib: L2[L7[], L7[]], Eii: L2[L0[], L0[]], put: L2[V2, V3] -> V0 -> V1 -> L2[L7[], _9_], tr: L7[]
[16:07:43.916512]	Exploring 0: L0[], 1: L0[], Ebi: L2[L0[], L7[]], Eib: L2[L7[], L7[]], Eii: L2[L0[], L0[]], put: L2[V2, V3] -> V0 -> V1 -> L2[L7[], L0[]], tr: L7[]
[16:07:43.916749]	Exploring 0: L0[], 1: L0[], Ebi: L2[L0[], L7[]], Eib: L2[L7[], L7[]], Eii: L2[L0[], L0[]], put: L2[V2, V3] -> V0 -> V1 -> L2[L7[], L7[]], tr: L7[]
[16:07:43.917007]	Exploring 0: L0[], 1: L0[], Ebi: L2[L0[], L7[]], Eib: L2[L7[], L7[]], Eii: L2[L0[], L0[]], put: L2[V2, V3] -> V0 -> V1 -> L2[L7[], V0], tr: L7[]
[16:07:43.917290]	Exploring 0: L0[], 1: L0[], Ebi: L2[L0[], L7[]], Eib: L2[L7[], L7[]], Eii: L2[L0[], L0[]], put: L2[V2, V3] -> V0 -> V1 -> L2[L7[], V1], tr: L7[]
[16:07:43.917551]	Exploring 0: L0[], 1: L0[], Ebi: L2[L0[], L7[]], Eib: L2[L7[], L7[]], Eii: L2[L0[], L0[]], put: L2[V2, V3] -> V0 -> V1 -> L2[L7[], V2], tr: L7[]
[16:07:43.917808]	Exploring 0: L0[], 1: L0[], Ebi: L2[L0[], L7[]], Eib: L2[L7[], L7[]], Eii: L2[L0[], L0[]], put: L2[V2, V3] -> V0 -> V1 -> L2[L7[], V3], tr: L7[]
[16:07:43.918089]	Exploring 0: L0[], 1: L0[], Ebi: L2[L0[], L7[]], Eib: L2[L7[], L7[]], Eii: L2[L0[], L0[]], put: L2[V2, V3] -> V0 -> V1 -> L2[V0, _9_], tr: L7[]
[16:07:43.918294]	Exploring 0: L0[], 1: L0[], Ebi: L2[L0[], L7[]], Eib: L2[L7[], L7[]], Eii: L2[L0[], L0[]], put: L2[V2, V3] -> V0 -> V1 -> L2[V0, L0[]], tr: L7[]
[16:07:43.918714]	Exploring 0: L0[], 1: L0[], Ebi: L2[L0[], L7[]], Eib: L2[L7[], L7[]], Eii: L2[L0[], L0[]], put: L2[V2, V3] -> V0 -> V1 -> L2[V0, L7[]], tr: L7[]
[16:07:43.918994]	Exploring 0: L0[], 1: L0[], Ebi: L2[L0[], L7[]], Eib: L2[L7[], L7[]], Eii: L2[L0[], L0[]], put: L2[V2, V3] -> V0 -> V1 -> L2[V0, V0], tr: L7[]
[16:07:43.919260]	Exploring 0: L0[], 1: L0[], Ebi: L2[L0[], L7[]], Eib: L2[L7[], L7[]], Eii: L2[L0[], L0[]], put: L2[V2, V3] -> V0 -> V1 -> L2[V0, V1], tr: L7[]
[16:07:43.919572]	Exploring 0: L0[], 1: L0[], Ebi: L2[L0[], L7[]], Eib: L2[L7[], L7[]], Eii: L2[L0[], L0[]], put: L2[V2, V3] -> V0 -> V1 -> L2[V0, V2], tr: L7[]
[16:07:43.919837]	Exploring 0: L0[], 1: L0[], Ebi: L2[L0[], L7[]], Eib: L2[L7[], L7[]], Eii: L2[L0[], L0[]], put: L2[V2, V3] -> V0 -> V1 -> L2[V0, V3], tr: L7[]
[16:07:43.920100]	Exploring 0: L0[], 1: L0[], Ebi: L2[L0[], L7[]], Eib: L2[L7[], L7[]], Eii: L2[L0[], L0[]], put: L2[V2, V3] -> V0 -> V1 -> L2[V1, _9_], tr: L7[]
[16:07:43.920276]	Exploring 0: L0[], 1: L0[], Ebi: L2[L0[], L7[]], Eib: L2[L7[], L7[]], Eii: L2[L0[], L0[]], put: L2[V2, V3] -> V0 -> V1 -> L2[V1, L0[]], tr: L7[]
[16:07:43.920550]	Exploring 0: L0[], 1: L0[], Ebi: L2[L0[], L7[]], Eib: L2[L7[], L7[]], Eii: L2[L0[], L0[]], put: L2[V2, V3] -> V0 -> V1 -> L2[V1, L7[]], tr: L7[]
[16:07:43.920818]	Exploring 0: L0[], 1: L0[], Ebi: L2[L0[], L7[]], Eib: L2[L7[], L7[]], Eii: L2[L0[], L0[]], put: L2[V2, V3] -> V0 -> V1 -> L2[V1, V0], tr: L7[]
[16:07:43.921085]	Exploring 0: L0[], 1: L0[], Ebi: L2[L0[], L7[]], Eib: L2[L7[], L7[]], Eii: L2[L0[], L0[]], put: L2[V2, V3] -> V0 -> V1 -> L2[V1, V1], tr: L7[]
[16:07:43.921367]	Exploring 0: L0[], 1: L0[], Ebi: L2[L0[], L7[]], Eib: L2[L7[], L7[]], Eii: L2[L0[], L0[]], put: L2[V2, V3] -> V0 -> V1 -> L2[V1, V2], tr: L7[]
[16:07:43.921608]	Exploring 0: L0[], 1: L0[], Ebi: L2[L0[], L7[]], Eib: L2[L7[], L7[]], Eii: L2[L0[], L0[]], put: L2[V2, V3] -> V0 -> V1 -> L2[V1, V3], tr: L7[]
[16:07:43.921837]	Exploring 0: L0[], 1: L0[], Ebi: L2[L0[], L7[]], Eib: L2[L7[], L7[]], Eii: L2[L0[], L0[]], put: L2[V2, V3] -> V0 -> V1 -> L2[V2, _9_], tr: L7[]
[16:07:43.921972]	Exploring 0: L0[], 1: L0[], Ebi: L2[L0[], L7[]], Eib: L2[L7[], L7[]], Eii: L2[L0[], L0[]], put: L2[V2, V3] -> V0 -> V1 -> L2[V2, L0[]], tr: L7[]
[16:07:43.922186]	Exploring 0: L0[], 1: L0[], Ebi: L2[L0[], L7[]], Eib: L2[L7[], L7[]], Eii: L2[L0[], L0[]], put: L2[V2, V3] -> V0 -> V1 -> L2[V2, L7[]], tr: L7[]
[16:07:43.922410]	Exploring 0: L0[], 1: L0[], Ebi: L2[L0[], L7[]], Eib: L2[L7[], L7[]], Eii: L2[L0[], L0[]], put: L2[V2, V3] -> V0 -> V1 -> L2[V2, V0], tr: L7[]
[16:07:43.922646]	Exploring 0: L0[], 1: L0[], Ebi: L2[L0[], L7[]], Eib: L2[L7[], L7[]], Eii: L2[L0[], L0[]], put: L2[V2, V3] -> V0 -> V1 -> L2[V2, V1], tr: L7[]
[16:07:43.922872]	Exploring 0: L0[], 1: L0[], Ebi: L2[L0[], L7[]], Eib: L2[L7[], L7[]], Eii: L2[L0[], L0[]], put: L2[V2, V3] -> V0 -> V1 -> L2[V2, V2], tr: L7[]
[16:07:43.923084]	Exploring 0: L0[], 1: L0[], Ebi: L2[L0[], L7[]], Eib: L2[L7[], L7[]], Eii: L2[L0[], L0[]], put: L2[V2, V3] -> V0 -> V1 -> L2[V2, V3], tr: L7[]
[16:07:43.923303]	Exploring 0: L0[], 1: L0[], Ebi: L2[L0[], L7[]], Eib: L2[L7[], L7[]], Eii: L2[L0[], L0[]], put: L2[V2, V3] -> V0 -> V1 -> L2[V3, _9_], tr: L7[]
[16:07:43.923441]	Exploring 0: L0[], 1: L0[], Ebi: L2[L0[], L7[]], Eib: L2[L7[], L7[]], Eii: L2[L0[], L0[]], put: L2[V2, V3] -> V0 -> V1 -> L2[V3, L0[]], tr: L7[]
[16:07:43.923672]	Exploring 0: L0[], 1: L0[], Ebi: L2[L0[], L7[]], Eib: L2[L7[], L7[]], Eii: L2[L0[], L0[]], put: L2[V2, V3] -> V0 -> V1 -> L2[V3, L7[]], tr: L7[]
[16:07:43.923901]	Exploring 0: L0[], 1: L0[], Ebi: L2[L0[], L7[]], Eib: L2[L7[], L7[]], Eii: L2[L0[], L0[]], put: L2[V2, V3] -> V0 -> V1 -> L2[V3, V0], tr: L7[]
[16:07:43.924136]	Exploring 0: L0[], 1: L0[], Ebi: L2[L0[], L7[]], Eib: L2[L7[], L7[]], Eii: L2[L0[], L0[]], put: L2[V2, V3] -> V0 -> V1 -> L2[V3, V1], tr: L7[]
[16:07:43.924382]	Exploring 0: L0[], 1: L0[], Ebi: L2[L0[], L7[]], Eib: L2[L7[], L7[]], Eii: L2[L0[], L0[]], put: L2[V2, V3] -> V0 -> V1 -> L2[V3, V2], tr: L7[]
[16:07:43.924604]	Exploring 0: L0[], 1: L0[], Ebi: L2[L0[], L7[]], Eib: L2[L7[], L7[]], Eii: L2[L0[], L0[]], put: L2[V2, V3] -> V0 -> V1 -> L2[V3, V3], tr: L7[]
[16:07:43.924787]	Exploring 0: L0[], 1: L0[], Ebi: L2[L0[], L7[]], Eib: L2[L7[], L7[]], Eii: L2[L0[], L7[]], put: L2[_6_, _7_] -> V0 -> V1 -> L2[_8_, _9_], tr: L7[]
[16:07:43.924905]	Exploring 0: L0[], 1: L0[], Ebi: L2[L0[], L7[]], Eib: L2[L7[], L7[]], Eii: L2[L0[], L7[]], put: L2[V1, _7_] -> V0 -> V1 -> L2[_8_, _9_], tr: L7[]
[16:07:43.925022]	Exploring 0: L0[], 1: L0[], Ebi: L2[L0[], L7[]], Eib: L2[L7[], L7[]], Eii: L2[L0[], L7[]], put: L2[V1, L7[]] -> V0 -> V1 -> L2[_8_, _9_], tr: L7[]
[16:07:43.925136]	Exploring 0: L0[], 1: L0[], Ebi: L2[L0[], L7[]], Eib: L2[L7[], L7[]], Eii: L2[L0[], L7[]], put: L2[V1, L7[]] -> V0 -> V1 -> L2[V1, _9_], tr: L7[]
[16:07:43.925254]	Exploring 0: L0[], 1: L0[], Ebi: L2[L0[], L7[]], Eib: L2[L7[], L7[]], Eii: L2[L0[], L7[]], put: L2[V1, L7[]] -> V0 -> V1 -> L2[V1, L7[]], tr: L7[]
[16:07:43.925493]	Exploring 0: L0[], 1: L0[], Ebi: L2[L0[], L7[]], Eib: L2[L7[], L7[]], Eii: L2[L0[], L7[]], put: L2[V1, V2] -> V0 -> V1 -> L2[_8_, _9_], tr: L7[]
[16:07:43.925612]	Exploring 0: L0[], 1: L0[], Ebi: L2[L0[], L7[]], Eib: L2[L7[], L7[]], Eii: L2[L0[], L7[]], put: L2[V1, V2] -> V0 -> V1 -> L2[V1, _9_], tr: L7[]
[16:07:43.925718]	Exploring 0: L0[], 1: L0[], Ebi: L2[L0[], L7[]], Eib: L2[L7[], L7[]], Eii: L2[L0[], L7[]], put: L2[V1, V2] -> V0 -> V1 -> L2[V1, L0[]], tr: L7[]
[16:07:43.925911]	Exploring 0: L0[], 1: L0[], Ebi: L2[L0[], L7[]], Eib: L2[L7[], L7[]], Eii: L2[L0[], L7[]], put: L2[V1, V2] -> V0 -> V1 -> L2[V1, L7[]], tr: L7[]
[16:07:43.926121]	Exploring 0: L0[], 1: L0[], Ebi: L2[L0[], L7[]], Eib: L2[L7[], L7[]], Eii: L2[L0[], L7[]], put: L2[V1, V2] -> V0 -> V1 -> L2[V1, V0], tr: L7[]
[16:07:43.926326]	Exploring 0: L0[], 1: L0[], Ebi: L2[L0[], L7[]], Eib: L2[L7[], L7[]], Eii: L2[L0[], L7[]], put: L2[V1, V2] -> V0 -> V1 -> L2[V1, V1], tr: L7[]
[16:07:43.926520]	Exploring 0: L0[], 1: L0[], Ebi: L2[L0[], L7[]], Eib: L2[L7[], L7[]], Eii: L2[L0[], L7[]], put: L2[V1, V2] -> V0 -> V1 -> L2[V1, V2], tr: L7[]
[16:07:43.926762]	Exploring 0: L0[], 1: L0[], Ebi: L2[L0[], L7[]], Eib: L2[L7[], L7[]], Eii: L2[L0[], L7[]], put: L2[V2, _7_] -> V0 -> V1 -> L2[_8_, _9_], tr: L7[]
[16:07:43.926871]	Exploring 0: L0[], 1: L0[], Ebi: L2[L0[], L7[]], Eib: L2[L7[], L7[]], Eii: L2[L0[], L7[]], put: L2[V2, L7[]] -> V0 -> V1 -> L2[_8_, _9_], tr: L7[]
[16:07:43.926977]	Exploring 0: L0[], 1: L0[], Ebi: L2[L0[], L7[]], Eib: L2[L7[], L7[]], Eii: L2[L0[], L7[]], put: L2[V2, L7[]] -> V0 -> V1 -> L2[L0[], _9_], tr: L7[]
[16:07:43.927088]	Exploring 0: L0[], 1: L0[], Ebi: L2[L0[], L7[]], Eib: L2[L7[], L7[]], Eii: L2[L0[], L7[]], put: L2[V2, L7[]] -> V0 -> V1 -> L2[L0[], L7[]], tr: L7[]
[16:07:43.927432]	Exploring 0: L0[], 1: L0[], Ebi: L2[L0[], L7[]], Eib: L2[L7[], L7[]], Eii: L2[L0[], L7[]], put: L2[V2, L7[]] -> V0 -> V1 -> L2[L7[], _9_], tr: L7[]
[16:07:43.927559]	Exploring 0: L0[], 1: L0[], Ebi: L2[L0[], L7[]], Eib: L2[L7[], L7[]], Eii: L2[L0[], L7[]], put: L2[V2, L7[]] -> V0 -> V1 -> L2[L7[], L7[]], tr: L7[]
[16:07:43.927836]	Exploring 0: L0[], 1: L0[], Ebi: L2[L0[], L7[]], Eib: L2[L7[], L7[]], Eii: L2[L0[], L7[]], put: L2[V2, L7[]] -> V0 -> V1 -> L2[V0, _9_], tr: L7[]
[16:07:43.927961]	Exploring 0: L0[], 1: L0[], Ebi: L2[L0[], L7[]], Eib: L2[L7[], L7[]], Eii: L2[L0[], L7[]], put: L2[V2, L7[]] -> V0 -> V1 -> L2[V0, L7[]], tr: L7[]
[16:07:43.928240]	Exploring 0: L0[], 1: L0[], Ebi: L2[L0[], L7[]], Eib: L2[L7[], L7[]], Eii: L2[L0[], L7[]], put: L2[V2, L7[]] -> V0 -> V1 -> L2[V1, _9_], tr: L7[]
[16:07:43.928364]	Exploring 0: L0[], 1: L0[], Ebi: L2[L0[], L7[]], Eib: L2[L7[], L7[]], Eii: L2[L0[], L7[]], put: L2[V2, L7[]] -> V0 -> V1 -> L2[V1, L7[]], tr: L7[]
[16:07:43.928650]	Exploring 0: L0[], 1: L0[], Ebi: L2[L0[], L7[]], Eib: L2[L7[], L7[]], Eii: L2[L0[], L7[]], put: L2[V2, L7[]] -> V0 -> V1 -> L2[V2, _9_], tr: L7[]
[16:07:43.928780]	Exploring 0: L0[], 1: L0[], Ebi: L2[L0[], L7[]], Eib: L2[L7[], L7[]], Eii: L2[L0[], L7[]], put: L2[V2, L7[]] -> V0 -> V1 -> L2[V2, L7[]], tr: L7[]
[16:07:43.929123]	Exploring 0: L0[], 1: L0[], Ebi: L2[L0[], L7[]], Eib: L2[L7[], L7[]], Eii: L2[L0[], L7[]], put: L2[V2, V3] -> V0 -> V1 -> L2[_8_, _9_], tr: L7[]
[16:07:43.929243]	Exploring 0: L0[], 1: L0[], Ebi: L2[L0[], L7[]], Eib: L2[L7[], L7[]], Eii: L2[L0[], L7[]], put: L2[V2, V3] -> V0 -> V1 -> L2[L0[], _9_], tr: L7[]
[16:07:43.929358]	Exploring 0: L0[], 1: L0[], Ebi: L2[L0[], L7[]], Eib: L2[L7[], L7[]], Eii: L2[L0[], L7[]], put: L2[V2, V3] -> V0 -> V1 -> L2[L0[], L0[]], tr: L7[]
[16:07:43.929609]	Exploring 0: L0[], 1: L0[], Ebi: L2[L0[], L7[]], Eib: L2[L7[], L7[]], Eii: L2[L0[], L7[]], put: L2[V2, V3] -> V0 -> V1 -> L2[L0[], L7[]], tr: L7[]
[16:07:43.929893]	Exploring 0: L0[], 1: L0[], Ebi: L2[L0[], L7[]], Eib: L2[L7[], L7[]], Eii: L2[L0[], L7[]], put: L2[V2, V3] -> V0 -> V1 -> L2[L0[], V0], tr: L7[]
[16:07:43.930168]	Exploring 0: L0[], 1: L0[], Ebi: L2[L0[], L7[]], Eib: L2[L7[], L7[]], Eii: L2[L0[], L7[]], put: L2[V2, V3] -> V0 -> V1 -> L2[L0[], V1], tr: L7[]
[16:07:43.930431]	Exploring 0: L0[], 1: L0[], Ebi: L2[L0[], L7[]], Eib: L2[L7[], L7[]], Eii: L2[L0[], L7[]], put: L2[V2, V3] -> V0 -> V1 -> L2[L0[], V2], tr: L7[]
[16:07:43.930692]	Exploring 0: L0[], 1: L0[], Ebi: L2[L0[], L7[]], Eib: L2[L7[], L7[]], Eii: L2[L0[], L7[]], put: L2[V2, V3] -> V0 -> V1 -> L2[L0[], V3], tr: L7[]
[16:07:43.930955]	Exploring 0: L0[], 1: L0[], Ebi: L2[L0[], L7[]], Eib: L2[L7[], L7[]], Eii: L2[L0[], L7[]], put: L2[V2, V3] -> V0 -> V1 -> L2[L7[], _9_], tr: L7[]
[16:07:43.931137]	Exploring 0: L0[], 1: L0[], Ebi: L2[L0[], L7[]], Eib: L2[L7[], L7[]], Eii: L2[L0[], L7[]], put: L2[V2, V3] -> V0 -> V1 -> L2[L7[], L0[]], tr: L7[]
[16:07:43.931443]	Exploring 0: L0[], 1: L0[], Ebi: L2[L0[], L7[]], Eib: L2[L7[], L7[]], Eii: L2[L0[], L7[]], put: L2[V2, V3] -> V0 -> V1 -> L2[L7[], L7[]], tr: L7[]
[16:07:43.931770]	Exploring 0: L0[], 1: L0[], Ebi: L2[L0[], L7[]], Eib: L2[L7[], L7[]], Eii: L2[L0[], L7[]], put: L2[V2, V3] -> V0 -> V1 -> L2[L7[], V0], tr: L7[]
[16:07:43.932042]	Exploring 0: L0[], 1: L0[], Ebi: L2[L0[], L7[]], Eib: L2[L7[], L7[]], Eii: L2[L0[], L7[]], put: L2[V2, V3] -> V0 -> V1 -> L2[L7[], V1], tr: L7[]
[16:07:43.932289]	Exploring 0: L0[], 1: L0[], Ebi: L2[L0[], L7[]], Eib: L2[L7[], L7[]], Eii: L2[L0[], L7[]], put: L2[V2, V3] -> V0 -> V1 -> L2[L7[], V2], tr: L7[]
[16:07:43.932535]	Exploring 0: L0[], 1: L0[], Ebi: L2[L0[], L7[]], Eib: L2[L7[], L7[]], Eii: L2[L0[], L7[]], put: L2[V2, V3] -> V0 -> V1 -> L2[L7[], V3], tr: L7[]
[16:07:43.932832]	Exploring 0: L0[], 1: L0[], Ebi: L2[L0[], L7[]], Eib: L2[L7[], L7[]], Eii: L2[L0[], L7[]], put: L2[V2, V3] -> V0 -> V1 -> L2[V0, _9_], tr: L7[]
[16:07:43.932997]	Exploring 0: L0[], 1: L0[], Ebi: L2[L0[], L7[]], Eib: L2[L7[], L7[]], Eii: L2[L0[], L7[]], put: L2[V2, V3] -> V0 -> V1 -> L2[V0, L0[]], tr: L7[]
[16:07:43.933270]	Exploring 0: L0[], 1: L0[], Ebi: L2[L0[], L7[]], Eib: L2[L7[], L7[]], Eii: L2[L0[], L7[]], put: L2[V2, V3] -> V0 -> V1 -> L2[V0, L7[]], tr: L7[]
[16:07:43.933533]	Exploring 0: L0[], 1: L0[], Ebi: L2[L0[], L7[]], Eib: L2[L7[], L7[]], Eii: L2[L0[], L7[]], put: L2[V2, V3] -> V0 -> V1 -> L2[V0, V0], tr: L7[]
[16:07:43.933800]	Exploring 0: L0[], 1: L0[], Ebi: L2[L0[], L7[]], Eib: L2[L7[], L7[]], Eii: L2[L0[], L7[]], put: L2[V2, V3] -> V0 -> V1 -> L2[V0, V1], tr: L7[]
[16:07:43.934066]	Exploring 0: L0[], 1: L0[], Ebi: L2[L0[], L7[]], Eib: L2[L7[], L7[]], Eii: L2[L0[], L7[]], put: L2[V2, V3] -> V0 -> V1 -> L2[V0, V2], tr: L7[]
[16:07:43.934322]	Exploring 0: L0[], 1: L0[], Ebi: L2[L0[], L7[]], Eib: L2[L7[], L7[]], Eii: L2[L0[], L7[]], put: L2[V2, V3] -> V0 -> V1 -> L2[V0, V3], tr: L7[]
[16:07:43.934672]	Exploring 0: L0[], 1: L0[], Ebi: L2[L0[], L7[]], Eib: L2[L7[], L7[]], Eii: L2[L0[], L7[]], put: L2[V2, V3] -> V0 -> V1 -> L2[V1, _9_], tr: L7[]
[16:07:43.934836]	Exploring 0: L0[], 1: L0[], Ebi: L2[L0[], L7[]], Eib: L2[L7[], L7[]], Eii: L2[L0[], L7[]], put: L2[V2, V3] -> V0 -> V1 -> L2[V1, L0[]], tr: L7[]
[16:07:43.935118]	Exploring 0: L0[], 1: L0[], Ebi: L2[L0[], L7[]], Eib: L2[L7[], L7[]], Eii: L2[L0[], L7[]], put: L2[V2, V3] -> V0 -> V1 -> L2[V1, L7[]], tr: L7[]
[16:07:43.935487]	Exploring 0: L0[], 1: L0[], Ebi: L2[L0[], L7[]], Eib: L2[L7[], L7[]], Eii: L2[L0[], L7[]], put: L2[V2, V3] -> V0 -> V1 -> L2[V1, V0], tr: L7[]
[16:07:43.935790]	Exploring 0: L0[], 1: L0[], Ebi: L2[L0[], L7[]], Eib: L2[L7[], L7[]], Eii: L2[L0[], L7[]], put: L2[V2, V3] -> V0 -> V1 -> L2[V1, V1], tr: L7[]
[16:07:43.936072]	Exploring 0: L0[], 1: L0[], Ebi: L2[L0[], L7[]], Eib: L2[L7[], L7[]], Eii: L2[L0[], L7[]], put: L2[V2, V3] -> V0 -> V1 -> L2[V1, V2], tr: L7[]
[16:07:43.936361]	Exploring 0: L0[], 1: L0[], Ebi: L2[L0[], L7[]], Eib: L2[L7[], L7[]], Eii: L2[L0[], L7[]], put: L2[V2, V3] -> V0 -> V1 -> L2[V1, V3], tr: L7[]
[16:07:43.936662]	Exploring 0: L0[], 1: L0[], Ebi: L2[L0[], L7[]], Eib: L2[L7[], L7[]], Eii: L2[L0[], L7[]], put: L2[V2, V3] -> V0 -> V1 -> L2[V2, _9_], tr: L7[]
[16:07:43.936872]	Exploring 0: L0[], 1: L0[], Ebi: L2[L0[], L7[]], Eib: L2[L7[], L7[]], Eii: L2[L0[], L7[]], put: L2[V2, V3] -> V0 -> V1 -> L2[V2, L0[]], tr: L7[]
[16:07:43.937140]	Exploring 0: L0[], 1: L0[], Ebi: L2[L0[], L7[]], Eib: L2[L7[], L7[]], Eii: L2[L0[], L7[]], put: L2[V2, V3] -> V0 -> V1 -> L2[V2, L7[]], tr: L7[]
[16:07:43.937419]	Exploring 0: L0[], 1: L0[], Ebi: L2[L0[], L7[]], Eib: L2[L7[], L7[]], Eii: L2[L0[], L7[]], put: L2[V2, V3] -> V0 -> V1 -> L2[V2, V0], tr: L7[]
[16:07:43.937713]	Exploring 0: L0[], 1: L0[], Ebi: L2[L0[], L7[]], Eib: L2[L7[], L7[]], Eii: L2[L0[], L7[]], put: L2[V2, V3] -> V0 -> V1 -> L2[V2, V1], tr: L7[]
[16:07:43.937983]	Exploring 0: L0[], 1: L0[], Ebi: L2[L0[], L7[]], Eib: L2[L7[], L7[]], Eii: L2[L0[], L7[]], put: L2[V2, V3] -> V0 -> V1 -> L2[V2, V2], tr: L7[]
[16:07:43.938333]	Exploring 0: L0[], 1: L0[], Ebi: L2[L0[], L7[]], Eib: L2[L7[], L7[]], Eii: L2[L0[], L7[]], put: L2[V2, V3] -> V0 -> V1 -> L2[V2, V3], tr: L7[]
[16:07:43.938622]	Exploring 0: L0[], 1: L0[], Ebi: L2[L0[], L7[]], Eib: L2[L7[], L7[]], Eii: L2[L0[], L7[]], put: L2[V2, V3] -> V0 -> V1 -> L2[V3, _9_], tr: L7[]
[16:07:43.938806]	Exploring 0: L0[], 1: L0[], Ebi: L2[L0[], L7[]], Eib: L2[L7[], L7[]], Eii: L2[L0[], L7[]], put: L2[V2, V3] -> V0 -> V1 -> L2[V3, L0[]], tr: L7[]
[16:07:43.939072]	Exploring 0: L0[], 1: L0[], Ebi: L2[L0[], L7[]], Eib: L2[L7[], L7[]], Eii: L2[L0[], L7[]], put: L2[V2, V3] -> V0 -> V1 -> L2[V3, L7[]], tr: L7[]
[16:07:43.939474]	Exploring 0: L0[], 1: L0[], Ebi: L2[L0[], L7[]], Eib: L2[L7[], L7[]], Eii: L2[L0[], L7[]], put: L2[V2, V3] -> V0 -> V1 -> L2[V3, V0], tr: L7[]
[16:07:43.939776]	Exploring 0: L0[], 1: L0[], Ebi: L2[L0[], L7[]], Eib: L2[L7[], L7[]], Eii: L2[L0[], L7[]], put: L2[V2, V3] -> V0 -> V1 -> L2[V3, V1], tr: L7[]
[16:07:43.940041]	Exploring 0: L0[], 1: L0[], Ebi: L2[L0[], L7[]], Eib: L2[L7[], L7[]], Eii: L2[L0[], L7[]], put: L2[V2, V3] -> V0 -> V1 -> L2[V3, V2], tr: L7[]
[16:07:43.940340]	Exploring 0: L0[], 1: L0[], Ebi: L2[L0[], L7[]], Eib: L2[L7[], L7[]], Eii: L2[L0[], L7[]], put: L2[V2, V3] -> V0 -> V1 -> L2[V3, V3], tr: L7[]
[16:07:43.940586]	Exploring 0: L0[], 1: L0[], Ebi: L2[L0[], L7[]], Eib: L2[L7[], L7[]], Eii: L2[L7[], _5_], put: L2[_6_, _7_] -> V0 -> V1 -> L2[_8_, _9_], tr: L7[]
[16:07:43.940696]	Exploring 0: L0[], 1: L0[], Ebi: L2[L0[], L7[]], Eib: L2[L7[], L7[]], Eii: L2[L7[], L0[]], put: L2[_6_, _7_] -> V0 -> V1 -> L2[_8_, _9_], tr: L7[]
[16:07:43.940870]	Exploring 0: L0[], 1: L0[], Ebi: L2[L0[], L7[]], Eib: L2[L7[], L7[]], Eii: L2[L7[], L0[]], put: L2[V2, _7_] -> V0 -> V1 -> L2[_8_, _9_], tr: L7[]
[16:07:43.941062]	Exploring 0: L0[], 1: L0[], Ebi: L2[L0[], L7[]], Eib: L2[L7[], L7[]], Eii: L2[L7[], L0[]], put: L2[V2, V3] -> V0 -> V1 -> L2[_8_, _9_], tr: L7[]
[16:07:43.941199]	Exploring 0: L0[], 1: L0[], Ebi: L2[L0[], L7[]], Eib: L2[L7[], L7[]], Eii: L2[L7[], L0[]], put: L2[V2, V3] -> V0 -> V1 -> L2[L0[], _9_], tr: L7[]
[16:07:43.941338]	Exploring 0: L0[], 1: L0[], Ebi: L2[L0[], L7[]], Eib: L2[L7[], L7[]], Eii: L2[L7[], L0[]], put: L2[V2, V3] -> V0 -> V1 -> L2[L0[], L0[]], tr: L7[]
[16:07:43.941597]	Exploring 0: L0[], 1: L0[], Ebi: L2[L0[], L7[]], Eib: L2[L7[], L7[]], Eii: L2[L7[], L0[]], put: L2[V2, V3] -> V0 -> V1 -> L2[L0[], L7[]], tr: L7[]
[16:07:43.941883]	Exploring 0: L0[], 1: L0[], Ebi: L2[L0[], L7[]], Eib: L2[L7[], L7[]], Eii: L2[L7[], L0[]], put: L2[V2, V3] -> V0 -> V1 -> L2[L0[], V0], tr: L7[]
[16:07:43.942168]	Exploring 0: L0[], 1: L0[], Ebi: L2[L0[], L7[]], Eib: L2[L7[], L7[]], Eii: L2[L7[], L0[]], put: L2[V2, V3] -> V0 -> V1 -> L2[L0[], V1], tr: L7[]
[16:07:43.942441]	Exploring 0: L0[], 1: L0[], Ebi: L2[L0[], L7[]], Eib: L2[L7[], L7[]], Eii: L2[L7[], L0[]], put: L2[V2, V3] -> V0 -> V1 -> L2[L0[], V2], tr: L7[]
[16:07:43.942692]	Exploring 0: L0[], 1: L0[], Ebi: L2[L0[], L7[]], Eib: L2[L7[], L7[]], Eii: L2[L7[], L0[]], put: L2[V2, V3] -> V0 -> V1 -> L2[L0[], V3], tr: L7[]
[16:07:43.943056]	Exploring 0: L0[], 1: L0[], Ebi: L2[L0[], L7[]], Eib: L2[L7[], L7[]], Eii: L2[L7[], L0[]], put: L2[V2, V3] -> V0 -> V1 -> L2[L7[], _9_], tr: L7[]
[16:07:43.943290]	Exploring 0: L0[], 1: L0[], Ebi: L2[L0[], L7[]], Eib: L2[L7[], L7[]], Eii: L2[L7[], L0[]], put: L2[V2, V3] -> V0 -> V1 -> L2[L7[], L0[]], tr: L7[]
[16:07:43.943670]	Exploring 0: L0[], 1: L0[], Ebi: L2[L0[], L7[]], Eib: L2[L7[], L7[]], Eii: L2[L7[], L0[]], put: L2[V2, V3] -> V0 -> V1 -> L2[L7[], L7[]], tr: L7[]
[16:07:43.943957]	Exploring 0: L0[], 1: L0[], Ebi: L2[L0[], L7[]], Eib: L2[L7[], L7[]], Eii: L2[L7[], L0[]], put: L2[V2, V3] -> V0 -> V1 -> L2[L7[], V0], tr: L7[]
[16:07:43.944248]	Exploring 0: L0[], 1: L0[], Ebi: L2[L0[], L7[]], Eib: L2[L7[], L7[]], Eii: L2[L7[], L0[]], put: L2[V2, V3] -> V0 -> V1 -> L2[L7[], V1], tr: L7[]
[16:07:43.944522]	Exploring 0: L0[], 1: L0[], Ebi: L2[L0[], L7[]], Eib: L2[L7[], L7[]], Eii: L2[L7[], L0[]], put: L2[V2, V3] -> V0 -> V1 -> L2[L7[], V2], tr: L7[]
[16:07:43.944862]	Exploring 0: L0[], 1: L0[], Ebi: L2[L0[], L7[]], Eib: L2[L7[], L7[]], Eii: L2[L7[], L0[]], put: L2[V2, V3] -> V0 -> V1 -> L2[L7[], V3], tr: L7[]
[16:07:43.945191]	Exploring 0: L0[], 1: L0[], Ebi: L2[L0[], L7[]], Eib: L2[L7[], L7[]], Eii: L2[L7[], L0[]], put: L2[V2, V3] -> V0 -> V1 -> L2[V0, _9_], tr: L7[]
[16:07:43.945358]	Exploring 0: L0[], 1: L0[], Ebi: L2[L0[], L7[]], Eib: L2[L7[], L7[]], Eii: L2[L7[], L0[]], put: L2[V2, V3] -> V0 -> V1 -> L2[V0, L0[]], tr: L7[]
[16:07:43.945613]	Exploring 0: L0[], 1: L0[], Ebi: L2[L0[], L7[]], Eib: L2[L7[], L7[]], Eii: L2[L7[], L0[]], put: L2[V2, V3] -> V0 -> V1 -> L2[V0, L7[]], tr: L7[]
[16:07:43.945875]	Exploring 0: L0[], 1: L0[], Ebi: L2[L0[], L7[]], Eib: L2[L7[], L7[]], Eii: L2[L7[], L0[]], put: L2[V2, V3] -> V0 -> V1 -> L2[V0, V0], tr: L7[]
[16:07:43.946163]	Exploring 0: L0[], 1: L0[], Ebi: L2[L0[], L7[]], Eib: L2[L7[], L7[]], Eii: L2[L7[], L0[]], put: L2[V2, V3] -> V0 -> V1 -> L2[V0, V1], tr: L7[]
[16:07:43.946435]	Exploring 0: L0[], 1: L0[], Ebi: L2[L0[], L7[]], Eib: L2[L7[], L7[]], Eii: L2[L7[], L0[]], put: L2[V2, V3] -> V0 -> V1 -> L2[V0, V2], tr: L7[]
[16:07:43.946711]	Exploring 0: L0[], 1: L0[], Ebi: L2[L0[], L7[]], Eib: L2[L7[], L7[]], Eii: L2[L7[], L0[]], put: L2[V2, V3] -> V0 -> V1 -> L2[V0, V3], tr: L7[]
[16:07:43.947007]	Exploring 0: L0[], 1: L0[], Ebi: L2[L0[], L7[]], Eib: L2[L7[], L7[]], Eii: L2[L7[], L0[]], put: L2[V2, V3] -> V0 -> V1 -> L2[V1, _9_], tr: L7[]
[16:07:43.947260]	Exploring 0: L0[], 1: L0[], Ebi: L2[L0[], L7[]], Eib: L2[L7[], L7[]], Eii: L2[L7[], L0[]], put: L2[V2, V3] -> V0 -> V1 -> L2[V1, L0[]], tr: L7[]
[16:07:43.947594]	Exploring 0: L0[], 1: L0[], Ebi: L2[L0[], L7[]], Eib: L2[L7[], L7[]], Eii: L2[L7[], L0[]], put: L2[V2, V3] -> V0 -> V1 -> L2[V1, L7[]], tr: L7[]
[16:07:43.947873]	Exploring 0: L0[], 1: L0[], Ebi: L2[L0[], L7[]], Eib: L2[L7[], L7[]], Eii: L2[L7[], L0[]], put: L2[V2, V3] -> V0 -> V1 -> L2[V1, V0], tr: L7[]
[16:07:43.948127]	Exploring 0: L0[], 1: L0[], Ebi: L2[L0[], L7[]], Eib: L2[L7[], L7[]], Eii: L2[L7[], L0[]], put: L2[V2, V3] -> V0 -> V1 -> L2[V1, V1], tr: L7[]
[16:07:43.948380]	Exploring 0: L0[], 1: L0[], Ebi: L2[L0[], L7[]], Eib: L2[L7[], L7[]], Eii: L2[L7[], L0[]], put: L2[V2, V3] -> V0 -> V1 -> L2[V1, V2], tr: L7[]
[16:07:43.948643]	Exploring 0: L0[], 1: L0[], Ebi: L2[L0[], L7[]], Eib: L2[L7[], L7[]], Eii: L2[L7[], L0[]], put: L2[V2, V3] -> V0 -> V1 -> L2[V1, V3], tr: L7[]
[16:07:43.948877]	Exploring 0: L0[], 1: L0[], Ebi: L2[L0[], L7[]], Eib: L2[L7[], L7[]], Eii: L2[L7[], L0[]], put: L2[V2, V3] -> V0 -> V1 -> L2[V2, _9_], tr: L7[]
[16:07:43.949046]	Exploring 0: L0[], 1: L0[], Ebi: L2[L0[], L7[]], Eib: L2[L7[], L7[]], Eii: L2[L7[], L0[]], put: L2[V2, V3] -> V0 -> V1 -> L2[V2, L0[]], tr: L7[]
[16:07:43.949283]	Exploring 0: L0[], 1: L0[], Ebi: L2[L0[], L7[]], Eib: L2[L7[], L7[]], Eii: L2[L7[], L0[]], put: L2[V2, V3] -> V0 -> V1 -> L2[V2, L7[]], tr: L7[]
[16:07:43.949518]	Exploring 0: L0[], 1: L0[], Ebi: L2[L0[], L7[]], Eib: L2[L7[], L7[]], Eii: L2[L7[], L0[]], put: L2[V2, V3] -> V0 -> V1 -> L2[V2, V0], tr: L7[]
[16:07:43.949787]	Exploring 0: L0[], 1: L0[], Ebi: L2[L0[], L7[]], Eib: L2[L7[], L7[]], Eii: L2[L7[], L0[]], put: L2[V2, V3] -> V0 -> V1 -> L2[V2, V1], tr: L7[]
[16:07:43.950017]	Exploring 0: L0[], 1: L0[], Ebi: L2[L0[], L7[]], Eib: L2[L7[], L7[]], Eii: L2[L7[], L0[]], put: L2[V2, V3] -> V0 -> V1 -> L2[V2, V2], tr: L7[]
[16:07:43.950229]	Exploring 0: L0[], 1: L0[], Ebi: L2[L0[], L7[]], Eib: L2[L7[], L7[]], Eii: L2[L7[], L0[]], put: L2[V2, V3] -> V0 -> V1 -> L2[V2, V3], tr: L7[]
[16:07:43.950459]	Exploring 0: L0[], 1: L0[], Ebi: L2[L0[], L7[]], Eib: L2[L7[], L7[]], Eii: L2[L7[], L0[]], put: L2[V2, V3] -> V0 -> V1 -> L2[V3, _9_], tr: L7[]
[16:07:43.950622]	Exploring 0: L0[], 1: L0[], Ebi: L2[L0[], L7[]], Eib: L2[L7[], L7[]], Eii: L2[L7[], L0[]], put: L2[V2, V3] -> V0 -> V1 -> L2[V3, L0[]], tr: L7[]
[16:07:43.950850]	Exploring 0: L0[], 1: L0[], Ebi: L2[L0[], L7[]], Eib: L2[L7[], L7[]], Eii: L2[L7[], L0[]], put: L2[V2, V3] -> V0 -> V1 -> L2[V3, L7[]], tr: L7[]
[16:07:43.951080]	Exploring 0: L0[], 1: L0[], Ebi: L2[L0[], L7[]], Eib: L2[L7[], L7[]], Eii: L2[L7[], L0[]], put: L2[V2, V3] -> V0 -> V1 -> L2[V3, V0], tr: L7[]
[16:07:43.951318]	Exploring 0: L0[], 1: L0[], Ebi: L2[L0[], L7[]], Eib: L2[L7[], L7[]], Eii: L2[L7[], L0[]], put: L2[V2, V3] -> V0 -> V1 -> L2[V3, V1], tr: L7[]
[16:07:43.951556]	Exploring 0: L0[], 1: L0[], Ebi: L2[L0[], L7[]], Eib: L2[L7[], L7[]], Eii: L2[L7[], L0[]], put: L2[V2, V3] -> V0 -> V1 -> L2[V3, V2], tr: L7[]
[16:07:43.951774]	Exploring 0: L0[], 1: L0[], Ebi: L2[L0[], L7[]], Eib: L2[L7[], L7[]], Eii: L2[L7[], L0[]], put: L2[V2, V3] -> V0 -> V1 -> L2[V3, V3], tr: L7[]
[16:07:43.951952]	Exploring 0: L0[], 1: L0[], Ebi: L2[L0[], L7[]], Eib: L2[L7[], L7[]], Eii: L2[L7[], L7[]], put: L2[_6_, _7_] -> V0 -> V1 -> L2[_8_, _9_], tr: L7[]
[16:07:43.952100]	Exploring 0: L0[], 1: L0[], Ebi: L2[L0[], L7[]], Eib: L2[L7[], L7[]], Eii: L2[L7[], L7[]], put: L2[V2, _7_] -> V0 -> V1 -> L2[_8_, _9_], tr: L7[]
[16:07:43.952207]	Exploring 0: L0[], 1: L0[], Ebi: L2[L0[], L7[]], Eib: L2[L7[], L7[]], Eii: L2[L7[], L7[]], put: L2[V2, L7[]] -> V0 -> V1 -> L2[_8_, _9_], tr: L7[]
[16:07:43.952307]	Exploring 0: L0[], 1: L0[], Ebi: L2[L0[], L7[]], Eib: L2[L7[], L7[]], Eii: L2[L7[], L7[]], put: L2[V2, L7[]] -> V0 -> V1 -> L2[L0[], _9_], tr: L7[]
[16:07:43.952416]	Exploring 0: L0[], 1: L0[], Ebi: L2[L0[], L7[]], Eib: L2[L7[], L7[]], Eii: L2[L7[], L7[]], put: L2[V2, L7[]] -> V0 -> V1 -> L2[L0[], L7[]], tr: L7[]
[16:07:43.952664]	Exploring 0: L0[], 1: L0[], Ebi: L2[L0[], L7[]], Eib: L2[L7[], L7[]], Eii: L2[L7[], L7[]], put: L2[V2, L7[]] -> V0 -> V1 -> L2[L7[], _9_], tr: L7[]
[16:07:43.952772]	Exploring 0: L0[], 1: L0[], Ebi: L2[L0[], L7[]], Eib: L2[L7[], L7[]], Eii: L2[L7[], L7[]], put: L2[V2, L7[]] -> V0 -> V1 -> L2[L7[], L7[]], tr: L7[]
[16:07:43.953064]	Exploring 0: L0[], 1: L0[], Ebi: L2[L0[], L7[]], Eib: L2[L7[], L7[]], Eii: L2[L7[], L7[]], put: L2[V2, L7[]] -> V0 -> V1 -> L2[V0, _9_], tr: L7[]
[16:07:43.953214]	Exploring 0: L0[], 1: L0[], Ebi: L2[L0[], L7[]], Eib: L2[L7[], L7[]], Eii: L2[L7[], L7[]], put: L2[V2, L7[]] -> V0 -> V1 -> L2[V0, L7[]], tr: L7[]
[16:07:43.953487]	Exploring 0: L0[], 1: L0[], Ebi: L2[L0[], L7[]], Eib: L2[L7[], L7[]], Eii: L2[L7[], L7[]], put: L2[V2, L7[]] -> V0 -> V1 -> L2[V1, _9_], tr: L7[]
[16:07:43.953610]	Exploring 0: L0[], 1: L0[], Ebi: L2[L0[], L7[]], Eib: L2[L7[], L7[]], Eii: L2[L7[], L7[]], put: L2[V2, L7[]] -> V0 -> V1 -> L2[V1, L7[]], tr: L7[]
[16:07:43.953895]	Exploring 0: L0[], 1: L0[], Ebi: L2[L0[], L7[]], Eib: L2[L7[], L7[]], Eii: L2[L7[], L7[]], put: L2[V2, L7[]] -> V0 -> V1 -> L2[V2, _9_], tr: L7[]
[16:07:43.954023]	Exploring 0: L0[], 1: L0[], Ebi: L2[L0[], L7[]], Eib: L2[L7[], L7[]], Eii: L2[L7[], L7[]], put: L2[V2, L7[]] -> V0 -> V1 -> L2[V2, L7[]], tr: L7[]
[16:07:43.954338]	Exploring 0: L0[], 1: L0[], Ebi: L2[L0[], L7[]], Eib: L2[L7[], L7[]], Eii: L2[L7[], L7[]], put: L2[V2, V3] -> V0 -> V1 -> L2[_8_, _9_], tr: L7[]
[16:07:43.954465]	Exploring 0: L0[], 1: L0[], Ebi: L2[L0[], L7[]], Eib: L2[L7[], L7[]], Eii: L2[L7[], L7[]], put: L2[V2, V3] -> V0 -> V1 -> L2[L0[], _9_], tr: L7[]
[16:07:43.954590]	Exploring 0: L0[], 1: L0[], Ebi: L2[L0[], L7[]], Eib: L2[L7[], L7[]], Eii: L2[L7[], L7[]], put: L2[V2, V3] -> V0 -> V1 -> L2[L0[], L0[]], tr: L7[]
[16:07:43.954795]	Exploring 0: L0[], 1: L0[], Ebi: L2[L0[], L7[]], Eib: L2[L7[], L7[]], Eii: L2[L7[], L7[]], put: L2[V2, V3] -> V0 -> V1 -> L2[L0[], L7[]], tr: L7[]
[16:07:43.955027]	Exploring 0: L0[], 1: L0[], Ebi: L2[L0[], L7[]], Eib: L2[L7[], L7[]], Eii: L2[L7[], L7[]], put: L2[V2, V3] -> V0 -> V1 -> L2[L0[], V0], tr: L7[]
[16:07:43.955272]	Exploring 0: L0[], 1: L0[], Ebi: L2[L0[], L7[]], Eib: L2[L7[], L7[]], Eii: L2[L7[], L7[]], put: L2[V2, V3] -> V0 -> V1 -> L2[L0[], V1], tr: L7[]
[16:07:43.955522]	Exploring 0: L0[], 1: L0[], Ebi: L2[L0[], L7[]], Eib: L2[L7[], L7[]], Eii: L2[L7[], L7[]], put: L2[V2, V3] -> V0 -> V1 -> L2[L0[], V2], tr: L7[]
[16:07:43.955744]	Exploring 0: L0[], 1: L0[], Ebi: L2[L0[], L7[]], Eib: L2[L7[], L7[]], Eii: L2[L7[], L7[]], put: L2[V2, V3] -> V0 -> V1 -> L2[L0[], V3], tr: L7[]
[16:07:43.955962]	Exploring 0: L0[], 1: L0[], Ebi: L2[L0[], L7[]], Eib: L2[L7[], L7[]], Eii: L2[L7[], L7[]], put: L2[V2, V3] -> V0 -> V1 -> L2[L7[], _9_], tr: L7[]
[16:07:43.956082]	Exploring 0: L0[], 1: L0[], Ebi: L2[L0[], L7[]], Eib: L2[L7[], L7[]], Eii: L2[L7[], L7[]], put: L2[V2, V3] -> V0 -> V1 -> L2[L7[], L0[]], tr: L7[]
[16:07:43.956295]	Exploring 0: L0[], 1: L0[], Ebi: L2[L0[], L7[]], Eib: L2[L7[], L7[]], Eii: L2[L7[], L7[]], put: L2[V2, V3] -> V0 -> V1 -> L2[L7[], L7[]], tr: L7[]
[16:07:43.956508]	Exploring 0: L0[], 1: L0[], Ebi: L2[L0[], L7[]], Eib: L2[L7[], L7[]], Eii: L2[L7[], L7[]], put: L2[V2, V3] -> V0 -> V1 -> L2[L7[], V0], tr: L7[]
[16:07:43.956758]	Exploring 0: L0[], 1: L0[], Ebi: L2[L0[], L7[]], Eib: L2[L7[], L7[]], Eii: L2[L7[], L7[]], put: L2[V2, V3] -> V0 -> V1 -> L2[L7[], V1], tr: L7[]
[16:07:43.956982]	Exploring 0: L0[], 1: L0[], Ebi: L2[L0[], L7[]], Eib: L2[L7[], L7[]], Eii: L2[L7[], L7[]], put: L2[V2, V3] -> V0 -> V1 -> L2[L7[], V2], tr: L7[]
[16:07:43.957197]	Exploring 0: L0[], 1: L0[], Ebi: L2[L0[], L7[]], Eib: L2[L7[], L7[]], Eii: L2[L7[], L7[]], put: L2[V2, V3] -> V0 -> V1 -> L2[L7[], V3], tr: L7[]
[16:07:43.957420]	Exploring 0: L0[], 1: L0[], Ebi: L2[L0[], L7[]], Eib: L2[L7[], L7[]], Eii: L2[L7[], L7[]], put: L2[V2, V3] -> V0 -> V1 -> L2[V0, _9_], tr: L7[]
[16:07:43.957553]	Exploring 0: L0[], 1: L0[], Ebi: L2[L0[], L7[]], Eib: L2[L7[], L7[]], Eii: L2[L7[], L7[]], put: L2[V2, V3] -> V0 -> V1 -> L2[V0, L0[]], tr: L7[]
[16:07:43.957786]	Exploring 0: L0[], 1: L0[], Ebi: L2[L0[], L7[]], Eib: L2[L7[], L7[]], Eii: L2[L7[], L7[]], put: L2[V2, V3] -> V0 -> V1 -> L2[V0, L7[]], tr: L7[]
[16:07:43.958017]	Exploring 0: L0[], 1: L0[], Ebi: L2[L0[], L7[]], Eib: L2[L7[], L7[]], Eii: L2[L7[], L7[]], put: L2[V2, V3] -> V0 -> V1 -> L2[V0, V0], tr: L7[]
[16:07:43.958244]	Exploring 0: L0[], 1: L0[], Ebi: L2[L0[], L7[]], Eib: L2[L7[], L7[]], Eii: L2[L7[], L7[]], put: L2[V2, V3] -> V0 -> V1 -> L2[V0, V1], tr: L7[]
[16:07:43.958471]	Exploring 0: L0[], 1: L0[], Ebi: L2[L0[], L7[]], Eib: L2[L7[], L7[]], Eii: L2[L7[], L7[]], put: L2[V2, V3] -> V0 -> V1 -> L2[V0, V2], tr: L7[]
[16:07:43.958698]	Exploring 0: L0[], 1: L0[], Ebi: L2[L0[], L7[]], Eib: L2[L7[], L7[]], Eii: L2[L7[], L7[]], put: L2[V2, V3] -> V0 -> V1 -> L2[V0, V3], tr: L7[]
[16:07:43.958921]	Exploring 0: L0[], 1: L0[], Ebi: L2[L0[], L7[]], Eib: L2[L7[], L7[]], Eii: L2[L7[], L7[]], put: L2[V2, V3] -> V0 -> V1 -> L2[V1, _9_], tr: L7[]
[16:07:43.959054]	Exploring 0: L0[], 1: L0[], Ebi: L2[L0[], L7[]], Eib: L2[L7[], L7[]], Eii: L2[L7[], L7[]], put: L2[V2, V3] -> V0 -> V1 -> L2[V1, L0[]], tr: L7[]
[16:07:43.959297]	Exploring 0: L0[], 1: L0[], Ebi: L2[L0[], L7[]], Eib: L2[L7[], L7[]], Eii: L2[L7[], L7[]], put: L2[V2, V3] -> V0 -> V1 -> L2[V1, L7[]], tr: L7[]
[16:07:43.959548]	Exploring 0: L0[], 1: L0[], Ebi: L2[L0[], L7[]], Eib: L2[L7[], L7[]], Eii: L2[L7[], L7[]], put: L2[V2, V3] -> V0 -> V1 -> L2[V1, V0], tr: L7[]
[16:07:43.959779]	Exploring 0: L0[], 1: L0[], Ebi: L2[L0[], L7[]], Eib: L2[L7[], L7[]], Eii: L2[L7[], L7[]], put: L2[V2, V3] -> V0 -> V1 -> L2[V1, V1], tr: L7[]
[16:07:43.960015]	Exploring 0: L0[], 1: L0[], Ebi: L2[L0[], L7[]], Eib: L2[L7[], L7[]], Eii: L2[L7[], L7[]], put: L2[V2, V3] -> V0 -> V1 -> L2[V1, V2], tr: L7[]
[16:07:43.960245]	Exploring 0: L0[], 1: L0[], Ebi: L2[L0[], L7[]], Eib: L2[L7[], L7[]], Eii: L2[L7[], L7[]], put: L2[V2, V3] -> V0 -> V1 -> L2[V1, V3], tr: L7[]
[16:07:43.960548]	Exploring 0: L0[], 1: L0[], Ebi: L2[L0[], L7[]], Eib: L2[L7[], L7[]], Eii: L2[L7[], L7[]], put: L2[V2, V3] -> V0 -> V1 -> L2[V2, _9_], tr: L7[]
[16:07:43.960686]	Exploring 0: L0[], 1: L0[], Ebi: L2[L0[], L7[]], Eib: L2[L7[], L7[]], Eii: L2[L7[], L7[]], put: L2[V2, V3] -> V0 -> V1 -> L2[V2, L0[]], tr: L7[]
[16:07:43.960923]	Exploring 0: L0[], 1: L0[], Ebi: L2[L0[], L7[]], Eib: L2[L7[], L7[]], Eii: L2[L7[], L7[]], put: L2[V2, V3] -> V0 -> V1 -> L2[V2, L7[]], tr: L7[]
[16:07:43.961150]	Exploring 0: L0[], 1: L0[], Ebi: L2[L0[], L7[]], Eib: L2[L7[], L7[]], Eii: L2[L7[], L7[]], put: L2[V2, V3] -> V0 -> V1 -> L2[V2, V0], tr: L7[]
[16:07:43.961385]	Exploring 0: L0[], 1: L0[], Ebi: L2[L0[], L7[]], Eib: L2[L7[], L7[]], Eii: L2[L7[], L7[]], put: L2[V2, V3] -> V0 -> V1 -> L2[V2, V1], tr: L7[]
[16:07:43.961603]	Exploring 0: L0[], 1: L0[], Ebi: L2[L0[], L7[]], Eib: L2[L7[], L7[]], Eii: L2[L7[], L7[]], put: L2[V2, V3] -> V0 -> V1 -> L2[V2, V2], tr: L7[]
[16:07:43.961813]	Exploring 0: L0[], 1: L0[], Ebi: L2[L0[], L7[]], Eib: L2[L7[], L7[]], Eii: L2[L7[], L7[]], put: L2[V2, V3] -> V0 -> V1 -> L2[V2, V3], tr: L7[]
[16:07:43.962031]	Exploring 0: L0[], 1: L0[], Ebi: L2[L0[], L7[]], Eib: L2[L7[], L7[]], Eii: L2[L7[], L7[]], put: L2[V2, V3] -> V0 -> V1 -> L2[V3, _9_], tr: L7[]
[16:07:43.962166]	Exploring 0: L0[], 1: L0[], Ebi: L2[L0[], L7[]], Eib: L2[L7[], L7[]], Eii: L2[L7[], L7[]], put: L2[V2, V3] -> V0 -> V1 -> L2[V3, L0[]], tr: L7[]
[16:07:43.962399]	Exploring 0: L0[], 1: L0[], Ebi: L2[L0[], L7[]], Eib: L2[L7[], L7[]], Eii: L2[L7[], L7[]], put: L2[V2, V3] -> V0 -> V1 -> L2[V3, L7[]], tr: L7[]
[16:07:43.962621]	Exploring 0: L0[], 1: L0[], Ebi: L2[L0[], L7[]], Eib: L2[L7[], L7[]], Eii: L2[L7[], L7[]], put: L2[V2, V3] -> V0 -> V1 -> L2[V3, V0], tr: L7[]
[16:07:43.962878]	Exploring 0: L0[], 1: L0[], Ebi: L2[L0[], L7[]], Eib: L2[L7[], L7[]], Eii: L2[L7[], L7[]], put: L2[V2, V3] -> V0 -> V1 -> L2[V3, V1], tr: L7[]
[16:07:43.963102]	Exploring 0: L0[], 1: L0[], Ebi: L2[L0[], L7[]], Eib: L2[L7[], L7[]], Eii: L2[L7[], L7[]], put: L2[V2, V3] -> V0 -> V1 -> L2[V3, V2], tr: L7[]
[16:07:43.963311]	Exploring 0: L0[], 1: L0[], Ebi: L2[L0[], L7[]], Eib: L2[L7[], L7[]], Eii: L2[L7[], L7[]], put: L2[V2, V3] -> V0 -> V1 -> L2[V3, V3], tr: L7[]
[16:07:43.963502]	Exploring 0: L0[], 1: L0[], Ebi: L2[L7[], _1_], Eib: L2[_2_, _3_], Eii: L2[_4_, _5_], put: L2[_6_, _7_] -> V0 -> V1 -> L2[_8_, _9_], tr: L7[]
[16:07:43.963583]	Exploring 0: L0[], 1: L0[], Ebi: L2[L7[], L0[]], Eib: L2[_2_, _3_], Eii: L2[_4_, _5_], put: L2[_6_, _7_] -> V0 -> V1 -> L2[_8_, _9_], tr: L7[]
[16:07:43.963654]	Exploring 0: L0[], 1: L0[], Ebi: L2[L7[], L0[]], Eib: L2[L0[], _3_], Eii: L2[_4_, _5_], put: L2[_6_, _7_] -> V0 -> V1 -> L2[_8_, _9_], tr: L7[]
[16:07:43.963716]	Exploring 0: L0[], 1: L0[], Ebi: L2[L7[], L0[]], Eib: L2[L0[], L0[]], Eii: L2[_4_, _5_], put: L2[_6_, _7_] -> V0 -> V1 -> L2[_8_, _9_], tr: L7[]
[16:07:43.963780]	Exploring 0: L0[], 1: L0[], Ebi: L2[L7[], L0[]], Eib: L2[L0[], L0[]], Eii: L2[L0[], _5_], put: L2[_6_, _7_] -> V0 -> V1 -> L2[_8_, _9_], tr: L7[]
[16:07:43.963870]	Exploring 0: L0[], 1: L0[], Ebi: L2[L7[], L0[]], Eib: L2[L0[], L0[]], Eii: L2[L0[], L0[]], put: L2[_6_, _7_] -> V0 -> V1 -> L2[_8_, _9_], tr: L7[]
[16:07:43.963963]	Exploring 0: L0[], 1: L0[], Ebi: L2[L7[], L0[]], Eib: L2[L0[], L0[]], Eii: L2[L0[], L0[]], put: L2[V0, _7_] -> V0 -> V1 -> L2[_8_, _9_], tr: L7[]
[16:07:43.964073]	Exploring 0: L0[], 1: L0[], Ebi: L2[L7[], L0[]], Eib: L2[L0[], L0[]], Eii: L2[L0[], L0[]], put: L2[V0, L0[]] -> V0 -> V1 -> L2[_8_, _9_], tr: L7[]
[16:07:43.964168]	Exploring 0: L0[], 1: L0[], Ebi: L2[L7[], L0[]], Eib: L2[L0[], L0[]], Eii: L2[L0[], L0[]], put: L2[V0, L0[]] -> V0 -> V1 -> L2[V0, _9_], tr: L7[]
[16:07:43.964270]	Exploring 0: L0[], 1: L0[], Ebi: L2[L7[], L0[]], Eib: L2[L0[], L0[]], Eii: L2[L0[], L0[]], put: L2[V0, L0[]] -> V0 -> V1 -> L2[V0, L0[]], tr: L7[]
[16:07:43.964539]	Exploring 0: L0[], 1: L0[], Ebi: L2[L7[], L0[]], Eib: L2[L0[], L0[]], Eii: L2[L0[], L0[]], put: L2[V0, V2] -> V0 -> V1 -> L2[_8_, _9_], tr: L7[]
[16:07:43.964654]	Exploring 0: L0[], 1: L0[], Ebi: L2[L7[], L0[]], Eib: L2[L0[], L0[]], Eii: L2[L0[], L0[]], put: L2[V0, V2] -> V0 -> V1 -> L2[V0, _9_], tr: L7[]
[16:07:43.964762]	Exploring 0: L0[], 1: L0[], Ebi: L2[L7[], L0[]], Eib: L2[L0[], L0[]], Eii: L2[L0[], L0[]], put: L2[V0, V2] -> V0 -> V1 -> L2[V0, L0[]], tr: L7[]
[16:07:43.964959]	Exploring 0: L0[], 1: L0[], Ebi: L2[L7[], L0[]], Eib: L2[L0[], L0[]], Eii: L2[L0[], L0[]], put: L2[V0, V2] -> V0 -> V1 -> L2[V0, L7[]], tr: L7[]
[16:07:43.965151]	Exploring 0: L0[], 1: L0[], Ebi: L2[L7[], L0[]], Eib: L2[L0[], L0[]], Eii: L2[L0[], L0[]], put: L2[V0, V2] -> V0 -> V1 -> L2[V0, V0], tr: L7[]
[16:07:43.965355]	Exploring 0: L0[], 1: L0[], Ebi: L2[L7[], L0[]], Eib: L2[L0[], L0[]], Eii: L2[L0[], L0[]], put: L2[V0, V2] -> V0 -> V1 -> L2[V0, V1], tr: L7[]
[16:07:43.965564]	Exploring 0: L0[], 1: L0[], Ebi: L2[L7[], L0[]], Eib: L2[L0[], L0[]], Eii: L2[L0[], L0[]], put: L2[V0, V2] -> V0 -> V1 -> L2[V0, V2], tr: L7[]
[16:07:43.965802]	Exploring 0: L0[], 1: L0[], Ebi: L2[L7[], L0[]], Eib: L2[L0[], L0[]], Eii: L2[L0[], L0[]], put: L2[V2, _7_] -> V0 -> V1 -> L2[_8_, _9_], tr: L7[]
[16:07:43.965905]	Exploring 0: L0[], 1: L0[], Ebi: L2[L7[], L0[]], Eib: L2[L0[], L0[]], Eii: L2[L0[], L0[]], put: L2[V2, L0[]] -> V0 -> V1 -> L2[_8_, _9_], tr: L7[]
[16:07:43.966008]	Exploring 0: L0[], 1: L0[], Ebi: L2[L7[], L0[]], Eib: L2[L0[], L0[]], Eii: L2[L0[], L0[]], put: L2[V2, L0[]] -> V0 -> V1 -> L2[L0[], _9_], tr: L7[]
[16:07:43.966114]	Exploring 0: L0[], 1: L0[], Ebi: L2[L7[], L0[]], Eib: L2[L0[], L0[]], Eii: L2[L0[], L0[]], put: L2[V2, L0[]] -> V0 -> V1 -> L2[L0[], L0[]], tr: L7[]
[16:07:43.966355]	Exploring 0: L0[], 1: L0[], Ebi: L2[L7[], L0[]], Eib: L2[L0[], L0[]], Eii: L2[L0[], L0[]], put: L2[V2, L0[]] -> V0 -> V1 -> L2[L7[], _9_], tr: L7[]
[16:07:43.966462]	Exploring 0: L0[], 1: L0[], Ebi: L2[L7[], L0[]], Eib: L2[L0[], L0[]], Eii: L2[L0[], L0[]], put: L2[V2, L0[]] -> V0 -> V1 -> L2[L7[], L0[]], tr: L7[]
[16:07:43.966708]	Exploring 0: L0[], 1: L0[], Ebi: L2[L7[], L0[]], Eib: L2[L0[], L0[]], Eii: L2[L0[], L0[]], put: L2[V2, L0[]] -> V0 -> V1 -> L2[V0, _9_], tr: L7[]
[16:07:43.966826]	Exploring 0: L0[], 1: L0[], Ebi: L2[L7[], L0[]], Eib: L2[L0[], L0[]], Eii: L2[L0[], L0[]], put: L2[V2, L0[]] -> V0 -> V1 -> L2[V0, L0[]], tr: L7[]
[16:07:43.967083]	Exploring 0: L0[], 1: L0[], Ebi: L2[L7[], L0[]], Eib: L2[L0[], L0[]], Eii: L2[L0[], L0[]], put: L2[V2, L0[]] -> V0 -> V1 -> L2[V1, _9_], tr: L7[]
[16:07:43.967199]	Exploring 0: L0[], 1: L0[], Ebi: L2[L7[], L0[]], Eib: L2[L0[], L0[]], Eii: L2[L0[], L0[]], put: L2[V2, L0[]] -> V0 -> V1 -> L2[V1, L0[]], tr: L7[]
[16:07:43.967466]	Exploring 0: L0[], 1: L0[], Ebi: L2[L7[], L0[]], Eib: L2[L0[], L0[]], Eii: L2[L0[], L0[]], put: L2[V2, L0[]] -> V0 -> V1 -> L2[V2, _9_], tr: L7[]
[16:07:43.967582]	Exploring 0: L0[], 1: L0[], Ebi: L2[L7[], L0[]], Eib: L2[L0[], L0[]], Eii: L2[L0[], L0[]], put: L2[V2, L0[]] -> V0 -> V1 -> L2[V2, L0[]], tr: L7[]
[16:07:43.967882]	Exploring 0: L0[], 1: L0[], Ebi: L2[L7[], L0[]], Eib: L2[L0[], L0[]], Eii: L2[L0[], L0[]], put: L2[V2, V3] -> V0 -> V1 -> L2[_8_, _9_], tr: L7[]
[16:07:43.967989]	Exploring 0: L0[], 1: L0[], Ebi: L2[L7[], L0[]], Eib: L2[L0[], L0[]], Eii: L2[L0[], L0[]], put: L2[V2, V3] -> V0 -> V1 -> L2[L0[], _9_], tr: L7[]
[16:07:43.968098]	Exploring 0: L0[], 1: L0[], Ebi: L2[L7[], L0[]], Eib: L2[L0[], L0[]], Eii: L2[L0[], L0[]], put: L2[V2, V3] -> V0 -> V1 -> L2[L0[], L0[]], tr: L7[]
[16:07:43.968292]	Exploring 0: L0[], 1: L0[], Ebi: L2[L7[], L0[]], Eib: L2[L0[], L0[]], Eii: L2[L0[], L0[]], put: L2[V2, V3] -> V0 -> V1 -> L2[L0[], L7[]], tr: L7[]
[16:07:43.968535]	Exploring 0: L0[], 1: L0[], Ebi: L2[L7[], L0[]], Eib: L2[L0[], L0[]], Eii: L2[L0[], L0[]], put: L2[V2, V3] -> V0 -> V1 -> L2[L0[], V0], tr: L7[]
[16:07:43.968789]	Exploring 0: L0[], 1: L0[], Ebi: L2[L7[], L0[]], Eib: L2[L0[], L0[]], Eii: L2[L0[], L0[]], put: L2[V2, V3] -> V0 -> V1 -> L2[L0[], V1], tr: L7[]
[16:07:43.969011]	Exploring 0: L0[], 1: L0[], Ebi: L2[L7[], L0[]], Eib: L2[L0[], L0[]], Eii: L2[L0[], L0[]], put: L2[V2, V3] -> V0 -> V1 -> L2[L0[], V2], tr: L7[]
[16:07:43.969228]	Exploring 0: L0[], 1: L0[], Ebi: L2[L7[], L0[]], Eib: L2[L0[], L0[]], Eii: L2[L0[], L0[]], put: L2[V2, V3] -> V0 -> V1 -> L2[L0[], V3], tr: L7[]
[16:07:43.969435]	Exploring 0: L0[], 1: L0[], Ebi: L2[L7[], L0[]], Eib: L2[L0[], L0[]], Eii: L2[L0[], L0[]], put: L2[V2, V3] -> V0 -> V1 -> L2[L7[], _9_], tr: L7[]
[16:07:43.969553]	Exploring 0: L0[], 1: L0[], Ebi: L2[L7[], L0[]], Eib: L2[L0[], L0[]], Eii: L2[L0[], L0[]], put: L2[V2, V3] -> V0 -> V1 -> L2[L7[], L0[]], tr: L7[]
[16:07:43.969745]	Exploring 0: L0[], 1: L0[], Ebi: L2[L7[], L0[]], Eib: L2[L0[], L0[]], Eii: L2[L0[], L0[]], put: L2[V2, V3] -> V0 -> V1 -> L2[L7[], L7[]], tr: L7[]
[16:07:43.969964]	Exploring 0: L0[], 1: L0[], Ebi: L2[L7[], L0[]], Eib: L2[L0[], L0[]], Eii: L2[L0[], L0[]], put: L2[V2, V3] -> V0 -> V1 -> L2[L7[], V0], tr: L7[]
[16:07:43.970202]	Exploring 0: L0[], 1: L0[], Ebi: L2[L7[], L0[]], Eib: L2[L0[], L0[]], Eii: L2[L0[], L0[]], put: L2[V2, V3] -> V0 -> V1 -> L2[L7[], V1], tr: L7[]
[16:07:43.970425]	Exploring 0: L0[], 1: L0[], Ebi: L2[L7[], L0[]], Eib: L2[L0[], L0[]], Eii: L2[L0[], L0[]], put: L2[V2, V3] -> V0 -> V1 -> L2[L7[], V2], tr: L7[]
[16:07:43.970635]	Exploring 0: L0[], 1: L0[], Ebi: L2[L7[], L0[]], Eib: L2[L0[], L0[]], Eii: L2[L0[], L0[]], put: L2[V2, V3] -> V0 -> V1 -> L2[L7[], V3], tr: L7[]
[16:07:43.970858]	Exploring 0: L0[], 1: L0[], Ebi: L2[L7[], L0[]], Eib: L2[L0[], L0[]], Eii: L2[L0[], L0[]], put: L2[V2, V3] -> V0 -> V1 -> L2[V0, _9_], tr: L7[]
[16:07:43.970987]	Exploring 0: L0[], 1: L0[], Ebi: L2[L7[], L0[]], Eib: L2[L0[], L0[]], Eii: L2[L0[], L0[]], put: L2[V2, V3] -> V0 -> V1 -> L2[V0, L0[]], tr: L7[]
[16:07:43.971218]	Exploring 0: L0[], 1: L0[], Ebi: L2[L7[], L0[]], Eib: L2[L0[], L0[]], Eii: L2[L0[], L0[]], put: L2[V2, V3] -> V0 -> V1 -> L2[V0, L7[]], tr: L7[]
[16:07:43.971463]	Exploring 0: L0[], 1: L0[], Ebi: L2[L7[], L0[]], Eib: L2[L0[], L0[]], Eii: L2[L0[], L0[]], put: L2[V2, V3] -> V0 -> V1 -> L2[V0, V0], tr: L7[]
[16:07:43.971711]	Exploring 0: L0[], 1: L0[], Ebi: L2[L7[], L0[]], Eib: L2[L0[], L0[]], Eii: L2[L0[], L0[]], put: L2[V2, V3] -> V0 -> V1 -> L2[V0, V1], tr: L7[]
[16:07:43.971946]	Exploring 0: L0[], 1: L0[], Ebi: L2[L7[], L0[]], Eib: L2[L0[], L0[]], Eii: L2[L0[], L0[]], put: L2[V2, V3] -> V0 -> V1 -> L2[V0, V2], tr: L7[]
[16:07:43.972175]	Exploring 0: L0[], 1: L0[], Ebi: L2[L7[], L0[]], Eib: L2[L0[], L0[]], Eii: L2[L0[], L0[]], put: L2[V2, V3] -> V0 -> V1 -> L2[V0, V3], tr: L7[]
[16:07:43.972408]	Exploring 0: L0[], 1: L0[], Ebi: L2[L7[], L0[]], Eib: L2[L0[], L0[]], Eii: L2[L0[], L0[]], put: L2[V2, V3] -> V0 -> V1 -> L2[V1, _9_], tr: L7[]
[16:07:43.972543]	Exploring 0: L0[], 1: L0[], Ebi: L2[L7[], L0[]], Eib: L2[L0[], L0[]], Eii: L2[L0[], L0[]], put: L2[V2, V3] -> V0 -> V1 -> L2[V1, L0[]], tr: L7[]
[16:07:43.972783]	Exploring 0: L0[], 1: L0[], Ebi: L2[L7[], L0[]], Eib: L2[L0[], L0[]], Eii: L2[L0[], L0[]], put: L2[V2, V3] -> V0 -> V1 -> L2[V1, L7[]], tr: L7[]
[16:07:43.973019]	Exploring 0: L0[], 1: L0[], Ebi: L2[L7[], L0[]], Eib: L2[L0[], L0[]], Eii: L2[L0[], L0[]], put: L2[V2, V3] -> V0 -> V1 -> L2[V1, V0], tr: L7[]
[16:07:43.973254]	Exploring 0: L0[], 1: L0[], Ebi: L2[L7[], L0[]], Eib: L2[L0[], L0[]], Eii: L2[L0[], L0[]], put: L2[V2, V3] -> V0 -> V1 -> L2[V1, V1], tr: L7[]
[16:07:43.973487]	Exploring 0: L0[], 1: L0[], Ebi: L2[L7[], L0[]], Eib: L2[L0[], L0[]], Eii: L2[L0[], L0[]], put: L2[V2, V3] -> V0 -> V1 -> L2[V1, V2], tr: L7[]
[16:07:43.973723]	Exploring 0: L0[], 1: L0[], Ebi: L2[L7[], L0[]], Eib: L2[L0[], L0[]], Eii: L2[L0[], L0[]], put: L2[V2, V3] -> V0 -> V1 -> L2[V1, V3], tr: L7[]
[16:07:43.973942]	Exploring 0: L0[], 1: L0[], Ebi: L2[L7[], L0[]], Eib: L2[L0[], L0[]], Eii: L2[L0[], L0[]], put: L2[V2, V3] -> V0 -> V1 -> L2[V2, _9_], tr: L7[]
[16:07:43.974062]	Exploring 0: L0[], 1: L0[], Ebi: L2[L7[], L0[]], Eib: L2[L0[], L0[]], Eii: L2[L0[], L0[]], put: L2[V2, V3] -> V0 -> V1 -> L2[V2, L0[]], tr: L7[]
[16:07:43.974281]	Exploring 0: L0[], 1: L0[], Ebi: L2[L7[], L0[]], Eib: L2[L0[], L0[]], Eii: L2[L0[], L0[]], put: L2[V2, V3] -> V0 -> V1 -> L2[V2, L7[]], tr: L7[]
[16:07:43.974505]	Exploring 0: L0[], 1: L0[], Ebi: L2[L7[], L0[]], Eib: L2[L0[], L0[]], Eii: L2[L0[], L0[]], put: L2[V2, V3] -> V0 -> V1 -> L2[V2, V0], tr: L7[]
[16:07:43.974745]	Exploring 0: L0[], 1: L0[], Ebi: L2[L7[], L0[]], Eib: L2[L0[], L0[]], Eii: L2[L0[], L0[]], put: L2[V2, V3] -> V0 -> V1 -> L2[V2, V1], tr: L7[]
[16:07:43.974965]	Exploring 0: L0[], 1: L0[], Ebi: L2[L7[], L0[]], Eib: L2[L0[], L0[]], Eii: L2[L0[], L0[]], put: L2[V2, V3] -> V0 -> V1 -> L2[V2, V2], tr: L7[]
[16:07:43.975196]	Exploring 0: L0[], 1: L0[], Ebi: L2[L7[], L0[]], Eib: L2[L0[], L0[]], Eii: L2[L0[], L0[]], put: L2[V2, V3] -> V0 -> V1 -> L2[V2, V3], tr: L7[]
[16:07:43.975427]	Exploring 0: L0[], 1: L0[], Ebi: L2[L7[], L0[]], Eib: L2[L0[], L0[]], Eii: L2[L0[], L0[]], put: L2[V2, V3] -> V0 -> V1 -> L2[V3, _9_], tr: L7[]
[16:07:43.975558]	Exploring 0: L0[], 1: L0[], Ebi: L2[L7[], L0[]], Eib: L2[L0[], L0[]], Eii: L2[L0[], L0[]], put: L2[V2, V3] -> V0 -> V1 -> L2[V3, L0[]], tr: L7[]
[16:07:43.975811]	Exploring 0: L0[], 1: L0[], Ebi: L2[L7[], L0[]], Eib: L2[L0[], L0[]], Eii: L2[L0[], L0[]], put: L2[V2, V3] -> V0 -> V1 -> L2[V3, L7[]], tr: L7[]
[16:07:43.976046]	Exploring 0: L0[], 1: L0[], Ebi: L2[L7[], L0[]], Eib: L2[L0[], L0[]], Eii: L2[L0[], L0[]], put: L2[V2, V3] -> V0 -> V1 -> L2[V3, V0], tr: L7[]
[16:07:43.976286]	Exploring 0: L0[], 1: L0[], Ebi: L2[L7[], L0[]], Eib: L2[L0[], L0[]], Eii: L2[L0[], L0[]], put: L2[V2, V3] -> V0 -> V1 -> L2[V3, V1], tr: L7[]
[16:07:43.976523]	Exploring 0: L0[], 1: L0[], Ebi: L2[L7[], L0[]], Eib: L2[L0[], L0[]], Eii: L2[L0[], L0[]], put: L2[V2, V3] -> V0 -> V1 -> L2[V3, V2], tr: L7[]
[16:07:43.976745]	Exploring 0: L0[], 1: L0[], Ebi: L2[L7[], L0[]], Eib: L2[L0[], L0[]], Eii: L2[L0[], L0[]], put: L2[V2, V3] -> V0 -> V1 -> L2[V3, V3], tr: L7[]
[16:07:43.976926]	Exploring 0: L0[], 1: L0[], Ebi: L2[L7[], L0[]], Eib: L2[L0[], L0[]], Eii: L2[L0[], L7[]], put: L2[_6_, _7_] -> V0 -> V1 -> L2[_8_, _9_], tr: L7[]
[16:07:43.977033]	Exploring 0: L0[], 1: L0[], Ebi: L2[L7[], L0[]], Eib: L2[L0[], L0[]], Eii: L2[L0[], L7[]], put: L2[V0, _7_] -> V0 -> V1 -> L2[_8_, _9_], tr: L7[]
[16:07:43.977195]	Exploring 0: L0[], 1: L0[], Ebi: L2[L7[], L0[]], Eib: L2[L0[], L0[]], Eii: L2[L0[], L7[]], put: L2[V0, V2] -> V0 -> V1 -> L2[_8_, _9_], tr: L7[]
[16:07:43.977330]	Exploring 0: L0[], 1: L0[], Ebi: L2[L7[], L0[]], Eib: L2[L0[], L0[]], Eii: L2[L0[], L7[]], put: L2[V0, V2] -> V0 -> V1 -> L2[V0, _9_], tr: L7[]
[16:07:43.977457]	Exploring 0: L0[], 1: L0[], Ebi: L2[L7[], L0[]], Eib: L2[L0[], L0[]], Eii: L2[L0[], L7[]], put: L2[V0, V2] -> V0 -> V1 -> L2[V0, L0[]], tr: L7[]
[16:07:43.977771]	Exploring 0: L0[], 1: L0[], Ebi: L2[L7[], L0[]], Eib: L2[L0[], L0[]], Eii: L2[L0[], L7[]], put: L2[V0, V2] -> V0 -> V1 -> L2[V0, L7[]], tr: L7[]
[16:07:43.978048]	Exploring 0: L0[], 1: L0[], Ebi: L2[L7[], L0[]], Eib: L2[L0[], L0[]], Eii: L2[L0[], L7[]], put: L2[V0, V2] -> V0 -> V1 -> L2[V0, V0], tr: L7[]
[16:07:43.978350]	Exploring 0: L0[], 1: L0[], Ebi: L2[L7[], L0[]], Eib: L2[L0[], L0[]], Eii: L2[L0[], L7[]], put: L2[V0, V2] -> V0 -> V1 -> L2[V0, V1], tr: L7[]
[16:07:43.978598]	Exploring 0: L0[], 1: L0[], Ebi: L2[L7[], L0[]], Eib: L2[L0[], L0[]], Eii: L2[L0[], L7[]], put: L2[V0, V2] -> V0 -> V1 -> L2[V0, V2], tr: L7[]
[16:07:43.978868]	Exploring 0: L0[], 1: L0[], Ebi: L2[L7[], L0[]], Eib: L2[L0[], L0[]], Eii: L2[L0[], L7[]], put: L2[V2, _7_] -> V0 -> V1 -> L2[_8_, _9_], tr: L7[]
[16:07:43.979051]	Exploring 0: L0[], 1: L0[], Ebi: L2[L7[], L0[]], Eib: L2[L0[], L0[]], Eii: L2[L0[], L7[]], put: L2[V2, V3] -> V0 -> V1 -> L2[_8_, _9_], tr: L7[]
[16:07:43.979206]	Exploring 0: L0[], 1: L0[], Ebi: L2[L7[], L0[]], Eib: L2[L0[], L0[]], Eii: L2[L0[], L7[]], put: L2[V2, V3] -> V0 -> V1 -> L2[L0[], _9_], tr: L7[]
[16:07:43.979373]	Exploring 0: L0[], 1: L0[], Ebi: L2[L7[], L0[]], Eib: L2[L0[], L0[]], Eii: L2[L0[], L7[]], put: L2[V2, V3] -> V0 -> V1 -> L2[L0[], L0[]], tr: L7[]
[16:07:43.979631]	Exploring 0: L0[], 1: L0[], Ebi: L2[L7[], L0[]], Eib: L2[L0[], L0[]], Eii: L2[L0[], L7[]], put: L2[V2, V3] -> V0 -> V1 -> L2[L0[], L7[]], tr: L7[]
[16:07:43.979883]	Exploring 0: L0[], 1: L0[], Ebi: L2[L7[], L0[]], Eib: L2[L0[], L0[]], Eii: L2[L0[], L7[]], put: L2[V2, V3] -> V0 -> V1 -> L2[L0[], V0], tr: L7[]
[16:07:43.980168]	Exploring 0: L0[], 1: L0[], Ebi: L2[L7[], L0[]], Eib: L2[L0[], L0[]], Eii: L2[L0[], L7[]], put: L2[V2, V3] -> V0 -> V1 -> L2[L0[], V1], tr: L7[]
[16:07:43.980430]	Exploring 0: L0[], 1: L0[], Ebi: L2[L7[], L0[]], Eib: L2[L0[], L0[]], Eii: L2[L0[], L7[]], put: L2[V2, V3] -> V0 -> V1 -> L2[L0[], V2], tr: L7[]
[16:07:43.980662]	Exploring 0: L0[], 1: L0[], Ebi: L2[L7[], L0[]], Eib: L2[L0[], L0[]], Eii: L2[L0[], L7[]], put: L2[V2, V3] -> V0 -> V1 -> L2[L0[], V3], tr: L7[]
[16:07:43.980889]	Exploring 0: L0[], 1: L0[], Ebi: L2[L7[], L0[]], Eib: L2[L0[], L0[]], Eii: L2[L0[], L7[]], put: L2[V2, V3] -> V0 -> V1 -> L2[L7[], _9_], tr: L7[]
[16:07:43.981022]	Exploring 0: L0[], 1: L0[], Ebi: L2[L7[], L0[]], Eib: L2[L0[], L0[]], Eii: L2[L0[], L7[]], put: L2[V2, V3] -> V0 -> V1 -> L2[L7[], L0[]], tr: L7[]
[16:07:43.981237]	Exploring 0: L0[], 1: L0[], Ebi: L2[L7[], L0[]], Eib: L2[L0[], L0[]], Eii: L2[L0[], L7[]], put: L2[V2, V3] -> V0 -> V1 -> L2[L7[], L7[]], tr: L7[]
[16:07:43.981465]	Exploring 0: L0[], 1: L0[], Ebi: L2[L7[], L0[]], Eib: L2[L0[], L0[]], Eii: L2[L0[], L7[]], put: L2[V2, V3] -> V0 -> V1 -> L2[L7[], V0], tr: L7[]
[16:07:43.981721]	Exploring 0: L0[], 1: L0[], Ebi: L2[L7[], L0[]], Eib: L2[L0[], L0[]], Eii: L2[L0[], L7[]], put: L2[V2, V3] -> V0 -> V1 -> L2[L7[], V1], tr: L7[]
[16:07:43.981959]	Exploring 0: L0[], 1: L0[], Ebi: L2[L7[], L0[]], Eib: L2[L0[], L0[]], Eii: L2[L0[], L7[]], put: L2[V2, V3] -> V0 -> V1 -> L2[L7[], V2], tr: L7[]
[16:07:43.982192]	Exploring 0: L0[], 1: L0[], Ebi: L2[L7[], L0[]], Eib: L2[L0[], L0[]], Eii: L2[L0[], L7[]], put: L2[V2, V3] -> V0 -> V1 -> L2[L7[], V3], tr: L7[]
[16:07:43.982431]	Exploring 0: L0[], 1: L0[], Ebi: L2[L7[], L0[]], Eib: L2[L0[], L0[]], Eii: L2[L0[], L7[]], put: L2[V2, V3] -> V0 -> V1 -> L2[V0, _9_], tr: L7[]
[16:07:43.982574]	Exploring 0: L0[], 1: L0[], Ebi: L2[L7[], L0[]], Eib: L2[L0[], L0[]], Eii: L2[L0[], L7[]], put: L2[V2, V3] -> V0 -> V1 -> L2[V0, L0[]], tr: L7[]
[16:07:43.982838]	Exploring 0: L0[], 1: L0[], Ebi: L2[L7[], L0[]], Eib: L2[L0[], L0[]], Eii: L2[L0[], L7[]], put: L2[V2, V3] -> V0 -> V1 -> L2[V0, L7[]], tr: L7[]
[16:07:43.983095]	Exploring 0: L0[], 1: L0[], Ebi: L2[L7[], L0[]], Eib: L2[L0[], L0[]], Eii: L2[L0[], L7[]], put: L2[V2, V3] -> V0 -> V1 -> L2[V0, V0], tr: L7[]
[16:07:43.983423]	Exploring 0: L0[], 1: L0[], Ebi: L2[L7[], L0[]], Eib: L2[L0[], L0[]], Eii: L2[L0[], L7[]], put: L2[V2, V3] -> V0 -> V1 -> L2[V0, V1], tr: L7[]
[16:07:43.983678]	Exploring 0: L0[], 1: L0[], Ebi: L2[L7[], L0[]], Eib: L2[L0[], L0[]], Eii: L2[L0[], L7[]], put: L2[V2, V3] -> V0 -> V1 -> L2[V0, V2], tr: L7[]
[16:07:43.983931]	Exploring 0: L0[], 1: L0[], Ebi: L2[L7[], L0[]], Eib: L2[L0[], L0[]], Eii: L2[L0[], L7[]], put: L2[V2, V3] -> V0 -> V1 -> L2[V0, V3], tr: L7[]
[16:07:43.984226]	Exploring 0: L0[], 1: L0[], Ebi: L2[L7[], L0[]], Eib: L2[L0[], L0[]], Eii: L2[L0[], L7[]], put: L2[V2, V3] -> V0 -> V1 -> L2[V1, _9_], tr: L7[]
[16:07:43.984390]	Exploring 0: L0[], 1: L0[], Ebi: L2[L7[], L0[]], Eib: L2[L0[], L0[]], Eii: L2[L0[], L7[]], put: L2[V2, V3] -> V0 -> V1 -> L2[V1, L0[]], tr: L7[]
[16:07:43.984652]	Exploring 0: L0[], 1: L0[], Ebi: L2[L7[], L0[]], Eib: L2[L0[], L0[]], Eii: L2[L0[], L7[]], put: L2[V2, V3] -> V0 -> V1 -> L2[V1, L7[]], tr: L7[]
[16:07:43.984918]	Exploring 0: L0[], 1: L0[], Ebi: L2[L7[], L0[]], Eib: L2[L0[], L0[]], Eii: L2[L0[], L7[]], put: L2[V2, V3] -> V0 -> V1 -> L2[V1, V0], tr: L7[]
[16:07:43.985161]	Exploring 0: L0[], 1: L0[], Ebi: L2[L7[], L0[]], Eib: L2[L0[], L0[]], Eii: L2[L0[], L7[]], put: L2[V2, V3] -> V0 -> V1 -> L2[V1, V1], tr: L7[]
[16:07:43.985408]	Exploring 0: L0[], 1: L0[], Ebi: L2[L7[], L0[]], Eib: L2[L0[], L0[]], Eii: L2[L0[], L7[]], put: L2[V2, V3] -> V0 -> V1 -> L2[V1, V2], tr: L7[]
[16:07:43.985670]	Exploring 0: L0[], 1: L0[], Ebi: L2[L7[], L0[]], Eib: L2[L0[], L0[]], Eii: L2[L0[], L7[]], put: L2[V2, V3] -> V0 -> V1 -> L2[V1, V3], tr: L7[]
[16:07:43.985898]	Exploring 0: L0[], 1: L0[], Ebi: L2[L7[], L0[]], Eib: L2[L0[], L0[]], Eii: L2[L0[], L7[]], put: L2[V2, V3] -> V0 -> V1 -> L2[V2, _9_], tr: L7[]
[16:07:43.986034]	Exploring 0: L0[], 1: L0[], Ebi: L2[L7[], L0[]], Eib: L2[L0[], L0[]], Eii: L2[L0[], L7[]], put: L2[V2, V3] -> V0 -> V1 -> L2[V2, L0[]], tr: L7[]
[16:07:43.986312]	Exploring 0: L0[], 1: L0[], Ebi: L2[L7[], L0[]], Eib: L2[L0[], L0[]], Eii: L2[L0[], L7[]], put: L2[V2, V3] -> V0 -> V1 -> L2[V2, L7[]], tr: L7[]
[16:07:43.986633]	Exploring 0: L0[], 1: L0[], Ebi: L2[L7[], L0[]], Eib: L2[L0[], L0[]], Eii: L2[L0[], L7[]], put: L2[V2, V3] -> V0 -> V1 -> L2[V2, V0], tr: L7[]
[16:07:43.986912]	Exploring 0: L0[], 1: L0[], Ebi: L2[L7[], L0[]], Eib: L2[L0[], L0[]], Eii: L2[L0[], L7[]], put: L2[V2, V3] -> V0 -> V1 -> L2[V2, V1], tr: L7[]
[16:07:43.987151]	Exploring 0: L0[], 1: L0[], Ebi: L2[L7[], L0[]], Eib: L2[L0[], L0[]], Eii: L2[L0[], L7[]], put: L2[V2, V3] -> V0 -> V1 -> L2[V2, V2], tr: L7[]
[16:07:43.987437]	Exploring 0: L0[], 1: L0[], Ebi: L2[L7[], L0[]], Eib: L2[L0[], L0[]], Eii: L2[L0[], L7[]], put: L2[V2, V3] -> V0 -> V1 -> L2[V2, V3], tr: L7[]
[16:07:43.987679]	Exploring 0: L0[], 1: L0[], Ebi: L2[L7[], L0[]], Eib: L2[L0[], L0[]], Eii: L2[L0[], L7[]], put: L2[V2, V3] -> V0 -> V1 -> L2[V3, _9_], tr: L7[]
[16:07:43.987829]	Exploring 0: L0[], 1: L0[], Ebi: L2[L7[], L0[]], Eib: L2[L0[], L0[]], Eii: L2[L0[], L7[]], put: L2[V2, V3] -> V0 -> V1 -> L2[V3, L0[]], tr: L7[]
[16:07:43.988066]	Exploring 0: L0[], 1: L0[], Ebi: L2[L7[], L0[]], Eib: L2[L0[], L0[]], Eii: L2[L0[], L7[]], put: L2[V2, V3] -> V0 -> V1 -> L2[V3, L7[]], tr: L7[]
[16:07:43.988303]	Exploring 0: L0[], 1: L0[], Ebi: L2[L7[], L0[]], Eib: L2[L0[], L0[]], Eii: L2[L0[], L7[]], put: L2[V2, V3] -> V0 -> V1 -> L2[V3, V0], tr: L7[]
[16:07:43.988550]	Exploring 0: L0[], 1: L0[], Ebi: L2[L7[], L0[]], Eib: L2[L0[], L0[]], Eii: L2[L0[], L7[]], put: L2[V2, V3] -> V0 -> V1 -> L2[V3, V1], tr: L7[]
[16:07:43.988788]	Exploring 0: L0[], 1: L0[], Ebi: L2[L7[], L0[]], Eib: L2[L0[], L0[]], Eii: L2[L0[], L7[]], put: L2[V2, V3] -> V0 -> V1 -> L2[V3, V2], tr: L7[]
[16:07:43.989013]	Exploring 0: L0[], 1: L0[], Ebi: L2[L7[], L0[]], Eib: L2[L0[], L0[]], Eii: L2[L0[], L7[]], put: L2[V2, V3] -> V0 -> V1 -> L2[V3, V3], tr: L7[]
[16:07:43.989199]	Exploring 0: L0[], 1: L0[], Ebi: L2[L7[], L0[]], Eib: L2[L0[], L0[]], Eii: L2[L7[], _5_], put: L2[_6_, _7_] -> V0 -> V1 -> L2[_8_, _9_], tr: L7[]
[16:07:43.989286]	Exploring 0: L0[], 1: L0[], Ebi: L2[L7[], L0[]], Eib: L2[L0[], L0[]], Eii: L2[L7[], L0[]], put: L2[_6_, _7_] -> V0 -> V1 -> L2[_8_, _9_], tr: L7[]
[16:07:43.989482]	Exploring 0: L0[], 1: L0[], Ebi: L2[L7[], L0[]], Eib: L2[L0[], L0[]], Eii: L2[L7[], L0[]], put: L2[V2, _7_] -> V0 -> V1 -> L2[_8_, _9_], tr: L7[]
[16:07:43.989602]	Exploring 0: L0[], 1: L0[], Ebi: L2[L7[], L0[]], Eib: L2[L0[], L0[]], Eii: L2[L7[], L0[]], put: L2[V2, L0[]] -> V0 -> V1 -> L2[_8_, _9_], tr: L7[]
[16:07:43.989725]	Exploring 0: L0[], 1: L0[], Ebi: L2[L7[], L0[]], Eib: L2[L0[], L0[]], Eii: L2[L7[], L0[]], put: L2[V2, L0[]] -> V0 -> V1 -> L2[L0[], _9_], tr: L7[]
[16:07:43.989862]	Exploring 0: L0[], 1: L0[], Ebi: L2[L7[], L0[]], Eib: L2[L0[], L0[]], Eii: L2[L7[], L0[]], put: L2[V2, L0[]] -> V0 -> V1 -> L2[L0[], L0[]], tr: L7[]
[16:07:43.990193]	Exploring 0: L0[], 1: L0[], Ebi: L2[L7[], L0[]], Eib: L2[L0[], L0[]], Eii: L2[L7[], L0[]], put: L2[V2, L0[]] -> V0 -> V1 -> L2[L7[], _9_], tr: L7[]
[16:07:43.990351]	Exploring 0: L0[], 1: L0[], Ebi: L2[L7[], L0[]], Eib: L2[L0[], L0[]], Eii: L2[L7[], L0[]], put: L2[V2, L0[]] -> V0 -> V1 -> L2[L7[], L0[]], tr: L7[]
[16:07:43.990736]	Exploring 0: L0[], 1: L0[], Ebi: L2[L7[], L0[]], Eib: L2[L0[], L0[]], Eii: L2[L7[], L0[]], put: L2[V2, L0[]] -> V0 -> V1 -> L2[V0, _9_], tr: L7[]
[16:07:43.990871]	Exploring 0: L0[], 1: L0[], Ebi: L2[L7[], L0[]], Eib: L2[L0[], L0[]], Eii: L2[L7[], L0[]], put: L2[V2, L0[]] -> V0 -> V1 -> L2[V0, L0[]], tr: L7[]
[16:07:43.991158]	Exploring 0: L0[], 1: L0[], Ebi: L2[L7[], L0[]], Eib: L2[L0[], L0[]], Eii: L2[L7[], L0[]], put: L2[V2, L0[]] -> V0 -> V1 -> L2[V1, _9_], tr: L7[]
[16:07:43.991325]	Exploring 0: L0[], 1: L0[], Ebi: L2[L7[], L0[]], Eib: L2[L0[], L0[]], Eii: L2[L7[], L0[]], put: L2[V2, L0[]] -> V0 -> V1 -> L2[V1, L0[]], tr: L7[]
[16:07:43.991630]	Exploring 0: L0[], 1: L0[], Ebi: L2[L7[], L0[]], Eib: L2[L0[], L0[]], Eii: L2[L7[], L0[]], put: L2[V2, L0[]] -> V0 -> V1 -> L2[V2, _9_], tr: L7[]
[16:07:43.991759]	Exploring 0: L0[], 1: L0[], Ebi: L2[L7[], L0[]], Eib: L2[L0[], L0[]], Eii: L2[L7[], L0[]], put: L2[V2, L0[]] -> V0 -> V1 -> L2[V2, L0[]], tr: L7[]
[16:07:43.992083]	Exploring 0: L0[], 1: L0[], Ebi: L2[L7[], L0[]], Eib: L2[L0[], L0[]], Eii: L2[L7[], L0[]], put: L2[V2, V3] -> V0 -> V1 -> L2[_8_, _9_], tr: L7[]
[16:07:43.992203]	Exploring 0: L0[], 1: L0[], Ebi: L2[L7[], L0[]], Eib: L2[L0[], L0[]], Eii: L2[L7[], L0[]], put: L2[V2, V3] -> V0 -> V1 -> L2[L0[], _9_], tr: L7[]
[16:07:43.992331]	Exploring 0: L0[], 1: L0[], Ebi: L2[L7[], L0[]], Eib: L2[L0[], L0[]], Eii: L2[L7[], L0[]], put: L2[V2, V3] -> V0 -> V1 -> L2[L0[], L0[]], tr: L7[]
[16:07:43.992542]	Exploring 0: L0[], 1: L0[], Ebi: L2[L7[], L0[]], Eib: L2[L0[], L0[]], Eii: L2[L7[], L0[]], put: L2[V2, V3] -> V0 -> V1 -> L2[L0[], L7[]], tr: L7[]
[16:07:43.992777]	Exploring 0: L0[], 1: L0[], Ebi: L2[L7[], L0[]], Eib: L2[L0[], L0[]], Eii: L2[L7[], L0[]], put: L2[V2, V3] -> V0 -> V1 -> L2[L0[], V0], tr: L7[]
[16:07:43.993095]	Exploring 0: L0[], 1: L0[], Ebi: L2[L7[], L0[]], Eib: L2[L0[], L0[]], Eii: L2[L7[], L0[]], put: L2[V2, V3] -> V0 -> V1 -> L2[L0[], V1], tr: L7[]
[16:07:43.993353]	Exploring 0: L0[], 1: L0[], Ebi: L2[L7[], L0[]], Eib: L2[L0[], L0[]], Eii: L2[L7[], L0[]], put: L2[V2, V3] -> V0 -> V1 -> L2[L0[], V2], tr: L7[]
[16:07:43.993583]	Exploring 0: L0[], 1: L0[], Ebi: L2[L7[], L0[]], Eib: L2[L0[], L0[]], Eii: L2[L7[], L0[]], put: L2[V2, V3] -> V0 -> V1 -> L2[L0[], V3], tr: L7[]
[16:07:43.993808]	Exploring 0: L0[], 1: L0[], Ebi: L2[L7[], L0[]], Eib: L2[L0[], L0[]], Eii: L2[L7[], L0[]], put: L2[V2, V3] -> V0 -> V1 -> L2[L7[], _9_], tr: L7[]
[16:07:43.993953]	Exploring 0: L0[], 1: L0[], Ebi: L2[L7[], L0[]], Eib: L2[L0[], L0[]], Eii: L2[L7[], L0[]], put: L2[V2, V3] -> V0 -> V1 -> L2[L7[], L0[]], tr: L7[]
[16:07:43.994232]	Exploring 0: L0[], 1: L0[], Ebi: L2[L7[], L0[]], Eib: L2[L0[], L0[]], Eii: L2[L7[], L0[]], put: L2[V2, V3] -> V0 -> V1 -> L2[L7[], L7[]], tr: L7[]
[16:07:43.994511]	Exploring 0: L0[], 1: L0[], Ebi: L2[L7[], L0[]], Eib: L2[L0[], L0[]], Eii: L2[L7[], L0[]], put: L2[V2, V3] -> V0 -> V1 -> L2[L7[], V0], tr: L7[]
[16:07:43.994779]	Exploring 0: L0[], 1: L0[], Ebi: L2[L7[], L0[]], Eib: L2[L0[], L0[]], Eii: L2[L7[], L0[]], put: L2[V2, V3] -> V0 -> V1 -> L2[L7[], V1], tr: L7[]
[16:07:43.995027]	Exploring 0: L0[], 1: L0[], Ebi: L2[L7[], L0[]], Eib: L2[L0[], L0[]], Eii: L2[L7[], L0[]], put: L2[V2, V3] -> V0 -> V1 -> L2[L7[], V2], tr: L7[]
[16:07:43.995256]	Exploring 0: L0[], 1: L0[], Ebi: L2[L7[], L0[]], Eib: L2[L0[], L0[]], Eii: L2[L7[], L0[]], put: L2[V2, V3] -> V0 -> V1 -> L2[L7[], V3], tr: L7[]
[16:07:43.995537]	Exploring 0: L0[], 1: L0[], Ebi: L2[L7[], L0[]], Eib: L2[L0[], L0[]], Eii: L2[L7[], L0[]], put: L2[V2, V3] -> V0 -> V1 -> L2[V0, _9_], tr: L7[]
[16:07:43.995695]	Exploring 0: L0[], 1: L0[], Ebi: L2[L7[], L0[]], Eib: L2[L0[], L0[]], Eii: L2[L7[], L0[]], put: L2[V2, V3] -> V0 -> V1 -> L2[V0, L0[]], tr: L7[]
[16:07:43.995966]	Exploring 0: L0[], 1: L0[], Ebi: L2[L7[], L0[]], Eib: L2[L0[], L0[]], Eii: L2[L7[], L0[]], put: L2[V2, V3] -> V0 -> V1 -> L2[V0, L7[]], tr: L7[]
[16:07:43.996224]	Exploring 0: L0[], 1: L0[], Ebi: L2[L7[], L0[]], Eib: L2[L0[], L0[]], Eii: L2[L7[], L0[]], put: L2[V2, V3] -> V0 -> V1 -> L2[V0, V0], tr: L7[]
[16:07:43.996538]	Exploring 0: L0[], 1: L0[], Ebi: L2[L7[], L0[]], Eib: L2[L0[], L0[]], Eii: L2[L7[], L0[]], put: L2[V2, V3] -> V0 -> V1 -> L2[V0, V1], tr: L7[]
[16:07:43.996881]	Exploring 0: L0[], 1: L0[], Ebi: L2[L7[], L0[]], Eib: L2[L0[], L0[]], Eii: L2[L7[], L0[]], put: L2[V2, V3] -> V0 -> V1 -> L2[V0, V2], tr: L7[]
[16:07:43.997156]	Exploring 0: L0[], 1: L0[], Ebi: L2[L7[], L0[]], Eib: L2[L0[], L0[]], Eii: L2[L7[], L0[]], put: L2[V2, V3] -> V0 -> V1 -> L2[V0, V3], tr: L7[]
[16:07:43.997396]	Exploring 0: L0[], 1: L0[], Ebi: L2[L7[], L0[]], Eib: L2[L0[], L0[]], Eii: L2[L7[], L0[]], put: L2[V2, V3] -> V0 -> V1 -> L2[V1, _9_], tr: L7[]
[16:07:43.997577]	Exploring 0: L0[], 1: L0[], Ebi: L2[L7[], L0[]], Eib: L2[L0[], L0[]], Eii: L2[L7[], L0[]], put: L2[V2, V3] -> V0 -> V1 -> L2[V1, L0[]], tr: L7[]
[16:07:43.997913]	Exploring 0: L0[], 1: L0[], Ebi: L2[L7[], L0[]], Eib: L2[L0[], L0[]], Eii: L2[L7[], L0[]], put: L2[V2, V3] -> V0 -> V1 -> L2[V1, L7[]], tr: L7[]
[16:07:43.998252]	Exploring 0: L0[], 1: L0[], Ebi: L2[L7[], L0[]], Eib: L2[L0[], L0[]], Eii: L2[L7[], L0[]], put: L2[V2, V3] -> V0 -> V1 -> L2[V1, V0], tr: L7[]
[16:07:43.998518]	Exploring 0: L0[], 1: L0[], Ebi: L2[L7[], L0[]], Eib: L2[L0[], L0[]], Eii: L2[L7[], L0[]], put: L2[V2, V3] -> V0 -> V1 -> L2[V1, V1], tr: L7[]
[16:07:43.998760]	Exploring 0: L0[], 1: L0[], Ebi: L2[L7[], L0[]], Eib: L2[L0[], L0[]], Eii: L2[L7[], L0[]], put: L2[V2, V3] -> V0 -> V1 -> L2[V1, V2], tr: L7[]
[16:07:43.999070]	Exploring 0: L0[], 1: L0[], Ebi: L2[L7[], L0[]], Eib: L2[L0[], L0[]], Eii: L2[L7[], L0[]], put: L2[V2, V3] -> V0 -> V1 -> L2[V1, V3], tr: L7[]
[16:07:43.999315]	Exploring 0: L0[], 1: L0[], Ebi: L2[L7[], L0[]], Eib: L2[L0[], L0[]], Eii: L2[L7[], L0[]], put: L2[V2, V3] -> V0 -> V1 -> L2[V2, _9_], tr: L7[]
[16:07:43.999454]	Exploring 0: L0[], 1: L0[], Ebi: L2[L7[], L0[]], Eib: L2[L0[], L0[]], Eii: L2[L7[], L0[]], put: L2[V2, V3] -> V0 -> V1 -> L2[V2, L0[]], tr: L7[]
[16:07:43.999667]	Exploring 0: L0[], 1: L0[], Ebi: L2[L7[], L0[]], Eib: L2[L0[], L0[]], Eii: L2[L7[], L0[]], put: L2[V2, V3] -> V0 -> V1 -> L2[V2, L7[]], tr: L7[]
[16:07:43.999893]	Exploring 0: L0[], 1: L0[], Ebi: L2[L7[], L0[]], Eib: L2[L0[], L0[]], Eii: L2[L7[], L0[]], put: L2[V2, V3] -> V0 -> V1 -> L2[V2, V0], tr: L7[]
[16:07:44.000129]	Exploring 0: L0[], 1: L0[], Ebi: L2[L7[], L0[]], Eib: L2[L0[], L0[]], Eii: L2[L7[], L0[]], put: L2[V2, V3] -> V0 -> V1 -> L2[V2, V1], tr: L7[]
[16:07:44.000350]	Exploring 0: L0[], 1: L0[], Ebi: L2[L7[], L0[]], Eib: L2[L0[], L0[]], Eii: L2[L7[], L0[]], put: L2[V2, V3] -> V0 -> V1 -> L2[V2, V2], tr: L7[]
[16:07:44.000557]	Exploring 0: L0[], 1: L0[], Ebi: L2[L7[], L0[]], Eib: L2[L0[], L0[]], Eii: L2[L7[], L0[]], put: L2[V2, V3] -> V0 -> V1 -> L2[V2, V3], tr: L7[]
[16:07:44.000780]	Exploring 0: L0[], 1: L0[], Ebi: L2[L7[], L0[]], Eib: L2[L0[], L0[]], Eii: L2[L7[], L0[]], put: L2[V2, V3] -> V0 -> V1 -> L2[V3, _9_], tr: L7[]
[16:07:44.000907]	Exploring 0: L0[], 1: L0[], Ebi: L2[L7[], L0[]], Eib: L2[L0[], L0[]], Eii: L2[L7[], L0[]], put: L2[V2, V3] -> V0 -> V1 -> L2[V3, L0[]], tr: L7[]
[16:07:44.001131]	Exploring 0: L0[], 1: L0[], Ebi: L2[L7[], L0[]], Eib: L2[L0[], L0[]], Eii: L2[L7[], L0[]], put: L2[V2, V3] -> V0 -> V1 -> L2[V3, L7[]], tr: L7[]
[16:07:44.001356]	Exploring 0: L0[], 1: L0[], Ebi: L2[L7[], L0[]], Eib: L2[L0[], L0[]], Eii: L2[L7[], L0[]], put: L2[V2, V3] -> V0 -> V1 -> L2[V3, V0], tr: L7[]
[16:07:44.001592]	Exploring 0: L0[], 1: L0[], Ebi: L2[L7[], L0[]], Eib: L2[L0[], L0[]], Eii: L2[L7[], L0[]], put: L2[V2, V3] -> V0 -> V1 -> L2[V3, V1], tr: L7[]
[16:07:44.001829]	Exploring 0: L0[], 1: L0[], Ebi: L2[L7[], L0[]], Eib: L2[L0[], L0[]], Eii: L2[L7[], L0[]], put: L2[V2, V3] -> V0 -> V1 -> L2[V3, V2], tr: L7[]
[16:07:44.002044]	Exploring 0: L0[], 1: L0[], Ebi: L2[L7[], L0[]], Eib: L2[L0[], L0[]], Eii: L2[L7[], L0[]], put: L2[V2, V3] -> V0 -> V1 -> L2[V3, V3], tr: L7[]
[16:07:44.002219]	Exploring 0: L0[], 1: L0[], Ebi: L2[L7[], L0[]], Eib: L2[L0[], L0[]], Eii: L2[L7[], L7[]], put: L2[_6_, _7_] -> V0 -> V1 -> L2[_8_, _9_], tr: L7[]
[16:07:44.002362]	Exploring 0: L0[], 1: L0[], Ebi: L2[L7[], L0[]], Eib: L2[L0[], L0[]], Eii: L2[L7[], L7[]], put: L2[V2, _7_] -> V0 -> V1 -> L2[_8_, _9_], tr: L7[]
[16:07:44.002523]	Exploring 0: L0[], 1: L0[], Ebi: L2[L7[], L0[]], Eib: L2[L0[], L0[]], Eii: L2[L7[], L7[]], put: L2[V2, V3] -> V0 -> V1 -> L2[_8_, _9_], tr: L7[]
[16:07:44.002654]	Exploring 0: L0[], 1: L0[], Ebi: L2[L7[], L0[]], Eib: L2[L0[], L0[]], Eii: L2[L7[], L7[]], put: L2[V2, V3] -> V0 -> V1 -> L2[L0[], _9_], tr: L7[]
[16:07:44.002785]	Exploring 0: L0[], 1: L0[], Ebi: L2[L7[], L0[]], Eib: L2[L0[], L0[]], Eii: L2[L7[], L7[]], put: L2[V2, V3] -> V0 -> V1 -> L2[L0[], L0[]], tr: L7[]
[16:07:44.003022]	Exploring 0: L0[], 1: L0[], Ebi: L2[L7[], L0[]], Eib: L2[L0[], L0[]], Eii: L2[L7[], L7[]], put: L2[V2, V3] -> V0 -> V1 -> L2[L0[], L7[]], tr: L7[]
[16:07:44.003274]	Exploring 0: L0[], 1: L0[], Ebi: L2[L7[], L0[]], Eib: L2[L0[], L0[]], Eii: L2[L7[], L7[]], put: L2[V2, V3] -> V0 -> V1 -> L2[L0[], V0], tr: L7[]
[16:07:44.003570]	Exploring 0: L0[], 1: L0[], Ebi: L2[L7[], L0[]], Eib: L2[L0[], L0[]], Eii: L2[L7[], L7[]], put: L2[V2, V3] -> V0 -> V1 -> L2[L0[], V1], tr: L7[]
[16:07:44.003823]	Exploring 0: L0[], 1: L0[], Ebi: L2[L7[], L0[]], Eib: L2[L0[], L0[]], Eii: L2[L7[], L7[]], put: L2[V2, V3] -> V0 -> V1 -> L2[L0[], V2], tr: L7[]
[16:07:44.004062]	Exploring 0: L0[], 1: L0[], Ebi: L2[L7[], L0[]], Eib: L2[L0[], L0[]], Eii: L2[L7[], L7[]], put: L2[V2, V3] -> V0 -> V1 -> L2[L0[], V3], tr: L7[]
[16:07:44.004296]	Exploring 0: L0[], 1: L0[], Ebi: L2[L7[], L0[]], Eib: L2[L0[], L0[]], Eii: L2[L7[], L7[]], put: L2[V2, V3] -> V0 -> V1 -> L2[L7[], _9_], tr: L7[]
[16:07:44.004471]	Exploring 0: L0[], 1: L0[], Ebi: L2[L7[], L0[]], Eib: L2[L0[], L0[]], Eii: L2[L7[], L7[]], put: L2[V2, V3] -> V0 -> V1 -> L2[L7[], L0[]], tr: L7[]
[16:07:44.004693]	Exploring 0: L0[], 1: L0[], Ebi: L2[L7[], L0[]], Eib: L2[L0[], L0[]], Eii: L2[L7[], L7[]], put: L2[V2, V3] -> V0 -> V1 -> L2[L7[], L7[]], tr: L7[]
[16:07:44.004928]	Exploring 0: L0[], 1: L0[], Ebi: L2[L7[], L0[]], Eib: L2[L0[], L0[]], Eii: L2[L7[], L7[]], put: L2[V2, V3] -> V0 -> V1 -> L2[L7[], V0], tr: L7[]
[16:07:44.005195]	Exploring 0: L0[], 1: L0[], Ebi: L2[L7[], L0[]], Eib: L2[L0[], L0[]], Eii: L2[L7[], L7[]], put: L2[V2, V3] -> V0 -> V1 -> L2[L7[], V1], tr: L7[]
[16:07:44.005440]	Exploring 0: L0[], 1: L0[], Ebi: L2[L7[], L0[]], Eib: L2[L0[], L0[]], Eii: L2[L7[], L7[]], put: L2[V2, V3] -> V0 -> V1 -> L2[L7[], V2], tr: L7[]
[16:07:44.005672]	Exploring 0: L0[], 1: L0[], Ebi: L2[L7[], L0[]], Eib: L2[L0[], L0[]], Eii: L2[L7[], L7[]], put: L2[V2, V3] -> V0 -> V1 -> L2[L7[], V3], tr: L7[]
[16:07:44.005920]	Exploring 0: L0[], 1: L0[], Ebi: L2[L7[], L0[]], Eib: L2[L0[], L0[]], Eii: L2[L7[], L7[]], put: L2[V2, V3] -> V0 -> V1 -> L2[V0, _9_], tr: L7[]
[16:07:44.006078]	Exploring 0: L0[], 1: L0[], Ebi: L2[L7[], L0[]], Eib: L2[L0[], L0[]], Eii: L2[L7[], L7[]], put: L2[V2, V3] -> V0 -> V1 -> L2[V0, L0[]], tr: L7[]
[16:07:44.006335]	Exploring 0: L0[], 1: L0[], Ebi: L2[L7[], L0[]], Eib: L2[L0[], L0[]], Eii: L2[L7[], L7[]], put: L2[V2, V3] -> V0 -> V1 -> L2[V0, L7[]], tr: L7[]
[16:07:44.006584]	Exploring 0: L0[], 1: L0[], Ebi: L2[L7[], L0[]], Eib: L2[L0[], L0[]], Eii: L2[L7[], L7[]], put: L2[V2, V3] -> V0 -> V1 -> L2[V0, V0], tr: L7[]
[16:07:44.006845]	Exploring 0: L0[], 1: L0[], Ebi: L2[L7[], L0[]], Eib: L2[L0[], L0[]], Eii: L2[L7[], L7[]], put: L2[V2, V3] -> V0 -> V1 -> L2[V0, V1], tr: L7[]
[16:07:44.007095]	Exploring 0: L0[], 1: L0[], Ebi: L2[L7[], L0[]], Eib: L2[L0[], L0[]], Eii: L2[L7[], L7[]], put: L2[V2, V3] -> V0 -> V1 -> L2[V0, V2], tr: L7[]
[16:07:44.007349]	Exploring 0: L0[], 1: L0[], Ebi: L2[L7[], L0[]], Eib: L2[L0[], L0[]], Eii: L2[L7[], L7[]], put: L2[V2, V3] -> V0 -> V1 -> L2[V0, V3], tr: L7[]
[16:07:44.007619]	Exploring 0: L0[], 1: L0[], Ebi: L2[L7[], L0[]], Eib: L2[L0[], L0[]], Eii: L2[L7[], L7[]], put: L2[V2, V3] -> V0 -> V1 -> L2[V1, _9_], tr: L7[]
[16:07:44.007773]	Exploring 0: L0[], 1: L0[], Ebi: L2[L7[], L0[]], Eib: L2[L0[], L0[]], Eii: L2[L7[], L7[]], put: L2[V2, V3] -> V0 -> V1 -> L2[V1, L0[]], tr: L7[]
[16:07:44.008028]	Exploring 0: L0[], 1: L0[], Ebi: L2[L7[], L0[]], Eib: L2[L0[], L0[]], Eii: L2[L7[], L7[]], put: L2[V2, V3] -> V0 -> V1 -> L2[V1, L7[]], tr: L7[]
[16:07:44.008290]	Exploring 0: L0[], 1: L0[], Ebi: L2[L7[], L0[]], Eib: L2[L0[], L0[]], Eii: L2[L7[], L7[]], put: L2[V2, V3] -> V0 -> V1 -> L2[V1, V0], tr: L7[]
[16:07:44.008549]	Exploring 0: L0[], 1: L0[], Ebi: L2[L7[], L0[]], Eib: L2[L0[], L0[]], Eii: L2[L7[], L7[]], put: L2[V2, V3] -> V0 -> V1 -> L2[V1, V1], tr: L7[]
[16:07:44.008813]	Exploring 0: L0[], 1: L0[], Ebi: L2[L7[], L0[]], Eib: L2[L0[], L0[]], Eii: L2[L7[], L7[]], put: L2[V2, V3] -> V0 -> V1 -> L2[V1, V2], tr: L7[]
[16:07:44.009063]	Exploring 0: L0[], 1: L0[], Ebi: L2[L7[], L0[]], Eib: L2[L0[], L0[]], Eii: L2[L7[], L7[]], put: L2[V2, V3] -> V0 -> V1 -> L2[V1, V3], tr: L7[]
[16:07:44.009295]	Exploring 0: L0[], 1: L0[], Ebi: L2[L7[], L0[]], Eib: L2[L0[], L0[]], Eii: L2[L7[], L7[]], put: L2[V2, V3] -> V0 -> V1 -> L2[V2, _9_], tr: L7[]
[16:07:44.009442]	Exploring 0: L0[], 1: L0[], Ebi: L2[L7[], L0[]], Eib: L2[L0[], L0[]], Eii: L2[L7[], L7[]], put: L2[V2, V3] -> V0 -> V1 -> L2[V2, L0[]], tr: L7[]
[16:07:44.009676]	Exploring 0: L0[], 1: L0[], Ebi: L2[L7[], L0[]], Eib: L2[L0[], L0[]], Eii: L2[L7[], L7[]], put: L2[V2, V3] -> V0 -> V1 -> L2[V2, L7[]], tr: L7[]
[16:07:44.009916]	Exploring 0: L0[], 1: L0[], Ebi: L2[L7[], L0[]], Eib: L2[L0[], L0[]], Eii: L2[L7[], L7[]], put: L2[V2, V3] -> V0 -> V1 -> L2[V2, V0], tr: L7[]
[16:07:44.010170]	Exploring 0: L0[], 1: L0[], Ebi: L2[L7[], L0[]], Eib: L2[L0[], L0[]], Eii: L2[L7[], L7[]], put: L2[V2, V3] -> V0 -> V1 -> L2[V2, V1], tr: L7[]
[16:07:44.010498]	Exploring 0: L0[], 1: L0[], Ebi: L2[L7[], L0[]], Eib: L2[L0[], L0[]], Eii: L2[L7[], L7[]], put: L2[V2, V3] -> V0 -> V1 -> L2[V2, V2], tr: L7[]
[16:07:44.010798]	Exploring 0: L0[], 1: L0[], Ebi: L2[L7[], L0[]], Eib: L2[L0[], L0[]], Eii: L2[L7[], L7[]], put: L2[V2, V3] -> V0 -> V1 -> L2[V2, V3], tr: L7[]
[16:07:44.011062]	Exploring 0: L0[], 1: L0[], Ebi: L2[L7[], L0[]], Eib: L2[L0[], L0[]], Eii: L2[L7[], L7[]], put: L2[V2, V3] -> V0 -> V1 -> L2[V3, _9_], tr: L7[]
[16:07:44.011256]	Exploring 0: L0[], 1: L0[], Ebi: L2[L7[], L0[]], Eib: L2[L0[], L0[]], Eii: L2[L7[], L7[]], put: L2[V2, V3] -> V0 -> V1 -> L2[V3, L0[]], tr: L7[]
[16:07:44.011558]	Exploring 0: L0[], 1: L0[], Ebi: L2[L7[], L0[]], Eib: L2[L0[], L0[]], Eii: L2[L7[], L7[]], put: L2[V2, V3] -> V0 -> V1 -> L2[V3, L7[]], tr: L7[]
[16:07:44.011823]	Exploring 0: L0[], 1: L0[], Ebi: L2[L7[], L0[]], Eib: L2[L0[], L0[]], Eii: L2[L7[], L7[]], put: L2[V2, V3] -> V0 -> V1 -> L2[V3, V0], tr: L7[]
[16:07:44.012078]	Exploring 0: L0[], 1: L0[], Ebi: L2[L7[], L0[]], Eib: L2[L0[], L0[]], Eii: L2[L7[], L7[]], put: L2[V2, V3] -> V0 -> V1 -> L2[V3, V1], tr: L7[]
[16:07:44.012349]	Exploring 0: L0[], 1: L0[], Ebi: L2[L7[], L0[]], Eib: L2[L0[], L0[]], Eii: L2[L7[], L7[]], put: L2[V2, V3] -> V0 -> V1 -> L2[V3, V2], tr: L7[]
[16:07:44.012604]	Exploring 0: L0[], 1: L0[], Ebi: L2[L7[], L0[]], Eib: L2[L0[], L0[]], Eii: L2[L7[], L7[]], put: L2[V2, V3] -> V0 -> V1 -> L2[V3, V3], tr: L7[]
[16:07:44.012838]	Exploring 0: L0[], 1: L0[], Ebi: L2[L7[], L0[]], Eib: L2[L0[], L7[]], Eii: L2[_4_, _5_], put: L2[_6_, _7_] -> V0 -> V1 -> L2[_8_, _9_], tr: L7[]
[16:07:44.012942]	Exploring 0: L0[], 1: L0[], Ebi: L2[L7[], L0[]], Eib: L2[L0[], L7[]], Eii: L2[L0[], _5_], put: L2[_6_, _7_] -> V0 -> V1 -> L2[_8_, _9_], tr: L7[]
[16:07:44.013026]	Exploring 0: L0[], 1: L0[], Ebi: L2[L7[], L0[]], Eib: L2[L0[], L7[]], Eii: L2[L0[], L0[]], put: L2[_6_, _7_] -> V0 -> V1 -> L2[_8_, _9_], tr: L7[]
[16:07:44.013163]	Exploring 0: L0[], 1: L0[], Ebi: L2[L7[], L0[]], Eib: L2[L0[], L7[]], Eii: L2[L0[], L0[]], put: L2[V0, _7_] -> V0 -> V1 -> L2[_8_, _9_], tr: L7[]
[16:07:44.013327]	Exploring 0: L0[], 1: L0[], Ebi: L2[L7[], L0[]], Eib: L2[L0[], L7[]], Eii: L2[L0[], L0[]], put: L2[V0, V1] -> V0 -> V1 -> L2[_8_, _9_], tr: L7[]
[16:07:44.013464]	Exploring 0: L0[], 1: L0[], Ebi: L2[L7[], L0[]], Eib: L2[L0[], L7[]], Eii: L2[L0[], L0[]], put: L2[V0, V1] -> V0 -> V1 -> L2[V0, _9_], tr: L7[]
[16:07:44.013609]	Exploring 0: L0[], 1: L0[], Ebi: L2[L7[], L0[]], Eib: L2[L0[], L7[]], Eii: L2[L0[], L0[]], put: L2[V0, V1] -> V0 -> V1 -> L2[V0, V1], tr: L7[]
[16:07:44.013931]	Exploring 0: L0[], 1: L0[], Ebi: L2[L7[], L0[]], Eib: L2[L0[], L7[]], Eii: L2[L0[], L0[]], put: L2[V0, V2] -> V0 -> V1 -> L2[_8_, _9_], tr: L7[]
[16:07:44.014085]	Exploring 0: L0[], 1: L0[], Ebi: L2[L7[], L0[]], Eib: L2[L0[], L7[]], Eii: L2[L0[], L0[]], put: L2[V0, V2] -> V0 -> V1 -> L2[V0, _9_], tr: L7[]
[16:07:44.014268]	Exploring 0: L0[], 1: L0[], Ebi: L2[L7[], L0[]], Eib: L2[L0[], L7[]], Eii: L2[L0[], L0[]], put: L2[V0, V2] -> V0 -> V1 -> L2[V0, L0[]], tr: L7[]
[16:07:44.014568]	Exploring 0: L0[], 1: L0[], Ebi: L2[L7[], L0[]], Eib: L2[L0[], L7[]], Eii: L2[L0[], L0[]], put: L2[V0, V2] -> V0 -> V1 -> L2[V0, L7[]], tr: L7[]
[16:07:44.014826]	Exploring 0: L0[], 1: L0[], Ebi: L2[L7[], L0[]], Eib: L2[L0[], L7[]], Eii: L2[L0[], L0[]], put: L2[V0, V2] -> V0 -> V1 -> L2[V0, V0], tr: L7[]
[16:07:44.015053]	Exploring 0: L0[], 1: L0[], Ebi: L2[L7[], L0[]], Eib: L2[L0[], L7[]], Eii: L2[L0[], L0[]], put: L2[V0, V2] -> V0 -> V1 -> L2[V0, V1], tr: L7[]
[16:07:44.015362]	Exploring 0: L0[], 1: L0[], Ebi: L2[L7[], L0[]], Eib: L2[L0[], L7[]], Eii: L2[L0[], L0[]], put: L2[V0, V2] -> V0 -> V1 -> L2[V0, V2], tr: L7[]
[16:07:44.015632]	Exploring 0: L0[], 1: L0[], Ebi: L2[L7[], L0[]], Eib: L2[L0[], L7[]], Eii: L2[L0[], L0[]], put: L2[V2, _7_] -> V0 -> V1 -> L2[_8_, _9_], tr: L7[]
[16:07:44.015773]	Exploring 0: L0[], 1: L0[], Ebi: L2[L7[], L0[]], Eib: L2[L0[], L7[]], Eii: L2[L0[], L0[]], put: L2[V2, V1] -> V0 -> V1 -> L2[_8_, _9_], tr: L7[]
[16:07:44.015902]	Exploring 0: L0[], 1: L0[], Ebi: L2[L7[], L0[]], Eib: L2[L0[], L7[]], Eii: L2[L0[], L0[]], put: L2[V2, V1] -> V0 -> V1 -> L2[L0[], _9_], tr: L7[]
[16:07:44.016057]	Exploring 0: L0[], 1: L0[], Ebi: L2[L7[], L0[]], Eib: L2[L0[], L7[]], Eii: L2[L0[], L0[]], put: L2[V2, V1] -> V0 -> V1 -> L2[L0[], V1], tr: L7[]
[16:07:44.016301]	Exploring 0: L0[], 1: L0[], Ebi: L2[L7[], L0[]], Eib: L2[L0[], L7[]], Eii: L2[L0[], L0[]], put: L2[V2, V1] -> V0 -> V1 -> L2[L7[], _9_], tr: L7[]
[16:07:44.016454]	Exploring 0: L0[], 1: L0[], Ebi: L2[L7[], L0[]], Eib: L2[L0[], L7[]], Eii: L2[L0[], L0[]], put: L2[V2, V1] -> V0 -> V1 -> L2[L7[], V1], tr: L7[]
[16:07:44.016713]	Exploring 0: L0[], 1: L0[], Ebi: L2[L7[], L0[]], Eib: L2[L0[], L7[]], Eii: L2[L0[], L0[]], put: L2[V2, V1] -> V0 -> V1 -> L2[V0, _9_], tr: L7[]
[16:07:44.016869]	Exploring 0: L0[], 1: L0[], Ebi: L2[L7[], L0[]], Eib: L2[L0[], L7[]], Eii: L2[L0[], L0[]], put: L2[V2, V1] -> V0 -> V1 -> L2[V0, V1], tr: L7[]
[16:07:44.017200]	Exploring 0: L0[], 1: L0[], Ebi: L2[L7[], L0[]], Eib: L2[L0[], L7[]], Eii: L2[L0[], L0[]], put: L2[V2, V1] -> V0 -> V1 -> L2[V1, _9_], tr: L7[]
[16:07:44.017351]	Exploring 0: L0[], 1: L0[], Ebi: L2[L7[], L0[]], Eib: L2[L0[], L7[]], Eii: L2[L0[], L0[]], put: L2[V2, V1] -> V0 -> V1 -> L2[V1, V1], tr: L7[]
[16:07:44.017673]	Exploring 0: L0[], 1: L0[], Ebi: L2[L7[], L0[]], Eib: L2[L0[], L7[]], Eii: L2[L0[], L0[]], put: L2[V2, V1] -> V0 -> V1 -> L2[V2, _9_], tr: L7[]
[16:07:44.017870]	Exploring 0: L0[], 1: L0[], Ebi: L2[L7[], L0[]], Eib: L2[L0[], L7[]], Eii: L2[L0[], L0[]], put: L2[V2, V1] -> V0 -> V1 -> L2[V2, V1], tr: L7[]
[16:07:44.018193]	Exploring 0: L0[], 1: L0[], Ebi: L2[L7[], L0[]], Eib: L2[L0[], L7[]], Eii: L2[L0[], L0[]], put: L2[V2, V3] -> V0 -> V1 -> L2[_8_, _9_], tr: L7[]
[16:07:44.018358]	Exploring 0: L0[], 1: L0[], Ebi: L2[L7[], L0[]], Eib: L2[L0[], L7[]], Eii: L2[L0[], L0[]], put: L2[V2, V3] -> V0 -> V1 -> L2[L0[], _9_], tr: L7[]
[16:07:44.018491]	Exploring 0: L0[], 1: L0[], Ebi: L2[L7[], L0[]], Eib: L2[L0[], L7[]], Eii: L2[L0[], L0[]], put: L2[V2, V3] -> V0 -> V1 -> L2[L0[], L0[]], tr: L7[]
[16:07:44.018716]	Exploring 0: L0[], 1: L0[], Ebi: L2[L7[], L0[]], Eib: L2[L0[], L7[]], Eii: L2[L0[], L0[]], put: L2[V2, V3] -> V0 -> V1 -> L2[L0[], L7[]], tr: L7[]
[16:07:44.018956]	Exploring 0: L0[], 1: L0[], Ebi: L2[L7[], L0[]], Eib: L2[L0[], L7[]], Eii: L2[L0[], L0[]], put: L2[V2, V3] -> V0 -> V1 -> L2[L0[], V0], tr: L7[]
[16:07:44.019218]	Exploring 0: L0[], 1: L0[], Ebi: L2[L7[], L0[]], Eib: L2[L0[], L7[]], Eii: L2[L0[], L0[]], put: L2[V2, V3] -> V0 -> V1 -> L2[L0[], V1], tr: L7[]
[16:07:44.019519]	Exploring 0: L0[], 1: L0[], Ebi: L2[L7[], L0[]], Eib: L2[L0[], L7[]], Eii: L2[L0[], L0[]], put: L2[V2, V3] -> V0 -> V1 -> L2[L0[], V2], tr: L7[]
[16:07:44.019760]	Exploring 0: L0[], 1: L0[], Ebi: L2[L7[], L0[]], Eib: L2[L0[], L7[]], Eii: L2[L0[], L0[]], put: L2[V2, V3] -> V0 -> V1 -> L2[L0[], V3], tr: L7[]
[16:07:44.020003]	Exploring 0: L0[], 1: L0[], Ebi: L2[L7[], L0[]], Eib: L2[L0[], L7[]], Eii: L2[L0[], L0[]], put: L2[V2, V3] -> V0 -> V1 -> L2[L7[], _9_], tr: L7[]
[16:07:44.020139]	Exploring 0: L0[], 1: L0[], Ebi: L2[L7[], L0[]], Eib: L2[L0[], L7[]], Eii: L2[L0[], L0[]], put: L2[V2, V3] -> V0 -> V1 -> L2[L7[], L0[]], tr: L7[]
[16:07:44.020353]	Exploring 0: L0[], 1: L0[], Ebi: L2[L7[], L0[]], Eib: L2[L0[], L7[]], Eii: L2[L0[], L0[]], put: L2[V2, V3] -> V0 -> V1 -> L2[L7[], L7[]], tr: L7[]
[16:07:44.020594]	Exploring 0: L0[], 1: L0[], Ebi: L2[L7[], L0[]], Eib: L2[L0[], L7[]], Eii: L2[L0[], L0[]], put: L2[V2, V3] -> V0 -> V1 -> L2[L7[], V0], tr: L7[]
[16:07:44.020851]	Exploring 0: L0[], 1: L0[], Ebi: L2[L7[], L0[]], Eib: L2[L0[], L7[]], Eii: L2[L0[], L0[]], put: L2[V2, V3] -> V0 -> V1 -> L2[L7[], V1], tr: L7[]
[16:07:44.021098]	Exploring 0: L0[], 1: L0[], Ebi: L2[L7[], L0[]], Eib: L2[L0[], L7[]], Eii: L2[L0[], L0[]], put: L2[V2, V3] -> V0 -> V1 -> L2[L7[], V2], tr: L7[]
[16:07:44.021334]	Exploring 0: L0[], 1: L0[], Ebi: L2[L7[], L0[]], Eib: L2[L0[], L7[]], Eii: L2[L0[], L0[]], put: L2[V2, V3] -> V0 -> V1 -> L2[L7[], V3], tr: L7[]
[16:07:44.021585]	Exploring 0: L0[], 1: L0[], Ebi: L2[L7[], L0[]], Eib: L2[L0[], L7[]], Eii: L2[L0[], L0[]], put: L2[V2, V3] -> V0 -> V1 -> L2[V0, _9_], tr: L7[]
[16:07:44.021775]	Exploring 0: L0[], 1: L0[], Ebi: L2[L7[], L0[]], Eib: L2[L0[], L7[]], Eii: L2[L0[], L0[]], put: L2[V2, V3] -> V0 -> V1 -> L2[V0, L0[]], tr: L7[]
[16:07:44.022115]	Exploring 0: L0[], 1: L0[], Ebi: L2[L7[], L0[]], Eib: L2[L0[], L7[]], Eii: L2[L0[], L0[]], put: L2[V2, V3] -> V0 -> V1 -> L2[V0, L7[]], tr: L7[]
[16:07:44.022451]	Exploring 0: L0[], 1: L0[], Ebi: L2[L7[], L0[]], Eib: L2[L0[], L7[]], Eii: L2[L0[], L0[]], put: L2[V2, V3] -> V0 -> V1 -> L2[V0, V0], tr: L7[]
[16:07:44.022707]	Exploring 0: L0[], 1: L0[], Ebi: L2[L7[], L0[]], Eib: L2[L0[], L7[]], Eii: L2[L0[], L0[]], put: L2[V2, V3] -> V0 -> V1 -> L2[V0, V1], tr: L7[]
[16:07:44.022962]	Exploring 0: L0[], 1: L0[], Ebi: L2[L7[], L0[]], Eib: L2[L0[], L7[]], Eii: L2[L0[], L0[]], put: L2[V2, V3] -> V0 -> V1 -> L2[V0, V2], tr: L7[]
[16:07:44.023206]	Exploring 0: L0[], 1: L0[], Ebi: L2[L7[], L0[]], Eib: L2[L0[], L7[]], Eii: L2[L0[], L0[]], put: L2[V2, V3] -> V0 -> V1 -> L2[V0, V3], tr: L7[]
[16:07:44.023511]	Exploring 0: L0[], 1: L0[], Ebi: L2[L7[], L0[]], Eib: L2[L0[], L7[]], Eii: L2[L0[], L0[]], put: L2[V2, V3] -> V0 -> V1 -> L2[V1, _9_], tr: L7[]
[16:07:44.023688]	Exploring 0: L0[], 1: L0[], Ebi: L2[L7[], L0[]], Eib: L2[L0[], L7[]], Eii: L2[L0[], L0[]], put: L2[V2, V3] -> V0 -> V1 -> L2[V1, L0[]], tr: L7[]
[16:07:44.023948]	Exploring 0: L0[], 1: L0[], Ebi: L2[L7[], L0[]], Eib: L2[L0[], L7[]], Eii: L2[L0[], L0[]], put: L2[V2, V3] -> V0 -> V1 -> L2[V1, L7[]], tr: L7[]
[16:07:44.024215]	Exploring 0: L0[], 1: L0[], Ebi: L2[L7[], L0[]], Eib: L2[L0[], L7[]], Eii: L2[L0[], L0[]], put: L2[V2, V3] -> V0 -> V1 -> L2[V1, V0], tr: L7[]
[16:07:44.024485]	Exploring 0: L0[], 1: L0[], Ebi: L2[L7[], L0[]], Eib: L2[L0[], L7[]], Eii: L2[L0[], L0[]], put: L2[V2, V3] -> V0 -> V1 -> L2[V1, V1], tr: L7[]
[16:07:44.024734]	Exploring 0: L0[], 1: L0[], Ebi: L2[L7[], L0[]], Eib: L2[L0[], L7[]], Eii: L2[L0[], L0[]], put: L2[V2, V3] -> V0 -> V1 -> L2[V1, V2], tr: L7[]
[16:07:44.024983]	Exploring 0: L0[], 1: L0[], Ebi: L2[L7[], L0[]], Eib: L2[L0[], L7[]], Eii: L2[L0[], L0[]], put: L2[V2, V3] -> V0 -> V1 -> L2[V1, V3], tr: L7[]
[16:07:44.025223]	Exploring 0: L0[], 1: L0[], Ebi: L2[L7[], L0[]], Eib: L2[L0[], L7[]], Eii: L2[L0[], L0[]], put: L2[V2, V3] -> V0 -> V1 -> L2[V2, _9_], tr: L7[]
[16:07:44.025376]	Exploring 0: L0[], 1: L0[], Ebi: L2[L7[], L0[]], Eib: L2[L0[], L7[]], Eii: L2[L0[], L0[]], put: L2[V2, V3] -> V0 -> V1 -> L2[V2, L0[]], tr: L7[]
[16:07:44.025606]	Exploring 0: L0[], 1: L0[], Ebi: L2[L7[], L0[]], Eib: L2[L0[], L7[]], Eii: L2[L0[], L0[]], put: L2[V2, V3] -> V0 -> V1 -> L2[V2, L7[]], tr: L7[]
[16:07:44.025847]	Exploring 0: L0[], 1: L0[], Ebi: L2[L7[], L0[]], Eib: L2[L0[], L7[]], Eii: L2[L0[], L0[]], put: L2[V2, V3] -> V0 -> V1 -> L2[V2, V0], tr: L7[]
[16:07:44.026198]	Exploring 0: L0[], 1: L0[], Ebi: L2[L7[], L0[]], Eib: L2[L0[], L7[]], Eii: L2[L0[], L0[]], put: L2[V2, V3] -> V0 -> V1 -> L2[V2, V1], tr: L7[]
[16:07:44.026521]	Exploring 0: L0[], 1: L0[], Ebi: L2[L7[], L0[]], Eib: L2[L0[], L7[]], Eii: L2[L0[], L0[]], put: L2[V2, V3] -> V0 -> V1 -> L2[V2, V2], tr: L7[]
[16:07:44.026752]	Exploring 0: L0[], 1: L0[], Ebi: L2[L7[], L0[]], Eib: L2[L0[], L7[]], Eii: L2[L0[], L0[]], put: L2[V2, V3] -> V0 -> V1 -> L2[V2, V3], tr: L7[]
[16:07:44.026984]	Exploring 0: L0[], 1: L0[], Ebi: L2[L7[], L0[]], Eib: L2[L0[], L7[]], Eii: L2[L0[], L0[]], put: L2[V2, V3] -> V0 -> V1 -> L2[V3, _9_], tr: L7[]
[16:07:44.027134]	Exploring 0: L0[], 1: L0[], Ebi: L2[L7[], L0[]], Eib: L2[L0[], L7[]], Eii: L2[L0[], L0[]], put: L2[V2, V3] -> V0 -> V1 -> L2[V3, L0[]], tr: L7[]
[16:07:44.027447]	Exploring 0: L0[], 1: L0[], Ebi: L2[L7[], L0[]], Eib: L2[L0[], L7[]], Eii: L2[L0[], L0[]], put: L2[V2, V3] -> V0 -> V1 -> L2[V3, L7[]], tr: L7[]
[16:07:44.027771]	Exploring 0: L0[], 1: L0[], Ebi: L2[L7[], L0[]], Eib: L2[L0[], L7[]], Eii: L2[L0[], L0[]], put: L2[V2, V3] -> V0 -> V1 -> L2[V3, V0], tr: L7[]
[16:07:44.028059]	Exploring 0: L0[], 1: L0[], Ebi: L2[L7[], L0[]], Eib: L2[L0[], L7[]], Eii: L2[L0[], L0[]], put: L2[V2, V3] -> V0 -> V1 -> L2[V3, V1], tr: L7[]
[16:07:44.028328]	Exploring 0: L0[], 1: L0[], Ebi: L2[L7[], L0[]], Eib: L2[L0[], L7[]], Eii: L2[L0[], L0[]], put: L2[V2, V3] -> V0 -> V1 -> L2[V3, V2], tr: L7[]
[16:07:44.028561]	Exploring 0: L0[], 1: L0[], Ebi: L2[L7[], L0[]], Eib: L2[L0[], L7[]], Eii: L2[L0[], L0[]], put: L2[V2, V3] -> V0 -> V1 -> L2[V3, V3], tr: L7[]
[16:07:44.028756]	Exploring 0: L0[], 1: L0[], Ebi: L2[L7[], L0[]], Eib: L2[L0[], L7[]], Eii: L2[L0[], L7[]], put: L2[_6_, _7_] -> V0 -> V1 -> L2[_8_, _9_], tr: L7[]
[16:07:44.028895]	Exploring 0: L0[], 1: L0[], Ebi: L2[L7[], L0[]], Eib: L2[L0[], L7[]], Eii: L2[L0[], L7[]], put: L2[V0, _7_] -> V0 -> V1 -> L2[_8_, _9_], tr: L7[]
[16:07:44.029060]	Exploring 0: L0[], 1: L0[], Ebi: L2[L7[], L0[]], Eib: L2[L0[], L7[]], Eii: L2[L0[], L7[]], put: L2[V0, V2] -> V0 -> V1 -> L2[_8_, _9_], tr: L7[]
[16:07:44.029192]	Exploring 0: L0[], 1: L0[], Ebi: L2[L7[], L0[]], Eib: L2[L0[], L7[]], Eii: L2[L0[], L7[]], put: L2[V0, V2] -> V0 -> V1 -> L2[V0, _9_], tr: L7[]
[16:07:44.029319]	Exploring 0: L0[], 1: L0[], Ebi: L2[L7[], L0[]], Eib: L2[L0[], L7[]], Eii: L2[L0[], L7[]], put: L2[V0, V2] -> V0 -> V1 -> L2[V0, L0[]], tr: L7[]
[16:07:44.029626]	Exploring 0: L0[], 1: L0[], Ebi: L2[L7[], L0[]], Eib: L2[L0[], L7[]], Eii: L2[L0[], L7[]], put: L2[V0, V2] -> V0 -> V1 -> L2[V0, L7[]], tr: L7[]
[16:07:44.029932]	Exploring 0: L0[], 1: L0[], Ebi: L2[L7[], L0[]], Eib: L2[L0[], L7[]], Eii: L2[L0[], L7[]], put: L2[V0, V2] -> V0 -> V1 -> L2[V0, V0], tr: L7[]
[16:07:44.030252]	Exploring 0: L0[], 1: L0[], Ebi: L2[L7[], L0[]], Eib: L2[L0[], L7[]], Eii: L2[L0[], L7[]], put: L2[V0, V2] -> V0 -> V1 -> L2[V0, V1], tr: L7[]
[16:07:44.030581]	Exploring 0: L0[], 1: L0[], Ebi: L2[L7[], L0[]], Eib: L2[L0[], L7[]], Eii: L2[L0[], L7[]], put: L2[V0, V2] -> V0 -> V1 -> L2[V0, V2], tr: L7[]
[16:07:44.030830]	Exploring 0: L0[], 1: L0[], Ebi: L2[L7[], L0[]], Eib: L2[L0[], L7[]], Eii: L2[L0[], L7[]], put: L2[V2, _7_] -> V0 -> V1 -> L2[_8_, _9_], tr: L7[]
[16:07:44.031008]	Exploring 0: L0[], 1: L0[], Ebi: L2[L7[], L0[]], Eib: L2[L0[], L7[]], Eii: L2[L0[], L7[]], put: L2[V2, V3] -> V0 -> V1 -> L2[_8_, _9_], tr: L7[]
[16:07:44.031159]	Exploring 0: L0[], 1: L0[], Ebi: L2[L7[], L0[]], Eib: L2[L0[], L7[]], Eii: L2[L0[], L7[]], put: L2[V2, V3] -> V0 -> V1 -> L2[L0[], _9_], tr: L7[]
[16:07:44.031324]	Exploring 0: L0[], 1: L0[], Ebi: L2[L7[], L0[]], Eib: L2[L0[], L7[]], Eii: L2[L0[], L7[]], put: L2[V2, V3] -> V0 -> V1 -> L2[L0[], L0[]], tr: L7[]
[16:07:44.031571]	Exploring 0: L0[], 1: L0[], Ebi: L2[L7[], L0[]], Eib: L2[L0[], L7[]], Eii: L2[L0[], L7[]], put: L2[V2, V3] -> V0 -> V1 -> L2[L0[], L7[]], tr: L7[]
[16:07:44.031808]	Exploring 0: L0[], 1: L0[], Ebi: L2[L7[], L0[]], Eib: L2[L0[], L7[]], Eii: L2[L0[], L7[]], put: L2[V2, V3] -> V0 -> V1 -> L2[L0[], V0], tr: L7[]
[16:07:44.032064]	Exploring 0: L0[], 1: L0[], Ebi: L2[L7[], L0[]], Eib: L2[L0[], L7[]], Eii: L2[L0[], L7[]], put: L2[V2, V3] -> V0 -> V1 -> L2[L0[], V1], tr: L7[]
[16:07:44.032327]	Exploring 0: L0[], 1: L0[], Ebi: L2[L7[], L0[]], Eib: L2[L0[], L7[]], Eii: L2[L0[], L7[]], put: L2[V2, V3] -> V0 -> V1 -> L2[L0[], V2], tr: L7[]
[16:07:44.032562]	Exploring 0: L0[], 1: L0[], Ebi: L2[L7[], L0[]], Eib: L2[L0[], L7[]], Eii: L2[L0[], L7[]], put: L2[V2, V3] -> V0 -> V1 -> L2[L0[], V3], tr: L7[]
[16:07:44.032796]	Exploring 0: L0[], 1: L0[], Ebi: L2[L7[], L0[]], Eib: L2[L0[], L7[]], Eii: L2[L0[], L7[]], put: L2[V2, V3] -> V0 -> V1 -> L2[L7[], _9_], tr: L7[]
[16:07:44.032924]	Exploring 0: L0[], 1: L0[], Ebi: L2[L7[], L0[]], Eib: L2[L0[], L7[]], Eii: L2[L0[], L7[]], put: L2[V2, V3] -> V0 -> V1 -> L2[L7[], L0[]], tr: L7[]
[16:07:44.033145]	Exploring 0: L0[], 1: L0[], Ebi: L2[L7[], L0[]], Eib: L2[L0[], L7[]], Eii: L2[L0[], L7[]], put: L2[V2, V3] -> V0 -> V1 -> L2[L7[], L7[]], tr: L7[]
[16:07:44.033378]	Exploring 0: L0[], 1: L0[], Ebi: L2[L7[], L0[]], Eib: L2[L0[], L7[]], Eii: L2[L0[], L7[]], put: L2[V2, V3] -> V0 -> V1 -> L2[L7[], V0], tr: L7[]
[16:07:44.033635]	Exploring 0: L0[], 1: L0[], Ebi: L2[L7[], L0[]], Eib: L2[L0[], L7[]], Eii: L2[L0[], L7[]], put: L2[V2, V3] -> V0 -> V1 -> L2[L7[], V1], tr: L7[]
[16:07:44.033958]	Exploring 0: L0[], 1: L0[], Ebi: L2[L7[], L0[]], Eib: L2[L0[], L7[]], Eii: L2[L0[], L7[]], put: L2[V2, V3] -> V0 -> V1 -> L2[L7[], V2], tr: L7[]
[16:07:44.034275]	Exploring 0: L0[], 1: L0[], Ebi: L2[L7[], L0[]], Eib: L2[L0[], L7[]], Eii: L2[L0[], L7[]], put: L2[V2, V3] -> V0 -> V1 -> L2[L7[], V3], tr: L7[]
[16:07:44.034604]	Exploring 0: L0[], 1: L0[], Ebi: L2[L7[], L0[]], Eib: L2[L0[], L7[]], Eii: L2[L0[], L7[]], put: L2[V2, V3] -> V0 -> V1 -> L2[V0, _9_], tr: L7[]
[16:07:44.034758]	Exploring 0: L0[], 1: L0[], Ebi: L2[L7[], L0[]], Eib: L2[L0[], L7[]], Eii: L2[L0[], L7[]], put: L2[V2, V3] -> V0 -> V1 -> L2[V0, L0[]], tr: L7[]
[16:07:44.035009]	Exploring 0: L0[], 1: L0[], Ebi: L2[L7[], L0[]], Eib: L2[L0[], L7[]], Eii: L2[L0[], L7[]], put: L2[V2, V3] -> V0 -> V1 -> L2[V0, L7[]], tr: L7[]
[16:07:44.035278]	Exploring 0: L0[], 1: L0[], Ebi: L2[L7[], L0[]], Eib: L2[L0[], L7[]], Eii: L2[L0[], L7[]], put: L2[V2, V3] -> V0 -> V1 -> L2[V0, V0], tr: L7[]
[16:07:44.035570]	Exploring 0: L0[], 1: L0[], Ebi: L2[L7[], L0[]], Eib: L2[L0[], L7[]], Eii: L2[L0[], L7[]], put: L2[V2, V3] -> V0 -> V1 -> L2[V0, V1], tr: L7[]
[16:07:44.035820]	Exploring 0: L0[], 1: L0[], Ebi: L2[L7[], L0[]], Eib: L2[L0[], L7[]], Eii: L2[L0[], L7[]], put: L2[V2, V3] -> V0 -> V1 -> L2[V0, V2], tr: L7[]
[16:07:44.036071]	Exploring 0: L0[], 1: L0[], Ebi: L2[L7[], L0[]], Eib: L2[L0[], L7[]], Eii: L2[L0[], L7[]], put: L2[V2, V3] -> V0 -> V1 -> L2[V0, V3], tr: L7[]
[16:07:44.036315]	Exploring 0: L0[], 1: L0[], Ebi: L2[L7[], L0[]], Eib: L2[L0[], L7[]], Eii: L2[L0[], L7[]], put: L2[V2, V3] -> V0 -> V1 -> L2[V1, _9_], tr: L7[]
[16:07:44.036470]	Exploring 0: L0[], 1: L0[], Ebi: L2[L7[], L0[]], Eib: L2[L0[], L7[]], Eii: L2[L0[], L7[]], put: L2[V2, V3] -> V0 -> V1 -> L2[V1, L0[]], tr: L7[]
[16:07:44.036725]	Exploring 0: L0[], 1: L0[], Ebi: L2[L7[], L0[]], Eib: L2[L0[], L7[]], Eii: L2[L0[], L7[]], put: L2[V2, V3] -> V0 -> V1 -> L2[V1, L7[]], tr: L7[]
[16:07:44.036981]	Exploring 0: L0[], 1: L0[], Ebi: L2[L7[], L0[]], Eib: L2[L0[], L7[]], Eii: L2[L0[], L7[]], put: L2[V2, V3] -> V0 -> V1 -> L2[V1, V0], tr: L7[]
[16:07:44.037232]	Exploring 0: L0[], 1: L0[], Ebi: L2[L7[], L0[]], Eib: L2[L0[], L7[]], Eii: L2[L0[], L7[]], put: L2[V2, V3] -> V0 -> V1 -> L2[V1, V1], tr: L7[]
[16:07:44.037480]	Exploring 0: L0[], 1: L0[], Ebi: L2[L7[], L0[]], Eib: L2[L0[], L7[]], Eii: L2[L0[], L7[]], put: L2[V2, V3] -> V0 -> V1 -> L2[V1, V2], tr: L7[]
[16:07:44.037751]	Exploring 0: L0[], 1: L0[], Ebi: L2[L7[], L0[]], Eib: L2[L0[], L7[]], Eii: L2[L0[], L7[]], put: L2[V2, V3] -> V0 -> V1 -> L2[V1, V3], tr: L7[]
[16:07:44.037983]	Exploring 0: L0[], 1: L0[], Ebi: L2[L7[], L0[]], Eib: L2[L0[], L7[]], Eii: L2[L0[], L7[]], put: L2[V2, V3] -> V0 -> V1 -> L2[V2, _9_], tr: L7[]
[16:07:44.038156]	Exploring 0: L0[], 1: L0[], Ebi: L2[L7[], L0[]], Eib: L2[L0[], L7[]], Eii: L2[L0[], L7[]], put: L2[V2, V3] -> V0 -> V1 -> L2[V2, L0[]], tr: L7[]
[16:07:44.038470]	Exploring 0: L0[], 1: L0[], Ebi: L2[L7[], L0[]], Eib: L2[L0[], L7[]], Eii: L2[L0[], L7[]], put: L2[V2, V3] -> V0 -> V1 -> L2[V2, L7[]], tr: L7[]
[16:07:44.038717]	Exploring 0: L0[], 1: L0[], Ebi: L2[L7[], L0[]], Eib: L2[L0[], L7[]], Eii: L2[L0[], L7[]], put: L2[V2, V3] -> V0 -> V1 -> L2[V2, V0], tr: L7[]
[16:07:44.038968]	Exploring 0: L0[], 1: L0[], Ebi: L2[L7[], L0[]], Eib: L2[L0[], L7[]], Eii: L2[L0[], L7[]], put: L2[V2, V3] -> V0 -> V1 -> L2[V2, V1], tr: L7[]
[16:07:44.039204]	Exploring 0: L0[], 1: L0[], Ebi: L2[L7[], L0[]], Eib: L2[L0[], L7[]], Eii: L2[L0[], L7[]], put: L2[V2, V3] -> V0 -> V1 -> L2[V2, V2], tr: L7[]
[16:07:44.039517]	Exploring 0: L0[], 1: L0[], Ebi: L2[L7[], L0[]], Eib: L2[L0[], L7[]], Eii: L2[L0[], L7[]], put: L2[V2, V3] -> V0 -> V1 -> L2[V2, V3], tr: L7[]
[16:07:44.042928]	Exploring 0: L0[], 1: L0[], Ebi: L2[L7[], L0[]], Eib: L2[L0[], L7[]], Eii: L2[L0[], L7[]], put: L2[V2, V3] -> V0 -> V1 -> L2[V3, _9_], tr: L7[]
[16:07:44.043124]	Exploring 0: L0[], 1: L0[], Ebi: L2[L7[], L0[]], Eib: L2[L0[], L7[]], Eii: L2[L0[], L7[]], put: L2[V2, V3] -> V0 -> V1 -> L2[V3, L0[]], tr: L7[]
[16:07:44.043446]	Exploring 0: L0[], 1: L0[], Ebi: L2[L7[], L0[]], Eib: L2[L0[], L7[]], Eii: L2[L0[], L7[]], put: L2[V2, V3] -> V0 -> V1 -> L2[V3, L7[]], tr: L7[]
[16:07:44.043699]	Exploring 0: L0[], 1: L0[], Ebi: L2[L7[], L0[]], Eib: L2[L0[], L7[]], Eii: L2[L0[], L7[]], put: L2[V2, V3] -> V0 -> V1 -> L2[V3, V0], tr: L7[]
[16:07:44.043964]	Exploring 0: L0[], 1: L0[], Ebi: L2[L7[], L0[]], Eib: L2[L0[], L7[]], Eii: L2[L0[], L7[]], put: L2[V2, V3] -> V0 -> V1 -> L2[V3, V1], tr: L7[]
[16:07:44.044250]	Exploring 0: L0[], 1: L0[], Ebi: L2[L7[], L0[]], Eib: L2[L0[], L7[]], Eii: L2[L0[], L7[]], put: L2[V2, V3] -> V0 -> V1 -> L2[V3, V2], tr: L7[]
[16:07:44.044562]	Exploring 0: L0[], 1: L0[], Ebi: L2[L7[], L0[]], Eib: L2[L0[], L7[]], Eii: L2[L0[], L7[]], put: L2[V2, V3] -> V0 -> V1 -> L2[V3, V3], tr: L7[]
[16:07:44.044826]	Exploring 0: L0[], 1: L0[], Ebi: L2[L7[], L0[]], Eib: L2[L0[], L7[]], Eii: L2[L7[], _5_], put: L2[_6_, _7_] -> V0 -> V1 -> L2[_8_, _9_], tr: L7[]
[16:07:44.044976]	Exploring 0: L0[], 1: L0[], Ebi: L2[L7[], L0[]], Eib: L2[L0[], L7[]], Eii: L2[L7[], L0[]], put: L2[_6_, _7_] -> V0 -> V1 -> L2[_8_, _9_], tr: L7[]
[16:07:44.045167]	Exploring 0: L0[], 1: L0[], Ebi: L2[L7[], L0[]], Eib: L2[L0[], L7[]], Eii: L2[L7[], L0[]], put: L2[V2, _7_] -> V0 -> V1 -> L2[_8_, _9_], tr: L7[]
[16:07:44.045317]	Exploring 0: L0[], 1: L0[], Ebi: L2[L7[], L0[]], Eib: L2[L0[], L7[]], Eii: L2[L7[], L0[]], put: L2[V2, V1] -> V0 -> V1 -> L2[_8_, _9_], tr: L7[]
[16:07:44.045476]	Exploring 0: L0[], 1: L0[], Ebi: L2[L7[], L0[]], Eib: L2[L0[], L7[]], Eii: L2[L7[], L0[]], put: L2[V2, V1] -> V0 -> V1 -> L2[L0[], _9_], tr: L7[]
[16:07:44.045619]	Exploring 0: L0[], 1: L0[], Ebi: L2[L7[], L0[]], Eib: L2[L0[], L7[]], Eii: L2[L7[], L0[]], put: L2[V2, V1] -> V0 -> V1 -> L2[L0[], V1], tr: L7[]
[16:07:44.045834]	Exploring 0: L0[], 1: L0[], Ebi: L2[L7[], L0[]], Eib: L2[L0[], L7[]], Eii: L2[L7[], L0[]], put: L2[V2, V1] -> V0 -> V1 -> L2[L7[], _9_], tr: L7[]
[16:07:44.045986]	Exploring 0: L0[], 1: L0[], Ebi: L2[L7[], L0[]], Eib: L2[L0[], L7[]], Eii: L2[L7[], L0[]], put: L2[V2, V1] -> V0 -> V1 -> L2[L7[], V1], tr: L7[]
[16:07:44.046222]	Exploring 0: L0[], 1: L0[], Ebi: L2[L7[], L0[]], Eib: L2[L0[], L7[]], Eii: L2[L7[], L0[]], put: L2[V2, V1] -> V0 -> V1 -> L2[V0, _9_], tr: L7[]
[16:07:44.046377]	Exploring 0: L0[], 1: L0[], Ebi: L2[L7[], L0[]], Eib: L2[L0[], L7[]], Eii: L2[L7[], L0[]], put: L2[V2, V1] -> V0 -> V1 -> L2[V0, V1], tr: L7[]
[16:07:44.046609]	Exploring 0: L0[], 1: L0[], Ebi: L2[L7[], L0[]], Eib: L2[L0[], L7[]], Eii: L2[L7[], L0[]], put: L2[V2, V1] -> V0 -> V1 -> L2[V1, _9_], tr: L7[]
[16:07:44.046752]	Exploring 0: L0[], 1: L0[], Ebi: L2[L7[], L0[]], Eib: L2[L0[], L7[]], Eii: L2[L7[], L0[]], put: L2[V2, V1] -> V0 -> V1 -> L2[V1, V1], tr: L7[]
[16:07:44.046971]	Exploring 0: L0[], 1: L0[], Ebi: L2[L7[], L0[]], Eib: L2[L0[], L7[]], Eii: L2[L7[], L0[]], put: L2[V2, V1] -> V0 -> V1 -> L2[V2, _9_], tr: L7[]
[16:07:44.047116]	Exploring 0: L0[], 1: L0[], Ebi: L2[L7[], L0[]], Eib: L2[L0[], L7[]], Eii: L2[L7[], L0[]], put: L2[V2, V1] -> V0 -> V1 -> L2[V2, V1], tr: L7[]
[16:07:44.047336]	Exploring 0: L0[], 1: L0[], Ebi: L2[L7[], L0[]], Eib: L2[L0[], L7[]], Eii: L2[L7[], L0[]], put: L2[V2, V3] -> V0 -> V1 -> L2[_8_, _9_], tr: L7[]
[16:07:44.047461]	Exploring 0: L0[], 1: L0[], Ebi: L2[L7[], L0[]], Eib: L2[L0[], L7[]], Eii: L2[L7[], L0[]], put: L2[V2, V3] -> V0 -> V1 -> L2[L0[], _9_], tr: L7[]
[16:07:44.047576]	Exploring 0: L0[], 1: L0[], Ebi: L2[L7[], L0[]], Eib: L2[L0[], L7[]], Eii: L2[L7[], L0[]], put: L2[V2, V3] -> V0 -> V1 -> L2[L0[], L0[]], tr: L7[]
[16:07:44.047777]	Exploring 0: L0[], 1: L0[], Ebi: L2[L7[], L0[]], Eib: L2[L0[], L7[]], Eii: L2[L7[], L0[]], put: L2[V2, V3] -> V0 -> V1 -> L2[L0[], L7[]], tr: L7[]
[16:07:44.047992]	Exploring 0: L0[], 1: L0[], Ebi: L2[L7[], L0[]], Eib: L2[L0[], L7[]], Eii: L2[L7[], L0[]], put: L2[V2, V3] -> V0 -> V1 -> L2[L0[], V0], tr: L7[]
[16:07:44.048232]	Exploring 0: L0[], 1: L0[], Ebi: L2[L7[], L0[]], Eib: L2[L0[], L7[]], Eii: L2[L7[], L0[]], put: L2[V2, V3] -> V0 -> V1 -> L2[L0[], V1], tr: L7[]
[16:07:44.048456]	Exploring 0: L0[], 1: L0[], Ebi: L2[L7[], L0[]], Eib: L2[L0[], L7[]], Eii: L2[L7[], L0[]], put: L2[V2, V3] -> V0 -> V1 -> L2[L0[], V2], tr: L7[]
[16:07:44.048673]	Exploring 0: L0[], 1: L0[], Ebi: L2[L7[], L0[]], Eib: L2[L0[], L7[]], Eii: L2[L7[], L0[]], put: L2[V2, V3] -> V0 -> V1 -> L2[L0[], V3], tr: L7[]
[16:07:44.048884]	Exploring 0: L0[], 1: L0[], Ebi: L2[L7[], L0[]], Eib: L2[L0[], L7[]], Eii: L2[L7[], L0[]], put: L2[V2, V3] -> V0 -> V1 -> L2[L7[], _9_], tr: L7[]
[16:07:44.048997]	Exploring 0: L0[], 1: L0[], Ebi: L2[L7[], L0[]], Eib: L2[L0[], L7[]], Eii: L2[L7[], L0[]], put: L2[V2, V3] -> V0 -> V1 -> L2[L7[], L0[]], tr: L7[]
[16:07:44.049193]	Exploring 0: L0[], 1: L0[], Ebi: L2[L7[], L0[]], Eib: L2[L0[], L7[]], Eii: L2[L7[], L0[]], put: L2[V2, V3] -> V0 -> V1 -> L2[L7[], L7[]], tr: L7[]
[16:07:44.049436]	Exploring 0: L0[], 1: L0[], Ebi: L2[L7[], L0[]], Eib: L2[L0[], L7[]], Eii: L2[L7[], L0[]], put: L2[V2, V3] -> V0 -> V1 -> L2[L7[], V0], tr: L7[]
[16:07:44.049677]	Exploring 0: L0[], 1: L0[], Ebi: L2[L7[], L0[]], Eib: L2[L0[], L7[]], Eii: L2[L7[], L0[]], put: L2[V2, V3] -> V0 -> V1 -> L2[L7[], V1], tr: L7[]
[16:07:44.049903]	Exploring 0: L0[], 1: L0[], Ebi: L2[L7[], L0[]], Eib: L2[L0[], L7[]], Eii: L2[L7[], L0[]], put: L2[V2, V3] -> V0 -> V1 -> L2[L7[], V2], tr: L7[]
[16:07:44.050121]	Exploring 0: L0[], 1: L0[], Ebi: L2[L7[], L0[]], Eib: L2[L0[], L7[]], Eii: L2[L7[], L0[]], put: L2[V2, V3] -> V0 -> V1 -> L2[L7[], V3], tr: L7[]
[16:07:44.050345]	Exploring 0: L0[], 1: L0[], Ebi: L2[L7[], L0[]], Eib: L2[L0[], L7[]], Eii: L2[L7[], L0[]], put: L2[V2, V3] -> V0 -> V1 -> L2[V0, _9_], tr: L7[]
[16:07:44.050479]	Exploring 0: L0[], 1: L0[], Ebi: L2[L7[], L0[]], Eib: L2[L0[], L7[]], Eii: L2[L7[], L0[]], put: L2[V2, V3] -> V0 -> V1 -> L2[V0, L0[]], tr: L7[]
[16:07:44.050714]	Exploring 0: L0[], 1: L0[], Ebi: L2[L7[], L0[]], Eib: L2[L0[], L7[]], Eii: L2[L7[], L0[]], put: L2[V2, V3] -> V0 -> V1 -> L2[V0, L7[]], tr: L7[]
[16:07:44.050947]	Exploring 0: L0[], 1: L0[], Ebi: L2[L7[], L0[]], Eib: L2[L0[], L7[]], Eii: L2[L7[], L0[]], put: L2[V2, V3] -> V0 -> V1 -> L2[V0, V0], tr: L7[]
[16:07:44.051175]	Exploring 0: L0[], 1: L0[], Ebi: L2[L7[], L0[]], Eib: L2[L0[], L7[]], Eii: L2[L7[], L0[]], put: L2[V2, V3] -> V0 -> V1 -> L2[V0, V1], tr: L7[]
[16:07:44.051418]	Exploring 0: L0[], 1: L0[], Ebi: L2[L7[], L0[]], Eib: L2[L0[], L7[]], Eii: L2[L7[], L0[]], put: L2[V2, V3] -> V0 -> V1 -> L2[V0, V2], tr: L7[]
[16:07:44.051647]	Exploring 0: L0[], 1: L0[], Ebi: L2[L7[], L0[]], Eib: L2[L0[], L7[]], Eii: L2[L7[], L0[]], put: L2[V2, V3] -> V0 -> V1 -> L2[V0, V3], tr: L7[]
[16:07:44.051877]	Exploring 0: L0[], 1: L0[], Ebi: L2[L7[], L0[]], Eib: L2[L0[], L7[]], Eii: L2[L7[], L0[]], put: L2[V2, V3] -> V0 -> V1 -> L2[V1, _9_], tr: L7[]
[16:07:44.052009]	Exploring 0: L0[], 1: L0[], Ebi: L2[L7[], L0[]], Eib: L2[L0[], L7[]], Eii: L2[L7[], L0[]], put: L2[V2, V3] -> V0 -> V1 -> L2[V1, L0[]], tr: L7[]
[16:07:44.052257]	Exploring 0: L0[], 1: L0[], Ebi: L2[L7[], L0[]], Eib: L2[L0[], L7[]], Eii: L2[L7[], L0[]], put: L2[V2, V3] -> V0 -> V1 -> L2[V1, L7[]], tr: L7[]
[16:07:44.052489]	Exploring 0: L0[], 1: L0[], Ebi: L2[L7[], L0[]], Eib: L2[L0[], L7[]], Eii: L2[L7[], L0[]], put: L2[V2, V3] -> V0 -> V1 -> L2[V1, V0], tr: L7[]
[16:07:44.052721]	Exploring 0: L0[], 1: L0[], Ebi: L2[L7[], L0[]], Eib: L2[L0[], L7[]], Eii: L2[L7[], L0[]], put: L2[V2, V3] -> V0 -> V1 -> L2[V1, V1], tr: L7[]
[16:07:44.052952]	Exploring 0: L0[], 1: L0[], Ebi: L2[L7[], L0[]], Eib: L2[L0[], L7[]], Eii: L2[L7[], L0[]], put: L2[V2, V3] -> V0 -> V1 -> L2[V1, V2], tr: L7[]
[16:07:44.053181]	Exploring 0: L0[], 1: L0[], Ebi: L2[L7[], L0[]], Eib: L2[L0[], L7[]], Eii: L2[L7[], L0[]], put: L2[V2, V3] -> V0 -> V1 -> L2[V1, V3], tr: L7[]
[16:07:44.053397]	Exploring 0: L0[], 1: L0[], Ebi: L2[L7[], L0[]], Eib: L2[L0[], L7[]], Eii: L2[L7[], L0[]], put: L2[V2, V3] -> V0 -> V1 -> L2[V2, _9_], tr: L7[]
[16:07:44.053514]	Exploring 0: L0[], 1: L0[], Ebi: L2[L7[], L0[]], Eib: L2[L0[], L7[]], Eii: L2[L7[], L0[]], put: L2[V2, V3] -> V0 -> V1 -> L2[V2, L0[]], tr: L7[]
[16:07:44.053723]	Exploring 0: L0[], 1: L0[], Ebi: L2[L7[], L0[]], Eib: L2[L0[], L7[]], Eii: L2[L7[], L0[]], put: L2[V2, V3] -> V0 -> V1 -> L2[V2, L7[]], tr: L7[]
[16:07:44.053942]	Exploring 0: L0[], 1: L0[], Ebi: L2[L7[], L0[]], Eib: L2[L0[], L7[]], Eii: L2[L7[], L0[]], put: L2[V2, V3] -> V0 -> V1 -> L2[V2, V0], tr: L7[]
[16:07:44.054178]	Exploring 0: L0[], 1: L0[], Ebi: L2[L7[], L0[]], Eib: L2[L0[], L7[]], Eii: L2[L7[], L0[]], put: L2[V2, V3] -> V0 -> V1 -> L2[V2, V1], tr: L7[]
[16:07:44.054395]	Exploring 0: L0[], 1: L0[], Ebi: L2[L7[], L0[]], Eib: L2[L0[], L7[]], Eii: L2[L7[], L0[]], put: L2[V2, V3] -> V0 -> V1 -> L2[V2, V2], tr: L7[]
[16:07:44.054601]	Exploring 0: L0[], 1: L0[], Ebi: L2[L7[], L0[]], Eib: L2[L0[], L7[]], Eii: L2[L7[], L0[]], put: L2[V2, V3] -> V0 -> V1 -> L2[V2, V3], tr: L7[]
[16:07:44.054814]	Exploring 0: L0[], 1: L0[], Ebi: L2[L7[], L0[]], Eib: L2[L0[], L7[]], Eii: L2[L7[], L0[]], put: L2[V2, V3] -> V0 -> V1 -> L2[V3, _9_], tr: L7[]
[16:07:44.054938]	Exploring 0: L0[], 1: L0[], Ebi: L2[L7[], L0[]], Eib: L2[L0[], L7[]], Eii: L2[L7[], L0[]], put: L2[V2, V3] -> V0 -> V1 -> L2[V3, L0[]], tr: L7[]
[16:07:44.055157]	Exploring 0: L0[], 1: L0[], Ebi: L2[L7[], L0[]], Eib: L2[L0[], L7[]], Eii: L2[L7[], L0[]], put: L2[V2, V3] -> V0 -> V1 -> L2[V3, L7[]], tr: L7[]
[16:07:44.055381]	Exploring 0: L0[], 1: L0[], Ebi: L2[L7[], L0[]], Eib: L2[L0[], L7[]], Eii: L2[L7[], L0[]], put: L2[V2, V3] -> V0 -> V1 -> L2[V3, V0], tr: L7[]
[16:07:44.055627]	Exploring 0: L0[], 1: L0[], Ebi: L2[L7[], L0[]], Eib: L2[L0[], L7[]], Eii: L2[L7[], L0[]], put: L2[V2, V3] -> V0 -> V1 -> L2[V3, V1], tr: L7[]
[16:07:44.055856]	Exploring 0: L0[], 1: L0[], Ebi: L2[L7[], L0[]], Eib: L2[L0[], L7[]], Eii: L2[L7[], L0[]], put: L2[V2, V3] -> V0 -> V1 -> L2[V3, V2], tr: L7[]
[16:07:44.056067]	Exploring 0: L0[], 1: L0[], Ebi: L2[L7[], L0[]], Eib: L2[L0[], L7[]], Eii: L2[L7[], L0[]], put: L2[V2, V3] -> V0 -> V1 -> L2[V3, V3], tr: L7[]
[16:07:44.056236]	Exploring 0: L0[], 1: L0[], Ebi: L2[L7[], L0[]], Eib: L2[L0[], L7[]], Eii: L2[L7[], L7[]], put: L2[_6_, _7_] -> V0 -> V1 -> L2[_8_, _9_], tr: L7[]
[16:07:44.056374]	Exploring 0: L0[], 1: L0[], Ebi: L2[L7[], L0[]], Eib: L2[L0[], L7[]], Eii: L2[L7[], L7[]], put: L2[V2, _7_] -> V0 -> V1 -> L2[_8_, _9_], tr: L7[]
[16:07:44.056532]	Exploring 0: L0[], 1: L0[], Ebi: L2[L7[], L0[]], Eib: L2[L0[], L7[]], Eii: L2[L7[], L7[]], put: L2[V2, V3] -> V0 -> V1 -> L2[_8_, _9_], tr: L7[]
[16:07:44.056640]	Exploring 0: L0[], 1: L0[], Ebi: L2[L7[], L0[]], Eib: L2[L0[], L7[]], Eii: L2[L7[], L7[]], put: L2[V2, V3] -> V0 -> V1 -> L2[L0[], _9_], tr: L7[]
[16:07:44.056749]	Exploring 0: L0[], 1: L0[], Ebi: L2[L7[], L0[]], Eib: L2[L0[], L7[]], Eii: L2[L7[], L7[]], put: L2[V2, V3] -> V0 -> V1 -> L2[L0[], L0[]], tr: L7[]
[16:07:44.056946]	Exploring 0: L0[], 1: L0[], Ebi: L2[L7[], L0[]], Eib: L2[L0[], L7[]], Eii: L2[L7[], L7[]], put: L2[V2, V3] -> V0 -> V1 -> L2[L0[], L7[]], tr: L7[]
[16:07:44.057169]	Exploring 0: L0[], 1: L0[], Ebi: L2[L7[], L0[]], Eib: L2[L0[], L7[]], Eii: L2[L7[], L7[]], put: L2[V2, V3] -> V0 -> V1 -> L2[L0[], V0], tr: L7[]
[16:07:44.057412]	Exploring 0: L0[], 1: L0[], Ebi: L2[L7[], L0[]], Eib: L2[L0[], L7[]], Eii: L2[L7[], L7[]], put: L2[V2, V3] -> V0 -> V1 -> L2[L0[], V1], tr: L7[]
[16:07:44.057636]	Exploring 0: L0[], 1: L0[], Ebi: L2[L7[], L0[]], Eib: L2[L0[], L7[]], Eii: L2[L7[], L7[]], put: L2[V2, V3] -> V0 -> V1 -> L2[L0[], V2], tr: L7[]
[16:07:44.057850]	Exploring 0: L0[], 1: L0[], Ebi: L2[L7[], L0[]], Eib: L2[L0[], L7[]], Eii: L2[L7[], L7[]], put: L2[V2, V3] -> V0 -> V1 -> L2[L0[], V3], tr: L7[]
[16:07:44.058082]	Exploring 0: L0[], 1: L0[], Ebi: L2[L7[], L0[]], Eib: L2[L0[], L7[]], Eii: L2[L7[], L7[]], put: L2[V2, V3] -> V0 -> V1 -> L2[L7[], _9_], tr: L7[]
[16:07:44.058265]	Exploring 0: L0[], 1: L0[], Ebi: L2[L7[], L0[]], Eib: L2[L0[], L7[]], Eii: L2[L7[], L7[]], put: L2[V2, V3] -> V0 -> V1 -> L2[L7[], L0[]], tr: L7[]
[16:07:44.058468]	Exploring 0: L0[], 1: L0[], Ebi: L2[L7[], L0[]], Eib: L2[L0[], L7[]], Eii: L2[L7[], L7[]], put: L2[V2, V3] -> V0 -> V1 -> L2[L7[], L7[]], tr: L7[]
[16:07:44.058685]	Exploring 0: L0[], 1: L0[], Ebi: L2[L7[], L0[]], Eib: L2[L0[], L7[]], Eii: L2[L7[], L7[]], put: L2[V2, V3] -> V0 -> V1 -> L2[L7[], V0], tr: L7[]
[16:07:44.058928]	Exploring 0: L0[], 1: L0[], Ebi: L2[L7[], L0[]], Eib: L2[L0[], L7[]], Eii: L2[L7[], L7[]], put: L2[V2, V3] -> V0 -> V1 -> L2[L7[], V1], tr: L7[]
[16:07:44.059152]	Exploring 0: L0[], 1: L0[], Ebi: L2[L7[], L0[]], Eib: L2[L0[], L7[]], Eii: L2[L7[], L7[]], put: L2[V2, V3] -> V0 -> V1 -> L2[L7[], V2], tr: L7[]
[16:07:44.059366]	Exploring 0: L0[], 1: L0[], Ebi: L2[L7[], L0[]], Eib: L2[L0[], L7[]], Eii: L2[L7[], L7[]], put: L2[V2, V3] -> V0 -> V1 -> L2[L7[], V3], tr: L7[]
[16:07:44.059600]	Exploring 0: L0[], 1: L0[], Ebi: L2[L7[], L0[]], Eib: L2[L0[], L7[]], Eii: L2[L7[], L7[]], put: L2[V2, V3] -> V0 -> V1 -> L2[V0, _9_], tr: L7[]
[16:07:44.059763]	Exploring 0: L0[], 1: L0[], Ebi: L2[L7[], L0[]], Eib: L2[L0[], L7[]], Eii: L2[L7[], L7[]], put: L2[V2, V3] -> V0 -> V1 -> L2[V0, L0[]], tr: L7[]
[16:07:44.060005]	Exploring 0: L0[], 1: L0[], Ebi: L2[L7[], L0[]], Eib: L2[L0[], L7[]], Eii: L2[L7[], L7[]], put: L2[V2, V3] -> V0 -> V1 -> L2[V0, L7[]], tr: L7[]
[16:07:44.060244]	Exploring 0: L0[], 1: L0[], Ebi: L2[L7[], L0[]], Eib: L2[L0[], L7[]], Eii: L2[L7[], L7[]], put: L2[V2, V3] -> V0 -> V1 -> L2[V0, V0], tr: L7[]
[16:07:44.060504]	Exploring 0: L0[], 1: L0[], Ebi: L2[L7[], L0[]], Eib: L2[L0[], L7[]], Eii: L2[L7[], L7[]], put: L2[V2, V3] -> V0 -> V1 -> L2[V0, V1], tr: L7[]
[16:07:44.060792]	Exploring 0: L0[], 1: L0[], Ebi: L2[L7[], L0[]], Eib: L2[L0[], L7[]], Eii: L2[L7[], L7[]], put: L2[V2, V3] -> V0 -> V1 -> L2[V0, V2], tr: L7[]
[16:07:44.061031]	Exploring 0: L0[], 1: L0[], Ebi: L2[L7[], L0[]], Eib: L2[L0[], L7[]], Eii: L2[L7[], L7[]], put: L2[V2, V3] -> V0 -> V1 -> L2[V0, V3], tr: L7[]
[16:07:44.061266]	Exploring 0: L0[], 1: L0[], Ebi: L2[L7[], L0[]], Eib: L2[L0[], L7[]], Eii: L2[L7[], L7[]], put: L2[V2, V3] -> V0 -> V1 -> L2[V1, _9_], tr: L7[]
[16:07:44.061411]	Exploring 0: L0[], 1: L0[], Ebi: L2[L7[], L0[]], Eib: L2[L0[], L7[]], Eii: L2[L7[], L7[]], put: L2[V2, V3] -> V0 -> V1 -> L2[V1, L0[]], tr: L7[]
[16:07:44.061659]	Exploring 0: L0[], 1: L0[], Ebi: L2[L7[], L0[]], Eib: L2[L0[], L7[]], Eii: L2[L7[], L7[]], put: L2[V2, V3] -> V0 -> V1 -> L2[V1, L7[]], tr: L7[]
[16:07:44.061908]	Exploring 0: L0[], 1: L0[], Ebi: L2[L7[], L0[]], Eib: L2[L0[], L7[]], Eii: L2[L7[], L7[]], put: L2[V2, V3] -> V0 -> V1 -> L2[V1, V0], tr: L7[]
[16:07:44.062137]	Exploring 0: L0[], 1: L0[], Ebi: L2[L7[], L0[]], Eib: L2[L0[], L7[]], Eii: L2[L7[], L7[]], put: L2[V2, V3] -> V0 -> V1 -> L2[V1, V1], tr: L7[]
[16:07:44.062387]	Exploring 0: L0[], 1: L0[], Ebi: L2[L7[], L0[]], Eib: L2[L0[], L7[]], Eii: L2[L7[], L7[]], put: L2[V2, V3] -> V0 -> V1 -> L2[V1, V2], tr: L7[]
[16:07:44.062643]	Exploring 0: L0[], 1: L0[], Ebi: L2[L7[], L0[]], Eib: L2[L0[], L7[]], Eii: L2[L7[], L7[]], put: L2[V2, V3] -> V0 -> V1 -> L2[V1, V3], tr: L7[]
[16:07:44.062863]	Exploring 0: L0[], 1: L0[], Ebi: L2[L7[], L0[]], Eib: L2[L0[], L7[]], Eii: L2[L7[], L7[]], put: L2[V2, V3] -> V0 -> V1 -> L2[V2, _9_], tr: L7[]
[16:07:44.063041]	Exploring 0: L0[], 1: L0[], Ebi: L2[L7[], L0[]], Eib: L2[L0[], L7[]], Eii: L2[L7[], L7[]], put: L2[V2, V3] -> V0 -> V1 -> L2[V2, L0[]], tr: L7[]
[16:07:44.063256]	Exploring 0: L0[], 1: L0[], Ebi: L2[L7[], L0[]], Eib: L2[L0[], L7[]], Eii: L2[L7[], L7[]], put: L2[V2, V3] -> V0 -> V1 -> L2[V2, L7[]], tr: L7[]
[16:07:44.063538]	Exploring 0: L0[], 1: L0[], Ebi: L2[L7[], L0[]], Eib: L2[L0[], L7[]], Eii: L2[L7[], L7[]], put: L2[V2, V3] -> V0 -> V1 -> L2[V2, V0], tr: L7[]
[16:07:44.063781]	Exploring 0: L0[], 1: L0[], Ebi: L2[L7[], L0[]], Eib: L2[L0[], L7[]], Eii: L2[L7[], L7[]], put: L2[V2, V3] -> V0 -> V1 -> L2[V2, V1], tr: L7[]
[16:07:44.063998]	Exploring 0: L0[], 1: L0[], Ebi: L2[L7[], L0[]], Eib: L2[L0[], L7[]], Eii: L2[L7[], L7[]], put: L2[V2, V3] -> V0 -> V1 -> L2[V2, V2], tr: L7[]
[16:07:44.064210]	Exploring 0: L0[], 1: L0[], Ebi: L2[L7[], L0[]], Eib: L2[L0[], L7[]], Eii: L2[L7[], L7[]], put: L2[V2, V3] -> V0 -> V1 -> L2[V2, V3], tr: L7[]
[16:07:44.064424]	Exploring 0: L0[], 1: L0[], Ebi: L2[L7[], L0[]], Eib: L2[L0[], L7[]], Eii: L2[L7[], L7[]], put: L2[V2, V3] -> V0 -> V1 -> L2[V3, _9_], tr: L7[]
[16:07:44.064566]	Exploring 0: L0[], 1: L0[], Ebi: L2[L7[], L0[]], Eib: L2[L0[], L7[]], Eii: L2[L7[], L7[]], put: L2[V2, V3] -> V0 -> V1 -> L2[V3, L0[]], tr: L7[]
[16:07:44.064786]	Exploring 0: L0[], 1: L0[], Ebi: L2[L7[], L0[]], Eib: L2[L0[], L7[]], Eii: L2[L7[], L7[]], put: L2[V2, V3] -> V0 -> V1 -> L2[V3, L7[]], tr: L7[]
[16:07:44.065013]	Exploring 0: L0[], 1: L0[], Ebi: L2[L7[], L0[]], Eib: L2[L0[], L7[]], Eii: L2[L7[], L7[]], put: L2[V2, V3] -> V0 -> V1 -> L2[V3, V0], tr: L7[]
[16:07:44.065243]	Exploring 0: L0[], 1: L0[], Ebi: L2[L7[], L0[]], Eib: L2[L0[], L7[]], Eii: L2[L7[], L7[]], put: L2[V2, V3] -> V0 -> V1 -> L2[V3, V1], tr: L7[]
[16:07:44.065466]	Exploring 0: L0[], 1: L0[], Ebi: L2[L7[], L0[]], Eib: L2[L0[], L7[]], Eii: L2[L7[], L7[]], put: L2[V2, V3] -> V0 -> V1 -> L2[V3, V2], tr: L7[]
[16:07:44.065704]	Exploring 0: L0[], 1: L0[], Ebi: L2[L7[], L0[]], Eib: L2[L0[], L7[]], Eii: L2[L7[], L7[]], put: L2[V2, V3] -> V0 -> V1 -> L2[V3, V3], tr: L7[]
[16:07:44.065919]	Exploring 0: L0[], 1: L0[], Ebi: L2[L7[], L0[]], Eib: L2[L7[], _3_], Eii: L2[_4_, _5_], put: L2[_6_, _7_] -> V0 -> V1 -> L2[_8_, _9_], tr: L7[]
[16:07:44.066003]	Exploring 0: L0[], 1: L0[], Ebi: L2[L7[], L0[]], Eib: L2[L7[], L0[]], Eii: L2[_4_, _5_], put: L2[_6_, _7_] -> V0 -> V1 -> L2[_8_, _9_], tr: L7[]
[16:07:44.066088]	Exploring 0: L0[], 1: L0[], Ebi: L2[L7[], L0[]], Eib: L2[L7[], L0[]], Eii: L2[L0[], _5_], put: L2[_6_, _7_] -> V0 -> V1 -> L2[_8_, _9_], tr: L7[]
[16:07:44.066202]	Exploring 0: L0[], 1: L0[], Ebi: L2[L7[], L0[]], Eib: L2[L7[], L0[]], Eii: L2[L0[], L0[]], put: L2[_6_, _7_] -> V0 -> V1 -> L2[_8_, _9_], tr: L7[]
[16:07:44.066339]	Exploring 0: L0[], 1: L0[], Ebi: L2[L7[], L0[]], Eib: L2[L7[], L0[]], Eii: L2[L0[], L0[]], put: L2[V2, _7_] -> V0 -> V1 -> L2[_8_, _9_], tr: L7[]
[16:07:44.066485]	Exploring 0: L0[], 1: L0[], Ebi: L2[L7[], L0[]], Eib: L2[L7[], L0[]], Eii: L2[L0[], L0[]], put: L2[V2, L0[]] -> V0 -> V1 -> L2[_8_, _9_], tr: L7[]
[16:07:44.066604]	Exploring 0: L0[], 1: L0[], Ebi: L2[L7[], L0[]], Eib: L2[L7[], L0[]], Eii: L2[L0[], L0[]], put: L2[V2, L0[]] -> V0 -> V1 -> L2[L0[], _9_], tr: L7[]
[16:07:44.066763]	Exploring 0: L0[], 1: L0[], Ebi: L2[L7[], L0[]], Eib: L2[L7[], L0[]], Eii: L2[L0[], L0[]], put: L2[V2, L0[]] -> V0 -> V1 -> L2[L0[], L0[]], tr: L7[]
[16:07:44.067092]	Exploring 0: L0[], 1: L0[], Ebi: L2[L7[], L0[]], Eib: L2[L7[], L0[]], Eii: L2[L0[], L0[]], put: L2[V2, L0[]] -> V0 -> V1 -> L2[L7[], _9_], tr: L7[]
[16:07:44.067246]	Exploring 0: L0[], 1: L0[], Ebi: L2[L7[], L0[]], Eib: L2[L7[], L0[]], Eii: L2[L0[], L0[]], put: L2[V2, L0[]] -> V0 -> V1 -> L2[L7[], L0[]], tr: L7[]
[16:07:44.067553]	Exploring 0: L0[], 1: L0[], Ebi: L2[L7[], L0[]], Eib: L2[L7[], L0[]], Eii: L2[L0[], L0[]], put: L2[V2, L0[]] -> V0 -> V1 -> L2[V0, _9_], tr: L7[]
[16:07:44.067686]	Exploring 0: L0[], 1: L0[], Ebi: L2[L7[], L0[]], Eib: L2[L7[], L0[]], Eii: L2[L0[], L0[]], put: L2[V2, L0[]] -> V0 -> V1 -> L2[V0, L0[]], tr: L7[]
[16:07:44.067969]	Exploring 0: L0[], 1: L0[], Ebi: L2[L7[], L0[]], Eib: L2[L7[], L0[]], Eii: L2[L0[], L0[]], put: L2[V2, L0[]] -> V0 -> V1 -> L2[V1, _9_], tr: L7[]
[16:07:44.068116]	Exploring 0: L0[], 1: L0[], Ebi: L2[L7[], L0[]], Eib: L2[L7[], L0[]], Eii: L2[L0[], L0[]], put: L2[V2, L0[]] -> V0 -> V1 -> L2[V1, L0[]], tr: L7[]
[16:07:44.068376]	Exploring 0: L0[], 1: L0[], Ebi: L2[L7[], L0[]], Eib: L2[L7[], L0[]], Eii: L2[L0[], L0[]], put: L2[V2, L0[]] -> V0 -> V1 -> L2[V2, _9_], tr: L7[]
[16:07:44.068501]	Exploring 0: L0[], 1: L0[], Ebi: L2[L7[], L0[]], Eib: L2[L7[], L0[]], Eii: L2[L0[], L0[]], put: L2[V2, L0[]] -> V0 -> V1 -> L2[V2, L0[]], tr: L7[]
[16:07:44.068800]	Exploring 0: L0[], 1: L0[], Ebi: L2[L7[], L0[]], Eib: L2[L7[], L0[]], Eii: L2[L0[], L0[]], put: L2[V2, V3] -> V0 -> V1 -> L2[_8_, _9_], tr: L7[]
[16:07:44.068929]	Exploring 0: L0[], 1: L0[], Ebi: L2[L7[], L0[]], Eib: L2[L7[], L0[]], Eii: L2[L0[], L0[]], put: L2[V2, V3] -> V0 -> V1 -> L2[L0[], _9_], tr: L7[]
[16:07:44.069093]	Exploring 0: L0[], 1: L0[], Ebi: L2[L7[], L0[]], Eib: L2[L7[], L0[]], Eii: L2[L0[], L0[]], put: L2[V2, V3] -> V0 -> V1 -> L2[L0[], L0[]], tr: L7[]
[16:07:44.069317]	Exploring 0: L0[], 1: L0[], Ebi: L2[L7[], L0[]], Eib: L2[L7[], L0[]], Eii: L2[L0[], L0[]], put: L2[V2, V3] -> V0 -> V1 -> L2[L0[], L7[]], tr: L7[]
[16:07:44.069552]	Exploring 0: L0[], 1: L0[], Ebi: L2[L7[], L0[]], Eib: L2[L7[], L0[]], Eii: L2[L0[], L0[]], put: L2[V2, V3] -> V0 -> V1 -> L2[L0[], V0], tr: L7[]
[16:07:44.069895]	Exploring 0: L0[], 1: L0[], Ebi: L2[L7[], L0[]], Eib: L2[L7[], L0[]], Eii: L2[L0[], L0[]], put: L2[V2, V3] -> V0 -> V1 -> L2[L0[], V1], tr: L7[]
[16:07:44.070214]	Exploring 0: L0[], 1: L0[], Ebi: L2[L7[], L0[]], Eib: L2[L7[], L0[]], Eii: L2[L0[], L0[]], put: L2[V2, V3] -> V0 -> V1 -> L2[L0[], V2], tr: L7[]
[16:07:44.070518]	Exploring 0: L0[], 1: L0[], Ebi: L2[L7[], L0[]], Eib: L2[L7[], L0[]], Eii: L2[L0[], L0[]], put: L2[V2, V3] -> V0 -> V1 -> L2[L0[], V3], tr: L7[]
[16:07:44.070770]	Exploring 0: L0[], 1: L0[], Ebi: L2[L7[], L0[]], Eib: L2[L7[], L0[]], Eii: L2[L0[], L0[]], put: L2[V2, V3] -> V0 -> V1 -> L2[L7[], _9_], tr: L7[]
[16:07:44.070902]	Exploring 0: L0[], 1: L0[], Ebi: L2[L7[], L0[]], Eib: L2[L7[], L0[]], Eii: L2[L0[], L0[]], put: L2[V2, V3] -> V0 -> V1 -> L2[L7[], L0[]], tr: L7[]
[16:07:44.071129]	Exploring 0: L0[], 1: L0[], Ebi: L2[L7[], L0[]], Eib: L2[L7[], L0[]], Eii: L2[L0[], L0[]], put: L2[V2, V3] -> V0 -> V1 -> L2[L7[], L7[]], tr: L7[]
[16:07:44.071439]	Exploring 0: L0[], 1: L0[], Ebi: L2[L7[], L0[]], Eib: L2[L7[], L0[]], Eii: L2[L0[], L0[]], put: L2[V2, V3] -> V0 -> V1 -> L2[L7[], V0], tr: L7[]
[16:07:44.071710]	Exploring 0: L0[], 1: L0[], Ebi: L2[L7[], L0[]], Eib: L2[L7[], L0[]], Eii: L2[L0[], L0[]], put: L2[V2, V3] -> V0 -> V1 -> L2[L7[], V1], tr: L7[]
[16:07:44.071975]	Exploring 0: L0[], 1: L0[], Ebi: L2[L7[], L0[]], Eib: L2[L7[], L0[]], Eii: L2[L0[], L0[]], put: L2[V2, V3] -> V0 -> V1 -> L2[L7[], V2], tr: L7[]
[16:07:44.072210]	Exploring 0: L0[], 1: L0[], Ebi: L2[L7[], L0[]], Eib: L2[L7[], L0[]], Eii: L2[L0[], L0[]], put: L2[V2, V3] -> V0 -> V1 -> L2[L7[], V3], tr: L7[]
[16:07:44.072457]	Exploring 0: L0[], 1: L0[], Ebi: L2[L7[], L0[]], Eib: L2[L7[], L0[]], Eii: L2[L0[], L0[]], put: L2[V2, V3] -> V0 -> V1 -> L2[V0, _9_], tr: L7[]
[16:07:44.072613]	Exploring 0: L0[], 1: L0[], Ebi: L2[L7[], L0[]], Eib: L2[L7[], L0[]], Eii: L2[L0[], L0[]], put: L2[V2, V3] -> V0 -> V1 -> L2[V0, L0[]], tr: L7[]
[16:07:44.072865]	Exploring 0: L0[], 1: L0[], Ebi: L2[L7[], L0[]], Eib: L2[L7[], L0[]], Eii: L2[L0[], L0[]], put: L2[V2, V3] -> V0 -> V1 -> L2[V0, L7[]], tr: L7[]
[16:07:44.073112]	Exploring 0: L0[], 1: L0[], Ebi: L2[L7[], L0[]], Eib: L2[L7[], L0[]], Eii: L2[L0[], L0[]], put: L2[V2, V3] -> V0 -> V1 -> L2[V0, V0], tr: L7[]
[16:07:44.073377]	Exploring 0: L0[], 1: L0[], Ebi: L2[L7[], L0[]], Eib: L2[L7[], L0[]], Eii: L2[L0[], L0[]], put: L2[V2, V3] -> V0 -> V1 -> L2[V0, V1], tr: L7[]
[16:07:44.073644]	Exploring 0: L0[], 1: L0[], Ebi: L2[L7[], L0[]], Eib: L2[L7[], L0[]], Eii: L2[L0[], L0[]], put: L2[V2, V3] -> V0 -> V1 -> L2[V0, V2], tr: L7[]
[16:07:44.073983]	Exploring 0: L0[], 1: L0[], Ebi: L2[L7[], L0[]], Eib: L2[L7[], L0[]], Eii: L2[L0[], L0[]], put: L2[V2, V3] -> V0 -> V1 -> L2[V0, V3], tr: L7[]
[16:07:44.074316]	Exploring 0: L0[], 1: L0[], Ebi: L2[L7[], L0[]], Eib: L2[L7[], L0[]], Eii: L2[L0[], L0[]], put: L2[V2, V3] -> V0 -> V1 -> L2[V1, _9_], tr: L7[]
[16:07:44.074508]	Exploring 0: L0[], 1: L0[], Ebi: L2[L7[], L0[]], Eib: L2[L7[], L0[]], Eii: L2[L0[], L0[]], put: L2[V2, V3] -> V0 -> V1 -> L2[V1, L0[]], tr: L7[]
[16:07:44.074771]	Exploring 0: L0[], 1: L0[], Ebi: L2[L7[], L0[]], Eib: L2[L7[], L0[]], Eii: L2[L0[], L0[]], put: L2[V2, V3] -> V0 -> V1 -> L2[V1, L7[]], tr: L7[]
[16:07:44.075028]	Exploring 0: L0[], 1: L0[], Ebi: L2[L7[], L0[]], Eib: L2[L7[], L0[]], Eii: L2[L0[], L0[]], put: L2[V2, V3] -> V0 -> V1 -> L2[V1, V0], tr: L7[]
[16:07:44.075273]	Exploring 0: L0[], 1: L0[], Ebi: L2[L7[], L0[]], Eib: L2[L7[], L0[]], Eii: L2[L0[], L0[]], put: L2[V2, V3] -> V0 -> V1 -> L2[V1, V1], tr: L7[]
[16:07:44.075645]	Exploring 0: L0[], 1: L0[], Ebi: L2[L7[], L0[]], Eib: L2[L7[], L0[]], Eii: L2[L0[], L0[]], put: L2[V2, V3] -> V0 -> V1 -> L2[V1, V2], tr: L7[]
[16:07:44.076075]	Exploring 0: L0[], 1: L0[], Ebi: L2[L7[], L0[]], Eib: L2[L7[], L0[]], Eii: L2[L0[], L0[]], put: L2[V2, V3] -> V0 -> V1 -> L2[V1, V3], tr: L7[]
[16:07:44.076481]	Exploring 0: L0[], 1: L0[], Ebi: L2[L7[], L0[]], Eib: L2[L7[], L0[]], Eii: L2[L0[], L0[]], put: L2[V2, V3] -> V0 -> V1 -> L2[V2, _9_], tr: L7[]
[16:07:44.076708]	Exploring 0: L0[], 1: L0[], Ebi: L2[L7[], L0[]], Eib: L2[L7[], L0[]], Eii: L2[L0[], L0[]], put: L2[V2, V3] -> V0 -> V1 -> L2[V2, L0[]], tr: L7[]
[16:07:44.077091]	Exploring 0: L0[], 1: L0[], Ebi: L2[L7[], L0[]], Eib: L2[L7[], L0[]], Eii: L2[L0[], L0[]], put: L2[V2, V3] -> V0 -> V1 -> L2[V2, L7[]], tr: L7[]
[16:07:44.077504]	Exploring 0: L0[], 1: L0[], Ebi: L2[L7[], L0[]], Eib: L2[L7[], L0[]], Eii: L2[L0[], L0[]], put: L2[V2, V3] -> V0 -> V1 -> L2[V2, V0], tr: L7[]
[16:07:44.077949]	Exploring 0: L0[], 1: L0[], Ebi: L2[L7[], L0[]], Eib: L2[L7[], L0[]], Eii: L2[L0[], L0[]], put: L2[V2, V3] -> V0 -> V1 -> L2[V2, V1], tr: L7[]
[16:07:44.078371]	Exploring 0: L0[], 1: L0[], Ebi: L2[L7[], L0[]], Eib: L2[L7[], L0[]], Eii: L2[L0[], L0[]], put: L2[V2, V3] -> V0 -> V1 -> L2[V2, V2], tr: L7[]
[16:07:44.078763]	Exploring 0: L0[], 1: L0[], Ebi: L2[L7[], L0[]], Eib: L2[L7[], L0[]], Eii: L2[L0[], L0[]], put: L2[V2, V3] -> V0 -> V1 -> L2[V2, V3], tr: L7[]
[16:07:44.079171]	Exploring 0: L0[], 1: L0[], Ebi: L2[L7[], L0[]], Eib: L2[L7[], L0[]], Eii: L2[L0[], L0[]], put: L2[V2, V3] -> V0 -> V1 -> L2[V3, _9_], tr: L7[]
[16:07:44.079397]	Exploring 0: L0[], 1: L0[], Ebi: L2[L7[], L0[]], Eib: L2[L7[], L0[]], Eii: L2[L0[], L0[]], put: L2[V2, V3] -> V0 -> V1 -> L2[V3, L0[]], tr: L7[]
[16:07:44.079827]	Exploring 0: L0[], 1: L0[], Ebi: L2[L7[], L0[]], Eib: L2[L7[], L0[]], Eii: L2[L0[], L0[]], put: L2[V2, V3] -> V0 -> V1 -> L2[V3, L7[]], tr: L7[]
[16:07:44.080252]	Exploring 0: L0[], 1: L0[], Ebi: L2[L7[], L0[]], Eib: L2[L7[], L0[]], Eii: L2[L0[], L0[]], put: L2[V2, V3] -> V0 -> V1 -> L2[V3, V0], tr: L7[]
[16:07:44.080689]	Exploring 0: L0[], 1: L0[], Ebi: L2[L7[], L0[]], Eib: L2[L7[], L0[]], Eii: L2[L0[], L0[]], put: L2[V2, V3] -> V0 -> V1 -> L2[V3, V1], tr: L7[]
[16:07:44.081114]	Exploring 0: L0[], 1: L0[], Ebi: L2[L7[], L0[]], Eib: L2[L7[], L0[]], Eii: L2[L0[], L0[]], put: L2[V2, V3] -> V0 -> V1 -> L2[V3, V2], tr: L7[]
[16:07:44.081513]	Exploring 0: L0[], 1: L0[], Ebi: L2[L7[], L0[]], Eib: L2[L7[], L0[]], Eii: L2[L0[], L0[]], put: L2[V2, V3] -> V0 -> V1 -> L2[V3, V3], tr: L7[]
[16:07:44.081850]	Exploring 0: L0[], 1: L0[], Ebi: L2[L7[], L0[]], Eib: L2[L7[], L0[]], Eii: L2[L0[], L7[]], put: L2[_6_, _7_] -> V0 -> V1 -> L2[_8_, _9_], tr: L7[]
[16:07:44.082099]	Exploring 0: L0[], 1: L0[], Ebi: L2[L7[], L0[]], Eib: L2[L7[], L0[]], Eii: L2[L0[], L7[]], put: L2[V2, _7_] -> V0 -> V1 -> L2[_8_, _9_], tr: L7[]
[16:07:44.082374]	Exploring 0: L0[], 1: L0[], Ebi: L2[L7[], L0[]], Eib: L2[L7[], L0[]], Eii: L2[L0[], L7[]], put: L2[V2, V3] -> V0 -> V1 -> L2[_8_, _9_], tr: L7[]
[16:07:44.082611]	Exploring 0: L0[], 1: L0[], Ebi: L2[L7[], L0[]], Eib: L2[L7[], L0[]], Eii: L2[L0[], L7[]], put: L2[V2, V3] -> V0 -> V1 -> L2[L0[], _9_], tr: L7[]
[16:07:44.082804]	Exploring 0: L0[], 1: L0[], Ebi: L2[L7[], L0[]], Eib: L2[L7[], L0[]], Eii: L2[L0[], L7[]], put: L2[V2, V3] -> V0 -> V1 -> L2[L0[], L0[]], tr: L7[]
[16:07:44.083211]	Exploring 0: L0[], 1: L0[], Ebi: L2[L7[], L0[]], Eib: L2[L7[], L0[]], Eii: L2[L0[], L7[]], put: L2[V2, V3] -> V0 -> V1 -> L2[L0[], L7[]], tr: L7[]
[16:07:44.083639]	Exploring 0: L0[], 1: L0[], Ebi: L2[L7[], L0[]], Eib: L2[L7[], L0[]], Eii: L2[L0[], L7[]], put: L2[V2, V3] -> V0 -> V1 -> L2[L0[], V0], tr: L7[]
[16:07:44.084094]	Exploring 0: L0[], 1: L0[], Ebi: L2[L7[], L0[]], Eib: L2[L7[], L0[]], Eii: L2[L0[], L7[]], put: L2[V2, V3] -> V0 -> V1 -> L2[L0[], V1], tr: L7[]
[16:07:44.084531]	Exploring 0: L0[], 1: L0[], Ebi: L2[L7[], L0[]], Eib: L2[L7[], L0[]], Eii: L2[L0[], L7[]], put: L2[V2, V3] -> V0 -> V1 -> L2[L0[], V2], tr: L7[]
[16:07:44.084969]	Exploring 0: L0[], 1: L0[], Ebi: L2[L7[], L0[]], Eib: L2[L7[], L0[]], Eii: L2[L0[], L7[]], put: L2[V2, V3] -> V0 -> V1 -> L2[L0[], V3], tr: L7[]
[16:07:44.085389]	Exploring 0: L0[], 1: L0[], Ebi: L2[L7[], L0[]], Eib: L2[L7[], L0[]], Eii: L2[L0[], L7[]], put: L2[V2, V3] -> V0 -> V1 -> L2[L7[], _9_], tr: L7[]
[16:07:44.085610]	Exploring 0: L0[], 1: L0[], Ebi: L2[L7[], L0[]], Eib: L2[L7[], L0[]], Eii: L2[L0[], L7[]], put: L2[V2, V3] -> V0 -> V1 -> L2[L7[], L0[]], tr: L7[]
[16:07:44.085987]	Exploring 0: L0[], 1: L0[], Ebi: L2[L7[], L0[]], Eib: L2[L7[], L0[]], Eii: L2[L0[], L7[]], put: L2[V2, V3] -> V0 -> V1 -> L2[L7[], L7[]], tr: L7[]
[16:07:44.086397]	Exploring 0: L0[], 1: L0[], Ebi: L2[L7[], L0[]], Eib: L2[L7[], L0[]], Eii: L2[L0[], L7[]], put: L2[V2, V3] -> V0 -> V1 -> L2[L7[], V0], tr: L7[]
[16:07:44.086832]	Exploring 0: L0[], 1: L0[], Ebi: L2[L7[], L0[]], Eib: L2[L7[], L0[]], Eii: L2[L0[], L7[]], put: L2[V2, V3] -> V0 -> V1 -> L2[L7[], V1], tr: L7[]
[16:07:44.087071]	Exploring 0: L0[], 1: L0[], Ebi: L2[L7[], L0[]], Eib: L2[L7[], L0[]], Eii: L2[L0[], L7[]], put: L2[V2, V3] -> V0 -> V1 -> L2[L7[], V2], tr: L7[]
[16:07:44.087301]	Exploring 0: L0[], 1: L0[], Ebi: L2[L7[], L0[]], Eib: L2[L7[], L0[]], Eii: L2[L0[], L7[]], put: L2[V2, V3] -> V0 -> V1 -> L2[L7[], V3], tr: L7[]
[16:07:44.087550]	Exploring 0: L0[], 1: L0[], Ebi: L2[L7[], L0[]], Eib: L2[L7[], L0[]], Eii: L2[L0[], L7[]], put: L2[V2, V3] -> V0 -> V1 -> L2[V0, _9_], tr: L7[]
[16:07:44.087702]	Exploring 0: L0[], 1: L0[], Ebi: L2[L7[], L0[]], Eib: L2[L7[], L0[]], Eii: L2[L0[], L7[]], put: L2[V2, V3] -> V0 -> V1 -> L2[V0, L0[]], tr: L7[]
[16:07:44.087956]	Exploring 0: L0[], 1: L0[], Ebi: L2[L7[], L0[]], Eib: L2[L7[], L0[]], Eii: L2[L0[], L7[]], put: L2[V2, V3] -> V0 -> V1 -> L2[V0, L7[]], tr: L7[]
[16:07:44.088188]	Exploring 0: L0[], 1: L0[], Ebi: L2[L7[], L0[]], Eib: L2[L7[], L0[]], Eii: L2[L0[], L7[]], put: L2[V2, V3] -> V0 -> V1 -> L2[V0, V0], tr: L7[]
[16:07:44.088433]	Exploring 0: L0[], 1: L0[], Ebi: L2[L7[], L0[]], Eib: L2[L7[], L0[]], Eii: L2[L0[], L7[]], put: L2[V2, V3] -> V0 -> V1 -> L2[V0, V1], tr: L7[]
[16:07:44.088666]	Exploring 0: L0[], 1: L0[], Ebi: L2[L7[], L0[]], Eib: L2[L7[], L0[]], Eii: L2[L0[], L7[]], put: L2[V2, V3] -> V0 -> V1 -> L2[V0, V2], tr: L7[]
[16:07:44.088895]	Exploring 0: L0[], 1: L0[], Ebi: L2[L7[], L0[]], Eib: L2[L7[], L0[]], Eii: L2[L0[], L7[]], put: L2[V2, V3] -> V0 -> V1 -> L2[V0, V3], tr: L7[]
[16:07:44.089121]	Exploring 0: L0[], 1: L0[], Ebi: L2[L7[], L0[]], Eib: L2[L7[], L0[]], Eii: L2[L0[], L7[]], put: L2[V2, V3] -> V0 -> V1 -> L2[V1, _9_], tr: L7[]
[16:07:44.089252]	Exploring 0: L0[], 1: L0[], Ebi: L2[L7[], L0[]], Eib: L2[L7[], L0[]], Eii: L2[L0[], L7[]], put: L2[V2, V3] -> V0 -> V1 -> L2[V1, L0[]], tr: L7[]
[16:07:44.089487]	Exploring 0: L0[], 1: L0[], Ebi: L2[L7[], L0[]], Eib: L2[L7[], L0[]], Eii: L2[L0[], L7[]], put: L2[V2, V3] -> V0 -> V1 -> L2[V1, L7[]], tr: L7[]
[16:07:44.089738]	Exploring 0: L0[], 1: L0[], Ebi: L2[L7[], L0[]], Eib: L2[L7[], L0[]], Eii: L2[L0[], L7[]], put: L2[V2, V3] -> V0 -> V1 -> L2[V1, V0], tr: L7[]
[16:07:44.089979]	Exploring 0: L0[], 1: L0[], Ebi: L2[L7[], L0[]], Eib: L2[L7[], L0[]], Eii: L2[L0[], L7[]], put: L2[V2, V3] -> V0 -> V1 -> L2[V1, V1], tr: L7[]
[16:07:44.090209]	Exploring 0: L0[], 1: L0[], Ebi: L2[L7[], L0[]], Eib: L2[L7[], L0[]], Eii: L2[L0[], L7[]], put: L2[V2, V3] -> V0 -> V1 -> L2[V1, V2], tr: L7[]
[16:07:44.090437]	Exploring 0: L0[], 1: L0[], Ebi: L2[L7[], L0[]], Eib: L2[L7[], L0[]], Eii: L2[L0[], L7[]], put: L2[V2, V3] -> V0 -> V1 -> L2[V1, V3], tr: L7[]
[16:07:44.090657]	Exploring 0: L0[], 1: L0[], Ebi: L2[L7[], L0[]], Eib: L2[L7[], L0[]], Eii: L2[L0[], L7[]], put: L2[V2, V3] -> V0 -> V1 -> L2[V2, _9_], tr: L7[]
[16:07:44.090775]	Exploring 0: L0[], 1: L0[], Ebi: L2[L7[], L0[]], Eib: L2[L7[], L0[]], Eii: L2[L0[], L7[]], put: L2[V2, V3] -> V0 -> V1 -> L2[V2, L0[]], tr: L7[]
[16:07:44.090983]	Exploring 0: L0[], 1: L0[], Ebi: L2[L7[], L0[]], Eib: L2[L7[], L0[]], Eii: L2[L0[], L7[]], put: L2[V2, V3] -> V0 -> V1 -> L2[V2, L7[]], tr: L7[]
[16:07:44.091200]	Exploring 0: L0[], 1: L0[], Ebi: L2[L7[], L0[]], Eib: L2[L7[], L0[]], Eii: L2[L0[], L7[]], put: L2[V2, V3] -> V0 -> V1 -> L2[V2, V0], tr: L7[]
[16:07:44.091446]	Exploring 0: L0[], 1: L0[], Ebi: L2[L7[], L0[]], Eib: L2[L7[], L0[]], Eii: L2[L0[], L7[]], put: L2[V2, V3] -> V0 -> V1 -> L2[V2, V1], tr: L7[]
[16:07:44.091669]	Exploring 0: L0[], 1: L0[], Ebi: L2[L7[], L0[]], Eib: L2[L7[], L0[]], Eii: L2[L0[], L7[]], put: L2[V2, V3] -> V0 -> V1 -> L2[V2, V2], tr: L7[]
[16:07:44.091874]	Exploring 0: L0[], 1: L0[], Ebi: L2[L7[], L0[]], Eib: L2[L7[], L0[]], Eii: L2[L0[], L7[]], put: L2[V2, V3] -> V0 -> V1 -> L2[V2, V3], tr: L7[]
[16:07:44.092091]	Exploring 0: L0[], 1: L0[], Ebi: L2[L7[], L0[]], Eib: L2[L7[], L0[]], Eii: L2[L0[], L7[]], put: L2[V2, V3] -> V0 -> V1 -> L2[V3, _9_], tr: L7[]
[16:07:44.092213]	Exploring 0: L0[], 1: L0[], Ebi: L2[L7[], L0[]], Eib: L2[L7[], L0[]], Eii: L2[L0[], L7[]], put: L2[V2, V3] -> V0 -> V1 -> L2[V3, L0[]], tr: L7[]
[16:07:44.092431]	Exploring 0: L0[], 1: L0[], Ebi: L2[L7[], L0[]], Eib: L2[L7[], L0[]], Eii: L2[L0[], L7[]], put: L2[V2, V3] -> V0 -> V1 -> L2[V3, L7[]], tr: L7[]
[16:07:44.092658]	Exploring 0: L0[], 1: L0[], Ebi: L2[L7[], L0[]], Eib: L2[L7[], L0[]], Eii: L2[L0[], L7[]], put: L2[V2, V3] -> V0 -> V1 -> L2[V3, V0], tr: L7[]
[16:07:44.092890]	Exploring 0: L0[], 1: L0[], Ebi: L2[L7[], L0[]], Eib: L2[L7[], L0[]], Eii: L2[L0[], L7[]], put: L2[V2, V3] -> V0 -> V1 -> L2[V3, V1], tr: L7[]
[16:07:44.093114]	Exploring 0: L0[], 1: L0[], Ebi: L2[L7[], L0[]], Eib: L2[L7[], L0[]], Eii: L2[L0[], L7[]], put: L2[V2, V3] -> V0 -> V1 -> L2[V3, V2], tr: L7[]
[16:07:44.093445]	Exploring 0: L0[], 1: L0[], Ebi: L2[L7[], L0[]], Eib: L2[L7[], L0[]], Eii: L2[L0[], L7[]], put: L2[V2, V3] -> V0 -> V1 -> L2[V3, V3], tr: L7[]
[16:07:44.093711]	Exploring 0: L0[], 1: L0[], Ebi: L2[L7[], L0[]], Eib: L2[L7[], L0[]], Eii: L2[L7[], _5_], put: L2[_6_, _7_] -> V0 -> V1 -> L2[_8_, _9_], tr: L7[]
[16:07:44.093790]	Exploring 0: L0[], 1: L0[], Ebi: L2[L7[], L0[]], Eib: L2[L7[], L0[]], Eii: L2[L7[], L0[]], put: L2[_6_, _7_] -> V0 -> V1 -> L2[_8_, _9_], tr: L7[]
[16:07:44.093880]	Exploring 0: L0[], 1: L0[], Ebi: L2[L7[], L0[]], Eib: L2[L7[], L0[]], Eii: L2[L7[], L0[]], put: L2[L7[], _7_] -> V0 -> V1 -> L2[_8_, _9_], tr: L7[]
[16:07:44.093962]	Exploring 0: L0[], 1: L0[], Ebi: L2[L7[], L0[]], Eib: L2[L7[], L0[]], Eii: L2[L7[], L0[]], put: L2[L7[], L0[]] -> V0 -> V1 -> L2[_8_, _9_], tr: L7[]
[16:07:44.094056]	Exploring 0: L0[], 1: L0[], Ebi: L2[L7[], L0[]], Eib: L2[L7[], L0[]], Eii: L2[L7[], L0[]], put: L2[L7[], L0[]] -> V0 -> V1 -> L2[L7[], _9_], tr: L7[]
[16:07:44.094152]	Exploring 0: L0[], 1: L0[], Ebi: L2[L7[], L0[]], Eib: L2[L7[], L0[]], Eii: L2[L7[], L0[]], put: L2[L7[], L0[]] -> V0 -> V1 -> L2[L7[], L0[]], tr: L7[]
[16:07:44.094408]	Exploring 0: L0[], 1: L0[], Ebi: L2[L7[], L0[]], Eib: L2[L7[], L0[]], Eii: L2[L7[], L0[]], put: L2[L7[], V2] -> V0 -> V1 -> L2[_8_, _9_], tr: L7[]
[16:07:44.094526]	Exploring 0: L0[], 1: L0[], Ebi: L2[L7[], L0[]], Eib: L2[L7[], L0[]], Eii: L2[L7[], L0[]], put: L2[L7[], V2] -> V0 -> V1 -> L2[L7[], _9_], tr: L7[]
[16:07:44.094654]	Exploring 0: L0[], 1: L0[], Ebi: L2[L7[], L0[]], Eib: L2[L7[], L0[]], Eii: L2[L7[], L0[]], put: L2[L7[], V2] -> V0 -> V1 -> L2[L7[], L0[]], tr: L7[]
[16:07:44.094852]	Exploring 0: L0[], 1: L0[], Ebi: L2[L7[], L0[]], Eib: L2[L7[], L0[]], Eii: L2[L7[], L0[]], put: L2[L7[], V2] -> V0 -> V1 -> L2[L7[], L7[]], tr: L7[]
[16:07:44.095048]	Exploring 0: L0[], 1: L0[], Ebi: L2[L7[], L0[]], Eib: L2[L7[], L0[]], Eii: L2[L7[], L0[]], put: L2[L7[], V2] -> V0 -> V1 -> L2[L7[], V0], tr: L7[]
[16:07:44.095345]	Exploring 0: L0[], 1: L0[], Ebi: L2[L7[], L0[]], Eib: L2[L7[], L0[]], Eii: L2[L7[], L0[]], put: L2[L7[], V2] -> V0 -> V1 -> L2[L7[], V1], tr: L7[]
[16:07:44.095566]	Exploring 0: L0[], 1: L0[], Ebi: L2[L7[], L0[]], Eib: L2[L7[], L0[]], Eii: L2[L7[], L0[]], put: L2[L7[], V2] -> V0 -> V1 -> L2[L7[], V2], tr: L7[]
[16:07:44.095830]	Exploring 0: L0[], 1: L0[], Ebi: L2[L7[], L0[]], Eib: L2[L7[], L0[]], Eii: L2[L7[], L0[]], put: L2[V2, _7_] -> V0 -> V1 -> L2[_8_, _9_], tr: L7[]
[16:07:44.095956]	Exploring 0: L0[], 1: L0[], Ebi: L2[L7[], L0[]], Eib: L2[L7[], L0[]], Eii: L2[L7[], L0[]], put: L2[V2, L0[]] -> V0 -> V1 -> L2[_8_, _9_], tr: L7[]
[16:07:44.096070]	Exploring 0: L0[], 1: L0[], Ebi: L2[L7[], L0[]], Eib: L2[L7[], L0[]], Eii: L2[L7[], L0[]], put: L2[V2, L0[]] -> V0 -> V1 -> L2[L0[], _9_], tr: L7[]
[16:07:44.096194]	Exploring 0: L0[], 1: L0[], Ebi: L2[L7[], L0[]], Eib: L2[L7[], L0[]], Eii: L2[L7[], L0[]], put: L2[V2, L0[]] -> V0 -> V1 -> L2[L0[], L0[]], tr: L7[]
[16:07:44.096434]	Exploring 0: L0[], 1: L0[], Ebi: L2[L7[], L0[]], Eib: L2[L7[], L0[]], Eii: L2[L7[], L0[]], put: L2[V2, L0[]] -> V0 -> V1 -> L2[L7[], _9_], tr: L7[]
[16:07:44.096562]	Exploring 0: L0[], 1: L0[], Ebi: L2[L7[], L0[]], Eib: L2[L7[], L0[]], Eii: L2[L7[], L0[]], put: L2[V2, L0[]] -> V0 -> V1 -> L2[L7[], L0[]], tr: L7[]
[16:07:44.096884]	Exploring 0: L0[], 1: L0[], Ebi: L2[L7[], L0[]], Eib: L2[L7[], L0[]], Eii: L2[L7[], L0[]], put: L2[V2, L0[]] -> V0 -> V1 -> L2[V0, _9_], tr: L7[]
[16:07:44.097016]	Exploring 0: L0[], 1: L0[], Ebi: L2[L7[], L0[]], Eib: L2[L7[], L0[]], Eii: L2[L7[], L0[]], put: L2[V2, L0[]] -> V0 -> V1 -> L2[V0, L0[]], tr: L7[]
[16:07:44.097350]	Exploring 0: L0[], 1: L0[], Ebi: L2[L7[], L0[]], Eib: L2[L7[], L0[]], Eii: L2[L7[], L0[]], put: L2[V2, L0[]] -> V0 -> V1 -> L2[V1, _9_], tr: L7[]
[16:07:44.097486]	Exploring 0: L0[], 1: L0[], Ebi: L2[L7[], L0[]], Eib: L2[L7[], L0[]], Eii: L2[L7[], L0[]], put: L2[V2, L0[]] -> V0 -> V1 -> L2[V1, L0[]], tr: L7[]
[16:07:44.097732]	Exploring 0: L0[], 1: L0[], Ebi: L2[L7[], L0[]], Eib: L2[L7[], L0[]], Eii: L2[L7[], L0[]], put: L2[V2, L0[]] -> V0 -> V1 -> L2[V2, _9_], tr: L7[]
[16:07:44.097854]	Exploring 0: L0[], 1: L0[], Ebi: L2[L7[], L0[]], Eib: L2[L7[], L0[]], Eii: L2[L7[], L0[]], put: L2[V2, L0[]] -> V0 -> V1 -> L2[V2, L0[]], tr: L7[]
[16:07:44.098234]	Exploring 0: L0[], 1: L0[], Ebi: L2[L7[], L0[]], Eib: L2[L7[], L0[]], Eii: L2[L7[], L0[]], put: L2[V2, V3] -> V0 -> V1 -> L2[_8_, _9_], tr: L7[]
[16:07:44.098360]	Exploring 0: L0[], 1: L0[], Ebi: L2[L7[], L0[]], Eib: L2[L7[], L0[]], Eii: L2[L7[], L0[]], put: L2[V2, V3] -> V0 -> V1 -> L2[L0[], _9_], tr: L7[]
[16:07:44.098488]	Exploring 0: L0[], 1: L0[], Ebi: L2[L7[], L0[]], Eib: L2[L7[], L0[]], Eii: L2[L7[], L0[]], put: L2[V2, V3] -> V0 -> V1 -> L2[L0[], L0[]], tr: L7[]
[16:07:44.098717]	Exploring 0: L0[], 1: L0[], Ebi: L2[L7[], L0[]], Eib: L2[L7[], L0[]], Eii: L2[L7[], L0[]], put: L2[V2, V3] -> V0 -> V1 -> L2[L0[], L7[]], tr: L7[]
[16:07:44.099030]	Exploring 0: L0[], 1: L0[], Ebi: L2[L7[], L0[]], Eib: L2[L7[], L0[]], Eii: L2[L7[], L0[]], put: L2[V2, V3] -> V0 -> V1 -> L2[L0[], V0], tr: L7[]
[16:07:44.099377]	Exploring 0: L0[], 1: L0[], Ebi: L2[L7[], L0[]], Eib: L2[L7[], L0[]], Eii: L2[L7[], L0[]], put: L2[V2, V3] -> V0 -> V1 -> L2[L0[], V1], tr: L7[]
[16:07:44.099639]	Exploring 0: L0[], 1: L0[], Ebi: L2[L7[], L0[]], Eib: L2[L7[], L0[]], Eii: L2[L7[], L0[]], put: L2[V2, V3] -> V0 -> V1 -> L2[L0[], V2], tr: L7[]
[16:07:44.099871]	Exploring 0: L0[], 1: L0[], Ebi: L2[L7[], L0[]], Eib: L2[L7[], L0[]], Eii: L2[L7[], L0[]], put: L2[V2, V3] -> V0 -> V1 -> L2[L0[], V3], tr: L7[]
[16:07:44.100115]	Exploring 0: L0[], 1: L0[], Ebi: L2[L7[], L0[]], Eib: L2[L7[], L0[]], Eii: L2[L7[], L0[]], put: L2[V2, V3] -> V0 -> V1 -> L2[L7[], _9_], tr: L7[]
[16:07:44.100246]	Exploring 0: L0[], 1: L0[], Ebi: L2[L7[], L0[]], Eib: L2[L7[], L0[]], Eii: L2[L7[], L0[]], put: L2[V2, V3] -> V0 -> V1 -> L2[L7[], L0[]], tr: L7[]
[16:07:44.100466]	Exploring 0: L0[], 1: L0[], Ebi: L2[L7[], L0[]], Eib: L2[L7[], L0[]], Eii: L2[L7[], L0[]], put: L2[V2, V3] -> V0 -> V1 -> L2[L7[], L7[]], tr: L7[]
[16:07:44.100697]	Exploring 0: L0[], 1: L0[], Ebi: L2[L7[], L0[]], Eib: L2[L7[], L0[]], Eii: L2[L7[], L0[]], put: L2[V2, V3] -> V0 -> V1 -> L2[L7[], V0], tr: L7[]
[16:07:44.100956]	Exploring 0: L0[], 1: L0[], Ebi: L2[L7[], L0[]], Eib: L2[L7[], L0[]], Eii: L2[L7[], L0[]], put: L2[V2, V3] -> V0 -> V1 -> L2[L7[], V1], tr: L7[]
[16:07:44.101211]	Exploring 0: L0[], 1: L0[], Ebi: L2[L7[], L0[]], Eib: L2[L7[], L0[]], Eii: L2[L7[], L0[]], put: L2[V2, V3] -> V0 -> V1 -> L2[L7[], V2], tr: L7[]
[16:07:44.101442]	Exploring 0: L0[], 1: L0[], Ebi: L2[L7[], L0[]], Eib: L2[L7[], L0[]], Eii: L2[L7[], L0[]], put: L2[V2, V3] -> V0 -> V1 -> L2[L7[], V3], tr: L7[]
[16:07:44.101684]	Exploring 0: L0[], 1: L0[], Ebi: L2[L7[], L0[]], Eib: L2[L7[], L0[]], Eii: L2[L7[], L0[]], put: L2[V2, V3] -> V0 -> V1 -> L2[V0, _9_], tr: L7[]
[16:07:44.101829]	Exploring 0: L0[], 1: L0[], Ebi: L2[L7[], L0[]], Eib: L2[L7[], L0[]], Eii: L2[L7[], L0[]], put: L2[V2, V3] -> V0 -> V1 -> L2[V0, L0[]], tr: L7[]
[16:07:44.102168]	Exploring 0: L0[], 1: L0[], Ebi: L2[L7[], L0[]], Eib: L2[L7[], L0[]], Eii: L2[L7[], L0[]], put: L2[V2, V3] -> V0 -> V1 -> L2[V0, L7[]], tr: L7[]
[16:07:44.102501]	Exploring 0: L0[], 1: L0[], Ebi: L2[L7[], L0[]], Eib: L2[L7[], L0[]], Eii: L2[L7[], L0[]], put: L2[V2, V3] -> V0 -> V1 -> L2[V0, V0], tr: L7[]
[16:07:44.102753]	Exploring 0: L0[], 1: L0[], Ebi: L2[L7[], L0[]], Eib: L2[L7[], L0[]], Eii: L2[L7[], L0[]], put: L2[V2, V3] -> V0 -> V1 -> L2[V0, V1], tr: L7[]
[16:07:44.103003]	Exploring 0: L0[], 1: L0[], Ebi: L2[L7[], L0[]], Eib: L2[L7[], L0[]], Eii: L2[L7[], L0[]], put: L2[V2, V3] -> V0 -> V1 -> L2[V0, V2], tr: L7[]
[16:07:44.103254]	Exploring 0: L0[], 1: L0[], Ebi: L2[L7[], L0[]], Eib: L2[L7[], L0[]], Eii: L2[L7[], L0[]], put: L2[V2, V3] -> V0 -> V1 -> L2[V0, V3], tr: L7[]
[16:07:44.103545]	Exploring 0: L0[], 1: L0[], Ebi: L2[L7[], L0[]], Eib: L2[L7[], L0[]], Eii: L2[L7[], L0[]], put: L2[V2, V3] -> V0 -> V1 -> L2[V1, _9_], tr: L7[]
[16:07:44.103699]	Exploring 0: L0[], 1: L0[], Ebi: L2[L7[], L0[]], Eib: L2[L7[], L0[]], Eii: L2[L7[], L0[]], put: L2[V2, V3] -> V0 -> V1 -> L2[V1, L0[]], tr: L7[]
[16:07:44.103955]	Exploring 0: L0[], 1: L0[], Ebi: L2[L7[], L0[]], Eib: L2[L7[], L0[]], Eii: L2[L7[], L0[]], put: L2[V2, V3] -> V0 -> V1 -> L2[V1, L7[]], tr: L7[]
[16:07:44.104212]	Exploring 0: L0[], 1: L0[], Ebi: L2[L7[], L0[]], Eib: L2[L7[], L0[]], Eii: L2[L7[], L0[]], put: L2[V2, V3] -> V0 -> V1 -> L2[V1, V0], tr: L7[]
[16:07:44.104466]	Exploring 0: L0[], 1: L0[], Ebi: L2[L7[], L0[]], Eib: L2[L7[], L0[]], Eii: L2[L7[], L0[]], put: L2[V2, V3] -> V0 -> V1 -> L2[V1, V1], tr: L7[]
[16:07:44.104717]	Exploring 0: L0[], 1: L0[], Ebi: L2[L7[], L0[]], Eib: L2[L7[], L0[]], Eii: L2[L7[], L0[]], put: L2[V2, V3] -> V0 -> V1 -> L2[V1, V2], tr: L7[]
[16:07:44.104995]	Exploring 0: L0[], 1: L0[], Ebi: L2[L7[], L0[]], Eib: L2[L7[], L0[]], Eii: L2[L7[], L0[]], put: L2[V2, V3] -> V0 -> V1 -> L2[V1, V3], tr: L7[]
[16:07:44.105219]	Exploring 0: L0[], 1: L0[], Ebi: L2[L7[], L0[]], Eib: L2[L7[], L0[]], Eii: L2[L7[], L0[]], put: L2[V2, V3] -> V0 -> V1 -> L2[V2, _9_], tr: L7[]
[16:07:44.105347]	Exploring 0: L0[], 1: L0[], Ebi: L2[L7[], L0[]], Eib: L2[L7[], L0[]], Eii: L2[L7[], L0[]], put: L2[V2, V3] -> V0 -> V1 -> L2[V2, L0[]], tr: L7[]
[16:07:44.105564]	Exploring 0: L0[], 1: L0[], Ebi: L2[L7[], L0[]], Eib: L2[L7[], L0[]], Eii: L2[L7[], L0[]], put: L2[V2, V3] -> V0 -> V1 -> L2[V2, L7[]], tr: L7[]
[16:07:44.105875]	Exploring 0: L0[], 1: L0[], Ebi: L2[L7[], L0[]], Eib: L2[L7[], L0[]], Eii: L2[L7[], L0[]], put: L2[V2, V3] -> V0 -> V1 -> L2[V2, V0], tr: L7[]
[16:07:44.106216]	Exploring 0: L0[], 1: L0[], Ebi: L2[L7[], L0[]], Eib: L2[L7[], L0[]], Eii: L2[L7[], L0[]], put: L2[V2, V3] -> V0 -> V1 -> L2[V2, V1], tr: L7[]
[16:07:44.106528]	Exploring 0: L0[], 1: L0[], Ebi: L2[L7[], L0[]], Eib: L2[L7[], L0[]], Eii: L2[L7[], L0[]], put: L2[V2, V3] -> V0 -> V1 -> L2[V2, V2], tr: L7[]
[16:07:44.106765]	Exploring 0: L0[], 1: L0[], Ebi: L2[L7[], L0[]], Eib: L2[L7[], L0[]], Eii: L2[L7[], L0[]], put: L2[V2, V3] -> V0 -> V1 -> L2[V2, V3], tr: L7[]
[16:07:44.106997]	Exploring 0: L0[], 1: L0[], Ebi: L2[L7[], L0[]], Eib: L2[L7[], L0[]], Eii: L2[L7[], L0[]], put: L2[V2, V3] -> V0 -> V1 -> L2[V3, _9_], tr: L7[]
[16:07:44.107135]	Exploring 0: L0[], 1: L0[], Ebi: L2[L7[], L0[]], Eib: L2[L7[], L0[]], Eii: L2[L7[], L0[]], put: L2[V2, V3] -> V0 -> V1 -> L2[V3, L0[]], tr: L7[]
[16:07:44.107443]	Exploring 0: L0[], 1: L0[], Ebi: L2[L7[], L0[]], Eib: L2[L7[], L0[]], Eii: L2[L7[], L0[]], put: L2[V2, V3] -> V0 -> V1 -> L2[V3, L7[]], tr: L7[]
[16:07:44.107684]	Exploring 0: L0[], 1: L0[], Ebi: L2[L7[], L0[]], Eib: L2[L7[], L0[]], Eii: L2[L7[], L0[]], put: L2[V2, V3] -> V0 -> V1 -> L2[V3, V0], tr: L7[]
[16:07:44.107941]	Exploring 0: L0[], 1: L0[], Ebi: L2[L7[], L0[]], Eib: L2[L7[], L0[]], Eii: L2[L7[], L0[]], put: L2[V2, V3] -> V0 -> V1 -> L2[V3, V1], tr: L7[]
[16:07:44.108171]	Exploring 0: L0[], 1: L0[], Ebi: L2[L7[], L0[]], Eib: L2[L7[], L0[]], Eii: L2[L7[], L0[]], put: L2[V2, V3] -> V0 -> V1 -> L2[V3, V2], tr: L7[]
[16:07:44.108390]	Exploring 0: L0[], 1: L0[], Ebi: L2[L7[], L0[]], Eib: L2[L7[], L0[]], Eii: L2[L7[], L0[]], put: L2[V2, V3] -> V0 -> V1 -> L2[V3, V3], tr: L7[]
[16:07:44.108610]	Exploring 0: L0[], 1: L0[], Ebi: L2[L7[], L0[]], Eib: L2[L7[], L0[]], Eii: L2[L7[], L7[]], put: L2[_6_, _7_] -> V0 -> V1 -> L2[_8_, _9_], tr: L7[]
[16:07:44.108750]	Exploring 0: L0[], 1: L0[], Ebi: L2[L7[], L0[]], Eib: L2[L7[], L0[]], Eii: L2[L7[], L7[]], put: L2[L7[], _7_] -> V0 -> V1 -> L2[_8_, _9_], tr: L7[]
[16:07:44.108942]	Exploring 0: L0[], 1: L0[], Ebi: L2[L7[], L0[]], Eib: L2[L7[], L0[]], Eii: L2[L7[], L7[]], put: L2[L7[], V2] -> V0 -> V1 -> L2[_8_, _9_], tr: L7[]
[16:07:44.109089]	Exploring 0: L0[], 1: L0[], Ebi: L2[L7[], L0[]], Eib: L2[L7[], L0[]], Eii: L2[L7[], L7[]], put: L2[L7[], V2] -> V0 -> V1 -> L2[L7[], _9_], tr: L7[]
[16:07:44.109262]	Exploring 0: L0[], 1: L0[], Ebi: L2[L7[], L0[]], Eib: L2[L7[], L0[]], Eii: L2[L7[], L7[]], put: L2[L7[], V2] -> V0 -> V1 -> L2[L7[], L0[]], tr: L7[]
[16:07:44.109443]	Exploring 0: L0[], 1: L0[], Ebi: L2[L7[], L0[]], Eib: L2[L7[], L0[]], Eii: L2[L7[], L7[]], put: L2[L7[], V2] -> V0 -> V1 -> L2[L7[], L7[]], tr: L7[]
[16:07:44.109627]	Exploring 0: L0[], 1: L0[], Ebi: L2[L7[], L0[]], Eib: L2[L7[], L0[]], Eii: L2[L7[], L7[]], put: L2[L7[], V2] -> V0 -> V1 -> L2[L7[], V0], tr: L7[]
[16:07:44.109827]	Exploring 0: L0[], 1: L0[], Ebi: L2[L7[], L0[]], Eib: L2[L7[], L0[]], Eii: L2[L7[], L7[]], put: L2[L7[], V2] -> V0 -> V1 -> L2[L7[], V1], tr: L7[]
[16:07:44.110011]	Exploring 0: L0[], 1: L0[], Ebi: L2[L7[], L0[]], Eib: L2[L7[], L0[]], Eii: L2[L7[], L7[]], put: L2[L7[], V2] -> V0 -> V1 -> L2[L7[], V2], tr: L7[]
[16:07:44.110247]	Exploring 0: L0[], 1: L0[], Ebi: L2[L7[], L0[]], Eib: L2[L7[], L0[]], Eii: L2[L7[], L7[]], put: L2[V2, _7_] -> V0 -> V1 -> L2[_8_, _9_], tr: L7[]
[16:07:44.110416]	Exploring 0: L0[], 1: L0[], Ebi: L2[L7[], L0[]], Eib: L2[L7[], L0[]], Eii: L2[L7[], L7[]], put: L2[V2, V3] -> V0 -> V1 -> L2[_8_, _9_], tr: L7[]
[16:07:44.110526]	Exploring 0: L0[], 1: L0[], Ebi: L2[L7[], L0[]], Eib: L2[L7[], L0[]], Eii: L2[L7[], L7[]], put: L2[V2, V3] -> V0 -> V1 -> L2[L0[], _9_], tr: L7[]
[16:07:44.110677]	Exploring 0: L0[], 1: L0[], Ebi: L2[L7[], L0[]], Eib: L2[L7[], L0[]], Eii: L2[L7[], L7[]], put: L2[V2, V3] -> V0 -> V1 -> L2[L0[], L0[]], tr: L7[]
[16:07:44.110908]	Exploring 0: L0[], 1: L0[], Ebi: L2[L7[], L0[]], Eib: L2[L7[], L0[]], Eii: L2[L7[], L7[]], put: L2[V2, V3] -> V0 -> V1 -> L2[L0[], L7[]], tr: L7[]
[16:07:44.111130]	Exploring 0: L0[], 1: L0[], Ebi: L2[L7[], L0[]], Eib: L2[L7[], L0[]], Eii: L2[L7[], L7[]], put: L2[V2, V3] -> V0 -> V1 -> L2[L0[], V0], tr: L7[]
[16:07:44.111394]	Exploring 0: L0[], 1: L0[], Ebi: L2[L7[], L0[]], Eib: L2[L7[], L0[]], Eii: L2[L7[], L7[]], put: L2[V2, V3] -> V0 -> V1 -> L2[L0[], V1], tr: L7[]
[16:07:44.111635]	Exploring 0: L0[], 1: L0[], Ebi: L2[L7[], L0[]], Eib: L2[L7[], L0[]], Eii: L2[L7[], L7[]], put: L2[V2, V3] -> V0 -> V1 -> L2[L0[], V2], tr: L7[]
[16:07:44.111892]	Exploring 0: L0[], 1: L0[], Ebi: L2[L7[], L0[]], Eib: L2[L7[], L0[]], Eii: L2[L7[], L7[]], put: L2[V2, V3] -> V0 -> V1 -> L2[L0[], V3], tr: L7[]
[16:07:44.112108]	Exploring 0: L0[], 1: L0[], Ebi: L2[L7[], L0[]], Eib: L2[L7[], L0[]], Eii: L2[L7[], L7[]], put: L2[V2, V3] -> V0 -> V1 -> L2[L7[], _9_], tr: L7[]
[16:07:44.112254]	Exploring 0: L0[], 1: L0[], Ebi: L2[L7[], L0[]], Eib: L2[L7[], L0[]], Eii: L2[L7[], L7[]], put: L2[V2, V3] -> V0 -> V1 -> L2[L7[], L0[]], tr: L7[]
[16:07:44.112458]	Exploring 0: L0[], 1: L0[], Ebi: L2[L7[], L0[]], Eib: L2[L7[], L0[]], Eii: L2[L7[], L7[]], put: L2[V2, V3] -> V0 -> V1 -> L2[L7[], L7[]], tr: L7[]
[16:07:44.112700]	Exploring 0: L0[], 1: L0[], Ebi: L2[L7[], L0[]], Eib: L2[L7[], L0[]], Eii: L2[L7[], L7[]], put: L2[V2, V3] -> V0 -> V1 -> L2[L7[], V0], tr: L7[]
[16:07:44.112944]	Exploring 0: L0[], 1: L0[], Ebi: L2[L7[], L0[]], Eib: L2[L7[], L0[]], Eii: L2[L7[], L7[]], put: L2[V2, V3] -> V0 -> V1 -> L2[L7[], V1], tr: L7[]
[16:07:44.113173]	Exploring 0: L0[], 1: L0[], Ebi: L2[L7[], L0[]], Eib: L2[L7[], L0[]], Eii: L2[L7[], L7[]], put: L2[V2, V3] -> V0 -> V1 -> L2[L7[], V2], tr: L7[]
[16:07:44.113410]	Exploring 0: L0[], 1: L0[], Ebi: L2[L7[], L0[]], Eib: L2[L7[], L0[]], Eii: L2[L7[], L7[]], put: L2[V2, V3] -> V0 -> V1 -> L2[L7[], V3], tr: L7[]
[16:07:44.113672]	Exploring 0: L0[], 1: L0[], Ebi: L2[L7[], L0[]], Eib: L2[L7[], L0[]], Eii: L2[L7[], L7[]], put: L2[V2, V3] -> V0 -> V1 -> L2[V0, _9_], tr: L7[]
[16:07:44.113811]	Exploring 0: L0[], 1: L0[], Ebi: L2[L7[], L0[]], Eib: L2[L7[], L0[]], Eii: L2[L7[], L7[]], put: L2[V2, V3] -> V0 -> V1 -> L2[V0, L0[]], tr: L7[]
[16:07:44.114049]	Exploring 0: L0[], 1: L0[], Ebi: L2[L7[], L0[]], Eib: L2[L7[], L0[]], Eii: L2[L7[], L7[]], put: L2[V2, V3] -> V0 -> V1 -> L2[V0, L7[]], tr: L7[]
[16:07:44.114278]	Exploring 0: L0[], 1: L0[], Ebi: L2[L7[], L0[]], Eib: L2[L7[], L0[]], Eii: L2[L7[], L7[]], put: L2[V2, V3] -> V0 -> V1 -> L2[V0, V0], tr: L7[]
[16:07:44.114506]	Exploring 0: L0[], 1: L0[], Ebi: L2[L7[], L0[]], Eib: L2[L7[], L0[]], Eii: L2[L7[], L7[]], put: L2[V2, V3] -> V0 -> V1 -> L2[V0, V1], tr: L7[]
[16:07:44.114768]	Exploring 0: L0[], 1: L0[], Ebi: L2[L7[], L0[]], Eib: L2[L7[], L0[]], Eii: L2[L7[], L7[]], put: L2[V2, V3] -> V0 -> V1 -> L2[V0, V2], tr: L7[]
[16:07:44.115013]	Exploring 0: L0[], 1: L0[], Ebi: L2[L7[], L0[]], Eib: L2[L7[], L0[]], Eii: L2[L7[], L7[]], put: L2[V2, V3] -> V0 -> V1 -> L2[V0, V3], tr: L7[]
[16:07:44.115279]	Exploring 0: L0[], 1: L0[], Ebi: L2[L7[], L0[]], Eib: L2[L7[], L0[]], Eii: L2[L7[], L7[]], put: L2[V2, V3] -> V0 -> V1 -> L2[V1, _9_], tr: L7[]
[16:07:44.115501]	Exploring 0: L0[], 1: L0[], Ebi: L2[L7[], L0[]], Eib: L2[L7[], L0[]], Eii: L2[L7[], L7[]], put: L2[V2, V3] -> V0 -> V1 -> L2[V1, L0[]], tr: L7[]
[16:07:44.115890]	Exploring 0: L0[], 1: L0[], Ebi: L2[L7[], L0[]], Eib: L2[L7[], L0[]], Eii: L2[L7[], L7[]], put: L2[V2, V3] -> V0 -> V1 -> L2[V1, L7[]], tr: L7[]
[16:07:44.116230]	Exploring 0: L0[], 1: L0[], Ebi: L2[L7[], L0[]], Eib: L2[L7[], L0[]], Eii: L2[L7[], L7[]], put: L2[V2, V3] -> V0 -> V1 -> L2[V1, V0], tr: L7[]
[16:07:44.116483]	Exploring 0: L0[], 1: L0[], Ebi: L2[L7[], L0[]], Eib: L2[L7[], L0[]], Eii: L2[L7[], L7[]], put: L2[V2, V3] -> V0 -> V1 -> L2[V1, V1], tr: L7[]
[16:07:44.116740]	Exploring 0: L0[], 1: L0[], Ebi: L2[L7[], L0[]], Eib: L2[L7[], L0[]], Eii: L2[L7[], L7[]], put: L2[V2, V3] -> V0 -> V1 -> L2[V1, V2], tr: L7[]
[16:07:44.116999]	Exploring 0: L0[], 1: L0[], Ebi: L2[L7[], L0[]], Eib: L2[L7[], L0[]], Eii: L2[L7[], L7[]], put: L2[V2, V3] -> V0 -> V1 -> L2[V1, V3], tr: L7[]
[16:07:44.117237]	Exploring 0: L0[], 1: L0[], Ebi: L2[L7[], L0[]], Eib: L2[L7[], L0[]], Eii: L2[L7[], L7[]], put: L2[V2, V3] -> V0 -> V1 -> L2[V2, _9_], tr: L7[]
[16:07:44.117381]	Exploring 0: L0[], 1: L0[], Ebi: L2[L7[], L0[]], Eib: L2[L7[], L0[]], Eii: L2[L7[], L7[]], put: L2[V2, V3] -> V0 -> V1 -> L2[V2, L0[]], tr: L7[]
[16:07:44.117701]	Exploring 0: L0[], 1: L0[], Ebi: L2[L7[], L0[]], Eib: L2[L7[], L0[]], Eii: L2[L7[], L7[]], put: L2[V2, V3] -> V0 -> V1 -> L2[V2, L7[]], tr: L7[]
[16:07:44.118028]	Exploring 0: L0[], 1: L0[], Ebi: L2[L7[], L0[]], Eib: L2[L7[], L0[]], Eii: L2[L7[], L7[]], put: L2[V2, V3] -> V0 -> V1 -> L2[V2, V0], tr: L7[]
[16:07:44.118369]	Exploring 0: L0[], 1: L0[], Ebi: L2[L7[], L0[]], Eib: L2[L7[], L0[]], Eii: L2[L7[], L7[]], put: L2[V2, V3] -> V0 -> V1 -> L2[V2, V1], tr: L7[]
[16:07:44.118667]	Exploring 0: L0[], 1: L0[], Ebi: L2[L7[], L0[]], Eib: L2[L7[], L0[]], Eii: L2[L7[], L7[]], put: L2[V2, V3] -> V0 -> V1 -> L2[V2, V2], tr: L7[]
[16:07:44.118891]	Exploring 0: L0[], 1: L0[], Ebi: L2[L7[], L0[]], Eib: L2[L7[], L0[]], Eii: L2[L7[], L7[]], put: L2[V2, V3] -> V0 -> V1 -> L2[V2, V3], tr: L7[]
[16:07:44.119099]	Exploring 0: L0[], 1: L0[], Ebi: L2[L7[], L0[]], Eib: L2[L7[], L0[]], Eii: L2[L7[], L7[]], put: L2[V2, V3] -> V0 -> V1 -> L2[V3, _9_], tr: L7[]
[16:07:44.119236]	Exploring 0: L0[], 1: L0[], Ebi: L2[L7[], L0[]], Eib: L2[L7[], L0[]], Eii: L2[L7[], L7[]], put: L2[V2, V3] -> V0 -> V1 -> L2[V3, L0[]], tr: L7[]
[16:07:44.119472]	Exploring 0: L0[], 1: L0[], Ebi: L2[L7[], L0[]], Eib: L2[L7[], L0[]], Eii: L2[L7[], L7[]], put: L2[V2, V3] -> V0 -> V1 -> L2[V3, L7[]], tr: L7[]
[16:07:44.119706]	Exploring 0: L0[], 1: L0[], Ebi: L2[L7[], L0[]], Eib: L2[L7[], L0[]], Eii: L2[L7[], L7[]], put: L2[V2, V3] -> V0 -> V1 -> L2[V3, V0], tr: L7[]
[16:07:44.119938]	Exploring 0: L0[], 1: L0[], Ebi: L2[L7[], L0[]], Eib: L2[L7[], L0[]], Eii: L2[L7[], L7[]], put: L2[V2, V3] -> V0 -> V1 -> L2[V3, V1], tr: L7[]
[16:07:44.120164]	Exploring 0: L0[], 1: L0[], Ebi: L2[L7[], L0[]], Eib: L2[L7[], L0[]], Eii: L2[L7[], L7[]], put: L2[V2, V3] -> V0 -> V1 -> L2[V3, V2], tr: L7[]
[16:07:44.120375]	Exploring 0: L0[], 1: L0[], Ebi: L2[L7[], L0[]], Eib: L2[L7[], L0[]], Eii: L2[L7[], L7[]], put: L2[V2, V3] -> V0 -> V1 -> L2[V3, V3], tr: L7[]
[16:07:44.120565]	Exploring 0: L0[], 1: L0[], Ebi: L2[L7[], L0[]], Eib: L2[L7[], L7[]], Eii: L2[_4_, _5_], put: L2[_6_, _7_] -> V0 -> V1 -> L2[_8_, _9_], tr: L7[]
[16:07:44.120647]	Exploring 0: L0[], 1: L0[], Ebi: L2[L7[], L0[]], Eib: L2[L7[], L7[]], Eii: L2[L0[], _5_], put: L2[_6_, _7_] -> V0 -> V1 -> L2[_8_, _9_], tr: L7[]
[16:07:44.120717]	Exploring 0: L0[], 1: L0[], Ebi: L2[L7[], L0[]], Eib: L2[L7[], L7[]], Eii: L2[L0[], L0[]], put: L2[_6_, _7_] -> V0 -> V1 -> L2[_8_, _9_], tr: L7[]
[16:07:44.120847]	Exploring 0: L0[], 1: L0[], Ebi: L2[L7[], L0[]], Eib: L2[L7[], L7[]], Eii: L2[L0[], L0[]], put: L2[V2, _7_] -> V0 -> V1 -> L2[_8_, _9_], tr: L7[]
[16:07:44.120952]	Exploring 0: L0[], 1: L0[], Ebi: L2[L7[], L0[]], Eib: L2[L7[], L7[]], Eii: L2[L0[], L0[]], put: L2[V2, V1] -> V0 -> V1 -> L2[_8_, _9_], tr: L7[]
[16:07:44.121054]	Exploring 0: L0[], 1: L0[], Ebi: L2[L7[], L0[]], Eib: L2[L7[], L7[]], Eii: L2[L0[], L0[]], put: L2[V2, V1] -> V0 -> V1 -> L2[L0[], _9_], tr: L7[]
[16:07:44.121181]	Exploring 0: L0[], 1: L0[], Ebi: L2[L7[], L0[]], Eib: L2[L7[], L7[]], Eii: L2[L0[], L0[]], put: L2[V2, V1] -> V0 -> V1 -> L2[L0[], V1], tr: L7[]
[16:07:44.121424]	Exploring 0: L0[], 1: L0[], Ebi: L2[L7[], L0[]], Eib: L2[L7[], L7[]], Eii: L2[L0[], L0[]], put: L2[V2, V1] -> V0 -> V1 -> L2[L7[], _9_], tr: L7[]
[16:07:44.121562]	Exploring 0: L0[], 1: L0[], Ebi: L2[L7[], L0[]], Eib: L2[L7[], L7[]], Eii: L2[L0[], L0[]], put: L2[V2, V1] -> V0 -> V1 -> L2[L7[], V1], tr: L7[]
[16:07:44.121813]	Exploring 0: L0[], 1: L0[], Ebi: L2[L7[], L0[]], Eib: L2[L7[], L7[]], Eii: L2[L0[], L0[]], put: L2[V2, V1] -> V0 -> V1 -> L2[V0, _9_], tr: L7[]
[16:07:44.121953]	Exploring 0: L0[], 1: L0[], Ebi: L2[L7[], L0[]], Eib: L2[L7[], L7[]], Eii: L2[L0[], L0[]], put: L2[V2, V1] -> V0 -> V1 -> L2[V0, V1], tr: L7[]
[16:07:44.122297]	Exploring 0: L0[], 1: L0[], Ebi: L2[L7[], L0[]], Eib: L2[L7[], L7[]], Eii: L2[L0[], L0[]], put: L2[V2, V1] -> V0 -> V1 -> L2[V1, _9_], tr: L7[]
[16:07:44.122461]	Exploring 0: L0[], 1: L0[], Ebi: L2[L7[], L0[]], Eib: L2[L7[], L7[]], Eii: L2[L0[], L0[]], put: L2[V2, V1] -> V0 -> V1 -> L2[V1, V1], tr: L7[]
[16:07:44.122722]	Exploring 0: L0[], 1: L0[], Ebi: L2[L7[], L0[]], Eib: L2[L7[], L7[]], Eii: L2[L0[], L0[]], put: L2[V2, V1] -> V0 -> V1 -> L2[V2, _9_], tr: L7[]
[16:07:44.122863]	Exploring 0: L0[], 1: L0[], Ebi: L2[L7[], L0[]], Eib: L2[L7[], L7[]], Eii: L2[L0[], L0[]], put: L2[V2, V1] -> V0 -> V1 -> L2[V2, V1], tr: L7[]
[16:07:44.123221]	Exploring 0: L0[], 1: L0[], Ebi: L2[L7[], L0[]], Eib: L2[L7[], L7[]], Eii: L2[L0[], L0[]], put: L2[V2, V3] -> V0 -> V1 -> L2[_8_, _9_], tr: L7[]
[16:07:44.123370]	Exploring 0: L0[], 1: L0[], Ebi: L2[L7[], L0[]], Eib: L2[L7[], L7[]], Eii: L2[L0[], L0[]], put: L2[V2, V3] -> V0 -> V1 -> L2[L0[], _9_], tr: L7[]
[16:07:44.123535]	Exploring 0: L0[], 1: L0[], Ebi: L2[L7[], L0[]], Eib: L2[L7[], L7[]], Eii: L2[L0[], L0[]], put: L2[V2, V3] -> V0 -> V1 -> L2[L0[], L0[]], tr: L7[]
[16:07:44.123806]	Exploring 0: L0[], 1: L0[], Ebi: L2[L7[], L0[]], Eib: L2[L7[], L7[]], Eii: L2[L0[], L0[]], put: L2[V2, V3] -> V0 -> V1 -> L2[L0[], L7[]], tr: L7[]
[16:07:44.124033]	Exploring 0: L0[], 1: L0[], Ebi: L2[L7[], L0[]], Eib: L2[L7[], L7[]], Eii: L2[L0[], L0[]], put: L2[V2, V3] -> V0 -> V1 -> L2[L0[], V0], tr: L7[]
[16:07:44.124283]	Exploring 0: L0[], 1: L0[], Ebi: L2[L7[], L0[]], Eib: L2[L7[], L7[]], Eii: L2[L0[], L0[]], put: L2[V2, V3] -> V0 -> V1 -> L2[L0[], V1], tr: L7[]
[16:07:44.124509]	Exploring 0: L0[], 1: L0[], Ebi: L2[L7[], L0[]], Eib: L2[L7[], L7[]], Eii: L2[L0[], L0[]], put: L2[V2, V3] -> V0 -> V1 -> L2[L0[], V2], tr: L7[]
[16:07:44.124730]	Exploring 0: L0[], 1: L0[], Ebi: L2[L7[], L0[]], Eib: L2[L7[], L7[]], Eii: L2[L0[], L0[]], put: L2[V2, V3] -> V0 -> V1 -> L2[L0[], V3], tr: L7[]
[16:07:44.124950]	Exploring 0: L0[], 1: L0[], Ebi: L2[L7[], L0[]], Eib: L2[L7[], L7[]], Eii: L2[L0[], L0[]], put: L2[V2, V3] -> V0 -> V1 -> L2[L7[], _9_], tr: L7[]
[16:07:44.125081]	Exploring 0: L0[], 1: L0[], Ebi: L2[L7[], L0[]], Eib: L2[L7[], L7[]], Eii: L2[L0[], L0[]], put: L2[V2, V3] -> V0 -> V1 -> L2[L7[], L0[]], tr: L7[]
[16:07:44.125281]	Exploring 0: L0[], 1: L0[], Ebi: L2[L7[], L0[]], Eib: L2[L7[], L7[]], Eii: L2[L0[], L0[]], put: L2[V2, V3] -> V0 -> V1 -> L2[L7[], L7[]], tr: L7[]
[16:07:44.125502]	Exploring 0: L0[], 1: L0[], Ebi: L2[L7[], L0[]], Eib: L2[L7[], L7[]], Eii: L2[L0[], L0[]], put: L2[V2, V3] -> V0 -> V1 -> L2[L7[], V0], tr: L7[]
[16:07:44.125745]	Exploring 0: L0[], 1: L0[], Ebi: L2[L7[], L0[]], Eib: L2[L7[], L7[]], Eii: L2[L0[], L0[]], put: L2[V2, V3] -> V0 -> V1 -> L2[L7[], V1], tr: L7[]
[16:07:44.125985]	Exploring 0: L0[], 1: L0[], Ebi: L2[L7[], L0[]], Eib: L2[L7[], L7[]], Eii: L2[L0[], L0[]], put: L2[V2, V3] -> V0 -> V1 -> L2[L7[], V2], tr: L7[]
[16:07:44.126207]	Exploring 0: L0[], 1: L0[], Ebi: L2[L7[], L0[]], Eib: L2[L7[], L7[]], Eii: L2[L0[], L0[]], put: L2[V2, V3] -> V0 -> V1 -> L2[L7[], V3], tr: L7[]
[16:07:44.126498]	Exploring 0: L0[], 1: L0[], Ebi: L2[L7[], L0[]], Eib: L2[L7[], L7[]], Eii: L2[L0[], L0[]], put: L2[V2, V3] -> V0 -> V1 -> L2[V0, _9_], tr: L7[]
[16:07:44.126669]	Exploring 0: L0[], 1: L0[], Ebi: L2[L7[], L0[]], Eib: L2[L7[], L7[]], Eii: L2[L0[], L0[]], put: L2[V2, V3] -> V0 -> V1 -> L2[V0, L0[]], tr: L7[]
[16:07:44.126927]	Exploring 0: L0[], 1: L0[], Ebi: L2[L7[], L0[]], Eib: L2[L7[], L7[]], Eii: L2[L0[], L0[]], put: L2[V2, V3] -> V0 -> V1 -> L2[V0, L7[]], tr: L7[]
[16:07:44.127228]	Exploring 0: L0[], 1: L0[], Ebi: L2[L7[], L0[]], Eib: L2[L7[], L7[]], Eii: L2[L0[], L0[]], put: L2[V2, V3] -> V0 -> V1 -> L2[V0, V0], tr: L7[]
[16:07:44.127595]	Exploring 0: L0[], 1: L0[], Ebi: L2[L7[], L0[]], Eib: L2[L7[], L7[]], Eii: L2[L0[], L0[]], put: L2[V2, V3] -> V0 -> V1 -> L2[V0, V1], tr: L7[]
[16:07:44.127913]	Exploring 0: L0[], 1: L0[], Ebi: L2[L7[], L0[]], Eib: L2[L7[], L7[]], Eii: L2[L0[], L0[]], put: L2[V2, V3] -> V0 -> V1 -> L2[V0, V2], tr: L7[]
[16:07:44.128301]	Exploring 0: L0[], 1: L0[], Ebi: L2[L7[], L0[]], Eib: L2[L7[], L7[]], Eii: L2[L0[], L0[]], put: L2[V2, V3] -> V0 -> V1 -> L2[V0, V3], tr: L7[]
[16:07:44.128744]	Exploring 0: L0[], 1: L0[], Ebi: L2[L7[], L0[]], Eib: L2[L7[], L7[]], Eii: L2[L0[], L0[]], put: L2[V2, V3] -> V0 -> V1 -> L2[V1, _9_], tr: L7[]
[16:07:44.129115]	Exploring 0: L0[], 1: L0[], Ebi: L2[L7[], L0[]], Eib: L2[L7[], L7[]], Eii: L2[L0[], L0[]], put: L2[V2, V3] -> V0 -> V1 -> L2[V1, L0[]], tr: L7[]
[16:07:44.129617]	Exploring 0: L0[], 1: L0[], Ebi: L2[L7[], L0[]], Eib: L2[L7[], L7[]], Eii: L2[L0[], L0[]], put: L2[V2, V3] -> V0 -> V1 -> L2[V1, L7[]], tr: L7[]
[16:07:44.129980]	Exploring 0: L0[], 1: L0[], Ebi: L2[L7[], L0[]], Eib: L2[L7[], L7[]], Eii: L2[L0[], L0[]], put: L2[V2, V3] -> V0 -> V1 -> L2[V1, V0], tr: L7[]
[16:07:44.130251]	Exploring 0: L0[], 1: L0[], Ebi: L2[L7[], L0[]], Eib: L2[L7[], L7[]], Eii: L2[L0[], L0[]], put: L2[V2, V3] -> V0 -> V1 -> L2[V1, V1], tr: L7[]
[16:07:44.130537]	Exploring 0: L0[], 1: L0[], Ebi: L2[L7[], L0[]], Eib: L2[L7[], L7[]], Eii: L2[L0[], L0[]], put: L2[V2, V3] -> V0 -> V1 -> L2[V1, V2], tr: L7[]
[16:07:44.130807]	Exploring 0: L0[], 1: L0[], Ebi: L2[L7[], L0[]], Eib: L2[L7[], L7[]], Eii: L2[L0[], L0[]], put: L2[V2, V3] -> V0 -> V1 -> L2[V1, V3], tr: L7[]
[16:07:44.131067]	Exploring 0: L0[], 1: L0[], Ebi: L2[L7[], L0[]], Eib: L2[L7[], L7[]], Eii: L2[L0[], L0[]], put: L2[V2, V3] -> V0 -> V1 -> L2[V2, _9_], tr: L7[]
[16:07:44.131232]	Exploring 0: L0[], 1: L0[], Ebi: L2[L7[], L0[]], Eib: L2[L7[], L7[]], Eii: L2[L0[], L0[]], put: L2[V2, V3] -> V0 -> V1 -> L2[V2, L0[]], tr: L7[]
[16:07:44.131492]	Exploring 0: L0[], 1: L0[], Ebi: L2[L7[], L0[]], Eib: L2[L7[], L7[]], Eii: L2[L0[], L0[]], put: L2[V2, V3] -> V0 -> V1 -> L2[V2, L7[]], tr: L7[]
[16:07:44.131875]	Exploring 0: L0[], 1: L0[], Ebi: L2[L7[], L0[]], Eib: L2[L7[], L7[]], Eii: L2[L0[], L0[]], put: L2[V2, V3] -> V0 -> V1 -> L2[V2, V0], tr: L7[]
[16:07:44.132166]	Exploring 0: L0[], 1: L0[], Ebi: L2[L7[], L0[]], Eib: L2[L7[], L7[]], Eii: L2[L0[], L0[]], put: L2[V2, V3] -> V0 -> V1 -> L2[V2, V1], tr: L7[]
[16:07:44.132413]	Exploring 0: L0[], 1: L0[], Ebi: L2[L7[], L0[]], Eib: L2[L7[], L7[]], Eii: L2[L0[], L0[]], put: L2[V2, V3] -> V0 -> V1 -> L2[V2, V2], tr: L7[]
[16:07:44.132656]	Exploring 0: L0[], 1: L0[], Ebi: L2[L7[], L0[]], Eib: L2[L7[], L7[]], Eii: L2[L0[], L0[]], put: L2[V2, V3] -> V0 -> V1 -> L2[V2, V3], tr: L7[]
[16:07:44.132905]	Exploring 0: L0[], 1: L0[], Ebi: L2[L7[], L0[]], Eib: L2[L7[], L7[]], Eii: L2[L0[], L0[]], put: L2[V2, V3] -> V0 -> V1 -> L2[V3, _9_], tr: L7[]
[16:07:44.133068]	Exploring 0: L0[], 1: L0[], Ebi: L2[L7[], L0[]], Eib: L2[L7[], L7[]], Eii: L2[L0[], L0[]], put: L2[V2, V3] -> V0 -> V1 -> L2[V3, L0[]], tr: L7[]
[16:07:44.133311]	Exploring 0: L0[], 1: L0[], Ebi: L2[L7[], L0[]], Eib: L2[L7[], L7[]], Eii: L2[L0[], L0[]], put: L2[V2, V3] -> V0 -> V1 -> L2[V3, L7[]], tr: L7[]
[16:07:44.133566]	Exploring 0: L0[], 1: L0[], Ebi: L2[L7[], L0[]], Eib: L2[L7[], L7[]], Eii: L2[L0[], L0[]], put: L2[V2, V3] -> V0 -> V1 -> L2[V3, V0], tr: L7[]
[16:07:44.133820]	Exploring 0: L0[], 1: L0[], Ebi: L2[L7[], L0[]], Eib: L2[L7[], L7[]], Eii: L2[L0[], L0[]], put: L2[V2, V3] -> V0 -> V1 -> L2[V3, V1], tr: L7[]
[16:07:44.134186]	Exploring 0: L0[], 1: L0[], Ebi: L2[L7[], L0[]], Eib: L2[L7[], L7[]], Eii: L2[L0[], L0[]], put: L2[V2, V3] -> V0 -> V1 -> L2[V3, V2], tr: L7[]
[16:07:44.134454]	Exploring 0: L0[], 1: L0[], Ebi: L2[L7[], L0[]], Eib: L2[L7[], L7[]], Eii: L2[L0[], L0[]], put: L2[V2, V3] -> V0 -> V1 -> L2[V3, V3], tr: L7[]
[16:07:44.134655]	Exploring 0: L0[], 1: L0[], Ebi: L2[L7[], L0[]], Eib: L2[L7[], L7[]], Eii: L2[L0[], L7[]], put: L2[_6_, _7_] -> V0 -> V1 -> L2[_8_, _9_], tr: L7[]
[16:07:44.134796]	Exploring 0: L0[], 1: L0[], Ebi: L2[L7[], L0[]], Eib: L2[L7[], L7[]], Eii: L2[L0[], L7[]], put: L2[V2, _7_] -> V0 -> V1 -> L2[_8_, _9_], tr: L7[]
[16:07:44.135003]	Exploring 0: L0[], 1: L0[], Ebi: L2[L7[], L0[]], Eib: L2[L7[], L7[]], Eii: L2[L0[], L7[]], put: L2[V2, V3] -> V0 -> V1 -> L2[_8_, _9_], tr: L7[]
[16:07:44.135128]	Exploring 0: L0[], 1: L0[], Ebi: L2[L7[], L0[]], Eib: L2[L7[], L7[]], Eii: L2[L0[], L7[]], put: L2[V2, V3] -> V0 -> V1 -> L2[L0[], _9_], tr: L7[]
[16:07:44.135246]	Exploring 0: L0[], 1: L0[], Ebi: L2[L7[], L0[]], Eib: L2[L7[], L7[]], Eii: L2[L0[], L7[]], put: L2[V2, V3] -> V0 -> V1 -> L2[L0[], L0[]], tr: L7[]
[16:07:44.135488]	Exploring 0: L0[], 1: L0[], Ebi: L2[L7[], L0[]], Eib: L2[L7[], L7[]], Eii: L2[L0[], L7[]], put: L2[V2, V3] -> V0 -> V1 -> L2[L0[], L7[]], tr: L7[]
[16:07:44.135721]	Exploring 0: L0[], 1: L0[], Ebi: L2[L7[], L0[]], Eib: L2[L7[], L7[]], Eii: L2[L0[], L7[]], put: L2[V2, V3] -> V0 -> V1 -> L2[L0[], V0], tr: L7[]
[16:07:44.135975]	Exploring 0: L0[], 1: L0[], Ebi: L2[L7[], L0[]], Eib: L2[L7[], L7[]], Eii: L2[L0[], L7[]], put: L2[V2, V3] -> V0 -> V1 -> L2[L0[], V1], tr: L7[]
[16:07:44.136230]	Exploring 0: L0[], 1: L0[], Ebi: L2[L7[], L0[]], Eib: L2[L7[], L7[]], Eii: L2[L0[], L7[]], put: L2[V2, V3] -> V0 -> V1 -> L2[L0[], V2], tr: L7[]
[16:07:44.136454]	Exploring 0: L0[], 1: L0[], Ebi: L2[L7[], L0[]], Eib: L2[L7[], L7[]], Eii: L2[L0[], L7[]], put: L2[V2, V3] -> V0 -> V1 -> L2[L0[], V3], tr: L7[]
[16:07:44.136668]	Exploring 0: L0[], 1: L0[], Ebi: L2[L7[], L0[]], Eib: L2[L7[], L7[]], Eii: L2[L0[], L7[]], put: L2[V2, V3] -> V0 -> V1 -> L2[L7[], _9_], tr: L7[]
[16:07:44.136783]	Exploring 0: L0[], 1: L0[], Ebi: L2[L7[], L0[]], Eib: L2[L7[], L7[]], Eii: L2[L0[], L7[]], put: L2[V2, V3] -> V0 -> V1 -> L2[L7[], L0[]], tr: L7[]
[16:07:44.136982]	Exploring 0: L0[], 1: L0[], Ebi: L2[L7[], L0[]], Eib: L2[L7[], L7[]], Eii: L2[L0[], L7[]], put: L2[V2, V3] -> V0 -> V1 -> L2[L7[], L7[]], tr: L7[]
[16:07:44.137206]	Exploring 0: L0[], 1: L0[], Ebi: L2[L7[], L0[]], Eib: L2[L7[], L7[]], Eii: L2[L0[], L7[]], put: L2[V2, V3] -> V0 -> V1 -> L2[L7[], V0], tr: L7[]
[16:07:44.137454]	Exploring 0: L0[], 1: L0[], Ebi: L2[L7[], L0[]], Eib: L2[L7[], L7[]], Eii: L2[L0[], L7[]], put: L2[V2, V3] -> V0 -> V1 -> L2[L7[], V1], tr: L7[]
[16:07:44.137684]	Exploring 0: L0[], 1: L0[], Ebi: L2[L7[], L0[]], Eib: L2[L7[], L7[]], Eii: L2[L0[], L7[]], put: L2[V2, V3] -> V0 -> V1 -> L2[L7[], V2], tr: L7[]
[16:07:44.137905]	Exploring 0: L0[], 1: L0[], Ebi: L2[L7[], L0[]], Eib: L2[L7[], L7[]], Eii: L2[L0[], L7[]], put: L2[V2, V3] -> V0 -> V1 -> L2[L7[], V3], tr: L7[]
[16:07:44.138135]	Exploring 0: L0[], 1: L0[], Ebi: L2[L7[], L0[]], Eib: L2[L7[], L7[]], Eii: L2[L0[], L7[]], put: L2[V2, V3] -> V0 -> V1 -> L2[V0, _9_], tr: L7[]
[16:07:44.138267]	Exploring 0: L0[], 1: L0[], Ebi: L2[L7[], L0[]], Eib: L2[L7[], L7[]], Eii: L2[L0[], L7[]], put: L2[V2, V3] -> V0 -> V1 -> L2[V0, L0[]], tr: L7[]
[16:07:44.138507]	Exploring 0: L0[], 1: L0[], Ebi: L2[L7[], L0[]], Eib: L2[L7[], L7[]], Eii: L2[L0[], L7[]], put: L2[V2, V3] -> V0 -> V1 -> L2[V0, L7[]], tr: L7[]
[16:07:44.138745]	Exploring 0: L0[], 1: L0[], Ebi: L2[L7[], L0[]], Eib: L2[L7[], L7[]], Eii: L2[L0[], L7[]], put: L2[V2, V3] -> V0 -> V1 -> L2[V0, V0], tr: L7[]
[16:07:44.138982]	Exploring 0: L0[], 1: L0[], Ebi: L2[L7[], L0[]], Eib: L2[L7[], L7[]], Eii: L2[L0[], L7[]], put: L2[V2, V3] -> V0 -> V1 -> L2[V0, V1], tr: L7[]
[16:07:44.139230]	Exploring 0: L0[], 1: L0[], Ebi: L2[L7[], L0[]], Eib: L2[L7[], L7[]], Eii: L2[L0[], L7[]], put: L2[V2, V3] -> V0 -> V1 -> L2[V0, V2], tr: L7[]
[16:07:44.139496]	Exploring 0: L0[], 1: L0[], Ebi: L2[L7[], L0[]], Eib: L2[L7[], L7[]], Eii: L2[L0[], L7[]], put: L2[V2, V3] -> V0 -> V1 -> L2[V0, V3], tr: L7[]
[16:07:44.139777]	Exploring 0: L0[], 1: L0[], Ebi: L2[L7[], L0[]], Eib: L2[L7[], L7[]], Eii: L2[L0[], L7[]], put: L2[V2, V3] -> V0 -> V1 -> L2[V1, _9_], tr: L7[]
[16:07:44.139908]	Exploring 0: L0[], 1: L0[], Ebi: L2[L7[], L0[]], Eib: L2[L7[], L7[]], Eii: L2[L0[], L7[]], put: L2[V2, V3] -> V0 -> V1 -> L2[V1, L0[]], tr: L7[]
[16:07:44.140144]	Exploring 0: L0[], 1: L0[], Ebi: L2[L7[], L0[]], Eib: L2[L7[], L7[]], Eii: L2[L0[], L7[]], put: L2[V2, V3] -> V0 -> V1 -> L2[V1, L7[]], tr: L7[]
[16:07:44.140393]	Exploring 0: L0[], 1: L0[], Ebi: L2[L7[], L0[]], Eib: L2[L7[], L7[]], Eii: L2[L0[], L7[]], put: L2[V2, V3] -> V0 -> V1 -> L2[V1, V0], tr: L7[]
[16:07:44.140636]	Exploring 0: L0[], 1: L0[], Ebi: L2[L7[], L0[]], Eib: L2[L7[], L7[]], Eii: L2[L0[], L7[]], put: L2[V2, V3] -> V0 -> V1 -> L2[V1, V1], tr: L7[]
[16:07:44.140867]	Exploring 0: L0[], 1: L0[], Ebi: L2[L7[], L0[]], Eib: L2[L7[], L7[]], Eii: L2[L0[], L7[]], put: L2[V2, V3] -> V0 -> V1 -> L2[V1, V2], tr: L7[]
[16:07:44.141094]	Exploring 0: L0[], 1: L0[], Ebi: L2[L7[], L0[]], Eib: L2[L7[], L7[]], Eii: L2[L0[], L7[]], put: L2[V2, V3] -> V0 -> V1 -> L2[V1, V3], tr: L7[]
[16:07:44.141318]	Exploring 0: L0[], 1: L0[], Ebi: L2[L7[], L0[]], Eib: L2[L7[], L7[]], Eii: L2[L0[], L7[]], put: L2[V2, V3] -> V0 -> V1 -> L2[V2, _9_], tr: L7[]
[16:07:44.141437]	Exploring 0: L0[], 1: L0[], Ebi: L2[L7[], L0[]], Eib: L2[L7[], L7[]], Eii: L2[L0[], L7[]], put: L2[V2, V3] -> V0 -> V1 -> L2[V2, L0[]], tr: L7[]
[16:07:44.141643]	Exploring 0: L0[], 1: L0[], Ebi: L2[L7[], L0[]], Eib: L2[L7[], L7[]], Eii: L2[L0[], L7[]], put: L2[V2, V3] -> V0 -> V1 -> L2[V2, L7[]], tr: L7[]
[16:07:44.141859]	Exploring 0: L0[], 1: L0[], Ebi: L2[L7[], L0[]], Eib: L2[L7[], L7[]], Eii: L2[L0[], L7[]], put: L2[V2, V3] -> V0 -> V1 -> L2[V2, V0], tr: L7[]
[16:07:44.142114]	Exploring 0: L0[], 1: L0[], Ebi: L2[L7[], L0[]], Eib: L2[L7[], L7[]], Eii: L2[L0[], L7[]], put: L2[V2, V3] -> V0 -> V1 -> L2[V2, V1], tr: L7[]
[16:07:44.142332]	Exploring 0: L0[], 1: L0[], Ebi: L2[L7[], L0[]], Eib: L2[L7[], L7[]], Eii: L2[L0[], L7[]], put: L2[V2, V3] -> V0 -> V1 -> L2[V2, V2], tr: L7[]
[16:07:44.142537]	Exploring 0: L0[], 1: L0[], Ebi: L2[L7[], L0[]], Eib: L2[L7[], L7[]], Eii: L2[L0[], L7[]], put: L2[V2, V3] -> V0 -> V1 -> L2[V2, V3], tr: L7[]
[16:07:44.142748]	Exploring 0: L0[], 1: L0[], Ebi: L2[L7[], L0[]], Eib: L2[L7[], L7[]], Eii: L2[L0[], L7[]], put: L2[V2, V3] -> V0 -> V1 -> L2[V3, _9_], tr: L7[]
[16:07:44.142874]	Exploring 0: L0[], 1: L0[], Ebi: L2[L7[], L0[]], Eib: L2[L7[], L7[]], Eii: L2[L0[], L7[]], put: L2[V2, V3] -> V0 -> V1 -> L2[V3, L0[]], tr: L7[]
[16:07:44.143091]	Exploring 0: L0[], 1: L0[], Ebi: L2[L7[], L0[]], Eib: L2[L7[], L7[]], Eii: L2[L0[], L7[]], put: L2[V2, V3] -> V0 -> V1 -> L2[V3, L7[]], tr: L7[]
[16:07:44.143312]	Exploring 0: L0[], 1: L0[], Ebi: L2[L7[], L0[]], Eib: L2[L7[], L7[]], Eii: L2[L0[], L7[]], put: L2[V2, V3] -> V0 -> V1 -> L2[V3, V0], tr: L7[]
[16:07:44.143569]	Exploring 0: L0[], 1: L0[], Ebi: L2[L7[], L0[]], Eib: L2[L7[], L7[]], Eii: L2[L0[], L7[]], put: L2[V2, V3] -> V0 -> V1 -> L2[V3, V1], tr: L7[]
[16:07:44.143800]	Exploring 0: L0[], 1: L0[], Ebi: L2[L7[], L0[]], Eib: L2[L7[], L7[]], Eii: L2[L0[], L7[]], put: L2[V2, V3] -> V0 -> V1 -> L2[V3, V2], tr: L7[]
[16:07:44.144051]	Exploring 0: L0[], 1: L0[], Ebi: L2[L7[], L0[]], Eib: L2[L7[], L7[]], Eii: L2[L0[], L7[]], put: L2[V2, V3] -> V0 -> V1 -> L2[V3, V3], tr: L7[]
[16:07:44.144247]	Exploring 0: L0[], 1: L0[], Ebi: L2[L7[], L0[]], Eib: L2[L7[], L7[]], Eii: L2[L7[], _5_], put: L2[_6_, _7_] -> V0 -> V1 -> L2[_8_, _9_], tr: L7[]
[16:07:44.144317]	Exploring 0: L0[], 1: L0[], Ebi: L2[L7[], L0[]], Eib: L2[L7[], L7[]], Eii: L2[L7[], L0[]], put: L2[_6_, _7_] -> V0 -> V1 -> L2[_8_, _9_], tr: L7[]
[16:07:44.144400]	Exploring 0: L0[], 1: L0[], Ebi: L2[L7[], L0[]], Eib: L2[L7[], L7[]], Eii: L2[L7[], L0[]], put: L2[L7[], _7_] -> V0 -> V1 -> L2[_8_, _9_], tr: L7[]
[16:07:44.144498]	Exploring 0: L0[], 1: L0[], Ebi: L2[L7[], L0[]], Eib: L2[L7[], L7[]], Eii: L2[L7[], L0[]], put: L2[L7[], V1] -> V0 -> V1 -> L2[_8_, _9_], tr: L7[]
[16:07:44.144608]	Exploring 0: L0[], 1: L0[], Ebi: L2[L7[], L0[]], Eib: L2[L7[], L7[]], Eii: L2[L7[], L0[]], put: L2[L7[], V1] -> V0 -> V1 -> L2[L7[], _9_], tr: L7[]
[16:07:44.144715]	Exploring 0: L0[], 1: L0[], Ebi: L2[L7[], L0[]], Eib: L2[L7[], L7[]], Eii: L2[L7[], L0[]], put: L2[L7[], V1] -> V0 -> V1 -> L2[L7[], V1], tr: L7[]
[16:07:44.144910]	Exploring 0: L0[], 1: L0[], Ebi: L2[L7[], L0[]], Eib: L2[L7[], L7[]], Eii: L2[L7[], L0[]], put: L2[L7[], V2] -> V0 -> V1 -> L2[_8_, _9_], tr: L7[]
[16:07:44.145005]	Exploring 0: L0[], 1: L0[], Ebi: L2[L7[], L0[]], Eib: L2[L7[], L7[]], Eii: L2[L7[], L0[]], put: L2[L7[], V2] -> V0 -> V1 -> L2[L7[], _9_], tr: L7[]
[16:07:44.145100]	Exploring 0: L0[], 1: L0[], Ebi: L2[L7[], L0[]], Eib: L2[L7[], L7[]], Eii: L2[L7[], L0[]], put: L2[L7[], V2] -> V0 -> V1 -> L2[L7[], L0[]], tr: L7[]
[16:07:44.145270]	Exploring 0: L0[], 1: L0[], Ebi: L2[L7[], L0[]], Eib: L2[L7[], L7[]], Eii: L2[L7[], L0[]], put: L2[L7[], V2] -> V0 -> V1 -> L2[L7[], L7[]], tr: L7[]
[16:07:44.145446]	Exploring 0: L0[], 1: L0[], Ebi: L2[L7[], L0[]], Eib: L2[L7[], L7[]], Eii: L2[L7[], L0[]], put: L2[L7[], V2] -> V0 -> V1 -> L2[L7[], V0], tr: L7[]
[16:07:44.145650]	Exploring 0: L0[], 1: L0[], Ebi: L2[L7[], L0[]], Eib: L2[L7[], L7[]], Eii: L2[L7[], L0[]], put: L2[L7[], V2] -> V0 -> V1 -> L2[L7[], V1], tr: L7[]
[16:07:44.145849]	Exploring 0: L0[], 1: L0[], Ebi: L2[L7[], L0[]], Eib: L2[L7[], L7[]], Eii: L2[L7[], L0[]], put: L2[L7[], V2] -> V0 -> V1 -> L2[L7[], V2], tr: L7[]
[16:07:44.146127]	Exploring 0: L0[], 1: L0[], Ebi: L2[L7[], L0[]], Eib: L2[L7[], L7[]], Eii: L2[L7[], L0[]], put: L2[V2, _7_] -> V0 -> V1 -> L2[_8_, _9_], tr: L7[]
[16:07:44.146274]	Exploring 0: L0[], 1: L0[], Ebi: L2[L7[], L0[]], Eib: L2[L7[], L7[]], Eii: L2[L7[], L0[]], put: L2[V2, V1] -> V0 -> V1 -> L2[_8_, _9_], tr: L7[]
[16:07:44.146414]	Exploring 0: L0[], 1: L0[], Ebi: L2[L7[], L0[]], Eib: L2[L7[], L7[]], Eii: L2[L7[], L0[]], put: L2[V2, V1] -> V0 -> V1 -> L2[L0[], _9_], tr: L7[]
[16:07:44.146554]	Exploring 0: L0[], 1: L0[], Ebi: L2[L7[], L0[]], Eib: L2[L7[], L7[]], Eii: L2[L7[], L0[]], put: L2[V2, V1] -> V0 -> V1 -> L2[L0[], V1], tr: L7[]
[16:07:44.146796]	Exploring 0: L0[], 1: L0[], Ebi: L2[L7[], L0[]], Eib: L2[L7[], L7[]], Eii: L2[L7[], L0[]], put: L2[V2, V1] -> V0 -> V1 -> L2[L7[], _9_], tr: L7[]
[16:07:44.146926]	Exploring 0: L0[], 1: L0[], Ebi: L2[L7[], L0[]], Eib: L2[L7[], L7[]], Eii: L2[L7[], L0[]], put: L2[V2, V1] -> V0 -> V1 -> L2[L7[], V1], tr: L7[]
[16:07:44.147197]	Exploring 0: L0[], 1: L0[], Ebi: L2[L7[], L0[]], Eib: L2[L7[], L7[]], Eii: L2[L7[], L0[]], put: L2[V2, V1] -> V0 -> V1 -> L2[V0, _9_], tr: L7[]
[16:07:44.147375]	Exploring 0: L0[], 1: L0[], Ebi: L2[L7[], L0[]], Eib: L2[L7[], L7[]], Eii: L2[L7[], L0[]], put: L2[V2, V1] -> V0 -> V1 -> L2[V0, V1], tr: L7[]
[16:07:44.147637]	Exploring 0: L0[], 1: L0[], Ebi: L2[L7[], L0[]], Eib: L2[L7[], L7[]], Eii: L2[L7[], L0[]], put: L2[V2, V1] -> V0 -> V1 -> L2[V1, _9_], tr: L7[]
[16:07:44.147769]	Exploring 0: L0[], 1: L0[], Ebi: L2[L7[], L0[]], Eib: L2[L7[], L7[]], Eii: L2[L7[], L0[]], put: L2[V2, V1] -> V0 -> V1 -> L2[V1, V1], tr: L7[]
[16:07:44.147996]	Exploring 0: L0[], 1: L0[], Ebi: L2[L7[], L0[]], Eib: L2[L7[], L7[]], Eii: L2[L7[], L0[]], put: L2[V2, V1] -> V0 -> V1 -> L2[V2, _9_], tr: L7[]
[16:07:44.148124]	Exploring 0: L0[], 1: L0[], Ebi: L2[L7[], L0[]], Eib: L2[L7[], L7[]], Eii: L2[L7[], L0[]], put: L2[V2, V1] -> V0 -> V1 -> L2[V2, V1], tr: L7[]
[16:07:44.148370]	Exploring 0: L0[], 1: L0[], Ebi: L2[L7[], L0[]], Eib: L2[L7[], L7[]], Eii: L2[L7[], L0[]], put: L2[V2, V3] -> V0 -> V1 -> L2[_8_, _9_], tr: L7[]
[16:07:44.148480]	Exploring 0: L0[], 1: L0[], Ebi: L2[L7[], L0[]], Eib: L2[L7[], L7[]], Eii: L2[L7[], L0[]], put: L2[V2, V3] -> V0 -> V1 -> L2[L0[], _9_], tr: L7[]
[16:07:44.148588]	Exploring 0: L0[], 1: L0[], Ebi: L2[L7[], L0[]], Eib: L2[L7[], L7[]], Eii: L2[L7[], L0[]], put: L2[V2, V3] -> V0 -> V1 -> L2[L0[], L0[]], tr: L7[]
[16:07:44.148782]	Exploring 0: L0[], 1: L0[], Ebi: L2[L7[], L0[]], Eib: L2[L7[], L7[]], Eii: L2[L7[], L0[]], put: L2[V2, V3] -> V0 -> V1 -> L2[L0[], L7[]], tr: L7[]
[16:07:44.148995]	Exploring 0: L0[], 1: L0[], Ebi: L2[L7[], L0[]], Eib: L2[L7[], L7[]], Eii: L2[L7[], L0[]], put: L2[V2, V3] -> V0 -> V1 -> L2[L0[], V0], tr: L7[]
[16:07:44.149231]	Exploring 0: L0[], 1: L0[], Ebi: L2[L7[], L0[]], Eib: L2[L7[], L7[]], Eii: L2[L7[], L0[]], put: L2[V2, V3] -> V0 -> V1 -> L2[L0[], V1], tr: L7[]
[16:07:44.149479]	Exploring 0: L0[], 1: L0[], Ebi: L2[L7[], L0[]], Eib: L2[L7[], L7[]], Eii: L2[L7[], L0[]], put: L2[V2, V3] -> V0 -> V1 -> L2[L0[], V2], tr: L7[]
[16:07:44.149694]	Exploring 0: L0[], 1: L0[], Ebi: L2[L7[], L0[]], Eib: L2[L7[], L7[]], Eii: L2[L7[], L0[]], put: L2[V2, V3] -> V0 -> V1 -> L2[L0[], V3], tr: L7[]
[16:07:44.149900]	Exploring 0: L0[], 1: L0[], Ebi: L2[L7[], L0[]], Eib: L2[L7[], L7[]], Eii: L2[L7[], L0[]], put: L2[V2, V3] -> V0 -> V1 -> L2[L7[], _9_], tr: L7[]
[16:07:44.150023]	Exploring 0: L0[], 1: L0[], Ebi: L2[L7[], L0[]], Eib: L2[L7[], L7[]], Eii: L2[L7[], L0[]], put: L2[V2, V3] -> V0 -> V1 -> L2[L7[], L0[]], tr: L7[]
[16:07:44.150221]	Exploring 0: L0[], 1: L0[], Ebi: L2[L7[], L0[]], Eib: L2[L7[], L7[]], Eii: L2[L7[], L0[]], put: L2[V2, V3] -> V0 -> V1 -> L2[L7[], L7[]], tr: L7[]
[16:07:44.150445]	Exploring 0: L0[], 1: L0[], Ebi: L2[L7[], L0[]], Eib: L2[L7[], L7[]], Eii: L2[L7[], L0[]], put: L2[V2, V3] -> V0 -> V1 -> L2[L7[], V0], tr: L7[]
[16:07:44.150680]	Exploring 0: L0[], 1: L0[], Ebi: L2[L7[], L0[]], Eib: L2[L7[], L7[]], Eii: L2[L7[], L0[]], put: L2[V2, V3] -> V0 -> V1 -> L2[L7[], V1], tr: L7[]
[16:07:44.150906]	Exploring 0: L0[], 1: L0[], Ebi: L2[L7[], L0[]], Eib: L2[L7[], L7[]], Eii: L2[L7[], L0[]], put: L2[V2, V3] -> V0 -> V1 -> L2[L7[], V2], tr: L7[]
[16:07:44.151118]	Exploring 0: L0[], 1: L0[], Ebi: L2[L7[], L0[]], Eib: L2[L7[], L7[]], Eii: L2[L7[], L0[]], put: L2[V2, V3] -> V0 -> V1 -> L2[L7[], V3], tr: L7[]
[16:07:44.151339]	Exploring 0: L0[], 1: L0[], Ebi: L2[L7[], L0[]], Eib: L2[L7[], L7[]], Eii: L2[L7[], L0[]], put: L2[V2, V3] -> V0 -> V1 -> L2[V0, _9_], tr: L7[]
[16:07:44.151481]	Exploring 0: L0[], 1: L0[], Ebi: L2[L7[], L0[]], Eib: L2[L7[], L7[]], Eii: L2[L7[], L0[]], put: L2[V2, V3] -> V0 -> V1 -> L2[V0, L0[]], tr: L7[]
[16:07:44.151720]	Exploring 0: L0[], 1: L0[], Ebi: L2[L7[], L0[]], Eib: L2[L7[], L7[]], Eii: L2[L7[], L0[]], put: L2[V2, V3] -> V0 -> V1 -> L2[V0, L7[]], tr: L7[]
[16:07:44.151948]	Exploring 0: L0[], 1: L0[], Ebi: L2[L7[], L0[]], Eib: L2[L7[], L7[]], Eii: L2[L7[], L0[]], put: L2[V2, V3] -> V0 -> V1 -> L2[V0, V0], tr: L7[]
[16:07:44.152186]	Exploring 0: L0[], 1: L0[], Ebi: L2[L7[], L0[]], Eib: L2[L7[], L7[]], Eii: L2[L7[], L0[]], put: L2[V2, V3] -> V0 -> V1 -> L2[V0, V1], tr: L7[]
[16:07:44.152407]	Exploring 0: L0[], 1: L0[], Ebi: L2[L7[], L0[]], Eib: L2[L7[], L7[]], Eii: L2[L7[], L0[]], put: L2[V2, V3] -> V0 -> V1 -> L2[V0, V2], tr: L7[]
[16:07:44.152626]	Exploring 0: L0[], 1: L0[], Ebi: L2[L7[], L0[]], Eib: L2[L7[], L7[]], Eii: L2[L7[], L0[]], put: L2[V2, V3] -> V0 -> V1 -> L2[V0, V3], tr: L7[]
[16:07:44.152843]	Exploring 0: L0[], 1: L0[], Ebi: L2[L7[], L0[]], Eib: L2[L7[], L7[]], Eii: L2[L7[], L0[]], put: L2[V2, V3] -> V0 -> V1 -> L2[V1, _9_], tr: L7[]
[16:07:44.152966]	Exploring 0: L0[], 1: L0[], Ebi: L2[L7[], L0[]], Eib: L2[L7[], L7[]], Eii: L2[L7[], L0[]], put: L2[V2, V3] -> V0 -> V1 -> L2[V1, L0[]], tr: L7[]
[16:07:44.153196]	Exploring 0: L0[], 1: L0[], Ebi: L2[L7[], L0[]], Eib: L2[L7[], L7[]], Eii: L2[L7[], L0[]], put: L2[V2, V3] -> V0 -> V1 -> L2[V1, L7[]], tr: L7[]
[16:07:44.153420]	Exploring 0: L0[], 1: L0[], Ebi: L2[L7[], L0[]], Eib: L2[L7[], L7[]], Eii: L2[L7[], L0[]], put: L2[V2, V3] -> V0 -> V1 -> L2[V1, V0], tr: L7[]
[16:07:44.153639]	Exploring 0: L0[], 1: L0[], Ebi: L2[L7[], L0[]], Eib: L2[L7[], L7[]], Eii: L2[L7[], L0[]], put: L2[V2, V3] -> V0 -> V1 -> L2[V1, V1], tr: L7[]
[16:07:44.153859]	Exploring 0: L0[], 1: L0[], Ebi: L2[L7[], L0[]], Eib: L2[L7[], L7[]], Eii: L2[L7[], L0[]], put: L2[V2, V3] -> V0 -> V1 -> L2[V1, V2], tr: L7[]
[16:07:44.154082]	Exploring 0: L0[], 1: L0[], Ebi: L2[L7[], L0[]], Eib: L2[L7[], L7[]], Eii: L2[L7[], L0[]], put: L2[V2, V3] -> V0 -> V1 -> L2[V1, V3], tr: L7[]
[16:07:44.154286]	Exploring 0: L0[], 1: L0[], Ebi: L2[L7[], L0[]], Eib: L2[L7[], L7[]], Eii: L2[L7[], L0[]], put: L2[V2, V3] -> V0 -> V1 -> L2[V2, _9_], tr: L7[]
[16:07:44.154396]	Exploring 0: L0[], 1: L0[], Ebi: L2[L7[], L0[]], Eib: L2[L7[], L7[]], Eii: L2[L7[], L0[]], put: L2[V2, V3] -> V0 -> V1 -> L2[V2, L0[]], tr: L7[]
[16:07:44.154594]	Exploring 0: L0[], 1: L0[], Ebi: L2[L7[], L0[]], Eib: L2[L7[], L7[]], Eii: L2[L7[], L0[]], put: L2[V2, V3] -> V0 -> V1 -> L2[V2, L7[]], tr: L7[]
[16:07:44.154813]	Exploring 0: L0[], 1: L0[], Ebi: L2[L7[], L0[]], Eib: L2[L7[], L7[]], Eii: L2[L7[], L0[]], put: L2[V2, V3] -> V0 -> V1 -> L2[V2, V0], tr: L7[]
[16:07:44.155037]	Exploring 0: L0[], 1: L0[], Ebi: L2[L7[], L0[]], Eib: L2[L7[], L7[]], Eii: L2[L7[], L0[]], put: L2[V2, V3] -> V0 -> V1 -> L2[V2, V1], tr: L7[]
[16:07:44.155246]	Exploring 0: L0[], 1: L0[], Ebi: L2[L7[], L0[]], Eib: L2[L7[], L7[]], Eii: L2[L7[], L0[]], put: L2[V2, V3] -> V0 -> V1 -> L2[V2, V2], tr: L7[]
[16:07:44.155456]	Exploring 0: L0[], 1: L0[], Ebi: L2[L7[], L0[]], Eib: L2[L7[], L7[]], Eii: L2[L7[], L0[]], put: L2[V2, V3] -> V0 -> V1 -> L2[V2, V3], tr: L7[]
[16:07:44.155673]	Exploring 0: L0[], 1: L0[], Ebi: L2[L7[], L0[]], Eib: L2[L7[], L7[]], Eii: L2[L7[], L0[]], put: L2[V2, V3] -> V0 -> V1 -> L2[V3, _9_], tr: L7[]
[16:07:44.155787]	Exploring 0: L0[], 1: L0[], Ebi: L2[L7[], L0[]], Eib: L2[L7[], L7[]], Eii: L2[L7[], L0[]], put: L2[V2, V3] -> V0 -> V1 -> L2[V3, L0[]], tr: L7[]
[16:07:44.155998]	Exploring 0: L0[], 1: L0[], Ebi: L2[L7[], L0[]], Eib: L2[L7[], L7[]], Eii: L2[L7[], L0[]], put: L2[V2, V3] -> V0 -> V1 -> L2[V3, L7[]], tr: L7[]
[16:07:44.156211]	Exploring 0: L0[], 1: L0[], Ebi: L2[L7[], L0[]], Eib: L2[L7[], L7[]], Eii: L2[L7[], L0[]], put: L2[V2, V3] -> V0 -> V1 -> L2[V3, V0], tr: L7[]
[16:07:44.156659]	Exploring 0: L0[], 1: L0[], Ebi: L2[L7[], L0[]], Eib: L2[L7[], L7[]], Eii: L2[L7[], L0[]], put: L2[V2, V3] -> V0 -> V1 -> L2[V3, V1], tr: L7[]
[16:07:44.157012]	Exploring 0: L0[], 1: L0[], Ebi: L2[L7[], L0[]], Eib: L2[L7[], L7[]], Eii: L2[L7[], L0[]], put: L2[V2, V3] -> V0 -> V1 -> L2[V3, V2], tr: L7[]
[16:07:44.157365]	Exploring 0: L0[], 1: L0[], Ebi: L2[L7[], L0[]], Eib: L2[L7[], L7[]], Eii: L2[L7[], L0[]], put: L2[V2, V3] -> V0 -> V1 -> L2[V3, V3], tr: L7[]
[16:07:44.157659]	Exploring 0: L0[], 1: L0[], Ebi: L2[L7[], L0[]], Eib: L2[L7[], L7[]], Eii: L2[L7[], L7[]], put: L2[_6_, _7_] -> V0 -> V1 -> L2[_8_, _9_], tr: L7[]
[16:07:44.157794]	Exploring 0: L0[], 1: L0[], Ebi: L2[L7[], L0[]], Eib: L2[L7[], L7[]], Eii: L2[L7[], L7[]], put: L2[L7[], _7_] -> V0 -> V1 -> L2[_8_, _9_], tr: L7[]
[16:07:44.158007]	Exploring 0: L0[], 1: L0[], Ebi: L2[L7[], L0[]], Eib: L2[L7[], L7[]], Eii: L2[L7[], L7[]], put: L2[L7[], V2] -> V0 -> V1 -> L2[_8_, _9_], tr: L7[]
[16:07:44.158171]	Exploring 0: L0[], 1: L0[], Ebi: L2[L7[], L0[]], Eib: L2[L7[], L7[]], Eii: L2[L7[], L7[]], put: L2[L7[], V2] -> V0 -> V1 -> L2[L7[], _9_], tr: L7[]
[16:07:44.158329]	Exploring 0: L0[], 1: L0[], Ebi: L2[L7[], L0[]], Eib: L2[L7[], L7[]], Eii: L2[L7[], L7[]], put: L2[L7[], V2] -> V0 -> V1 -> L2[L7[], L0[]], tr: L7[]
[16:07:44.158589]	Exploring 0: L0[], 1: L0[], Ebi: L2[L7[], L0[]], Eib: L2[L7[], L7[]], Eii: L2[L7[], L7[]], put: L2[L7[], V2] -> V0 -> V1 -> L2[L7[], L7[]], tr: L7[]
[16:07:44.158776]	Exploring 0: L0[], 1: L0[], Ebi: L2[L7[], L0[]], Eib: L2[L7[], L7[]], Eii: L2[L7[], L7[]], put: L2[L7[], V2] -> V0 -> V1 -> L2[L7[], V0], tr: L7[]
[16:07:44.158961]	Exploring 0: L0[], 1: L0[], Ebi: L2[L7[], L0[]], Eib: L2[L7[], L7[]], Eii: L2[L7[], L7[]], put: L2[L7[], V2] -> V0 -> V1 -> L2[L7[], V1], tr: L7[]
[16:07:44.159138]	Exploring 0: L0[], 1: L0[], Ebi: L2[L7[], L0[]], Eib: L2[L7[], L7[]], Eii: L2[L7[], L7[]], put: L2[L7[], V2] -> V0 -> V1 -> L2[L7[], V2], tr: L7[]
[16:07:44.159378]	Exploring 0: L0[], 1: L0[], Ebi: L2[L7[], L0[]], Eib: L2[L7[], L7[]], Eii: L2[L7[], L7[]], put: L2[V2, _7_] -> V0 -> V1 -> L2[_8_, _9_], tr: L7[]
[16:07:44.159554]	Exploring 0: L0[], 1: L0[], Ebi: L2[L7[], L0[]], Eib: L2[L7[], L7[]], Eii: L2[L7[], L7[]], put: L2[V2, V3] -> V0 -> V1 -> L2[_8_, _9_], tr: L7[]
[16:07:44.159661]	Exploring 0: L0[], 1: L0[], Ebi: L2[L7[], L0[]], Eib: L2[L7[], L7[]], Eii: L2[L7[], L7[]], put: L2[V2, V3] -> V0 -> V1 -> L2[L0[], _9_], tr: L7[]
[16:07:44.159768]	Exploring 0: L0[], 1: L0[], Ebi: L2[L7[], L0[]], Eib: L2[L7[], L7[]], Eii: L2[L7[], L7[]], put: L2[V2, V3] -> V0 -> V1 -> L2[L0[], L0[]], tr: L7[]
[16:07:44.159958]	Exploring 0: L0[], 1: L0[], Ebi: L2[L7[], L0[]], Eib: L2[L7[], L7[]], Eii: L2[L7[], L7[]], put: L2[V2, V3] -> V0 -> V1 -> L2[L0[], L7[]], tr: L7[]
[16:07:44.160164]	Exploring 0: L0[], 1: L0[], Ebi: L2[L7[], L0[]], Eib: L2[L7[], L7[]], Eii: L2[L7[], L7[]], put: L2[V2, V3] -> V0 -> V1 -> L2[L0[], V0], tr: L7[]
[16:07:44.160432]	Exploring 0: L0[], 1: L0[], Ebi: L2[L7[], L0[]], Eib: L2[L7[], L7[]], Eii: L2[L7[], L7[]], put: L2[V2, V3] -> V0 -> V1 -> L2[L0[], V1], tr: L7[]
[16:07:44.160677]	Exploring 0: L0[], 1: L0[], Ebi: L2[L7[], L0[]], Eib: L2[L7[], L7[]], Eii: L2[L7[], L7[]], put: L2[V2, V3] -> V0 -> V1 -> L2[L0[], V2], tr: L7[]
[16:07:44.160887]	Exploring 0: L0[], 1: L0[], Ebi: L2[L7[], L0[]], Eib: L2[L7[], L7[]], Eii: L2[L7[], L7[]], put: L2[V2, V3] -> V0 -> V1 -> L2[L0[], V3], tr: L7[]
[16:07:44.161104]	Exploring 0: L0[], 1: L0[], Ebi: L2[L7[], L0[]], Eib: L2[L7[], L7[]], Eii: L2[L7[], L7[]], put: L2[V2, V3] -> V0 -> V1 -> L2[L7[], _9_], tr: L7[]
[16:07:44.161216]	Exploring 0: L0[], 1: L0[], Ebi: L2[L7[], L0[]], Eib: L2[L7[], L7[]], Eii: L2[L7[], L7[]], put: L2[V2, V3] -> V0 -> V1 -> L2[L7[], L0[]], tr: L7[]
[16:07:44.161405]	Exploring 0: L0[], 1: L0[], Ebi: L2[L7[], L0[]], Eib: L2[L7[], L7[]], Eii: L2[L7[], L7[]], put: L2[V2, V3] -> V0 -> V1 -> L2[L7[], L7[]], tr: L7[]
[16:07:44.161611]	Exploring 0: L0[], 1: L0[], Ebi: L2[L7[], L0[]], Eib: L2[L7[], L7[]], Eii: L2[L7[], L7[]], put: L2[V2, V3] -> V0 -> V1 -> L2[L7[], V0], tr: L7[]
[16:07:44.161843]	Exploring 0: L0[], 1: L0[], Ebi: L2[L7[], L0[]], Eib: L2[L7[], L7[]], Eii: L2[L7[], L7[]], put: L2[V2, V3] -> V0 -> V1 -> L2[L7[], V1], tr: L7[]
[16:07:44.162072]	Exploring 0: L0[], 1: L0[], Ebi: L2[L7[], L0[]], Eib: L2[L7[], L7[]], Eii: L2[L7[], L7[]], put: L2[V2, V3] -> V0 -> V1 -> L2[L7[], V2], tr: L7[]
[16:07:44.162282]	Exploring 0: L0[], 1: L0[], Ebi: L2[L7[], L0[]], Eib: L2[L7[], L7[]], Eii: L2[L7[], L7[]], put: L2[V2, V3] -> V0 -> V1 -> L2[L7[], V3], tr: L7[]
[16:07:44.162520]	Exploring 0: L0[], 1: L0[], Ebi: L2[L7[], L0[]], Eib: L2[L7[], L7[]], Eii: L2[L7[], L7[]], put: L2[V2, V3] -> V0 -> V1 -> L2[V0, _9_], tr: L7[]
[16:07:44.162656]	Exploring 0: L0[], 1: L0[], Ebi: L2[L7[], L0[]], Eib: L2[L7[], L7[]], Eii: L2[L7[], L7[]], put: L2[V2, V3] -> V0 -> V1 -> L2[V0, L0[]], tr: L7[]
[16:07:44.162882]	Exploring 0: L0[], 1: L0[], Ebi: L2[L7[], L0[]], Eib: L2[L7[], L7[]], Eii: L2[L7[], L7[]], put: L2[V2, V3] -> V0 -> V1 -> L2[V0, L7[]], tr: L7[]
[16:07:44.163104]	Exploring 0: L0[], 1: L0[], Ebi: L2[L7[], L0[]], Eib: L2[L7[], L7[]], Eii: L2[L7[], L7[]], put: L2[V2, V3] -> V0 -> V1 -> L2[V0, V0], tr: L7[]
[16:07:44.163323]	Exploring 0: L0[], 1: L0[], Ebi: L2[L7[], L0[]], Eib: L2[L7[], L7[]], Eii: L2[L7[], L7[]], put: L2[V2, V3] -> V0 -> V1 -> L2[V0, V1], tr: L7[]
[16:07:44.163561]	Exploring 0: L0[], 1: L0[], Ebi: L2[L7[], L0[]], Eib: L2[L7[], L7[]], Eii: L2[L7[], L7[]], put: L2[V2, V3] -> V0 -> V1 -> L2[V0, V2], tr: L7[]
[16:07:44.163783]	Exploring 0: L0[], 1: L0[], Ebi: L2[L7[], L0[]], Eib: L2[L7[], L7[]], Eii: L2[L7[], L7[]], put: L2[V2, V3] -> V0 -> V1 -> L2[V0, V3], tr: L7[]
[16:07:44.163999]	Exploring 0: L0[], 1: L0[], Ebi: L2[L7[], L0[]], Eib: L2[L7[], L7[]], Eii: L2[L7[], L7[]], put: L2[V2, V3] -> V0 -> V1 -> L2[V1, _9_], tr: L7[]
[16:07:44.164123]	Exploring 0: L0[], 1: L0[], Ebi: L2[L7[], L0[]], Eib: L2[L7[], L7[]], Eii: L2[L7[], L7[]], put: L2[V2, V3] -> V0 -> V1 -> L2[V1, L0[]], tr: L7[]
[16:07:44.164351]	Exploring 0: L0[], 1: L0[], Ebi: L2[L7[], L0[]], Eib: L2[L7[], L7[]], Eii: L2[L7[], L7[]], put: L2[V2, V3] -> V0 -> V1 -> L2[V1, L7[]], tr: L7[]
[16:07:44.164576]	Exploring 0: L0[], 1: L0[], Ebi: L2[L7[], L0[]], Eib: L2[L7[], L7[]], Eii: L2[L7[], L7[]], put: L2[V2, V3] -> V0 -> V1 -> L2[V1, V0], tr: L7[]
[16:07:44.164795]	Exploring 0: L0[], 1: L0[], Ebi: L2[L7[], L0[]], Eib: L2[L7[], L7[]], Eii: L2[L7[], L7[]], put: L2[V2, V3] -> V0 -> V1 -> L2[V1, V1], tr: L7[]
[16:07:44.165059]	Exploring 0: L0[], 1: L0[], Ebi: L2[L7[], L0[]], Eib: L2[L7[], L7[]], Eii: L2[L7[], L7[]], put: L2[V2, V3] -> V0 -> V1 -> L2[V1, V2], tr: L7[]
[16:07:44.165290]	Exploring 0: L0[], 1: L0[], Ebi: L2[L7[], L0[]], Eib: L2[L7[], L7[]], Eii: L2[L7[], L7[]], put: L2[V2, V3] -> V0 -> V1 -> L2[V1, V3], tr: L7[]
[16:07:44.165497]	Exploring 0: L0[], 1: L0[], Ebi: L2[L7[], L0[]], Eib: L2[L7[], L7[]], Eii: L2[L7[], L7[]], put: L2[V2, V3] -> V0 -> V1 -> L2[V2, _9_], tr: L7[]
[16:07:44.165627]	Exploring 0: L0[], 1: L0[], Ebi: L2[L7[], L0[]], Eib: L2[L7[], L7[]], Eii: L2[L7[], L7[]], put: L2[V2, V3] -> V0 -> V1 -> L2[V2, L0[]], tr: L7[]
[16:07:44.165836]	Exploring 0: L0[], 1: L0[], Ebi: L2[L7[], L0[]], Eib: L2[L7[], L7[]], Eii: L2[L7[], L7[]], put: L2[V2, V3] -> V0 -> V1 -> L2[V2, L7[]], tr: L7[]
[16:07:44.166048]	Exploring 0: L0[], 1: L0[], Ebi: L2[L7[], L0[]], Eib: L2[L7[], L7[]], Eii: L2[L7[], L7[]], put: L2[V2, V3] -> V0 -> V1 -> L2[V2, V0], tr: L7[]
[16:07:44.166283]	Exploring 0: L0[], 1: L0[], Ebi: L2[L7[], L0[]], Eib: L2[L7[], L7[]], Eii: L2[L7[], L7[]], put: L2[V2, V3] -> V0 -> V1 -> L2[V2, V1], tr: L7[]
[16:07:44.166495]	Exploring 0: L0[], 1: L0[], Ebi: L2[L7[], L0[]], Eib: L2[L7[], L7[]], Eii: L2[L7[], L7[]], put: L2[V2, V3] -> V0 -> V1 -> L2[V2, V2], tr: L7[]
[16:07:44.166694]	Exploring 0: L0[], 1: L0[], Ebi: L2[L7[], L0[]], Eib: L2[L7[], L7[]], Eii: L2[L7[], L7[]], put: L2[V2, V3] -> V0 -> V1 -> L2[V2, V3], tr: L7[]
[16:07:44.166900]	Exploring 0: L0[], 1: L0[], Ebi: L2[L7[], L0[]], Eib: L2[L7[], L7[]], Eii: L2[L7[], L7[]], put: L2[V2, V3] -> V0 -> V1 -> L2[V3, _9_], tr: L7[]
[16:07:44.167015]	Exploring 0: L0[], 1: L0[], Ebi: L2[L7[], L0[]], Eib: L2[L7[], L7[]], Eii: L2[L7[], L7[]], put: L2[V2, V3] -> V0 -> V1 -> L2[V3, L0[]], tr: L7[]
[16:07:44.167225]	Exploring 0: L0[], 1: L0[], Ebi: L2[L7[], L0[]], Eib: L2[L7[], L7[]], Eii: L2[L7[], L7[]], put: L2[V2, V3] -> V0 -> V1 -> L2[V3, L7[]], tr: L7[]
[16:07:44.167454]	Exploring 0: L0[], 1: L0[], Ebi: L2[L7[], L0[]], Eib: L2[L7[], L7[]], Eii: L2[L7[], L7[]], put: L2[V2, V3] -> V0 -> V1 -> L2[V3, V0], tr: L7[]
[16:07:44.167678]	Exploring 0: L0[], 1: L0[], Ebi: L2[L7[], L0[]], Eib: L2[L7[], L7[]], Eii: L2[L7[], L7[]], put: L2[V2, V3] -> V0 -> V1 -> L2[V3, V1], tr: L7[]
[16:07:44.167890]	Exploring 0: L0[], 1: L0[], Ebi: L2[L7[], L0[]], Eib: L2[L7[], L7[]], Eii: L2[L7[], L7[]], put: L2[V2, V3] -> V0 -> V1 -> L2[V3, V2], tr: L7[]
[16:07:44.168095]	Exploring 0: L0[], 1: L0[], Ebi: L2[L7[], L0[]], Eib: L2[L7[], L7[]], Eii: L2[L7[], L7[]], put: L2[V2, V3] -> V0 -> V1 -> L2[V3, V3], tr: L7[]
[16:07:44.168262]	Exploring 0: L0[], 1: L0[], Ebi: L2[L7[], L7[]], Eib: L2[_2_, _3_], Eii: L2[_4_, _5_], put: L2[_6_, _7_] -> V0 -> V1 -> L2[_8_, _9_], tr: L7[]
[16:07:44.168324]	Exploring 0: L0[], 1: L0[], Ebi: L2[L7[], L7[]], Eib: L2[L0[], _3_], Eii: L2[_4_, _5_], put: L2[_6_, _7_] -> V0 -> V1 -> L2[_8_, _9_], tr: L7[]
[16:07:44.168382]	Exploring 0: L0[], 1: L0[], Ebi: L2[L7[], L7[]], Eib: L2[L0[], L0[]], Eii: L2[_4_, _5_], put: L2[_6_, _7_] -> V0 -> V1 -> L2[_8_, _9_], tr: L7[]
[16:07:44.168441]	Exploring 0: L0[], 1: L0[], Ebi: L2[L7[], L7[]], Eib: L2[L0[], L0[]], Eii: L2[L0[], _5_], put: L2[_6_, _7_] -> V0 -> V1 -> L2[_8_, _9_], tr: L7[]
[16:07:44.168498]	Exploring 0: L0[], 1: L0[], Ebi: L2[L7[], L7[]], Eib: L2[L0[], L0[]], Eii: L2[L0[], L0[]], put: L2[_6_, _7_] -> V0 -> V1 -> L2[_8_, _9_], tr: L7[]
[16:07:44.168579]	Exploring 0: L0[], 1: L0[], Ebi: L2[L7[], L7[]], Eib: L2[L0[], L0[]], Eii: L2[L0[], L0[]], put: L2[V0, _7_] -> V0 -> V1 -> L2[_8_, _9_], tr: L7[]
[16:07:44.168656]	Exploring 0: L0[], 1: L0[], Ebi: L2[L7[], L7[]], Eib: L2[L0[], L0[]], Eii: L2[L0[], L0[]], put: L2[V0, V0] -> V0 -> V1 -> L2[_8_, _9_], tr: L7[]
[16:07:44.168741]	Exploring 0: L0[], 1: L0[], Ebi: L2[L7[], L7[]], Eib: L2[L0[], L0[]], Eii: L2[L0[], L0[]], put: L2[V0, V0] -> V0 -> V1 -> L2[V0, _9_], tr: L7[]
[16:07:44.168828]	Exploring 0: L0[], 1: L0[], Ebi: L2[L7[], L7[]], Eib: L2[L0[], L0[]], Eii: L2[L0[], L0[]], put: L2[V0, V0] -> V0 -> V1 -> L2[V0, V0], tr: L7[]
[16:07:44.169015]	Exploring 0: L0[], 1: L0[], Ebi: L2[L7[], L7[]], Eib: L2[L0[], L0[]], Eii: L2[L0[], L0[]], put: L2[V0, V2] -> V0 -> V1 -> L2[_8_, _9_], tr: L7[]
[16:07:44.169113]	Exploring 0: L0[], 1: L0[], Ebi: L2[L7[], L7[]], Eib: L2[L0[], L0[]], Eii: L2[L0[], L0[]], put: L2[V0, V2] -> V0 -> V1 -> L2[V0, _9_], tr: L7[]
[16:07:44.169214]	Exploring 0: L0[], 1: L0[], Ebi: L2[L7[], L7[]], Eib: L2[L0[], L0[]], Eii: L2[L0[], L0[]], put: L2[V0, V2] -> V0 -> V1 -> L2[V0, L0[]], tr: L7[]
[16:07:44.169403]	Exploring 0: L0[], 1: L0[], Ebi: L2[L7[], L7[]], Eib: L2[L0[], L0[]], Eii: L2[L0[], L0[]], put: L2[V0, V2] -> V0 -> V1 -> L2[V0, L7[]], tr: L7[]
[16:07:44.169590]	Exploring 0: L0[], 1: L0[], Ebi: L2[L7[], L7[]], Eib: L2[L0[], L0[]], Eii: L2[L0[], L0[]], put: L2[V0, V2] -> V0 -> V1 -> L2[V0, V0], tr: L7[]
[16:07:44.169782]	Exploring 0: L0[], 1: L0[], Ebi: L2[L7[], L7[]], Eib: L2[L0[], L0[]], Eii: L2[L0[], L0[]], put: L2[V0, V2] -> V0 -> V1 -> L2[V0, V1], tr: L7[]
[16:07:44.170009]	Exploring 0: L0[], 1: L0[], Ebi: L2[L7[], L7[]], Eib: L2[L0[], L0[]], Eii: L2[L0[], L0[]], put: L2[V0, V2] -> V0 -> V1 -> L2[V0, V2], tr: L7[]
[16:07:44.170224]	Exploring 0: L0[], 1: L0[], Ebi: L2[L7[], L7[]], Eib: L2[L0[], L0[]], Eii: L2[L0[], L0[]], put: L2[V0, V2] -> V0 -> V1 -> L2[V2, _9_], tr: L7[]
[16:07:44.170334]	Exploring 0: L0[], 1: L0[], Ebi: L2[L7[], L7[]], Eib: L2[L0[], L0[]], Eii: L2[L0[], L0[]], put: L2[V0, V2] -> V0 -> V1 -> L2[V2, L0[]], tr: L7[]
[16:07:44.170546]	Exploring 0: L0[], 1: L0[], Ebi: L2[L7[], L7[]], Eib: L2[L0[], L0[]], Eii: L2[L0[], L0[]], put: L2[V0, V2] -> V0 -> V1 -> L2[V2, L7[]], tr: L7[]
[16:07:44.170752]	Exploring 0: L0[], 1: L0[], Ebi: L2[L7[], L7[]], Eib: L2[L0[], L0[]], Eii: L2[L0[], L0[]], put: L2[V0, V2] -> V0 -> V1 -> L2[V2, V0], tr: L7[]
[16:07:44.170964]	Exploring 0: L0[], 1: L0[], Ebi: L2[L7[], L7[]], Eib: L2[L0[], L0[]], Eii: L2[L0[], L0[]], put: L2[V0, V2] -> V0 -> V1 -> L2[V2, V1], tr: L7[]
[16:07:44.171175]	Exploring 0: L0[], 1: L0[], Ebi: L2[L7[], L7[]], Eib: L2[L0[], L0[]], Eii: L2[L0[], L0[]], put: L2[V0, V2] -> V0 -> V1 -> L2[V2, V2], tr: L7[]
[16:07:44.171363]	Exploring 0: L0[], 1: L0[], Ebi: L2[L7[], L7[]], Eib: L2[L0[], L0[]], Eii: L2[L0[], L0[]], put: L2[V2, _7_] -> V0 -> V1 -> L2[_8_, _9_], tr: L7[]
[16:07:44.171497]	Exploring 0: L0[], 1: L0[], Ebi: L2[L7[], L7[]], Eib: L2[L0[], L0[]], Eii: L2[L0[], L0[]], put: L2[V2, V0] -> V0 -> V1 -> L2[_8_, _9_], tr: L7[]
[16:07:44.171600]	Exploring 0: L0[], 1: L0[], Ebi: L2[L7[], L7[]], Eib: L2[L0[], L0[]], Eii: L2[L0[], L0[]], put: L2[V2, V0] -> V0 -> V1 -> L2[L0[], _9_], tr: L7[]
[16:07:44.171709]	Exploring 0: L0[], 1: L0[], Ebi: L2[L7[], L7[]], Eib: L2[L0[], L0[]], Eii: L2[L0[], L0[]], put: L2[V2, V0] -> V0 -> V1 -> L2[L0[], V0], tr: L7[]
[16:07:44.171944]	Exploring 0: L0[], 1: L0[], Ebi: L2[L7[], L7[]], Eib: L2[L0[], L0[]], Eii: L2[L0[], L0[]], put: L2[V2, V0] -> V0 -> V1 -> L2[L0[], V2], tr: L7[]
[16:07:44.172141]	Exploring 0: L0[], 1: L0[], Ebi: L2[L7[], L7[]], Eib: L2[L0[], L0[]], Eii: L2[L0[], L0[]], put: L2[V2, V0] -> V0 -> V1 -> L2[L7[], _9_], tr: L7[]
[16:07:44.172252]	Exploring 0: L0[], 1: L0[], Ebi: L2[L7[], L7[]], Eib: L2[L0[], L0[]], Eii: L2[L0[], L0[]], put: L2[V2, V0] -> V0 -> V1 -> L2[L7[], V0], tr: L7[]
[16:07:44.172463]	Exploring 0: L0[], 1: L0[], Ebi: L2[L7[], L7[]], Eib: L2[L0[], L0[]], Eii: L2[L0[], L0[]], put: L2[V2, V0] -> V0 -> V1 -> L2[L7[], V2], tr: L7[]
[16:07:44.175978]	Exploring 0: L0[], 1: L0[], Ebi: L2[L7[], L7[]], Eib: L2[L0[], L0[]], Eii: L2[L0[], L0[]], put: L2[V2, V0] -> V0 -> V1 -> L2[V0, _9_], tr: L7[]
[16:07:44.176130]	Exploring 0: L0[], 1: L0[], Ebi: L2[L7[], L7[]], Eib: L2[L0[], L0[]], Eii: L2[L0[], L0[]], put: L2[V2, V0] -> V0 -> V1 -> L2[V0, V0], tr: L7[]
[16:07:44.176347]	Exploring 0: L0[], 1: L0[], Ebi: L2[L7[], L7[]], Eib: L2[L0[], L0[]], Eii: L2[L0[], L0[]], put: L2[V2, V0] -> V0 -> V1 -> L2[V0, V2], tr: L7[]
[16:07:44.176547]	Exploring 0: L0[], 1: L0[], Ebi: L2[L7[], L7[]], Eib: L2[L0[], L0[]], Eii: L2[L0[], L0[]], put: L2[V2, V0] -> V0 -> V1 -> L2[V1, _9_], tr: L7[]
[16:07:44.176660]	Exploring 0: L0[], 1: L0[], Ebi: L2[L7[], L7[]], Eib: L2[L0[], L0[]], Eii: L2[L0[], L0[]], put: L2[V2, V0] -> V0 -> V1 -> L2[V1, V0], tr: L7[]
[16:07:44.176878]	Exploring 0: L0[], 1: L0[], Ebi: L2[L7[], L7[]], Eib: L2[L0[], L0[]], Eii: L2[L0[], L0[]], put: L2[V2, V0] -> V0 -> V1 -> L2[V1, V2], tr: L7[]
[16:07:44.177075]	Exploring 0: L0[], 1: L0[], Ebi: L2[L7[], L7[]], Eib: L2[L0[], L0[]], Eii: L2[L0[], L0[]], put: L2[V2, V0] -> V0 -> V1 -> L2[V2, _9_], tr: L7[]
[16:07:44.177183]	Exploring 0: L0[], 1: L0[], Ebi: L2[L7[], L7[]], Eib: L2[L0[], L0[]], Eii: L2[L0[], L0[]], put: L2[V2, V0] -> V0 -> V1 -> L2[V2, V0], tr: L7[]
[16:07:44.177386]	Exploring 0: L0[], 1: L0[], Ebi: L2[L7[], L7[]], Eib: L2[L0[], L0[]], Eii: L2[L0[], L0[]], put: L2[V2, V0] -> V0 -> V1 -> L2[V2, V2], tr: L7[]
[16:07:44.177595]	Exploring 0: L0[], 1: L0[], Ebi: L2[L7[], L7[]], Eib: L2[L0[], L0[]], Eii: L2[L0[], L0[]], put: L2[V2, V2] -> V0 -> V1 -> L2[_8_, _9_], tr: L7[]
[16:07:44.177717]	Exploring 0: L0[], 1: L0[], Ebi: L2[L7[], L7[]], Eib: L2[L0[], L0[]], Eii: L2[L0[], L0[]], put: L2[V2, V2] -> V0 -> V1 -> L2[L0[], _9_], tr: L7[]
[16:07:44.177844]	Exploring 0: L0[], 1: L0[], Ebi: L2[L7[], L7[]], Eib: L2[L0[], L0[]], Eii: L2[L0[], L0[]], put: L2[V2, V2] -> V0 -> V1 -> L2[L0[], L0[]], tr: L7[]
[16:07:44.178068]	Exploring 0: L0[], 1: L0[], Ebi: L2[L7[], L7[]], Eib: L2[L0[], L0[]], Eii: L2[L0[], L0[]], put: L2[V2, V2] -> V0 -> V1 -> L2[L7[], _9_], tr: L7[]
[16:07:44.178162]	Exploring 0: L0[], 1: L0[], Ebi: L2[L7[], L7[]], Eib: L2[L0[], L0[]], Eii: L2[L0[], L0[]], put: L2[V2, V2] -> V0 -> V1 -> L2[L7[], L7[]], tr: L7[]
[16:07:44.178378]	Exploring 0: L0[], 1: L0[], Ebi: L2[L7[], L7[]], Eib: L2[L0[], L0[]], Eii: L2[L0[], L0[]], put: L2[V2, V2] -> V0 -> V1 -> L2[V0, _9_], tr: L7[]
[16:07:44.178477]	Exploring 0: L0[], 1: L0[], Ebi: L2[L7[], L7[]], Eib: L2[L0[], L0[]], Eii: L2[L0[], L0[]], put: L2[V2, V2] -> V0 -> V1 -> L2[V0, V0], tr: L7[]
[16:07:44.178662]	Exploring 0: L0[], 1: L0[], Ebi: L2[L7[], L7[]], Eib: L2[L0[], L0[]], Eii: L2[L0[], L0[]], put: L2[V2, V2] -> V0 -> V1 -> L2[V0, V2], tr: L7[]
[16:07:44.178838]	Exploring 0: L0[], 1: L0[], Ebi: L2[L7[], L7[]], Eib: L2[L0[], L0[]], Eii: L2[L0[], L0[]], put: L2[V2, V2] -> V0 -> V1 -> L2[V1, _9_], tr: L7[]
[16:07:44.178945]	Exploring 0: L0[], 1: L0[], Ebi: L2[L7[], L7[]], Eib: L2[L0[], L0[]], Eii: L2[L0[], L0[]], put: L2[V2, V2] -> V0 -> V1 -> L2[V1, V1], tr: L7[]
[16:07:44.179134]	Exploring 0: L0[], 1: L0[], Ebi: L2[L7[], L7[]], Eib: L2[L0[], L0[]], Eii: L2[L0[], L0[]], put: L2[V2, V2] -> V0 -> V1 -> L2[V2, _9_], tr: L7[]
[16:07:44.179235]	Exploring 0: L0[], 1: L0[], Ebi: L2[L7[], L7[]], Eib: L2[L0[], L0[]], Eii: L2[L0[], L0[]], put: L2[V2, V2] -> V0 -> V1 -> L2[V2, V0], tr: L7[]
[16:07:44.179462]	Exploring 0: L0[], 1: L0[], Ebi: L2[L7[], L7[]], Eib: L2[L0[], L0[]], Eii: L2[L0[], L0[]], put: L2[V2, V2] -> V0 -> V1 -> L2[V2, V2], tr: L7[]
[16:07:44.179638]	Exploring 0: L0[], 1: L0[], Ebi: L2[L7[], L7[]], Eib: L2[L0[], L0[]], Eii: L2[L0[], L0[]], put: L2[V2, V3] -> V0 -> V1 -> L2[_8_, _9_], tr: L7[]
[16:07:44.179746]	Exploring 0: L0[], 1: L0[], Ebi: L2[L7[], L7[]], Eib: L2[L0[], L0[]], Eii: L2[L0[], L0[]], put: L2[V2, V3] -> V0 -> V1 -> L2[L0[], _9_], tr: L7[]
[16:07:44.179872]	Exploring 0: L0[], 1: L0[], Ebi: L2[L7[], L7[]], Eib: L2[L0[], L0[]], Eii: L2[L0[], L0[]], put: L2[V2, V3] -> V0 -> V1 -> L2[L0[], L0[]], tr: L7[]
[16:07:44.180063]	Exploring 0: L0[], 1: L0[], Ebi: L2[L7[], L7[]], Eib: L2[L0[], L0[]], Eii: L2[L0[], L0[]], put: L2[V2, V3] -> V0 -> V1 -> L2[L0[], L7[]], tr: L7[]
[16:07:44.180270]	Exploring 0: L0[], 1: L0[], Ebi: L2[L7[], L7[]], Eib: L2[L0[], L0[]], Eii: L2[L0[], L0[]], put: L2[V2, V3] -> V0 -> V1 -> L2[L0[], V0], tr: L7[]
[16:07:44.180498]	Exploring 0: L0[], 1: L0[], Ebi: L2[L7[], L7[]], Eib: L2[L0[], L0[]], Eii: L2[L0[], L0[]], put: L2[V2, V3] -> V0 -> V1 -> L2[L0[], V1], tr: L7[]
[16:07:44.180717]	Exploring 0: L0[], 1: L0[], Ebi: L2[L7[], L7[]], Eib: L2[L0[], L0[]], Eii: L2[L0[], L0[]], put: L2[V2, V3] -> V0 -> V1 -> L2[L0[], V2], tr: L7[]
[16:07:44.180924]	Exploring 0: L0[], 1: L0[], Ebi: L2[L7[], L7[]], Eib: L2[L0[], L0[]], Eii: L2[L0[], L0[]], put: L2[V2, V3] -> V0 -> V1 -> L2[L0[], V3], tr: L7[]
[16:07:44.181123]	Exploring 0: L0[], 1: L0[], Ebi: L2[L7[], L7[]], Eib: L2[L0[], L0[]], Eii: L2[L0[], L0[]], put: L2[V2, V3] -> V0 -> V1 -> L2[L7[], _9_], tr: L7[]
[16:07:44.181227]	Exploring 0: L0[], 1: L0[], Ebi: L2[L7[], L7[]], Eib: L2[L0[], L0[]], Eii: L2[L0[], L0[]], put: L2[V2, V3] -> V0 -> V1 -> L2[L7[], L0[]], tr: L7[]
[16:07:44.181418]	Exploring 0: L0[], 1: L0[], Ebi: L2[L7[], L7[]], Eib: L2[L0[], L0[]], Eii: L2[L0[], L0[]], put: L2[V2, V3] -> V0 -> V1 -> L2[L7[], L7[]], tr: L7[]
[16:07:44.181623]	Exploring 0: L0[], 1: L0[], Ebi: L2[L7[], L7[]], Eib: L2[L0[], L0[]], Eii: L2[L0[], L0[]], put: L2[V2, V3] -> V0 -> V1 -> L2[L7[], V0], tr: L7[]
[16:07:44.181853]	Exploring 0: L0[], 1: L0[], Ebi: L2[L7[], L7[]], Eib: L2[L0[], L0[]], Eii: L2[L0[], L0[]], put: L2[V2, V3] -> V0 -> V1 -> L2[L7[], V1], tr: L7[]
[16:07:44.182071]	Exploring 0: L0[], 1: L0[], Ebi: L2[L7[], L7[]], Eib: L2[L0[], L0[]], Eii: L2[L0[], L0[]], put: L2[V2, V3] -> V0 -> V1 -> L2[L7[], V2], tr: L7[]
[16:07:44.182288]	Exploring 0: L0[], 1: L0[], Ebi: L2[L7[], L7[]], Eib: L2[L0[], L0[]], Eii: L2[L0[], L0[]], put: L2[V2, V3] -> V0 -> V1 -> L2[L7[], V3], tr: L7[]
[16:07:44.182503]	Exploring 0: L0[], 1: L0[], Ebi: L2[L7[], L7[]], Eib: L2[L0[], L0[]], Eii: L2[L0[], L0[]], put: L2[V2, V3] -> V0 -> V1 -> L2[V0, _9_], tr: L7[]
[16:07:44.182700]	Exploring 0: L0[], 1: L0[], Ebi: L2[L7[], L7[]], Eib: L2[L0[], L0[]], Eii: L2[L0[], L0[]], put: L2[V2, V3] -> V0 -> V1 -> L2[V0, L0[]], tr: L7[]
[16:07:44.183089]	Exploring 0: L0[], 1: L0[], Ebi: L2[L7[], L7[]], Eib: L2[L0[], L0[]], Eii: L2[L0[], L0[]], put: L2[V2, V3] -> V0 -> V1 -> L2[V0, L7[]], tr: L7[]
[16:07:44.183486]	Exploring 0: L0[], 1: L0[], Ebi: L2[L7[], L7[]], Eib: L2[L0[], L0[]], Eii: L2[L0[], L0[]], put: L2[V2, V3] -> V0 -> V1 -> L2[V0, V0], tr: L7[]
[16:07:44.183872]	Exploring 0: L0[], 1: L0[], Ebi: L2[L7[], L7[]], Eib: L2[L0[], L0[]], Eii: L2[L0[], L0[]], put: L2[V2, V3] -> V0 -> V1 -> L2[V0, V1], tr: L7[]
[16:07:44.184132]	Exploring 0: L0[], 1: L0[], Ebi: L2[L7[], L7[]], Eib: L2[L0[], L0[]], Eii: L2[L0[], L0[]], put: L2[V2, V3] -> V0 -> V1 -> L2[V0, V2], tr: L7[]
[16:07:44.184361]	Exploring 0: L0[], 1: L0[], Ebi: L2[L7[], L7[]], Eib: L2[L0[], L0[]], Eii: L2[L0[], L0[]], put: L2[V2, V3] -> V0 -> V1 -> L2[V0, V3], tr: L7[]
[16:07:44.184579]	Exploring 0: L0[], 1: L0[], Ebi: L2[L7[], L7[]], Eib: L2[L0[], L0[]], Eii: L2[L0[], L0[]], put: L2[V2, V3] -> V0 -> V1 -> L2[V1, _9_], tr: L7[]
[16:07:44.184747]	Exploring 0: L0[], 1: L0[], Ebi: L2[L7[], L7[]], Eib: L2[L0[], L0[]], Eii: L2[L0[], L0[]], put: L2[V2, V3] -> V0 -> V1 -> L2[V1, L0[]], tr: L7[]
[16:07:44.184977]	Exploring 0: L0[], 1: L0[], Ebi: L2[L7[], L7[]], Eib: L2[L0[], L0[]], Eii: L2[L0[], L0[]], put: L2[V2, V3] -> V0 -> V1 -> L2[V1, L7[]], tr: L7[]
[16:07:44.185204]	Exploring 0: L0[], 1: L0[], Ebi: L2[L7[], L7[]], Eib: L2[L0[], L0[]], Eii: L2[L0[], L0[]], put: L2[V2, V3] -> V0 -> V1 -> L2[V1, V0], tr: L7[]
[16:07:44.185426]	Exploring 0: L0[], 1: L0[], Ebi: L2[L7[], L7[]], Eib: L2[L0[], L0[]], Eii: L2[L0[], L0[]], put: L2[V2, V3] -> V0 -> V1 -> L2[V1, V1], tr: L7[]
[16:07:44.185646]	Exploring 0: L0[], 1: L0[], Ebi: L2[L7[], L7[]], Eib: L2[L0[], L0[]], Eii: L2[L0[], L0[]], put: L2[V2, V3] -> V0 -> V1 -> L2[V1, V2], tr: L7[]
[16:07:44.185869]	Exploring 0: L0[], 1: L0[], Ebi: L2[L7[], L7[]], Eib: L2[L0[], L0[]], Eii: L2[L0[], L0[]], put: L2[V2, V3] -> V0 -> V1 -> L2[V1, V3], tr: L7[]
[16:07:44.186073]	Exploring 0: L0[], 1: L0[], Ebi: L2[L7[], L7[]], Eib: L2[L0[], L0[]], Eii: L2[L0[], L0[]], put: L2[V2, V3] -> V0 -> V1 -> L2[V2, _9_], tr: L7[]
[16:07:44.186185]	Exploring 0: L0[], 1: L0[], Ebi: L2[L7[], L7[]], Eib: L2[L0[], L0[]], Eii: L2[L0[], L0[]], put: L2[V2, V3] -> V0 -> V1 -> L2[V2, L0[]], tr: L7[]
[16:07:44.186390]	Exploring 0: L0[], 1: L0[], Ebi: L2[L7[], L7[]], Eib: L2[L0[], L0[]], Eii: L2[L0[], L0[]], put: L2[V2, V3] -> V0 -> V1 -> L2[V2, L7[]], tr: L7[]
[16:07:44.186596]	Exploring 0: L0[], 1: L0[], Ebi: L2[L7[], L7[]], Eib: L2[L0[], L0[]], Eii: L2[L0[], L0[]], put: L2[V2, V3] -> V0 -> V1 -> L2[V2, V0], tr: L7[]
[16:07:44.186812]	Exploring 0: L0[], 1: L0[], Ebi: L2[L7[], L7[]], Eib: L2[L0[], L0[]], Eii: L2[L0[], L0[]], put: L2[V2, V3] -> V0 -> V1 -> L2[V2, V1], tr: L7[]
[16:07:44.187015]	Exploring 0: L0[], 1: L0[], Ebi: L2[L7[], L7[]], Eib: L2[L0[], L0[]], Eii: L2[L0[], L0[]], put: L2[V2, V3] -> V0 -> V1 -> L2[V2, V2], tr: L7[]
[16:07:44.187206]	Exploring 0: L0[], 1: L0[], Ebi: L2[L7[], L7[]], Eib: L2[L0[], L0[]], Eii: L2[L0[], L0[]], put: L2[V2, V3] -> V0 -> V1 -> L2[V2, V3], tr: L7[]
[16:07:44.187417]	Exploring 0: L0[], 1: L0[], Ebi: L2[L7[], L7[]], Eib: L2[L0[], L0[]], Eii: L2[L0[], L0[]], put: L2[V2, V3] -> V0 -> V1 -> L2[V3, _9_], tr: L7[]
[16:07:44.187593]	Exploring 0: L0[], 1: L0[], Ebi: L2[L7[], L7[]], Eib: L2[L0[], L0[]], Eii: L2[L0[], L0[]], put: L2[V2, V3] -> V0 -> V1 -> L2[V3, L0[]], tr: L7[]
[16:07:44.187940]	Exploring 0: L0[], 1: L0[], Ebi: L2[L7[], L7[]], Eib: L2[L0[], L0[]], Eii: L2[L0[], L0[]], put: L2[V2, V3] -> V0 -> V1 -> L2[V3, L7[]], tr: L7[]
[16:07:44.188266]	Exploring 0: L0[], 1: L0[], Ebi: L2[L7[], L7[]], Eib: L2[L0[], L0[]], Eii: L2[L0[], L0[]], put: L2[V2, V3] -> V0 -> V1 -> L2[V3, V0], tr: L7[]
[16:07:44.188496]	Exploring 0: L0[], 1: L0[], Ebi: L2[L7[], L7[]], Eib: L2[L0[], L0[]], Eii: L2[L0[], L0[]], put: L2[V2, V3] -> V0 -> V1 -> L2[V3, V1], tr: L7[]
[16:07:44.188707]	Exploring 0: L0[], 1: L0[], Ebi: L2[L7[], L7[]], Eib: L2[L0[], L0[]], Eii: L2[L0[], L0[]], put: L2[V2, V3] -> V0 -> V1 -> L2[V3, V2], tr: L7[]
[16:07:44.188903]	Exploring 0: L0[], 1: L0[], Ebi: L2[L7[], L7[]], Eib: L2[L0[], L0[]], Eii: L2[L0[], L0[]], put: L2[V2, V3] -> V0 -> V1 -> L2[V3, V3], tr: L7[]
[16:07:44.189063]	Exploring 0: L0[], 1: L0[], Ebi: L2[L7[], L7[]], Eib: L2[L0[], L0[]], Eii: L2[L0[], L7[]], put: L2[_6_, _7_] -> V0 -> V1 -> L2[_8_, _9_], tr: L7[]
[16:07:44.189177]	Exploring 0: L0[], 1: L0[], Ebi: L2[L7[], L7[]], Eib: L2[L0[], L0[]], Eii: L2[L0[], L7[]], put: L2[V0, _7_] -> V0 -> V1 -> L2[_8_, _9_], tr: L7[]
[16:07:44.189311]	Exploring 0: L0[], 1: L0[], Ebi: L2[L7[], L7[]], Eib: L2[L0[], L0[]], Eii: L2[L0[], L7[]], put: L2[V0, V2] -> V0 -> V1 -> L2[_8_, _9_], tr: L7[]
[16:07:44.189407]	Exploring 0: L0[], 1: L0[], Ebi: L2[L7[], L7[]], Eib: L2[L0[], L0[]], Eii: L2[L0[], L7[]], put: L2[V0, V2] -> V0 -> V1 -> L2[V0, _9_], tr: L7[]
[16:07:44.189509]	Exploring 0: L0[], 1: L0[], Ebi: L2[L7[], L7[]], Eib: L2[L0[], L0[]], Eii: L2[L0[], L7[]], put: L2[V0, V2] -> V0 -> V1 -> L2[V0, L0[]], tr: L7[]
[16:07:44.189694]	Exploring 0: L0[], 1: L0[], Ebi: L2[L7[], L7[]], Eib: L2[L0[], L0[]], Eii: L2[L0[], L7[]], put: L2[V0, V2] -> V0 -> V1 -> L2[V0, L7[]], tr: L7[]
[16:07:44.189891]	Exploring 0: L0[], 1: L0[], Ebi: L2[L7[], L7[]], Eib: L2[L0[], L0[]], Eii: L2[L0[], L7[]], put: L2[V0, V2] -> V0 -> V1 -> L2[V0, V0], tr: L7[]
[16:07:44.190079]	Exploring 0: L0[], 1: L0[], Ebi: L2[L7[], L7[]], Eib: L2[L0[], L0[]], Eii: L2[L0[], L7[]], put: L2[V0, V2] -> V0 -> V1 -> L2[V0, V1], tr: L7[]
[16:07:44.190274]	Exploring 0: L0[], 1: L0[], Ebi: L2[L7[], L7[]], Eib: L2[L0[], L0[]], Eii: L2[L0[], L7[]], put: L2[V0, V2] -> V0 -> V1 -> L2[V0, V2], tr: L7[]
[16:07:44.190521]	Exploring 0: L0[], 1: L0[], Ebi: L2[L7[], L7[]], Eib: L2[L0[], L0[]], Eii: L2[L0[], L7[]], put: L2[V2, _7_] -> V0 -> V1 -> L2[_8_, _9_], tr: L7[]
[16:07:44.190690]	Exploring 0: L0[], 1: L0[], Ebi: L2[L7[], L7[]], Eib: L2[L0[], L0[]], Eii: L2[L0[], L7[]], put: L2[V2, V3] -> V0 -> V1 -> L2[_8_, _9_], tr: L7[]
[16:07:44.190788]	Exploring 0: L0[], 1: L0[], Ebi: L2[L7[], L7[]], Eib: L2[L0[], L0[]], Eii: L2[L0[], L7[]], put: L2[V2, V3] -> V0 -> V1 -> L2[L0[], _9_], tr: L7[]
[16:07:44.190889]	Exploring 0: L0[], 1: L0[], Ebi: L2[L7[], L7[]], Eib: L2[L0[], L0[]], Eii: L2[L0[], L7[]], put: L2[V2, V3] -> V0 -> V1 -> L2[L0[], L0[]], tr: L7[]
[16:07:44.191071]	Exploring 0: L0[], 1: L0[], Ebi: L2[L7[], L7[]], Eib: L2[L0[], L0[]], Eii: L2[L0[], L7[]], put: L2[V2, V3] -> V0 -> V1 -> L2[L0[], L7[]], tr: L7[]
[16:07:44.191274]	Exploring 0: L0[], 1: L0[], Ebi: L2[L7[], L7[]], Eib: L2[L0[], L0[]], Eii: L2[L0[], L7[]], put: L2[V2, V3] -> V0 -> V1 -> L2[L0[], V0], tr: L7[]
[16:07:44.191507]	Exploring 0: L0[], 1: L0[], Ebi: L2[L7[], L7[]], Eib: L2[L0[], L0[]], Eii: L2[L0[], L7[]], put: L2[V2, V3] -> V0 -> V1 -> L2[L0[], V1], tr: L7[]
[16:07:44.191720]	Exploring 0: L0[], 1: L0[], Ebi: L2[L7[], L7[]], Eib: L2[L0[], L0[]], Eii: L2[L0[], L7[]], put: L2[V2, V3] -> V0 -> V1 -> L2[L0[], V2], tr: L7[]
[16:07:44.191919]	Exploring 0: L0[], 1: L0[], Ebi: L2[L7[], L7[]], Eib: L2[L0[], L0[]], Eii: L2[L0[], L7[]], put: L2[V2, V3] -> V0 -> V1 -> L2[L0[], V3], tr: L7[]
[16:07:44.192115]	Exploring 0: L0[], 1: L0[], Ebi: L2[L7[], L7[]], Eib: L2[L0[], L0[]], Eii: L2[L0[], L7[]], put: L2[V2, V3] -> V0 -> V1 -> L2[L7[], _9_], tr: L7[]
[16:07:44.192216]	Exploring 0: L0[], 1: L0[], Ebi: L2[L7[], L7[]], Eib: L2[L0[], L0[]], Eii: L2[L0[], L7[]], put: L2[V2, V3] -> V0 -> V1 -> L2[L7[], L0[]], tr: L7[]
[16:07:44.192397]	Exploring 0: L0[], 1: L0[], Ebi: L2[L7[], L7[]], Eib: L2[L0[], L0[]], Eii: L2[L0[], L7[]], put: L2[V2, V3] -> V0 -> V1 -> L2[L7[], L7[]], tr: L7[]
[16:07:44.192605]	Exploring 0: L0[], 1: L0[], Ebi: L2[L7[], L7[]], Eib: L2[L0[], L0[]], Eii: L2[L0[], L7[]], put: L2[V2, V3] -> V0 -> V1 -> L2[L7[], V0], tr: L7[]
[16:07:44.192830]	Exploring 0: L0[], 1: L0[], Ebi: L2[L7[], L7[]], Eib: L2[L0[], L0[]], Eii: L2[L0[], L7[]], put: L2[V2, V3] -> V0 -> V1 -> L2[L7[], V1], tr: L7[]
[16:07:44.193040]	Exploring 0: L0[], 1: L0[], Ebi: L2[L7[], L7[]], Eib: L2[L0[], L0[]], Eii: L2[L0[], L7[]], put: L2[V2, V3] -> V0 -> V1 -> L2[L7[], V2], tr: L7[]
[16:07:44.193238]	Exploring 0: L0[], 1: L0[], Ebi: L2[L7[], L7[]], Eib: L2[L0[], L0[]], Eii: L2[L0[], L7[]], put: L2[V2, V3] -> V0 -> V1 -> L2[L7[], V3], tr: L7[]
[16:07:44.193451]	Exploring 0: L0[], 1: L0[], Ebi: L2[L7[], L7[]], Eib: L2[L0[], L0[]], Eii: L2[L0[], L7[]], put: L2[V2, V3] -> V0 -> V1 -> L2[V0, _9_], tr: L7[]
[16:07:44.193570]	Exploring 0: L0[], 1: L0[], Ebi: L2[L7[], L7[]], Eib: L2[L0[], L0[]], Eii: L2[L0[], L7[]], put: L2[V2, V3] -> V0 -> V1 -> L2[V0, L0[]], tr: L7[]
[16:07:44.193789]	Exploring 0: L0[], 1: L0[], Ebi: L2[L7[], L7[]], Eib: L2[L0[], L0[]], Eii: L2[L0[], L7[]], put: L2[V2, V3] -> V0 -> V1 -> L2[V0, L7[]], tr: L7[]
[16:07:44.194046]	Exploring 0: L0[], 1: L0[], Ebi: L2[L7[], L7[]], Eib: L2[L0[], L0[]], Eii: L2[L0[], L7[]], put: L2[V2, V3] -> V0 -> V1 -> L2[V0, V0], tr: L7[]
[16:07:44.194283]	Exploring 0: L0[], 1: L0[], Ebi: L2[L7[], L7[]], Eib: L2[L0[], L0[]], Eii: L2[L0[], L7[]], put: L2[V2, V3] -> V0 -> V1 -> L2[V0, V1], tr: L7[]
[16:07:44.194529]	Exploring 0: L0[], 1: L0[], Ebi: L2[L7[], L7[]], Eib: L2[L0[], L0[]], Eii: L2[L0[], L7[]], put: L2[V2, V3] -> V0 -> V1 -> L2[V0, V2], tr: L7[]
[16:07:44.194749]	Exploring 0: L0[], 1: L0[], Ebi: L2[L7[], L7[]], Eib: L2[L0[], L0[]], Eii: L2[L0[], L7[]], put: L2[V2, V3] -> V0 -> V1 -> L2[V0, V3], tr: L7[]
[16:07:44.194962]	Exploring 0: L0[], 1: L0[], Ebi: L2[L7[], L7[]], Eib: L2[L0[], L0[]], Eii: L2[L0[], L7[]], put: L2[V2, V3] -> V0 -> V1 -> L2[V1, _9_], tr: L7[]
[16:07:44.195096]	Exploring 0: L0[], 1: L0[], Ebi: L2[L7[], L7[]], Eib: L2[L0[], L0[]], Eii: L2[L0[], L7[]], put: L2[V2, V3] -> V0 -> V1 -> L2[V1, L0[]], tr: L7[]
[16:07:44.195328]	Exploring 0: L0[], 1: L0[], Ebi: L2[L7[], L7[]], Eib: L2[L0[], L0[]], Eii: L2[L0[], L7[]], put: L2[V2, V3] -> V0 -> V1 -> L2[V1, L7[]], tr: L7[]
[16:07:44.195584]	Exploring 0: L0[], 1: L0[], Ebi: L2[L7[], L7[]], Eib: L2[L0[], L0[]], Eii: L2[L0[], L7[]], put: L2[V2, V3] -> V0 -> V1 -> L2[V1, V0], tr: L7[]
[16:07:44.195807]	Exploring 0: L0[], 1: L0[], Ebi: L2[L7[], L7[]], Eib: L2[L0[], L0[]], Eii: L2[L0[], L7[]], put: L2[V2, V3] -> V0 -> V1 -> L2[V1, V1], tr: L7[]
[16:07:44.196051]	Exploring 0: L0[], 1: L0[], Ebi: L2[L7[], L7[]], Eib: L2[L0[], L0[]], Eii: L2[L0[], L7[]], put: L2[V2, V3] -> V0 -> V1 -> L2[V1, V2], tr: L7[]
[16:07:44.196271]	Exploring 0: L0[], 1: L0[], Ebi: L2[L7[], L7[]], Eib: L2[L0[], L0[]], Eii: L2[L0[], L7[]], put: L2[V2, V3] -> V0 -> V1 -> L2[V1, V3], tr: L7[]
[16:07:44.196471]	Exploring 0: L0[], 1: L0[], Ebi: L2[L7[], L7[]], Eib: L2[L0[], L0[]], Eii: L2[L0[], L7[]], put: L2[V2, V3] -> V0 -> V1 -> L2[V2, _9_], tr: L7[]
[16:07:44.196606]	Exploring 0: L0[], 1: L0[], Ebi: L2[L7[], L7[]], Eib: L2[L0[], L0[]], Eii: L2[L0[], L7[]], put: L2[V2, V3] -> V0 -> V1 -> L2[V2, L0[]], tr: L7[]
[16:07:44.196810]	Exploring 0: L0[], 1: L0[], Ebi: L2[L7[], L7[]], Eib: L2[L0[], L0[]], Eii: L2[L0[], L7[]], put: L2[V2, V3] -> V0 -> V1 -> L2[V2, L7[]], tr: L7[]
[16:07:44.197037]	Exploring 0: L0[], 1: L0[], Ebi: L2[L7[], L7[]], Eib: L2[L0[], L0[]], Eii: L2[L0[], L7[]], put: L2[V2, V3] -> V0 -> V1 -> L2[V2, V0], tr: L7[]
[16:07:44.197376]	Exploring 0: L0[], 1: L0[], Ebi: L2[L7[], L7[]], Eib: L2[L0[], L0[]], Eii: L2[L0[], L7[]], put: L2[V2, V3] -> V0 -> V1 -> L2[V2, V1], tr: L7[]
[16:07:44.197719]	Exploring 0: L0[], 1: L0[], Ebi: L2[L7[], L7[]], Eib: L2[L0[], L0[]], Eii: L2[L0[], L7[]], put: L2[V2, V3] -> V0 -> V1 -> L2[V2, V2], tr: L7[]
[16:07:44.197932]	Exploring 0: L0[], 1: L0[], Ebi: L2[L7[], L7[]], Eib: L2[L0[], L0[]], Eii: L2[L0[], L7[]], put: L2[V2, V3] -> V0 -> V1 -> L2[V2, V3], tr: L7[]
[16:07:44.198136]	Exploring 0: L0[], 1: L0[], Ebi: L2[L7[], L7[]], Eib: L2[L0[], L0[]], Eii: L2[L0[], L7[]], put: L2[V2, V3] -> V0 -> V1 -> L2[V3, _9_], tr: L7[]
[16:07:44.198267]	Exploring 0: L0[], 1: L0[], Ebi: L2[L7[], L7[]], Eib: L2[L0[], L0[]], Eii: L2[L0[], L7[]], put: L2[V2, V3] -> V0 -> V1 -> L2[V3, L0[]], tr: L7[]
[16:07:44.198476]	Exploring 0: L0[], 1: L0[], Ebi: L2[L7[], L7[]], Eib: L2[L0[], L0[]], Eii: L2[L0[], L7[]], put: L2[V2, V3] -> V0 -> V1 -> L2[V3, L7[]], tr: L7[]
[16:07:44.198685]	Exploring 0: L0[], 1: L0[], Ebi: L2[L7[], L7[]], Eib: L2[L0[], L0[]], Eii: L2[L0[], L7[]], put: L2[V2, V3] -> V0 -> V1 -> L2[V3, V0], tr: L7[]
[16:07:44.198927]	Exploring 0: L0[], 1: L0[], Ebi: L2[L7[], L7[]], Eib: L2[L0[], L0[]], Eii: L2[L0[], L7[]], put: L2[V2, V3] -> V0 -> V1 -> L2[V3, V1], tr: L7[]
[16:07:44.199142]	Exploring 0: L0[], 1: L0[], Ebi: L2[L7[], L7[]], Eib: L2[L0[], L0[]], Eii: L2[L0[], L7[]], put: L2[V2, V3] -> V0 -> V1 -> L2[V3, V2], tr: L7[]
[16:07:44.199346]	Exploring 0: L0[], 1: L0[], Ebi: L2[L7[], L7[]], Eib: L2[L0[], L0[]], Eii: L2[L0[], L7[]], put: L2[V2, V3] -> V0 -> V1 -> L2[V3, V3], tr: L7[]
[16:07:44.199532]	Exploring 0: L0[], 1: L0[], Ebi: L2[L7[], L7[]], Eib: L2[L0[], L0[]], Eii: L2[L7[], _5_], put: L2[_6_, _7_] -> V0 -> V1 -> L2[_8_, _9_], tr: L7[]
[16:07:44.199599]	Exploring 0: L0[], 1: L0[], Ebi: L2[L7[], L7[]], Eib: L2[L0[], L0[]], Eii: L2[L7[], L0[]], put: L2[_6_, _7_] -> V0 -> V1 -> L2[_8_, _9_], tr: L7[]
[16:07:44.199721]	Exploring 0: L0[], 1: L0[], Ebi: L2[L7[], L7[]], Eib: L2[L0[], L0[]], Eii: L2[L7[], L0[]], put: L2[V2, _7_] -> V0 -> V1 -> L2[_8_, _9_], tr: L7[]
[16:07:44.199813]	Exploring 0: L0[], 1: L0[], Ebi: L2[L7[], L7[]], Eib: L2[L0[], L0[]], Eii: L2[L7[], L0[]], put: L2[V2, V0] -> V0 -> V1 -> L2[_8_, _9_], tr: L7[]
[16:07:44.199908]	Exploring 0: L0[], 1: L0[], Ebi: L2[L7[], L7[]], Eib: L2[L0[], L0[]], Eii: L2[L7[], L0[]], put: L2[V2, V0] -> V0 -> V1 -> L2[L0[], _9_], tr: L7[]
[16:07:44.200020]	Exploring 0: L0[], 1: L0[], Ebi: L2[L7[], L7[]], Eib: L2[L0[], L0[]], Eii: L2[L7[], L0[]], put: L2[V2, V0] -> V0 -> V1 -> L2[L0[], V0], tr: L7[]
[16:07:44.200280]	Exploring 0: L0[], 1: L0[], Ebi: L2[L7[], L7[]], Eib: L2[L0[], L0[]], Eii: L2[L7[], L0[]], put: L2[V2, V0] -> V0 -> V1 -> L2[L7[], _9_], tr: L7[]
[16:07:44.200390]	Exploring 0: L0[], 1: L0[], Ebi: L2[L7[], L7[]], Eib: L2[L0[], L0[]], Eii: L2[L7[], L0[]], put: L2[V2, V0] -> V0 -> V1 -> L2[L7[], V0], tr: L7[]
[16:07:44.200655]	Exploring 0: L0[], 1: L0[], Ebi: L2[L7[], L7[]], Eib: L2[L0[], L0[]], Eii: L2[L7[], L0[]], put: L2[V2, V0] -> V0 -> V1 -> L2[V0, _9_], tr: L7[]
[16:07:44.200761]	Exploring 0: L0[], 1: L0[], Ebi: L2[L7[], L7[]], Eib: L2[L0[], L0[]], Eii: L2[L7[], L0[]], put: L2[V2, V0] -> V0 -> V1 -> L2[V0, V0], tr: L7[]
[16:07:44.201023]	Exploring 0: L0[], 1: L0[], Ebi: L2[L7[], L7[]], Eib: L2[L0[], L0[]], Eii: L2[L7[], L0[]], put: L2[V2, V0] -> V0 -> V1 -> L2[V1, _9_], tr: L7[]
[16:07:44.201132]	Exploring 0: L0[], 1: L0[], Ebi: L2[L7[], L7[]], Eib: L2[L0[], L0[]], Eii: L2[L7[], L0[]], put: L2[V2, V0] -> V0 -> V1 -> L2[V1, V0], tr: L7[]
[16:07:44.201393]	Exploring 0: L0[], 1: L0[], Ebi: L2[L7[], L7[]], Eib: L2[L0[], L0[]], Eii: L2[L7[], L0[]], put: L2[V2, V0] -> V0 -> V1 -> L2[V2, _9_], tr: L7[]
[16:07:44.201503]	Exploring 0: L0[], 1: L0[], Ebi: L2[L7[], L7[]], Eib: L2[L0[], L0[]], Eii: L2[L7[], L0[]], put: L2[V2, V0] -> V0 -> V1 -> L2[V2, V0], tr: L7[]
[16:07:44.201797]	Exploring 0: L0[], 1: L0[], Ebi: L2[L7[], L7[]], Eib: L2[L0[], L0[]], Eii: L2[L7[], L0[]], put: L2[V2, V3] -> V0 -> V1 -> L2[_8_, _9_], tr: L7[]
[16:07:44.201899]	Exploring 0: L0[], 1: L0[], Ebi: L2[L7[], L7[]], Eib: L2[L0[], L0[]], Eii: L2[L7[], L0[]], put: L2[V2, V3] -> V0 -> V1 -> L2[L0[], _9_], tr: L7[]
[16:07:44.202002]	Exploring 0: L0[], 1: L0[], Ebi: L2[L7[], L7[]], Eib: L2[L0[], L0[]], Eii: L2[L7[], L0[]], put: L2[V2, V3] -> V0 -> V1 -> L2[L0[], L0[]], tr: L7[]
[16:07:44.202195]	Exploring 0: L0[], 1: L0[], Ebi: L2[L7[], L7[]], Eib: L2[L0[], L0[]], Eii: L2[L7[], L0[]], put: L2[V2, V3] -> V0 -> V1 -> L2[L0[], L7[]], tr: L7[]
[16:07:44.202402]	Exploring 0: L0[], 1: L0[], Ebi: L2[L7[], L7[]], Eib: L2[L0[], L0[]], Eii: L2[L7[], L0[]], put: L2[V2, V3] -> V0 -> V1 -> L2[L0[], V0], tr: L7[]
[16:07:44.202638]	Exploring 0: L0[], 1: L0[], Ebi: L2[L7[], L7[]], Eib: L2[L0[], L0[]], Eii: L2[L7[], L0[]], put: L2[V2, V3] -> V0 -> V1 -> L2[L0[], V1], tr: L7[]
[16:07:44.202853]	Exploring 0: L0[], 1: L0[], Ebi: L2[L7[], L7[]], Eib: L2[L0[], L0[]], Eii: L2[L7[], L0[]], put: L2[V2, V3] -> V0 -> V1 -> L2[L0[], V2], tr: L7[]
[16:07:44.203060]	Exploring 0: L0[], 1: L0[], Ebi: L2[L7[], L7[]], Eib: L2[L0[], L0[]], Eii: L2[L7[], L0[]], put: L2[V2, V3] -> V0 -> V1 -> L2[L0[], V3], tr: L7[]
[16:07:44.203260]	Exploring 0: L0[], 1: L0[], Ebi: L2[L7[], L7[]], Eib: L2[L0[], L0[]], Eii: L2[L7[], L0[]], put: L2[V2, V3] -> V0 -> V1 -> L2[L7[], _9_], tr: L7[]
[16:07:44.203364]	Exploring 0: L0[], 1: L0[], Ebi: L2[L7[], L7[]], Eib: L2[L0[], L0[]], Eii: L2[L7[], L0[]], put: L2[V2, V3] -> V0 -> V1 -> L2[L7[], L0[]], tr: L7[]
[16:07:44.203562]	Exploring 0: L0[], 1: L0[], Ebi: L2[L7[], L7[]], Eib: L2[L0[], L0[]], Eii: L2[L7[], L0[]], put: L2[V2, V3] -> V0 -> V1 -> L2[L7[], L7[]], tr: L7[]
[16:07:44.203783]	Exploring 0: L0[], 1: L0[], Ebi: L2[L7[], L7[]], Eib: L2[L0[], L0[]], Eii: L2[L7[], L0[]], put: L2[V2, V3] -> V0 -> V1 -> L2[L7[], V0], tr: L7[]
[16:07:44.204005]	Exploring 0: L0[], 1: L0[], Ebi: L2[L7[], L7[]], Eib: L2[L0[], L0[]], Eii: L2[L7[], L0[]], put: L2[V2, V3] -> V0 -> V1 -> L2[L7[], V1], tr: L7[]
[16:07:44.204214]	Exploring 0: L0[], 1: L0[], Ebi: L2[L7[], L7[]], Eib: L2[L0[], L0[]], Eii: L2[L7[], L0[]], put: L2[V2, V3] -> V0 -> V1 -> L2[L7[], V2], tr: L7[]
[16:07:44.204413]	Exploring 0: L0[], 1: L0[], Ebi: L2[L7[], L7[]], Eib: L2[L0[], L0[]], Eii: L2[L7[], L0[]], put: L2[V2, V3] -> V0 -> V1 -> L2[L7[], V3], tr: L7[]
[16:07:44.204624]	Exploring 0: L0[], 1: L0[], Ebi: L2[L7[], L7[]], Eib: L2[L0[], L0[]], Eii: L2[L7[], L0[]], put: L2[V2, V3] -> V0 -> V1 -> L2[V0, _9_], tr: L7[]
[16:07:44.204762]	Exploring 0: L0[], 1: L0[], Ebi: L2[L7[], L7[]], Eib: L2[L0[], L0[]], Eii: L2[L7[], L0[]], put: L2[V2, V3] -> V0 -> V1 -> L2[V0, L0[]], tr: L7[]
[16:07:44.204988]	Exploring 0: L0[], 1: L0[], Ebi: L2[L7[], L7[]], Eib: L2[L0[], L0[]], Eii: L2[L7[], L0[]], put: L2[V2, V3] -> V0 -> V1 -> L2[V0, L7[]], tr: L7[]
[16:07:44.205282]	Exploring 0: L0[], 1: L0[], Ebi: L2[L7[], L7[]], Eib: L2[L0[], L0[]], Eii: L2[L7[], L0[]], put: L2[V2, V3] -> V0 -> V1 -> L2[V0, V0], tr: L7[]
[16:07:44.205508]	Exploring 0: L0[], 1: L0[], Ebi: L2[L7[], L7[]], Eib: L2[L0[], L0[]], Eii: L2[L7[], L0[]], put: L2[V2, V3] -> V0 -> V1 -> L2[V0, V1], tr: L7[]
[16:07:44.205730]	Exploring 0: L0[], 1: L0[], Ebi: L2[L7[], L7[]], Eib: L2[L0[], L0[]], Eii: L2[L7[], L0[]], put: L2[V2, V3] -> V0 -> V1 -> L2[V0, V2], tr: L7[]
[16:07:44.205948]	Exploring 0: L0[], 1: L0[], Ebi: L2[L7[], L7[]], Eib: L2[L0[], L0[]], Eii: L2[L7[], L0[]], put: L2[V2, V3] -> V0 -> V1 -> L2[V0, V3], tr: L7[]
[16:07:44.206165]	Exploring 0: L0[], 1: L0[], Ebi: L2[L7[], L7[]], Eib: L2[L0[], L0[]], Eii: L2[L7[], L0[]], put: L2[V2, V3] -> V0 -> V1 -> L2[V1, _9_], tr: L7[]
[16:07:44.206381]	Exploring 0: L0[], 1: L0[], Ebi: L2[L7[], L7[]], Eib: L2[L0[], L0[]], Eii: L2[L7[], L0[]], put: L2[V2, V3] -> V0 -> V1 -> L2[V1, L0[]], tr: L7[]
[16:07:44.206616]	Exploring 0: L0[], 1: L0[], Ebi: L2[L7[], L7[]], Eib: L2[L0[], L0[]], Eii: L2[L7[], L0[]], put: L2[V2, V3] -> V0 -> V1 -> L2[V1, L7[]], tr: L7[]
[16:07:44.206841]	Exploring 0: L0[], 1: L0[], Ebi: L2[L7[], L7[]], Eib: L2[L0[], L0[]], Eii: L2[L7[], L0[]], put: L2[V2, V3] -> V0 -> V1 -> L2[V1, V0], tr: L7[]
[16:07:44.207064]	Exploring 0: L0[], 1: L0[], Ebi: L2[L7[], L7[]], Eib: L2[L0[], L0[]], Eii: L2[L7[], L0[]], put: L2[V2, V3] -> V0 -> V1 -> L2[V1, V1], tr: L7[]
[16:07:44.207285]	Exploring 0: L0[], 1: L0[], Ebi: L2[L7[], L7[]], Eib: L2[L0[], L0[]], Eii: L2[L7[], L0[]], put: L2[V2, V3] -> V0 -> V1 -> L2[V1, V2], tr: L7[]
[16:07:44.207517]	Exploring 0: L0[], 1: L0[], Ebi: L2[L7[], L7[]], Eib: L2[L0[], L0[]], Eii: L2[L7[], L0[]], put: L2[V2, V3] -> V0 -> V1 -> L2[V1, V3], tr: L7[]
[16:07:44.207740]	Exploring 0: L0[], 1: L0[], Ebi: L2[L7[], L7[]], Eib: L2[L0[], L0[]], Eii: L2[L7[], L0[]], put: L2[V2, V3] -> V0 -> V1 -> L2[V2, _9_], tr: L7[]
[16:07:44.207854]	Exploring 0: L0[], 1: L0[], Ebi: L2[L7[], L7[]], Eib: L2[L0[], L0[]], Eii: L2[L7[], L0[]], put: L2[V2, V3] -> V0 -> V1 -> L2[V2, L0[]], tr: L7[]
[16:07:44.208048]	Exploring 0: L0[], 1: L0[], Ebi: L2[L7[], L7[]], Eib: L2[L0[], L0[]], Eii: L2[L7[], L0[]], put: L2[V2, V3] -> V0 -> V1 -> L2[V2, L7[]], tr: L7[]
[16:07:44.208253]	Exploring 0: L0[], 1: L0[], Ebi: L2[L7[], L7[]], Eib: L2[L0[], L0[]], Eii: L2[L7[], L0[]], put: L2[V2, V3] -> V0 -> V1 -> L2[V2, V0], tr: L7[]
[16:07:44.208474]	Exploring 0: L0[], 1: L0[], Ebi: L2[L7[], L7[]], Eib: L2[L0[], L0[]], Eii: L2[L7[], L0[]], put: L2[V2, V3] -> V0 -> V1 -> L2[V2, V1], tr: L7[]
[16:07:44.208677]	Exploring 0: L0[], 1: L0[], Ebi: L2[L7[], L7[]], Eib: L2[L0[], L0[]], Eii: L2[L7[], L0[]], put: L2[V2, V3] -> V0 -> V1 -> L2[V2, V2], tr: L7[]
[16:07:44.208869]	Exploring 0: L0[], 1: L0[], Ebi: L2[L7[], L7[]], Eib: L2[L0[], L0[]], Eii: L2[L7[], L0[]], put: L2[V2, V3] -> V0 -> V1 -> L2[V2, V3], tr: L7[]
[16:07:44.209067]	Exploring 0: L0[], 1: L0[], Ebi: L2[L7[], L7[]], Eib: L2[L0[], L0[]], Eii: L2[L7[], L0[]], put: L2[V2, V3] -> V0 -> V1 -> L2[V3, _9_], tr: L7[]
[16:07:44.209183]	Exploring 0: L0[], 1: L0[], Ebi: L2[L7[], L7[]], Eib: L2[L0[], L0[]], Eii: L2[L7[], L0[]], put: L2[V2, V3] -> V0 -> V1 -> L2[V3, L0[]], tr: L7[]
[16:07:44.209388]	Exploring 0: L0[], 1: L0[], Ebi: L2[L7[], L7[]], Eib: L2[L0[], L0[]], Eii: L2[L7[], L0[]], put: L2[V2, V3] -> V0 -> V1 -> L2[V3, L7[]], tr: L7[]
[16:07:44.209596]	Exploring 0: L0[], 1: L0[], Ebi: L2[L7[], L7[]], Eib: L2[L0[], L0[]], Eii: L2[L7[], L0[]], put: L2[V2, V3] -> V0 -> V1 -> L2[V3, V0], tr: L7[]
[16:07:44.209826]	Exploring 0: L0[], 1: L0[], Ebi: L2[L7[], L7[]], Eib: L2[L0[], L0[]], Eii: L2[L7[], L0[]], put: L2[V2, V3] -> V0 -> V1 -> L2[V3, V1], tr: L7[]
[16:07:44.210042]	Exploring 0: L0[], 1: L0[], Ebi: L2[L7[], L7[]], Eib: L2[L0[], L0[]], Eii: L2[L7[], L0[]], put: L2[V2, V3] -> V0 -> V1 -> L2[V3, V2], tr: L7[]
[16:07:44.210245]	Exploring 0: L0[], 1: L0[], Ebi: L2[L7[], L7[]], Eib: L2[L0[], L0[]], Eii: L2[L7[], L0[]], put: L2[V2, V3] -> V0 -> V1 -> L2[V3, V3], tr: L7[]
[16:07:44.210512]	Exploring 0: L0[], 1: L0[], Ebi: L2[L7[], L7[]], Eib: L2[L0[], L0[]], Eii: L2[L7[], L7[]], put: L2[_6_, _7_] -> V0 -> V1 -> L2[_8_, _9_], tr: L7[]
[16:07:44.210734]	Exploring 0: L0[], 1: L0[], Ebi: L2[L7[], L7[]], Eib: L2[L0[], L0[]], Eii: L2[L7[], L7[]], put: L2[V2, _7_] -> V0 -> V1 -> L2[_8_, _9_], tr: L7[]
[16:07:44.210944]	Exploring 0: L0[], 1: L0[], Ebi: L2[L7[], L7[]], Eib: L2[L0[], L0[]], Eii: L2[L7[], L7[]], put: L2[V2, V2] -> V0 -> V1 -> L2[_8_, _9_], tr: L7[]
[16:07:44.211096]	Exploring 0: L0[], 1: L0[], Ebi: L2[L7[], L7[]], Eib: L2[L0[], L0[]], Eii: L2[L7[], L7[]], put: L2[V2, V2] -> V0 -> V1 -> L2[L0[], _9_], tr: L7[]
[16:07:44.211274]	Exploring 0: L0[], 1: L0[], Ebi: L2[L7[], L7[]], Eib: L2[L0[], L0[]], Eii: L2[L7[], L7[]], put: L2[V2, V2] -> V0 -> V1 -> L2[L0[], L0[]], tr: L7[]
[16:07:44.211661]	Exploring 0: L0[], 1: L0[], Ebi: L2[L7[], L7[]], Eib: L2[L0[], L0[]], Eii: L2[L7[], L7[]], put: L2[V2, V2] -> V0 -> V1 -> L2[L7[], _9_], tr: L7[]
[16:07:44.211836]	Exploring 0: L0[], 1: L0[], Ebi: L2[L7[], L7[]], Eib: L2[L0[], L0[]], Eii: L2[L7[], L7[]], put: L2[V2, V2] -> V0 -> V1 -> L2[L7[], L7[]], tr: L7[]
[16:07:44.212260]	Exploring 0: L0[], 1: L0[], Ebi: L2[L7[], L7[]], Eib: L2[L0[], L0[]], Eii: L2[L7[], L7[]], put: L2[V2, V2] -> V0 -> V1 -> L2[V0, _9_], tr: L7[]
[16:07:44.212443]	Exploring 0: L0[], 1: L0[], Ebi: L2[L7[], L7[]], Eib: L2[L0[], L0[]], Eii: L2[L7[], L7[]], put: L2[V2, V2] -> V0 -> V1 -> L2[V0, V0], tr: L7[]
[16:07:44.212843]	Exploring 0: L0[], 1: L0[], Ebi: L2[L7[], L7[]], Eib: L2[L0[], L0[]], Eii: L2[L7[], L7[]], put: L2[V2, V2] -> V0 -> V1 -> L2[V1, _9_], tr: L7[]
[16:07:44.213038]	Exploring 0: L0[], 1: L0[], Ebi: L2[L7[], L7[]], Eib: L2[L0[], L0[]], Eii: L2[L7[], L7[]], put: L2[V2, V2] -> V0 -> V1 -> L2[V1, V1], tr: L7[]
[16:07:44.213410]	Exploring 0: L0[], 1: L0[], Ebi: L2[L7[], L7[]], Eib: L2[L0[], L0[]], Eii: L2[L7[], L7[]], put: L2[V2, V2] -> V0 -> V1 -> L2[V2, _9_], tr: L7[]
[16:07:44.213714]	Exploring 0: L0[], 1: L0[], Ebi: L2[L7[], L7[]], Eib: L2[L0[], L0[]], Eii: L2[L7[], L7[]], put: L2[V2, V2] -> V0 -> V1 -> L2[V2, V2], tr: L7[]
[16:07:44.214092]	Exploring 0: L0[], 1: L0[], Ebi: L2[L7[], L7[]], Eib: L2[L0[], L0[]], Eii: L2[L7[], L7[]], put: L2[V2, V3] -> V0 -> V1 -> L2[_8_, _9_], tr: L7[]
[16:07:44.214285]	Exploring 0: L0[], 1: L0[], Ebi: L2[L7[], L7[]], Eib: L2[L0[], L0[]], Eii: L2[L7[], L7[]], put: L2[V2, V3] -> V0 -> V1 -> L2[L0[], _9_], tr: L7[]
[16:07:44.214468]	Exploring 0: L0[], 1: L0[], Ebi: L2[L7[], L7[]], Eib: L2[L0[], L0[]], Eii: L2[L7[], L7[]], put: L2[V2, V3] -> V0 -> V1 -> L2[L0[], L0[]], tr: L7[]
[16:07:44.214829]	Exploring 0: L0[], 1: L0[], Ebi: L2[L7[], L7[]], Eib: L2[L0[], L0[]], Eii: L2[L7[], L7[]], put: L2[V2, V3] -> V0 -> V1 -> L2[L0[], L7[]], tr: L7[]
[16:07:44.215213]	Exploring 0: L0[], 1: L0[], Ebi: L2[L7[], L7[]], Eib: L2[L0[], L0[]], Eii: L2[L7[], L7[]], put: L2[V2, V3] -> V0 -> V1 -> L2[L0[], V0], tr: L7[]
[16:07:44.215630]	Exploring 0: L0[], 1: L0[], Ebi: L2[L7[], L7[]], Eib: L2[L0[], L0[]], Eii: L2[L7[], L7[]], put: L2[V2, V3] -> V0 -> V1 -> L2[L0[], V1], tr: L7[]
[16:07:44.216017]	Exploring 0: L0[], 1: L0[], Ebi: L2[L7[], L7[]], Eib: L2[L0[], L0[]], Eii: L2[L7[], L7[]], put: L2[V2, V3] -> V0 -> V1 -> L2[L0[], V2], tr: L7[]
[16:07:44.216380]	Exploring 0: L0[], 1: L0[], Ebi: L2[L7[], L7[]], Eib: L2[L0[], L0[]], Eii: L2[L7[], L7[]], put: L2[V2, V3] -> V0 -> V1 -> L2[L0[], V3], tr: L7[]
[16:07:44.216745]	Exploring 0: L0[], 1: L0[], Ebi: L2[L7[], L7[]], Eib: L2[L0[], L0[]], Eii: L2[L7[], L7[]], put: L2[V2, V3] -> V0 -> V1 -> L2[L7[], _9_], tr: L7[]
[16:07:44.216926]	Exploring 0: L0[], 1: L0[], Ebi: L2[L7[], L7[]], Eib: L2[L0[], L0[]], Eii: L2[L7[], L7[]], put: L2[V2, V3] -> V0 -> V1 -> L2[L7[], L0[]], tr: L7[]
[16:07:44.217257]	Exploring 0: L0[], 1: L0[], Ebi: L2[L7[], L7[]], Eib: L2[L0[], L0[]], Eii: L2[L7[], L7[]], put: L2[V2, V3] -> V0 -> V1 -> L2[L7[], L7[]], tr: L7[]
[16:07:44.217620]	Exploring 0: L0[], 1: L0[], Ebi: L2[L7[], L7[]], Eib: L2[L0[], L0[]], Eii: L2[L7[], L7[]], put: L2[V2, V3] -> V0 -> V1 -> L2[L7[], V0], tr: L7[]
[16:07:44.218046]	Exploring 0: L0[], 1: L0[], Ebi: L2[L7[], L7[]], Eib: L2[L0[], L0[]], Eii: L2[L7[], L7[]], put: L2[V2, V3] -> V0 -> V1 -> L2[L7[], V1], tr: L7[]
[16:07:44.218413]	Exploring 0: L0[], 1: L0[], Ebi: L2[L7[], L7[]], Eib: L2[L0[], L0[]], Eii: L2[L7[], L7[]], put: L2[V2, V3] -> V0 -> V1 -> L2[L7[], V2], tr: L7[]
[16:07:44.218775]	Exploring 0: L0[], 1: L0[], Ebi: L2[L7[], L7[]], Eib: L2[L0[], L0[]], Eii: L2[L7[], L7[]], put: L2[V2, V3] -> V0 -> V1 -> L2[L7[], V3], tr: L7[]
[16:07:44.219160]	Exploring 0: L0[], 1: L0[], Ebi: L2[L7[], L7[]], Eib: L2[L0[], L0[]], Eii: L2[L7[], L7[]], put: L2[V2, V3] -> V0 -> V1 -> L2[V0, _9_], tr: L7[]
[16:07:44.219398]	Exploring 0: L0[], 1: L0[], Ebi: L2[L7[], L7[]], Eib: L2[L0[], L0[]], Eii: L2[L7[], L7[]], put: L2[V2, V3] -> V0 -> V1 -> L2[V0, L0[]], tr: L7[]
[16:07:44.219797]	Exploring 0: L0[], 1: L0[], Ebi: L2[L7[], L7[]], Eib: L2[L0[], L0[]], Eii: L2[L7[], L7[]], put: L2[V2, V3] -> V0 -> V1 -> L2[V0, L7[]], tr: L7[]
[16:07:44.220170]	Exploring 0: L0[], 1: L0[], Ebi: L2[L7[], L7[]], Eib: L2[L0[], L0[]], Eii: L2[L7[], L7[]], put: L2[V2, V3] -> V0 -> V1 -> L2[V0, V0], tr: L7[]
[16:07:44.220532]	Exploring 0: L0[], 1: L0[], Ebi: L2[L7[], L7[]], Eib: L2[L0[], L0[]], Eii: L2[L7[], L7[]], put: L2[V2, V3] -> V0 -> V1 -> L2[V0, V1], tr: L7[]
[16:07:44.220903]	Exploring 0: L0[], 1: L0[], Ebi: L2[L7[], L7[]], Eib: L2[L0[], L0[]], Eii: L2[L7[], L7[]], put: L2[V2, V3] -> V0 -> V1 -> L2[V0, V2], tr: L7[]
[16:07:44.221287]	Exploring 0: L0[], 1: L0[], Ebi: L2[L7[], L7[]], Eib: L2[L0[], L0[]], Eii: L2[L7[], L7[]], put: L2[V2, V3] -> V0 -> V1 -> L2[V0, V3], tr: L7[]
[16:07:44.221666]	Exploring 0: L0[], 1: L0[], Ebi: L2[L7[], L7[]], Eib: L2[L0[], L0[]], Eii: L2[L7[], L7[]], put: L2[V2, V3] -> V0 -> V1 -> L2[V1, _9_], tr: L7[]
[16:07:44.221903]	Exploring 0: L0[], 1: L0[], Ebi: L2[L7[], L7[]], Eib: L2[L0[], L0[]], Eii: L2[L7[], L7[]], put: L2[V2, V3] -> V0 -> V1 -> L2[V1, L0[]], tr: L7[]
[16:07:44.222321]	Exploring 0: L0[], 1: L0[], Ebi: L2[L7[], L7[]], Eib: L2[L0[], L0[]], Eii: L2[L7[], L7[]], put: L2[V2, V3] -> V0 -> V1 -> L2[V1, L7[]], tr: L7[]
[16:07:44.222727]	Exploring 0: L0[], 1: L0[], Ebi: L2[L7[], L7[]], Eib: L2[L0[], L0[]], Eii: L2[L7[], L7[]], put: L2[V2, V3] -> V0 -> V1 -> L2[V1, V0], tr: L7[]
[16:07:44.223119]	Exploring 0: L0[], 1: L0[], Ebi: L2[L7[], L7[]], Eib: L2[L0[], L0[]], Eii: L2[L7[], L7[]], put: L2[V2, V3] -> V0 -> V1 -> L2[V1, V1], tr: L7[]
[16:07:44.223479]	Exploring 0: L0[], 1: L0[], Ebi: L2[L7[], L7[]], Eib: L2[L0[], L0[]], Eii: L2[L7[], L7[]], put: L2[V2, V3] -> V0 -> V1 -> L2[V1, V2], tr: L7[]
[16:07:44.223747]	Exploring 0: L0[], 1: L0[], Ebi: L2[L7[], L7[]], Eib: L2[L0[], L0[]], Eii: L2[L7[], L7[]], put: L2[V2, V3] -> V0 -> V1 -> L2[V1, V3], tr: L7[]
[16:07:44.223971]	Exploring 0: L0[], 1: L0[], Ebi: L2[L7[], L7[]], Eib: L2[L0[], L0[]], Eii: L2[L7[], L7[]], put: L2[V2, V3] -> V0 -> V1 -> L2[V2, _9_], tr: L7[]
[16:07:44.224099]	Exploring 0: L0[], 1: L0[], Ebi: L2[L7[], L7[]], Eib: L2[L0[], L0[]], Eii: L2[L7[], L7[]], put: L2[V2, V3] -> V0 -> V1 -> L2[V2, L0[]], tr: L7[]
[16:07:44.224318]	Exploring 0: L0[], 1: L0[], Ebi: L2[L7[], L7[]], Eib: L2[L0[], L0[]], Eii: L2[L7[], L7[]], put: L2[V2, V3] -> V0 -> V1 -> L2[V2, L7[]], tr: L7[]
[16:07:44.224544]	Exploring 0: L0[], 1: L0[], Ebi: L2[L7[], L7[]], Eib: L2[L0[], L0[]], Eii: L2[L7[], L7[]], put: L2[V2, V3] -> V0 -> V1 -> L2[V2, V0], tr: L7[]
[16:07:44.224793]	Exploring 0: L0[], 1: L0[], Ebi: L2[L7[], L7[]], Eib: L2[L0[], L0[]], Eii: L2[L7[], L7[]], put: L2[V2, V3] -> V0 -> V1 -> L2[V2, V1], tr: L7[]
[16:07:44.225139]	Exploring 0: L0[], 1: L0[], Ebi: L2[L7[], L7[]], Eib: L2[L0[], L0[]], Eii: L2[L7[], L7[]], put: L2[V2, V3] -> V0 -> V1 -> L2[V2, V2], tr: L7[]
[16:07:44.225475]	Exploring 0: L0[], 1: L0[], Ebi: L2[L7[], L7[]], Eib: L2[L0[], L0[]], Eii: L2[L7[], L7[]], put: L2[V2, V3] -> V0 -> V1 -> L2[V2, V3], tr: L7[]
[16:07:44.225826]	Exploring 0: L0[], 1: L0[], Ebi: L2[L7[], L7[]], Eib: L2[L0[], L0[]], Eii: L2[L7[], L7[]], put: L2[V2, V3] -> V0 -> V1 -> L2[V3, _9_], tr: L7[]
[16:07:44.226027]	Exploring 0: L0[], 1: L0[], Ebi: L2[L7[], L7[]], Eib: L2[L0[], L0[]], Eii: L2[L7[], L7[]], put: L2[V2, V3] -> V0 -> V1 -> L2[V3, L0[]], tr: L7[]
[16:07:44.226402]	Exploring 0: L0[], 1: L0[], Ebi: L2[L7[], L7[]], Eib: L2[L0[], L0[]], Eii: L2[L7[], L7[]], put: L2[V2, V3] -> V0 -> V1 -> L2[V3, L7[]], tr: L7[]
[16:07:44.226776]	Exploring 0: L0[], 1: L0[], Ebi: L2[L7[], L7[]], Eib: L2[L0[], L0[]], Eii: L2[L7[], L7[]], put: L2[V2, V3] -> V0 -> V1 -> L2[V3, V0], tr: L7[]
[16:07:44.227160]	Exploring 0: L0[], 1: L0[], Ebi: L2[L7[], L7[]], Eib: L2[L0[], L0[]], Eii: L2[L7[], L7[]], put: L2[V2, V3] -> V0 -> V1 -> L2[V3, V1], tr: L7[]
[16:07:44.227541]	Exploring 0: L0[], 1: L0[], Ebi: L2[L7[], L7[]], Eib: L2[L0[], L0[]], Eii: L2[L7[], L7[]], put: L2[V2, V3] -> V0 -> V1 -> L2[V3, V2], tr: L7[]
[16:07:44.227908]	Exploring 0: L0[], 1: L0[], Ebi: L2[L7[], L7[]], Eib: L2[L0[], L0[]], Eii: L2[L7[], L7[]], put: L2[V2, V3] -> V0 -> V1 -> L2[V3, V3], tr: L7[]
[16:07:44.228202]	Exploring 0: L0[], 1: L0[], Ebi: L2[L7[], L7[]], Eib: L2[L0[], L7[]], Eii: L2[_4_, _5_], put: L2[_6_, _7_] -> V0 -> V1 -> L2[_8_, _9_], tr: L7[]
[16:07:44.228322]	Exploring 0: L0[], 1: L0[], Ebi: L2[L7[], L7[]], Eib: L2[L0[], L7[]], Eii: L2[L0[], _5_], put: L2[_6_, _7_] -> V0 -> V1 -> L2[_8_, _9_], tr: L7[]
[16:07:44.228427]	Exploring 0: L0[], 1: L0[], Ebi: L2[L7[], L7[]], Eib: L2[L0[], L7[]], Eii: L2[L0[], L0[]], put: L2[_6_, _7_] -> V0 -> V1 -> L2[_8_, _9_], tr: L7[]
[16:07:44.228575]	Exploring 0: L0[], 1: L0[], Ebi: L2[L7[], L7[]], Eib: L2[L0[], L7[]], Eii: L2[L0[], L0[]], put: L2[V0, _7_] -> V0 -> V1 -> L2[_8_, _9_], tr: L7[]
[16:07:44.228812]	Exploring 0: L0[], 1: L0[], Ebi: L2[L7[], L7[]], Eib: L2[L0[], L7[]], Eii: L2[L0[], L0[]], put: L2[V0, V2] -> V0 -> V1 -> L2[_8_, _9_], tr: L7[]
[16:07:44.228988]	Exploring 0: L0[], 1: L0[], Ebi: L2[L7[], L7[]], Eib: L2[L0[], L7[]], Eii: L2[L0[], L0[]], put: L2[V0, V2] -> V0 -> V1 -> L2[V0, _9_], tr: L7[]
[16:07:44.229177]	Exploring 0: L0[], 1: L0[], Ebi: L2[L7[], L7[]], Eib: L2[L0[], L7[]], Eii: L2[L0[], L0[]], put: L2[V0, V2] -> V0 -> V1 -> L2[V0, L0[]], tr: L7[]
[16:07:44.229530]	Exploring 0: L0[], 1: L0[], Ebi: L2[L7[], L7[]], Eib: L2[L0[], L7[]], Eii: L2[L0[], L0[]], put: L2[V0, V2] -> V0 -> V1 -> L2[V0, L7[]], tr: L7[]
[16:07:44.229865]	Exploring 0: L0[], 1: L0[], Ebi: L2[L7[], L7[]], Eib: L2[L0[], L7[]], Eii: L2[L0[], L0[]], put: L2[V0, V2] -> V0 -> V1 -> L2[V0, V0], tr: L7[]
[16:07:44.230203]	Exploring 0: L0[], 1: L0[], Ebi: L2[L7[], L7[]], Eib: L2[L0[], L7[]], Eii: L2[L0[], L0[]], put: L2[V0, V2] -> V0 -> V1 -> L2[V0, V1], tr: L7[]
[16:07:44.230565]	Exploring 0: L0[], 1: L0[], Ebi: L2[L7[], L7[]], Eib: L2[L0[], L7[]], Eii: L2[L0[], L0[]], put: L2[V0, V2] -> V0 -> V1 -> L2[V0, V2], tr: L7[]
[16:07:44.230928]	Exploring 0: L0[], 1: L0[], Ebi: L2[L7[], L7[]], Eib: L2[L0[], L7[]], Eii: L2[L0[], L0[]], put: L2[V2, _7_] -> V0 -> V1 -> L2[_8_, _9_], tr: L7[]
[16:07:44.231169]	Exploring 0: L0[], 1: L0[], Ebi: L2[L7[], L7[]], Eib: L2[L0[], L7[]], Eii: L2[L0[], L0[]], put: L2[V2, V3] -> V0 -> V1 -> L2[_8_, _9_], tr: L7[]
[16:07:44.231349]	Exploring 0: L0[], 1: L0[], Ebi: L2[L7[], L7[]], Eib: L2[L0[], L7[]], Eii: L2[L0[], L0[]], put: L2[V2, V3] -> V0 -> V1 -> L2[L0[], _9_], tr: L7[]
[16:07:44.231538]	Exploring 0: L0[], 1: L0[], Ebi: L2[L7[], L7[]], Eib: L2[L0[], L7[]], Eii: L2[L0[], L0[]], put: L2[V2, V3] -> V0 -> V1 -> L2[L0[], L0[]], tr: L7[]
[16:07:44.231886]	Exploring 0: L0[], 1: L0[], Ebi: L2[L7[], L7[]], Eib: L2[L0[], L7[]], Eii: L2[L0[], L0[]], put: L2[V2, V3] -> V0 -> V1 -> L2[L0[], L7[]], tr: L7[]
[16:07:44.232258]	Exploring 0: L0[], 1: L0[], Ebi: L2[L7[], L7[]], Eib: L2[L0[], L7[]], Eii: L2[L0[], L0[]], put: L2[V2, V3] -> V0 -> V1 -> L2[L0[], V0], tr: L7[]
[16:07:44.232657]	Exploring 0: L0[], 1: L0[], Ebi: L2[L7[], L7[]], Eib: L2[L0[], L7[]], Eii: L2[L0[], L0[]], put: L2[V2, V3] -> V0 -> V1 -> L2[L0[], V1], tr: L7[]
[16:07:44.233045]	Exploring 0: L0[], 1: L0[], Ebi: L2[L7[], L7[]], Eib: L2[L0[], L7[]], Eii: L2[L0[], L0[]], put: L2[V2, V3] -> V0 -> V1 -> L2[L0[], V2], tr: L7[]
[16:07:44.233413]	Exploring 0: L0[], 1: L0[], Ebi: L2[L7[], L7[]], Eib: L2[L0[], L7[]], Eii: L2[L0[], L0[]], put: L2[V2, V3] -> V0 -> V1 -> L2[L0[], V3], tr: L7[]
[16:07:44.233789]	Exploring 0: L0[], 1: L0[], Ebi: L2[L7[], L7[]], Eib: L2[L0[], L7[]], Eii: L2[L0[], L0[]], put: L2[V2, V3] -> V0 -> V1 -> L2[L7[], _9_], tr: L7[]
[16:07:44.233976]	Exploring 0: L0[], 1: L0[], Ebi: L2[L7[], L7[]], Eib: L2[L0[], L7[]], Eii: L2[L0[], L0[]], put: L2[V2, V3] -> V0 -> V1 -> L2[L7[], L0[]], tr: L7[]
[16:07:44.234304]	Exploring 0: L0[], 1: L0[], Ebi: L2[L7[], L7[]], Eib: L2[L0[], L7[]], Eii: L2[L0[], L0[]], put: L2[V2, V3] -> V0 -> V1 -> L2[L7[], L7[]], tr: L7[]
[16:07:44.234671]	Exploring 0: L0[], 1: L0[], Ebi: L2[L7[], L7[]], Eib: L2[L0[], L7[]], Eii: L2[L0[], L0[]], put: L2[V2, V3] -> V0 -> V1 -> L2[L7[], V0], tr: L7[]
[16:07:44.235070]	Exploring 0: L0[], 1: L0[], Ebi: L2[L7[], L7[]], Eib: L2[L0[], L7[]], Eii: L2[L0[], L0[]], put: L2[V2, V3] -> V0 -> V1 -> L2[L7[], V1], tr: L7[]
[16:07:44.235449]	Exploring 0: L0[], 1: L0[], Ebi: L2[L7[], L7[]], Eib: L2[L0[], L7[]], Eii: L2[L0[], L0[]], put: L2[V2, V3] -> V0 -> V1 -> L2[L7[], V2], tr: L7[]
[16:07:44.235836]	Exploring 0: L0[], 1: L0[], Ebi: L2[L7[], L7[]], Eib: L2[L0[], L7[]], Eii: L2[L0[], L0[]], put: L2[V2, V3] -> V0 -> V1 -> L2[L7[], V3], tr: L7[]
[16:07:44.236218]	Exploring 0: L0[], 1: L0[], Ebi: L2[L7[], L7[]], Eib: L2[L0[], L7[]], Eii: L2[L0[], L0[]], put: L2[V2, V3] -> V0 -> V1 -> L2[V0, _9_], tr: L7[]
[16:07:44.236441]	Exploring 0: L0[], 1: L0[], Ebi: L2[L7[], L7[]], Eib: L2[L0[], L7[]], Eii: L2[L0[], L0[]], put: L2[V2, V3] -> V0 -> V1 -> L2[V0, L0[]], tr: L7[]
[16:07:44.236841]	Exploring 0: L0[], 1: L0[], Ebi: L2[L7[], L7[]], Eib: L2[L0[], L7[]], Eii: L2[L0[], L0[]], put: L2[V2, V3] -> V0 -> V1 -> L2[V0, L7[]], tr: L7[]
[16:07:44.237240]	Exploring 0: L0[], 1: L0[], Ebi: L2[L7[], L7[]], Eib: L2[L0[], L7[]], Eii: L2[L0[], L0[]], put: L2[V2, V3] -> V0 -> V1 -> L2[V0, V0], tr: L7[]
[16:07:44.237638]	Exploring 0: L0[], 1: L0[], Ebi: L2[L7[], L7[]], Eib: L2[L0[], L7[]], Eii: L2[L0[], L0[]], put: L2[V2, V3] -> V0 -> V1 -> L2[V0, V1], tr: L7[]
[16:07:44.238050]	Exploring 0: L0[], 1: L0[], Ebi: L2[L7[], L7[]], Eib: L2[L0[], L7[]], Eii: L2[L0[], L0[]], put: L2[V2, V3] -> V0 -> V1 -> L2[V0, V2], tr: L7[]
[16:07:44.238433]	Exploring 0: L0[], 1: L0[], Ebi: L2[L7[], L7[]], Eib: L2[L0[], L7[]], Eii: L2[L0[], L0[]], put: L2[V2, V3] -> V0 -> V1 -> L2[V0, V3], tr: L7[]
[16:07:44.238807]	Exploring 0: L0[], 1: L0[], Ebi: L2[L7[], L7[]], Eib: L2[L0[], L7[]], Eii: L2[L0[], L0[]], put: L2[V2, V3] -> V0 -> V1 -> L2[V1, _9_], tr: L7[]
[16:07:44.239016]	Exploring 0: L0[], 1: L0[], Ebi: L2[L7[], L7[]], Eib: L2[L0[], L7[]], Eii: L2[L0[], L0[]], put: L2[V2, V3] -> V0 -> V1 -> L2[V1, L0[]], tr: L7[]
[16:07:44.239397]	Exploring 0: L0[], 1: L0[], Ebi: L2[L7[], L7[]], Eib: L2[L0[], L7[]], Eii: L2[L0[], L0[]], put: L2[V2, V3] -> V0 -> V1 -> L2[V1, L7[]], tr: L7[]
[16:07:44.239800]	Exploring 0: L0[], 1: L0[], Ebi: L2[L7[], L7[]], Eib: L2[L0[], L7[]], Eii: L2[L0[], L0[]], put: L2[V2, V3] -> V0 -> V1 -> L2[V1, V0], tr: L7[]
[16:07:44.240188]	Exploring 0: L0[], 1: L0[], Ebi: L2[L7[], L7[]], Eib: L2[L0[], L7[]], Eii: L2[L0[], L0[]], put: L2[V2, V3] -> V0 -> V1 -> L2[V1, V1], tr: L7[]
[16:07:44.240546]	Exploring 0: L0[], 1: L0[], Ebi: L2[L7[], L7[]], Eib: L2[L0[], L7[]], Eii: L2[L0[], L0[]], put: L2[V2, V3] -> V0 -> V1 -> L2[V1, V2], tr: L7[]
[16:07:44.240971]	Exploring 0: L0[], 1: L0[], Ebi: L2[L7[], L7[]], Eib: L2[L0[], L7[]], Eii: L2[L0[], L0[]], put: L2[V2, V3] -> V0 -> V1 -> L2[V1, V3], tr: L7[]
[16:07:44.241340]	Exploring 0: L0[], 1: L0[], Ebi: L2[L7[], L7[]], Eib: L2[L0[], L7[]], Eii: L2[L0[], L0[]], put: L2[V2, V3] -> V0 -> V1 -> L2[V2, _9_], tr: L7[]
[16:07:44.241540]	Exploring 0: L0[], 1: L0[], Ebi: L2[L7[], L7[]], Eib: L2[L0[], L7[]], Eii: L2[L0[], L0[]], put: L2[V2, V3] -> V0 -> V1 -> L2[V2, L0[]], tr: L7[]
[16:07:44.241873]	Exploring 0: L0[], 1: L0[], Ebi: L2[L7[], L7[]], Eib: L2[L0[], L7[]], Eii: L2[L0[], L0[]], put: L2[V2, V3] -> V0 -> V1 -> L2[V2, L7[]], tr: L7[]
[16:07:44.242227]	Exploring 0: L0[], 1: L0[], Ebi: L2[L7[], L7[]], Eib: L2[L0[], L7[]], Eii: L2[L0[], L0[]], put: L2[V2, V3] -> V0 -> V1 -> L2[V2, V0], tr: L7[]
[16:07:44.242611]	Exploring 0: L0[], 1: L0[], Ebi: L2[L7[], L7[]], Eib: L2[L0[], L7[]], Eii: L2[L0[], L0[]], put: L2[V2, V3] -> V0 -> V1 -> L2[V2, V1], tr: L7[]
[16:07:44.242968]	Exploring 0: L0[], 1: L0[], Ebi: L2[L7[], L7[]], Eib: L2[L0[], L7[]], Eii: L2[L0[], L0[]], put: L2[V2, V3] -> V0 -> V1 -> L2[V2, V2], tr: L7[]
[16:07:44.243316]	Exploring 0: L0[], 1: L0[], Ebi: L2[L7[], L7[]], Eib: L2[L0[], L7[]], Eii: L2[L0[], L0[]], put: L2[V2, V3] -> V0 -> V1 -> L2[V2, V3], tr: L7[]
[16:07:44.243693]	Exploring 0: L0[], 1: L0[], Ebi: L2[L7[], L7[]], Eib: L2[L0[], L7[]], Eii: L2[L0[], L0[]], put: L2[V2, V3] -> V0 -> V1 -> L2[V3, _9_], tr: L7[]
[16:07:44.243913]	Exploring 0: L0[], 1: L0[], Ebi: L2[L7[], L7[]], Eib: L2[L0[], L7[]], Eii: L2[L0[], L0[]], put: L2[V2, V3] -> V0 -> V1 -> L2[V3, L0[]], tr: L7[]
[16:07:44.244284]	Exploring 0: L0[], 1: L0[], Ebi: L2[L7[], L7[]], Eib: L2[L0[], L7[]], Eii: L2[L0[], L0[]], put: L2[V2, V3] -> V0 -> V1 -> L2[V3, L7[]], tr: L7[]
[16:07:44.244669]	Exploring 0: L0[], 1: L0[], Ebi: L2[L7[], L7[]], Eib: L2[L0[], L7[]], Eii: L2[L0[], L0[]], put: L2[V2, V3] -> V0 -> V1 -> L2[V3, V0], tr: L7[]
[16:07:44.245076]	Exploring 0: L0[], 1: L0[], Ebi: L2[L7[], L7[]], Eib: L2[L0[], L7[]], Eii: L2[L0[], L0[]], put: L2[V2, V3] -> V0 -> V1 -> L2[V3, V1], tr: L7[]
[16:07:44.245444]	Exploring 0: L0[], 1: L0[], Ebi: L2[L7[], L7[]], Eib: L2[L0[], L7[]], Eii: L2[L0[], L0[]], put: L2[V2, V3] -> V0 -> V1 -> L2[V3, V2], tr: L7[]
[16:07:44.245802]	Exploring 0: L0[], 1: L0[], Ebi: L2[L7[], L7[]], Eib: L2[L0[], L7[]], Eii: L2[L0[], L0[]], put: L2[V2, V3] -> V0 -> V1 -> L2[V3, V3], tr: L7[]
[16:07:44.246092]	Exploring 0: L0[], 1: L0[], Ebi: L2[L7[], L7[]], Eib: L2[L0[], L7[]], Eii: L2[L0[], L7[]], put: L2[_6_, _7_] -> V0 -> V1 -> L2[_8_, _9_], tr: L7[]
[16:07:44.246251]	Exploring 0: L0[], 1: L0[], Ebi: L2[L7[], L7[]], Eib: L2[L0[], L7[]], Eii: L2[L0[], L7[]], put: L2[V0, _7_] -> V0 -> V1 -> L2[_8_, _9_], tr: L7[]
[16:07:44.246432]	Exploring 0: L0[], 1: L0[], Ebi: L2[L7[], L7[]], Eib: L2[L0[], L7[]], Eii: L2[L0[], L7[]], put: L2[V0, L7[]] -> V0 -> V1 -> L2[_8_, _9_], tr: L7[]
[16:07:44.246594]	Exploring 0: L0[], 1: L0[], Ebi: L2[L7[], L7[]], Eib: L2[L0[], L7[]], Eii: L2[L0[], L7[]], put: L2[V0, L7[]] -> V0 -> V1 -> L2[V0, _9_], tr: L7[]
[16:07:44.246761]	Exploring 0: L0[], 1: L0[], Ebi: L2[L7[], L7[]], Eib: L2[L0[], L7[]], Eii: L2[L0[], L7[]], put: L2[V0, L7[]] -> V0 -> V1 -> L2[V0, L7[]], tr: L7[]
[16:07:44.247171]	Exploring 0: L0[], 1: L0[], Ebi: L2[L7[], L7[]], Eib: L2[L0[], L7[]], Eii: L2[L0[], L7[]], put: L2[V0, V2] -> V0 -> V1 -> L2[_8_, _9_], tr: L7[]
[16:07:44.247351]	Exploring 0: L0[], 1: L0[], Ebi: L2[L7[], L7[]], Eib: L2[L0[], L7[]], Eii: L2[L0[], L7[]], put: L2[V0, V2] -> V0 -> V1 -> L2[V0, _9_], tr: L7[]
[16:07:44.247540]	Exploring 0: L0[], 1: L0[], Ebi: L2[L7[], L7[]], Eib: L2[L0[], L7[]], Eii: L2[L0[], L7[]], put: L2[V0, V2] -> V0 -> V1 -> L2[V0, L0[]], tr: L7[]
[16:07:44.247898]	Exploring 0: L0[], 1: L0[], Ebi: L2[L7[], L7[]], Eib: L2[L0[], L7[]], Eii: L2[L0[], L7[]], put: L2[V0, V2] -> V0 -> V1 -> L2[V0, L7[]], tr: L7[]
[16:07:44.248231]	Exploring 0: L0[], 1: L0[], Ebi: L2[L7[], L7[]], Eib: L2[L0[], L7[]], Eii: L2[L0[], L7[]], put: L2[V0, V2] -> V0 -> V1 -> L2[V0, V0], tr: L7[]
[16:07:44.248583]	Exploring 0: L0[], 1: L0[], Ebi: L2[L7[], L7[]], Eib: L2[L0[], L7[]], Eii: L2[L0[], L7[]], put: L2[V0, V2] -> V0 -> V1 -> L2[V0, V1], tr: L7[]
[16:07:44.248985]	Exploring 0: L0[], 1: L0[], Ebi: L2[L7[], L7[]], Eib: L2[L0[], L7[]], Eii: L2[L0[], L7[]], put: L2[V0, V2] -> V0 -> V1 -> L2[V0, V2], tr: L7[]
[16:07:44.249363]	Exploring 0: L0[], 1: L0[], Ebi: L2[L7[], L7[]], Eib: L2[L0[], L7[]], Eii: L2[L0[], L7[]], put: L2[V2, _7_] -> V0 -> V1 -> L2[_8_, _9_], tr: L7[]
[16:07:44.249539]	Exploring 0: L0[], 1: L0[], Ebi: L2[L7[], L7[]], Eib: L2[L0[], L7[]], Eii: L2[L0[], L7[]], put: L2[V2, L7[]] -> V0 -> V1 -> L2[_8_, _9_], tr: L7[]
[16:07:44.249718]	Exploring 0: L0[], 1: L0[], Ebi: L2[L7[], L7[]], Eib: L2[L0[], L7[]], Eii: L2[L0[], L7[]], put: L2[V2, L7[]] -> V0 -> V1 -> L2[L0[], _9_], tr: L7[]
[16:07:44.249899]	Exploring 0: L0[], 1: L0[], Ebi: L2[L7[], L7[]], Eib: L2[L0[], L7[]], Eii: L2[L0[], L7[]], put: L2[V2, L7[]] -> V0 -> V1 -> L2[L0[], L7[]], tr: L7[]
[16:07:44.250301]	Exploring 0: L0[], 1: L0[], Ebi: L2[L7[], L7[]], Eib: L2[L0[], L7[]], Eii: L2[L0[], L7[]], put: L2[V2, L7[]] -> V0 -> V1 -> L2[L7[], _9_], tr: L7[]
[16:07:44.250490]	Exploring 0: L0[], 1: L0[], Ebi: L2[L7[], L7[]], Eib: L2[L0[], L7[]], Eii: L2[L0[], L7[]], put: L2[V2, L7[]] -> V0 -> V1 -> L2[L7[], L7[]], tr: L7[]
[16:07:44.250919]	Exploring 0: L0[], 1: L0[], Ebi: L2[L7[], L7[]], Eib: L2[L0[], L7[]], Eii: L2[L0[], L7[]], put: L2[V2, L7[]] -> V0 -> V1 -> L2[V0, _9_], tr: L7[]
[16:07:44.251111]	Exploring 0: L0[], 1: L0[], Ebi: L2[L7[], L7[]], Eib: L2[L0[], L7[]], Eii: L2[L0[], L7[]], put: L2[V2, L7[]] -> V0 -> V1 -> L2[V0, L7[]], tr: L7[]
[16:07:44.251541]	Exploring 0: L0[], 1: L0[], Ebi: L2[L7[], L7[]], Eib: L2[L0[], L7[]], Eii: L2[L0[], L7[]], put: L2[V2, L7[]] -> V0 -> V1 -> L2[V1, _9_], tr: L7[]
[16:07:44.251739]	Exploring 0: L0[], 1: L0[], Ebi: L2[L7[], L7[]], Eib: L2[L0[], L7[]], Eii: L2[L0[], L7[]], put: L2[V2, L7[]] -> V0 -> V1 -> L2[V1, L7[]], tr: L7[]
[16:07:44.252150]	Exploring 0: L0[], 1: L0[], Ebi: L2[L7[], L7[]], Eib: L2[L0[], L7[]], Eii: L2[L0[], L7[]], put: L2[V2, L7[]] -> V0 -> V1 -> L2[V2, _9_], tr: L7[]
[16:07:44.252332]	Exploring 0: L0[], 1: L0[], Ebi: L2[L7[], L7[]], Eib: L2[L0[], L7[]], Eii: L2[L0[], L7[]], put: L2[V2, L7[]] -> V0 -> V1 -> L2[V2, L7[]], tr: L7[]
[16:07:44.252799]	Exploring 0: L0[], 1: L0[], Ebi: L2[L7[], L7[]], Eib: L2[L0[], L7[]], Eii: L2[L0[], L7[]], put: L2[V2, V3] -> V0 -> V1 -> L2[_8_, _9_], tr: L7[]
[16:07:44.252982]	Exploring 0: L0[], 1: L0[], Ebi: L2[L7[], L7[]], Eib: L2[L0[], L7[]], Eii: L2[L0[], L7[]], put: L2[V2, V3] -> V0 -> V1 -> L2[L0[], _9_], tr: L7[]
[16:07:44.253164]	Exploring 0: L0[], 1: L0[], Ebi: L2[L7[], L7[]], Eib: L2[L0[], L7[]], Eii: L2[L0[], L7[]], put: L2[V2, V3] -> V0 -> V1 -> L2[L0[], L0[]], tr: L7[]
[16:07:44.253525]	Exploring 0: L0[], 1: L0[], Ebi: L2[L7[], L7[]], Eib: L2[L0[], L7[]], Eii: L2[L0[], L7[]], put: L2[V2, V3] -> V0 -> V1 -> L2[L0[], L7[]], tr: L7[]
[16:07:44.253919]	Exploring 0: L0[], 1: L0[], Ebi: L2[L7[], L7[]], Eib: L2[L0[], L7[]], Eii: L2[L0[], L7[]], put: L2[V2, V3] -> V0 -> V1 -> L2[L0[], V0], tr: L7[]
[16:07:44.254337]	Exploring 0: L0[], 1: L0[], Ebi: L2[L7[], L7[]], Eib: L2[L0[], L7[]], Eii: L2[L0[], L7[]], put: L2[V2, V3] -> V0 -> V1 -> L2[L0[], V1], tr: L7[]
[16:07:44.254746]	Exploring 0: L0[], 1: L0[], Ebi: L2[L7[], L7[]], Eib: L2[L0[], L7[]], Eii: L2[L0[], L7[]], put: L2[V2, V3] -> V0 -> V1 -> L2[L0[], V2], tr: L7[]
[16:07:44.255125]	Exploring 0: L0[], 1: L0[], Ebi: L2[L7[], L7[]], Eib: L2[L0[], L7[]], Eii: L2[L0[], L7[]], put: L2[V2, V3] -> V0 -> V1 -> L2[L0[], V3], tr: L7[]
[16:07:44.255503]	Exploring 0: L0[], 1: L0[], Ebi: L2[L7[], L7[]], Eib: L2[L0[], L7[]], Eii: L2[L0[], L7[]], put: L2[V2, V3] -> V0 -> V1 -> L2[L7[], _9_], tr: L7[]
[16:07:44.255698]	Exploring 0: L0[], 1: L0[], Ebi: L2[L7[], L7[]], Eib: L2[L0[], L7[]], Eii: L2[L0[], L7[]], put: L2[V2, V3] -> V0 -> V1 -> L2[L7[], L0[]], tr: L7[]
[16:07:44.256056]	Exploring 0: L0[], 1: L0[], Ebi: L2[L7[], L7[]], Eib: L2[L0[], L7[]], Eii: L2[L0[], L7[]], put: L2[V2, V3] -> V0 -> V1 -> L2[L7[], L7[]], tr: L7[]
[16:07:44.256424]	Exploring 0: L0[], 1: L0[], Ebi: L2[L7[], L7[]], Eib: L2[L0[], L7[]], Eii: L2[L0[], L7[]], put: L2[V2, V3] -> V0 -> V1 -> L2[L7[], V0], tr: L7[]
[16:07:44.256825]	Exploring 0: L0[], 1: L0[], Ebi: L2[L7[], L7[]], Eib: L2[L0[], L7[]], Eii: L2[L0[], L7[]], put: L2[V2, V3] -> V0 -> V1 -> L2[L7[], V1], tr: L7[]
[16:07:44.257196]	Exploring 0: L0[], 1: L0[], Ebi: L2[L7[], L7[]], Eib: L2[L0[], L7[]], Eii: L2[L0[], L7[]], put: L2[V2, V3] -> V0 -> V1 -> L2[L7[], V2], tr: L7[]
[16:07:44.257560]	Exploring 0: L0[], 1: L0[], Ebi: L2[L7[], L7[]], Eib: L2[L0[], L7[]], Eii: L2[L0[], L7[]], put: L2[V2, V3] -> V0 -> V1 -> L2[L7[], V3], tr: L7[]
[16:07:44.257935]	Exploring 0: L0[], 1: L0[], Ebi: L2[L7[], L7[]], Eib: L2[L0[], L7[]], Eii: L2[L0[], L7[]], put: L2[V2, V3] -> V0 -> V1 -> L2[V0, _9_], tr: L7[]
[16:07:44.258159]	Exploring 0: L0[], 1: L0[], Ebi: L2[L7[], L7[]], Eib: L2[L0[], L7[]], Eii: L2[L0[], L7[]], put: L2[V2, V3] -> V0 -> V1 -> L2[V0, L0[]], tr: L7[]
[16:07:44.258554]	Exploring 0: L0[], 1: L0[], Ebi: L2[L7[], L7[]], Eib: L2[L0[], L7[]], Eii: L2[L0[], L7[]], put: L2[V2, V3] -> V0 -> V1 -> L2[V0, L7[]], tr: L7[]
[16:07:44.258957]	Exploring 0: L0[], 1: L0[], Ebi: L2[L7[], L7[]], Eib: L2[L0[], L7[]], Eii: L2[L0[], L7[]], put: L2[V2, V3] -> V0 -> V1 -> L2[V0, V0], tr: L7[]
[16:07:44.259350]	Exploring 0: L0[], 1: L0[], Ebi: L2[L7[], L7[]], Eib: L2[L0[], L7[]], Eii: L2[L0[], L7[]], put: L2[V2, V3] -> V0 -> V1 -> L2[V0, V1], tr: L7[]
[16:07:44.259749]	Exploring 0: L0[], 1: L0[], Ebi: L2[L7[], L7[]], Eib: L2[L0[], L7[]], Eii: L2[L0[], L7[]], put: L2[V2, V3] -> V0 -> V1 -> L2[V0, V2], tr: L7[]
[16:07:44.260139]	Exploring 0: L0[], 1: L0[], Ebi: L2[L7[], L7[]], Eib: L2[L0[], L7[]], Eii: L2[L0[], L7[]], put: L2[V2, V3] -> V0 -> V1 -> L2[V0, V3], tr: L7[]
[16:07:44.260530]	Exploring 0: L0[], 1: L0[], Ebi: L2[L7[], L7[]], Eib: L2[L0[], L7[]], Eii: L2[L0[], L7[]], put: L2[V2, V3] -> V0 -> V1 -> L2[V1, _9_], tr: L7[]
[16:07:44.260760]	Exploring 0: L0[], 1: L0[], Ebi: L2[L7[], L7[]], Eib: L2[L0[], L7[]], Eii: L2[L0[], L7[]], put: L2[V2, V3] -> V0 -> V1 -> L2[V1, L0[]], tr: L7[]
[16:07:44.261160]	Exploring 0: L0[], 1: L0[], Ebi: L2[L7[], L7[]], Eib: L2[L0[], L7[]], Eii: L2[L0[], L7[]], put: L2[V2, V3] -> V0 -> V1 -> L2[V1, L7[]], tr: L7[]
[16:07:44.261563]	Exploring 0: L0[], 1: L0[], Ebi: L2[L7[], L7[]], Eib: L2[L0[], L7[]], Eii: L2[L0[], L7[]], put: L2[V2, V3] -> V0 -> V1 -> L2[V1, V0], tr: L7[]
[16:07:44.261954]	Exploring 0: L0[], 1: L0[], Ebi: L2[L7[], L7[]], Eib: L2[L0[], L7[]], Eii: L2[L0[], L7[]], put: L2[V2, V3] -> V0 -> V1 -> L2[V1, V1], tr: L7[]
[16:07:44.262347]	Exploring 0: L0[], 1: L0[], Ebi: L2[L7[], L7[]], Eib: L2[L0[], L7[]], Eii: L2[L0[], L7[]], put: L2[V2, V3] -> V0 -> V1 -> L2[V1, V2], tr: L7[]
[16:07:44.262760]	Exploring 0: L0[], 1: L0[], Ebi: L2[L7[], L7[]], Eib: L2[L0[], L7[]], Eii: L2[L0[], L7[]], put: L2[V2, V3] -> V0 -> V1 -> L2[V1, V3], tr: L7[]
[16:07:44.263134]	Exploring 0: L0[], 1: L0[], Ebi: L2[L7[], L7[]], Eib: L2[L0[], L7[]], Eii: L2[L0[], L7[]], put: L2[V2, V3] -> V0 -> V1 -> L2[V2, _9_], tr: L7[]
[16:07:44.263344]	Exploring 0: L0[], 1: L0[], Ebi: L2[L7[], L7[]], Eib: L2[L0[], L7[]], Eii: L2[L0[], L7[]], put: L2[V2, V3] -> V0 -> V1 -> L2[V2, L0[]], tr: L7[]
[16:07:44.263603]	Exploring 0: L0[], 1: L0[], Ebi: L2[L7[], L7[]], Eib: L2[L0[], L7[]], Eii: L2[L0[], L7[]], put: L2[V2, V3] -> V0 -> V1 -> L2[V2, L7[]], tr: L7[]
[16:07:44.263834]	Exploring 0: L0[], 1: L0[], Ebi: L2[L7[], L7[]], Eib: L2[L0[], L7[]], Eii: L2[L0[], L7[]], put: L2[V2, V3] -> V0 -> V1 -> L2[V2, V0], tr: L7[]
[16:07:44.264078]	Exploring 0: L0[], 1: L0[], Ebi: L2[L7[], L7[]], Eib: L2[L0[], L7[]], Eii: L2[L0[], L7[]], put: L2[V2, V3] -> V0 -> V1 -> L2[V2, V1], tr: L7[]
[16:07:44.264300]	Exploring 0: L0[], 1: L0[], Ebi: L2[L7[], L7[]], Eib: L2[L0[], L7[]], Eii: L2[L0[], L7[]], put: L2[V2, V3] -> V0 -> V1 -> L2[V2, V2], tr: L7[]
[16:07:44.264510]	Exploring 0: L0[], 1: L0[], Ebi: L2[L7[], L7[]], Eib: L2[L0[], L7[]], Eii: L2[L0[], L7[]], put: L2[V2, V3] -> V0 -> V1 -> L2[V2, V3], tr: L7[]
[16:07:44.264731]	Exploring 0: L0[], 1: L0[], Ebi: L2[L7[], L7[]], Eib: L2[L0[], L7[]], Eii: L2[L0[], L7[]], put: L2[V2, V3] -> V0 -> V1 -> L2[V3, _9_], tr: L7[]
[16:07:44.264861]	Exploring 0: L0[], 1: L0[], Ebi: L2[L7[], L7[]], Eib: L2[L0[], L7[]], Eii: L2[L0[], L7[]], put: L2[V2, V3] -> V0 -> V1 -> L2[V3, L0[]], tr: L7[]
[16:07:44.265084]	Exploring 0: L0[], 1: L0[], Ebi: L2[L7[], L7[]], Eib: L2[L0[], L7[]], Eii: L2[L0[], L7[]], put: L2[V2, V3] -> V0 -> V1 -> L2[V3, L7[]], tr: L7[]
[16:07:44.265311]	Exploring 0: L0[], 1: L0[], Ebi: L2[L7[], L7[]], Eib: L2[L0[], L7[]], Eii: L2[L0[], L7[]], put: L2[V2, V3] -> V0 -> V1 -> L2[V3, V0], tr: L7[]
[16:07:44.265563]	Exploring 0: L0[], 1: L0[], Ebi: L2[L7[], L7[]], Eib: L2[L0[], L7[]], Eii: L2[L0[], L7[]], put: L2[V2, V3] -> V0 -> V1 -> L2[V3, V1], tr: L7[]
[16:07:44.265811]	Exploring 0: L0[], 1: L0[], Ebi: L2[L7[], L7[]], Eib: L2[L0[], L7[]], Eii: L2[L0[], L7[]], put: L2[V2, V3] -> V0 -> V1 -> L2[V3, V2], tr: L7[]
[16:07:44.266019]	Exploring 0: L0[], 1: L0[], Ebi: L2[L7[], L7[]], Eib: L2[L0[], L7[]], Eii: L2[L0[], L7[]], put: L2[V2, V3] -> V0 -> V1 -> L2[V3, V3], tr: L7[]
[16:07:44.266347]	Exploring 0: L0[], 1: L0[], Ebi: L2[L7[], L7[]], Eib: L2[L0[], L7[]], Eii: L2[L7[], _5_], put: L2[_6_, _7_] -> V0 -> V1 -> L2[_8_, _9_], tr: L7[]
[16:07:44.266432]	Exploring 0: L0[], 1: L0[], Ebi: L2[L7[], L7[]], Eib: L2[L0[], L7[]], Eii: L2[L7[], L0[]], put: L2[_6_, _7_] -> V0 -> V1 -> L2[_8_, _9_], tr: L7[]
[16:07:44.266572]	Exploring 0: L0[], 1: L0[], Ebi: L2[L7[], L7[]], Eib: L2[L0[], L7[]], Eii: L2[L7[], L0[]], put: L2[V2, _7_] -> V0 -> V1 -> L2[_8_, _9_], tr: L7[]
[16:07:44.266707]	Exploring 0: L0[], 1: L0[], Ebi: L2[L7[], L7[]], Eib: L2[L0[], L7[]], Eii: L2[L7[], L0[]], put: L2[V2, V3] -> V0 -> V1 -> L2[_8_, _9_], tr: L7[]
[16:07:44.266811]	Exploring 0: L0[], 1: L0[], Ebi: L2[L7[], L7[]], Eib: L2[L0[], L7[]], Eii: L2[L7[], L0[]], put: L2[V2, V3] -> V0 -> V1 -> L2[L0[], _9_], tr: L7[]
[16:07:44.266919]	Exploring 0: L0[], 1: L0[], Ebi: L2[L7[], L7[]], Eib: L2[L0[], L7[]], Eii: L2[L7[], L0[]], put: L2[V2, V3] -> V0 -> V1 -> L2[L0[], L0[]], tr: L7[]
[16:07:44.267116]	Exploring 0: L0[], 1: L0[], Ebi: L2[L7[], L7[]], Eib: L2[L0[], L7[]], Eii: L2[L7[], L0[]], put: L2[V2, V3] -> V0 -> V1 -> L2[L0[], L7[]], tr: L7[]
[16:07:44.267334]	Exploring 0: L0[], 1: L0[], Ebi: L2[L7[], L7[]], Eib: L2[L0[], L7[]], Eii: L2[L7[], L0[]], put: L2[V2, V3] -> V0 -> V1 -> L2[L0[], V0], tr: L7[]
[16:07:44.267588]	Exploring 0: L0[], 1: L0[], Ebi: L2[L7[], L7[]], Eib: L2[L0[], L7[]], Eii: L2[L7[], L0[]], put: L2[V2, V3] -> V0 -> V1 -> L2[L0[], V1], tr: L7[]
[16:07:44.267814]	Exploring 0: L0[], 1: L0[], Ebi: L2[L7[], L7[]], Eib: L2[L0[], L7[]], Eii: L2[L7[], L0[]], put: L2[V2, V3] -> V0 -> V1 -> L2[L0[], V2], tr: L7[]
[16:07:44.268034]	Exploring 0: L0[], 1: L0[], Ebi: L2[L7[], L7[]], Eib: L2[L0[], L7[]], Eii: L2[L7[], L0[]], put: L2[V2, V3] -> V0 -> V1 -> L2[L0[], V3], tr: L7[]
[16:07:44.268245]	Exploring 0: L0[], 1: L0[], Ebi: L2[L7[], L7[]], Eib: L2[L0[], L7[]], Eii: L2[L7[], L0[]], put: L2[V2, V3] -> V0 -> V1 -> L2[L7[], _9_], tr: L7[]
[16:07:44.268355]	Exploring 0: L0[], 1: L0[], Ebi: L2[L7[], L7[]], Eib: L2[L0[], L7[]], Eii: L2[L7[], L0[]], put: L2[V2, V3] -> V0 -> V1 -> L2[L7[], L0[]], tr: L7[]
[16:07:44.268548]	Exploring 0: L0[], 1: L0[], Ebi: L2[L7[], L7[]], Eib: L2[L0[], L7[]], Eii: L2[L7[], L0[]], put: L2[V2, V3] -> V0 -> V1 -> L2[L7[], L7[]], tr: L7[]
[16:07:44.268760]	Exploring 0: L0[], 1: L0[], Ebi: L2[L7[], L7[]], Eib: L2[L0[], L7[]], Eii: L2[L7[], L0[]], put: L2[V2, V3] -> V0 -> V1 -> L2[L7[], V0], tr: L7[]
[16:07:44.268998]	Exploring 0: L0[], 1: L0[], Ebi: L2[L7[], L7[]], Eib: L2[L0[], L7[]], Eii: L2[L7[], L0[]], put: L2[V2, V3] -> V0 -> V1 -> L2[L7[], V1], tr: L7[]
[16:07:44.269220]	Exploring 0: L0[], 1: L0[], Ebi: L2[L7[], L7[]], Eib: L2[L0[], L7[]], Eii: L2[L7[], L0[]], put: L2[V2, V3] -> V0 -> V1 -> L2[L7[], V2], tr: L7[]
[16:07:44.269431]	Exploring 0: L0[], 1: L0[], Ebi: L2[L7[], L7[]], Eib: L2[L0[], L7[]], Eii: L2[L7[], L0[]], put: L2[V2, V3] -> V0 -> V1 -> L2[L7[], V3], tr: L7[]
[16:07:44.269656]	Exploring 0: L0[], 1: L0[], Ebi: L2[L7[], L7[]], Eib: L2[L0[], L7[]], Eii: L2[L7[], L0[]], put: L2[V2, V3] -> V0 -> V1 -> L2[V0, _9_], tr: L7[]
[16:07:44.269794]	Exploring 0: L0[], 1: L0[], Ebi: L2[L7[], L7[]], Eib: L2[L0[], L7[]], Eii: L2[L7[], L0[]], put: L2[V2, V3] -> V0 -> V1 -> L2[V0, L0[]], tr: L7[]
[16:07:44.270021]	Exploring 0: L0[], 1: L0[], Ebi: L2[L7[], L7[]], Eib: L2[L0[], L7[]], Eii: L2[L7[], L0[]], put: L2[V2, V3] -> V0 -> V1 -> L2[V0, L7[]], tr: L7[]
[16:07:44.270240]	Exploring 0: L0[], 1: L0[], Ebi: L2[L7[], L7[]], Eib: L2[L0[], L7[]], Eii: L2[L7[], L0[]], put: L2[V2, V3] -> V0 -> V1 -> L2[V0, V0], tr: L7[]
[16:07:44.270462]	Exploring 0: L0[], 1: L0[], Ebi: L2[L7[], L7[]], Eib: L2[L0[], L7[]], Eii: L2[L7[], L0[]], put: L2[V2, V3] -> V0 -> V1 -> L2[V0, V1], tr: L7[]
[16:07:44.270702]	Exploring 0: L0[], 1: L0[], Ebi: L2[L7[], L7[]], Eib: L2[L0[], L7[]], Eii: L2[L7[], L0[]], put: L2[V2, V3] -> V0 -> V1 -> L2[V0, V2], tr: L7[]
[16:07:44.270928]	Exploring 0: L0[], 1: L0[], Ebi: L2[L7[], L7[]], Eib: L2[L0[], L7[]], Eii: L2[L7[], L0[]], put: L2[V2, V3] -> V0 -> V1 -> L2[V0, V3], tr: L7[]
[16:07:44.271150]	Exploring 0: L0[], 1: L0[], Ebi: L2[L7[], L7[]], Eib: L2[L0[], L7[]], Eii: L2[L7[], L0[]], put: L2[V2, V3] -> V0 -> V1 -> L2[V1, _9_], tr: L7[]
[16:07:44.271281]	Exploring 0: L0[], 1: L0[], Ebi: L2[L7[], L7[]], Eib: L2[L0[], L7[]], Eii: L2[L7[], L0[]], put: L2[V2, V3] -> V0 -> V1 -> L2[V1, L0[]], tr: L7[]
[16:07:44.271527]	Exploring 0: L0[], 1: L0[], Ebi: L2[L7[], L7[]], Eib: L2[L0[], L7[]], Eii: L2[L7[], L0[]], put: L2[V2, V3] -> V0 -> V1 -> L2[V1, L7[]], tr: L7[]
[16:07:44.271777]	Exploring 0: L0[], 1: L0[], Ebi: L2[L7[], L7[]], Eib: L2[L0[], L7[]], Eii: L2[L7[], L0[]], put: L2[V2, V3] -> V0 -> V1 -> L2[V1, V0], tr: L7[]
[16:07:44.271999]	Exploring 0: L0[], 1: L0[], Ebi: L2[L7[], L7[]], Eib: L2[L0[], L7[]], Eii: L2[L7[], L0[]], put: L2[V2, V3] -> V0 -> V1 -> L2[V1, V1], tr: L7[]
[16:07:44.272220]	Exploring 0: L0[], 1: L0[], Ebi: L2[L7[], L7[]], Eib: L2[L0[], L7[]], Eii: L2[L7[], L0[]], put: L2[V2, V3] -> V0 -> V1 -> L2[V1, V2], tr: L7[]
[16:07:44.272441]	Exploring 0: L0[], 1: L0[], Ebi: L2[L7[], L7[]], Eib: L2[L0[], L7[]], Eii: L2[L7[], L0[]], put: L2[V2, V3] -> V0 -> V1 -> L2[V1, V3], tr: L7[]
[16:07:44.272645]	Exploring 0: L0[], 1: L0[], Ebi: L2[L7[], L7[]], Eib: L2[L0[], L7[]], Eii: L2[L7[], L0[]], put: L2[V2, V3] -> V0 -> V1 -> L2[V2, _9_], tr: L7[]
[16:07:44.272759]	Exploring 0: L0[], 1: L0[], Ebi: L2[L7[], L7[]], Eib: L2[L0[], L7[]], Eii: L2[L7[], L0[]], put: L2[V2, V3] -> V0 -> V1 -> L2[V2, L0[]], tr: L7[]
[16:07:44.272958]	Exploring 0: L0[], 1: L0[], Ebi: L2[L7[], L7[]], Eib: L2[L0[], L7[]], Eii: L2[L7[], L0[]], put: L2[V2, V3] -> V0 -> V1 -> L2[V2, L7[]], tr: L7[]
[16:07:44.273168]	Exploring 0: L0[], 1: L0[], Ebi: L2[L7[], L7[]], Eib: L2[L0[], L7[]], Eii: L2[L7[], L0[]], put: L2[V2, V3] -> V0 -> V1 -> L2[V2, V0], tr: L7[]
[16:07:44.273401]	Exploring 0: L0[], 1: L0[], Ebi: L2[L7[], L7[]], Eib: L2[L0[], L7[]], Eii: L2[L7[], L0[]], put: L2[V2, V3] -> V0 -> V1 -> L2[V2, V1], tr: L7[]
[16:07:44.273611]	Exploring 0: L0[], 1: L0[], Ebi: L2[L7[], L7[]], Eib: L2[L0[], L7[]], Eii: L2[L7[], L0[]], put: L2[V2, V3] -> V0 -> V1 -> L2[V2, V2], tr: L7[]
[16:07:44.273829]	Exploring 0: L0[], 1: L0[], Ebi: L2[L7[], L7[]], Eib: L2[L0[], L7[]], Eii: L2[L7[], L0[]], put: L2[V2, V3] -> V0 -> V1 -> L2[V2, V3], tr: L7[]
[16:07:44.274041]	Exploring 0: L0[], 1: L0[], Ebi: L2[L7[], L7[]], Eib: L2[L0[], L7[]], Eii: L2[L7[], L0[]], put: L2[V2, V3] -> V0 -> V1 -> L2[V3, _9_], tr: L7[]
[16:07:44.274160]	Exploring 0: L0[], 1: L0[], Ebi: L2[L7[], L7[]], Eib: L2[L0[], L7[]], Eii: L2[L7[], L0[]], put: L2[V2, V3] -> V0 -> V1 -> L2[V3, L0[]], tr: L7[]
[16:07:44.274378]	Exploring 0: L0[], 1: L0[], Ebi: L2[L7[], L7[]], Eib: L2[L0[], L7[]], Eii: L2[L7[], L0[]], put: L2[V2, V3] -> V0 -> V1 -> L2[V3, L7[]], tr: L7[]
[16:07:44.274598]	Exploring 0: L0[], 1: L0[], Ebi: L2[L7[], L7[]], Eib: L2[L0[], L7[]], Eii: L2[L7[], L0[]], put: L2[V2, V3] -> V0 -> V1 -> L2[V3, V0], tr: L7[]
[16:07:44.274838]	Exploring 0: L0[], 1: L0[], Ebi: L2[L7[], L7[]], Eib: L2[L0[], L7[]], Eii: L2[L7[], L0[]], put: L2[V2, V3] -> V0 -> V1 -> L2[V3, V1], tr: L7[]
[16:07:44.275050]	Exploring 0: L0[], 1: L0[], Ebi: L2[L7[], L7[]], Eib: L2[L0[], L7[]], Eii: L2[L7[], L0[]], put: L2[V2, V3] -> V0 -> V1 -> L2[V3, V2], tr: L7[]
[16:07:44.275254]	Exploring 0: L0[], 1: L0[], Ebi: L2[L7[], L7[]], Eib: L2[L0[], L7[]], Eii: L2[L7[], L0[]], put: L2[V2, V3] -> V0 -> V1 -> L2[V3, V3], tr: L7[]
[16:07:44.275427]	Exploring 0: L0[], 1: L0[], Ebi: L2[L7[], L7[]], Eib: L2[L0[], L7[]], Eii: L2[L7[], L7[]], put: L2[_6_, _7_] -> V0 -> V1 -> L2[_8_, _9_], tr: L7[]
[16:07:44.275554]	Exploring 0: L0[], 1: L0[], Ebi: L2[L7[], L7[]], Eib: L2[L0[], L7[]], Eii: L2[L7[], L7[]], put: L2[V2, _7_] -> V0 -> V1 -> L2[_8_, _9_], tr: L7[]
[16:07:44.275653]	Exploring 0: L0[], 1: L0[], Ebi: L2[L7[], L7[]], Eib: L2[L0[], L7[]], Eii: L2[L7[], L7[]], put: L2[V2, L7[]] -> V0 -> V1 -> L2[_8_, _9_], tr: L7[]
[16:07:44.275759]	Exploring 0: L0[], 1: L0[], Ebi: L2[L7[], L7[]], Eib: L2[L0[], L7[]], Eii: L2[L7[], L7[]], put: L2[V2, L7[]] -> V0 -> V1 -> L2[L0[], _9_], tr: L7[]
[16:07:44.275859]	Exploring 0: L0[], 1: L0[], Ebi: L2[L7[], L7[]], Eib: L2[L0[], L7[]], Eii: L2[L7[], L7[]], put: L2[V2, L7[]] -> V0 -> V1 -> L2[L0[], L7[]], tr: L7[]
[16:07:44.276082]	Exploring 0: L0[], 1: L0[], Ebi: L2[L7[], L7[]], Eib: L2[L0[], L7[]], Eii: L2[L7[], L7[]], put: L2[V2, L7[]] -> V0 -> V1 -> L2[L7[], _9_], tr: L7[]
[16:07:44.276182]	Exploring 0: L0[], 1: L0[], Ebi: L2[L7[], L7[]], Eib: L2[L0[], L7[]], Eii: L2[L7[], L7[]], put: L2[V2, L7[]] -> V0 -> V1 -> L2[L7[], L7[]], tr: L7[]
[16:07:44.276409]	Exploring 0: L0[], 1: L0[], Ebi: L2[L7[], L7[]], Eib: L2[L0[], L7[]], Eii: L2[L7[], L7[]], put: L2[V2, L7[]] -> V0 -> V1 -> L2[V0, _9_], tr: L7[]
[16:07:44.276519]	Exploring 0: L0[], 1: L0[], Ebi: L2[L7[], L7[]], Eib: L2[L0[], L7[]], Eii: L2[L7[], L7[]], put: L2[V2, L7[]] -> V0 -> V1 -> L2[V0, L7[]], tr: L7[]
[16:07:44.276775]	Exploring 0: L0[], 1: L0[], Ebi: L2[L7[], L7[]], Eib: L2[L0[], L7[]], Eii: L2[L7[], L7[]], put: L2[V2, L7[]] -> V0 -> V1 -> L2[V1, _9_], tr: L7[]
[16:07:44.276883]	Exploring 0: L0[], 1: L0[], Ebi: L2[L7[], L7[]], Eib: L2[L0[], L7[]], Eii: L2[L7[], L7[]], put: L2[V2, L7[]] -> V0 -> V1 -> L2[V1, L7[]], tr: L7[]
[16:07:44.277106]	Exploring 0: L0[], 1: L0[], Ebi: L2[L7[], L7[]], Eib: L2[L0[], L7[]], Eii: L2[L7[], L7[]], put: L2[V2, L7[]] -> V0 -> V1 -> L2[V2, _9_], tr: L7[]
[16:07:44.277206]	Exploring 0: L0[], 1: L0[], Ebi: L2[L7[], L7[]], Eib: L2[L0[], L7[]], Eii: L2[L7[], L7[]], put: L2[V2, L7[]] -> V0 -> V1 -> L2[V2, L7[]], tr: L7[]
[16:07:44.277462]	Exploring 0: L0[], 1: L0[], Ebi: L2[L7[], L7[]], Eib: L2[L0[], L7[]], Eii: L2[L7[], L7[]], put: L2[V2, V3] -> V0 -> V1 -> L2[_8_, _9_], tr: L7[]
[16:07:44.277563]	Exploring 0: L0[], 1: L0[], Ebi: L2[L7[], L7[]], Eib: L2[L0[], L7[]], Eii: L2[L7[], L7[]], put: L2[V2, V3] -> V0 -> V1 -> L2[L0[], _9_], tr: L7[]
[16:07:44.277678]	Exploring 0: L0[], 1: L0[], Ebi: L2[L7[], L7[]], Eib: L2[L0[], L7[]], Eii: L2[L7[], L7[]], put: L2[V2, V3] -> V0 -> V1 -> L2[L0[], L0[]], tr: L7[]
[16:07:44.277888]	Exploring 0: L0[], 1: L0[], Ebi: L2[L7[], L7[]], Eib: L2[L0[], L7[]], Eii: L2[L7[], L7[]], put: L2[V2, V3] -> V0 -> V1 -> L2[L0[], L7[]], tr: L7[]
[16:07:44.278103]	Exploring 0: L0[], 1: L0[], Ebi: L2[L7[], L7[]], Eib: L2[L0[], L7[]], Eii: L2[L7[], L7[]], put: L2[V2, V3] -> V0 -> V1 -> L2[L0[], V0], tr: L7[]
[16:07:44.278358]	Exploring 0: L0[], 1: L0[], Ebi: L2[L7[], L7[]], Eib: L2[L0[], L7[]], Eii: L2[L7[], L7[]], put: L2[V2, V3] -> V0 -> V1 -> L2[L0[], V1], tr: L7[]
[16:07:44.278597]	Exploring 0: L0[], 1: L0[], Ebi: L2[L7[], L7[]], Eib: L2[L0[], L7[]], Eii: L2[L7[], L7[]], put: L2[V2, V3] -> V0 -> V1 -> L2[L0[], V2], tr: L7[]
[16:07:44.278820]	Exploring 0: L0[], 1: L0[], Ebi: L2[L7[], L7[]], Eib: L2[L0[], L7[]], Eii: L2[L7[], L7[]], put: L2[V2, V3] -> V0 -> V1 -> L2[L0[], V3], tr: L7[]
[16:07:44.279043]	Exploring 0: L0[], 1: L0[], Ebi: L2[L7[], L7[]], Eib: L2[L0[], L7[]], Eii: L2[L7[], L7[]], put: L2[V2, V3] -> V0 -> V1 -> L2[L7[], _9_], tr: L7[]
[16:07:44.279169]	Exploring 0: L0[], 1: L0[], Ebi: L2[L7[], L7[]], Eib: L2[L0[], L7[]], Eii: L2[L7[], L7[]], put: L2[V2, V3] -> V0 -> V1 -> L2[L7[], L0[]], tr: L7[]
[16:07:44.279373]	Exploring 0: L0[], 1: L0[], Ebi: L2[L7[], L7[]], Eib: L2[L0[], L7[]], Eii: L2[L7[], L7[]], put: L2[V2, V3] -> V0 -> V1 -> L2[L7[], L7[]], tr: L7[]
[16:07:44.279607]	Exploring 0: L0[], 1: L0[], Ebi: L2[L7[], L7[]], Eib: L2[L0[], L7[]], Eii: L2[L7[], L7[]], put: L2[V2, V3] -> V0 -> V1 -> L2[L7[], V0], tr: L7[]
[16:07:44.279873]	Exploring 0: L0[], 1: L0[], Ebi: L2[L7[], L7[]], Eib: L2[L0[], L7[]], Eii: L2[L7[], L7[]], put: L2[V2, V3] -> V0 -> V1 -> L2[L7[], V1], tr: L7[]
[16:07:44.280101]	Exploring 0: L0[], 1: L0[], Ebi: L2[L7[], L7[]], Eib: L2[L0[], L7[]], Eii: L2[L7[], L7[]], put: L2[V2, V3] -> V0 -> V1 -> L2[L7[], V2], tr: L7[]
[16:07:44.280315]	Exploring 0: L0[], 1: L0[], Ebi: L2[L7[], L7[]], Eib: L2[L0[], L7[]], Eii: L2[L7[], L7[]], put: L2[V2, V3] -> V0 -> V1 -> L2[L7[], V3], tr: L7[]
[16:07:44.280540]	Exploring 0: L0[], 1: L0[], Ebi: L2[L7[], L7[]], Eib: L2[L0[], L7[]], Eii: L2[L7[], L7[]], put: L2[V2, V3] -> V0 -> V1 -> L2[V0, _9_], tr: L7[]
[16:07:44.280680]	Exploring 0: L0[], 1: L0[], Ebi: L2[L7[], L7[]], Eib: L2[L0[], L7[]], Eii: L2[L7[], L7[]], put: L2[V2, V3] -> V0 -> V1 -> L2[V0, L0[]], tr: L7[]
[16:07:44.280915]	Exploring 0: L0[], 1: L0[], Ebi: L2[L7[], L7[]], Eib: L2[L0[], L7[]], Eii: L2[L7[], L7[]], put: L2[V2, V3] -> V0 -> V1 -> L2[V0, L7[]], tr: L7[]
[16:07:44.281146]	Exploring 0: L0[], 1: L0[], Ebi: L2[L7[], L7[]], Eib: L2[L0[], L7[]], Eii: L2[L7[], L7[]], put: L2[V2, V3] -> V0 -> V1 -> L2[V0, V0], tr: L7[]
[16:07:44.281374]	Exploring 0: L0[], 1: L0[], Ebi: L2[L7[], L7[]], Eib: L2[L0[], L7[]], Eii: L2[L7[], L7[]], put: L2[V2, V3] -> V0 -> V1 -> L2[V0, V1], tr: L7[]
[16:07:44.281608]	Exploring 0: L0[], 1: L0[], Ebi: L2[L7[], L7[]], Eib: L2[L0[], L7[]], Eii: L2[L7[], L7[]], put: L2[V2, V3] -> V0 -> V1 -> L2[V0, V2], tr: L7[]
[16:07:44.281860]	Exploring 0: L0[], 1: L0[], Ebi: L2[L7[], L7[]], Eib: L2[L0[], L7[]], Eii: L2[L7[], L7[]], put: L2[V2, V3] -> V0 -> V1 -> L2[V0, V3], tr: L7[]
[16:07:44.282092]	Exploring 0: L0[], 1: L0[], Ebi: L2[L7[], L7[]], Eib: L2[L0[], L7[]], Eii: L2[L7[], L7[]], put: L2[V2, V3] -> V0 -> V1 -> L2[V1, _9_], tr: L7[]
[16:07:44.282229]	Exploring 0: L0[], 1: L0[], Ebi: L2[L7[], L7[]], Eib: L2[L0[], L7[]], Eii: L2[L7[], L7[]], put: L2[V2, V3] -> V0 -> V1 -> L2[V1, L0[]], tr: L7[]
[16:07:44.282475]	Exploring 0: L0[], 1: L0[], Ebi: L2[L7[], L7[]], Eib: L2[L0[], L7[]], Eii: L2[L7[], L7[]], put: L2[V2, V3] -> V0 -> V1 -> L2[V1, L7[]], tr: L7[]
[16:07:44.282731]	Exploring 0: L0[], 1: L0[], Ebi: L2[L7[], L7[]], Eib: L2[L0[], L7[]], Eii: L2[L7[], L7[]], put: L2[V2, V3] -> V0 -> V1 -> L2[V1, V0], tr: L7[]
[16:07:44.282960]	Exploring 0: L0[], 1: L0[], Ebi: L2[L7[], L7[]], Eib: L2[L0[], L7[]], Eii: L2[L7[], L7[]], put: L2[V2, V3] -> V0 -> V1 -> L2[V1, V1], tr: L7[]
[16:07:44.283203]	Exploring 0: L0[], 1: L0[], Ebi: L2[L7[], L7[]], Eib: L2[L0[], L7[]], Eii: L2[L7[], L7[]], put: L2[V2, V3] -> V0 -> V1 -> L2[V1, V2], tr: L7[]
[16:07:44.283444]	Exploring 0: L0[], 1: L0[], Ebi: L2[L7[], L7[]], Eib: L2[L0[], L7[]], Eii: L2[L7[], L7[]], put: L2[V2, V3] -> V0 -> V1 -> L2[V1, V3], tr: L7[]
[16:07:44.283667]	Exploring 0: L0[], 1: L0[], Ebi: L2[L7[], L7[]], Eib: L2[L0[], L7[]], Eii: L2[L7[], L7[]], put: L2[V2, V3] -> V0 -> V1 -> L2[V2, _9_], tr: L7[]
[16:07:44.283806]	Exploring 0: L0[], 1: L0[], Ebi: L2[L7[], L7[]], Eib: L2[L0[], L7[]], Eii: L2[L7[], L7[]], put: L2[V2, V3] -> V0 -> V1 -> L2[V2, L0[]], tr: L7[]
[16:07:44.284025]	Exploring 0: L0[], 1: L0[], Ebi: L2[L7[], L7[]], Eib: L2[L0[], L7[]], Eii: L2[L7[], L7[]], put: L2[V2, V3] -> V0 -> V1 -> L2[V2, L7[]], tr: L7[]
[16:07:44.284251]	Exploring 0: L0[], 1: L0[], Ebi: L2[L7[], L7[]], Eib: L2[L0[], L7[]], Eii: L2[L7[], L7[]], put: L2[V2, V3] -> V0 -> V1 -> L2[V2, V0], tr: L7[]
[16:07:44.284492]	Exploring 0: L0[], 1: L0[], Ebi: L2[L7[], L7[]], Eib: L2[L0[], L7[]], Eii: L2[L7[], L7[]], put: L2[V2, V3] -> V0 -> V1 -> L2[V2, V1], tr: L7[]
[16:07:44.284715]	Exploring 0: L0[], 1: L0[], Ebi: L2[L7[], L7[]], Eib: L2[L0[], L7[]], Eii: L2[L7[], L7[]], put: L2[V2, V3] -> V0 -> V1 -> L2[V2, V2], tr: L7[]
[16:07:44.284931]	Exploring 0: L0[], 1: L0[], Ebi: L2[L7[], L7[]], Eib: L2[L0[], L7[]], Eii: L2[L7[], L7[]], put: L2[V2, V3] -> V0 -> V1 -> L2[V2, V3], tr: L7[]
[16:07:44.285153]	Exploring 0: L0[], 1: L0[], Ebi: L2[L7[], L7[]], Eib: L2[L0[], L7[]], Eii: L2[L7[], L7[]], put: L2[V2, V3] -> V0 -> V1 -> L2[V3, _9_], tr: L7[]
[16:07:44.285281]	Exploring 0: L0[], 1: L0[], Ebi: L2[L7[], L7[]], Eib: L2[L0[], L7[]], Eii: L2[L7[], L7[]], put: L2[V2, V3] -> V0 -> V1 -> L2[V3, L0[]], tr: L7[]
[16:07:44.285580]	Exploring 0: L0[], 1: L0[], Ebi: L2[L7[], L7[]], Eib: L2[L0[], L7[]], Eii: L2[L7[], L7[]], put: L2[V2, V3] -> V0 -> V1 -> L2[V3, L7[]], tr: L7[]
[16:07:44.285897]	Exploring 0: L0[], 1: L0[], Ebi: L2[L7[], L7[]], Eib: L2[L0[], L7[]], Eii: L2[L7[], L7[]], put: L2[V2, V3] -> V0 -> V1 -> L2[V3, V0], tr: L7[]
[16:07:44.286222]	Exploring 0: L0[], 1: L0[], Ebi: L2[L7[], L7[]], Eib: L2[L0[], L7[]], Eii: L2[L7[], L7[]], put: L2[V2, V3] -> V0 -> V1 -> L2[V3, V1], tr: L7[]
[16:07:44.286456]	Exploring 0: L0[], 1: L0[], Ebi: L2[L7[], L7[]], Eib: L2[L0[], L7[]], Eii: L2[L7[], L7[]], put: L2[V2, V3] -> V0 -> V1 -> L2[V3, V2], tr: L7[]
[16:07:44.286677]	Exploring 0: L0[], 1: L0[], Ebi: L2[L7[], L7[]], Eib: L2[L0[], L7[]], Eii: L2[L7[], L7[]], put: L2[V2, V3] -> V0 -> V1 -> L2[V3, V3], tr: L7[]
[16:07:44.286860]	Exploring 0: L0[], 1: L0[], Ebi: L2[L7[], L7[]], Eib: L2[L7[], _3_], Eii: L2[_4_, _5_], put: L2[_6_, _7_] -> V0 -> V1 -> L2[_8_, _9_], tr: L7[]
[16:07:44.286941]	Exploring 0: L0[], 1: L0[], Ebi: L2[L7[], L7[]], Eib: L2[L7[], L0[]], Eii: L2[_4_, _5_], put: L2[_6_, _7_] -> V0 -> V1 -> L2[_8_, _9_], tr: L7[]
[16:07:44.287013]	Exploring 0: L0[], 1: L0[], Ebi: L2[L7[], L7[]], Eib: L2[L7[], L0[]], Eii: L2[L0[], _5_], put: L2[_6_, _7_] -> V0 -> V1 -> L2[_8_, _9_], tr: L7[]
[16:07:44.287084]	Exploring 0: L0[], 1: L0[], Ebi: L2[L7[], L7[]], Eib: L2[L7[], L0[]], Eii: L2[L0[], L0[]], put: L2[_6_, _7_] -> V0 -> V1 -> L2[_8_, _9_], tr: L7[]
[16:07:44.287207]	Exploring 0: L0[], 1: L0[], Ebi: L2[L7[], L7[]], Eib: L2[L7[], L0[]], Eii: L2[L0[], L0[]], put: L2[V2, _7_] -> V0 -> V1 -> L2[_8_, _9_], tr: L7[]
[16:07:44.287311]	Exploring 0: L0[], 1: L0[], Ebi: L2[L7[], L7[]], Eib: L2[L7[], L0[]], Eii: L2[L0[], L0[]], put: L2[V2, V0] -> V0 -> V1 -> L2[_8_, _9_], tr: L7[]
[16:07:44.287455]	Exploring 0: L0[], 1: L0[], Ebi: L2[L7[], L7[]], Eib: L2[L7[], L0[]], Eii: L2[L0[], L0[]], put: L2[V2, V0] -> V0 -> V1 -> L2[L0[], _9_], tr: L7[]
[16:07:44.287639]	Exploring 0: L0[], 1: L0[], Ebi: L2[L7[], L7[]], Eib: L2[L7[], L0[]], Eii: L2[L0[], L0[]], put: L2[V2, V0] -> V0 -> V1 -> L2[L0[], V0], tr: L7[]
[16:07:44.287965]	Exploring 0: L0[], 1: L0[], Ebi: L2[L7[], L7[]], Eib: L2[L7[], L0[]], Eii: L2[L0[], L0[]], put: L2[V2, V0] -> V0 -> V1 -> L2[L7[], _9_], tr: L7[]
[16:07:44.288097]	Exploring 0: L0[], 1: L0[], Ebi: L2[L7[], L7[]], Eib: L2[L7[], L0[]], Eii: L2[L0[], L0[]], put: L2[V2, V0] -> V0 -> V1 -> L2[L7[], V0], tr: L7[]
[16:07:44.288332]	Exploring 0: L0[], 1: L0[], Ebi: L2[L7[], L7[]], Eib: L2[L7[], L0[]], Eii: L2[L0[], L0[]], put: L2[V2, V0] -> V0 -> V1 -> L2[V0, _9_], tr: L7[]
[16:07:44.288463]	Exploring 0: L0[], 1: L0[], Ebi: L2[L7[], L7[]], Eib: L2[L7[], L0[]], Eii: L2[L0[], L0[]], put: L2[V2, V0] -> V0 -> V1 -> L2[V0, V0], tr: L7[]
[16:07:44.288699]	Exploring 0: L0[], 1: L0[], Ebi: L2[L7[], L7[]], Eib: L2[L7[], L0[]], Eii: L2[L0[], L0[]], put: L2[V2, V0] -> V0 -> V1 -> L2[V1, _9_], tr: L7[]
[16:07:44.288843]	Exploring 0: L0[], 1: L0[], Ebi: L2[L7[], L7[]], Eib: L2[L7[], L0[]], Eii: L2[L0[], L0[]], put: L2[V2, V0] -> V0 -> V1 -> L2[V1, V0], tr: L7[]
[16:07:44.289073]	Exploring 0: L0[], 1: L0[], Ebi: L2[L7[], L7[]], Eib: L2[L7[], L0[]], Eii: L2[L0[], L0[]], put: L2[V2, V0] -> V0 -> V1 -> L2[V2, _9_], tr: L7[]
[16:07:44.289191]	Exploring 0: L0[], 1: L0[], Ebi: L2[L7[], L7[]], Eib: L2[L7[], L0[]], Eii: L2[L0[], L0[]], put: L2[V2, V0] -> V0 -> V1 -> L2[V2, V0], tr: L7[]
[16:07:44.289433]	Exploring 0: L0[], 1: L0[], Ebi: L2[L7[], L7[]], Eib: L2[L7[], L0[]], Eii: L2[L0[], L0[]], put: L2[V2, V3] -> V0 -> V1 -> L2[_8_, _9_], tr: L7[]
[16:07:44.289543]	Exploring 0: L0[], 1: L0[], Ebi: L2[L7[], L7[]], Eib: L2[L7[], L0[]], Eii: L2[L0[], L0[]], put: L2[V2, V3] -> V0 -> V1 -> L2[L0[], _9_], tr: L7[]
[16:07:44.289655]	Exploring 0: L0[], 1: L0[], Ebi: L2[L7[], L7[]], Eib: L2[L7[], L0[]], Eii: L2[L0[], L0[]], put: L2[V2, V3] -> V0 -> V1 -> L2[L0[], L0[]], tr: L7[]
[16:07:44.289861]	Exploring 0: L0[], 1: L0[], Ebi: L2[L7[], L7[]], Eib: L2[L7[], L0[]], Eii: L2[L0[], L0[]], put: L2[V2, V3] -> V0 -> V1 -> L2[L0[], L7[]], tr: L7[]
[16:07:44.290070]	Exploring 0: L0[], 1: L0[], Ebi: L2[L7[], L7[]], Eib: L2[L7[], L0[]], Eii: L2[L0[], L0[]], put: L2[V2, V3] -> V0 -> V1 -> L2[L0[], V0], tr: L7[]
[16:07:44.290304]	Exploring 0: L0[], 1: L0[], Ebi: L2[L7[], L7[]], Eib: L2[L7[], L0[]], Eii: L2[L0[], L0[]], put: L2[V2, V3] -> V0 -> V1 -> L2[L0[], V1], tr: L7[]
[16:07:44.290522]	Exploring 0: L0[], 1: L0[], Ebi: L2[L7[], L7[]], Eib: L2[L7[], L0[]], Eii: L2[L0[], L0[]], put: L2[V2, V3] -> V0 -> V1 -> L2[L0[], V2], tr: L7[]
[16:07:44.290758]	Exploring 0: L0[], 1: L0[], Ebi: L2[L7[], L7[]], Eib: L2[L7[], L0[]], Eii: L2[L0[], L0[]], put: L2[V2, V3] -> V0 -> V1 -> L2[L0[], V3], tr: L7[]
[16:07:44.290969]	Exploring 0: L0[], 1: L0[], Ebi: L2[L7[], L7[]], Eib: L2[L7[], L0[]], Eii: L2[L0[], L0[]], put: L2[V2, V3] -> V0 -> V1 -> L2[L7[], _9_], tr: L7[]
[16:07:44.291082]	Exploring 0: L0[], 1: L0[], Ebi: L2[L7[], L7[]], Eib: L2[L7[], L0[]], Eii: L2[L0[], L0[]], put: L2[V2, V3] -> V0 -> V1 -> L2[L7[], L0[]], tr: L7[]
[16:07:44.291278]	Exploring 0: L0[], 1: L0[], Ebi: L2[L7[], L7[]], Eib: L2[L7[], L0[]], Eii: L2[L0[], L0[]], put: L2[V2, V3] -> V0 -> V1 -> L2[L7[], L7[]], tr: L7[]
[16:07:44.291531]	Exploring 0: L0[], 1: L0[], Ebi: L2[L7[], L7[]], Eib: L2[L7[], L0[]], Eii: L2[L0[], L0[]], put: L2[V2, V3] -> V0 -> V1 -> L2[L7[], V0], tr: L7[]
[16:07:44.291791]	Exploring 0: L0[], 1: L0[], Ebi: L2[L7[], L7[]], Eib: L2[L7[], L0[]], Eii: L2[L0[], L0[]], put: L2[V2, V3] -> V0 -> V1 -> L2[L7[], V1], tr: L7[]
[16:07:44.292010]	Exploring 0: L0[], 1: L0[], Ebi: L2[L7[], L7[]], Eib: L2[L7[], L0[]], Eii: L2[L0[], L0[]], put: L2[V2, V3] -> V0 -> V1 -> L2[L7[], V2], tr: L7[]
[16:07:44.292219]	Exploring 0: L0[], 1: L0[], Ebi: L2[L7[], L7[]], Eib: L2[L7[], L0[]], Eii: L2[L0[], L0[]], put: L2[V2, V3] -> V0 -> V1 -> L2[L7[], V3], tr: L7[]
[16:07:44.292436]	Exploring 0: L0[], 1: L0[], Ebi: L2[L7[], L7[]], Eib: L2[L7[], L0[]], Eii: L2[L0[], L0[]], put: L2[V2, V3] -> V0 -> V1 -> L2[V0, _9_], tr: L7[]
[16:07:44.292567]	Exploring 0: L0[], 1: L0[], Ebi: L2[L7[], L7[]], Eib: L2[L7[], L0[]], Eii: L2[L0[], L0[]], put: L2[V2, V3] -> V0 -> V1 -> L2[V0, L0[]], tr: L7[]
[16:07:44.292815]	Exploring 0: L0[], 1: L0[], Ebi: L2[L7[], L7[]], Eib: L2[L7[], L0[]], Eii: L2[L0[], L0[]], put: L2[V2, V3] -> V0 -> V1 -> L2[V0, L7[]], tr: L7[]
[16:07:44.293055]	Exploring 0: L0[], 1: L0[], Ebi: L2[L7[], L7[]], Eib: L2[L7[], L0[]], Eii: L2[L0[], L0[]], put: L2[V2, V3] -> V0 -> V1 -> L2[V0, V0], tr: L7[]
[16:07:44.293283]	Exploring 0: L0[], 1: L0[], Ebi: L2[L7[], L7[]], Eib: L2[L7[], L0[]], Eii: L2[L0[], L0[]], put: L2[V2, V3] -> V0 -> V1 -> L2[V0, V1], tr: L7[]
[16:07:44.293518]	Exploring 0: L0[], 1: L0[], Ebi: L2[L7[], L7[]], Eib: L2[L7[], L0[]], Eii: L2[L0[], L0[]], put: L2[V2, V3] -> V0 -> V1 -> L2[V0, V2], tr: L7[]
[16:07:44.293743]	Exploring 0: L0[], 1: L0[], Ebi: L2[L7[], L7[]], Eib: L2[L7[], L0[]], Eii: L2[L0[], L0[]], put: L2[V2, V3] -> V0 -> V1 -> L2[V0, V3], tr: L7[]
[16:07:44.293968]	Exploring 0: L0[], 1: L0[], Ebi: L2[L7[], L7[]], Eib: L2[L7[], L0[]], Eii: L2[L0[], L0[]], put: L2[V2, V3] -> V0 -> V1 -> L2[V1, _9_], tr: L7[]
[16:07:44.294100]	Exploring 0: L0[], 1: L0[], Ebi: L2[L7[], L7[]], Eib: L2[L7[], L0[]], Eii: L2[L0[], L0[]], put: L2[V2, V3] -> V0 -> V1 -> L2[V1, L0[]], tr: L7[]
[16:07:44.294340]	Exploring 0: L0[], 1: L0[], Ebi: L2[L7[], L7[]], Eib: L2[L7[], L0[]], Eii: L2[L0[], L0[]], put: L2[V2, V3] -> V0 -> V1 -> L2[V1, L7[]], tr: L7[]
[16:07:44.294573]	Exploring 0: L0[], 1: L0[], Ebi: L2[L7[], L7[]], Eib: L2[L7[], L0[]], Eii: L2[L0[], L0[]], put: L2[V2, V3] -> V0 -> V1 -> L2[V1, V0], tr: L7[]
[16:07:44.294801]	Exploring 0: L0[], 1: L0[], Ebi: L2[L7[], L7[]], Eib: L2[L7[], L0[]], Eii: L2[L0[], L0[]], put: L2[V2, V3] -> V0 -> V1 -> L2[V1, V1], tr: L7[]
[16:07:44.295034]	Exploring 0: L0[], 1: L0[], Ebi: L2[L7[], L7[]], Eib: L2[L7[], L0[]], Eii: L2[L0[], L0[]], put: L2[V2, V3] -> V0 -> V1 -> L2[V1, V2], tr: L7[]
[16:07:44.295264]	Exploring 0: L0[], 1: L0[], Ebi: L2[L7[], L7[]], Eib: L2[L7[], L0[]], Eii: L2[L0[], L0[]], put: L2[V2, V3] -> V0 -> V1 -> L2[V1, V3], tr: L7[]
[16:07:44.295506]	Exploring 0: L0[], 1: L0[], Ebi: L2[L7[], L7[]], Eib: L2[L7[], L0[]], Eii: L2[L0[], L0[]], put: L2[V2, V3] -> V0 -> V1 -> L2[V2, _9_], tr: L7[]
[16:07:44.295632]	Exploring 0: L0[], 1: L0[], Ebi: L2[L7[], L7[]], Eib: L2[L7[], L0[]], Eii: L2[L0[], L0[]], put: L2[V2, V3] -> V0 -> V1 -> L2[V2, L0[]], tr: L7[]
[16:07:44.295846]	Exploring 0: L0[], 1: L0[], Ebi: L2[L7[], L7[]], Eib: L2[L7[], L0[]], Eii: L2[L0[], L0[]], put: L2[V2, V3] -> V0 -> V1 -> L2[V2, L7[]], tr: L7[]
[16:07:44.296064]	Exploring 0: L0[], 1: L0[], Ebi: L2[L7[], L7[]], Eib: L2[L7[], L0[]], Eii: L2[L0[], L0[]], put: L2[V2, V3] -> V0 -> V1 -> L2[V2, V0], tr: L7[]
[16:07:44.296298]	Exploring 0: L0[], 1: L0[], Ebi: L2[L7[], L7[]], Eib: L2[L7[], L0[]], Eii: L2[L0[], L0[]], put: L2[V2, V3] -> V0 -> V1 -> L2[V2, V1], tr: L7[]
[16:07:44.296514]	Exploring 0: L0[], 1: L0[], Ebi: L2[L7[], L7[]], Eib: L2[L7[], L0[]], Eii: L2[L0[], L0[]], put: L2[V2, V3] -> V0 -> V1 -> L2[V2, V2], tr: L7[]
[16:07:44.296723]	Exploring 0: L0[], 1: L0[], Ebi: L2[L7[], L7[]], Eib: L2[L7[], L0[]], Eii: L2[L0[], L0[]], put: L2[V2, V3] -> V0 -> V1 -> L2[V2, V3], tr: L7[]
[16:07:44.296984]	Exploring 0: L0[], 1: L0[], Ebi: L2[L7[], L7[]], Eib: L2[L7[], L0[]], Eii: L2[L0[], L0[]], put: L2[V2, V3] -> V0 -> V1 -> L2[V3, _9_], tr: L7[]
[16:07:44.297149]	Exploring 0: L0[], 1: L0[], Ebi: L2[L7[], L7[]], Eib: L2[L7[], L0[]], Eii: L2[L0[], L0[]], put: L2[V2, V3] -> V0 -> V1 -> L2[V3, L0[]], tr: L7[]
[16:07:44.297390]	Exploring 0: L0[], 1: L0[], Ebi: L2[L7[], L7[]], Eib: L2[L7[], L0[]], Eii: L2[L0[], L0[]], put: L2[V2, V3] -> V0 -> V1 -> L2[V3, L7[]], tr: L7[]
[16:07:44.297616]	Exploring 0: L0[], 1: L0[], Ebi: L2[L7[], L7[]], Eib: L2[L7[], L0[]], Eii: L2[L0[], L0[]], put: L2[V2, V3] -> V0 -> V1 -> L2[V3, V0], tr: L7[]
[16:07:44.297846]	Exploring 0: L0[], 1: L0[], Ebi: L2[L7[], L7[]], Eib: L2[L7[], L0[]], Eii: L2[L0[], L0[]], put: L2[V2, V3] -> V0 -> V1 -> L2[V3, V1], tr: L7[]
[16:07:44.298069]	Exploring 0: L0[], 1: L0[], Ebi: L2[L7[], L7[]], Eib: L2[L7[], L0[]], Eii: L2[L0[], L0[]], put: L2[V2, V3] -> V0 -> V1 -> L2[V3, V2], tr: L7[]
[16:07:44.298283]	Exploring 0: L0[], 1: L0[], Ebi: L2[L7[], L7[]], Eib: L2[L7[], L0[]], Eii: L2[L0[], L0[]], put: L2[V2, V3] -> V0 -> V1 -> L2[V3, V3], tr: L7[]
[16:07:44.298464]	Exploring 0: L0[], 1: L0[], Ebi: L2[L7[], L7[]], Eib: L2[L7[], L0[]], Eii: L2[L0[], L7[]], put: L2[_6_, _7_] -> V0 -> V1 -> L2[_8_, _9_], tr: L7[]
[16:07:44.298585]	Exploring 0: L0[], 1: L0[], Ebi: L2[L7[], L7[]], Eib: L2[L7[], L0[]], Eii: L2[L0[], L7[]], put: L2[V2, _7_] -> V0 -> V1 -> L2[_8_, _9_], tr: L7[]
[16:07:44.298740]	Exploring 0: L0[], 1: L0[], Ebi: L2[L7[], L7[]], Eib: L2[L7[], L0[]], Eii: L2[L0[], L7[]], put: L2[V2, V3] -> V0 -> V1 -> L2[_8_, _9_], tr: L7[]
[16:07:44.298860]	Exploring 0: L0[], 1: L0[], Ebi: L2[L7[], L7[]], Eib: L2[L7[], L0[]], Eii: L2[L0[], L7[]], put: L2[V2, V3] -> V0 -> V1 -> L2[L0[], _9_], tr: L7[]
[16:07:44.299009]	Exploring 0: L0[], 1: L0[], Ebi: L2[L7[], L7[]], Eib: L2[L7[], L0[]], Eii: L2[L0[], L7[]], put: L2[V2, V3] -> V0 -> V1 -> L2[L0[], L0[]], tr: L7[]
[16:07:44.299225]	Exploring 0: L0[], 1: L0[], Ebi: L2[L7[], L7[]], Eib: L2[L7[], L0[]], Eii: L2[L0[], L7[]], put: L2[V2, V3] -> V0 -> V1 -> L2[L0[], L7[]], tr: L7[]
[16:07:44.299527]	Exploring 0: L0[], 1: L0[], Ebi: L2[L7[], L7[]], Eib: L2[L7[], L0[]], Eii: L2[L0[], L7[]], put: L2[V2, V3] -> V0 -> V1 -> L2[L0[], V0], tr: L7[]
[16:07:44.299773]	Exploring 0: L0[], 1: L0[], Ebi: L2[L7[], L7[]], Eib: L2[L7[], L0[]], Eii: L2[L0[], L7[]], put: L2[V2, V3] -> V0 -> V1 -> L2[L0[], V1], tr: L7[]
[16:07:44.299998]	Exploring 0: L0[], 1: L0[], Ebi: L2[L7[], L7[]], Eib: L2[L7[], L0[]], Eii: L2[L0[], L7[]], put: L2[V2, V3] -> V0 -> V1 -> L2[L0[], V2], tr: L7[]
[16:07:44.300219]	Exploring 0: L0[], 1: L0[], Ebi: L2[L7[], L7[]], Eib: L2[L7[], L0[]], Eii: L2[L0[], L7[]], put: L2[V2, V3] -> V0 -> V1 -> L2[L0[], V3], tr: L7[]
[16:07:44.300428]	Exploring 0: L0[], 1: L0[], Ebi: L2[L7[], L7[]], Eib: L2[L7[], L0[]], Eii: L2[L0[], L7[]], put: L2[V2, V3] -> V0 -> V1 -> L2[L7[], _9_], tr: L7[]
[16:07:44.300541]	Exploring 0: L0[], 1: L0[], Ebi: L2[L7[], L7[]], Eib: L2[L7[], L0[]], Eii: L2[L0[], L7[]], put: L2[V2, V3] -> V0 -> V1 -> L2[L7[], L0[]], tr: L7[]
[16:07:44.300736]	Exploring 0: L0[], 1: L0[], Ebi: L2[L7[], L7[]], Eib: L2[L7[], L0[]], Eii: L2[L0[], L7[]], put: L2[V2, V3] -> V0 -> V1 -> L2[L7[], L7[]], tr: L7[]
[16:07:44.300954]	Exploring 0: L0[], 1: L0[], Ebi: L2[L7[], L7[]], Eib: L2[L7[], L0[]], Eii: L2[L0[], L7[]], put: L2[V2, V3] -> V0 -> V1 -> L2[L7[], V0], tr: L7[]
[16:07:44.301192]	Exploring 0: L0[], 1: L0[], Ebi: L2[L7[], L7[]], Eib: L2[L7[], L0[]], Eii: L2[L0[], L7[]], put: L2[V2, V3] -> V0 -> V1 -> L2[L7[], V1], tr: L7[]
[16:07:44.301415]	Exploring 0: L0[], 1: L0[], Ebi: L2[L7[], L7[]], Eib: L2[L7[], L0[]], Eii: L2[L0[], L7[]], put: L2[V2, V3] -> V0 -> V1 -> L2[L7[], V2], tr: L7[]
[16:07:44.301684]	Exploring 0: L0[], 1: L0[], Ebi: L2[L7[], L7[]], Eib: L2[L7[], L0[]], Eii: L2[L0[], L7[]], put: L2[V2, V3] -> V0 -> V1 -> L2[L7[], V3], tr: L7[]
[16:07:44.301919]	Exploring 0: L0[], 1: L0[], Ebi: L2[L7[], L7[]], Eib: L2[L7[], L0[]], Eii: L2[L0[], L7[]], put: L2[V2, V3] -> V0 -> V1 -> L2[V0, _9_], tr: L7[]
[16:07:44.302052]	Exploring 0: L0[], 1: L0[], Ebi: L2[L7[], L7[]], Eib: L2[L7[], L0[]], Eii: L2[L0[], L7[]], put: L2[V2, V3] -> V0 -> V1 -> L2[V0, L0[]], tr: L7[]
[16:07:44.302285]	Exploring 0: L0[], 1: L0[], Ebi: L2[L7[], L7[]], Eib: L2[L7[], L0[]], Eii: L2[L0[], L7[]], put: L2[V2, V3] -> V0 -> V1 -> L2[V0, L7[]], tr: L7[]
[16:07:44.302517]	Exploring 0: L0[], 1: L0[], Ebi: L2[L7[], L7[]], Eib: L2[L7[], L0[]], Eii: L2[L0[], L7[]], put: L2[V2, V3] -> V0 -> V1 -> L2[V0, V0], tr: L7[]
[16:07:44.302745]	Exploring 0: L0[], 1: L0[], Ebi: L2[L7[], L7[]], Eib: L2[L7[], L0[]], Eii: L2[L0[], L7[]], put: L2[V2, V3] -> V0 -> V1 -> L2[V0, V1], tr: L7[]
[16:07:44.302976]	Exploring 0: L0[], 1: L0[], Ebi: L2[L7[], L7[]], Eib: L2[L7[], L0[]], Eii: L2[L0[], L7[]], put: L2[V2, V3] -> V0 -> V1 -> L2[V0, V2], tr: L7[]
[16:07:44.303219]	Exploring 0: L0[], 1: L0[], Ebi: L2[L7[], L7[]], Eib: L2[L7[], L0[]], Eii: L2[L0[], L7[]], put: L2[V2, V3] -> V0 -> V1 -> L2[V0, V3], tr: L7[]
[16:07:44.303484]	Exploring 0: L0[], 1: L0[], Ebi: L2[L7[], L7[]], Eib: L2[L7[], L0[]], Eii: L2[L0[], L7[]], put: L2[V2, V3] -> V0 -> V1 -> L2[V1, _9_], tr: L7[]
[16:07:44.303621]	Exploring 0: L0[], 1: L0[], Ebi: L2[L7[], L7[]], Eib: L2[L7[], L0[]], Eii: L2[L0[], L7[]], put: L2[V2, V3] -> V0 -> V1 -> L2[V1, L0[]], tr: L7[]
[16:07:44.303867]	Exploring 0: L0[], 1: L0[], Ebi: L2[L7[], L7[]], Eib: L2[L7[], L0[]], Eii: L2[L0[], L7[]], put: L2[V2, V3] -> V0 -> V1 -> L2[V1, L7[]], tr: L7[]
[16:07:44.304105]	Exploring 0: L0[], 1: L0[], Ebi: L2[L7[], L7[]], Eib: L2[L7[], L0[]], Eii: L2[L0[], L7[]], put: L2[V2, V3] -> V0 -> V1 -> L2[V1, V0], tr: L7[]
[16:07:44.304333]	Exploring 0: L0[], 1: L0[], Ebi: L2[L7[], L7[]], Eib: L2[L7[], L0[]], Eii: L2[L0[], L7[]], put: L2[V2, V3] -> V0 -> V1 -> L2[V1, V1], tr: L7[]
[16:07:44.304563]	Exploring 0: L0[], 1: L0[], Ebi: L2[L7[], L7[]], Eib: L2[L7[], L0[]], Eii: L2[L0[], L7[]], put: L2[V2, V3] -> V0 -> V1 -> L2[V1, V2], tr: L7[]
[16:07:44.304792]	Exploring 0: L0[], 1: L0[], Ebi: L2[L7[], L7[]], Eib: L2[L7[], L0[]], Eii: L2[L0[], L7[]], put: L2[V2, V3] -> V0 -> V1 -> L2[V1, V3], tr: L7[]
[16:07:44.305010]	Exploring 0: L0[], 1: L0[], Ebi: L2[L7[], L7[]], Eib: L2[L7[], L0[]], Eii: L2[L0[], L7[]], put: L2[V2, V3] -> V0 -> V1 -> L2[V2, _9_], tr: L7[]
[16:07:44.305129]	Exploring 0: L0[], 1: L0[], Ebi: L2[L7[], L7[]], Eib: L2[L7[], L0[]], Eii: L2[L0[], L7[]], put: L2[V2, V3] -> V0 -> V1 -> L2[V2, L0[]], tr: L7[]
[16:07:44.305338]	Exploring 0: L0[], 1: L0[], Ebi: L2[L7[], L7[]], Eib: L2[L7[], L0[]], Eii: L2[L0[], L7[]], put: L2[V2, V3] -> V0 -> V1 -> L2[V2, L7[]], tr: L7[]
[16:07:44.305556]	Exploring 0: L0[], 1: L0[], Ebi: L2[L7[], L7[]], Eib: L2[L7[], L0[]], Eii: L2[L0[], L7[]], put: L2[V2, V3] -> V0 -> V1 -> L2[V2, V0], tr: L7[]
[16:07:44.305791]	Exploring 0: L0[], 1: L0[], Ebi: L2[L7[], L7[]], Eib: L2[L7[], L0[]], Eii: L2[L0[], L7[]], put: L2[V2, V3] -> V0 -> V1 -> L2[V2, V1], tr: L7[]
[16:07:44.306008]	Exploring 0: L0[], 1: L0[], Ebi: L2[L7[], L7[]], Eib: L2[L7[], L0[]], Eii: L2[L0[], L7[]], put: L2[V2, V3] -> V0 -> V1 -> L2[V2, V2], tr: L7[]
[16:07:44.306259]	Exploring 0: L0[], 1: L0[], Ebi: L2[L7[], L7[]], Eib: L2[L7[], L0[]], Eii: L2[L0[], L7[]], put: L2[V2, V3] -> V0 -> V1 -> L2[V2, V3], tr: L7[]
[16:07:44.306493]	Exploring 0: L0[], 1: L0[], Ebi: L2[L7[], L7[]], Eib: L2[L7[], L0[]], Eii: L2[L0[], L7[]], put: L2[V2, V3] -> V0 -> V1 -> L2[V3, _9_], tr: L7[]
[16:07:44.306621]	Exploring 0: L0[], 1: L0[], Ebi: L2[L7[], L7[]], Eib: L2[L7[], L0[]], Eii: L2[L0[], L7[]], put: L2[V2, V3] -> V0 -> V1 -> L2[V3, L0[]], tr: L7[]
[16:07:44.306839]	Exploring 0: L0[], 1: L0[], Ebi: L2[L7[], L7[]], Eib: L2[L7[], L0[]], Eii: L2[L0[], L7[]], put: L2[V2, V3] -> V0 -> V1 -> L2[V3, L7[]], tr: L7[]
[16:07:44.307062]	Exploring 0: L0[], 1: L0[], Ebi: L2[L7[], L7[]], Eib: L2[L7[], L0[]], Eii: L2[L0[], L7[]], put: L2[V2, V3] -> V0 -> V1 -> L2[V3, V0], tr: L7[]
[16:07:44.307290]	Exploring 0: L0[], 1: L0[], Ebi: L2[L7[], L7[]], Eib: L2[L7[], L0[]], Eii: L2[L0[], L7[]], put: L2[V2, V3] -> V0 -> V1 -> L2[V3, V1], tr: L7[]
[16:07:44.307549]	Exploring 0: L0[], 1: L0[], Ebi: L2[L7[], L7[]], Eib: L2[L7[], L0[]], Eii: L2[L0[], L7[]], put: L2[V2, V3] -> V0 -> V1 -> L2[V3, V2], tr: L7[]
[16:07:44.307763]	Exploring 0: L0[], 1: L0[], Ebi: L2[L7[], L7[]], Eib: L2[L7[], L0[]], Eii: L2[L0[], L7[]], put: L2[V2, V3] -> V0 -> V1 -> L2[V3, V3], tr: L7[]
[16:07:44.307935]	Exploring 0: L0[], 1: L0[], Ebi: L2[L7[], L7[]], Eib: L2[L7[], L0[]], Eii: L2[L7[], _5_], put: L2[_6_, _7_] -> V0 -> V1 -> L2[_8_, _9_], tr: L7[]
[16:07:44.307997]	Exploring 0: L0[], 1: L0[], Ebi: L2[L7[], L7[]], Eib: L2[L7[], L0[]], Eii: L2[L7[], L0[]], put: L2[_6_, _7_] -> V0 -> V1 -> L2[_8_, _9_], tr: L7[]
[16:07:44.308089]	Exploring 0: L0[], 1: L0[], Ebi: L2[L7[], L7[]], Eib: L2[L7[], L0[]], Eii: L2[L7[], L0[]], put: L2[L7[], _7_] -> V0 -> V1 -> L2[_8_, _9_], tr: L7[]
[16:07:44.308176]	Exploring 0: L0[], 1: L0[], Ebi: L2[L7[], L7[]], Eib: L2[L7[], L0[]], Eii: L2[L7[], L0[]], put: L2[L7[], V0] -> V0 -> V1 -> L2[_8_, _9_], tr: L7[]
[16:07:44.308297]	Exploring 0: L0[], 1: L0[], Ebi: L2[L7[], L7[]], Eib: L2[L7[], L0[]], Eii: L2[L7[], L0[]], put: L2[L7[], V0] -> V0 -> V1 -> L2[L7[], _9_], tr: L7[]
[16:07:44.308395]	Exploring 0: L0[], 1: L0[], Ebi: L2[L7[], L7[]], Eib: L2[L7[], L0[]], Eii: L2[L7[], L0[]], put: L2[L7[], V0] -> V0 -> V1 -> L2[L7[], V0], tr: L7[]
[16:07:44.308671]	Exploring 0: L0[], 1: L0[], Ebi: L2[L7[], L7[]], Eib: L2[L7[], L0[]], Eii: L2[L7[], L0[]], put: L2[L7[], V2] -> V0 -> V1 -> L2[_8_, _9_], tr: L7[]
[16:07:44.308813]	Exploring 0: L0[], 1: L0[], Ebi: L2[L7[], L7[]], Eib: L2[L7[], L0[]], Eii: L2[L7[], L0[]], put: L2[L7[], V2] -> V0 -> V1 -> L2[L7[], _9_], tr: L7[]
[16:07:44.308938]	Exploring 0: L0[], 1: L0[], Ebi: L2[L7[], L7[]], Eib: L2[L7[], L0[]], Eii: L2[L7[], L0[]], put: L2[L7[], V2] -> V0 -> V1 -> L2[L7[], L0[]], tr: L7[]
[16:07:44.309163]	Exploring 0: L0[], 1: L0[], Ebi: L2[L7[], L7[]], Eib: L2[L7[], L0[]], Eii: L2[L7[], L0[]], put: L2[L7[], V2] -> V0 -> V1 -> L2[L7[], L7[]], tr: L7[]
[16:07:44.309353]	Exploring 0: L0[], 1: L0[], Ebi: L2[L7[], L7[]], Eib: L2[L7[], L0[]], Eii: L2[L7[], L0[]], put: L2[L7[], V2] -> V0 -> V1 -> L2[L7[], V0], tr: L7[]
[16:07:44.309584]	Exploring 0: L0[], 1: L0[], Ebi: L2[L7[], L7[]], Eib: L2[L7[], L0[]], Eii: L2[L7[], L0[]], put: L2[L7[], V2] -> V0 -> V1 -> L2[L7[], V1], tr: L7[]
[16:07:44.309779]	Exploring 0: L0[], 1: L0[], Ebi: L2[L7[], L7[]], Eib: L2[L7[], L0[]], Eii: L2[L7[], L0[]], put: L2[L7[], V2] -> V0 -> V1 -> L2[L7[], V2], tr: L7[]
[16:07:44.310070]	Exploring 0: L0[], 1: L0[], Ebi: L2[L7[], L7[]], Eib: L2[L7[], L0[]], Eii: L2[L7[], L0[]], put: L2[V2, _7_] -> V0 -> V1 -> L2[_8_, _9_], tr: L7[]
[16:07:44.310187]	Exploring 0: L0[], 1: L0[], Ebi: L2[L7[], L7[]], Eib: L2[L7[], L0[]], Eii: L2[L7[], L0[]], put: L2[V2, V0] -> V0 -> V1 -> L2[_8_, _9_], tr: L7[]
[16:07:44.310288]	Exploring 0: L0[], 1: L0[], Ebi: L2[L7[], L7[]], Eib: L2[L7[], L0[]], Eii: L2[L7[], L0[]], put: L2[V2, V0] -> V0 -> V1 -> L2[L0[], _9_], tr: L7[]
[16:07:44.310402]	Exploring 0: L0[], 1: L0[], Ebi: L2[L7[], L7[]], Eib: L2[L7[], L0[]], Eii: L2[L7[], L0[]], put: L2[V2, V0] -> V0 -> V1 -> L2[L0[], V0], tr: L7[]
[16:07:44.310620]	Exploring 0: L0[], 1: L0[], Ebi: L2[L7[], L7[]], Eib: L2[L7[], L0[]], Eii: L2[L7[], L0[]], put: L2[V2, V0] -> V0 -> V1 -> L2[L7[], _9_], tr: L7[]
[16:07:44.310736]	Exploring 0: L0[], 1: L0[], Ebi: L2[L7[], L7[]], Eib: L2[L7[], L0[]], Eii: L2[L7[], L0[]], put: L2[V2, V0] -> V0 -> V1 -> L2[L7[], V0], tr: L7[]
[16:07:44.310961]	Exploring 0: L0[], 1: L0[], Ebi: L2[L7[], L7[]], Eib: L2[L7[], L0[]], Eii: L2[L7[], L0[]], put: L2[V2, V0] -> V0 -> V1 -> L2[V0, _9_], tr: L7[]
[16:07:44.311135]	Exploring 0: L0[], 1: L0[], Ebi: L2[L7[], L7[]], Eib: L2[L7[], L0[]], Eii: L2[L7[], L0[]], put: L2[V2, V0] -> V0 -> V1 -> L2[V0, V0], tr: L7[]
[16:07:44.311352]	Exploring 0: L0[], 1: L0[], Ebi: L2[L7[], L7[]], Eib: L2[L7[], L0[]], Eii: L2[L7[], L0[]], put: L2[V2, V0] -> V0 -> V1 -> L2[V1, _9_], tr: L7[]
[16:07:44.311465]	Exploring 0: L0[], 1: L0[], Ebi: L2[L7[], L7[]], Eib: L2[L7[], L0[]], Eii: L2[L7[], L0[]], put: L2[V2, V0] -> V0 -> V1 -> L2[V1, V0], tr: L7[]
[16:07:44.311685]	Exploring 0: L0[], 1: L0[], Ebi: L2[L7[], L7[]], Eib: L2[L7[], L0[]], Eii: L2[L7[], L0[]], put: L2[V2, V0] -> V0 -> V1 -> L2[V2, _9_], tr: L7[]
[16:07:44.311805]	Exploring 0: L0[], 1: L0[], Ebi: L2[L7[], L7[]], Eib: L2[L7[], L0[]], Eii: L2[L7[], L0[]], put: L2[V2, V0] -> V0 -> V1 -> L2[V2, V0], tr: L7[]
[16:07:44.312035]	Exploring 0: L0[], 1: L0[], Ebi: L2[L7[], L7[]], Eib: L2[L7[], L0[]], Eii: L2[L7[], L0[]], put: L2[V2, V3] -> V0 -> V1 -> L2[_8_, _9_], tr: L7[]
[16:07:44.312136]	Exploring 0: L0[], 1: L0[], Ebi: L2[L7[], L7[]], Eib: L2[L7[], L0[]], Eii: L2[L7[], L0[]], put: L2[V2, V3] -> V0 -> V1 -> L2[L0[], _9_], tr: L7[]
[16:07:44.312267]	Exploring 0: L0[], 1: L0[], Ebi: L2[L7[], L7[]], Eib: L2[L7[], L0[]], Eii: L2[L7[], L0[]], put: L2[V2, V3] -> V0 -> V1 -> L2[L0[], L0[]], tr: L7[]
[16:07:44.316145]	Exploring 0: L0[], 1: L0[], Ebi: L2[L7[], L7[]], Eib: L2[L7[], L0[]], Eii: L2[L7[], L0[]], put: L2[V2, V3] -> V0 -> V1 -> L2[L0[], L7[]], tr: L7[]
[16:07:44.316391]	Exploring 0: L0[], 1: L0[], Ebi: L2[L7[], L7[]], Eib: L2[L7[], L0[]], Eii: L2[L7[], L0[]], put: L2[V2, V3] -> V0 -> V1 -> L2[L0[], V0], tr: L7[]
[16:07:44.316631]	Exploring 0: L0[], 1: L0[], Ebi: L2[L7[], L7[]], Eib: L2[L7[], L0[]], Eii: L2[L7[], L0[]], put: L2[V2, V3] -> V0 -> V1 -> L2[L0[], V1], tr: L7[]
[16:07:44.316874]	Exploring 0: L0[], 1: L0[], Ebi: L2[L7[], L7[]], Eib: L2[L7[], L0[]], Eii: L2[L7[], L0[]], put: L2[V2, V3] -> V0 -> V1 -> L2[L0[], V2], tr: L7[]
[16:07:44.317080]	Exploring 0: L0[], 1: L0[], Ebi: L2[L7[], L7[]], Eib: L2[L7[], L0[]], Eii: L2[L7[], L0[]], put: L2[V2, V3] -> V0 -> V1 -> L2[L0[], V3], tr: L7[]
[16:07:44.317282]	Exploring 0: L0[], 1: L0[], Ebi: L2[L7[], L7[]], Eib: L2[L7[], L0[]], Eii: L2[L7[], L0[]], put: L2[V2, V3] -> V0 -> V1 -> L2[L7[], _9_], tr: L7[]
[16:07:44.317402]	Exploring 0: L0[], 1: L0[], Ebi: L2[L7[], L7[]], Eib: L2[L7[], L0[]], Eii: L2[L7[], L0[]], put: L2[V2, V3] -> V0 -> V1 -> L2[L7[], L0[]], tr: L7[]
[16:07:44.317589]	Exploring 0: L0[], 1: L0[], Ebi: L2[L7[], L7[]], Eib: L2[L7[], L0[]], Eii: L2[L7[], L0[]], put: L2[V2, V3] -> V0 -> V1 -> L2[L7[], L7[]], tr: L7[]
[16:07:44.317799]	Exploring 0: L0[], 1: L0[], Ebi: L2[L7[], L7[]], Eib: L2[L7[], L0[]], Eii: L2[L7[], L0[]], put: L2[V2, V3] -> V0 -> V1 -> L2[L7[], V0], tr: L7[]
[16:07:44.318028]	Exploring 0: L0[], 1: L0[], Ebi: L2[L7[], L7[]], Eib: L2[L7[], L0[]], Eii: L2[L7[], L0[]], put: L2[V2, V3] -> V0 -> V1 -> L2[L7[], V1], tr: L7[]
[16:07:44.318242]	Exploring 0: L0[], 1: L0[], Ebi: L2[L7[], L7[]], Eib: L2[L7[], L0[]], Eii: L2[L7[], L0[]], put: L2[V2, V3] -> V0 -> V1 -> L2[L7[], V2], tr: L7[]
[16:07:44.318449]	Exploring 0: L0[], 1: L0[], Ebi: L2[L7[], L7[]], Eib: L2[L7[], L0[]], Eii: L2[L7[], L0[]], put: L2[V2, V3] -> V0 -> V1 -> L2[L7[], V3], tr: L7[]
[16:07:44.318665]	Exploring 0: L0[], 1: L0[], Ebi: L2[L7[], L7[]], Eib: L2[L7[], L0[]], Eii: L2[L7[], L0[]], put: L2[V2, V3] -> V0 -> V1 -> L2[V0, _9_], tr: L7[]
[16:07:44.318790]	Exploring 0: L0[], 1: L0[], Ebi: L2[L7[], L7[]], Eib: L2[L7[], L0[]], Eii: L2[L7[], L0[]], put: L2[V2, V3] -> V0 -> V1 -> L2[V0, L0[]], tr: L7[]
[16:07:44.319015]	Exploring 0: L0[], 1: L0[], Ebi: L2[L7[], L7[]], Eib: L2[L7[], L0[]], Eii: L2[L7[], L0[]], put: L2[V2, V3] -> V0 -> V1 -> L2[V0, L7[]], tr: L7[]
[16:07:44.319238]	Exploring 0: L0[], 1: L0[], Ebi: L2[L7[], L7[]], Eib: L2[L7[], L0[]], Eii: L2[L7[], L0[]], put: L2[V2, V3] -> V0 -> V1 -> L2[V0, V0], tr: L7[]
[16:07:44.319470]	Exploring 0: L0[], 1: L0[], Ebi: L2[L7[], L7[]], Eib: L2[L7[], L0[]], Eii: L2[L7[], L0[]], put: L2[V2, V3] -> V0 -> V1 -> L2[V0, V1], tr: L7[]
[16:07:44.319695]	Exploring 0: L0[], 1: L0[], Ebi: L2[L7[], L7[]], Eib: L2[L7[], L0[]], Eii: L2[L7[], L0[]], put: L2[V2, V3] -> V0 -> V1 -> L2[V0, V2], tr: L7[]
[16:07:44.319916]	Exploring 0: L0[], 1: L0[], Ebi: L2[L7[], L7[]], Eib: L2[L7[], L0[]], Eii: L2[L7[], L0[]], put: L2[V2, V3] -> V0 -> V1 -> L2[V0, V3], tr: L7[]
[16:07:44.320132]	Exploring 0: L0[], 1: L0[], Ebi: L2[L7[], L7[]], Eib: L2[L7[], L0[]], Eii: L2[L7[], L0[]], put: L2[V2, V3] -> V0 -> V1 -> L2[V1, _9_], tr: L7[]
[16:07:44.320259]	Exploring 0: L0[], 1: L0[], Ebi: L2[L7[], L7[]], Eib: L2[L7[], L0[]], Eii: L2[L7[], L0[]], put: L2[V2, V3] -> V0 -> V1 -> L2[V1, L0[]], tr: L7[]
[16:07:44.320522]	Exploring 0: L0[], 1: L0[], Ebi: L2[L7[], L7[]], Eib: L2[L7[], L0[]], Eii: L2[L7[], L0[]], put: L2[V2, V3] -> V0 -> V1 -> L2[V1, L7[]], tr: L7[]
[16:07:44.320750]	Exploring 0: L0[], 1: L0[], Ebi: L2[L7[], L7[]], Eib: L2[L7[], L0[]], Eii: L2[L7[], L0[]], put: L2[V2, V3] -> V0 -> V1 -> L2[V1, V0], tr: L7[]
[16:07:44.320969]	Exploring 0: L0[], 1: L0[], Ebi: L2[L7[], L7[]], Eib: L2[L7[], L0[]], Eii: L2[L7[], L0[]], put: L2[V2, V3] -> V0 -> V1 -> L2[V1, V1], tr: L7[]
[16:07:44.321190]	Exploring 0: L0[], 1: L0[], Ebi: L2[L7[], L7[]], Eib: L2[L7[], L0[]], Eii: L2[L7[], L0[]], put: L2[V2, V3] -> V0 -> V1 -> L2[V1, V2], tr: L7[]
[16:07:44.321426]	Exploring 0: L0[], 1: L0[], Ebi: L2[L7[], L7[]], Eib: L2[L7[], L0[]], Eii: L2[L7[], L0[]], put: L2[V2, V3] -> V0 -> V1 -> L2[V1, V3], tr: L7[]
[16:07:44.321637]	Exploring 0: L0[], 1: L0[], Ebi: L2[L7[], L7[]], Eib: L2[L7[], L0[]], Eii: L2[L7[], L0[]], put: L2[V2, V3] -> V0 -> V1 -> L2[V2, _9_], tr: L7[]
[16:07:44.321748]	Exploring 0: L0[], 1: L0[], Ebi: L2[L7[], L7[]], Eib: L2[L7[], L0[]], Eii: L2[L7[], L0[]], put: L2[V2, V3] -> V0 -> V1 -> L2[V2, L0[]], tr: L7[]
[16:07:44.321955]	Exploring 0: L0[], 1: L0[], Ebi: L2[L7[], L7[]], Eib: L2[L7[], L0[]], Eii: L2[L7[], L0[]], put: L2[V2, V3] -> V0 -> V1 -> L2[V2, L7[]], tr: L7[]
[16:07:44.322165]	Exploring 0: L0[], 1: L0[], Ebi: L2[L7[], L7[]], Eib: L2[L7[], L0[]], Eii: L2[L7[], L0[]], put: L2[V2, V3] -> V0 -> V1 -> L2[V2, V0], tr: L7[]
[16:07:44.322392]	Exploring 0: L0[], 1: L0[], Ebi: L2[L7[], L7[]], Eib: L2[L7[], L0[]], Eii: L2[L7[], L0[]], put: L2[V2, V3] -> V0 -> V1 -> L2[V2, V1], tr: L7[]
[16:07:44.322620]	Exploring 0: L0[], 1: L0[], Ebi: L2[L7[], L7[]], Eib: L2[L7[], L0[]], Eii: L2[L7[], L0[]], put: L2[V2, V3] -> V0 -> V1 -> L2[V2, V2], tr: L7[]
[16:07:44.322821]	Exploring 0: L0[], 1: L0[], Ebi: L2[L7[], L7[]], Eib: L2[L7[], L0[]], Eii: L2[L7[], L0[]], put: L2[V2, V3] -> V0 -> V1 -> L2[V2, V3], tr: L7[]
[16:07:44.323135]	Exploring 0: L0[], 1: L0[], Ebi: L2[L7[], L7[]], Eib: L2[L7[], L0[]], Eii: L2[L7[], L0[]], put: L2[V2, V3] -> V0 -> V1 -> L2[V3, _9_], tr: L7[]
[16:07:44.323327]	Exploring 0: L0[], 1: L0[], Ebi: L2[L7[], L7[]], Eib: L2[L7[], L0[]], Eii: L2[L7[], L0[]], put: L2[V2, V3] -> V0 -> V1 -> L2[V3, L0[]], tr: L7[]
[16:07:44.323669]	Exploring 0: L0[], 1: L0[], Ebi: L2[L7[], L7[]], Eib: L2[L7[], L0[]], Eii: L2[L7[], L0[]], put: L2[V2, V3] -> V0 -> V1 -> L2[V3, L7[]], tr: L7[]
[16:07:44.324050]	Exploring 0: L0[], 1: L0[], Ebi: L2[L7[], L7[]], Eib: L2[L7[], L0[]], Eii: L2[L7[], L0[]], put: L2[V2, V3] -> V0 -> V1 -> L2[V3, V0], tr: L7[]
[16:07:44.324427]	Exploring 0: L0[], 1: L0[], Ebi: L2[L7[], L7[]], Eib: L2[L7[], L0[]], Eii: L2[L7[], L0[]], put: L2[V2, V3] -> V0 -> V1 -> L2[V3, V1], tr: L7[]
[16:07:44.324797]	Exploring 0: L0[], 1: L0[], Ebi: L2[L7[], L7[]], Eib: L2[L7[], L0[]], Eii: L2[L7[], L0[]], put: L2[V2, V3] -> V0 -> V1 -> L2[V3, V2], tr: L7[]
[16:07:44.325145]	Exploring 0: L0[], 1: L0[], Ebi: L2[L7[], L7[]], Eib: L2[L7[], L0[]], Eii: L2[L7[], L0[]], put: L2[V2, V3] -> V0 -> V1 -> L2[V3, V3], tr: L7[]
[16:07:44.325424]	Exploring 0: L0[], 1: L0[], Ebi: L2[L7[], L7[]], Eib: L2[L7[], L0[]], Eii: L2[L7[], L7[]], put: L2[_6_, _7_] -> V0 -> V1 -> L2[_8_, _9_], tr: L7[]
[16:07:44.325553]	Exploring 0: L0[], 1: L0[], Ebi: L2[L7[], L7[]], Eib: L2[L7[], L0[]], Eii: L2[L7[], L7[]], put: L2[L7[], _7_] -> V0 -> V1 -> L2[_8_, _9_], tr: L7[]
[16:07:44.325777]	Exploring 0: L0[], 1: L0[], Ebi: L2[L7[], L7[]], Eib: L2[L7[], L0[]], Eii: L2[L7[], L7[]], put: L2[L7[], V2] -> V0 -> V1 -> L2[_8_, _9_], tr: L7[]
[16:07:44.325929]	Exploring 0: L0[], 1: L0[], Ebi: L2[L7[], L7[]], Eib: L2[L7[], L0[]], Eii: L2[L7[], L7[]], put: L2[L7[], V2] -> V0 -> V1 -> L2[L7[], _9_], tr: L7[]
[16:07:44.326077]	Exploring 0: L0[], 1: L0[], Ebi: L2[L7[], L7[]], Eib: L2[L7[], L0[]], Eii: L2[L7[], L7[]], put: L2[L7[], V2] -> V0 -> V1 -> L2[L7[], L0[]], tr: L7[]
[16:07:44.326347]	Exploring 0: L0[], 1: L0[], Ebi: L2[L7[], L7[]], Eib: L2[L7[], L0[]], Eii: L2[L7[], L7[]], put: L2[L7[], V2] -> V0 -> V1 -> L2[L7[], L7[]], tr: L7[]
[16:07:44.326635]	Exploring 0: L0[], 1: L0[], Ebi: L2[L7[], L7[]], Eib: L2[L7[], L0[]], Eii: L2[L7[], L7[]], put: L2[L7[], V2] -> V0 -> V1 -> L2[L7[], V0], tr: L7[]
[16:07:44.326960]	Exploring 0: L0[], 1: L0[], Ebi: L2[L7[], L7[]], Eib: L2[L7[], L0[]], Eii: L2[L7[], L7[]], put: L2[L7[], V2] -> V0 -> V1 -> L2[L7[], V1], tr: L7[]
[16:07:44.327234]	Exploring 0: L0[], 1: L0[], Ebi: L2[L7[], L7[]], Eib: L2[L7[], L0[]], Eii: L2[L7[], L7[]], put: L2[L7[], V2] -> V0 -> V1 -> L2[L7[], V2], tr: L7[]
[16:07:44.327489]	Exploring 0: L0[], 1: L0[], Ebi: L2[L7[], L7[]], Eib: L2[L7[], L0[]], Eii: L2[L7[], L7[]], put: L2[V2, _7_] -> V0 -> V1 -> L2[_8_, _9_], tr: L7[]
[16:07:44.327644]	Exploring 0: L0[], 1: L0[], Ebi: L2[L7[], L7[]], Eib: L2[L7[], L0[]], Eii: L2[L7[], L7[]], put: L2[V2, V3] -> V0 -> V1 -> L2[_8_, _9_], tr: L7[]
[16:07:44.327753]	Exploring 0: L0[], 1: L0[], Ebi: L2[L7[], L7[]], Eib: L2[L7[], L0[]], Eii: L2[L7[], L7[]], put: L2[V2, V3] -> V0 -> V1 -> L2[L0[], _9_], tr: L7[]
[16:07:44.327859]	Exploring 0: L0[], 1: L0[], Ebi: L2[L7[], L7[]], Eib: L2[L7[], L0[]], Eii: L2[L7[], L7[]], put: L2[V2, V3] -> V0 -> V1 -> L2[L0[], L0[]], tr: L7[]
[16:07:44.328062]	Exploring 0: L0[], 1: L0[], Ebi: L2[L7[], L7[]], Eib: L2[L7[], L0[]], Eii: L2[L7[], L7[]], put: L2[V2, V3] -> V0 -> V1 -> L2[L0[], L7[]], tr: L7[]
[16:07:44.328275]	Exploring 0: L0[], 1: L0[], Ebi: L2[L7[], L7[]], Eib: L2[L7[], L0[]], Eii: L2[L7[], L7[]], put: L2[V2, V3] -> V0 -> V1 -> L2[L0[], V0], tr: L7[]
[16:07:44.328516]	Exploring 0: L0[], 1: L0[], Ebi: L2[L7[], L7[]], Eib: L2[L7[], L0[]], Eii: L2[L7[], L7[]], put: L2[V2, V3] -> V0 -> V1 -> L2[L0[], V1], tr: L7[]
[16:07:44.328739]	Exploring 0: L0[], 1: L0[], Ebi: L2[L7[], L7[]], Eib: L2[L7[], L0[]], Eii: L2[L7[], L7[]], put: L2[V2, V3] -> V0 -> V1 -> L2[L0[], V2], tr: L7[]
[16:07:44.328951]	Exploring 0: L0[], 1: L0[], Ebi: L2[L7[], L7[]], Eib: L2[L7[], L0[]], Eii: L2[L7[], L7[]], put: L2[V2, V3] -> V0 -> V1 -> L2[L0[], V3], tr: L7[]
[16:07:44.329158]	Exploring 0: L0[], 1: L0[], Ebi: L2[L7[], L7[]], Eib: L2[L7[], L0[]], Eii: L2[L7[], L7[]], put: L2[V2, V3] -> V0 -> V1 -> L2[L7[], _9_], tr: L7[]
[16:07:44.329267]	Exploring 0: L0[], 1: L0[], Ebi: L2[L7[], L7[]], Eib: L2[L7[], L0[]], Eii: L2[L7[], L7[]], put: L2[V2, V3] -> V0 -> V1 -> L2[L7[], L0[]], tr: L7[]
[16:07:44.329463]	Exploring 0: L0[], 1: L0[], Ebi: L2[L7[], L7[]], Eib: L2[L7[], L0[]], Eii: L2[L7[], L7[]], put: L2[V2, V3] -> V0 -> V1 -> L2[L7[], L7[]], tr: L7[]
[16:07:44.329677]	Exploring 0: L0[], 1: L0[], Ebi: L2[L7[], L7[]], Eib: L2[L7[], L0[]], Eii: L2[L7[], L7[]], put: L2[V2, V3] -> V0 -> V1 -> L2[L7[], V0], tr: L7[]
[16:07:44.329912]	Exploring 0: L0[], 1: L0[], Ebi: L2[L7[], L7[]], Eib: L2[L7[], L0[]], Eii: L2[L7[], L7[]], put: L2[V2, V3] -> V0 -> V1 -> L2[L7[], V1], tr: L7[]
[16:07:44.330143]	Exploring 0: L0[], 1: L0[], Ebi: L2[L7[], L7[]], Eib: L2[L7[], L0[]], Eii: L2[L7[], L7[]], put: L2[V2, V3] -> V0 -> V1 -> L2[L7[], V2], tr: L7[]
[16:07:44.330355]	Exploring 0: L0[], 1: L0[], Ebi: L2[L7[], L7[]], Eib: L2[L7[], L0[]], Eii: L2[L7[], L7[]], put: L2[V2, V3] -> V0 -> V1 -> L2[L7[], V3], tr: L7[]
[16:07:44.330576]	Exploring 0: L0[], 1: L0[], Ebi: L2[L7[], L7[]], Eib: L2[L7[], L0[]], Eii: L2[L7[], L7[]], put: L2[V2, V3] -> V0 -> V1 -> L2[V0, _9_], tr: L7[]
[16:07:44.330702]	Exploring 0: L0[], 1: L0[], Ebi: L2[L7[], L7[]], Eib: L2[L7[], L0[]], Eii: L2[L7[], L7[]], put: L2[V2, V3] -> V0 -> V1 -> L2[V0, L0[]], tr: L7[]
[16:07:44.330936]	Exploring 0: L0[], 1: L0[], Ebi: L2[L7[], L7[]], Eib: L2[L7[], L0[]], Eii: L2[L7[], L7[]], put: L2[V2, V3] -> V0 -> V1 -> L2[V0, L7[]], tr: L7[]
[16:07:44.331162]	Exploring 0: L0[], 1: L0[], Ebi: L2[L7[], L7[]], Eib: L2[L7[], L0[]], Eii: L2[L7[], L7[]], put: L2[V2, V3] -> V0 -> V1 -> L2[V0, V0], tr: L7[]
[16:07:44.331389]	Exploring 0: L0[], 1: L0[], Ebi: L2[L7[], L7[]], Eib: L2[L7[], L0[]], Eii: L2[L7[], L7[]], put: L2[V2, V3] -> V0 -> V1 -> L2[V0, V1], tr: L7[]
[16:07:44.331632]	Exploring 0: L0[], 1: L0[], Ebi: L2[L7[], L7[]], Eib: L2[L7[], L0[]], Eii: L2[L7[], L7[]], put: L2[V2, V3] -> V0 -> V1 -> L2[V0, V2], tr: L7[]
[16:07:44.331858]	Exploring 0: L0[], 1: L0[], Ebi: L2[L7[], L7[]], Eib: L2[L7[], L0[]], Eii: L2[L7[], L7[]], put: L2[V2, V3] -> V0 -> V1 -> L2[V0, V3], tr: L7[]
[16:07:44.332079]	Exploring 0: L0[], 1: L0[], Ebi: L2[L7[], L7[]], Eib: L2[L7[], L0[]], Eii: L2[L7[], L7[]], put: L2[V2, V3] -> V0 -> V1 -> L2[V1, _9_], tr: L7[]
[16:07:44.332205]	Exploring 0: L0[], 1: L0[], Ebi: L2[L7[], L7[]], Eib: L2[L7[], L0[]], Eii: L2[L7[], L7[]], put: L2[V2, V3] -> V0 -> V1 -> L2[V1, L0[]], tr: L7[]
[16:07:44.332440]	Exploring 0: L0[], 1: L0[], Ebi: L2[L7[], L7[]], Eib: L2[L7[], L0[]], Eii: L2[L7[], L7[]], put: L2[V2, V3] -> V0 -> V1 -> L2[V1, L7[]], tr: L7[]
[16:07:44.332670]	Exploring 0: L0[], 1: L0[], Ebi: L2[L7[], L7[]], Eib: L2[L7[], L0[]], Eii: L2[L7[], L7[]], put: L2[V2, V3] -> V0 -> V1 -> L2[V1, V0], tr: L7[]
[16:07:44.332896]	Exploring 0: L0[], 1: L0[], Ebi: L2[L7[], L7[]], Eib: L2[L7[], L0[]], Eii: L2[L7[], L7[]], put: L2[V2, V3] -> V0 -> V1 -> L2[V1, V1], tr: L7[]
[16:07:44.333122]	Exploring 0: L0[], 1: L0[], Ebi: L2[L7[], L7[]], Eib: L2[L7[], L0[]], Eii: L2[L7[], L7[]], put: L2[V2, V3] -> V0 -> V1 -> L2[V1, V2], tr: L7[]
[16:07:44.333361]	Exploring 0: L0[], 1: L0[], Ebi: L2[L7[], L7[]], Eib: L2[L7[], L0[]], Eii: L2[L7[], L7[]], put: L2[V2, V3] -> V0 -> V1 -> L2[V1, V3], tr: L7[]
[16:07:44.333573]	Exploring 0: L0[], 1: L0[], Ebi: L2[L7[], L7[]], Eib: L2[L7[], L0[]], Eii: L2[L7[], L7[]], put: L2[V2, V3] -> V0 -> V1 -> L2[V2, _9_], tr: L7[]
[16:07:44.333691]	Exploring 0: L0[], 1: L0[], Ebi: L2[L7[], L7[]], Eib: L2[L7[], L0[]], Eii: L2[L7[], L7[]], put: L2[V2, V3] -> V0 -> V1 -> L2[V2, L0[]], tr: L7[]
[16:07:44.333900]	Exploring 0: L0[], 1: L0[], Ebi: L2[L7[], L7[]], Eib: L2[L7[], L0[]], Eii: L2[L7[], L7[]], put: L2[V2, V3] -> V0 -> V1 -> L2[V2, L7[]], tr: L7[]
[16:07:44.334108]	Exploring 0: L0[], 1: L0[], Ebi: L2[L7[], L7[]], Eib: L2[L7[], L0[]], Eii: L2[L7[], L7[]], put: L2[V2, V3] -> V0 -> V1 -> L2[V2, V0], tr: L7[]
[16:07:44.334325]	Exploring 0: L0[], 1: L0[], Ebi: L2[L7[], L7[]], Eib: L2[L7[], L0[]], Eii: L2[L7[], L7[]], put: L2[V2, V3] -> V0 -> V1 -> L2[V2, V1], tr: L7[]
[16:07:44.334528]	Exploring 0: L0[], 1: L0[], Ebi: L2[L7[], L7[]], Eib: L2[L7[], L0[]], Eii: L2[L7[], L7[]], put: L2[V2, V3] -> V0 -> V1 -> L2[V2, V2], tr: L7[]
[16:07:44.334749]	Exploring 0: L0[], 1: L0[], Ebi: L2[L7[], L7[]], Eib: L2[L7[], L0[]], Eii: L2[L7[], L7[]], put: L2[V2, V3] -> V0 -> V1 -> L2[V2, V3], tr: L7[]
[16:07:44.334953]	Exploring 0: L0[], 1: L0[], Ebi: L2[L7[], L7[]], Eib: L2[L7[], L0[]], Eii: L2[L7[], L7[]], put: L2[V2, V3] -> V0 -> V1 -> L2[V3, _9_], tr: L7[]
[16:07:44.335066]	Exploring 0: L0[], 1: L0[], Ebi: L2[L7[], L7[]], Eib: L2[L7[], L0[]], Eii: L2[L7[], L7[]], put: L2[V2, V3] -> V0 -> V1 -> L2[V3, L0[]], tr: L7[]
[16:07:44.335275]	Exploring 0: L0[], 1: L0[], Ebi: L2[L7[], L7[]], Eib: L2[L7[], L0[]], Eii: L2[L7[], L7[]], put: L2[V2, V3] -> V0 -> V1 -> L2[V3, L7[]], tr: L7[]
[16:07:44.335502]	Exploring 0: L0[], 1: L0[], Ebi: L2[L7[], L7[]], Eib: L2[L7[], L0[]], Eii: L2[L7[], L7[]], put: L2[V2, V3] -> V0 -> V1 -> L2[V3, V0], tr: L7[]
[16:07:44.335723]	Exploring 0: L0[], 1: L0[], Ebi: L2[L7[], L7[]], Eib: L2[L7[], L0[]], Eii: L2[L7[], L7[]], put: L2[V2, V3] -> V0 -> V1 -> L2[V3, V1], tr: L7[]
[16:07:44.335937]	Exploring 0: L0[], 1: L0[], Ebi: L2[L7[], L7[]], Eib: L2[L7[], L0[]], Eii: L2[L7[], L7[]], put: L2[V2, V3] -> V0 -> V1 -> L2[V3, V2], tr: L7[]
[16:07:44.336138]	Exploring 0: L0[], 1: L0[], Ebi: L2[L7[], L7[]], Eib: L2[L7[], L0[]], Eii: L2[L7[], L7[]], put: L2[V2, V3] -> V0 -> V1 -> L2[V3, V3], tr: L7[]
[16:07:44.336304]	Exploring 0: L0[], 1: L0[], Ebi: L2[L7[], L7[]], Eib: L2[L7[], L7[]], Eii: L2[_4_, _5_], put: L2[_6_, _7_] -> V0 -> V1 -> L2[_8_, _9_], tr: L7[]
[16:07:44.336364]	Exploring 0: L0[], 1: L0[], Ebi: L2[L7[], L7[]], Eib: L2[L7[], L7[]], Eii: L2[L0[], _5_], put: L2[_6_, _7_] -> V0 -> V1 -> L2[_8_, _9_], tr: L7[]
[16:07:44.336421]	Exploring 0: L0[], 1: L0[], Ebi: L2[L7[], L7[]], Eib: L2[L7[], L7[]], Eii: L2[L0[], L0[]], put: L2[_6_, _7_] -> V0 -> V1 -> L2[_8_, _9_], tr: L7[]
[16:07:44.336529]	Exploring 0: L0[], 1: L0[], Ebi: L2[L7[], L7[]], Eib: L2[L7[], L7[]], Eii: L2[L0[], L0[]], put: L2[V2, _7_] -> V0 -> V1 -> L2[_8_, _9_], tr: L7[]
[16:07:44.336642]	Exploring 0: L0[], 1: L0[], Ebi: L2[L7[], L7[]], Eib: L2[L7[], L7[]], Eii: L2[L0[], L0[]], put: L2[V2, V2] -> V0 -> V1 -> L2[_8_, _9_], tr: L7[]
[16:07:44.336729]	Exploring 0: L0[], 1: L0[], Ebi: L2[L7[], L7[]], Eib: L2[L7[], L7[]], Eii: L2[L0[], L0[]], put: L2[V2, V2] -> V0 -> V1 -> L2[L0[], _9_], tr: L7[]
[16:07:44.336823]	Exploring 0: L0[], 1: L0[], Ebi: L2[L7[], L7[]], Eib: L2[L7[], L7[]], Eii: L2[L0[], L0[]], put: L2[V2, V2] -> V0 -> V1 -> L2[L0[], L0[]], tr: L7[]
[16:07:44.337028]	Exploring 0: L0[], 1: L0[], Ebi: L2[L7[], L7[]], Eib: L2[L7[], L7[]], Eii: L2[L0[], L0[]], put: L2[V2, V2] -> V0 -> V1 -> L2[L7[], _9_], tr: L7[]
[16:07:44.337122]	Exploring 0: L0[], 1: L0[], Ebi: L2[L7[], L7[]], Eib: L2[L7[], L7[]], Eii: L2[L0[], L0[]], put: L2[V2, V2] -> V0 -> V1 -> L2[L7[], L7[]], tr: L7[]
[16:07:44.337367]	Exploring 0: L0[], 1: L0[], Ebi: L2[L7[], L7[]], Eib: L2[L7[], L7[]], Eii: L2[L0[], L0[]], put: L2[V2, V2] -> V0 -> V1 -> L2[V0, _9_], tr: L7[]
[16:07:44.337476]	Exploring 0: L0[], 1: L0[], Ebi: L2[L7[], L7[]], Eib: L2[L7[], L7[]], Eii: L2[L0[], L0[]], put: L2[V2, V2] -> V0 -> V1 -> L2[V0, V0], tr: L7[]
[16:07:44.337668]	Exploring 0: L0[], 1: L0[], Ebi: L2[L7[], L7[]], Eib: L2[L7[], L7[]], Eii: L2[L0[], L0[]], put: L2[V2, V2] -> V0 -> V1 -> L2[V1, _9_], tr: L7[]
[16:07:44.337779]	Exploring 0: L0[], 1: L0[], Ebi: L2[L7[], L7[]], Eib: L2[L7[], L7[]], Eii: L2[L0[], L0[]], put: L2[V2, V2] -> V0 -> V1 -> L2[V1, V1], tr: L7[]
[16:07:44.337974]	Exploring 0: L0[], 1: L0[], Ebi: L2[L7[], L7[]], Eib: L2[L7[], L7[]], Eii: L2[L0[], L0[]], put: L2[V2, V2] -> V0 -> V1 -> L2[V2, _9_], tr: L7[]
[16:07:44.338099]	Exploring 0: L0[], 1: L0[], Ebi: L2[L7[], L7[]], Eib: L2[L7[], L7[]], Eii: L2[L0[], L0[]], put: L2[V2, V2] -> V0 -> V1 -> L2[V2, V2], tr: L7[]
[16:07:44.338269]	Exploring 0: L0[], 1: L0[], Ebi: L2[L7[], L7[]], Eib: L2[L7[], L7[]], Eii: L2[L0[], L0[]], put: L2[V2, V3] -> V0 -> V1 -> L2[_8_, _9_], tr: L7[]
[16:07:44.338369]	Exploring 0: L0[], 1: L0[], Ebi: L2[L7[], L7[]], Eib: L2[L7[], L7[]], Eii: L2[L0[], L0[]], put: L2[V2, V3] -> V0 -> V1 -> L2[L0[], _9_], tr: L7[]
[16:07:44.338475]	Exploring 0: L0[], 1: L0[], Ebi: L2[L7[], L7[]], Eib: L2[L7[], L7[]], Eii: L2[L0[], L0[]], put: L2[V2, V3] -> V0 -> V1 -> L2[L0[], L0[]], tr: L7[]
[16:07:44.338662]	Exploring 0: L0[], 1: L0[], Ebi: L2[L7[], L7[]], Eib: L2[L7[], L7[]], Eii: L2[L0[], L0[]], put: L2[V2, V3] -> V0 -> V1 -> L2[L0[], L7[]], tr: L7[]
[16:07:44.338868]	Exploring 0: L0[], 1: L0[], Ebi: L2[L7[], L7[]], Eib: L2[L7[], L7[]], Eii: L2[L0[], L0[]], put: L2[V2, V3] -> V0 -> V1 -> L2[L0[], V0], tr: L7[]
[16:07:44.339097]	Exploring 0: L0[], 1: L0[], Ebi: L2[L7[], L7[]], Eib: L2[L7[], L7[]], Eii: L2[L0[], L0[]], put: L2[V2, V3] -> V0 -> V1 -> L2[L0[], V1], tr: L7[]
[16:07:44.339315]	Exploring 0: L0[], 1: L0[], Ebi: L2[L7[], L7[]], Eib: L2[L7[], L7[]], Eii: L2[L0[], L0[]], put: L2[V2, V3] -> V0 -> V1 -> L2[L0[], V2], tr: L7[]
[16:07:44.339529]	Exploring 0: L0[], 1: L0[], Ebi: L2[L7[], L7[]], Eib: L2[L7[], L7[]], Eii: L2[L0[], L0[]], put: L2[V2, V3] -> V0 -> V1 -> L2[L0[], V3], tr: L7[]
[16:07:44.339731]	Exploring 0: L0[], 1: L0[], Ebi: L2[L7[], L7[]], Eib: L2[L7[], L7[]], Eii: L2[L0[], L0[]], put: L2[V2, V3] -> V0 -> V1 -> L2[L7[], _9_], tr: L7[]
[16:07:44.339834]	Exploring 0: L0[], 1: L0[], Ebi: L2[L7[], L7[]], Eib: L2[L7[], L7[]], Eii: L2[L0[], L0[]], put: L2[V2, V3] -> V0 -> V1 -> L2[L7[], L0[]], tr: L7[]
[16:07:44.340022]	Exploring 0: L0[], 1: L0[], Ebi: L2[L7[], L7[]], Eib: L2[L7[], L7[]], Eii: L2[L0[], L0[]], put: L2[V2, V3] -> V0 -> V1 -> L2[L7[], L7[]], tr: L7[]
[16:07:44.340228]	Exploring 0: L0[], 1: L0[], Ebi: L2[L7[], L7[]], Eib: L2[L7[], L7[]], Eii: L2[L0[], L0[]], put: L2[V2, V3] -> V0 -> V1 -> L2[L7[], V0], tr: L7[]
[16:07:44.340457]	Exploring 0: L0[], 1: L0[], Ebi: L2[L7[], L7[]], Eib: L2[L7[], L7[]], Eii: L2[L0[], L0[]], put: L2[V2, V3] -> V0 -> V1 -> L2[L7[], V1], tr: L7[]
[16:07:44.340672]	Exploring 0: L0[], 1: L0[], Ebi: L2[L7[], L7[]], Eib: L2[L7[], L7[]], Eii: L2[L0[], L0[]], put: L2[V2, V3] -> V0 -> V1 -> L2[L7[], V2], tr: L7[]
[16:07:44.340879]	Exploring 0: L0[], 1: L0[], Ebi: L2[L7[], L7[]], Eib: L2[L7[], L7[]], Eii: L2[L0[], L0[]], put: L2[V2, V3] -> V0 -> V1 -> L2[L7[], V3], tr: L7[]
[16:07:44.341094]	Exploring 0: L0[], 1: L0[], Ebi: L2[L7[], L7[]], Eib: L2[L7[], L7[]], Eii: L2[L0[], L0[]], put: L2[V2, V3] -> V0 -> V1 -> L2[V0, _9_], tr: L7[]
[16:07:44.341215]	Exploring 0: L0[], 1: L0[], Ebi: L2[L7[], L7[]], Eib: L2[L7[], L7[]], Eii: L2[L0[], L0[]], put: L2[V2, V3] -> V0 -> V1 -> L2[V0, L0[]], tr: L7[]
[16:07:44.341439]	Exploring 0: L0[], 1: L0[], Ebi: L2[L7[], L7[]], Eib: L2[L7[], L7[]], Eii: L2[L0[], L0[]], put: L2[V2, V3] -> V0 -> V1 -> L2[V0, L7[]], tr: L7[]
[16:07:44.341663]	Exploring 0: L0[], 1: L0[], Ebi: L2[L7[], L7[]], Eib: L2[L7[], L7[]], Eii: L2[L0[], L0[]], put: L2[V2, V3] -> V0 -> V1 -> L2[V0, V0], tr: L7[]
[16:07:44.341888]	Exploring 0: L0[], 1: L0[], Ebi: L2[L7[], L7[]], Eib: L2[L7[], L7[]], Eii: L2[L0[], L0[]], put: L2[V2, V3] -> V0 -> V1 -> L2[V0, V1], tr: L7[]
[16:07:44.342109]	Exploring 0: L0[], 1: L0[], Ebi: L2[L7[], L7[]], Eib: L2[L7[], L7[]], Eii: L2[L0[], L0[]], put: L2[V2, V3] -> V0 -> V1 -> L2[V0, V2], tr: L7[]
[16:07:44.342335]	Exploring 0: L0[], 1: L0[], Ebi: L2[L7[], L7[]], Eib: L2[L7[], L7[]], Eii: L2[L0[], L0[]], put: L2[V2, V3] -> V0 -> V1 -> L2[V0, V3], tr: L7[]
[16:07:44.342550]	Exploring 0: L0[], 1: L0[], Ebi: L2[L7[], L7[]], Eib: L2[L7[], L7[]], Eii: L2[L0[], L0[]], put: L2[V2, V3] -> V0 -> V1 -> L2[V1, _9_], tr: L7[]
[16:07:44.342673]	Exploring 0: L0[], 1: L0[], Ebi: L2[L7[], L7[]], Eib: L2[L7[], L7[]], Eii: L2[L0[], L0[]], put: L2[V2, V3] -> V0 -> V1 -> L2[V1, L0[]], tr: L7[]
[16:07:44.342898]	Exploring 0: L0[], 1: L0[], Ebi: L2[L7[], L7[]], Eib: L2[L7[], L7[]], Eii: L2[L0[], L0[]], put: L2[V2, V3] -> V0 -> V1 -> L2[V1, L7[]], tr: L7[]
[16:07:44.343122]	Exploring 0: L0[], 1: L0[], Ebi: L2[L7[], L7[]], Eib: L2[L7[], L7[]], Eii: L2[L0[], L0[]], put: L2[V2, V3] -> V0 -> V1 -> L2[V1, V0], tr: L7[]
[16:07:44.343341]	Exploring 0: L0[], 1: L0[], Ebi: L2[L7[], L7[]], Eib: L2[L7[], L7[]], Eii: L2[L0[], L0[]], put: L2[V2, V3] -> V0 -> V1 -> L2[V1, V1], tr: L7[]
[16:07:44.343571]	Exploring 0: L0[], 1: L0[], Ebi: L2[L7[], L7[]], Eib: L2[L7[], L7[]], Eii: L2[L0[], L0[]], put: L2[V2, V3] -> V0 -> V1 -> L2[V1, V2], tr: L7[]
[16:07:44.343798]	Exploring 0: L0[], 1: L0[], Ebi: L2[L7[], L7[]], Eib: L2[L7[], L7[]], Eii: L2[L0[], L0[]], put: L2[V2, V3] -> V0 -> V1 -> L2[V1, V3], tr: L7[]
[16:07:44.344002]	Exploring 0: L0[], 1: L0[], Ebi: L2[L7[], L7[]], Eib: L2[L7[], L7[]], Eii: L2[L0[], L0[]], put: L2[V2, V3] -> V0 -> V1 -> L2[V2, _9_], tr: L7[]
[16:07:44.344110]	Exploring 0: L0[], 1: L0[], Ebi: L2[L7[], L7[]], Eib: L2[L7[], L7[]], Eii: L2[L0[], L0[]], put: L2[V2, V3] -> V0 -> V1 -> L2[V2, L0[]], tr: L7[]
[16:07:44.344312]	Exploring 0: L0[], 1: L0[], Ebi: L2[L7[], L7[]], Eib: L2[L7[], L7[]], Eii: L2[L0[], L0[]], put: L2[V2, V3] -> V0 -> V1 -> L2[V2, L7[]], tr: L7[]
[16:07:44.344526]	Exploring 0: L0[], 1: L0[], Ebi: L2[L7[], L7[]], Eib: L2[L7[], L7[]], Eii: L2[L0[], L0[]], put: L2[V2, V3] -> V0 -> V1 -> L2[V2, V0], tr: L7[]
[16:07:44.344764]	Exploring 0: L0[], 1: L0[], Ebi: L2[L7[], L7[]], Eib: L2[L7[], L7[]], Eii: L2[L0[], L0[]], put: L2[V2, V3] -> V0 -> V1 -> L2[V2, V1], tr: L7[]
[16:07:44.344989]	Exploring 0: L0[], 1: L0[], Ebi: L2[L7[], L7[]], Eib: L2[L7[], L7[]], Eii: L2[L0[], L0[]], put: L2[V2, V3] -> V0 -> V1 -> L2[V2, V2], tr: L7[]
[16:07:44.345199]	Exploring 0: L0[], 1: L0[], Ebi: L2[L7[], L7[]], Eib: L2[L7[], L7[]], Eii: L2[L0[], L0[]], put: L2[V2, V3] -> V0 -> V1 -> L2[V2, V3], tr: L7[]
[16:07:44.345422]	Exploring 0: L0[], 1: L0[], Ebi: L2[L7[], L7[]], Eib: L2[L7[], L7[]], Eii: L2[L0[], L0[]], put: L2[V2, V3] -> V0 -> V1 -> L2[V3, _9_], tr: L7[]
[16:07:44.345556]	Exploring 0: L0[], 1: L0[], Ebi: L2[L7[], L7[]], Eib: L2[L7[], L7[]], Eii: L2[L0[], L0[]], put: L2[V2, V3] -> V0 -> V1 -> L2[V3, L0[]], tr: L7[]
[16:07:44.345786]	Exploring 0: L0[], 1: L0[], Ebi: L2[L7[], L7[]], Eib: L2[L7[], L7[]], Eii: L2[L0[], L0[]], put: L2[V2, V3] -> V0 -> V1 -> L2[V3, L7[]], tr: L7[]
[16:07:44.346023]	Exploring 0: L0[], 1: L0[], Ebi: L2[L7[], L7[]], Eib: L2[L7[], L7[]], Eii: L2[L0[], L0[]], put: L2[V2, V3] -> V0 -> V1 -> L2[V3, V0], tr: L7[]
[16:07:44.346258]	Exploring 0: L0[], 1: L0[], Ebi: L2[L7[], L7[]], Eib: L2[L7[], L7[]], Eii: L2[L0[], L0[]], put: L2[V2, V3] -> V0 -> V1 -> L2[V3, V1], tr: L7[]
[16:07:44.346481]	Exploring 0: L0[], 1: L0[], Ebi: L2[L7[], L7[]], Eib: L2[L7[], L7[]], Eii: L2[L0[], L0[]], put: L2[V2, V3] -> V0 -> V1 -> L2[V3, V2], tr: L7[]
[16:07:44.346710]	Exploring 0: L0[], 1: L0[], Ebi: L2[L7[], L7[]], Eib: L2[L7[], L7[]], Eii: L2[L0[], L0[]], put: L2[V2, V3] -> V0 -> V1 -> L2[V3, V3], tr: L7[]
[16:07:44.346876]	Exploring 0: L0[], 1: L0[], Ebi: L2[L7[], L7[]], Eib: L2[L7[], L7[]], Eii: L2[L0[], L7[]], put: L2[_6_, _7_] -> V0 -> V1 -> L2[_8_, _9_], tr: L7[]
[16:07:44.347001]	Exploring 0: L0[], 1: L0[], Ebi: L2[L7[], L7[]], Eib: L2[L7[], L7[]], Eii: L2[L0[], L7[]], put: L2[V2, _7_] -> V0 -> V1 -> L2[_8_, _9_], tr: L7[]
[16:07:44.347103]	Exploring 0: L0[], 1: L0[], Ebi: L2[L7[], L7[]], Eib: L2[L7[], L7[]], Eii: L2[L0[], L7[]], put: L2[V2, L7[]] -> V0 -> V1 -> L2[_8_, _9_], tr: L7[]
[16:07:44.347261]	Exploring 0: L0[], 1: L0[], Ebi: L2[L7[], L7[]], Eib: L2[L7[], L7[]], Eii: L2[L0[], L7[]], put: L2[V2, L7[]] -> V0 -> V1 -> L2[L0[], _9_], tr: L7[]
[16:07:44.347399]	Exploring 0: L0[], 1: L0[], Ebi: L2[L7[], L7[]], Eib: L2[L7[], L7[]], Eii: L2[L0[], L7[]], put: L2[V2, L7[]] -> V0 -> V1 -> L2[L0[], L7[]], tr: L7[]
[16:07:44.347759]	Exploring 0: L0[], 1: L0[], Ebi: L2[L7[], L7[]], Eib: L2[L7[], L7[]], Eii: L2[L0[], L7[]], put: L2[V2, L7[]] -> V0 -> V1 -> L2[L7[], _9_], tr: L7[]
[16:07:44.347870]	Exploring 0: L0[], 1: L0[], Ebi: L2[L7[], L7[]], Eib: L2[L7[], L7[]], Eii: L2[L0[], L7[]], put: L2[V2, L7[]] -> V0 -> V1 -> L2[L7[], L7[]], tr: L7[]
[16:07:44.348133]	Exploring 0: L0[], 1: L0[], Ebi: L2[L7[], L7[]], Eib: L2[L7[], L7[]], Eii: L2[L0[], L7[]], put: L2[V2, L7[]] -> V0 -> V1 -> L2[V0, _9_], tr: L7[]
[16:07:44.348256]	Exploring 0: L0[], 1: L0[], Ebi: L2[L7[], L7[]], Eib: L2[L7[], L7[]], Eii: L2[L0[], L7[]], put: L2[V2, L7[]] -> V0 -> V1 -> L2[V0, L7[]], tr: L7[]
[16:07:44.348528]	Exploring 0: L0[], 1: L0[], Ebi: L2[L7[], L7[]], Eib: L2[L7[], L7[]], Eii: L2[L0[], L7[]], put: L2[V2, L7[]] -> V0 -> V1 -> L2[V1, _9_], tr: L7[]
[16:07:44.348669]	Exploring 0: L0[], 1: L0[], Ebi: L2[L7[], L7[]], Eib: L2[L7[], L7[]], Eii: L2[L0[], L7[]], put: L2[V2, L7[]] -> V0 -> V1 -> L2[V1, L7[]], tr: L7[]
[16:07:44.348966]	Exploring 0: L0[], 1: L0[], Ebi: L2[L7[], L7[]], Eib: L2[L7[], L7[]], Eii: L2[L0[], L7[]], put: L2[V2, L7[]] -> V0 -> V1 -> L2[V2, _9_], tr: L7[]
[16:07:44.349084]	Exploring 0: L0[], 1: L0[], Ebi: L2[L7[], L7[]], Eib: L2[L7[], L7[]], Eii: L2[L0[], L7[]], put: L2[V2, L7[]] -> V0 -> V1 -> L2[V2, L7[]], tr: L7[]
[16:07:44.349412]	Exploring 0: L0[], 1: L0[], Ebi: L2[L7[], L7[]], Eib: L2[L7[], L7[]], Eii: L2[L0[], L7[]], put: L2[V2, V3] -> V0 -> V1 -> L2[_8_, _9_], tr: L7[]
[16:07:44.349528]	Exploring 0: L0[], 1: L0[], Ebi: L2[L7[], L7[]], Eib: L2[L7[], L7[]], Eii: L2[L0[], L7[]], put: L2[V2, V3] -> V0 -> V1 -> L2[L0[], _9_], tr: L7[]
[16:07:44.349641]	Exploring 0: L0[], 1: L0[], Ebi: L2[L7[], L7[]], Eib: L2[L7[], L7[]], Eii: L2[L0[], L7[]], put: L2[V2, V3] -> V0 -> V1 -> L2[L0[], L0[]], tr: L7[]
[16:07:44.349908]	Exploring 0: L0[], 1: L0[], Ebi: L2[L7[], L7[]], Eib: L2[L7[], L7[]], Eii: L2[L0[], L7[]], put: L2[V2, V3] -> V0 -> V1 -> L2[L0[], L7[]], tr: L7[]
[16:07:44.350136]	Exploring 0: L0[], 1: L0[], Ebi: L2[L7[], L7[]], Eib: L2[L7[], L7[]], Eii: L2[L0[], L7[]], put: L2[V2, V3] -> V0 -> V1 -> L2[L0[], V0], tr: L7[]
[16:07:44.350379]	Exploring 0: L0[], 1: L0[], Ebi: L2[L7[], L7[]], Eib: L2[L7[], L7[]], Eii: L2[L0[], L7[]], put: L2[V2, V3] -> V0 -> V1 -> L2[L0[], V1], tr: L7[]
[16:07:44.350624]	Exploring 0: L0[], 1: L0[], Ebi: L2[L7[], L7[]], Eib: L2[L7[], L7[]], Eii: L2[L0[], L7[]], put: L2[V2, V3] -> V0 -> V1 -> L2[L0[], V2], tr: L7[]
[16:07:44.350845]	Exploring 0: L0[], 1: L0[], Ebi: L2[L7[], L7[]], Eib: L2[L7[], L7[]], Eii: L2[L0[], L7[]], put: L2[V2, V3] -> V0 -> V1 -> L2[L0[], V3], tr: L7[]
[16:07:44.351054]	Exploring 0: L0[], 1: L0[], Ebi: L2[L7[], L7[]], Eib: L2[L7[], L7[]], Eii: L2[L0[], L7[]], put: L2[V2, V3] -> V0 -> V1 -> L2[L7[], _9_], tr: L7[]
[16:07:44.351168]	Exploring 0: L0[], 1: L0[], Ebi: L2[L7[], L7[]], Eib: L2[L7[], L7[]], Eii: L2[L0[], L7[]], put: L2[V2, V3] -> V0 -> V1 -> L2[L7[], L0[]], tr: L7[]
[16:07:44.351369]	Exploring 0: L0[], 1: L0[], Ebi: L2[L7[], L7[]], Eib: L2[L7[], L7[]], Eii: L2[L0[], L7[]], put: L2[V2, V3] -> V0 -> V1 -> L2[L7[], L7[]], tr: L7[]
[16:07:44.351594]	Exploring 0: L0[], 1: L0[], Ebi: L2[L7[], L7[]], Eib: L2[L7[], L7[]], Eii: L2[L0[], L7[]], put: L2[V2, V3] -> V0 -> V1 -> L2[L7[], V0], tr: L7[]
[16:07:44.351833]	Exploring 0: L0[], 1: L0[], Ebi: L2[L7[], L7[]], Eib: L2[L7[], L7[]], Eii: L2[L0[], L7[]], put: L2[V2, V3] -> V0 -> V1 -> L2[L7[], V1], tr: L7[]
[16:07:44.352062]	Exploring 0: L0[], 1: L0[], Ebi: L2[L7[], L7[]], Eib: L2[L7[], L7[]], Eii: L2[L0[], L7[]], put: L2[V2, V3] -> V0 -> V1 -> L2[L7[], V2], tr: L7[]
[16:07:44.352277]	Exploring 0: L0[], 1: L0[], Ebi: L2[L7[], L7[]], Eib: L2[L7[], L7[]], Eii: L2[L0[], L7[]], put: L2[V2, V3] -> V0 -> V1 -> L2[L7[], V3], tr: L7[]
[16:07:44.352510]	Exploring 0: L0[], 1: L0[], Ebi: L2[L7[], L7[]], Eib: L2[L7[], L7[]], Eii: L2[L0[], L7[]], put: L2[V2, V3] -> V0 -> V1 -> L2[V0, _9_], tr: L7[]
[16:07:44.352642]	Exploring 0: L0[], 1: L0[], Ebi: L2[L7[], L7[]], Eib: L2[L7[], L7[]], Eii: L2[L0[], L7[]], put: L2[V2, V3] -> V0 -> V1 -> L2[V0, L0[]], tr: L7[]
[16:07:44.352880]	Exploring 0: L0[], 1: L0[], Ebi: L2[L7[], L7[]], Eib: L2[L7[], L7[]], Eii: L2[L0[], L7[]], put: L2[V2, V3] -> V0 -> V1 -> L2[V0, L7[]], tr: L7[]
[16:07:44.353108]	Exploring 0: L0[], 1: L0[], Ebi: L2[L7[], L7[]], Eib: L2[L7[], L7[]], Eii: L2[L0[], L7[]], put: L2[V2, V3] -> V0 -> V1 -> L2[V0, V0], tr: L7[]
[16:07:44.353337]	Exploring 0: L0[], 1: L0[], Ebi: L2[L7[], L7[]], Eib: L2[L7[], L7[]], Eii: L2[L0[], L7[]], put: L2[V2, V3] -> V0 -> V1 -> L2[V0, V1], tr: L7[]
[16:07:44.353567]	Exploring 0: L0[], 1: L0[], Ebi: L2[L7[], L7[]], Eib: L2[L7[], L7[]], Eii: L2[L0[], L7[]], put: L2[V2, V3] -> V0 -> V1 -> L2[V0, V2], tr: L7[]
[16:07:44.353800]	Exploring 0: L0[], 1: L0[], Ebi: L2[L7[], L7[]], Eib: L2[L7[], L7[]], Eii: L2[L0[], L7[]], put: L2[V2, V3] -> V0 -> V1 -> L2[V0, V3], tr: L7[]
[16:07:44.354026]	Exploring 0: L0[], 1: L0[], Ebi: L2[L7[], L7[]], Eib: L2[L7[], L7[]], Eii: L2[L0[], L7[]], put: L2[V2, V3] -> V0 -> V1 -> L2[V1, _9_], tr: L7[]
[16:07:44.354159]	Exploring 0: L0[], 1: L0[], Ebi: L2[L7[], L7[]], Eib: L2[L7[], L7[]], Eii: L2[L0[], L7[]], put: L2[V2, V3] -> V0 -> V1 -> L2[V1, L0[]], tr: L7[]
[16:07:44.354399]	Exploring 0: L0[], 1: L0[], Ebi: L2[L7[], L7[]], Eib: L2[L7[], L7[]], Eii: L2[L0[], L7[]], put: L2[V2, V3] -> V0 -> V1 -> L2[V1, L7[]], tr: L7[]
[16:07:44.354632]	Exploring 0: L0[], 1: L0[], Ebi: L2[L7[], L7[]], Eib: L2[L7[], L7[]], Eii: L2[L0[], L7[]], put: L2[V2, V3] -> V0 -> V1 -> L2[V1, V0], tr: L7[]
[16:07:44.354861]	Exploring 0: L0[], 1: L0[], Ebi: L2[L7[], L7[]], Eib: L2[L7[], L7[]], Eii: L2[L0[], L7[]], put: L2[V2, V3] -> V0 -> V1 -> L2[V1, V1], tr: L7[]
[16:07:44.355089]	Exploring 0: L0[], 1: L0[], Ebi: L2[L7[], L7[]], Eib: L2[L7[], L7[]], Eii: L2[L0[], L7[]], put: L2[V2, V3] -> V0 -> V1 -> L2[V1, V2], tr: L7[]
[16:07:44.355321]	Exploring 0: L0[], 1: L0[], Ebi: L2[L7[], L7[]], Eib: L2[L7[], L7[]], Eii: L2[L0[], L7[]], put: L2[V2, V3] -> V0 -> V1 -> L2[V1, V3], tr: L7[]
[16:07:44.355561]	Exploring 0: L0[], 1: L0[], Ebi: L2[L7[], L7[]], Eib: L2[L7[], L7[]], Eii: L2[L0[], L7[]], put: L2[V2, V3] -> V0 -> V1 -> L2[V2, _9_], tr: L7[]
[16:07:44.355685]	Exploring 0: L0[], 1: L0[], Ebi: L2[L7[], L7[]], Eib: L2[L7[], L7[]], Eii: L2[L0[], L7[]], put: L2[V2, V3] -> V0 -> V1 -> L2[V2, L0[]], tr: L7[]
[16:07:44.355893]	Exploring 0: L0[], 1: L0[], Ebi: L2[L7[], L7[]], Eib: L2[L7[], L7[]], Eii: L2[L0[], L7[]], put: L2[V2, V3] -> V0 -> V1 -> L2[V2, L7[]], tr: L7[]
[16:07:44.356116]	Exploring 0: L0[], 1: L0[], Ebi: L2[L7[], L7[]], Eib: L2[L7[], L7[]], Eii: L2[L0[], L7[]], put: L2[V2, V3] -> V0 -> V1 -> L2[V2, V0], tr: L7[]
[16:07:44.356349]	Exploring 0: L0[], 1: L0[], Ebi: L2[L7[], L7[]], Eib: L2[L7[], L7[]], Eii: L2[L0[], L7[]], put: L2[V2, V3] -> V0 -> V1 -> L2[V2, V1], tr: L7[]
[16:07:44.356566]	Exploring 0: L0[], 1: L0[], Ebi: L2[L7[], L7[]], Eib: L2[L7[], L7[]], Eii: L2[L0[], L7[]], put: L2[V2, V3] -> V0 -> V1 -> L2[V2, V2], tr: L7[]
[16:07:44.356798]	Exploring 0: L0[], 1: L0[], Ebi: L2[L7[], L7[]], Eib: L2[L7[], L7[]], Eii: L2[L0[], L7[]], put: L2[V2, V3] -> V0 -> V1 -> L2[V2, V3], tr: L7[]
[16:07:44.357014]	Exploring 0: L0[], 1: L0[], Ebi: L2[L7[], L7[]], Eib: L2[L7[], L7[]], Eii: L2[L0[], L7[]], put: L2[V2, V3] -> V0 -> V1 -> L2[V3, _9_], tr: L7[]
[16:07:44.357138]	Exploring 0: L0[], 1: L0[], Ebi: L2[L7[], L7[]], Eib: L2[L7[], L7[]], Eii: L2[L0[], L7[]], put: L2[V2, V3] -> V0 -> V1 -> L2[V3, L0[]], tr: L7[]
[16:07:44.357357]	Exploring 0: L0[], 1: L0[], Ebi: L2[L7[], L7[]], Eib: L2[L7[], L7[]], Eii: L2[L0[], L7[]], put: L2[V2, V3] -> V0 -> V1 -> L2[V3, L7[]], tr: L7[]
[16:07:44.357646]	Exploring 0: L0[], 1: L0[], Ebi: L2[L7[], L7[]], Eib: L2[L7[], L7[]], Eii: L2[L0[], L7[]], put: L2[V2, V3] -> V0 -> V1 -> L2[V3, V0], tr: L7[]
[16:07:44.357968]	Exploring 0: L0[], 1: L0[], Ebi: L2[L7[], L7[]], Eib: L2[L7[], L7[]], Eii: L2[L0[], L7[]], put: L2[V2, V3] -> V0 -> V1 -> L2[V3, V1], tr: L7[]
[16:07:44.358208]	Exploring 0: L0[], 1: L0[], Ebi: L2[L7[], L7[]], Eib: L2[L7[], L7[]], Eii: L2[L0[], L7[]], put: L2[V2, V3] -> V0 -> V1 -> L2[V3, V2], tr: L7[]
[16:07:44.358420]	Exploring 0: L0[], 1: L0[], Ebi: L2[L7[], L7[]], Eib: L2[L7[], L7[]], Eii: L2[L0[], L7[]], put: L2[V2, V3] -> V0 -> V1 -> L2[V3, V3], tr: L7[]
[16:07:44.358594]	Exploring 0: L0[], 1: L0[], Ebi: L2[L7[], L7[]], Eib: L2[L7[], L7[]], Eii: L2[L7[], _5_], put: L2[_6_, _7_] -> V0 -> V1 -> L2[_8_, _9_], tr: L7[]
[16:07:44.358657]	Exploring 0: L0[], 1: L0[], Ebi: L2[L7[], L7[]], Eib: L2[L7[], L7[]], Eii: L2[L7[], L0[]], put: L2[_6_, _7_] -> V0 -> V1 -> L2[_8_, _9_], tr: L7[]
[16:07:44.358747]	Exploring 0: L0[], 1: L0[], Ebi: L2[L7[], L7[]], Eib: L2[L7[], L7[]], Eii: L2[L7[], L0[]], put: L2[L7[], _7_] -> V0 -> V1 -> L2[_8_, _9_], tr: L7[]
[16:07:44.358864]	Exploring 0: L0[], 1: L0[], Ebi: L2[L7[], L7[]], Eib: L2[L7[], L7[]], Eii: L2[L7[], L0[]], put: L2[L7[], V2] -> V0 -> V1 -> L2[_8_, _9_], tr: L7[]
[16:07:44.358966]	Exploring 0: L0[], 1: L0[], Ebi: L2[L7[], L7[]], Eib: L2[L7[], L7[]], Eii: L2[L7[], L0[]], put: L2[L7[], V2] -> V0 -> V1 -> L2[L7[], _9_], tr: L7[]
[16:07:44.359066]	Exploring 0: L0[], 1: L0[], Ebi: L2[L7[], L7[]], Eib: L2[L7[], L7[]], Eii: L2[L7[], L0[]], put: L2[L7[], V2] -> V0 -> V1 -> L2[L7[], L0[]], tr: L7[]
[16:07:44.359236]	Exploring 0: L0[], 1: L0[], Ebi: L2[L7[], L7[]], Eib: L2[L7[], L7[]], Eii: L2[L7[], L0[]], put: L2[L7[], V2] -> V0 -> V1 -> L2[L7[], L7[]], tr: L7[]
[16:07:44.359434]	Exploring 0: L0[], 1: L0[], Ebi: L2[L7[], L7[]], Eib: L2[L7[], L7[]], Eii: L2[L7[], L0[]], put: L2[L7[], V2] -> V0 -> V1 -> L2[L7[], V0], tr: L7[]
[16:07:44.359628]	Exploring 0: L0[], 1: L0[], Ebi: L2[L7[], L7[]], Eib: L2[L7[], L7[]], Eii: L2[L7[], L0[]], put: L2[L7[], V2] -> V0 -> V1 -> L2[L7[], V1], tr: L7[]
[16:07:44.359815]	Exploring 0: L0[], 1: L0[], Ebi: L2[L7[], L7[]], Eib: L2[L7[], L7[]], Eii: L2[L7[], L0[]], put: L2[L7[], V2] -> V0 -> V1 -> L2[L7[], V2], tr: L7[]
[16:07:44.360083]	Exploring 0: L0[], 1: L0[], Ebi: L2[L7[], L7[]], Eib: L2[L7[], L7[]], Eii: L2[L7[], L0[]], put: L2[V2, _7_] -> V0 -> V1 -> L2[_8_, _9_], tr: L7[]
[16:07:44.360249]	Exploring 0: L0[], 1: L0[], Ebi: L2[L7[], L7[]], Eib: L2[L7[], L7[]], Eii: L2[L7[], L0[]], put: L2[V2, V3] -> V0 -> V1 -> L2[_8_, _9_], tr: L7[]
[16:07:44.360357]	Exploring 0: L0[], 1: L0[], Ebi: L2[L7[], L7[]], Eib: L2[L7[], L7[]], Eii: L2[L7[], L0[]], put: L2[V2, V3] -> V0 -> V1 -> L2[L0[], _9_], tr: L7[]
[16:07:44.360470]	Exploring 0: L0[], 1: L0[], Ebi: L2[L7[], L7[]], Eib: L2[L7[], L7[]], Eii: L2[L7[], L0[]], put: L2[V2, V3] -> V0 -> V1 -> L2[L0[], L0[]], tr: L7[]
[16:07:44.360666]	Exploring 0: L0[], 1: L0[], Ebi: L2[L7[], L7[]], Eib: L2[L7[], L7[]], Eii: L2[L7[], L0[]], put: L2[V2, V3] -> V0 -> V1 -> L2[L0[], L7[]], tr: L7[]
[16:07:44.360948]	Exploring 0: L0[], 1: L0[], Ebi: L2[L7[], L7[]], Eib: L2[L7[], L7[]], Eii: L2[L7[], L0[]], put: L2[V2, V3] -> V0 -> V1 -> L2[L0[], V0], tr: L7[]
[16:07:44.361233]	Exploring 0: L0[], 1: L0[], Ebi: L2[L7[], L7[]], Eib: L2[L7[], L7[]], Eii: L2[L7[], L0[]], put: L2[V2, V3] -> V0 -> V1 -> L2[L0[], V1], tr: L7[]
[16:07:44.361474]	Exploring 0: L0[], 1: L0[], Ebi: L2[L7[], L7[]], Eib: L2[L7[], L7[]], Eii: L2[L7[], L0[]], put: L2[V2, V3] -> V0 -> V1 -> L2[L0[], V2], tr: L7[]
[16:07:44.361697]	Exploring 0: L0[], 1: L0[], Ebi: L2[L7[], L7[]], Eib: L2[L7[], L7[]], Eii: L2[L7[], L0[]], put: L2[V2, V3] -> V0 -> V1 -> L2[L0[], V3], tr: L7[]
[16:07:44.361905]	Exploring 0: L0[], 1: L0[], Ebi: L2[L7[], L7[]], Eib: L2[L7[], L7[]], Eii: L2[L7[], L0[]], put: L2[V2, V3] -> V0 -> V1 -> L2[L7[], _9_], tr: L7[]
[16:07:44.362019]	Exploring 0: L0[], 1: L0[], Ebi: L2[L7[], L7[]], Eib: L2[L7[], L7[]], Eii: L2[L7[], L0[]], put: L2[V2, V3] -> V0 -> V1 -> L2[L7[], L0[]], tr: L7[]
[16:07:44.362216]	Exploring 0: L0[], 1: L0[], Ebi: L2[L7[], L7[]], Eib: L2[L7[], L7[]], Eii: L2[L7[], L0[]], put: L2[V2, V3] -> V0 -> V1 -> L2[L7[], L7[]], tr: L7[]
[16:07:44.362446]	Exploring 0: L0[], 1: L0[], Ebi: L2[L7[], L7[]], Eib: L2[L7[], L7[]], Eii: L2[L7[], L0[]], put: L2[V2, V3] -> V0 -> V1 -> L2[L7[], V0], tr: L7[]
[16:07:44.362695]	Exploring 0: L0[], 1: L0[], Ebi: L2[L7[], L7[]], Eib: L2[L7[], L7[]], Eii: L2[L7[], L0[]], put: L2[V2, V3] -> V0 -> V1 -> L2[L7[], V1], tr: L7[]
[16:07:44.362913]	Exploring 0: L0[], 1: L0[], Ebi: L2[L7[], L7[]], Eib: L2[L7[], L7[]], Eii: L2[L7[], L0[]], put: L2[V2, V3] -> V0 -> V1 -> L2[L7[], V2], tr: L7[]
[16:07:44.363143]	Exploring 0: L0[], 1: L0[], Ebi: L2[L7[], L7[]], Eib: L2[L7[], L7[]], Eii: L2[L7[], L0[]], put: L2[V2, V3] -> V0 -> V1 -> L2[L7[], V3], tr: L7[]
[16:07:44.363385]	Exploring 0: L0[], 1: L0[], Ebi: L2[L7[], L7[]], Eib: L2[L7[], L7[]], Eii: L2[L7[], L0[]], put: L2[V2, V3] -> V0 -> V1 -> L2[V0, _9_], tr: L7[]
[16:07:44.363539]	Exploring 0: L0[], 1: L0[], Ebi: L2[L7[], L7[]], Eib: L2[L7[], L7[]], Eii: L2[L7[], L0[]], put: L2[V2, V3] -> V0 -> V1 -> L2[V0, L0[]], tr: L7[]
[16:07:44.363776]	Exploring 0: L0[], 1: L0[], Ebi: L2[L7[], L7[]], Eib: L2[L7[], L7[]], Eii: L2[L7[], L0[]], put: L2[V2, V3] -> V0 -> V1 -> L2[V0, L7[]], tr: L7[]
[16:07:44.364010]	Exploring 0: L0[], 1: L0[], Ebi: L2[L7[], L7[]], Eib: L2[L7[], L7[]], Eii: L2[L7[], L0[]], put: L2[V2, V3] -> V0 -> V1 -> L2[V0, V0], tr: L7[]
[16:07:44.364243]	Exploring 0: L0[], 1: L0[], Ebi: L2[L7[], L7[]], Eib: L2[L7[], L7[]], Eii: L2[L7[], L0[]], put: L2[V2, V3] -> V0 -> V1 -> L2[V0, V1], tr: L7[]
[16:07:44.364473]	Exploring 0: L0[], 1: L0[], Ebi: L2[L7[], L7[]], Eib: L2[L7[], L7[]], Eii: L2[L7[], L0[]], put: L2[V2, V3] -> V0 -> V1 -> L2[V0, V2], tr: L7[]
[16:07:44.364704]	Exploring 0: L0[], 1: L0[], Ebi: L2[L7[], L7[]], Eib: L2[L7[], L7[]], Eii: L2[L7[], L0[]], put: L2[V2, V3] -> V0 -> V1 -> L2[V0, V3], tr: L7[]
[16:07:44.364937]	Exploring 0: L0[], 1: L0[], Ebi: L2[L7[], L7[]], Eib: L2[L7[], L7[]], Eii: L2[L7[], L0[]], put: L2[V2, V3] -> V0 -> V1 -> L2[V1, _9_], tr: L7[]
[16:07:44.365072]	Exploring 0: L0[], 1: L0[], Ebi: L2[L7[], L7[]], Eib: L2[L7[], L7[]], Eii: L2[L7[], L0[]], put: L2[V2, V3] -> V0 -> V1 -> L2[V1, L0[]], tr: L7[]
[16:07:44.365302]	Exploring 0: L0[], 1: L0[], Ebi: L2[L7[], L7[]], Eib: L2[L7[], L7[]], Eii: L2[L7[], L0[]], put: L2[V2, V3] -> V0 -> V1 -> L2[V1, L7[]], tr: L7[]
[16:07:44.365557]	Exploring 0: L0[], 1: L0[], Ebi: L2[L7[], L7[]], Eib: L2[L7[], L7[]], Eii: L2[L7[], L0[]], put: L2[V2, V3] -> V0 -> V1 -> L2[V1, V0], tr: L7[]
[16:07:44.365816]	Exploring 0: L0[], 1: L0[], Ebi: L2[L7[], L7[]], Eib: L2[L7[], L7[]], Eii: L2[L7[], L0[]], put: L2[V2, V3] -> V0 -> V1 -> L2[V1, V1], tr: L7[]
[16:07:44.366052]	Exploring 0: L0[], 1: L0[], Ebi: L2[L7[], L7[]], Eib: L2[L7[], L7[]], Eii: L2[L7[], L0[]], put: L2[V2, V3] -> V0 -> V1 -> L2[V1, V2], tr: L7[]
[16:07:44.366283]	Exploring 0: L0[], 1: L0[], Ebi: L2[L7[], L7[]], Eib: L2[L7[], L7[]], Eii: L2[L7[], L0[]], put: L2[V2, V3] -> V0 -> V1 -> L2[V1, V3], tr: L7[]
[16:07:44.366496]	Exploring 0: L0[], 1: L0[], Ebi: L2[L7[], L7[]], Eib: L2[L7[], L7[]], Eii: L2[L7[], L0[]], put: L2[V2, V3] -> V0 -> V1 -> L2[V2, _9_], tr: L7[]
[16:07:44.366622]	Exploring 0: L0[], 1: L0[], Ebi: L2[L7[], L7[]], Eib: L2[L7[], L7[]], Eii: L2[L7[], L0[]], put: L2[V2, V3] -> V0 -> V1 -> L2[V2, L0[]], tr: L7[]
[16:07:44.366830]	Exploring 0: L0[], 1: L0[], Ebi: L2[L7[], L7[]], Eib: L2[L7[], L7[]], Eii: L2[L7[], L0[]], put: L2[V2, V3] -> V0 -> V1 -> L2[V2, L7[]], tr: L7[]
[16:07:44.367050]	Exploring 0: L0[], 1: L0[], Ebi: L2[L7[], L7[]], Eib: L2[L7[], L7[]], Eii: L2[L7[], L0[]], put: L2[V2, V3] -> V0 -> V1 -> L2[V2, V0], tr: L7[]
[16:07:44.367282]	Exploring 0: L0[], 1: L0[], Ebi: L2[L7[], L7[]], Eib: L2[L7[], L7[]], Eii: L2[L7[], L0[]], put: L2[V2, V3] -> V0 -> V1 -> L2[V2, V1], tr: L7[]
[16:07:44.367537]	Exploring 0: L0[], 1: L0[], Ebi: L2[L7[], L7[]], Eib: L2[L7[], L7[]], Eii: L2[L7[], L0[]], put: L2[V2, V3] -> V0 -> V1 -> L2[V2, V2], tr: L7[]
[16:07:44.367745]	Exploring 0: L0[], 1: L0[], Ebi: L2[L7[], L7[]], Eib: L2[L7[], L7[]], Eii: L2[L7[], L0[]], put: L2[V2, V3] -> V0 -> V1 -> L2[V2, V3], tr: L7[]
[16:07:44.367970]	Exploring 0: L0[], 1: L0[], Ebi: L2[L7[], L7[]], Eib: L2[L7[], L7[]], Eii: L2[L7[], L0[]], put: L2[V2, V3] -> V0 -> V1 -> L2[V3, _9_], tr: L7[]
[16:07:44.368096]	Exploring 0: L0[], 1: L0[], Ebi: L2[L7[], L7[]], Eib: L2[L7[], L7[]], Eii: L2[L7[], L0[]], put: L2[V2, V3] -> V0 -> V1 -> L2[V3, L0[]], tr: L7[]
[16:07:44.368321]	Exploring 0: L0[], 1: L0[], Ebi: L2[L7[], L7[]], Eib: L2[L7[], L7[]], Eii: L2[L7[], L0[]], put: L2[V2, V3] -> V0 -> V1 -> L2[V3, L7[]], tr: L7[]
[16:07:44.368544]	Exploring 0: L0[], 1: L0[], Ebi: L2[L7[], L7[]], Eib: L2[L7[], L7[]], Eii: L2[L7[], L0[]], put: L2[V2, V3] -> V0 -> V1 -> L2[V3, V0], tr: L7[]
[16:07:44.368773]	Exploring 0: L0[], 1: L0[], Ebi: L2[L7[], L7[]], Eib: L2[L7[], L7[]], Eii: L2[L7[], L0[]], put: L2[V2, V3] -> V0 -> V1 -> L2[V3, V1], tr: L7[]
[16:07:44.368996]	Exploring 0: L0[], 1: L0[], Ebi: L2[L7[], L7[]], Eib: L2[L7[], L7[]], Eii: L2[L7[], L0[]], put: L2[V2, V3] -> V0 -> V1 -> L2[V3, V2], tr: L7[]
[16:07:44.369211]	Exploring 0: L0[], 1: L0[], Ebi: L2[L7[], L7[]], Eib: L2[L7[], L7[]], Eii: L2[L7[], L0[]], put: L2[V2, V3] -> V0 -> V1 -> L2[V3, V3], tr: L7[]
[16:07:44.369382]	Exploring 0: L0[], 1: L0[], Ebi: L2[L7[], L7[]], Eib: L2[L7[], L7[]], Eii: L2[L7[], L7[]], put: L2[_6_, _7_] -> V0 -> V1 -> L2[_8_, _9_], tr: L7[]
[16:07:44.369470]	Exploring 0: L0[], 1: L0[], Ebi: L2[L7[], L7[]], Eib: L2[L7[], L7[]], Eii: L2[L7[], L7[]], put: L2[L7[], _7_] -> V0 -> V1 -> L2[_8_, _9_], tr: L7[]
[16:07:44.369554]	Exploring 0: L0[], 1: L0[], Ebi: L2[L7[], L7[]], Eib: L2[L7[], L7[]], Eii: L2[L7[], L7[]], put: L2[L7[], L7[]] -> V0 -> V1 -> L2[_8_, _9_], tr: L7[]
[16:07:44.369640]	Exploring 0: L0[], 1: L0[], Ebi: L2[L7[], L7[]], Eib: L2[L7[], L7[]], Eii: L2[L7[], L7[]], put: L2[L7[], L7[]] -> V0 -> V1 -> L2[L7[], _9_], tr: L7[]
[16:07:44.369728]	Exploring 0: L0[], 1: L0[], Ebi: L2[L7[], L7[]], Eib: L2[L7[], L7[]], Eii: L2[L7[], L7[]], put: L2[L7[], L7[]] -> V0 -> V1 -> L2[L7[], L7[]], tr: L7[]
[16:07:44.369956]	Exploring 0: L0[], 1: L0[], Ebi: L2[L7[], L7[]], Eib: L2[L7[], L7[]], Eii: L2[L7[], L7[]], put: L2[L7[], V2] -> V0 -> V1 -> L2[_8_, _9_], tr: L7[]
[16:07:44.370057]	Exploring 0: L0[], 1: L0[], Ebi: L2[L7[], L7[]], Eib: L2[L7[], L7[]], Eii: L2[L7[], L7[]], put: L2[L7[], V2] -> V0 -> V1 -> L2[L7[], _9_], tr: L7[]
[16:07:44.370168]	Exploring 0: L0[], 1: L0[], Ebi: L2[L7[], L7[]], Eib: L2[L7[], L7[]], Eii: L2[L7[], L7[]], put: L2[L7[], V2] -> V0 -> V1 -> L2[L7[], L0[]], tr: L7[]
[16:07:44.370396]	Exploring 0: L0[], 1: L0[], Ebi: L2[L7[], L7[]], Eib: L2[L7[], L7[]], Eii: L2[L7[], L7[]], put: L2[L7[], V2] -> V0 -> V1 -> L2[L7[], L7[]], tr: L7[]
[16:07:44.370636]	Exploring 0: L0[], 1: L0[], Ebi: L2[L7[], L7[]], Eib: L2[L7[], L7[]], Eii: L2[L7[], L7[]], put: L2[L7[], V2] -> V0 -> V1 -> L2[L7[], V0], tr: L7[]
[16:07:44.370835]	Exploring 0: L0[], 1: L0[], Ebi: L2[L7[], L7[]], Eib: L2[L7[], L7[]], Eii: L2[L7[], L7[]], put: L2[L7[], V2] -> V0 -> V1 -> L2[L7[], V1], tr: L7[]
[16:07:44.371021]	Exploring 0: L0[], 1: L0[], Ebi: L2[L7[], L7[]], Eib: L2[L7[], L7[]], Eii: L2[L7[], L7[]], put: L2[L7[], V2] -> V0 -> V1 -> L2[L7[], V2], tr: L7[]
[16:07:44.371228]	Exploring 0: L0[], 1: L0[], Ebi: L2[L7[], L7[]], Eib: L2[L7[], L7[]], Eii: L2[L7[], L7[]], put: L2[L7[], V2] -> V0 -> V1 -> L2[V2, _9_], tr: L7[]
[16:07:44.371332]	Exploring 0: L0[], 1: L0[], Ebi: L2[L7[], L7[]], Eib: L2[L7[], L7[]], Eii: L2[L7[], L7[]], put: L2[L7[], V2] -> V0 -> V1 -> L2[V2, L0[]], tr: L7[]
[16:07:44.371533]	Exploring 0: L0[], 1: L0[], Ebi: L2[L7[], L7[]], Eib: L2[L7[], L7[]], Eii: L2[L7[], L7[]], put: L2[L7[], V2] -> V0 -> V1 -> L2[V2, L7[]], tr: L7[]
[16:07:44.371742]	Exploring 0: L0[], 1: L0[], Ebi: L2[L7[], L7[]], Eib: L2[L7[], L7[]], Eii: L2[L7[], L7[]], put: L2[L7[], V2] -> V0 -> V1 -> L2[V2, V0], tr: L7[]
[16:07:44.371940]	Exploring 0: L0[], 1: L0[], Ebi: L2[L7[], L7[]], Eib: L2[L7[], L7[]], Eii: L2[L7[], L7[]], put: L2[L7[], V2] -> V0 -> V1 -> L2[V2, V1], tr: L7[]
[16:07:44.372124]	Exploring 0: L0[], 1: L0[], Ebi: L2[L7[], L7[]], Eib: L2[L7[], L7[]], Eii: L2[L7[], L7[]], put: L2[L7[], V2] -> V0 -> V1 -> L2[V2, V2], tr: L7[]
[16:07:44.372323]	Exploring 0: L0[], 1: L0[], Ebi: L2[L7[], L7[]], Eib: L2[L7[], L7[]], Eii: L2[L7[], L7[]], put: L2[V2, _7_] -> V0 -> V1 -> L2[_8_, _9_], tr: L7[]
[16:07:44.372428]	Exploring 0: L0[], 1: L0[], Ebi: L2[L7[], L7[]], Eib: L2[L7[], L7[]], Eii: L2[L7[], L7[]], put: L2[V2, L7[]] -> V0 -> V1 -> L2[_8_, _9_], tr: L7[]
[16:07:44.372528]	Exploring 0: L0[], 1: L0[], Ebi: L2[L7[], L7[]], Eib: L2[L7[], L7[]], Eii: L2[L7[], L7[]], put: L2[V2, L7[]] -> V0 -> V1 -> L2[L0[], _9_], tr: L7[]
[16:07:44.372640]	Exploring 0: L0[], 1: L0[], Ebi: L2[L7[], L7[]], Eib: L2[L7[], L7[]], Eii: L2[L7[], L7[]], put: L2[V2, L7[]] -> V0 -> V1 -> L2[L0[], L7[]], tr: L7[]
[16:07:44.372862]	Exploring 0: L0[], 1: L0[], Ebi: L2[L7[], L7[]], Eib: L2[L7[], L7[]], Eii: L2[L7[], L7[]], put: L2[V2, L7[]] -> V0 -> V1 -> L2[L0[], V2], tr: L7[]
[16:07:44.373047]	Exploring 0: L0[], 1: L0[], Ebi: L2[L7[], L7[]], Eib: L2[L7[], L7[]], Eii: L2[L7[], L7[]], put: L2[V2, L7[]] -> V0 -> V1 -> L2[L7[], _9_], tr: L7[]
[16:07:44.373153]	Exploring 0: L0[], 1: L0[], Ebi: L2[L7[], L7[]], Eib: L2[L7[], L7[]], Eii: L2[L7[], L7[]], put: L2[V2, L7[]] -> V0 -> V1 -> L2[L7[], L7[]], tr: L7[]
[16:07:44.373371]	Exploring 0: L0[], 1: L0[], Ebi: L2[L7[], L7[]], Eib: L2[L7[], L7[]], Eii: L2[L7[], L7[]], put: L2[V2, L7[]] -> V0 -> V1 -> L2[L7[], V2], tr: L7[]
[16:07:44.373560]	Exploring 0: L0[], 1: L0[], Ebi: L2[L7[], L7[]], Eib: L2[L7[], L7[]], Eii: L2[L7[], L7[]], put: L2[V2, L7[]] -> V0 -> V1 -> L2[V0, _9_], tr: L7[]
[16:07:44.373678]	Exploring 0: L0[], 1: L0[], Ebi: L2[L7[], L7[]], Eib: L2[L7[], L7[]], Eii: L2[L7[], L7[]], put: L2[V2, L7[]] -> V0 -> V1 -> L2[V0, L7[]], tr: L7[]
[16:07:44.373911]	Exploring 0: L0[], 1: L0[], Ebi: L2[L7[], L7[]], Eib: L2[L7[], L7[]], Eii: L2[L7[], L7[]], put: L2[V2, L7[]] -> V0 -> V1 -> L2[V0, V2], tr: L7[]
[16:07:44.374103]	Exploring 0: L0[], 1: L0[], Ebi: L2[L7[], L7[]], Eib: L2[L7[], L7[]], Eii: L2[L7[], L7[]], put: L2[V2, L7[]] -> V0 -> V1 -> L2[V1, _9_], tr: L7[]
[16:07:44.374279]	Exploring 0: L0[], 1: L0[], Ebi: L2[L7[], L7[]], Eib: L2[L7[], L7[]], Eii: L2[L7[], L7[]], put: L2[V2, L7[]] -> V0 -> V1 -> L2[V1, L7[]], tr: L7[]
[16:07:44.374514]	Exploring 0: L0[], 1: L0[], Ebi: L2[L7[], L7[]], Eib: L2[L7[], L7[]], Eii: L2[L7[], L7[]], put: L2[V2, L7[]] -> V0 -> V1 -> L2[V1, V2], tr: L7[]
[16:07:44.374759]	Exploring 0: L0[], 1: L0[], Ebi: L2[L7[], L7[]], Eib: L2[L7[], L7[]], Eii: L2[L7[], L7[]], put: L2[V2, L7[]] -> V0 -> V1 -> L2[V2, _9_], tr: L7[]
[16:07:44.374881]	Exploring 0: L0[], 1: L0[], Ebi: L2[L7[], L7[]], Eib: L2[L7[], L7[]], Eii: L2[L7[], L7[]], put: L2[V2, L7[]] -> V0 -> V1 -> L2[V2, L7[]], tr: L7[]
[16:07:44.375161]	Exploring 0: L0[], 1: L0[], Ebi: L2[L7[], L7[]], Eib: L2[L7[], L7[]], Eii: L2[L7[], L7[]], put: L2[V2, L7[]] -> V0 -> V1 -> L2[V2, V2], tr: L7[]
[16:07:44.375445]	Exploring 0: L0[], 1: L0[], Ebi: L2[L7[], L7[]], Eib: L2[L7[], L7[]], Eii: L2[L7[], L7[]], put: L2[V2, V2] -> V0 -> V1 -> L2[_8_, _9_], tr: L7[]
[16:07:44.375581]	Exploring 0: L0[], 1: L0[], Ebi: L2[L7[], L7[]], Eib: L2[L7[], L7[]], Eii: L2[L7[], L7[]], put: L2[V2, V2] -> V0 -> V1 -> L2[L0[], _9_], tr: L7[]
[16:07:44.375719]	Exploring 0: L0[], 1: L0[], Ebi: L2[L7[], L7[]], Eib: L2[L7[], L7[]], Eii: L2[L7[], L7[]], put: L2[V2, V2] -> V0 -> V1 -> L2[L0[], L0[]], tr: L7[]
[16:07:44.376011]	Exploring 0: L0[], 1: L0[], Ebi: L2[L7[], L7[]], Eib: L2[L7[], L7[]], Eii: L2[L7[], L7[]], put: L2[V2, V2] -> V0 -> V1 -> L2[L7[], _9_], tr: L7[]
[16:07:44.376148]	Exploring 0: L0[], 1: L0[], Ebi: L2[L7[], L7[]], Eib: L2[L7[], L7[]], Eii: L2[L7[], L7[]], put: L2[V2, V2] -> V0 -> V1 -> L2[L7[], L7[]], tr: L7[]
[16:07:44.376369]	Exploring 0: L0[], 1: L0[], Ebi: L2[L7[], L7[]], Eib: L2[L7[], L7[]], Eii: L2[L7[], L7[]], put: L2[V2, V2] -> V0 -> V1 -> L2[L7[], V2], tr: L7[]
[16:07:44.376556]	Exploring 0: L0[], 1: L0[], Ebi: L2[L7[], L7[]], Eib: L2[L7[], L7[]], Eii: L2[L7[], L7[]], put: L2[V2, V2] -> V0 -> V1 -> L2[V0, _9_], tr: L7[]
[16:07:44.376679]	Exploring 0: L0[], 1: L0[], Ebi: L2[L7[], L7[]], Eib: L2[L7[], L7[]], Eii: L2[L7[], L7[]], put: L2[V2, V2] -> V0 -> V1 -> L2[V0, V0], tr: L7[]
[16:07:44.376893]	Exploring 0: L0[], 1: L0[], Ebi: L2[L7[], L7[]], Eib: L2[L7[], L7[]], Eii: L2[L7[], L7[]], put: L2[V2, V2] -> V0 -> V1 -> L2[V1, _9_], tr: L7[]
[16:07:44.377047]	Exploring 0: L0[], 1: L0[], Ebi: L2[L7[], L7[]], Eib: L2[L7[], L7[]], Eii: L2[L7[], L7[]], put: L2[V2, V2] -> V0 -> V1 -> L2[V1, V1], tr: L7[]
[16:07:44.377304]	Exploring 0: L0[], 1: L0[], Ebi: L2[L7[], L7[]], Eib: L2[L7[], L7[]], Eii: L2[L7[], L7[]], put: L2[V2, V2] -> V0 -> V1 -> L2[V2, _9_], tr: L7[]
[16:07:44.377588]	Exploring 0: L0[], 1: L0[], Ebi: L2[L7[], L7[]], Eib: L2[L7[], L7[]], Eii: L2[L7[], L7[]], put: L2[V2, V2] -> V0 -> V1 -> L2[V2, L7[]], tr: L7[]
[16:07:44.377812]	Exploring 0: L0[], 1: L0[], Ebi: L2[L7[], L7[]], Eib: L2[L7[], L7[]], Eii: L2[L7[], L7[]], put: L2[V2, V2] -> V0 -> V1 -> L2[V2, V2], tr: L7[]
[16:07:44.377998]	Exploring 0: L0[], 1: L0[], Ebi: L2[L7[], L7[]], Eib: L2[L7[], L7[]], Eii: L2[L7[], L7[]], put: L2[V2, V3] -> V0 -> V1 -> L2[_8_, _9_], tr: L7[]
[16:07:44.378145]	Exploring 0: L0[], 1: L0[], Ebi: L2[L7[], L7[]], Eib: L2[L7[], L7[]], Eii: L2[L7[], L7[]], put: L2[V2, V3] -> V0 -> V1 -> L2[L0[], _9_], tr: L7[]
[16:07:44.378297]	Exploring 0: L0[], 1: L0[], Ebi: L2[L7[], L7[]], Eib: L2[L7[], L7[]], Eii: L2[L7[], L7[]], put: L2[V2, V3] -> V0 -> V1 -> L2[L0[], L0[]], tr: L7[]
[16:07:44.378507]	Exploring 0: L0[], 1: L0[], Ebi: L2[L7[], L7[]], Eib: L2[L7[], L7[]], Eii: L2[L7[], L7[]], put: L2[V2, V3] -> V0 -> V1 -> L2[L0[], L7[]], tr: L7[]
[16:07:44.378724]	Exploring 0: L0[], 1: L0[], Ebi: L2[L7[], L7[]], Eib: L2[L7[], L7[]], Eii: L2[L7[], L7[]], put: L2[V2, V3] -> V0 -> V1 -> L2[L0[], V0], tr: L7[]
[16:07:44.379004]	Exploring 0: L0[], 1: L0[], Ebi: L2[L7[], L7[]], Eib: L2[L7[], L7[]], Eii: L2[L7[], L7[]], put: L2[V2, V3] -> V0 -> V1 -> L2[L0[], V1], tr: L7[]
[16:07:44.379258]	Exploring 0: L0[], 1: L0[], Ebi: L2[L7[], L7[]], Eib: L2[L7[], L7[]], Eii: L2[L7[], L7[]], put: L2[V2, V3] -> V0 -> V1 -> L2[L0[], V2], tr: L7[]
[16:07:44.379520]	Exploring 0: L0[], 1: L0[], Ebi: L2[L7[], L7[]], Eib: L2[L7[], L7[]], Eii: L2[L7[], L7[]], put: L2[V2, V3] -> V0 -> V1 -> L2[L0[], V3], tr: L7[]
[16:07:44.379765]	Exploring 0: L0[], 1: L0[], Ebi: L2[L7[], L7[]], Eib: L2[L7[], L7[]], Eii: L2[L7[], L7[]], put: L2[V2, V3] -> V0 -> V1 -> L2[L7[], _9_], tr: L7[]
[16:07:44.379891]	Exploring 0: L0[], 1: L0[], Ebi: L2[L7[], L7[]], Eib: L2[L7[], L7[]], Eii: L2[L7[], L7[]], put: L2[V2, V3] -> V0 -> V1 -> L2[L7[], L0[]], tr: L7[]
[16:07:44.380087]	Exploring 0: L0[], 1: L0[], Ebi: L2[L7[], L7[]], Eib: L2[L7[], L7[]], Eii: L2[L7[], L7[]], put: L2[V2, V3] -> V0 -> V1 -> L2[L7[], L7[]], tr: L7[]
[16:07:44.380307]	Exploring 0: L0[], 1: L0[], Ebi: L2[L7[], L7[]], Eib: L2[L7[], L7[]], Eii: L2[L7[], L7[]], put: L2[V2, V3] -> V0 -> V1 -> L2[L7[], V0], tr: L7[]
[16:07:44.380546]	Exploring 0: L0[], 1: L0[], Ebi: L2[L7[], L7[]], Eib: L2[L7[], L7[]], Eii: L2[L7[], L7[]], put: L2[V2, V3] -> V0 -> V1 -> L2[L7[], V1], tr: L7[]
[16:07:44.380770]	Exploring 0: L0[], 1: L0[], Ebi: L2[L7[], L7[]], Eib: L2[L7[], L7[]], Eii: L2[L7[], L7[]], put: L2[V2, V3] -> V0 -> V1 -> L2[L7[], V2], tr: L7[]
[16:07:44.380986]	Exploring 0: L0[], 1: L0[], Ebi: L2[L7[], L7[]], Eib: L2[L7[], L7[]], Eii: L2[L7[], L7[]], put: L2[V2, V3] -> V0 -> V1 -> L2[L7[], V3], tr: L7[]
[16:07:44.381210]	Exploring 0: L0[], 1: L0[], Ebi: L2[L7[], L7[]], Eib: L2[L7[], L7[]], Eii: L2[L7[], L7[]], put: L2[V2, V3] -> V0 -> V1 -> L2[V0, _9_], tr: L7[]
[16:07:44.381343]	Exploring 0: L0[], 1: L0[], Ebi: L2[L7[], L7[]], Eib: L2[L7[], L7[]], Eii: L2[L7[], L7[]], put: L2[V2, V3] -> V0 -> V1 -> L2[V0, L0[]], tr: L7[]
[16:07:44.381578]	Exploring 0: L0[], 1: L0[], Ebi: L2[L7[], L7[]], Eib: L2[L7[], L7[]], Eii: L2[L7[], L7[]], put: L2[V2, V3] -> V0 -> V1 -> L2[V0, L7[]], tr: L7[]
[16:07:44.381812]	Exploring 0: L0[], 1: L0[], Ebi: L2[L7[], L7[]], Eib: L2[L7[], L7[]], Eii: L2[L7[], L7[]], put: L2[V2, V3] -> V0 -> V1 -> L2[V0, V0], tr: L7[]
[16:07:44.382040]	Exploring 0: L0[], 1: L0[], Ebi: L2[L7[], L7[]], Eib: L2[L7[], L7[]], Eii: L2[L7[], L7[]], put: L2[V2, V3] -> V0 -> V1 -> L2[V0, V1], tr: L7[]
[16:07:44.382287]	Exploring 0: L0[], 1: L0[], Ebi: L2[L7[], L7[]], Eib: L2[L7[], L7[]], Eii: L2[L7[], L7[]], put: L2[V2, V3] -> V0 -> V1 -> L2[V0, V2], tr: L7[]
[16:07:44.382512]	Exploring 0: L0[], 1: L0[], Ebi: L2[L7[], L7[]], Eib: L2[L7[], L7[]], Eii: L2[L7[], L7[]], put: L2[V2, V3] -> V0 -> V1 -> L2[V0, V3], tr: L7[]
[16:07:44.382756]	Exploring 0: L0[], 1: L0[], Ebi: L2[L7[], L7[]], Eib: L2[L7[], L7[]], Eii: L2[L7[], L7[]], put: L2[V2, V3] -> V0 -> V1 -> L2[V1, _9_], tr: L7[]
[16:07:44.382892]	Exploring 0: L0[], 1: L0[], Ebi: L2[L7[], L7[]], Eib: L2[L7[], L7[]], Eii: L2[L7[], L7[]], put: L2[V2, V3] -> V0 -> V1 -> L2[V1, L0[]], tr: L7[]
[16:07:44.383135]	Exploring 0: L0[], 1: L0[], Ebi: L2[L7[], L7[]], Eib: L2[L7[], L7[]], Eii: L2[L7[], L7[]], put: L2[V2, V3] -> V0 -> V1 -> L2[V1, L7[]], tr: L7[]
[16:07:44.383377]	Exploring 0: L0[], 1: L0[], Ebi: L2[L7[], L7[]], Eib: L2[L7[], L7[]], Eii: L2[L7[], L7[]], put: L2[V2, V3] -> V0 -> V1 -> L2[V1, V0], tr: L7[]
[16:07:44.383624]	Exploring 0: L0[], 1: L0[], Ebi: L2[L7[], L7[]], Eib: L2[L7[], L7[]], Eii: L2[L7[], L7[]], put: L2[V2, V3] -> V0 -> V1 -> L2[V1, V1], tr: L7[]
[16:07:44.383863]	Exploring 0: L0[], 1: L0[], Ebi: L2[L7[], L7[]], Eib: L2[L7[], L7[]], Eii: L2[L7[], L7[]], put: L2[V2, V3] -> V0 -> V1 -> L2[V1, V2], tr: L7[]
[16:07:44.384099]	Exploring 0: L0[], 1: L0[], Ebi: L2[L7[], L7[]], Eib: L2[L7[], L7[]], Eii: L2[L7[], L7[]], put: L2[V2, V3] -> V0 -> V1 -> L2[V1, V3], tr: L7[]
[16:07:44.384321]	Exploring 0: L0[], 1: L0[], Ebi: L2[L7[], L7[]], Eib: L2[L7[], L7[]], Eii: L2[L7[], L7[]], put: L2[V2, V3] -> V0 -> V1 -> L2[V2, _9_], tr: L7[]
[16:07:44.384444]	Exploring 0: L0[], 1: L0[], Ebi: L2[L7[], L7[]], Eib: L2[L7[], L7[]], Eii: L2[L7[], L7[]], put: L2[V2, V3] -> V0 -> V1 -> L2[V2, L0[]], tr: L7[]
[16:07:44.384664]	Exploring 0: L0[], 1: L0[], Ebi: L2[L7[], L7[]], Eib: L2[L7[], L7[]], Eii: L2[L7[], L7[]], put: L2[V2, V3] -> V0 -> V1 -> L2[V2, L7[]], tr: L7[]
[16:07:44.384889]	Exploring 0: L0[], 1: L0[], Ebi: L2[L7[], L7[]], Eib: L2[L7[], L7[]], Eii: L2[L7[], L7[]], put: L2[V2, V3] -> V0 -> V1 -> L2[V2, V0], tr: L7[]
[16:07:44.385131]	Exploring 0: L0[], 1: L0[], Ebi: L2[L7[], L7[]], Eib: L2[L7[], L7[]], Eii: L2[L7[], L7[]], put: L2[V2, V3] -> V0 -> V1 -> L2[V2, V1], tr: L7[]
[16:07:44.385354]	Exploring 0: L0[], 1: L0[], Ebi: L2[L7[], L7[]], Eib: L2[L7[], L7[]], Eii: L2[L7[], L7[]], put: L2[V2, V3] -> V0 -> V1 -> L2[V2, V2], tr: L7[]
[16:07:44.385565]	Exploring 0: L0[], 1: L0[], Ebi: L2[L7[], L7[]], Eib: L2[L7[], L7[]], Eii: L2[L7[], L7[]], put: L2[V2, V3] -> V0 -> V1 -> L2[V2, V3], tr: L7[]
[16:07:44.385789]	Exploring 0: L0[], 1: L0[], Ebi: L2[L7[], L7[]], Eib: L2[L7[], L7[]], Eii: L2[L7[], L7[]], put: L2[V2, V3] -> V0 -> V1 -> L2[V3, _9_], tr: L7[]
[16:07:44.385918]	Exploring 0: L0[], 1: L0[], Ebi: L2[L7[], L7[]], Eib: L2[L7[], L7[]], Eii: L2[L7[], L7[]], put: L2[V2, V3] -> V0 -> V1 -> L2[V3, L0[]], tr: L7[]
[16:07:44.386143]	Exploring 0: L0[], 1: L0[], Ebi: L2[L7[], L7[]], Eib: L2[L7[], L7[]], Eii: L2[L7[], L7[]], put: L2[V2, V3] -> V0 -> V1 -> L2[V3, L7[]], tr: L7[]
[16:07:44.386372]	Exploring 0: L0[], 1: L0[], Ebi: L2[L7[], L7[]], Eib: L2[L7[], L7[]], Eii: L2[L7[], L7[]], put: L2[V2, V3] -> V0 -> V1 -> L2[V3, V0], tr: L7[]
[16:07:44.386605]	Exploring 0: L0[], 1: L0[], Ebi: L2[L7[], L7[]], Eib: L2[L7[], L7[]], Eii: L2[L7[], L7[]], put: L2[V2, V3] -> V0 -> V1 -> L2[V3, V1], tr: L7[]
[16:07:44.386857]	Exploring 0: L0[], 1: L0[], Ebi: L2[L7[], L7[]], Eib: L2[L7[], L7[]], Eii: L2[L7[], L7[]], put: L2[V2, V3] -> V0 -> V1 -> L2[V3, V2], tr: L7[]
[16:07:44.387081]	Exploring 0: L0[], 1: L0[], Ebi: L2[L7[], L7[]], Eib: L2[L7[], L7[]], Eii: L2[L7[], L7[]], put: L2[V2, V3] -> V0 -> V1 -> L2[V3, V3], tr: L7[]
[16:07:44.387271]	END Size 10 : 1393 ms
[16:07:44.387309]	STOPPED AT SIZE 10
[16:07:44.387329]	END Depth 2 : 1394 ms
[16:07:44.387350]	STOPPED AT DEPTH 2
[16:07:44.387373]	END Concrete search : 1394 ms
[16:07:44.387771]	Counts:
Cands under 0: L, 1: L, Ebi: L, Eib: L, Eii: L, put: _1_ -> _2_, tr: L=37
Cand under 0: L, 1: L, Ebi: L, Eib: L, Eii: L, put: _1_ -> _2_, tr: L passed all posexs=16
Cands under 0: L, 1: L, Ebi: L, Eib: L, Eii: L, put: V_7_ -> V_8_ -> V_9_ -> V_10_, tr: L=24
Cand under 0: L, 1: L, Ebi: L, Eib: L, Eii: L, put: V_7_ -> V_8_ -> V_9_ -> V_10_, tr: L passed all posexs=15
Cands under 0: L, 1: L, Ebi: L, Eib: L, Eii: L, put: V_11_ -> V_12_ -> V_13_ -> L, tr: L=9
Cand under 0: L, 1: L, Ebi: L, Eib: L, Eii: L, put: V_11_ -> V_12_ -> V_13_ -> L, tr: L passed all posexs=5
Cands under 0: L, 1: L, Ebi: L, Eib: L, Eii: L, put: V_14_ -> V_15_ -> L -> V_16_, tr: L=9
Cand under 0: L, 1: L, Ebi: L, Eib: L, Eii: L, put: V_14_ -> V_15_ -> L -> V_16_, tr: L passed all posexs=5
Cands under 0: L, 1: L, Ebi: L, Eib: L, Eii: L, put: V_17_ -> V_18_ -> L -> L, tr: L=4
Cand under 0: L, 1: L, Ebi: L, Eib: L, Eii: L, put: V_17_ -> V_18_ -> L -> L, tr: L passed all posexs=2
Cands under 0: L, 1: L, Ebi: L, Eib: L, Eii: L, put: V_19_ -> L -> V_20_ -> V_21_, tr: L=9
Cand under 0: L, 1: L, Ebi: L, Eib: L, Eii: L, put: V_19_ -> L -> V_20_ -> V_21_, tr: L passed all posexs=5
Cands under 0: L, 1: L, Ebi: L, Eib: L, Eii: L, put: V_22_ -> L -> V_23_ -> L, tr: L=4
Cand under 0: L, 1: L, Ebi: L, Eib: L, Eii: L, put: V_22_ -> L -> V_23_ -> L, tr: L passed all posexs=2
Cands under 0: L, 1: L, Ebi: L, Eib: L, Eii: L, put: V_24_ -> L -> L -> V_25_, tr: L=4
Cand under 0: L, 1: L, Ebi: L, Eib: L, Eii: L, put: V_24_ -> L -> L -> V_25_, tr: L passed all posexs=2
Cands under 0: L, 1: L, Ebi: L, Eib: L, Eii: L, put: V_26_ -> L -> L -> L, tr: L=2
Cand under 0: L, 1: L, Ebi: L, Eib: L, Eii: L, put: V_26_ -> L -> L -> L, tr: L passed all posexs=1
Cands under 0: L, 1: L, Ebi: L, Eib: L, Eii: L, put: L -> V_27_ -> V_28_ -> V_29_, tr: L=9
Cand under 0: L, 1: L, Ebi: L, Eib: L, Eii: L, put: L -> V_27_ -> V_28_ -> V_29_, tr: L passed all posexs=5
Cands under 0: L, 1: L, Ebi: L, Eib: L, Eii: L, put: L -> V_30_ -> V_31_ -> L, tr: L=4
Cand under 0: L, 1: L, Ebi: L, Eib: L, Eii: L, put: L -> V_30_ -> V_31_ -> L, tr: L passed all posexs=2
Cands under 0: L, 1: L, Ebi: L, Eib: L, Eii: L, put: L -> V_32_ -> L -> V_33_, tr: L=4
Cand under 0: L, 1: L, Ebi: L, Eib: L, Eii: L, put: L -> V_32_ -> L -> V_33_, tr: L passed all posexs=2
Cands under 0: L, 1: L, Ebi: L, Eib: L, Eii: L, put: L -> V_34_ -> L -> L, tr: L=2
Cand under 0: L, 1: L, Ebi: L, Eib: L, Eii: L, put: L -> V_34_ -> L -> L, tr: L passed all posexs=1
Cands under 0: L, 1: L, Ebi: L, Eib: L, Eii: L, put: L -> L -> V_35_ -> V_36_, tr: L=4
Cand under 0: L, 1: L, Ebi: L, Eib: L, Eii: L, put: L -> L -> V_35_ -> V_36_, tr: L passed all posexs=2
Cands under 0: L, 1: L, Ebi: L, Eib: L, Eii: L, put: L -> L -> V_37_ -> L, tr: L=2
Cand under 0: L, 1: L, Ebi: L, Eib: L, Eii: L, put: L -> L -> V_37_ -> L, tr: L passed all posexs=1
Cands under 0: L, 1: L, Ebi: L, Eib: L, Eii: L, put: L -> L -> L -> V_38_, tr: L=2
Cand under 0: L, 1: L, Ebi: L, Eib: L, Eii: L, put: L -> L -> L -> V_38_, tr: L passed all posexs=1
Cands under 0: L, 1: L, Ebi: L, Eib: L, Eii: L, put: L -> L -> L -> L, tr: L=1
Cand under 0: L, 1: L, Ebi: L, Eib: L, Eii: L, put: L -> L -> L -> L, tr: L passed all posexs=1
Cands under 0: L0[], 1: L0[], Ebi: L2[_0_, _1_], Eib: L2[_2_, _3_], Eii: L2[_4_, _5_], put: L2[_6_, _7_] -> V0 -> V1 -> L2[_8_, _9_], tr: L7[]=3739
Cand under 0: L0[], 1: L0[], Ebi: L2[_0_, _1_], Eib: L2[_2_, _3_], Eii: L2[_4_, _5_], put: L2[_6_, _7_] -> V0 -> V1 -> L2[_8_, _9_], tr: L7[] passed all posexs=2728
[16:07:44.387832]	Total time: 2406 ms
