Dict
Running CVC: true
DFSPriority
Eager
Size bound: 20
Depth bound: 4
=====

[17:55:54.935983]	BEG Init search
[17:55:54.944438]	Exploring 0: L, 1: L, Ebi: L, Eib: L, Eii: L, put: _1_ -> _2_, tr: L
[17:55:54.958277]	Exploring 0: L, 1: L, Ebi: L, Eib: L, Eii: L, put: V -> _2_, tr: L
[17:55:54.959665]	Exploring 0: L, 1: L, Ebi: L, Eib: L, Eii: L, put: V -> _3_ -> _4_, tr: L
[17:55:54.960267]	Exploring 0: L, 1: L, Ebi: L, Eib: L, Eii: L, put: V -> V -> _4_, tr: L
[17:55:54.961014]	Exploring 0: L, 1: L, Ebi: L, Eib: L, Eii: L, put: V -> V -> _5_ -> _6_, tr: L
[17:55:54.961584]	Exploring 0: L, 1: L, Ebi: L, Eib: L, Eii: L, put: V -> V -> V -> _6_, tr: L
[17:55:54.962320]	Exploring 0: L, 1: L, Ebi: L, Eib: L, Eii: L, put: V -> V -> V -> V, tr: L
[17:55:54.962663]		Fast forwarded from
		0: L, 1: L, Ebi: L, Eib: L, Eii: L, put: V -> V -> V -> V, tr: L
		0: L, 1: L, Ebi: L, Eib: L, Eii: L, put: V -> V -> V -> V, tr: L
[17:55:54.964715]	Exploring 0: L, 1: L, Ebi: L, Eib: L, Eii: L, put: V -> V -> V -> L, tr: L
[17:55:54.964986]		Fast forwarded from
		0: L, 1: L, Ebi: L, Eib: L, Eii: L, put: V -> V -> V -> L, tr: L
		0: L, 1: L, Ebi: L, Eib: L, Eii: L, put: V -> V -> V -> L, tr: L
[17:55:54.965961]	Exploring 0: L, 1: L, Ebi: L, Eib: L, Eii: L, put: V -> V -> L -> _6_, tr: L
[17:55:54.967031]	Exploring 0: L, 1: L, Ebi: L, Eib: L, Eii: L, put: V -> V -> L -> V, tr: L
[17:55:54.967287]		Fast forwarded from
		0: L, 1: L, Ebi: L, Eib: L, Eii: L, put: V -> V -> L -> V, tr: L
		0: L, 1: L, Ebi: L, Eib: L, Eii: L, put: V -> V -> L -> V, tr: L
[17:55:54.968333]	Exploring 0: L, 1: L, Ebi: L, Eib: L, Eii: L, put: V -> V -> L -> L, tr: L
[17:55:54.968543]		Fast forwarded from
		0: L, 1: L, Ebi: L, Eib: L, Eii: L, put: V -> V -> L -> L, tr: L
		0: L, 1: L, Ebi: L, Eib: L, Eii: L, put: V -> V -> L -> L, tr: L
[17:55:54.969601]	Exploring 0: L, 1: L, Ebi: L, Eib: L, Eii: L, put: V -> L -> _4_, tr: L
[17:55:54.970498]	Exploring 0: L, 1: L, Ebi: L, Eib: L, Eii: L, put: V -> L -> _5_ -> _6_, tr: L
[17:55:54.971117]	Exploring 0: L, 1: L, Ebi: L, Eib: L, Eii: L, put: V -> L -> V -> _6_, tr: L
[17:55:54.971719]	Exploring 0: L, 1: L, Ebi: L, Eib: L, Eii: L, put: V -> L -> V -> V, tr: L
[17:55:54.971923]		Fast forwarded from
		0: L, 1: L, Ebi: L, Eib: L, Eii: L, put: V -> L -> V -> V, tr: L
		0: L, 1: L, Ebi: L, Eib: L, Eii: L, put: V -> L -> V -> V, tr: L
[17:55:54.972709]	Exploring 0: L, 1: L, Ebi: L, Eib: L, Eii: L, put: V -> L -> V -> L, tr: L
[17:55:54.972937]		Fast forwarded from
		0: L, 1: L, Ebi: L, Eib: L, Eii: L, put: V -> L -> V -> L, tr: L
		0: L, 1: L, Ebi: L, Eib: L, Eii: L, put: V -> L -> V -> L, tr: L
[17:55:54.973685]	Exploring 0: L, 1: L, Ebi: L, Eib: L, Eii: L, put: V -> L -> L -> _6_, tr: L
[17:55:54.974426]	Exploring 0: L, 1: L, Ebi: L, Eib: L, Eii: L, put: V -> L -> L -> V, tr: L
[17:55:54.974673]		Fast forwarded from
		0: L, 1: L, Ebi: L, Eib: L, Eii: L, put: V -> L -> L -> V, tr: L
		0: L, 1: L, Ebi: L, Eib: L, Eii: L, put: V -> L -> L -> V, tr: L
[17:55:54.975579]	Exploring 0: L, 1: L, Ebi: L, Eib: L, Eii: L, put: V -> L -> L -> L, tr: L
[17:55:54.975768]		Fast forwarded from
		0: L, 1: L, Ebi: L, Eib: L, Eii: L, put: V -> L -> L -> L, tr: L
		0: L, 1: L, Ebi: L, Eib: L, Eii: L, put: V -> L -> L -> L, tr: L
[17:55:54.976528]	Exploring 0: L, 1: L, Ebi: L, Eib: L, Eii: L, put: L -> _2_, tr: L
[17:55:54.977079]	Exploring 0: L, 1: L, Ebi: L, Eib: L, Eii: L, put: L -> _3_ -> _4_, tr: L
[17:55:54.977713]	Exploring 0: L, 1: L, Ebi: L, Eib: L, Eii: L, put: L -> V -> _4_, tr: L
[17:55:54.978296]	Exploring 0: L, 1: L, Ebi: L, Eib: L, Eii: L, put: L -> V -> _5_ -> _6_, tr: L
[17:55:54.978682]	Exploring 0: L, 1: L, Ebi: L, Eib: L, Eii: L, put: L -> V -> V -> _6_, tr: L
[17:55:54.979027]	Exploring 0: L, 1: L, Ebi: L, Eib: L, Eii: L, put: L -> V -> V -> V, tr: L
[17:55:54.979248]		Fast forwarded from
		0: L, 1: L, Ebi: L, Eib: L, Eii: L, put: L -> V -> V -> V, tr: L
		0: L, 1: L, Ebi: L, Eib: L, Eii: L, put: L -> V -> V -> V, tr: L
[17:55:54.980005]	Exploring 0: L, 1: L, Ebi: L, Eib: L, Eii: L, put: L -> V -> V -> L, tr: L
[17:55:54.980257]		Fast forwarded from
		0: L, 1: L, Ebi: L, Eib: L, Eii: L, put: L -> V -> V -> L, tr: L
		0: L, 1: L, Ebi: L, Eib: L, Eii: L, put: L -> V -> V -> L, tr: L
[17:55:54.981066]	Exploring 0: L, 1: L, Ebi: L, Eib: L, Eii: L, put: L -> V -> L -> _6_, tr: L
[17:55:54.981737]	Exploring 0: L, 1: L, Ebi: L, Eib: L, Eii: L, put: L -> V -> L -> V, tr: L
[17:55:54.982]		Fast forwarded from
		0: L, 1: L, Ebi: L, Eib: L, Eii: L, put: L -> V -> L -> V, tr: L
		0: L, 1: L, Ebi: L, Eib: L, Eii: L, put: L -> V -> L -> V, tr: L
[17:55:54.982640]	Exploring 0: L, 1: L, Ebi: L, Eib: L, Eii: L, put: L -> V -> L -> L, tr: L
[17:55:54.982906]		Fast forwarded from
		0: L, 1: L, Ebi: L, Eib: L, Eii: L, put: L -> V -> L -> L, tr: L
		0: L, 1: L, Ebi: L, Eib: L, Eii: L, put: L -> V -> L -> L, tr: L
[17:55:54.983601]	Exploring 0: L, 1: L, Ebi: L, Eib: L, Eii: L, put: L -> L -> _4_, tr: L
[17:55:54.984335]	Exploring 0: L, 1: L, Ebi: L, Eib: L, Eii: L, put: L -> L -> _5_ -> _6_, tr: L
[17:55:54.984926]	Exploring 0: L, 1: L, Ebi: L, Eib: L, Eii: L, put: L -> L -> V -> _6_, tr: L
[17:55:54.985448]	Exploring 0: L, 1: L, Ebi: L, Eib: L, Eii: L, put: L -> L -> V -> V, tr: L
[17:55:54.985714]		Fast forwarded from
		0: L, 1: L, Ebi: L, Eib: L, Eii: L, put: L -> L -> V -> V, tr: L
		0: L, 1: L, Ebi: L, Eib: L, Eii: L, put: L -> L -> V -> V, tr: L
[17:55:54.986351]	Exploring 0: L, 1: L, Ebi: L, Eib: L, Eii: L, put: L -> L -> V -> L, tr: L
[17:55:54.986631]		Fast forwarded from
		0: L, 1: L, Ebi: L, Eib: L, Eii: L, put: L -> L -> V -> L, tr: L
		0: L, 1: L, Ebi: L, Eib: L, Eii: L, put: L -> L -> V -> L, tr: L
[17:55:54.987336]	Exploring 0: L, 1: L, Ebi: L, Eib: L, Eii: L, put: L -> L -> L -> _6_, tr: L
[17:55:54.988057]	Exploring 0: L, 1: L, Ebi: L, Eib: L, Eii: L, put: L -> L -> L -> V, tr: L
[17:55:54.988386]		Fast forwarded from
		0: L, 1: L, Ebi: L, Eib: L, Eii: L, put: L -> L -> L -> V, tr: L
		0: L, 1: L, Ebi: L, Eib: L, Eii: L, put: L -> L -> L -> V, tr: L
[17:55:54.989186]	Exploring 0: L, 1: L, Ebi: L, Eib: L, Eii: L, put: L -> L -> L -> L, tr: L
[17:55:54.989552]		Fast forwarded from
		0: L, 1: L, Ebi: L, Eib: L, Eii: L, put: L -> L -> L -> L, tr: L
		0: L, 1: L, Ebi: L, Eib: L, Eii: L, put: L -> L -> L -> L, tr: L
[17:55:54.990106]	END Init search : 76 ms
[17:55:54.991076]	BEG Compile Init to Elab
[17:55:54.994856]	END Compile Init to Elab : 3 ms
[17:55:54.995693]	BEG Elab search
[17:55:54.996329]	Exploring 0: L, 1: L, Ebi: L, Eib: L, Eii: L, put: V_7_ -> V_8_ -> V_9_ -> V_10_, tr: L
[17:55:55.000481]	Exploring 0: L, 1: L, Ebi: L, Eib: L, Eii: L, put: V0 -> V_8_ -> V_9_ -> V_10_, tr: L
[17:55:55.002490]	Exploring 0: L, 1: L, Ebi: L, Eib: L, Eii: L, put: V0 -> V0 -> V_9_ -> V_10_, tr: L
[17:55:55.004340]	Exploring 0: L, 1: L, Ebi: L, Eib: L, Eii: L, put: V0 -> V0 -> V0 -> V_10_, tr: L
[17:55:55.006032]	Exploring 0: L, 1: L, Ebi: L, Eib: L, Eii: L, put: V0 -> V0 -> V0 -> V0, tr: L
[17:55:55.006611]		Fast forwarded from
		0: L, 1: L, Ebi: L, Eib: L, Eii: L, put: V0 -> V0 -> V0 -> V0, tr: L
		0: L, 1: L, Ebi: L, Eib: L, Eii: L, put: V0 -> V0 -> V0 -> V0, tr: L
[17:55:55.008715]	Exploring 0: L, 1: L, Ebi: L, Eib: L, Eii: L, put: V0 -> V0 -> V0 -> V1, tr: L
[17:55:55.009103]		Fast forwarded from
		0: L, 1: L, Ebi: L, Eib: L, Eii: L, put: V0 -> V0 -> V0 -> V1, tr: L
		0: L, 1: L, Ebi: L, Eib: L, Eii: L, put: V0 -> V0 -> V0 -> V1, tr: L
[17:55:55.011210]	Exploring 0: L, 1: L, Ebi: L, Eib: L, Eii: L, put: V0 -> V0 -> V1 -> V_10_, tr: L
[17:55:55.012550]	Exploring 0: L, 1: L, Ebi: L, Eib: L, Eii: L, put: V0 -> V0 -> V1 -> V0, tr: L
[17:55:55.012879]		Fast forwarded from
		0: L, 1: L, Ebi: L, Eib: L, Eii: L, put: V0 -> V0 -> V1 -> V0, tr: L
		0: L, 1: L, Ebi: L, Eib: L, Eii: L, put: V0 -> V0 -> V1 -> V0, tr: L
[17:55:55.014531]	Exploring 0: L, 1: L, Ebi: L, Eib: L, Eii: L, put: V0 -> V0 -> V1 -> V1, tr: L
[17:55:55.014936]		Fast forwarded from
		0: L, 1: L, Ebi: L, Eib: L, Eii: L, put: V0 -> V0 -> V1 -> V1, tr: L
		0: L, 1: L, Ebi: L, Eib: L, Eii: L, put: V0 -> V0 -> V1 -> V1, tr: L
[17:55:55.016596]	Exploring 0: L, 1: L, Ebi: L, Eib: L, Eii: L, put: V0 -> V0 -> V1 -> V2, tr: L
[17:55:55.017170]		Fast forwarded from
		0: L, 1: L, Ebi: L, Eib: L, Eii: L, put: V0 -> V0 -> V1 -> V2, tr: L
		0: L, 1: L, Ebi: L, Eib: L, Eii: L, put: V0 -> V0 -> V1 -> V2, tr: L
[17:55:55.018895]	Exploring 0: L, 1: L, Ebi: L, Eib: L, Eii: L, put: V0 -> V1 -> V_9_ -> V_10_, tr: L
[17:55:55.020861]	Exploring 0: L, 1: L, Ebi: L, Eib: L, Eii: L, put: V0 -> V1 -> V0 -> V_10_, tr: L
[17:55:55.022472]	Exploring 0: L, 1: L, Ebi: L, Eib: L, Eii: L, put: V0 -> V1 -> V0 -> V0, tr: L
[17:55:55.023439]		Fast forwarded from
		0: L, 1: L, Ebi: L, Eib: L, Eii: L, put: V0 -> V1 -> V0 -> V0, tr: L
		0: L, 1: L, Ebi: L, Eib: L, Eii: L, put: V0 -> V1 -> V0 -> V0, tr: L
[17:55:55.026693]	Exploring 0: L, 1: L, Ebi: L, Eib: L, Eii: L, put: V0 -> V1 -> V0 -> V1, tr: L
[17:55:55.027354]		Fast forwarded from
		0: L, 1: L, Ebi: L, Eib: L, Eii: L, put: V0 -> V1 -> V0 -> V1, tr: L
		0: L, 1: L, Ebi: L, Eib: L, Eii: L, put: V0 -> V1 -> V0 -> V1, tr: L
[17:55:55.030265]	Exploring 0: L, 1: L, Ebi: L, Eib: L, Eii: L, put: V0 -> V1 -> V0 -> V2, tr: L
[17:55:55.030613]		Fast forwarded from
		0: L, 1: L, Ebi: L, Eib: L, Eii: L, put: V0 -> V1 -> V0 -> V2, tr: L
		0: L, 1: L, Ebi: L, Eib: L, Eii: L, put: V0 -> V1 -> V0 -> V2, tr: L
[17:55:55.031386]	Exploring 0: L, 1: L, Ebi: L, Eib: L, Eii: L, put: V0 -> V1 -> V1 -> V_10_, tr: L
[17:55:55.031876]	Exploring 0: L, 1: L, Ebi: L, Eib: L, Eii: L, put: V0 -> V1 -> V1 -> V0, tr: L
[17:55:55.032071]		Fast forwarded from
		0: L, 1: L, Ebi: L, Eib: L, Eii: L, put: V0 -> V1 -> V1 -> V0, tr: L
		0: L, 1: L, Ebi: L, Eib: L, Eii: L, put: V0 -> V1 -> V1 -> V0, tr: L
[17:55:55.032586]	Exploring 0: L, 1: L, Ebi: L, Eib: L, Eii: L, put: V0 -> V1 -> V1 -> V1, tr: L
[17:55:55.032747]		Fast forwarded from
		0: L, 1: L, Ebi: L, Eib: L, Eii: L, put: V0 -> V1 -> V1 -> V1, tr: L
		0: L, 1: L, Ebi: L, Eib: L, Eii: L, put: V0 -> V1 -> V1 -> V1, tr: L
[17:55:55.033475]	Exploring 0: L, 1: L, Ebi: L, Eib: L, Eii: L, put: V0 -> V1 -> V1 -> V2, tr: L
[17:55:55.033664]		Fast forwarded from
		0: L, 1: L, Ebi: L, Eib: L, Eii: L, put: V0 -> V1 -> V1 -> V2, tr: L
		0: L, 1: L, Ebi: L, Eib: L, Eii: L, put: V0 -> V1 -> V1 -> V2, tr: L
[17:55:55.034167]	Exploring 0: L, 1: L, Ebi: L, Eib: L, Eii: L, put: V0 -> V1 -> V2 -> V_10_, tr: L
[17:55:55.034586]	Exploring 0: L, 1: L, Ebi: L, Eib: L, Eii: L, put: V0 -> V1 -> V2 -> V0, tr: L
[17:55:55.034758]		Fast forwarded from
		0: L, 1: L, Ebi: L, Eib: L, Eii: L, put: V0 -> V1 -> V2 -> V0, tr: L
		0: L, 1: L, Ebi: L, Eib: L, Eii: L, put: V0 -> V1 -> V2 -> V0, tr: L
[17:55:55.035413]	Exploring 0: L, 1: L, Ebi: L, Eib: L, Eii: L, put: V0 -> V1 -> V2 -> V1, tr: L
[17:55:55.035638]		Fast forwarded from
		0: L, 1: L, Ebi: L, Eib: L, Eii: L, put: V0 -> V1 -> V2 -> V1, tr: L
		0: L, 1: L, Ebi: L, Eib: L, Eii: L, put: V0 -> V1 -> V2 -> V1, tr: L
[17:55:55.036431]	Exploring 0: L, 1: L, Ebi: L, Eib: L, Eii: L, put: V0 -> V1 -> V2 -> V2, tr: L
[17:55:55.036728]		Fast forwarded from
		0: L, 1: L, Ebi: L, Eib: L, Eii: L, put: V0 -> V1 -> V2 -> V2, tr: L
		0: L, 1: L, Ebi: L, Eib: L, Eii: L, put: V0 -> V1 -> V2 -> V2, tr: L
[17:55:55.037323]	Exploring 0: L, 1: L, Ebi: L, Eib: L, Eii: L, put: V0 -> V1 -> V2 -> V3, tr: L
[17:55:55.037537]		Fast forwarded from
		0: L, 1: L, Ebi: L, Eib: L, Eii: L, put: V0 -> V1 -> V2 -> V3, tr: L
		0: L, 1: L, Ebi: L, Eib: L, Eii: L, put: V0 -> V1 -> V2 -> V3, tr: L
[17:55:55.037925]	Exploring 0: L, 1: L, Ebi: L, Eib: L, Eii: L, put: V_11_ -> V_12_ -> V_13_ -> L, tr: L
[17:55:55.038330]	Exploring 0: L, 1: L, Ebi: L, Eib: L, Eii: L, put: V0 -> V_12_ -> V_13_ -> L, tr: L
[17:55:55.038741]	Exploring 0: L, 1: L, Ebi: L, Eib: L, Eii: L, put: V0 -> V0 -> V_13_ -> L, tr: L
[17:55:55.039148]	Exploring 0: L, 1: L, Ebi: L, Eib: L, Eii: L, put: V0 -> V0 -> V0 -> L, tr: L
[17:55:55.039330]		Fast forwarded from
		0: L, 1: L, Ebi: L, Eib: L, Eii: L, put: V0 -> V0 -> V0 -> L, tr: L
		0: L, 1: L, Ebi: L, Eib: L, Eii: L, put: V0 -> V0 -> V0 -> L, tr: L
[17:55:55.039826]	Exploring 0: L, 1: L, Ebi: L, Eib: L, Eii: L, put: V0 -> V0 -> V1 -> L, tr: L
[17:55:55.039990]		Fast forwarded from
		0: L, 1: L, Ebi: L, Eib: L, Eii: L, put: V0 -> V0 -> V1 -> L, tr: L
		0: L, 1: L, Ebi: L, Eib: L, Eii: L, put: V0 -> V0 -> V1 -> L, tr: L
[17:55:55.040442]	Exploring 0: L, 1: L, Ebi: L, Eib: L, Eii: L, put: V0 -> V1 -> V_13_ -> L, tr: L
[17:55:55.040823]	Exploring 0: L, 1: L, Ebi: L, Eib: L, Eii: L, put: V0 -> V1 -> V0 -> L, tr: L
[17:55:55.041002]		Fast forwarded from
		0: L, 1: L, Ebi: L, Eib: L, Eii: L, put: V0 -> V1 -> V0 -> L, tr: L
		0: L, 1: L, Ebi: L, Eib: L, Eii: L, put: V0 -> V1 -> V0 -> L, tr: L
[17:55:55.041502]	Exploring 0: L, 1: L, Ebi: L, Eib: L, Eii: L, put: V0 -> V1 -> V1 -> L, tr: L
[17:55:55.041666]		Fast forwarded from
		0: L, 1: L, Ebi: L, Eib: L, Eii: L, put: V0 -> V1 -> V1 -> L, tr: L
		0: L, 1: L, Ebi: L, Eib: L, Eii: L, put: V0 -> V1 -> V1 -> L, tr: L
[17:55:55.042187]	Exploring 0: L, 1: L, Ebi: L, Eib: L, Eii: L, put: V0 -> V1 -> V2 -> L, tr: L
[17:55:55.042359]		Fast forwarded from
		0: L, 1: L, Ebi: L, Eib: L, Eii: L, put: V0 -> V1 -> V2 -> L, tr: L
		0: L, 1: L, Ebi: L, Eib: L, Eii: L, put: V0 -> V1 -> V2 -> L, tr: L
[17:55:55.042648]	Exploring 0: L, 1: L, Ebi: L, Eib: L, Eii: L, put: V_14_ -> V_15_ -> L -> V_16_, tr: L
[17:55:55.042974]	Exploring 0: L, 1: L, Ebi: L, Eib: L, Eii: L, put: V0 -> V_15_ -> L -> V_16_, tr: L
[17:55:55.043315]	Exploring 0: L, 1: L, Ebi: L, Eib: L, Eii: L, put: V0 -> V0 -> L -> V_16_, tr: L
[17:55:55.043705]	Exploring 0: L, 1: L, Ebi: L, Eib: L, Eii: L, put: V0 -> V0 -> L -> V0, tr: L
[17:55:55.043866]		Fast forwarded from
		0: L, 1: L, Ebi: L, Eib: L, Eii: L, put: V0 -> V0 -> L -> V0, tr: L
		0: L, 1: L, Ebi: L, Eib: L, Eii: L, put: V0 -> V0 -> L -> V0, tr: L
[17:55:55.044447]	Exploring 0: L, 1: L, Ebi: L, Eib: L, Eii: L, put: V0 -> V0 -> L -> V1, tr: L
[17:55:55.044616]		Fast forwarded from
		0: L, 1: L, Ebi: L, Eib: L, Eii: L, put: V0 -> V0 -> L -> V1, tr: L
		0: L, 1: L, Ebi: L, Eib: L, Eii: L, put: V0 -> V0 -> L -> V1, tr: L
[17:55:55.045211]	Exploring 0: L, 1: L, Ebi: L, Eib: L, Eii: L, put: V0 -> V1 -> L -> V_16_, tr: L
[17:55:55.045873]	Exploring 0: L, 1: L, Ebi: L, Eib: L, Eii: L, put: V0 -> V1 -> L -> V0, tr: L
[17:55:55.046127]		Fast forwarded from
		0: L, 1: L, Ebi: L, Eib: L, Eii: L, put: V0 -> V1 -> L -> V0, tr: L
		0: L, 1: L, Ebi: L, Eib: L, Eii: L, put: V0 -> V1 -> L -> V0, tr: L
[17:55:55.046987]	Exploring 0: L, 1: L, Ebi: L, Eib: L, Eii: L, put: V0 -> V1 -> L -> V1, tr: L
[17:55:55.047291]		Fast forwarded from
		0: L, 1: L, Ebi: L, Eib: L, Eii: L, put: V0 -> V1 -> L -> V1, tr: L
		0: L, 1: L, Ebi: L, Eib: L, Eii: L, put: V0 -> V1 -> L -> V1, tr: L
[17:55:55.048189]	Exploring 0: L, 1: L, Ebi: L, Eib: L, Eii: L, put: V0 -> V1 -> L -> V2, tr: L
[17:55:55.048455]		Fast forwarded from
		0: L, 1: L, Ebi: L, Eib: L, Eii: L, put: V0 -> V1 -> L -> V2, tr: L
		0: L, 1: L, Ebi: L, Eib: L, Eii: L, put: V0 -> V1 -> L -> V2, tr: L
[17:55:55.049029]	Exploring 0: L, 1: L, Ebi: L, Eib: L, Eii: L, put: V_17_ -> V_18_ -> L -> L, tr: L
[17:55:55.049646]	Exploring 0: L, 1: L, Ebi: L, Eib: L, Eii: L, put: V0 -> V_18_ -> L -> L, tr: L
[17:55:55.050260]	Exploring 0: L, 1: L, Ebi: L, Eib: L, Eii: L, put: V0 -> V0 -> L -> L, tr: L
[17:55:55.050524]		Fast forwarded from
		0: L, 1: L, Ebi: L, Eib: L, Eii: L, put: V0 -> V0 -> L -> L, tr: L
		0: L, 1: L, Ebi: L, Eib: L, Eii: L, put: V0 -> V0 -> L -> L, tr: L
[17:55:55.051317]	Exploring 0: L, 1: L, Ebi: L, Eib: L, Eii: L, put: V0 -> V1 -> L -> L, tr: L
[17:55:55.051610]		Fast forwarded from
		0: L, 1: L, Ebi: L, Eib: L, Eii: L, put: V0 -> V1 -> L -> L, tr: L
		0: L, 1: L, Ebi: L, Eib: L, Eii: L, put: V0 -> V1 -> L -> L, tr: L
[17:55:55.052112]	Exploring 0: L, 1: L, Ebi: L, Eib: L, Eii: L, put: V_19_ -> L -> V_20_ -> V_21_, tr: L
[17:55:55.052769]	Exploring 0: L, 1: L, Ebi: L, Eib: L, Eii: L, put: V0 -> L -> V_20_ -> V_21_, tr: L
[17:55:55.053585]	Exploring 0: L, 1: L, Ebi: L, Eib: L, Eii: L, put: V0 -> L -> V0 -> V_21_, tr: L
[17:55:55.054675]	Exploring 0: L, 1: L, Ebi: L, Eib: L, Eii: L, put: V0 -> L -> V0 -> V0, tr: L
[17:55:55.055315]		Fast forwarded from
		0: L, 1: L, Ebi: L, Eib: L, Eii: L, put: V0 -> L -> V0 -> V0, tr: L
		0: L, 1: L, Ebi: L, Eib: L, Eii: L, put: V0 -> L -> V0 -> V0, tr: L
[17:55:55.056721]	Exploring 0: L, 1: L, Ebi: L, Eib: L, Eii: L, put: V0 -> L -> V0 -> V1, tr: L
[17:55:55.057117]		Fast forwarded from
		0: L, 1: L, Ebi: L, Eib: L, Eii: L, put: V0 -> L -> V0 -> V1, tr: L
		0: L, 1: L, Ebi: L, Eib: L, Eii: L, put: V0 -> L -> V0 -> V1, tr: L
[17:55:55.058202]	Exploring 0: L, 1: L, Ebi: L, Eib: L, Eii: L, put: V0 -> L -> V1 -> V_21_, tr: L
[17:55:55.059042]	Exploring 0: L, 1: L, Ebi: L, Eib: L, Eii: L, put: V0 -> L -> V1 -> V0, tr: L
[17:55:55.059440]		Fast forwarded from
		0: L, 1: L, Ebi: L, Eib: L, Eii: L, put: V0 -> L -> V1 -> V0, tr: L
		0: L, 1: L, Ebi: L, Eib: L, Eii: L, put: V0 -> L -> V1 -> V0, tr: L
[17:55:55.060487]	Exploring 0: L, 1: L, Ebi: L, Eib: L, Eii: L, put: V0 -> L -> V1 -> V1, tr: L
[17:55:55.060838]		Fast forwarded from
		0: L, 1: L, Ebi: L, Eib: L, Eii: L, put: V0 -> L -> V1 -> V1, tr: L
		0: L, 1: L, Ebi: L, Eib: L, Eii: L, put: V0 -> L -> V1 -> V1, tr: L
[17:55:55.061928]	Exploring 0: L, 1: L, Ebi: L, Eib: L, Eii: L, put: V0 -> L -> V1 -> V2, tr: L
[17:55:55.062350]		Fast forwarded from
		0: L, 1: L, Ebi: L, Eib: L, Eii: L, put: V0 -> L -> V1 -> V2, tr: L
		0: L, 1: L, Ebi: L, Eib: L, Eii: L, put: V0 -> L -> V1 -> V2, tr: L
[17:55:55.063025]	Exploring 0: L, 1: L, Ebi: L, Eib: L, Eii: L, put: V_22_ -> L -> V_23_ -> L, tr: L
[17:55:55.063959]	Exploring 0: L, 1: L, Ebi: L, Eib: L, Eii: L, put: V0 -> L -> V_23_ -> L, tr: L
[17:55:55.064640]	Exploring 0: L, 1: L, Ebi: L, Eib: L, Eii: L, put: V0 -> L -> V0 -> L, tr: L
[17:55:55.064955]		Fast forwarded from
		0: L, 1: L, Ebi: L, Eib: L, Eii: L, put: V0 -> L -> V0 -> L, tr: L
		0: L, 1: L, Ebi: L, Eib: L, Eii: L, put: V0 -> L -> V0 -> L, tr: L
[17:55:55.065780]	Exploring 0: L, 1: L, Ebi: L, Eib: L, Eii: L, put: V0 -> L -> V1 -> L, tr: L
[17:55:55.066844]		Fast forwarded from
		0: L, 1: L, Ebi: L, Eib: L, Eii: L, put: V0 -> L -> V1 -> L, tr: L
		0: L, 1: L, Ebi: L, Eib: L, Eii: L, put: V0 -> L -> V1 -> L, tr: L
[17:55:55.067914]	Exploring 0: L, 1: L, Ebi: L, Eib: L, Eii: L, put: V_24_ -> L -> L -> V_25_, tr: L
[17:55:55.068495]	Exploring 0: L, 1: L, Ebi: L, Eib: L, Eii: L, put: V0 -> L -> L -> V_25_, tr: L
[17:55:55.069122]	Exploring 0: L, 1: L, Ebi: L, Eib: L, Eii: L, put: V0 -> L -> L -> V0, tr: L
[17:55:55.069361]		Fast forwarded from
		0: L, 1: L, Ebi: L, Eib: L, Eii: L, put: V0 -> L -> L -> V0, tr: L
		0: L, 1: L, Ebi: L, Eib: L, Eii: L, put: V0 -> L -> L -> V0, tr: L
[17:55:55.070106]	Exploring 0: L, 1: L, Ebi: L, Eib: L, Eii: L, put: V0 -> L -> L -> V1, tr: L
[17:55:55.070341]		Fast forwarded from
		0: L, 1: L, Ebi: L, Eib: L, Eii: L, put: V0 -> L -> L -> V1, tr: L
		0: L, 1: L, Ebi: L, Eib: L, Eii: L, put: V0 -> L -> L -> V1, tr: L
[17:55:55.070799]	Exploring 0: L, 1: L, Ebi: L, Eib: L, Eii: L, put: V_26_ -> L -> L -> L, tr: L
[17:55:55.071397]	Exploring 0: L, 1: L, Ebi: L, Eib: L, Eii: L, put: V0 -> L -> L -> L, tr: L
[17:55:55.071641]		Fast forwarded from
		0: L, 1: L, Ebi: L, Eib: L, Eii: L, put: V0 -> L -> L -> L, tr: L
		0: L, 1: L, Ebi: L, Eib: L, Eii: L, put: V0 -> L -> L -> L, tr: L
[17:55:55.072037]	Exploring 0: L, 1: L, Ebi: L, Eib: L, Eii: L, put: L -> V_27_ -> V_28_ -> V_29_, tr: L
[17:55:55.072490]	Exploring 0: L, 1: L, Ebi: L, Eib: L, Eii: L, put: L -> V0 -> V_28_ -> V_29_, tr: L
[17:55:55.072988]	Exploring 0: L, 1: L, Ebi: L, Eib: L, Eii: L, put: L -> V0 -> V0 -> V_29_, tr: L
[17:55:55.073537]	Exploring 0: L, 1: L, Ebi: L, Eib: L, Eii: L, put: L -> V0 -> V0 -> V0, tr: L
[17:55:55.073763]		Fast forwarded from
		0: L, 1: L, Ebi: L, Eib: L, Eii: L, put: L -> V0 -> V0 -> V0, tr: L
		0: L, 1: L, Ebi: L, Eib: L, Eii: L, put: L -> V0 -> V0 -> V0, tr: L
[17:55:55.074480]	Exploring 0: L, 1: L, Ebi: L, Eib: L, Eii: L, put: L -> V0 -> V0 -> V1, tr: L
[17:55:55.074696]		Fast forwarded from
		0: L, 1: L, Ebi: L, Eib: L, Eii: L, put: L -> V0 -> V0 -> V1, tr: L
		0: L, 1: L, Ebi: L, Eib: L, Eii: L, put: L -> V0 -> V0 -> V1, tr: L
[17:55:55.075290]	Exploring 0: L, 1: L, Ebi: L, Eib: L, Eii: L, put: L -> V0 -> V1 -> V_29_, tr: L
[17:55:55.075806]	Exploring 0: L, 1: L, Ebi: L, Eib: L, Eii: L, put: L -> V0 -> V1 -> V0, tr: L
[17:55:55.076045]		Fast forwarded from
		0: L, 1: L, Ebi: L, Eib: L, Eii: L, put: L -> V0 -> V1 -> V0, tr: L
		0: L, 1: L, Ebi: L, Eib: L, Eii: L, put: L -> V0 -> V1 -> V0, tr: L
[17:55:55.076625]	Exploring 0: L, 1: L, Ebi: L, Eib: L, Eii: L, put: L -> V0 -> V1 -> V1, tr: L
[17:55:55.076842]		Fast forwarded from
		0: L, 1: L, Ebi: L, Eib: L, Eii: L, put: L -> V0 -> V1 -> V1, tr: L
		0: L, 1: L, Ebi: L, Eib: L, Eii: L, put: L -> V0 -> V1 -> V1, tr: L
[17:55:55.077580]	Exploring 0: L, 1: L, Ebi: L, Eib: L, Eii: L, put: L -> V0 -> V1 -> V2, tr: L
[17:55:55.084698]		Fast forwarded from
		0: L, 1: L, Ebi: L, Eib: L, Eii: L, put: L -> V0 -> V1 -> V2, tr: L
		0: L, 1: L, Ebi: L, Eib: L, Eii: L, put: L -> V0 -> V1 -> V2, tr: L
[17:55:55.085221]	Exploring 0: L, 1: L, Ebi: L, Eib: L, Eii: L, put: L -> V_30_ -> V_31_ -> L, tr: L
[17:55:55.085659]	Exploring 0: L, 1: L, Ebi: L, Eib: L, Eii: L, put: L -> V0 -> V_31_ -> L, tr: L
[17:55:55.086120]	Exploring 0: L, 1: L, Ebi: L, Eib: L, Eii: L, put: L -> V0 -> V0 -> L, tr: L
[17:55:55.086303]		Fast forwarded from
		0: L, 1: L, Ebi: L, Eib: L, Eii: L, put: L -> V0 -> V0 -> L, tr: L
		0: L, 1: L, Ebi: L, Eib: L, Eii: L, put: L -> V0 -> V0 -> L, tr: L
[17:55:55.086846]	Exploring 0: L, 1: L, Ebi: L, Eib: L, Eii: L, put: L -> V0 -> V1 -> L, tr: L
[17:55:55.087034]		Fast forwarded from
		0: L, 1: L, Ebi: L, Eib: L, Eii: L, put: L -> V0 -> V1 -> L, tr: L
		0: L, 1: L, Ebi: L, Eib: L, Eii: L, put: L -> V0 -> V1 -> L, tr: L
[17:55:55.087376]	Exploring 0: L, 1: L, Ebi: L, Eib: L, Eii: L, put: L -> V_32_ -> L -> V_33_, tr: L
[17:55:55.089259]	Exploring 0: L, 1: L, Ebi: L, Eib: L, Eii: L, put: L -> V0 -> L -> V_33_, tr: L
[17:55:55.089730]	Exploring 0: L, 1: L, Ebi: L, Eib: L, Eii: L, put: L -> V0 -> L -> V0, tr: L
[17:55:55.089941]		Fast forwarded from
		0: L, 1: L, Ebi: L, Eib: L, Eii: L, put: L -> V0 -> L -> V0, tr: L
		0: L, 1: L, Ebi: L, Eib: L, Eii: L, put: L -> V0 -> L -> V0, tr: L
[17:55:55.090537]	Exploring 0: L, 1: L, Ebi: L, Eib: L, Eii: L, put: L -> V0 -> L -> V1, tr: L
[17:55:55.090724]		Fast forwarded from
		0: L, 1: L, Ebi: L, Eib: L, Eii: L, put: L -> V0 -> L -> V1, tr: L
		0: L, 1: L, Ebi: L, Eib: L, Eii: L, put: L -> V0 -> L -> V1, tr: L
[17:55:55.091236]	Exploring 0: L, 1: L, Ebi: L, Eib: L, Eii: L, put: L -> V_34_ -> L -> L, tr: L
[17:55:55.091824]	Exploring 0: L, 1: L, Ebi: L, Eib: L, Eii: L, put: L -> V0 -> L -> L, tr: L
[17:55:55.092145]		Fast forwarded from
		0: L, 1: L, Ebi: L, Eib: L, Eii: L, put: L -> V0 -> L -> L, tr: L
		0: L, 1: L, Ebi: L, Eib: L, Eii: L, put: L -> V0 -> L -> L, tr: L
[17:55:55.092682]	Exploring 0: L, 1: L, Ebi: L, Eib: L, Eii: L, put: L -> L -> V_35_ -> V_36_, tr: L
[17:55:55.093268]	Exploring 0: L, 1: L, Ebi: L, Eib: L, Eii: L, put: L -> L -> V0 -> V_36_, tr: L
[17:55:55.093713]	Exploring 0: L, 1: L, Ebi: L, Eib: L, Eii: L, put: L -> L -> V0 -> V0, tr: L
[17:55:55.093903]		Fast forwarded from
		0: L, 1: L, Ebi: L, Eib: L, Eii: L, put: L -> L -> V0 -> V0, tr: L
		0: L, 1: L, Ebi: L, Eib: L, Eii: L, put: L -> L -> V0 -> V0, tr: L
[17:55:55.094435]	Exploring 0: L, 1: L, Ebi: L, Eib: L, Eii: L, put: L -> L -> V0 -> V1, tr: L
[17:55:55.094618]		Fast forwarded from
		0: L, 1: L, Ebi: L, Eib: L, Eii: L, put: L -> L -> V0 -> V1, tr: L
		0: L, 1: L, Ebi: L, Eib: L, Eii: L, put: L -> L -> V0 -> V1, tr: L
[17:55:55.094937]	Exploring 0: L, 1: L, Ebi: L, Eib: L, Eii: L, put: L -> L -> V_37_ -> L, tr: L
[17:55:55.095286]	Exploring 0: L, 1: L, Ebi: L, Eib: L, Eii: L, put: L -> L -> V0 -> L, tr: L
[17:55:55.095457]		Fast forwarded from
		0: L, 1: L, Ebi: L, Eib: L, Eii: L, put: L -> L -> V0 -> L, tr: L
		0: L, 1: L, Ebi: L, Eib: L, Eii: L, put: L -> L -> V0 -> L, tr: L
[17:55:55.095741]	Exploring 0: L, 1: L, Ebi: L, Eib: L, Eii: L, put: L -> L -> L -> V_38_, tr: L
[17:55:55.096148]	Exploring 0: L, 1: L, Ebi: L, Eib: L, Eii: L, put: L -> L -> L -> V0, tr: L
[17:55:55.096318]		Fast forwarded from
		0: L, 1: L, Ebi: L, Eib: L, Eii: L, put: L -> L -> L -> V0, tr: L
		0: L, 1: L, Ebi: L, Eib: L, Eii: L, put: L -> L -> L -> V0, tr: L
[17:55:55.096665]	Exploring 0: L, 1: L, Ebi: L, Eib: L, Eii: L, put: L -> L -> L -> L, tr: L
[17:55:55.096827]		Fast forwarded from
		0: L, 1: L, Ebi: L, Eib: L, Eii: L, put: L -> L -> L -> L, tr: L
		0: L, 1: L, Ebi: L, Eib: L, Eii: L, put: L -> L -> L -> L, tr: L
[17:55:55.097119]	END Elab search : 102 ms
[17:55:55.098036]	BEG Compile Elab to Concrete
[17:55:58.323159]	END Compile Elab to Concrete : 3225 ms
[17:55:58.324040]	BEG Concrete search
[17:55:58.324226]	BEG Depth 2
[17:55:58.324290]	BEG Size 1
[17:55:58.324409]	Exploring 0: L0[], 1: L0[], Ebi: L2[_0_s, _1_s], Eib: L2[_2_s, _3_s], Eii: L2[_4_s, _5_s], put: L2[_6_s, _7_s] -> V0 -> V1 -> L2[_8_s, _9_s], tr: L7[]
[17:55:58.329836]	Exploring 0: L0[], 1: L0[], Ebi: L2[☐10, _1_s], Eib: L2[_2_s, _3_s], Eii: L2[_4_s, _5_s], put: L2[_6_s, _7_s] -> V0 -> V1 -> L2[_8_s, _9_s], tr: L7[]
[17:55:58.331527]	Exploring 0: L0[], 1: L0[], Ebi: L2[☐10, ☐15], Eib: L2[_2_s, _3_s], Eii: L2[_4_s, _5_s], put: L2[_6_s, _7_s] -> V0 -> V1 -> L2[_8_s, _9_s], tr: L7[]
[17:55:58.333099]	Exploring 0: L0[], 1: L0[], Ebi: L2[☐10, ☐15], Eib: L2[☐20, _3_s], Eii: L2[_4_s, _5_s], put: L2[_6_s, _7_s] -> V0 -> V1 -> L2[_8_s, _9_s], tr: L7[]
[17:55:58.334805]	Exploring 0: L0[], 1: L0[], Ebi: L2[☐10, ☐15], Eib: L2[☐20, ☐25], Eii: L2[_4_s, _5_s], put: L2[_6_s, _7_s] -> V0 -> V1 -> L2[_8_s, _9_s], tr: L7[]
[17:55:58.335924]	Exploring 0: L0[], 1: L0[], Ebi: L2[☐10, ☐15], Eib: L2[☐20, ☐25], Eii: L2[☐30, _5_s], put: L2[_6_s, _7_s] -> V0 -> V1 -> L2[_8_s, _9_s], tr: L7[]
[17:55:58.337061]	Exploring 0: L0[], 1: L0[], Ebi: L2[☐10, ☐15], Eib: L2[☐20, ☐25], Eii: L2[☐30, ☐35], put: L2[_6_s, _7_s] -> V0 -> V1 -> L2[_8_s, _9_s], tr: L7[]
[17:55:58.338422]	Exploring 0: L0[], 1: L0[], Ebi: L2[☐10, ☐15], Eib: L2[☐20, ☐25], Eii: L2[☐30, ☐35], put: L2[☐40, _7_s] -> V0 -> V1 -> L2[_8_s, _9_s], tr: L7[]
[17:55:58.339480]	Exploring 0: L0[], 1: L0[], Ebi: L2[☐10, ☐15], Eib: L2[☐20, ☐25], Eii: L2[☐30, ☐35], put: L2[☐40, ☐45] -> V0 -> V1 -> L2[_8_s, _9_s], tr: L7[]
[17:55:58.340498]	Exploring 0: L0[], 1: L0[], Ebi: L2[☐10, ☐15], Eib: L2[☐20, ☐25], Eii: L2[☐30, ☐35], put: L2[☐40, ☐45] -> V0 -> V1 -> L2[☐50, _9_s], tr: L7[]
[17:55:58.341420]	Exploring 0: L0[], 1: L0[], Ebi: L2[☐10, ☐15], Eib: L2[☐20, ☐25], Eii: L2[☐30, ☐35], put: L2[☐40, ☐45] -> V0 -> V1 -> L2[☐50, ☐55], tr: L7[]
[17:55:58.342577]	Exploring 0: L0[], 1: L0[], Ebi: L2[☐10, ☐15], Eib: L2[☐20, ☐25], Eii: L2[☐30, ☐35], put: L2[☐40, ☐45] -> V0 -> V1 -> L2[☐50, L0[]], tr: L7[]
[17:55:58.343749]	Exploring 0: L0[], 1: L0[], Ebi: L2[☐10, ☐15], Eib: L2[☐20, ☐25], Eii: L2[☐30, ☐35], put: L2[☐40, ☐45] -> V0 -> V1 -> L2[☐50, L7[]], tr: L7[]
[17:55:58.345746]	Exploring 0: L0[], 1: L0[], Ebi: L2[☐10, ☐15], Eib: L2[☐20, ☐25], Eii: L2[☐30, ☐35], put: L2[☐40, ☐45] -> V0 -> V1 -> L2[☐50, V0], tr: L7[]
[17:55:58.347119]	Exploring 0: L0[], 1: L0[], Ebi: L2[☐10, ☐15], Eib: L2[☐20, ☐25], Eii: L2[☐30, ☐35], put: L2[☐40, ☐45] -> V0 -> V1 -> L2[☐50, V1], tr: L7[]
[17:55:58.348164]	Exploring 0: L0[], 1: L0[], Ebi: L2[☐10, ☐15], Eib: L2[☐20, ☐25], Eii: L2[☐30, ☐35], put: L2[☐40, ☐45] -> V0 -> V1 -> L2[L0[], _9_s], tr: L7[]
[17:55:58.349562]	Exploring 0: L0[], 1: L0[], Ebi: L2[☐10, ☐15], Eib: L2[☐20, ☐25], Eii: L2[☐30, ☐35], put: L2[☐40, ☐45] -> V0 -> V1 -> L2[L7[], _9_s], tr: L7[]
[17:55:58.351137]	Exploring 0: L0[], 1: L0[], Ebi: L2[☐10, ☐15], Eib: L2[☐20, ☐25], Eii: L2[☐30, ☐35], put: L2[☐40, ☐45] -> V0 -> V1 -> L2[V0, _9_s], tr: L7[]
[17:55:58.352524]	Exploring 0: L0[], 1: L0[], Ebi: L2[☐10, ☐15], Eib: L2[☐20, ☐25], Eii: L2[☐30, ☐35], put: L2[☐40, ☐45] -> V0 -> V1 -> L2[V1, _9_s], tr: L7[]
[17:55:58.353563]	Exploring 0: L0[], 1: L0[], Ebi: L2[☐10, ☐15], Eib: L2[☐20, ☐25], Eii: L2[☐30, ☐35], put: L2[☐40, L0[]] -> V0 -> V1 -> L2[_8_s, _9_s], tr: L7[]
[17:55:58.354942]	Exploring 0: L0[], 1: L0[], Ebi: L2[☐10, ☐15], Eib: L2[☐20, ☐25], Eii: L2[☐30, ☐35], put: L2[☐40, L7[]] -> V0 -> V1 -> L2[_8_s, _9_s], tr: L7[]
[17:55:58.356869]	Exploring 0: L0[], 1: L0[], Ebi: L2[☐10, ☐15], Eib: L2[☐20, ☐25], Eii: L2[☐30, ☐35], put: L2[☐40, V0] -> V0 -> V1 -> L2[_8_s, _9_s], tr: L7[]
[17:55:58.358541]	Exploring 0: L0[], 1: L0[], Ebi: L2[☐10, ☐15], Eib: L2[☐20, ☐25], Eii: L2[☐30, ☐35], put: L2[☐40, V1] -> V0 -> V1 -> L2[_8_s, _9_s], tr: L7[]
[17:55:58.359747]	Exploring 0: L0[], 1: L0[], Ebi: L2[☐10, ☐15], Eib: L2[☐20, ☐25], Eii: L2[☐30, ☐35], put: L2[☐40, V2] -> V0 -> V1 -> L2[_8_s, _9_s], tr: L7[]
[17:55:58.360344]	Exploring 0: L0[], 1: L0[], Ebi: L2[☐10, ☐15], Eib: L2[☐20, ☐25], Eii: L2[☐30, ☐35], put: L2[L0[], _7_s] -> V0 -> V1 -> L2[_8_s, _9_s], tr: L7[]
[17:55:58.360942]	Exploring 0: L0[], 1: L0[], Ebi: L2[☐10, ☐15], Eib: L2[☐20, ☐25], Eii: L2[☐30, ☐35], put: L2[L7[], _7_s] -> V0 -> V1 -> L2[_8_s, _9_s], tr: L7[]
[17:55:58.361770]	Exploring 0: L0[], 1: L0[], Ebi: L2[☐10, ☐15], Eib: L2[☐20, ☐25], Eii: L2[☐30, ☐35], put: L2[V0, _7_s] -> V0 -> V1 -> L2[_8_s, _9_s], tr: L7[]
[17:55:58.362524]	Exploring 0: L0[], 1: L0[], Ebi: L2[☐10, ☐15], Eib: L2[☐20, ☐25], Eii: L2[☐30, ☐35], put: L2[V1, _7_s] -> V0 -> V1 -> L2[_8_s, _9_s], tr: L7[]
[17:55:58.363312]	Exploring 0: L0[], 1: L0[], Ebi: L2[☐10, ☐15], Eib: L2[☐20, ☐25], Eii: L2[☐30, ☐35], put: L2[V2, _7_s] -> V0 -> V1 -> L2[_8_s, _9_s], tr: L7[]
[17:55:58.363914]	Exploring 0: L0[], 1: L0[], Ebi: L2[☐10, ☐15], Eib: L2[☐20, ☐25], Eii: L2[☐30, L0[]], put: L2[_6_s, _7_s] -> V0 -> V1 -> L2[_8_s, _9_s], tr: L7[]
[17:55:58.364569]	Exploring 0: L0[], 1: L0[], Ebi: L2[☐10, ☐15], Eib: L2[☐20, ☐25], Eii: L2[☐30, L7[]], put: L2[_6_s, _7_s] -> V0 -> V1 -> L2[_8_s, _9_s], tr: L7[]
[17:55:58.365151]	Exploring 0: L0[], 1: L0[], Ebi: L2[☐10, ☐15], Eib: L2[☐20, ☐25], Eii: L2[L0[], _5_s], put: L2[_6_s, _7_s] -> V0 -> V1 -> L2[_8_s, _9_s], tr: L7[]
[17:55:58.366248]	Exploring 0: L0[], 1: L0[], Ebi: L2[☐10, ☐15], Eib: L2[☐20, ☐25], Eii: L2[L7[], _5_s], put: L2[_6_s, _7_s] -> V0 -> V1 -> L2[_8_s, _9_s], tr: L7[]
[17:55:58.367537]	Exploring 0: L0[], 1: L0[], Ebi: L2[☐10, ☐15], Eib: L2[☐20, L0[]], Eii: L2[_4_s, _5_s], put: L2[_6_s, _7_s] -> V0 -> V1 -> L2[_8_s, _9_s], tr: L7[]
[17:55:58.368816]	Exploring 0: L0[], 1: L0[], Ebi: L2[☐10, ☐15], Eib: L2[☐20, L7[]], Eii: L2[_4_s, _5_s], put: L2[_6_s, _7_s] -> V0 -> V1 -> L2[_8_s, _9_s], tr: L7[]
[17:55:58.369569]	Exploring 0: L0[], 1: L0[], Ebi: L2[☐10, ☐15], Eib: L2[L0[], _3_s], Eii: L2[_4_s, _5_s], put: L2[_6_s, _7_s] -> V0 -> V1 -> L2[_8_s, _9_s], tr: L7[]
[17:55:58.370320]	Exploring 0: L0[], 1: L0[], Ebi: L2[☐10, ☐15], Eib: L2[L7[], _3_s], Eii: L2[_4_s, _5_s], put: L2[_6_s, _7_s] -> V0 -> V1 -> L2[_8_s, _9_s], tr: L7[]
[17:55:58.370995]	Exploring 0: L0[], 1: L0[], Ebi: L2[☐10, L0[]], Eib: L2[_2_s, _3_s], Eii: L2[_4_s, _5_s], put: L2[_6_s, _7_s] -> V0 -> V1 -> L2[_8_s, _9_s], tr: L7[]
[17:55:58.371611]	Exploring 0: L0[], 1: L0[], Ebi: L2[☐10, L7[]], Eib: L2[_2_s, _3_s], Eii: L2[_4_s, _5_s], put: L2[_6_s, _7_s] -> V0 -> V1 -> L2[_8_s, _9_s], tr: L7[]
[17:55:58.372207]	Exploring 0: L0[], 1: L0[], Ebi: L2[L0[], _1_s], Eib: L2[_2_s, _3_s], Eii: L2[_4_s, _5_s], put: L2[_6_s, _7_s] -> V0 -> V1 -> L2[_8_s, _9_s], tr: L7[]
[17:55:58.372837]	Exploring 0: L0[], 1: L0[], Ebi: L2[L7[], _1_s], Eib: L2[_2_s, _3_s], Eii: L2[_4_s, _5_s], put: L2[_6_s, _7_s] -> V0 -> V1 -> L2[_8_s, _9_s], tr: L7[]
[17:55:58.373314]	END Size 1 : 49 ms
[17:55:58.373472]	BEG Size 2
[17:55:58.373598]	Exploring 0: L0[], 1: L0[], Ebi: L2[_0_s, _1_s], Eib: L2[_2_s, _3_s], Eii: L2[_4_s, _5_s], put: L2[_6_s, _7_s] -> V0 -> V1 -> L2[_8_s, _9_s], tr: L7[]
[17:55:58.374605]	Exploring 0: L0[], 1: L0[], Ebi: L2[☐10, _1_s], Eib: L2[_2_s, _3_s], Eii: L2[_4_s, _5_s], put: L2[_6_s, _7_s] -> V0 -> V1 -> L2[_8_s, _9_s], tr: L7[]
[17:55:58.375571]	Exploring 0: L0[], 1: L0[], Ebi: L2[☐10, ☐15], Eib: L2[_2_s, _3_s], Eii: L2[_4_s, _5_s], put: L2[_6_s, _7_s] -> V0 -> V1 -> L2[_8_s, _9_s], tr: L7[]
[17:55:58.376458]	Exploring 0: L0[], 1: L0[], Ebi: L2[☐10, ☐15], Eib: L2[☐20, _3_s], Eii: L2[_4_s, _5_s], put: L2[_6_s, _7_s] -> V0 -> V1 -> L2[_8_s, _9_s], tr: L7[]
[17:55:58.377314]	Exploring 0: L0[], 1: L0[], Ebi: L2[☐10, ☐15], Eib: L2[☐20, ☐25], Eii: L2[_4_s, _5_s], put: L2[_6_s, _7_s] -> V0 -> V1 -> L2[_8_s, _9_s], tr: L7[]
[17:55:58.378057]	Exploring 0: L0[], 1: L0[], Ebi: L2[☐10, ☐15], Eib: L2[☐20, ☐25], Eii: L2[☐30, _5_s], put: L2[_6_s, _7_s] -> V0 -> V1 -> L2[_8_s, _9_s], tr: L7[]
[17:55:58.378851]	Exploring 0: L0[], 1: L0[], Ebi: L2[☐10, ☐15], Eib: L2[☐20, ☐25], Eii: L2[☐30, ☐35], put: L2[_6_s, _7_s] -> V0 -> V1 -> L2[_8_s, _9_s], tr: L7[]
[17:55:58.379670]	Exploring 0: L0[], 1: L0[], Ebi: L2[☐10, ☐15], Eib: L2[☐20, ☐25], Eii: L2[☐30, ☐35], put: L2[☐40, _7_s] -> V0 -> V1 -> L2[_8_s, _9_s], tr: L7[]
[17:55:58.380538]	Exploring 0: L0[], 1: L0[], Ebi: L2[☐10, ☐15], Eib: L2[☐20, ☐25], Eii: L2[☐30, ☐35], put: L2[☐40, ☐45] -> V0 -> V1 -> L2[_8_s, _9_s], tr: L7[]
[17:55:58.381525]	Exploring 0: L0[], 1: L0[], Ebi: L2[☐10, ☐15], Eib: L2[☐20, ☐25], Eii: L2[☐30, ☐35], put: L2[☐40, ☐45] -> V0 -> V1 -> L2[☐50, _9_s], tr: L7[]
[17:55:58.382711]	Exploring 0: L0[], 1: L0[], Ebi: L2[☐10, ☐15], Eib: L2[☐20, ☐25], Eii: L2[☐30, ☐35], put: L2[☐40, ☐45] -> V0 -> V1 -> L2[☐50, ☐55], tr: L7[]
[17:55:58.383965]	Exploring 0: L0[], 1: L0[], Ebi: L2[☐10, ☐15], Eib: L2[☐20, ☐25], Eii: L2[☐30, ☐35], put: L2[☐40, ☐45] -> V0 -> V1 -> L2[☐50, L0[]], tr: L7[]
[17:55:58.385133]	Exploring 0: L0[], 1: L0[], Ebi: L2[☐10, ☐15], Eib: L2[☐20, ☐25], Eii: L2[☐30, ☐35], put: L2[☐40, ☐45] -> V0 -> V1 -> L2[☐50, L7[]], tr: L7[]
[17:55:58.386309]	Exploring 0: L0[], 1: L0[], Ebi: L2[☐10, ☐15], Eib: L2[☐20, ☐25], Eii: L2[☐30, ☐35], put: L2[☐40, ☐45] -> V0 -> V1 -> L2[☐50, V0], tr: L7[]
[17:55:58.387448]	Exploring 0: L0[], 1: L0[], Ebi: L2[☐10, ☐15], Eib: L2[☐20, ☐25], Eii: L2[☐30, ☐35], put: L2[☐40, ☐45] -> V0 -> V1 -> L2[☐50, V1], tr: L7[]
[17:55:58.388272]	Exploring 0: L0[], 1: L0[], Ebi: L2[☐10, ☐15], Eib: L2[☐20, ☐25], Eii: L2[☐30, ☐35], put: L2[☐40, ☐45] -> V0 -> V1 -> L2[L0[], _9_s], tr: L7[]
[17:55:58.388884]	Exploring 0: L0[], 1: L0[], Ebi: L2[☐10, ☐15], Eib: L2[☐20, ☐25], Eii: L2[☐30, ☐35], put: L2[☐40, ☐45] -> V0 -> V1 -> L2[L0[], ☐55], tr: L7[]
[17:55:58.389660]	Exploring 0: L0[], 1: L0[], Ebi: L2[☐10, ☐15], Eib: L2[☐20, ☐25], Eii: L2[☐30, ☐35], put: L2[☐40, ☐45] -> V0 -> V1 -> L2[L0[], L0[]], tr: L7[]
[17:55:58.390329]	Exploring 0: L0[], 1: L0[], Ebi: L2[☐10, ☐15], Eib: L2[☐20, ☐25], Eii: L2[☐30, ☐35], put: L2[☐40, ☐45] -> V0 -> V1 -> L2[L0[], L7[]], tr: L7[]
[17:55:58.391013]	Exploring 0: L0[], 1: L0[], Ebi: L2[☐10, ☐15], Eib: L2[☐20, ☐25], Eii: L2[☐30, ☐35], put: L2[☐40, ☐45] -> V0 -> V1 -> L2[L0[], V0], tr: L7[]
[17:55:58.391818]	Exploring 0: L0[], 1: L0[], Ebi: L2[☐10, ☐15], Eib: L2[☐20, ☐25], Eii: L2[☐30, ☐35], put: L2[☐40, ☐45] -> V0 -> V1 -> L2[L0[], V1], tr: L7[]
[17:55:58.392512]	Exploring 0: L0[], 1: L0[], Ebi: L2[☐10, ☐15], Eib: L2[☐20, ☐25], Eii: L2[☐30, ☐35], put: L2[☐40, ☐45] -> V0 -> V1 -> L2[L7[], _9_s], tr: L7[]
[17:55:58.393121]	Exploring 0: L0[], 1: L0[], Ebi: L2[☐10, ☐15], Eib: L2[☐20, ☐25], Eii: L2[☐30, ☐35], put: L2[☐40, ☐45] -> V0 -> V1 -> L2[L7[], ☐55], tr: L7[]
[17:55:58.393793]	Exploring 0: L0[], 1: L0[], Ebi: L2[☐10, ☐15], Eib: L2[☐20, ☐25], Eii: L2[☐30, ☐35], put: L2[☐40, ☐45] -> V0 -> V1 -> L2[L7[], L0[]], tr: L7[]
[17:55:58.394445]	Exploring 0: L0[], 1: L0[], Ebi: L2[☐10, ☐15], Eib: L2[☐20, ☐25], Eii: L2[☐30, ☐35], put: L2[☐40, ☐45] -> V0 -> V1 -> L2[L7[], L7[]], tr: L7[]
[17:55:58.395239]	Exploring 0: L0[], 1: L0[], Ebi: L2[☐10, ☐15], Eib: L2[☐20, ☐25], Eii: L2[☐30, ☐35], put: L2[☐40, ☐45] -> V0 -> V1 -> L2[L7[], V0], tr: L7[]
[17:55:58.396007]	Exploring 0: L0[], 1: L0[], Ebi: L2[☐10, ☐15], Eib: L2[☐20, ☐25], Eii: L2[☐30, ☐35], put: L2[☐40, ☐45] -> V0 -> V1 -> L2[L7[], V1], tr: L7[]
[17:55:58.396687]	Exploring 0: L0[], 1: L0[], Ebi: L2[☐10, ☐15], Eib: L2[☐20, ☐25], Eii: L2[☐30, ☐35], put: L2[☐40, ☐45] -> V0 -> V1 -> L2[V0, _9_s], tr: L7[]
[17:55:58.397349]	Exploring 0: L0[], 1: L0[], Ebi: L2[☐10, ☐15], Eib: L2[☐20, ☐25], Eii: L2[☐30, ☐35], put: L2[☐40, ☐45] -> V0 -> V1 -> L2[V0, ☐55], tr: L7[]
[17:55:58.398015]	Exploring 0: L0[], 1: L0[], Ebi: L2[☐10, ☐15], Eib: L2[☐20, ☐25], Eii: L2[☐30, ☐35], put: L2[☐40, ☐45] -> V0 -> V1 -> L2[V0, L0[]], tr: L7[]
[17:55:58.398868]	Exploring 0: L0[], 1: L0[], Ebi: L2[☐10, ☐15], Eib: L2[☐20, ☐25], Eii: L2[☐30, ☐35], put: L2[☐40, ☐45] -> V0 -> V1 -> L2[V0, L7[]], tr: L7[]
[17:55:58.399617]	Exploring 0: L0[], 1: L0[], Ebi: L2[☐10, ☐15], Eib: L2[☐20, ☐25], Eii: L2[☐30, ☐35], put: L2[☐40, ☐45] -> V0 -> V1 -> L2[V0, V0], tr: L7[]
[17:55:58.400348]	Exploring 0: L0[], 1: L0[], Ebi: L2[☐10, ☐15], Eib: L2[☐20, ☐25], Eii: L2[☐30, ☐35], put: L2[☐40, ☐45] -> V0 -> V1 -> L2[V0, V1], tr: L7[]
[17:55:58.401037]	Exploring 0: L0[], 1: L0[], Ebi: L2[☐10, ☐15], Eib: L2[☐20, ☐25], Eii: L2[☐30, ☐35], put: L2[☐40, ☐45] -> V0 -> V1 -> L2[V1, _9_s], tr: L7[]
[17:55:58.401761]	Exploring 0: L0[], 1: L0[], Ebi: L2[☐10, ☐15], Eib: L2[☐20, ☐25], Eii: L2[☐30, ☐35], put: L2[☐40, ☐45] -> V0 -> V1 -> L2[V1, ☐55], tr: L7[]
[17:55:58.402634]	Exploring 0: L0[], 1: L0[], Ebi: L2[☐10, ☐15], Eib: L2[☐20, ☐25], Eii: L2[☐30, ☐35], put: L2[☐40, ☐45] -> V0 -> V1 -> L2[V1, L0[]], tr: L7[]
[17:55:58.403374]	Exploring 0: L0[], 1: L0[], Ebi: L2[☐10, ☐15], Eib: L2[☐20, ☐25], Eii: L2[☐30, ☐35], put: L2[☐40, ☐45] -> V0 -> V1 -> L2[V1, L7[]], tr: L7[]
[17:55:58.404093]	Exploring 0: L0[], 1: L0[], Ebi: L2[☐10, ☐15], Eib: L2[☐20, ☐25], Eii: L2[☐30, ☐35], put: L2[☐40, ☐45] -> V0 -> V1 -> L2[V1, V0], tr: L7[]
[17:55:58.404756]	Exploring 0: L0[], 1: L0[], Ebi: L2[☐10, ☐15], Eib: L2[☐20, ☐25], Eii: L2[☐30, ☐35], put: L2[☐40, ☐45] -> V0 -> V1 -> L2[V1, V1], tr: L7[]
[17:55:58.405417]	Exploring 0: L0[], 1: L0[], Ebi: L2[☐10, ☐15], Eib: L2[☐20, ☐25], Eii: L2[☐30, ☐35], put: L2[☐40, L0[]] -> V0 -> V1 -> L2[_8_s, _9_s], tr: L7[]
[17:55:58.406019]	Exploring 0: L0[], 1: L0[], Ebi: L2[☐10, ☐15], Eib: L2[☐20, ☐25], Eii: L2[☐30, ☐35], put: L2[☐40, L0[]] -> V0 -> V1 -> L2[☐50, _9_s], tr: L7[]
[17:55:58.406606]	Exploring 0: L0[], 1: L0[], Ebi: L2[☐10, ☐15], Eib: L2[☐20, ☐25], Eii: L2[☐30, ☐35], put: L2[☐40, L0[]] -> V0 -> V1 -> L2[☐50, L0[]], tr: L7[]
[17:55:58.407458]	Exploring 0: L0[], 1: L0[], Ebi: L2[☐10, ☐15], Eib: L2[☐20, ☐25], Eii: L2[☐30, ☐35], put: L2[☐40, L0[]] -> V0 -> V1 -> L2[L0[], _9_s], tr: L7[]
[17:55:58.408098]	Exploring 0: L0[], 1: L0[], Ebi: L2[☐10, ☐15], Eib: L2[☐20, ☐25], Eii: L2[☐30, ☐35], put: L2[☐40, L0[]] -> V0 -> V1 -> L2[L7[], _9_s], tr: L7[]
[17:55:58.408738]	Exploring 0: L0[], 1: L0[], Ebi: L2[☐10, ☐15], Eib: L2[☐20, ☐25], Eii: L2[☐30, ☐35], put: L2[☐40, L0[]] -> V0 -> V1 -> L2[V0, _9_s], tr: L7[]
[17:55:58.409324]	Exploring 0: L0[], 1: L0[], Ebi: L2[☐10, ☐15], Eib: L2[☐20, ☐25], Eii: L2[☐30, ☐35], put: L2[☐40, L0[]] -> V0 -> V1 -> L2[V1, _9_s], tr: L7[]
[17:55:58.409909]	Exploring 0: L0[], 1: L0[], Ebi: L2[☐10, ☐15], Eib: L2[☐20, ☐25], Eii: L2[☐30, ☐35], put: L2[☐40, L7[]] -> V0 -> V1 -> L2[_8_s, _9_s], tr: L7[]
[17:55:58.410376]	Exploring 0: L0[], 1: L0[], Ebi: L2[☐10, ☐15], Eib: L2[☐20, ☐25], Eii: L2[☐30, ☐35], put: L2[☐40, L7[]] -> V0 -> V1 -> L2[☐50, _9_s], tr: L7[]
[17:55:58.410871]	Exploring 0: L0[], 1: L0[], Ebi: L2[☐10, ☐15], Eib: L2[☐20, ☐25], Eii: L2[☐30, ☐35], put: L2[☐40, L7[]] -> V0 -> V1 -> L2[☐50, L7[]], tr: L7[]
[17:55:58.411587]	Exploring 0: L0[], 1: L0[], Ebi: L2[☐10, ☐15], Eib: L2[☐20, ☐25], Eii: L2[☐30, ☐35], put: L2[☐40, L7[]] -> V0 -> V1 -> L2[L0[], _9_s], tr: L7[]
[17:55:58.412183]	Exploring 0: L0[], 1: L0[], Ebi: L2[☐10, ☐15], Eib: L2[☐20, ☐25], Eii: L2[☐30, ☐35], put: L2[☐40, L7[]] -> V0 -> V1 -> L2[L7[], _9_s], tr: L7[]
[17:55:58.412710]	Exploring 0: L0[], 1: L0[], Ebi: L2[☐10, ☐15], Eib: L2[☐20, ☐25], Eii: L2[☐30, ☐35], put: L2[☐40, L7[]] -> V0 -> V1 -> L2[V0, _9_s], tr: L7[]
[17:55:58.413390]	Exploring 0: L0[], 1: L0[], Ebi: L2[☐10, ☐15], Eib: L2[☐20, ☐25], Eii: L2[☐30, ☐35], put: L2[☐40, L7[]] -> V0 -> V1 -> L2[V1, _9_s], tr: L7[]
[17:55:58.413974]	Exploring 0: L0[], 1: L0[], Ebi: L2[☐10, ☐15], Eib: L2[☐20, ☐25], Eii: L2[☐30, ☐35], put: L2[☐40, V0] -> V0 -> V1 -> L2[_8_s, _9_s], tr: L7[]
[17:55:58.414478]	Exploring 0: L0[], 1: L0[], Ebi: L2[☐10, ☐15], Eib: L2[☐20, ☐25], Eii: L2[☐30, ☐35], put: L2[☐40, V0] -> V0 -> V1 -> L2[☐50, _9_s], tr: L7[]
[17:55:58.414966]	Exploring 0: L0[], 1: L0[], Ebi: L2[☐10, ☐15], Eib: L2[☐20, ☐25], Eii: L2[☐30, ☐35], put: L2[☐40, V0] -> V0 -> V1 -> L2[☐50, V0], tr: L7[]
[17:55:58.415891]	Exploring 0: L0[], 1: L0[], Ebi: L2[☐10, ☐15], Eib: L2[☐20, ☐25], Eii: L2[☐30, ☐35], put: L2[☐40, V0] -> V0 -> V1 -> L2[L0[], _9_s], tr: L7[]
[17:55:58.416522]	Exploring 0: L0[], 1: L0[], Ebi: L2[☐10, ☐15], Eib: L2[☐20, ☐25], Eii: L2[☐30, ☐35], put: L2[☐40, V0] -> V0 -> V1 -> L2[L7[], _9_s], tr: L7[]
[17:55:58.417113]	Exploring 0: L0[], 1: L0[], Ebi: L2[☐10, ☐15], Eib: L2[☐20, ☐25], Eii: L2[☐30, ☐35], put: L2[☐40, V0] -> V0 -> V1 -> L2[V0, _9_s], tr: L7[]
[17:55:58.417779]	Exploring 0: L0[], 1: L0[], Ebi: L2[☐10, ☐15], Eib: L2[☐20, ☐25], Eii: L2[☐30, ☐35], put: L2[☐40, V0] -> V0 -> V1 -> L2[V1, _9_s], tr: L7[]
[17:55:58.418341]	Exploring 0: L0[], 1: L0[], Ebi: L2[☐10, ☐15], Eib: L2[☐20, ☐25], Eii: L2[☐30, ☐35], put: L2[☐40, V1] -> V0 -> V1 -> L2[_8_s, _9_s], tr: L7[]
[17:55:58.418908]	Exploring 0: L0[], 1: L0[], Ebi: L2[☐10, ☐15], Eib: L2[☐20, ☐25], Eii: L2[☐30, ☐35], put: L2[☐40, V1] -> V0 -> V1 -> L2[☐50, _9_s], tr: L7[]
[17:55:58.419624]	Exploring 0: L0[], 1: L0[], Ebi: L2[☐10, ☐15], Eib: L2[☐20, ☐25], Eii: L2[☐30, ☐35], put: L2[☐40, V1] -> V0 -> V1 -> L2[☐50, V1], tr: L7[]
[17:55:58.420172]	Exploring 0: L0[], 1: L0[], Ebi: L2[☐10, ☐15], Eib: L2[☐20, ☐25], Eii: L2[☐30, ☐35], put: L2[☐40, V1] -> V0 -> V1 -> L2[L0[], _9_s], tr: L7[]
[17:55:58.420720]	Exploring 0: L0[], 1: L0[], Ebi: L2[☐10, ☐15], Eib: L2[☐20, ☐25], Eii: L2[☐30, ☐35], put: L2[☐40, V1] -> V0 -> V1 -> L2[L7[], _9_s], tr: L7[]
[17:55:58.421269]	Exploring 0: L0[], 1: L0[], Ebi: L2[☐10, ☐15], Eib: L2[☐20, ☐25], Eii: L2[☐30, ☐35], put: L2[☐40, V1] -> V0 -> V1 -> L2[V0, _9_s], tr: L7[]
[17:55:58.421835]	Exploring 0: L0[], 1: L0[], Ebi: L2[☐10, ☐15], Eib: L2[☐20, ☐25], Eii: L2[☐30, ☐35], put: L2[☐40, V1] -> V0 -> V1 -> L2[V1, _9_s], tr: L7[]
[17:55:58.422420]	Exploring 0: L0[], 1: L0[], Ebi: L2[☐10, ☐15], Eib: L2[☐20, ☐25], Eii: L2[☐30, ☐35], put: L2[☐40, V2] -> V0 -> V1 -> L2[_8_s, _9_s], tr: L7[]
[17:55:58.423204]	Exploring 0: L0[], 1: L0[], Ebi: L2[☐10, ☐15], Eib: L2[☐20, ☐25], Eii: L2[☐30, ☐35], put: L2[☐40, V2] -> V0 -> V1 -> L2[☐50, _9_s], tr: L7[]
[17:55:58.423903]	Exploring 0: L0[], 1: L0[], Ebi: L2[☐10, ☐15], Eib: L2[☐20, ☐25], Eii: L2[☐30, ☐35], put: L2[☐40, V2] -> V0 -> V1 -> L2[☐50, ☐55], tr: L7[]
[17:55:58.424517]	Exploring 0: L0[], 1: L0[], Ebi: L2[☐10, ☐15], Eib: L2[☐20, ☐25], Eii: L2[☐30, ☐35], put: L2[☐40, V2] -> V0 -> V1 -> L2[☐50, L0[]], tr: L7[]
[17:55:58.425086]	Exploring 0: L0[], 1: L0[], Ebi: L2[☐10, ☐15], Eib: L2[☐20, ☐25], Eii: L2[☐30, ☐35], put: L2[☐40, V2] -> V0 -> V1 -> L2[☐50, L7[]], tr: L7[]
[17:55:58.425657]	Exploring 0: L0[], 1: L0[], Ebi: L2[☐10, ☐15], Eib: L2[☐20, ☐25], Eii: L2[☐30, ☐35], put: L2[☐40, V2] -> V0 -> V1 -> L2[☐50, V0], tr: L7[]
[17:55:58.426232]	Exploring 0: L0[], 1: L0[], Ebi: L2[☐10, ☐15], Eib: L2[☐20, ☐25], Eii: L2[☐30, ☐35], put: L2[☐40, V2] -> V0 -> V1 -> L2[☐50, V1], tr: L7[]
[17:55:58.426786]	Exploring 0: L0[], 1: L0[], Ebi: L2[☐10, ☐15], Eib: L2[☐20, ☐25], Eii: L2[☐30, ☐35], put: L2[☐40, V2] -> V0 -> V1 -> L2[☐50, V2], tr: L7[]
[17:55:58.427354]	Exploring 0: L0[], 1: L0[], Ebi: L2[☐10, ☐15], Eib: L2[☐20, ☐25], Eii: L2[☐30, ☐35], put: L2[☐40, V2] -> V0 -> V1 -> L2[L0[], _9_s], tr: L7[]
[17:55:58.427965]	Exploring 0: L0[], 1: L0[], Ebi: L2[☐10, ☐15], Eib: L2[☐20, ☐25], Eii: L2[☐30, ☐35], put: L2[☐40, V2] -> V0 -> V1 -> L2[L7[], _9_s], tr: L7[]
[17:55:58.428588]	Exploring 0: L0[], 1: L0[], Ebi: L2[☐10, ☐15], Eib: L2[☐20, ☐25], Eii: L2[☐30, ☐35], put: L2[☐40, V2] -> V0 -> V1 -> L2[V0, _9_s], tr: L7[]
[17:55:58.429162]	Exploring 0: L0[], 1: L0[], Ebi: L2[☐10, ☐15], Eib: L2[☐20, ☐25], Eii: L2[☐30, ☐35], put: L2[☐40, V2] -> V0 -> V1 -> L2[V1, _9_s], tr: L7[]
[17:55:58.429755]	Exploring 0: L0[], 1: L0[], Ebi: L2[☐10, ☐15], Eib: L2[☐20, ☐25], Eii: L2[☐30, ☐35], put: L2[☐40, V2] -> V0 -> V1 -> L2[V2, _9_s], tr: L7[]
[17:55:58.430389]	Exploring 0: L0[], 1: L0[], Ebi: L2[☐10, ☐15], Eib: L2[☐20, ☐25], Eii: L2[☐30, ☐35], put: L2[L0[], _7_s] -> V0 -> V1 -> L2[_8_s, _9_s], tr: L7[]
[17:55:58.430942]	Exploring 0: L0[], 1: L0[], Ebi: L2[☐10, ☐15], Eib: L2[☐20, ☐25], Eii: L2[☐30, ☐35], put: L2[L0[], ☐45] -> V0 -> V1 -> L2[_8_s, _9_s], tr: L7[]
[17:55:58.431563]	Exploring 0: L0[], 1: L0[], Ebi: L2[☐10, ☐15], Eib: L2[☐20, ☐25], Eii: L2[☐30, ☐35], put: L2[L0[], ☐45] -> V0 -> V1 -> L2[L0[], _9_s], tr: L7[]
[17:55:58.432392]	Exploring 0: L0[], 1: L0[], Ebi: L2[☐10, ☐15], Eib: L2[☐20, ☐25], Eii: L2[☐30, ☐35], put: L2[L0[], L0[]] -> V0 -> V1 -> L2[_8_s, _9_s], tr: L7[]
[17:55:58.432823]		Fast forwarded from
		0: L0[], 1: L0[], Ebi: L2[☐10, ☐15], Eib: L2[☐20, ☐25], Eii: L2[☐30, ☐35], put: L2[L0[], L0[]] -> V0 -> V1 -> L2[_8_s, _9_s], tr: L7[]
		0: L0[], 1: L0[], Ebi: L2[L0[], L0[]], Eib: L2[L0[], L0[]], Eii: L2[L0[], L0[]], put: L2[L0[], L0[]] -> V0 -> V1 -> L2[L0[], L0[]], tr: L7[]
[17:55:58.433901]	Exploring 0: L0[], 1: L0[], Ebi: L2[☐10, ☐15], Eib: L2[☐20, ☐25], Eii: L2[☐30, ☐35], put: L2[L0[], L7[]] -> V0 -> V1 -> L2[_8_s, _9_s], tr: L7[]
[17:55:58.434240]		Fast forwarded from
		0: L0[], 1: L0[], Ebi: L2[☐10, ☐15], Eib: L2[☐20, ☐25], Eii: L2[☐30, ☐35], put: L2[L0[], L7[]] -> V0 -> V1 -> L2[_8_s, _9_s], tr: L7[]
		0: L0[], 1: L0[], Ebi: L2[L0[], L7[]], Eib: L2[L0[], L7[]], Eii: L2[L0[], L7[]], put: L2[L0[], L7[]] -> V0 -> V1 -> L2[L0[], L7[]], tr: L7[]
[17:55:58.435296]	Exploring 0: L0[], 1: L0[], Ebi: L2[☐10, ☐15], Eib: L2[☐20, ☐25], Eii: L2[☐30, ☐35], put: L2[L0[], V0] -> V0 -> V1 -> L2[_8_s, _9_s], tr: L7[]
[17:55:58.435626]		Fast forwarded from
		0: L0[], 1: L0[], Ebi: L2[☐10, ☐15], Eib: L2[☐20, ☐25], Eii: L2[☐30, ☐35], put: L2[L0[], V0] -> V0 -> V1 -> L2[_8_s, _9_s], tr: L7[]
		0: L0[], 1: L0[], Ebi: L2[L0[], L7[]], Eib: L2[L0[], L0[]], Eii: L2[L0[], L0[]], put: L2[L0[], V0] -> V0 -> V1 -> L2[L0[], V0], tr: L7[]
[17:55:58.436733]	Exploring 0: L0[], 1: L0[], Ebi: L2[☐10, ☐15], Eib: L2[☐20, ☐25], Eii: L2[☐30, ☐35], put: L2[L0[], V1] -> V0 -> V1 -> L2[_8_s, _9_s], tr: L7[]
[17:55:58.437080]		Fast forwarded from
		0: L0[], 1: L0[], Ebi: L2[☐10, ☐15], Eib: L2[☐20, ☐25], Eii: L2[☐30, ☐35], put: L2[L0[], V1] -> V0 -> V1 -> L2[_8_s, _9_s], tr: L7[]
		0: L0[], 1: L0[], Ebi: L2[L0[], L0[]], Eib: L2[L0[], L7[]], Eii: L2[L0[], L0[]], put: L2[L0[], V1] -> V0 -> V1 -> L2[L0[], V0], tr: L7[]
[17:55:58.437643]	Exploring 0: L0[], 1: L0[], Ebi: L2[☐10, ☐15], Eib: L2[☐20, ☐25], Eii: L2[☐30, ☐35], put: L2[L0[], V2] -> V0 -> V1 -> L2[_8_s, _9_s], tr: L7[]
[17:55:58.438220]	Exploring 0: L0[], 1: L0[], Ebi: L2[☐10, ☐15], Eib: L2[☐20, ☐25], Eii: L2[☐30, ☐35], put: L2[L7[], _7_s] -> V0 -> V1 -> L2[_8_s, _9_s], tr: L7[]
[17:55:58.438736]	Exploring 0: L0[], 1: L0[], Ebi: L2[☐10, ☐15], Eib: L2[☐20, ☐25], Eii: L2[☐30, ☐35], put: L2[L7[], ☐45] -> V0 -> V1 -> L2[_8_s, _9_s], tr: L7[]
[17:55:58.439262]	Exploring 0: L0[], 1: L0[], Ebi: L2[☐10, ☐15], Eib: L2[☐20, ☐25], Eii: L2[☐30, ☐35], put: L2[L7[], ☐45] -> V0 -> V1 -> L2[L7[], _9_s], tr: L7[]
[17:55:58.440045]	Exploring 0: L0[], 1: L0[], Ebi: L2[☐10, ☐15], Eib: L2[☐20, ☐25], Eii: L2[☐30, ☐35], put: L2[L7[], L0[]] -> V0 -> V1 -> L2[_8_s, _9_s], tr: L7[]
[17:55:58.440352]		Fast forwarded from
		0: L0[], 1: L0[], Ebi: L2[☐10, ☐15], Eib: L2[☐20, ☐25], Eii: L2[☐30, ☐35], put: L2[L7[], L0[]] -> V0 -> V1 -> L2[_8_s, _9_s], tr: L7[]
		0: L0[], 1: L0[], Ebi: L2[L7[], L0[]], Eib: L2[L7[], L0[]], Eii: L2[L7[], L0[]], put: L2[L7[], L0[]] -> V0 -> V1 -> L2[L7[], L0[]], tr: L7[]
[17:55:58.441249]	Exploring 0: L0[], 1: L0[], Ebi: L2[☐10, ☐15], Eib: L2[☐20, ☐25], Eii: L2[☐30, ☐35], put: L2[L7[], L7[]] -> V0 -> V1 -> L2[_8_s, _9_s], tr: L7[]
[17:55:58.441509]		Fast forwarded from
		0: L0[], 1: L0[], Ebi: L2[☐10, ☐15], Eib: L2[☐20, ☐25], Eii: L2[☐30, ☐35], put: L2[L7[], L7[]] -> V0 -> V1 -> L2[_8_s, _9_s], tr: L7[]
		0: L0[], 1: L0[], Ebi: L2[L7[], L7[]], Eib: L2[L7[], L7[]], Eii: L2[L7[], L7[]], put: L2[L7[], L7[]] -> V0 -> V1 -> L2[L7[], L7[]], tr: L7[]
[17:55:58.442425]	Exploring 0: L0[], 1: L0[], Ebi: L2[☐10, ☐15], Eib: L2[☐20, ☐25], Eii: L2[☐30, ☐35], put: L2[L7[], V0] -> V0 -> V1 -> L2[_8_s, _9_s], tr: L7[]
[17:55:58.442688]		Fast forwarded from
		0: L0[], 1: L0[], Ebi: L2[☐10, ☐15], Eib: L2[☐20, ☐25], Eii: L2[☐30, ☐35], put: L2[L7[], V0] -> V0 -> V1 -> L2[_8_s, _9_s], tr: L7[]
		0: L0[], 1: L0[], Ebi: L2[L7[], L7[]], Eib: L2[L7[], L0[]], Eii: L2[L7[], L0[]], put: L2[L7[], V0] -> V0 -> V1 -> L2[L7[], V0], tr: L7[]
[17:55:58.443685]	Exploring 0: L0[], 1: L0[], Ebi: L2[☐10, ☐15], Eib: L2[☐20, ☐25], Eii: L2[☐30, ☐35], put: L2[L7[], V1] -> V0 -> V1 -> L2[_8_s, _9_s], tr: L7[]
[17:55:58.443966]		Fast forwarded from
		0: L0[], 1: L0[], Ebi: L2[☐10, ☐15], Eib: L2[☐20, ☐25], Eii: L2[☐30, ☐35], put: L2[L7[], V1] -> V0 -> V1 -> L2[_8_s, _9_s], tr: L7[]
		0: L0[], 1: L0[], Ebi: L2[L7[], L0[]], Eib: L2[L7[], L7[]], Eii: L2[L7[], L0[]], put: L2[L7[], V1] -> V0 -> V1 -> L2[L7[], V0], tr: L7[]
[17:55:58.444486]	Exploring 0: L0[], 1: L0[], Ebi: L2[☐10, ☐15], Eib: L2[☐20, ☐25], Eii: L2[☐30, ☐35], put: L2[L7[], V2] -> V0 -> V1 -> L2[_8_s, _9_s], tr: L7[]
[17:55:58.445027]	Exploring 0: L0[], 1: L0[], Ebi: L2[☐10, ☐15], Eib: L2[☐20, ☐25], Eii: L2[☐30, ☐35], put: L2[V0, _7_s] -> V0 -> V1 -> L2[_8_s, _9_s], tr: L7[]
[17:55:58.445520]	Exploring 0: L0[], 1: L0[], Ebi: L2[☐10, ☐15], Eib: L2[☐20, ☐25], Eii: L2[☐30, ☐35], put: L2[V0, ☐45] -> V0 -> V1 -> L2[_8_s, _9_s], tr: L7[]
[17:55:58.446007]	Exploring 0: L0[], 1: L0[], Ebi: L2[☐10, ☐15], Eib: L2[☐20, ☐25], Eii: L2[☐30, ☐35], put: L2[V0, ☐45] -> V0 -> V1 -> L2[V0, _9_s], tr: L7[]
[17:55:58.446609]	Exploring 0: L0[], 1: L0[], Ebi: L2[☐10, ☐15], Eib: L2[☐20, ☐25], Eii: L2[☐30, ☐35], put: L2[V0, L0[]] -> V0 -> V1 -> L2[_8_s, _9_s], tr: L7[]
[17:55:58.446843]		Fast forwarded from
		0: L0[], 1: L0[], Ebi: L2[☐10, ☐15], Eib: L2[☐20, ☐25], Eii: L2[☐30, ☐35], put: L2[V0, L0[]] -> V0 -> V1 -> L2[_8_s, _9_s], tr: L7[]
		0: L0[], 1: L0[], Ebi: L2[L7[], L0[]], Eib: L2[L0[], L0[]], Eii: L2[L0[], L0[]], put: L2[V0, L0[]] -> V0 -> V1 -> L2[V0, L0[]], tr: L7[]
[17:55:58.447819]	Exploring 0: L0[], 1: L0[], Ebi: L2[☐10, ☐15], Eib: L2[☐20, ☐25], Eii: L2[☐30, ☐35], put: L2[V0, L7[]] -> V0 -> V1 -> L2[_8_s, _9_s], tr: L7[]
[17:55:58.448099]		Fast forwarded from
		0: L0[], 1: L0[], Ebi: L2[☐10, ☐15], Eib: L2[☐20, ☐25], Eii: L2[☐30, ☐35], put: L2[V0, L7[]] -> V0 -> V1 -> L2[_8_s, _9_s], tr: L7[]
		0: L0[], 1: L0[], Ebi: L2[L7[], L7[]], Eib: L2[L0[], L7[]], Eii: L2[L0[], L7[]], put: L2[V0, L7[]] -> V0 -> V1 -> L2[V0, L7[]], tr: L7[]
[17:55:58.449069]	Exploring 0: L0[], 1: L0[], Ebi: L2[☐10, ☐15], Eib: L2[☐20, ☐25], Eii: L2[☐30, ☐35], put: L2[V0, V0] -> V0 -> V1 -> L2[_8_s, _9_s], tr: L7[]
[17:55:58.449676]	Exploring 0: L0[], 1: L0[], Ebi: L2[☐10, ☐15], Eib: L2[☐20, ☐25], Eii: L2[☐30, ☐35], put: L2[V0, V1] -> V0 -> V1 -> L2[_8_s, _9_s], tr: L7[]
[17:55:58.449968]		Fast forwarded from
		0: L0[], 1: L0[], Ebi: L2[☐10, ☐15], Eib: L2[☐20, ☐25], Eii: L2[☐30, ☐35], put: L2[V0, V1] -> V0 -> V1 -> L2[_8_s, _9_s], tr: L7[]
		0: L0[], 1: L0[], Ebi: L2[L7[], L0[]], Eib: L2[L0[], L7[]], Eii: L2[L0[], L0[]], put: L2[V0, V1] -> V0 -> V1 -> L2[V0, V0], tr: L7[]
[17:55:58.450506]	Exploring 0: L0[], 1: L0[], Ebi: L2[☐10, ☐15], Eib: L2[☐20, ☐25], Eii: L2[☐30, ☐35], put: L2[V0, V2] -> V0 -> V1 -> L2[_8_s, _9_s], tr: L7[]
[17:55:58.451018]	Exploring 0: L0[], 1: L0[], Ebi: L2[☐10, ☐15], Eib: L2[☐20, ☐25], Eii: L2[☐30, ☐35], put: L2[V1, _7_s] -> V0 -> V1 -> L2[_8_s, _9_s], tr: L7[]
[17:55:58.451549]	Exploring 0: L0[], 1: L0[], Ebi: L2[☐10, ☐15], Eib: L2[☐20, ☐25], Eii: L2[☐30, ☐35], put: L2[V1, ☐45] -> V0 -> V1 -> L2[_8_s, _9_s], tr: L7[]
[17:55:58.452158]	Exploring 0: L0[], 1: L0[], Ebi: L2[☐10, ☐15], Eib: L2[☐20, ☐25], Eii: L2[☐30, ☐35], put: L2[V1, ☐45] -> V0 -> V1 -> L2[V1, _9_s], tr: L7[]
[17:55:58.452741]	Exploring 0: L0[], 1: L0[], Ebi: L2[☐10, ☐15], Eib: L2[☐20, ☐25], Eii: L2[☐30, ☐35], put: L2[V1, L0[]] -> V0 -> V1 -> L2[_8_s, _9_s], tr: L7[]
[17:55:58.452998]		Fast forwarded from
		0: L0[], 1: L0[], Ebi: L2[☐10, ☐15], Eib: L2[☐20, ☐25], Eii: L2[☐30, ☐35], put: L2[V1, L0[]] -> V0 -> V1 -> L2[_8_s, _9_s], tr: L7[]
		0: L0[], 1: L0[], Ebi: L2[L0[], L0[]], Eib: L2[L7[], L0[]], Eii: L2[L0[], L0[]], put: L2[V1, L0[]] -> V0 -> V1 -> L2[V0, L0[]], tr: L7[]
[17:55:58.453501]	Exploring 0: L0[], 1: L0[], Ebi: L2[☐10, ☐15], Eib: L2[☐20, ☐25], Eii: L2[☐30, ☐35], put: L2[V1, L7[]] -> V0 -> V1 -> L2[_8_s, _9_s], tr: L7[]
[17:55:58.453745]		Fast forwarded from
		0: L0[], 1: L0[], Ebi: L2[☐10, ☐15], Eib: L2[☐20, ☐25], Eii: L2[☐30, ☐35], put: L2[V1, L7[]] -> V0 -> V1 -> L2[_8_s, _9_s], tr: L7[]
		0: L0[], 1: L0[], Ebi: L2[L0[], L7[]], Eib: L2[L7[], L7[]], Eii: L2[L0[], L7[]], put: L2[V1, L7[]] -> V0 -> V1 -> L2[V0, L7[]], tr: L7[]
[17:55:58.454243]	Exploring 0: L0[], 1: L0[], Ebi: L2[☐10, ☐15], Eib: L2[☐20, ☐25], Eii: L2[☐30, ☐35], put: L2[V1, V0] -> V0 -> V1 -> L2[_8_s, _9_s], tr: L7[]
[17:55:58.454486]		Fast forwarded from
		0: L0[], 1: L0[], Ebi: L2[☐10, ☐15], Eib: L2[☐20, ☐25], Eii: L2[☐30, ☐35], put: L2[V1, V0] -> V0 -> V1 -> L2[_8_s, _9_s], tr: L7[]
		0: L0[], 1: L0[], Ebi: L2[L0[], L7[]], Eib: L2[L7[], L0[]], Eii: L2[L0[], L0[]], put: L2[V1, V0] -> V0 -> V1 -> L2[V0, V0], tr: L7[]
[17:55:58.454983]	Exploring 0: L0[], 1: L0[], Ebi: L2[☐10, ☐15], Eib: L2[☐20, ☐25], Eii: L2[☐30, ☐35], put: L2[V1, V1] -> V0 -> V1 -> L2[_8_s, _9_s], tr: L7[]
[17:55:58.455577]	Exploring 0: L0[], 1: L0[], Ebi: L2[☐10, ☐15], Eib: L2[☐20, ☐25], Eii: L2[☐30, ☐35], put: L2[V1, V2] -> V0 -> V1 -> L2[_8_s, _9_s], tr: L7[]
[17:55:58.456127]	Exploring 0: L0[], 1: L0[], Ebi: L2[☐10, ☐15], Eib: L2[☐20, ☐25], Eii: L2[☐30, ☐35], put: L2[V2, _7_s] -> V0 -> V1 -> L2[_8_s, _9_s], tr: L7[]
[17:55:58.456635]	Exploring 0: L0[], 1: L0[], Ebi: L2[☐10, ☐15], Eib: L2[☐20, ☐25], Eii: L2[☐30, ☐35], put: L2[V2, ☐45] -> V0 -> V1 -> L2[_8_s, _9_s], tr: L7[]
[17:55:58.457111]	Exploring 0: L0[], 1: L0[], Ebi: L2[☐10, ☐15], Eib: L2[☐20, ☐25], Eii: L2[☐30, ☐35], put: L2[V2, ☐45] -> V0 -> V1 -> L2[☐50, _9_s], tr: L7[]
[17:55:58.457593]	Exploring 0: L0[], 1: L0[], Ebi: L2[☐10, ☐15], Eib: L2[☐20, ☐25], Eii: L2[☐30, ☐35], put: L2[V2, ☐45] -> V0 -> V1 -> L2[☐50, ☐55], tr: L7[]
[17:55:58.458133]	Exploring 0: L0[], 1: L0[], Ebi: L2[☐10, ☐15], Eib: L2[☐20, ☐25], Eii: L2[☐30, ☐35], put: L2[V2, ☐45] -> V0 -> V1 -> L2[☐50, L0[]], tr: L7[]
[17:55:58.458680]	Exploring 0: L0[], 1: L0[], Ebi: L2[☐10, ☐15], Eib: L2[☐20, ☐25], Eii: L2[☐30, ☐35], put: L2[V2, ☐45] -> V0 -> V1 -> L2[☐50, L7[]], tr: L7[]
[17:55:58.459263]	Exploring 0: L0[], 1: L0[], Ebi: L2[☐10, ☐15], Eib: L2[☐20, ☐25], Eii: L2[☐30, ☐35], put: L2[V2, ☐45] -> V0 -> V1 -> L2[☐50, V0], tr: L7[]
[17:55:58.459844]	Exploring 0: L0[], 1: L0[], Ebi: L2[☐10, ☐15], Eib: L2[☐20, ☐25], Eii: L2[☐30, ☐35], put: L2[V2, ☐45] -> V0 -> V1 -> L2[☐50, V1], tr: L7[]
[17:55:58.460379]	Exploring 0: L0[], 1: L0[], Ebi: L2[☐10, ☐15], Eib: L2[☐20, ☐25], Eii: L2[☐30, ☐35], put: L2[V2, ☐45] -> V0 -> V1 -> L2[☐50, V2], tr: L7[]
[17:55:58.460945]	Exploring 0: L0[], 1: L0[], Ebi: L2[☐10, ☐15], Eib: L2[☐20, ☐25], Eii: L2[☐30, ☐35], put: L2[V2, ☐45] -> V0 -> V1 -> L2[L0[], _9_s], tr: L7[]
[17:55:58.461456]	Exploring 0: L0[], 1: L0[], Ebi: L2[☐10, ☐15], Eib: L2[☐20, ☐25], Eii: L2[☐30, ☐35], put: L2[V2, ☐45] -> V0 -> V1 -> L2[L7[], _9_s], tr: L7[]
[17:55:58.461976]	Exploring 0: L0[], 1: L0[], Ebi: L2[☐10, ☐15], Eib: L2[☐20, ☐25], Eii: L2[☐30, ☐35], put: L2[V2, ☐45] -> V0 -> V1 -> L2[V0, _9_s], tr: L7[]
[17:55:58.462501]	Exploring 0: L0[], 1: L0[], Ebi: L2[☐10, ☐15], Eib: L2[☐20, ☐25], Eii: L2[☐30, ☐35], put: L2[V2, ☐45] -> V0 -> V1 -> L2[V1, _9_s], tr: L7[]
[17:55:58.463045]	Exploring 0: L0[], 1: L0[], Ebi: L2[☐10, ☐15], Eib: L2[☐20, ☐25], Eii: L2[☐30, ☐35], put: L2[V2, ☐45] -> V0 -> V1 -> L2[V2, _9_s], tr: L7[]
[17:55:58.463605]	Exploring 0: L0[], 1: L0[], Ebi: L2[☐10, ☐15], Eib: L2[☐20, ☐25], Eii: L2[☐30, ☐35], put: L2[V2, L0[]] -> V0 -> V1 -> L2[_8_s, _9_s], tr: L7[]
[17:55:58.464145]	Exploring 0: L0[], 1: L0[], Ebi: L2[☐10, ☐15], Eib: L2[☐20, ☐25], Eii: L2[☐30, ☐35], put: L2[V2, L7[]] -> V0 -> V1 -> L2[_8_s, _9_s], tr: L7[]
[17:55:58.464701]	Exploring 0: L0[], 1: L0[], Ebi: L2[☐10, ☐15], Eib: L2[☐20, ☐25], Eii: L2[☐30, ☐35], put: L2[V2, V0] -> V0 -> V1 -> L2[_8_s, _9_s], tr: L7[]
[17:55:58.465186]	Exploring 0: L0[], 1: L0[], Ebi: L2[☐10, ☐15], Eib: L2[☐20, ☐25], Eii: L2[☐30, ☐35], put: L2[V2, V1] -> V0 -> V1 -> L2[_8_s, _9_s], tr: L7[]
[17:55:58.465669]	Exploring 0: L0[], 1: L0[], Ebi: L2[☐10, ☐15], Eib: L2[☐20, ☐25], Eii: L2[☐30, ☐35], put: L2[V2, V2] -> V0 -> V1 -> L2[_8_s, _9_s], tr: L7[]
[17:55:58.466237]	Exploring 0: L0[], 1: L0[], Ebi: L2[☐10, ☐15], Eib: L2[☐20, ☐25], Eii: L2[☐30, ☐35], put: L2[V2, V3] -> V0 -> V1 -> L2[_8_s, _9_s], tr: L7[]
[17:55:58.466682]	Exploring 0: L0[], 1: L0[], Ebi: L2[☐10, ☐15], Eib: L2[☐20, ☐25], Eii: L2[☐30, L0[]], put: L2[_6_s, _7_s] -> V0 -> V1 -> L2[_8_s, _9_s], tr: L7[]
[17:55:58.467099]	Exploring 0: L0[], 1: L0[], Ebi: L2[☐10, ☐15], Eib: L2[☐20, ☐25], Eii: L2[☐30, L0[]], put: L2[☐40, _7_s] -> V0 -> V1 -> L2[_8_s, _9_s], tr: L7[]
[17:55:58.467607]	Exploring 0: L0[], 1: L0[], Ebi: L2[☐10, ☐15], Eib: L2[☐20, ☐25], Eii: L2[☐30, L0[]], put: L2[☐40, L0[]] -> V0 -> V1 -> L2[_8_s, _9_s], tr: L7[]
[17:55:58.468313]	Exploring 0: L0[], 1: L0[], Ebi: L2[☐10, ☐15], Eib: L2[☐20, ☐25], Eii: L2[☐30, L0[]], put: L2[☐40, V0] -> V0 -> V1 -> L2[_8_s, _9_s], tr: L7[]
[17:55:58.468921]	Exploring 0: L0[], 1: L0[], Ebi: L2[☐10, ☐15], Eib: L2[☐20, ☐25], Eii: L2[☐30, L0[]], put: L2[☐40, V1] -> V0 -> V1 -> L2[_8_s, _9_s], tr: L7[]
[17:55:58.469429]	Exploring 0: L0[], 1: L0[], Ebi: L2[☐10, ☐15], Eib: L2[☐20, ☐25], Eii: L2[☐30, L0[]], put: L2[☐40, V2] -> V0 -> V1 -> L2[_8_s, _9_s], tr: L7[]
[17:55:58.469843]	Exploring 0: L0[], 1: L0[], Ebi: L2[☐10, ☐15], Eib: L2[☐20, ☐25], Eii: L2[☐30, L0[]], put: L2[L0[], _7_s] -> V0 -> V1 -> L2[_8_s, _9_s], tr: L7[]
[17:55:58.470285]	Exploring 0: L0[], 1: L0[], Ebi: L2[☐10, ☐15], Eib: L2[☐20, ☐25], Eii: L2[☐30, L0[]], put: L2[L7[], _7_s] -> V0 -> V1 -> L2[_8_s, _9_s], tr: L7[]
[17:55:58.470737]	Exploring 0: L0[], 1: L0[], Ebi: L2[☐10, ☐15], Eib: L2[☐20, ☐25], Eii: L2[☐30, L0[]], put: L2[V0, _7_s] -> V0 -> V1 -> L2[_8_s, _9_s], tr: L7[]
[17:55:58.471216]	Exploring 0: L0[], 1: L0[], Ebi: L2[☐10, ☐15], Eib: L2[☐20, ☐25], Eii: L2[☐30, L0[]], put: L2[V1, _7_s] -> V0 -> V1 -> L2[_8_s, _9_s], tr: L7[]
[17:55:58.472041]	Exploring 0: L0[], 1: L0[], Ebi: L2[☐10, ☐15], Eib: L2[☐20, ☐25], Eii: L2[☐30, L0[]], put: L2[V2, _7_s] -> V0 -> V1 -> L2[_8_s, _9_s], tr: L7[]
[17:55:58.472874]	Exploring 0: L0[], 1: L0[], Ebi: L2[☐10, ☐15], Eib: L2[☐20, ☐25], Eii: L2[☐30, L7[]], put: L2[_6_s, _7_s] -> V0 -> V1 -> L2[_8_s, _9_s], tr: L7[]
[17:55:58.473645]	Exploring 0: L0[], 1: L0[], Ebi: L2[☐10, ☐15], Eib: L2[☐20, ☐25], Eii: L2[☐30, L7[]], put: L2[☐40, _7_s] -> V0 -> V1 -> L2[_8_s, _9_s], tr: L7[]
[17:55:58.474632]	Exploring 0: L0[], 1: L0[], Ebi: L2[☐10, ☐15], Eib: L2[☐20, ☐25], Eii: L2[☐30, L7[]], put: L2[☐40, L7[]] -> V0 -> V1 -> L2[_8_s, _9_s], tr: L7[]
[17:55:58.476284]	Exploring 0: L0[], 1: L0[], Ebi: L2[☐10, ☐15], Eib: L2[☐20, ☐25], Eii: L2[☐30, L7[]], put: L2[☐40, V2] -> V0 -> V1 -> L2[_8_s, _9_s], tr: L7[]
[17:55:58.477087]	Exploring 0: L0[], 1: L0[], Ebi: L2[☐10, ☐15], Eib: L2[☐20, ☐25], Eii: L2[☐30, L7[]], put: L2[L0[], _7_s] -> V0 -> V1 -> L2[_8_s, _9_s], tr: L7[]
[17:55:58.477704]	Exploring 0: L0[], 1: L0[], Ebi: L2[☐10, ☐15], Eib: L2[☐20, ☐25], Eii: L2[☐30, L7[]], put: L2[L7[], _7_s] -> V0 -> V1 -> L2[_8_s, _9_s], tr: L7[]
[17:55:58.478208]	Exploring 0: L0[], 1: L0[], Ebi: L2[☐10, ☐15], Eib: L2[☐20, ☐25], Eii: L2[☐30, L7[]], put: L2[V0, _7_s] -> V0 -> V1 -> L2[_8_s, _9_s], tr: L7[]
[17:55:58.478660]	Exploring 0: L0[], 1: L0[], Ebi: L2[☐10, ☐15], Eib: L2[☐20, ☐25], Eii: L2[☐30, L7[]], put: L2[V1, _7_s] -> V0 -> V1 -> L2[_8_s, _9_s], tr: L7[]
[17:55:58.479113]	Exploring 0: L0[], 1: L0[], Ebi: L2[☐10, ☐15], Eib: L2[☐20, ☐25], Eii: L2[☐30, L7[]], put: L2[V2, _7_s] -> V0 -> V1 -> L2[_8_s, _9_s], tr: L7[]
[17:55:58.479539]	Exploring 0: L0[], 1: L0[], Ebi: L2[☐10, ☐15], Eib: L2[☐20, ☐25], Eii: L2[L0[], _5_s], put: L2[_6_s, _7_s] -> V0 -> V1 -> L2[_8_s, _9_s], tr: L7[]
[17:55:58.479921]	Exploring 0: L0[], 1: L0[], Ebi: L2[☐10, ☐15], Eib: L2[☐20, ☐25], Eii: L2[L0[], ☐35], put: L2[_6_s, _7_s] -> V0 -> V1 -> L2[_8_s, _9_s], tr: L7[]
[17:55:58.480320]	Exploring 0: L0[], 1: L0[], Ebi: L2[☐10, ☐15], Eib: L2[☐20, ☐25], Eii: L2[L0[], ☐35], put: L2[L0[], _7_s] -> V0 -> V1 -> L2[_8_s, _9_s], tr: L7[]
[17:55:58.480834]	Exploring 0: L0[], 1: L0[], Ebi: L2[☐10, ☐15], Eib: L2[☐20, ☐25], Eii: L2[L0[], ☐35], put: L2[V0, _7_s] -> V0 -> V1 -> L2[_8_s, _9_s], tr: L7[]
[17:55:58.481360]	Exploring 0: L0[], 1: L0[], Ebi: L2[☐10, ☐15], Eib: L2[☐20, ☐25], Eii: L2[L0[], ☐35], put: L2[V1, _7_s] -> V0 -> V1 -> L2[_8_s, _9_s], tr: L7[]
[17:55:58.481865]	Exploring 0: L0[], 1: L0[], Ebi: L2[☐10, ☐15], Eib: L2[☐20, ☐25], Eii: L2[L0[], ☐35], put: L2[V2, _7_s] -> V0 -> V1 -> L2[_8_s, _9_s], tr: L7[]
[17:55:58.482277]	Exploring 0: L0[], 1: L0[], Ebi: L2[☐10, ☐15], Eib: L2[☐20, ☐25], Eii: L2[L0[], L0[]], put: L2[_6_s, _7_s] -> V0 -> V1 -> L2[_8_s, _9_s], tr: L7[]
[17:55:58.482717]	Exploring 0: L0[], 1: L0[], Ebi: L2[☐10, ☐15], Eib: L2[☐20, ☐25], Eii: L2[L0[], L7[]], put: L2[_6_s, _7_s] -> V0 -> V1 -> L2[_8_s, _9_s], tr: L7[]
[17:55:58.483299]	Exploring 0: L0[], 1: L0[], Ebi: L2[☐10, ☐15], Eib: L2[☐20, ☐25], Eii: L2[L7[], _5_s], put: L2[_6_s, _7_s] -> V0 -> V1 -> L2[_8_s, _9_s], tr: L7[]
[17:55:58.483753]	Exploring 0: L0[], 1: L0[], Ebi: L2[☐10, ☐15], Eib: L2[☐20, ☐25], Eii: L2[L7[], ☐35], put: L2[_6_s, _7_s] -> V0 -> V1 -> L2[_8_s, _9_s], tr: L7[]
[17:55:58.484210]	Exploring 0: L0[], 1: L0[], Ebi: L2[☐10, ☐15], Eib: L2[☐20, ☐25], Eii: L2[L7[], ☐35], put: L2[L7[], _7_s] -> V0 -> V1 -> L2[_8_s, _9_s], tr: L7[]
[17:55:58.484992]	Exploring 0: L0[], 1: L0[], Ebi: L2[☐10, ☐15], Eib: L2[☐20, ☐25], Eii: L2[L7[], ☐35], put: L2[V2, _7_s] -> V0 -> V1 -> L2[_8_s, _9_s], tr: L7[]
[17:55:58.485397]	Exploring 0: L0[], 1: L0[], Ebi: L2[☐10, ☐15], Eib: L2[☐20, ☐25], Eii: L2[L7[], L0[]], put: L2[_6_s, _7_s] -> V0 -> V1 -> L2[_8_s, _9_s], tr: L7[]
[17:55:58.485847]	Exploring 0: L0[], 1: L0[], Ebi: L2[☐10, ☐15], Eib: L2[☐20, ☐25], Eii: L2[L7[], L7[]], put: L2[_6_s, _7_s] -> V0 -> V1 -> L2[_8_s, _9_s], tr: L7[]
[17:55:58.486265]	Exploring 0: L0[], 1: L0[], Ebi: L2[☐10, ☐15], Eib: L2[☐20, L0[]], Eii: L2[_4_s, _5_s], put: L2[_6_s, _7_s] -> V0 -> V1 -> L2[_8_s, _9_s], tr: L7[]
[17:55:58.486631]	Exploring 0: L0[], 1: L0[], Ebi: L2[☐10, ☐15], Eib: L2[☐20, L0[]], Eii: L2[☐30, _5_s], put: L2[_6_s, _7_s] -> V0 -> V1 -> L2[_8_s, _9_s], tr: L7[]
[17:55:58.486985]	Exploring 0: L0[], 1: L0[], Ebi: L2[☐10, ☐15], Eib: L2[☐20, L0[]], Eii: L2[☐30, ☐35], put: L2[_6_s, _7_s] -> V0 -> V1 -> L2[_8_s, _9_s], tr: L7[]
[17:55:58.487350]	Exploring 0: L0[], 1: L0[], Ebi: L2[☐10, ☐15], Eib: L2[☐20, L0[]], Eii: L2[☐30, ☐35], put: L2[☐40, _7_s] -> V0 -> V1 -> L2[_8_s, _9_s], tr: L7[]
[17:55:58.487744]	Exploring 0: L0[], 1: L0[], Ebi: L2[☐10, ☐15], Eib: L2[☐20, L0[]], Eii: L2[☐30, ☐35], put: L2[☐40, L0[]] -> V0 -> V1 -> L2[_8_s, _9_s], tr: L7[]
[17:55:58.488206]	Exploring 0: L0[], 1: L0[], Ebi: L2[☐10, ☐15], Eib: L2[☐20, L0[]], Eii: L2[☐30, ☐35], put: L2[☐40, V0] -> V0 -> V1 -> L2[_8_s, _9_s], tr: L7[]
[17:55:58.488691]	Exploring 0: L0[], 1: L0[], Ebi: L2[☐10, ☐15], Eib: L2[☐20, L0[]], Eii: L2[☐30, ☐35], put: L2[☐40, V2] -> V0 -> V1 -> L2[_8_s, _9_s], tr: L7[]
[17:55:58.489089]	Exploring 0: L0[], 1: L0[], Ebi: L2[☐10, ☐15], Eib: L2[☐20, L0[]], Eii: L2[☐30, ☐35], put: L2[L0[], _7_s] -> V0 -> V1 -> L2[_8_s, _9_s], tr: L7[]
[17:55:58.489534]	Exploring 0: L0[], 1: L0[], Ebi: L2[☐10, ☐15], Eib: L2[☐20, L0[]], Eii: L2[☐30, ☐35], put: L2[L7[], _7_s] -> V0 -> V1 -> L2[_8_s, _9_s], tr: L7[]
[17:55:58.489977]	Exploring 0: L0[], 1: L0[], Ebi: L2[☐10, ☐15], Eib: L2[☐20, L0[]], Eii: L2[☐30, ☐35], put: L2[V0, _7_s] -> V0 -> V1 -> L2[_8_s, _9_s], tr: L7[]
[17:55:58.490420]	Exploring 0: L0[], 1: L0[], Ebi: L2[☐10, ☐15], Eib: L2[☐20, L0[]], Eii: L2[☐30, ☐35], put: L2[V1, _7_s] -> V0 -> V1 -> L2[_8_s, _9_s], tr: L7[]
[17:55:58.490850]	Exploring 0: L0[], 1: L0[], Ebi: L2[☐10, ☐15], Eib: L2[☐20, L0[]], Eii: L2[☐30, ☐35], put: L2[V2, _7_s] -> V0 -> V1 -> L2[_8_s, _9_s], tr: L7[]
[17:55:58.491240]	Exploring 0: L0[], 1: L0[], Ebi: L2[☐10, ☐15], Eib: L2[☐20, L0[]], Eii: L2[☐30, L0[]], put: L2[_6_s, _7_s] -> V0 -> V1 -> L2[_8_s, _9_s], tr: L7[]
[17:55:58.491671]	Exploring 0: L0[], 1: L0[], Ebi: L2[☐10, ☐15], Eib: L2[☐20, L0[]], Eii: L2[☐30, L7[]], put: L2[_6_s, _7_s] -> V0 -> V1 -> L2[_8_s, _9_s], tr: L7[]
[17:55:58.492054]	Exploring 0: L0[], 1: L0[], Ebi: L2[☐10, ☐15], Eib: L2[☐20, L0[]], Eii: L2[L0[], _5_s], put: L2[_6_s, _7_s] -> V0 -> V1 -> L2[_8_s, _9_s], tr: L7[]
[17:55:58.492485]	Exploring 0: L0[], 1: L0[], Ebi: L2[☐10, ☐15], Eib: L2[☐20, L0[]], Eii: L2[L7[], _5_s], put: L2[_6_s, _7_s] -> V0 -> V1 -> L2[_8_s, _9_s], tr: L7[]
[17:55:58.492902]	Exploring 0: L0[], 1: L0[], Ebi: L2[☐10, ☐15], Eib: L2[☐20, L7[]], Eii: L2[_4_s, _5_s], put: L2[_6_s, _7_s] -> V0 -> V1 -> L2[_8_s, _9_s], tr: L7[]
[17:55:58.493368]	Exploring 0: L0[], 1: L0[], Ebi: L2[☐10, ☐15], Eib: L2[☐20, L7[]], Eii: L2[☐30, _5_s], put: L2[_6_s, _7_s] -> V0 -> V1 -> L2[_8_s, _9_s], tr: L7[]
[17:55:58.493720]	Exploring 0: L0[], 1: L0[], Ebi: L2[☐10, ☐15], Eib: L2[☐20, L7[]], Eii: L2[☐30, ☐35], put: L2[_6_s, _7_s] -> V0 -> V1 -> L2[_8_s, _9_s], tr: L7[]
[17:55:58.494107]	Exploring 0: L0[], 1: L0[], Ebi: L2[☐10, ☐15], Eib: L2[☐20, L7[]], Eii: L2[☐30, ☐35], put: L2[☐40, _7_s] -> V0 -> V1 -> L2[_8_s, _9_s], tr: L7[]
[17:55:58.494492]	Exploring 0: L0[], 1: L0[], Ebi: L2[☐10, ☐15], Eib: L2[☐20, L7[]], Eii: L2[☐30, ☐35], put: L2[☐40, L7[]] -> V0 -> V1 -> L2[_8_s, _9_s], tr: L7[]
[17:55:58.494971]	Exploring 0: L0[], 1: L0[], Ebi: L2[☐10, ☐15], Eib: L2[☐20, L7[]], Eii: L2[☐30, ☐35], put: L2[☐40, V1] -> V0 -> V1 -> L2[_8_s, _9_s], tr: L7[]
[17:55:58.495475]	Exploring 0: L0[], 1: L0[], Ebi: L2[☐10, ☐15], Eib: L2[☐20, L7[]], Eii: L2[☐30, ☐35], put: L2[☐40, V2] -> V0 -> V1 -> L2[_8_s, _9_s], tr: L7[]
[17:55:58.495965]	Exploring 0: L0[], 1: L0[], Ebi: L2[☐10, ☐15], Eib: L2[☐20, L7[]], Eii: L2[☐30, ☐35], put: L2[L0[], _7_s] -> V0 -> V1 -> L2[_8_s, _9_s], tr: L7[]
[17:55:58.496452]	Exploring 0: L0[], 1: L0[], Ebi: L2[☐10, ☐15], Eib: L2[☐20, L7[]], Eii: L2[☐30, ☐35], put: L2[L7[], _7_s] -> V0 -> V1 -> L2[_8_s, _9_s], tr: L7[]
[17:55:58.497020]	Exploring 0: L0[], 1: L0[], Ebi: L2[☐10, ☐15], Eib: L2[☐20, L7[]], Eii: L2[☐30, ☐35], put: L2[V0, _7_s] -> V0 -> V1 -> L2[_8_s, _9_s], tr: L7[]
[17:55:58.497563]	Exploring 0: L0[], 1: L0[], Ebi: L2[☐10, ☐15], Eib: L2[☐20, L7[]], Eii: L2[☐30, ☐35], put: L2[V1, _7_s] -> V0 -> V1 -> L2[_8_s, _9_s], tr: L7[]
[17:55:58.498168]	Exploring 0: L0[], 1: L0[], Ebi: L2[☐10, ☐15], Eib: L2[☐20, L7[]], Eii: L2[☐30, ☐35], put: L2[V2, _7_s] -> V0 -> V1 -> L2[_8_s, _9_s], tr: L7[]
[17:55:58.499039]	Exploring 0: L0[], 1: L0[], Ebi: L2[☐10, ☐15], Eib: L2[☐20, L7[]], Eii: L2[☐30, L0[]], put: L2[_6_s, _7_s] -> V0 -> V1 -> L2[_8_s, _9_s], tr: L7[]
[17:55:58.499852]	Exploring 0: L0[], 1: L0[], Ebi: L2[☐10, ☐15], Eib: L2[☐20, L7[]], Eii: L2[☐30, L7[]], put: L2[_6_s, _7_s] -> V0 -> V1 -> L2[_8_s, _9_s], tr: L7[]
[17:55:58.500475]	Exploring 0: L0[], 1: L0[], Ebi: L2[☐10, ☐15], Eib: L2[☐20, L7[]], Eii: L2[L0[], _5_s], put: L2[_6_s, _7_s] -> V0 -> V1 -> L2[_8_s, _9_s], tr: L7[]
[17:55:58.501087]	Exploring 0: L0[], 1: L0[], Ebi: L2[☐10, ☐15], Eib: L2[☐20, L7[]], Eii: L2[L7[], _5_s], put: L2[_6_s, _7_s] -> V0 -> V1 -> L2[_8_s, _9_s], tr: L7[]
[17:55:58.501592]	Exploring 0: L0[], 1: L0[], Ebi: L2[☐10, ☐15], Eib: L2[L0[], _3_s], Eii: L2[_4_s, _5_s], put: L2[_6_s, _7_s] -> V0 -> V1 -> L2[_8_s, _9_s], tr: L7[]
[17:55:58.501857]	Exploring 0: L0[], 1: L0[], Ebi: L2[☐10, ☐15], Eib: L2[L0[], ☐25], Eii: L2[_4_s, _5_s], put: L2[_6_s, _7_s] -> V0 -> V1 -> L2[_8_s, _9_s], tr: L7[]
[17:55:58.502097]	Exploring 0: L0[], 1: L0[], Ebi: L2[☐10, ☐15], Eib: L2[L0[], ☐25], Eii: L2[☐30, _5_s], put: L2[_6_s, _7_s] -> V0 -> V1 -> L2[_8_s, _9_s], tr: L7[]
[17:55:58.502362]	Exploring 0: L0[], 1: L0[], Ebi: L2[☐10, ☐15], Eib: L2[L0[], ☐25], Eii: L2[☐30, ☐35], put: L2[_6_s, _7_s] -> V0 -> V1 -> L2[_8_s, _9_s], tr: L7[]
[17:55:58.502799]	Exploring 0: L0[], 1: L0[], Ebi: L2[☐10, ☐15], Eib: L2[L0[], ☐25], Eii: L2[☐30, ☐35], put: L2[L0[], _7_s] -> V0 -> V1 -> L2[_8_s, _9_s], tr: L7[]
[17:55:58.503385]	Exploring 0: L0[], 1: L0[], Ebi: L2[☐10, ☐15], Eib: L2[L0[], ☐25], Eii: L2[☐30, ☐35], put: L2[V0, _7_s] -> V0 -> V1 -> L2[_8_s, _9_s], tr: L7[]
[17:55:58.504135]	Exploring 0: L0[], 1: L0[], Ebi: L2[☐10, ☐15], Eib: L2[L0[], ☐25], Eii: L2[☐30, ☐35], put: L2[V2, _7_s] -> V0 -> V1 -> L2[_8_s, _9_s], tr: L7[]
[17:55:58.504578]	Exploring 0: L0[], 1: L0[], Ebi: L2[☐10, ☐15], Eib: L2[L0[], ☐25], Eii: L2[☐30, L0[]], put: L2[_6_s, _7_s] -> V0 -> V1 -> L2[_8_s, _9_s], tr: L7[]
[17:55:58.505098]	Exploring 0: L0[], 1: L0[], Ebi: L2[☐10, ☐15], Eib: L2[L0[], ☐25], Eii: L2[☐30, L7[]], put: L2[_6_s, _7_s] -> V0 -> V1 -> L2[_8_s, _9_s], tr: L7[]
[17:55:58.505567]	Exploring 0: L0[], 1: L0[], Ebi: L2[☐10, ☐15], Eib: L2[L0[], ☐25], Eii: L2[L0[], _5_s], put: L2[_6_s, _7_s] -> V0 -> V1 -> L2[_8_s, _9_s], tr: L7[]
[17:55:58.505960]	Exploring 0: L0[], 1: L0[], Ebi: L2[☐10, ☐15], Eib: L2[L0[], ☐25], Eii: L2[L7[], _5_s], put: L2[_6_s, _7_s] -> V0 -> V1 -> L2[_8_s, _9_s], tr: L7[]
[17:55:58.506365]	Exploring 0: L0[], 1: L0[], Ebi: L2[☐10, ☐15], Eib: L2[L0[], L0[]], Eii: L2[_4_s, _5_s], put: L2[_6_s, _7_s] -> V0 -> V1 -> L2[_8_s, _9_s], tr: L7[]
[17:55:58.506760]	Exploring 0: L0[], 1: L0[], Ebi: L2[☐10, ☐15], Eib: L2[L0[], L7[]], Eii: L2[_4_s, _5_s], put: L2[_6_s, _7_s] -> V0 -> V1 -> L2[_8_s, _9_s], tr: L7[]
[17:55:58.507192]	Exploring 0: L0[], 1: L0[], Ebi: L2[☐10, ☐15], Eib: L2[L7[], _3_s], Eii: L2[_4_s, _5_s], put: L2[_6_s, _7_s] -> V0 -> V1 -> L2[_8_s, _9_s], tr: L7[]
[17:55:58.507616]	Exploring 0: L0[], 1: L0[], Ebi: L2[☐10, ☐15], Eib: L2[L7[], ☐25], Eii: L2[_4_s, _5_s], put: L2[_6_s, _7_s] -> V0 -> V1 -> L2[_8_s, _9_s], tr: L7[]
[17:55:58.507964]	Exploring 0: L0[], 1: L0[], Ebi: L2[☐10, ☐15], Eib: L2[L7[], ☐25], Eii: L2[☐30, _5_s], put: L2[_6_s, _7_s] -> V0 -> V1 -> L2[_8_s, _9_s], tr: L7[]
[17:55:58.508306]	Exploring 0: L0[], 1: L0[], Ebi: L2[☐10, ☐15], Eib: L2[L7[], ☐25], Eii: L2[☐30, ☐35], put: L2[_6_s, _7_s] -> V0 -> V1 -> L2[_8_s, _9_s], tr: L7[]
[17:55:58.508669]	Exploring 0: L0[], 1: L0[], Ebi: L2[☐10, ☐15], Eib: L2[L7[], ☐25], Eii: L2[☐30, ☐35], put: L2[L7[], _7_s] -> V0 -> V1 -> L2[_8_s, _9_s], tr: L7[]
[17:55:58.509261]	Exploring 0: L0[], 1: L0[], Ebi: L2[☐10, ☐15], Eib: L2[L7[], ☐25], Eii: L2[☐30, ☐35], put: L2[V1, _7_s] -> V0 -> V1 -> L2[_8_s, _9_s], tr: L7[]
[17:55:58.509978]	Exploring 0: L0[], 1: L0[], Ebi: L2[☐10, ☐15], Eib: L2[L7[], ☐25], Eii: L2[☐30, ☐35], put: L2[V2, _7_s] -> V0 -> V1 -> L2[_8_s, _9_s], tr: L7[]
[17:55:58.510414]	Exploring 0: L0[], 1: L0[], Ebi: L2[☐10, ☐15], Eib: L2[L7[], ☐25], Eii: L2[☐30, L0[]], put: L2[_6_s, _7_s] -> V0 -> V1 -> L2[_8_s, _9_s], tr: L7[]
[17:55:58.510808]	Exploring 0: L0[], 1: L0[], Ebi: L2[☐10, ☐15], Eib: L2[L7[], ☐25], Eii: L2[☐30, L7[]], put: L2[_6_s, _7_s] -> V0 -> V1 -> L2[_8_s, _9_s], tr: L7[]
[17:55:58.511185]	Exploring 0: L0[], 1: L0[], Ebi: L2[☐10, ☐15], Eib: L2[L7[], ☐25], Eii: L2[L0[], _5_s], put: L2[_6_s, _7_s] -> V0 -> V1 -> L2[_8_s, _9_s], tr: L7[]
[17:55:58.511619]	Exploring 0: L0[], 1: L0[], Ebi: L2[☐10, ☐15], Eib: L2[L7[], ☐25], Eii: L2[L7[], _5_s], put: L2[_6_s, _7_s] -> V0 -> V1 -> L2[_8_s, _9_s], tr: L7[]
[17:55:58.512005]	Exploring 0: L0[], 1: L0[], Ebi: L2[☐10, ☐15], Eib: L2[L7[], L0[]], Eii: L2[_4_s, _5_s], put: L2[_6_s, _7_s] -> V0 -> V1 -> L2[_8_s, _9_s], tr: L7[]
[17:55:58.512510]	Exploring 0: L0[], 1: L0[], Ebi: L2[☐10, ☐15], Eib: L2[L7[], L7[]], Eii: L2[_4_s, _5_s], put: L2[_6_s, _7_s] -> V0 -> V1 -> L2[_8_s, _9_s], tr: L7[]
[17:55:58.512998]	Exploring 0: L0[], 1: L0[], Ebi: L2[☐10, L0[]], Eib: L2[_2_s, _3_s], Eii: L2[_4_s, _5_s], put: L2[_6_s, _7_s] -> V0 -> V1 -> L2[_8_s, _9_s], tr: L7[]
[17:55:58.513394]	Exploring 0: L0[], 1: L0[], Ebi: L2[☐10, L0[]], Eib: L2[☐20, _3_s], Eii: L2[_4_s, _5_s], put: L2[_6_s, _7_s] -> V0 -> V1 -> L2[_8_s, _9_s], tr: L7[]
[17:55:58.513737]	Exploring 0: L0[], 1: L0[], Ebi: L2[☐10, L0[]], Eib: L2[☐20, ☐25], Eii: L2[_4_s, _5_s], put: L2[_6_s, _7_s] -> V0 -> V1 -> L2[_8_s, _9_s], tr: L7[]
[17:55:58.514070]	Exploring 0: L0[], 1: L0[], Ebi: L2[☐10, L0[]], Eib: L2[☐20, ☐25], Eii: L2[☐30, _5_s], put: L2[_6_s, _7_s] -> V0 -> V1 -> L2[_8_s, _9_s], tr: L7[]
[17:55:58.514501]	Exploring 0: L0[], 1: L0[], Ebi: L2[☐10, L0[]], Eib: L2[☐20, ☐25], Eii: L2[☐30, ☐35], put: L2[_6_s, _7_s] -> V0 -> V1 -> L2[_8_s, _9_s], tr: L7[]
[17:55:58.515055]	Exploring 0: L0[], 1: L0[], Ebi: L2[☐10, L0[]], Eib: L2[☐20, ☐25], Eii: L2[☐30, ☐35], put: L2[☐40, _7_s] -> V0 -> V1 -> L2[_8_s, _9_s], tr: L7[]
[17:55:58.515803]	Exploring 0: L0[], 1: L0[], Ebi: L2[☐10, L0[]], Eib: L2[☐20, ☐25], Eii: L2[☐30, ☐35], put: L2[☐40, L0[]] -> V0 -> V1 -> L2[_8_s, _9_s], tr: L7[]
[17:55:58.516956]	Exploring 0: L0[], 1: L0[], Ebi: L2[☐10, L0[]], Eib: L2[☐20, ☐25], Eii: L2[☐30, ☐35], put: L2[☐40, V1] -> V0 -> V1 -> L2[_8_s, _9_s], tr: L7[]
[17:55:58.517922]	Exploring 0: L0[], 1: L0[], Ebi: L2[☐10, L0[]], Eib: L2[☐20, ☐25], Eii: L2[☐30, ☐35], put: L2[☐40, V2] -> V0 -> V1 -> L2[_8_s, _9_s], tr: L7[]
[17:55:58.518510]	Exploring 0: L0[], 1: L0[], Ebi: L2[☐10, L0[]], Eib: L2[☐20, ☐25], Eii: L2[☐30, ☐35], put: L2[L0[], _7_s] -> V0 -> V1 -> L2[_8_s, _9_s], tr: L7[]
[17:55:58.518949]	Exploring 0: L0[], 1: L0[], Ebi: L2[☐10, L0[]], Eib: L2[☐20, ☐25], Eii: L2[☐30, ☐35], put: L2[L7[], _7_s] -> V0 -> V1 -> L2[_8_s, _9_s], tr: L7[]
[17:55:58.519370]	Exploring 0: L0[], 1: L0[], Ebi: L2[☐10, L0[]], Eib: L2[☐20, ☐25], Eii: L2[☐30, ☐35], put: L2[V0, _7_s] -> V0 -> V1 -> L2[_8_s, _9_s], tr: L7[]
[17:55:58.519867]	Exploring 0: L0[], 1: L0[], Ebi: L2[☐10, L0[]], Eib: L2[☐20, ☐25], Eii: L2[☐30, ☐35], put: L2[V1, _7_s] -> V0 -> V1 -> L2[_8_s, _9_s], tr: L7[]
[17:55:58.520337]	Exploring 0: L0[], 1: L0[], Ebi: L2[☐10, L0[]], Eib: L2[☐20, ☐25], Eii: L2[☐30, ☐35], put: L2[V2, _7_s] -> V0 -> V1 -> L2[_8_s, _9_s], tr: L7[]
[17:55:58.520738]	Exploring 0: L0[], 1: L0[], Ebi: L2[☐10, L0[]], Eib: L2[☐20, ☐25], Eii: L2[☐30, L0[]], put: L2[_6_s, _7_s] -> V0 -> V1 -> L2[_8_s, _9_s], tr: L7[]
[17:55:58.521135]	Exploring 0: L0[], 1: L0[], Ebi: L2[☐10, L0[]], Eib: L2[☐20, ☐25], Eii: L2[☐30, L7[]], put: L2[_6_s, _7_s] -> V0 -> V1 -> L2[_8_s, _9_s], tr: L7[]
[17:55:58.521542]	Exploring 0: L0[], 1: L0[], Ebi: L2[☐10, L0[]], Eib: L2[☐20, ☐25], Eii: L2[L0[], _5_s], put: L2[_6_s, _7_s] -> V0 -> V1 -> L2[_8_s, _9_s], tr: L7[]
[17:55:58.521969]	Exploring 0: L0[], 1: L0[], Ebi: L2[☐10, L0[]], Eib: L2[☐20, ☐25], Eii: L2[L7[], _5_s], put: L2[_6_s, _7_s] -> V0 -> V1 -> L2[_8_s, _9_s], tr: L7[]
[17:55:58.522406]	Exploring 0: L0[], 1: L0[], Ebi: L2[☐10, L0[]], Eib: L2[☐20, L0[]], Eii: L2[_4_s, _5_s], put: L2[_6_s, _7_s] -> V0 -> V1 -> L2[_8_s, _9_s], tr: L7[]
[17:55:58.522787]	Exploring 0: L0[], 1: L0[], Ebi: L2[☐10, L0[]], Eib: L2[☐20, L7[]], Eii: L2[_4_s, _5_s], put: L2[_6_s, _7_s] -> V0 -> V1 -> L2[_8_s, _9_s], tr: L7[]
[17:55:58.523162]	Exploring 0: L0[], 1: L0[], Ebi: L2[☐10, L0[]], Eib: L2[L0[], _3_s], Eii: L2[_4_s, _5_s], put: L2[_6_s, _7_s] -> V0 -> V1 -> L2[_8_s, _9_s], tr: L7[]
[17:55:58.523733]	Exploring 0: L0[], 1: L0[], Ebi: L2[☐10, L0[]], Eib: L2[L7[], _3_s], Eii: L2[_4_s, _5_s], put: L2[_6_s, _7_s] -> V0 -> V1 -> L2[_8_s, _9_s], tr: L7[]
[17:55:58.524174]	Exploring 0: L0[], 1: L0[], Ebi: L2[☐10, L7[]], Eib: L2[_2_s, _3_s], Eii: L2[_4_s, _5_s], put: L2[_6_s, _7_s] -> V0 -> V1 -> L2[_8_s, _9_s], tr: L7[]
[17:55:58.524608]	Exploring 0: L0[], 1: L0[], Ebi: L2[☐10, L7[]], Eib: L2[☐20, _3_s], Eii: L2[_4_s, _5_s], put: L2[_6_s, _7_s] -> V0 -> V1 -> L2[_8_s, _9_s], tr: L7[]
[17:55:58.525023]	Exploring 0: L0[], 1: L0[], Ebi: L2[☐10, L7[]], Eib: L2[☐20, ☐25], Eii: L2[_4_s, _5_s], put: L2[_6_s, _7_s] -> V0 -> V1 -> L2[_8_s, _9_s], tr: L7[]
[17:55:58.525456]	Exploring 0: L0[], 1: L0[], Ebi: L2[☐10, L7[]], Eib: L2[☐20, ☐25], Eii: L2[☐30, _5_s], put: L2[_6_s, _7_s] -> V0 -> V1 -> L2[_8_s, _9_s], tr: L7[]
[17:55:58.525871]	Exploring 0: L0[], 1: L0[], Ebi: L2[☐10, L7[]], Eib: L2[☐20, ☐25], Eii: L2[☐30, ☐35], put: L2[_6_s, _7_s] -> V0 -> V1 -> L2[_8_s, _9_s], tr: L7[]
[17:55:58.526340]	Exploring 0: L0[], 1: L0[], Ebi: L2[☐10, L7[]], Eib: L2[☐20, ☐25], Eii: L2[☐30, ☐35], put: L2[☐40, _7_s] -> V0 -> V1 -> L2[_8_s, _9_s], tr: L7[]
[17:55:58.526777]	Exploring 0: L0[], 1: L0[], Ebi: L2[☐10, L7[]], Eib: L2[☐20, ☐25], Eii: L2[☐30, ☐35], put: L2[☐40, L7[]] -> V0 -> V1 -> L2[_8_s, _9_s], tr: L7[]
[17:55:58.527270]	Exploring 0: L0[], 1: L0[], Ebi: L2[☐10, L7[]], Eib: L2[☐20, ☐25], Eii: L2[☐30, ☐35], put: L2[☐40, V0] -> V0 -> V1 -> L2[_8_s, _9_s], tr: L7[]
[17:55:58.527874]	Exploring 0: L0[], 1: L0[], Ebi: L2[☐10, L7[]], Eib: L2[☐20, ☐25], Eii: L2[☐30, ☐35], put: L2[☐40, V2] -> V0 -> V1 -> L2[_8_s, _9_s], tr: L7[]
[17:55:58.528367]	Exploring 0: L0[], 1: L0[], Ebi: L2[☐10, L7[]], Eib: L2[☐20, ☐25], Eii: L2[☐30, ☐35], put: L2[L0[], _7_s] -> V0 -> V1 -> L2[_8_s, _9_s], tr: L7[]
[17:55:58.528860]	Exploring 0: L0[], 1: L0[], Ebi: L2[☐10, L7[]], Eib: L2[☐20, ☐25], Eii: L2[☐30, ☐35], put: L2[L7[], _7_s] -> V0 -> V1 -> L2[_8_s, _9_s], tr: L7[]
[17:55:58.529350]	Exploring 0: L0[], 1: L0[], Ebi: L2[☐10, L7[]], Eib: L2[☐20, ☐25], Eii: L2[☐30, ☐35], put: L2[V0, _7_s] -> V0 -> V1 -> L2[_8_s, _9_s], tr: L7[]
[17:55:58.529847]	Exploring 0: L0[], 1: L0[], Ebi: L2[☐10, L7[]], Eib: L2[☐20, ☐25], Eii: L2[☐30, ☐35], put: L2[V1, _7_s] -> V0 -> V1 -> L2[_8_s, _9_s], tr: L7[]
[17:55:58.530467]	Exploring 0: L0[], 1: L0[], Ebi: L2[☐10, L7[]], Eib: L2[☐20, ☐25], Eii: L2[☐30, ☐35], put: L2[V2, _7_s] -> V0 -> V1 -> L2[_8_s, _9_s], tr: L7[]
[17:55:58.531134]	Exploring 0: L0[], 1: L0[], Ebi: L2[☐10, L7[]], Eib: L2[☐20, ☐25], Eii: L2[☐30, L0[]], put: L2[_6_s, _7_s] -> V0 -> V1 -> L2[_8_s, _9_s], tr: L7[]
[17:55:58.531850]	Exploring 0: L0[], 1: L0[], Ebi: L2[☐10, L7[]], Eib: L2[☐20, ☐25], Eii: L2[☐30, L7[]], put: L2[_6_s, _7_s] -> V0 -> V1 -> L2[_8_s, _9_s], tr: L7[]
[17:55:58.532634]	Exploring 0: L0[], 1: L0[], Ebi: L2[☐10, L7[]], Eib: L2[☐20, ☐25], Eii: L2[L0[], _5_s], put: L2[_6_s, _7_s] -> V0 -> V1 -> L2[_8_s, _9_s], tr: L7[]
[17:55:58.533411]	Exploring 0: L0[], 1: L0[], Ebi: L2[☐10, L7[]], Eib: L2[☐20, ☐25], Eii: L2[L7[], _5_s], put: L2[_6_s, _7_s] -> V0 -> V1 -> L2[_8_s, _9_s], tr: L7[]
[17:55:58.534201]	Exploring 0: L0[], 1: L0[], Ebi: L2[☐10, L7[]], Eib: L2[☐20, L0[]], Eii: L2[_4_s, _5_s], put: L2[_6_s, _7_s] -> V0 -> V1 -> L2[_8_s, _9_s], tr: L7[]
[17:55:58.534907]	Exploring 0: L0[], 1: L0[], Ebi: L2[☐10, L7[]], Eib: L2[☐20, L7[]], Eii: L2[_4_s, _5_s], put: L2[_6_s, _7_s] -> V0 -> V1 -> L2[_8_s, _9_s], tr: L7[]
[17:55:58.535323]	Exploring 0: L0[], 1: L0[], Ebi: L2[☐10, L7[]], Eib: L2[L0[], _3_s], Eii: L2[_4_s, _5_s], put: L2[_6_s, _7_s] -> V0 -> V1 -> L2[_8_s, _9_s], tr: L7[]
[17:55:58.535717]	Exploring 0: L0[], 1: L0[], Ebi: L2[☐10, L7[]], Eib: L2[L7[], _3_s], Eii: L2[_4_s, _5_s], put: L2[_6_s, _7_s] -> V0 -> V1 -> L2[_8_s, _9_s], tr: L7[]
[17:55:58.536105]	Exploring 0: L0[], 1: L0[], Ebi: L2[L0[], _1_s], Eib: L2[_2_s, _3_s], Eii: L2[_4_s, _5_s], put: L2[_6_s, _7_s] -> V0 -> V1 -> L2[_8_s, _9_s], tr: L7[]
[17:55:58.536446]	Exploring 0: L0[], 1: L0[], Ebi: L2[L0[], ☐15], Eib: L2[_2_s, _3_s], Eii: L2[_4_s, _5_s], put: L2[_6_s, _7_s] -> V0 -> V1 -> L2[_8_s, _9_s], tr: L7[]
[17:55:58.536766]	Exploring 0: L0[], 1: L0[], Ebi: L2[L0[], ☐15], Eib: L2[☐20, _3_s], Eii: L2[_4_s, _5_s], put: L2[_6_s, _7_s] -> V0 -> V1 -> L2[_8_s, _9_s], tr: L7[]
[17:55:58.537128]	Exploring 0: L0[], 1: L0[], Ebi: L2[L0[], ☐15], Eib: L2[☐20, ☐25], Eii: L2[_4_s, _5_s], put: L2[_6_s, _7_s] -> V0 -> V1 -> L2[_8_s, _9_s], tr: L7[]
[17:55:58.537543]	Exploring 0: L0[], 1: L0[], Ebi: L2[L0[], ☐15], Eib: L2[☐20, ☐25], Eii: L2[☐30, _5_s], put: L2[_6_s, _7_s] -> V0 -> V1 -> L2[_8_s, _9_s], tr: L7[]
[17:55:58.537954]	Exploring 0: L0[], 1: L0[], Ebi: L2[L0[], ☐15], Eib: L2[☐20, ☐25], Eii: L2[☐30, ☐35], put: L2[_6_s, _7_s] -> V0 -> V1 -> L2[_8_s, _9_s], tr: L7[]
[17:55:58.538457]	Exploring 0: L0[], 1: L0[], Ebi: L2[L0[], ☐15], Eib: L2[☐20, ☐25], Eii: L2[☐30, ☐35], put: L2[L0[], _7_s] -> V0 -> V1 -> L2[_8_s, _9_s], tr: L7[]
[17:55:58.539164]	Exploring 0: L0[], 1: L0[], Ebi: L2[L0[], ☐15], Eib: L2[☐20, ☐25], Eii: L2[☐30, ☐35], put: L2[V1, _7_s] -> V0 -> V1 -> L2[_8_s, _9_s], tr: L7[]
[17:55:58.539712]	Exploring 0: L0[], 1: L0[], Ebi: L2[L0[], ☐15], Eib: L2[☐20, ☐25], Eii: L2[☐30, ☐35], put: L2[V2, _7_s] -> V0 -> V1 -> L2[_8_s, _9_s], tr: L7[]
[17:55:58.540149]	Exploring 0: L0[], 1: L0[], Ebi: L2[L0[], ☐15], Eib: L2[☐20, ☐25], Eii: L2[☐30, L0[]], put: L2[_6_s, _7_s] -> V0 -> V1 -> L2[_8_s, _9_s], tr: L7[]
[17:55:58.540653]	Exploring 0: L0[], 1: L0[], Ebi: L2[L0[], ☐15], Eib: L2[☐20, ☐25], Eii: L2[☐30, L7[]], put: L2[_6_s, _7_s] -> V0 -> V1 -> L2[_8_s, _9_s], tr: L7[]
[17:55:58.541128]	Exploring 0: L0[], 1: L0[], Ebi: L2[L0[], ☐15], Eib: L2[☐20, ☐25], Eii: L2[L0[], _5_s], put: L2[_6_s, _7_s] -> V0 -> V1 -> L2[_8_s, _9_s], tr: L7[]
[17:55:58.541645]	Exploring 0: L0[], 1: L0[], Ebi: L2[L0[], ☐15], Eib: L2[☐20, ☐25], Eii: L2[L7[], _5_s], put: L2[_6_s, _7_s] -> V0 -> V1 -> L2[_8_s, _9_s], tr: L7[]
[17:55:58.542063]	Exploring 0: L0[], 1: L0[], Ebi: L2[L0[], ☐15], Eib: L2[☐20, L0[]], Eii: L2[_4_s, _5_s], put: L2[_6_s, _7_s] -> V0 -> V1 -> L2[_8_s, _9_s], tr: L7[]
[17:55:58.542600]	Exploring 0: L0[], 1: L0[], Ebi: L2[L0[], ☐15], Eib: L2[☐20, L7[]], Eii: L2[_4_s, _5_s], put: L2[_6_s, _7_s] -> V0 -> V1 -> L2[_8_s, _9_s], tr: L7[]
[17:55:58.543142]	Exploring 0: L0[], 1: L0[], Ebi: L2[L0[], ☐15], Eib: L2[L0[], _3_s], Eii: L2[_4_s, _5_s], put: L2[_6_s, _7_s] -> V0 -> V1 -> L2[_8_s, _9_s], tr: L7[]
[17:55:58.543759]	Exploring 0: L0[], 1: L0[], Ebi: L2[L0[], ☐15], Eib: L2[L7[], _3_s], Eii: L2[_4_s, _5_s], put: L2[_6_s, _7_s] -> V0 -> V1 -> L2[_8_s, _9_s], tr: L7[]
[17:55:58.544319]	Exploring 0: L0[], 1: L0[], Ebi: L2[L0[], L0[]], Eib: L2[_2_s, _3_s], Eii: L2[_4_s, _5_s], put: L2[_6_s, _7_s] -> V0 -> V1 -> L2[_8_s, _9_s], tr: L7[]
[17:55:58.544939]	Exploring 0: L0[], 1: L0[], Ebi: L2[L0[], L7[]], Eib: L2[_2_s, _3_s], Eii: L2[_4_s, _5_s], put: L2[_6_s, _7_s] -> V0 -> V1 -> L2[_8_s, _9_s], tr: L7[]
[17:55:58.545503]	Exploring 0: L0[], 1: L0[], Ebi: L2[L7[], _1_s], Eib: L2[_2_s, _3_s], Eii: L2[_4_s, _5_s], put: L2[_6_s, _7_s] -> V0 -> V1 -> L2[_8_s, _9_s], tr: L7[]
[17:55:58.546088]	Exploring 0: L0[], 1: L0[], Ebi: L2[L7[], ☐15], Eib: L2[_2_s, _3_s], Eii: L2[_4_s, _5_s], put: L2[_6_s, _7_s] -> V0 -> V1 -> L2[_8_s, _9_s], tr: L7[]
[17:55:58.546594]	Exploring 0: L0[], 1: L0[], Ebi: L2[L7[], ☐15], Eib: L2[☐20, _3_s], Eii: L2[_4_s, _5_s], put: L2[_6_s, _7_s] -> V0 -> V1 -> L2[_8_s, _9_s], tr: L7[]
[17:55:58.547074]	Exploring 0: L0[], 1: L0[], Ebi: L2[L7[], ☐15], Eib: L2[☐20, ☐25], Eii: L2[_4_s, _5_s], put: L2[_6_s, _7_s] -> V0 -> V1 -> L2[_8_s, _9_s], tr: L7[]
[17:55:58.547595]	Exploring 0: L0[], 1: L0[], Ebi: L2[L7[], ☐15], Eib: L2[☐20, ☐25], Eii: L2[☐30, _5_s], put: L2[_6_s, _7_s] -> V0 -> V1 -> L2[_8_s, _9_s], tr: L7[]
[17:55:58.548090]	Exploring 0: L0[], 1: L0[], Ebi: L2[L7[], ☐15], Eib: L2[☐20, ☐25], Eii: L2[☐30, ☐35], put: L2[_6_s, _7_s] -> V0 -> V1 -> L2[_8_s, _9_s], tr: L7[]
[17:55:58.548631]	Exploring 0: L0[], 1: L0[], Ebi: L2[L7[], ☐15], Eib: L2[☐20, ☐25], Eii: L2[☐30, ☐35], put: L2[L7[], _7_s] -> V0 -> V1 -> L2[_8_s, _9_s], tr: L7[]
[17:55:58.549190]	Exploring 0: L0[], 1: L0[], Ebi: L2[L7[], ☐15], Eib: L2[☐20, ☐25], Eii: L2[☐30, ☐35], put: L2[V0, _7_s] -> V0 -> V1 -> L2[_8_s, _9_s], tr: L7[]
[17:55:58.549905]	Exploring 0: L0[], 1: L0[], Ebi: L2[L7[], ☐15], Eib: L2[☐20, ☐25], Eii: L2[☐30, ☐35], put: L2[V2, _7_s] -> V0 -> V1 -> L2[_8_s, _9_s], tr: L7[]
[17:55:58.550492]	Exploring 0: L0[], 1: L0[], Ebi: L2[L7[], ☐15], Eib: L2[☐20, ☐25], Eii: L2[☐30, L0[]], put: L2[_6_s, _7_s] -> V0 -> V1 -> L2[_8_s, _9_s], tr: L7[]
[17:55:58.551127]	Exploring 0: L0[], 1: L0[], Ebi: L2[L7[], ☐15], Eib: L2[☐20, ☐25], Eii: L2[☐30, L7[]], put: L2[_6_s, _7_s] -> V0 -> V1 -> L2[_8_s, _9_s], tr: L7[]
[17:55:58.551734]	Exploring 0: L0[], 1: L0[], Ebi: L2[L7[], ☐15], Eib: L2[☐20, ☐25], Eii: L2[L0[], _5_s], put: L2[_6_s, _7_s] -> V0 -> V1 -> L2[_8_s, _9_s], tr: L7[]
[17:55:58.552206]	Exploring 0: L0[], 1: L0[], Ebi: L2[L7[], ☐15], Eib: L2[☐20, ☐25], Eii: L2[L7[], _5_s], put: L2[_6_s, _7_s] -> V0 -> V1 -> L2[_8_s, _9_s], tr: L7[]
[17:55:58.552679]	Exploring 0: L0[], 1: L0[], Ebi: L2[L7[], ☐15], Eib: L2[☐20, L0[]], Eii: L2[_4_s, _5_s], put: L2[_6_s, _7_s] -> V0 -> V1 -> L2[_8_s, _9_s], tr: L7[]
[17:55:58.553178]	Exploring 0: L0[], 1: L0[], Ebi: L2[L7[], ☐15], Eib: L2[☐20, L7[]], Eii: L2[_4_s, _5_s], put: L2[_6_s, _7_s] -> V0 -> V1 -> L2[_8_s, _9_s], tr: L7[]
[17:55:58.553622]	Exploring 0: L0[], 1: L0[], Ebi: L2[L7[], ☐15], Eib: L2[L0[], _3_s], Eii: L2[_4_s, _5_s], put: L2[_6_s, _7_s] -> V0 -> V1 -> L2[_8_s, _9_s], tr: L7[]
[17:55:58.554056]	Exploring 0: L0[], 1: L0[], Ebi: L2[L7[], ☐15], Eib: L2[L7[], _3_s], Eii: L2[_4_s, _5_s], put: L2[_6_s, _7_s] -> V0 -> V1 -> L2[_8_s, _9_s], tr: L7[]
[17:55:58.554480]	Exploring 0: L0[], 1: L0[], Ebi: L2[L7[], L0[]], Eib: L2[_2_s, _3_s], Eii: L2[_4_s, _5_s], put: L2[_6_s, _7_s] -> V0 -> V1 -> L2[_8_s, _9_s], tr: L7[]
[17:55:58.554927]	Exploring 0: L0[], 1: L0[], Ebi: L2[L7[], L7[]], Eib: L2[_2_s, _3_s], Eii: L2[_4_s, _5_s], put: L2[_6_s, _7_s] -> V0 -> V1 -> L2[_8_s, _9_s], tr: L7[]
[17:55:58.555099]	END Size 2 : 182 ms
[17:55:58.555142]	BEG Size 3
[17:55:58.555205]	Exploring 0: L0[], 1: L0[], Ebi: L2[_0_s, _1_s], Eib: L2[_2_s, _3_s], Eii: L2[_4_s, _5_s], put: L2[_6_s, _7_s] -> V0 -> V1 -> L2[_8_s, _9_s], tr: L7[]
[17:55:58.555851]	Exploring 0: L0[], 1: L0[], Ebi: L2[☐10, _1_s], Eib: L2[_2_s, _3_s], Eii: L2[_4_s, _5_s], put: L2[_6_s, _7_s] -> V0 -> V1 -> L2[_8_s, _9_s], tr: L7[]
[17:55:58.556245]	Exploring 0: L0[], 1: L0[], Ebi: L2[☐10, ☐15], Eib: L2[_2_s, _3_s], Eii: L2[_4_s, _5_s], put: L2[_6_s, _7_s] -> V0 -> V1 -> L2[_8_s, _9_s], tr: L7[]
[17:55:58.556608]	Exploring 0: L0[], 1: L0[], Ebi: L2[☐10, ☐15], Eib: L2[☐20, _3_s], Eii: L2[_4_s, _5_s], put: L2[_6_s, _7_s] -> V0 -> V1 -> L2[_8_s, _9_s], tr: L7[]
[17:55:58.556978]	Exploring 0: L0[], 1: L0[], Ebi: L2[☐10, ☐15], Eib: L2[☐20, ☐25], Eii: L2[_4_s, _5_s], put: L2[_6_s, _7_s] -> V0 -> V1 -> L2[_8_s, _9_s], tr: L7[]
[17:55:58.557326]	Exploring 0: L0[], 1: L0[], Ebi: L2[☐10, ☐15], Eib: L2[☐20, ☐25], Eii: L2[☐30, _5_s], put: L2[_6_s, _7_s] -> V0 -> V1 -> L2[_8_s, _9_s], tr: L7[]
[17:55:58.557687]	Exploring 0: L0[], 1: L0[], Ebi: L2[☐10, ☐15], Eib: L2[☐20, ☐25], Eii: L2[☐30, ☐35], put: L2[_6_s, _7_s] -> V0 -> V1 -> L2[_8_s, _9_s], tr: L7[]
[17:55:58.558070]	Exploring 0: L0[], 1: L0[], Ebi: L2[☐10, ☐15], Eib: L2[☐20, ☐25], Eii: L2[☐30, ☐35], put: L2[☐40, _7_s] -> V0 -> V1 -> L2[_8_s, _9_s], tr: L7[]
[17:55:58.558425]	Exploring 0: L0[], 1: L0[], Ebi: L2[☐10, ☐15], Eib: L2[☐20, ☐25], Eii: L2[☐30, ☐35], put: L2[☐40, ☐45] -> V0 -> V1 -> L2[_8_s, _9_s], tr: L7[]
[17:55:58.558785]	Exploring 0: L0[], 1: L0[], Ebi: L2[☐10, ☐15], Eib: L2[☐20, ☐25], Eii: L2[☐30, ☐35], put: L2[☐40, ☐45] -> V0 -> V1 -> L2[☐50, _9_s], tr: L7[]
[17:55:58.559135]	Exploring 0: L0[], 1: L0[], Ebi: L2[☐10, ☐15], Eib: L2[☐20, ☐25], Eii: L2[☐30, ☐35], put: L2[☐40, ☐45] -> V0 -> V1 -> L2[☐50, ☐55], tr: L7[]
[17:55:58.559578]	Exploring 0: L0[], 1: L0[], Ebi: L2[☐10, ☐15], Eib: L2[☐20, ☐25], Eii: L2[☐30, ☐35], put: L2[☐40, ☐45] -> V0 -> V1 -> L2[☐50, L0[]], tr: L7[]
[17:55:58.559997]	Exploring 0: L0[], 1: L0[], Ebi: L2[☐10, ☐15], Eib: L2[☐20, ☐25], Eii: L2[☐30, ☐35], put: L2[☐40, ☐45] -> V0 -> V1 -> L2[☐50, L7[]], tr: L7[]
[17:55:58.560405]	Exploring 0: L0[], 1: L0[], Ebi: L2[☐10, ☐15], Eib: L2[☐20, ☐25], Eii: L2[☐30, ☐35], put: L2[☐40, ☐45] -> V0 -> V1 -> L2[☐50, V0], tr: L7[]
[17:55:58.560837]	Exploring 0: L0[], 1: L0[], Ebi: L2[☐10, ☐15], Eib: L2[☐20, ☐25], Eii: L2[☐30, ☐35], put: L2[☐40, ☐45] -> V0 -> V1 -> L2[☐50, V1], tr: L7[]
[17:55:58.561228]	Exploring 0: L0[], 1: L0[], Ebi: L2[☐10, ☐15], Eib: L2[☐20, ☐25], Eii: L2[☐30, ☐35], put: L2[☐40, ☐45] -> V0 -> V1 -> L2[L0[], _9_s], tr: L7[]
[17:55:58.561611]	Exploring 0: L0[], 1: L0[], Ebi: L2[☐10, ☐15], Eib: L2[☐20, ☐25], Eii: L2[☐30, ☐35], put: L2[☐40, ☐45] -> V0 -> V1 -> L2[L0[], ☐55], tr: L7[]
[17:55:58.562004]	Exploring 0: L0[], 1: L0[], Ebi: L2[☐10, ☐15], Eib: L2[☐20, ☐25], Eii: L2[☐30, ☐35], put: L2[☐40, ☐45] -> V0 -> V1 -> L2[L0[], L0[]], tr: L7[]
[17:55:58.562412]	Exploring 0: L0[], 1: L0[], Ebi: L2[☐10, ☐15], Eib: L2[☐20, ☐25], Eii: L2[☐30, ☐35], put: L2[☐40, ☐45] -> V0 -> V1 -> L2[L0[], L7[]], tr: L7[]
[17:55:58.562846]	Exploring 0: L0[], 1: L0[], Ebi: L2[☐10, ☐15], Eib: L2[☐20, ☐25], Eii: L2[☐30, ☐35], put: L2[☐40, ☐45] -> V0 -> V1 -> L2[L0[], V0], tr: L7[]
[17:55:58.563277]	Exploring 0: L0[], 1: L0[], Ebi: L2[☐10, ☐15], Eib: L2[☐20, ☐25], Eii: L2[☐30, ☐35], put: L2[☐40, ☐45] -> V0 -> V1 -> L2[L0[], V1], tr: L7[]
[17:55:58.563706]	Exploring 0: L0[], 1: L0[], Ebi: L2[☐10, ☐15], Eib: L2[☐20, ☐25], Eii: L2[☐30, ☐35], put: L2[☐40, ☐45] -> V0 -> V1 -> L2[L7[], _9_s], tr: L7[]
[17:55:58.564083]	Exploring 0: L0[], 1: L0[], Ebi: L2[☐10, ☐15], Eib: L2[☐20, ☐25], Eii: L2[☐30, ☐35], put: L2[☐40, ☐45] -> V0 -> V1 -> L2[L7[], ☐55], tr: L7[]
[17:55:58.564519]	Exploring 0: L0[], 1: L0[], Ebi: L2[☐10, ☐15], Eib: L2[☐20, ☐25], Eii: L2[☐30, ☐35], put: L2[☐40, ☐45] -> V0 -> V1 -> L2[L7[], L0[]], tr: L7[]
[17:55:58.564979]	Exploring 0: L0[], 1: L0[], Ebi: L2[☐10, ☐15], Eib: L2[☐20, ☐25], Eii: L2[☐30, ☐35], put: L2[☐40, ☐45] -> V0 -> V1 -> L2[L7[], L7[]], tr: L7[]
[17:55:58.565440]	Exploring 0: L0[], 1: L0[], Ebi: L2[☐10, ☐15], Eib: L2[☐20, ☐25], Eii: L2[☐30, ☐35], put: L2[☐40, ☐45] -> V0 -> V1 -> L2[L7[], V0], tr: L7[]
[17:55:58.565853]	Exploring 0: L0[], 1: L0[], Ebi: L2[☐10, ☐15], Eib: L2[☐20, ☐25], Eii: L2[☐30, ☐35], put: L2[☐40, ☐45] -> V0 -> V1 -> L2[L7[], V1], tr: L7[]
[17:55:58.566273]	Exploring 0: L0[], 1: L0[], Ebi: L2[☐10, ☐15], Eib: L2[☐20, ☐25], Eii: L2[☐30, ☐35], put: L2[☐40, ☐45] -> V0 -> V1 -> L2[V0, _9_s], tr: L7[]
[17:55:58.566671]	Exploring 0: L0[], 1: L0[], Ebi: L2[☐10, ☐15], Eib: L2[☐20, ☐25], Eii: L2[☐30, ☐35], put: L2[☐40, ☐45] -> V0 -> V1 -> L2[V0, ☐55], tr: L7[]
[17:55:58.567076]	Exploring 0: L0[], 1: L0[], Ebi: L2[☐10, ☐15], Eib: L2[☐20, ☐25], Eii: L2[☐30, ☐35], put: L2[☐40, ☐45] -> V0 -> V1 -> L2[V0, L0[]], tr: L7[]
[17:55:58.567501]	Exploring 0: L0[], 1: L0[], Ebi: L2[☐10, ☐15], Eib: L2[☐20, ☐25], Eii: L2[☐30, ☐35], put: L2[☐40, ☐45] -> V0 -> V1 -> L2[V0, L7[]], tr: L7[]
[17:55:58.567910]	Exploring 0: L0[], 1: L0[], Ebi: L2[☐10, ☐15], Eib: L2[☐20, ☐25], Eii: L2[☐30, ☐35], put: L2[☐40, ☐45] -> V0 -> V1 -> L2[V0, V0], tr: L7[]
[17:55:58.568362]	Exploring 0: L0[], 1: L0[], Ebi: L2[☐10, ☐15], Eib: L2[☐20, ☐25], Eii: L2[☐30, ☐35], put: L2[☐40, ☐45] -> V0 -> V1 -> L2[V0, V1], tr: L7[]
[17:55:58.568779]	Exploring 0: L0[], 1: L0[], Ebi: L2[☐10, ☐15], Eib: L2[☐20, ☐25], Eii: L2[☐30, ☐35], put: L2[☐40, ☐45] -> V0 -> V1 -> L2[V1, _9_s], tr: L7[]
[17:55:58.569164]	Exploring 0: L0[], 1: L0[], Ebi: L2[☐10, ☐15], Eib: L2[☐20, ☐25], Eii: L2[☐30, ☐35], put: L2[☐40, ☐45] -> V0 -> V1 -> L2[V1, ☐55], tr: L7[]
[17:55:58.569557]	Exploring 0: L0[], 1: L0[], Ebi: L2[☐10, ☐15], Eib: L2[☐20, ☐25], Eii: L2[☐30, ☐35], put: L2[☐40, ☐45] -> V0 -> V1 -> L2[V1, L0[]], tr: L7[]
[17:55:58.569953]	Exploring 0: L0[], 1: L0[], Ebi: L2[☐10, ☐15], Eib: L2[☐20, ☐25], Eii: L2[☐30, ☐35], put: L2[☐40, ☐45] -> V0 -> V1 -> L2[V1, L7[]], tr: L7[]
[17:55:58.570340]	Exploring 0: L0[], 1: L0[], Ebi: L2[☐10, ☐15], Eib: L2[☐20, ☐25], Eii: L2[☐30, ☐35], put: L2[☐40, ☐45] -> V0 -> V1 -> L2[V1, V0], tr: L7[]
[17:55:58.570717]	Exploring 0: L0[], 1: L0[], Ebi: L2[☐10, ☐15], Eib: L2[☐20, ☐25], Eii: L2[☐30, ☐35], put: L2[☐40, ☐45] -> V0 -> V1 -> L2[V1, V1], tr: L7[]
[17:55:58.571090]	Exploring 0: L0[], 1: L0[], Ebi: L2[☐10, ☐15], Eib: L2[☐20, ☐25], Eii: L2[☐30, ☐35], put: L2[☐40, L0[]] -> V0 -> V1 -> L2[_8_s, _9_s], tr: L7[]
[17:55:58.571476]	Exploring 0: L0[], 1: L0[], Ebi: L2[☐10, ☐15], Eib: L2[☐20, ☐25], Eii: L2[☐30, ☐35], put: L2[☐40, L0[]] -> V0 -> V1 -> L2[☐50, _9_s], tr: L7[]
[17:55:58.571883]	Exploring 0: L0[], 1: L0[], Ebi: L2[☐10, ☐15], Eib: L2[☐20, ☐25], Eii: L2[☐30, ☐35], put: L2[☐40, L0[]] -> V0 -> V1 -> L2[☐50, L0[]], tr: L7[]
[17:55:58.572396]	Exploring 0: L0[], 1: L0[], Ebi: L2[☐10, ☐15], Eib: L2[☐20, ☐25], Eii: L2[☐30, ☐35], put: L2[☐40, L0[]] -> V0 -> V1 -> L2[L0[], _9_s], tr: L7[]
[17:55:58.572805]	Exploring 0: L0[], 1: L0[], Ebi: L2[☐10, ☐15], Eib: L2[☐20, ☐25], Eii: L2[☐30, ☐35], put: L2[☐40, L0[]] -> V0 -> V1 -> L2[L0[], L0[]], tr: L7[]
[17:55:58.573325]	Exploring 0: L0[], 1: L0[], Ebi: L2[☐10, ☐15], Eib: L2[☐20, ☐25], Eii: L2[☐30, ☐35], put: L2[☐40, L0[]] -> V0 -> V1 -> L2[L7[], _9_s], tr: L7[]
[17:55:58.573722]	Exploring 0: L0[], 1: L0[], Ebi: L2[☐10, ☐15], Eib: L2[☐20, ☐25], Eii: L2[☐30, ☐35], put: L2[☐40, L0[]] -> V0 -> V1 -> L2[L7[], L0[]], tr: L7[]
[17:55:58.574251]	Exploring 0: L0[], 1: L0[], Ebi: L2[☐10, ☐15], Eib: L2[☐20, ☐25], Eii: L2[☐30, ☐35], put: L2[☐40, L0[]] -> V0 -> V1 -> L2[V0, _9_s], tr: L7[]
[17:55:58.574660]	Exploring 0: L0[], 1: L0[], Ebi: L2[☐10, ☐15], Eib: L2[☐20, ☐25], Eii: L2[☐30, ☐35], put: L2[☐40, L0[]] -> V0 -> V1 -> L2[V0, L0[]], tr: L7[]
[17:55:58.575175]	Exploring 0: L0[], 1: L0[], Ebi: L2[☐10, ☐15], Eib: L2[☐20, ☐25], Eii: L2[☐30, ☐35], put: L2[☐40, L0[]] -> V0 -> V1 -> L2[V1, _9_s], tr: L7[]
[17:55:58.575636]	Exploring 0: L0[], 1: L0[], Ebi: L2[☐10, ☐15], Eib: L2[☐20, ☐25], Eii: L2[☐30, ☐35], put: L2[☐40, L0[]] -> V0 -> V1 -> L2[V1, L0[]], tr: L7[]
[17:55:58.576151]	Exploring 0: L0[], 1: L0[], Ebi: L2[☐10, ☐15], Eib: L2[☐20, ☐25], Eii: L2[☐30, ☐35], put: L2[☐40, L7[]] -> V0 -> V1 -> L2[_8_s, _9_s], tr: L7[]
[17:55:58.576507]	Exploring 0: L0[], 1: L0[], Ebi: L2[☐10, ☐15], Eib: L2[☐20, ☐25], Eii: L2[☐30, ☐35], put: L2[☐40, L7[]] -> V0 -> V1 -> L2[☐50, _9_s], tr: L7[]
[17:55:58.576890]	Exploring 0: L0[], 1: L0[], Ebi: L2[☐10, ☐15], Eib: L2[☐20, ☐25], Eii: L2[☐30, ☐35], put: L2[☐40, L7[]] -> V0 -> V1 -> L2[☐50, L7[]], tr: L7[]
[17:55:58.577407]	Exploring 0: L0[], 1: L0[], Ebi: L2[☐10, ☐15], Eib: L2[☐20, ☐25], Eii: L2[☐30, ☐35], put: L2[☐40, L7[]] -> V0 -> V1 -> L2[L0[], _9_s], tr: L7[]
[17:55:58.577950]	Exploring 0: L0[], 1: L0[], Ebi: L2[☐10, ☐15], Eib: L2[☐20, ☐25], Eii: L2[☐30, ☐35], put: L2[☐40, L7[]] -> V0 -> V1 -> L2[L0[], L7[]], tr: L7[]
[17:55:58.578529]	Exploring 0: L0[], 1: L0[], Ebi: L2[☐10, ☐15], Eib: L2[☐20, ☐25], Eii: L2[☐30, ☐35], put: L2[☐40, L7[]] -> V0 -> V1 -> L2[L7[], _9_s], tr: L7[]
[17:55:58.579337]	Exploring 0: L0[], 1: L0[], Ebi: L2[☐10, ☐15], Eib: L2[☐20, ☐25], Eii: L2[☐30, ☐35], put: L2[☐40, L7[]] -> V0 -> V1 -> L2[L7[], L7[]], tr: L7[]
[17:55:58.580072]	Exploring 0: L0[], 1: L0[], Ebi: L2[☐10, ☐15], Eib: L2[☐20, ☐25], Eii: L2[☐30, ☐35], put: L2[☐40, L7[]] -> V0 -> V1 -> L2[V0, _9_s], tr: L7[]
[17:55:58.580631]	Exploring 0: L0[], 1: L0[], Ebi: L2[☐10, ☐15], Eib: L2[☐20, ☐25], Eii: L2[☐30, ☐35], put: L2[☐40, L7[]] -> V0 -> V1 -> L2[V0, L7[]], tr: L7[]
[17:55:58.581155]	Exploring 0: L0[], 1: L0[], Ebi: L2[☐10, ☐15], Eib: L2[☐20, ☐25], Eii: L2[☐30, ☐35], put: L2[☐40, L7[]] -> V0 -> V1 -> L2[V1, _9_s], tr: L7[]
[17:55:58.581732]	Exploring 0: L0[], 1: L0[], Ebi: L2[☐10, ☐15], Eib: L2[☐20, ☐25], Eii: L2[☐30, ☐35], put: L2[☐40, L7[]] -> V0 -> V1 -> L2[V1, L7[]], tr: L7[]
[17:55:58.582780]	Exploring 0: L0[], 1: L0[], Ebi: L2[☐10, ☐15], Eib: L2[☐20, ☐25], Eii: L2[☐30, ☐35], put: L2[☐40, V0] -> V0 -> V1 -> L2[_8_s, _9_s], tr: L7[]
[17:55:58.583614]	Exploring 0: L0[], 1: L0[], Ebi: L2[☐10, ☐15], Eib: L2[☐20, ☐25], Eii: L2[☐30, ☐35], put: L2[☐40, V0] -> V0 -> V1 -> L2[☐50, _9_s], tr: L7[]
[17:55:58.584416]	Exploring 0: L0[], 1: L0[], Ebi: L2[☐10, ☐15], Eib: L2[☐20, ☐25], Eii: L2[☐30, ☐35], put: L2[☐40, V0] -> V0 -> V1 -> L2[☐50, V0], tr: L7[]
[17:55:58.585064]	Exploring 0: L0[], 1: L0[], Ebi: L2[☐10, ☐15], Eib: L2[☐20, ☐25], Eii: L2[☐30, ☐35], put: L2[☐40, V0] -> V0 -> V1 -> L2[L0[], _9_s], tr: L7[]
[17:55:58.585484]	Exploring 0: L0[], 1: L0[], Ebi: L2[☐10, ☐15], Eib: L2[☐20, ☐25], Eii: L2[☐30, ☐35], put: L2[☐40, V0] -> V0 -> V1 -> L2[L0[], V0], tr: L7[]
[17:55:58.585959]	Exploring 0: L0[], 1: L0[], Ebi: L2[☐10, ☐15], Eib: L2[☐20, ☐25], Eii: L2[☐30, ☐35], put: L2[☐40, V0] -> V0 -> V1 -> L2[L7[], _9_s], tr: L7[]
[17:55:58.586366]	Exploring 0: L0[], 1: L0[], Ebi: L2[☐10, ☐15], Eib: L2[☐20, ☐25], Eii: L2[☐30, ☐35], put: L2[☐40, V0] -> V0 -> V1 -> L2[L7[], V0], tr: L7[]
[17:55:58.586819]	Exploring 0: L0[], 1: L0[], Ebi: L2[☐10, ☐15], Eib: L2[☐20, ☐25], Eii: L2[☐30, ☐35], put: L2[☐40, V0] -> V0 -> V1 -> L2[V0, _9_s], tr: L7[]
[17:55:58.587229]	Exploring 0: L0[], 1: L0[], Ebi: L2[☐10, ☐15], Eib: L2[☐20, ☐25], Eii: L2[☐30, ☐35], put: L2[☐40, V0] -> V0 -> V1 -> L2[V0, V0], tr: L7[]
[17:55:58.587759]	Exploring 0: L0[], 1: L0[], Ebi: L2[☐10, ☐15], Eib: L2[☐20, ☐25], Eii: L2[☐30, ☐35], put: L2[☐40, V0] -> V0 -> V1 -> L2[V1, _9_s], tr: L7[]
[17:55:58.588144]	Exploring 0: L0[], 1: L0[], Ebi: L2[☐10, ☐15], Eib: L2[☐20, ☐25], Eii: L2[☐30, ☐35], put: L2[☐40, V0] -> V0 -> V1 -> L2[V1, V0], tr: L7[]
[17:55:58.588645]	Exploring 0: L0[], 1: L0[], Ebi: L2[☐10, ☐15], Eib: L2[☐20, ☐25], Eii: L2[☐30, ☐35], put: L2[☐40, V1] -> V0 -> V1 -> L2[_8_s, _9_s], tr: L7[]
[17:55:58.589061]	Exploring 0: L0[], 1: L0[], Ebi: L2[☐10, ☐15], Eib: L2[☐20, ☐25], Eii: L2[☐30, ☐35], put: L2[☐40, V1] -> V0 -> V1 -> L2[☐50, _9_s], tr: L7[]
[17:55:58.589498]	Exploring 0: L0[], 1: L0[], Ebi: L2[☐10, ☐15], Eib: L2[☐20, ☐25], Eii: L2[☐30, ☐35], put: L2[☐40, V1] -> V0 -> V1 -> L2[☐50, V1], tr: L7[]
[17:55:58.589927]	Exploring 0: L0[], 1: L0[], Ebi: L2[☐10, ☐15], Eib: L2[☐20, ☐25], Eii: L2[☐30, ☐35], put: L2[☐40, V1] -> V0 -> V1 -> L2[L0[], _9_s], tr: L7[]
[17:55:58.590366]	Exploring 0: L0[], 1: L0[], Ebi: L2[☐10, ☐15], Eib: L2[☐20, ☐25], Eii: L2[☐30, ☐35], put: L2[☐40, V1] -> V0 -> V1 -> L2[L0[], V1], tr: L7[]
[17:55:58.590779]	Exploring 0: L0[], 1: L0[], Ebi: L2[☐10, ☐15], Eib: L2[☐20, ☐25], Eii: L2[☐30, ☐35], put: L2[☐40, V1] -> V0 -> V1 -> L2[L7[], _9_s], tr: L7[]
[17:55:58.591209]	Exploring 0: L0[], 1: L0[], Ebi: L2[☐10, ☐15], Eib: L2[☐20, ☐25], Eii: L2[☐30, ☐35], put: L2[☐40, V1] -> V0 -> V1 -> L2[L7[], V1], tr: L7[]
[17:55:58.591634]	Exploring 0: L0[], 1: L0[], Ebi: L2[☐10, ☐15], Eib: L2[☐20, ☐25], Eii: L2[☐30, ☐35], put: L2[☐40, V1] -> V0 -> V1 -> L2[V0, _9_s], tr: L7[]
[17:55:58.592061]	Exploring 0: L0[], 1: L0[], Ebi: L2[☐10, ☐15], Eib: L2[☐20, ☐25], Eii: L2[☐30, ☐35], put: L2[☐40, V1] -> V0 -> V1 -> L2[V0, V1], tr: L7[]
[17:55:58.592471]	Exploring 0: L0[], 1: L0[], Ebi: L2[☐10, ☐15], Eib: L2[☐20, ☐25], Eii: L2[☐30, ☐35], put: L2[☐40, V1] -> V0 -> V1 -> L2[V1, _9_s], tr: L7[]
[17:55:58.592921]	Exploring 0: L0[], 1: L0[], Ebi: L2[☐10, ☐15], Eib: L2[☐20, ☐25], Eii: L2[☐30, ☐35], put: L2[☐40, V1] -> V0 -> V1 -> L2[V1, V1], tr: L7[]
[17:55:58.593475]	Exploring 0: L0[], 1: L0[], Ebi: L2[☐10, ☐15], Eib: L2[☐20, ☐25], Eii: L2[☐30, ☐35], put: L2[☐40, V2] -> V0 -> V1 -> L2[_8_s, _9_s], tr: L7[]
[17:55:58.593922]	Exploring 0: L0[], 1: L0[], Ebi: L2[☐10, ☐15], Eib: L2[☐20, ☐25], Eii: L2[☐30, ☐35], put: L2[☐40, V2] -> V0 -> V1 -> L2[☐50, _9_s], tr: L7[]
[17:55:58.594306]	Exploring 0: L0[], 1: L0[], Ebi: L2[☐10, ☐15], Eib: L2[☐20, ☐25], Eii: L2[☐30, ☐35], put: L2[☐40, V2] -> V0 -> V1 -> L2[☐50, ☐55], tr: L7[]
[17:55:58.594696]	Exploring 0: L0[], 1: L0[], Ebi: L2[☐10, ☐15], Eib: L2[☐20, ☐25], Eii: L2[☐30, ☐35], put: L2[☐40, V2] -> V0 -> V1 -> L2[☐50, L0[]], tr: L7[]
[17:55:58.595064]	Exploring 0: L0[], 1: L0[], Ebi: L2[☐10, ☐15], Eib: L2[☐20, ☐25], Eii: L2[☐30, ☐35], put: L2[☐40, V2] -> V0 -> V1 -> L2[☐50, L7[]], tr: L7[]
[17:55:58.595478]	Exploring 0: L0[], 1: L0[], Ebi: L2[☐10, ☐15], Eib: L2[☐20, ☐25], Eii: L2[☐30, ☐35], put: L2[☐40, V2] -> V0 -> V1 -> L2[☐50, V0], tr: L7[]
[17:55:58.595916]	Exploring 0: L0[], 1: L0[], Ebi: L2[☐10, ☐15], Eib: L2[☐20, ☐25], Eii: L2[☐30, ☐35], put: L2[☐40, V2] -> V0 -> V1 -> L2[☐50, V1], tr: L7[]
[17:55:58.596325]	Exploring 0: L0[], 1: L0[], Ebi: L2[☐10, ☐15], Eib: L2[☐20, ☐25], Eii: L2[☐30, ☐35], put: L2[☐40, V2] -> V0 -> V1 -> L2[☐50, V2], tr: L7[]
[17:55:58.596972]	Exploring 0: L0[], 1: L0[], Ebi: L2[☐10, ☐15], Eib: L2[☐20, ☐25], Eii: L2[☐30, ☐35], put: L2[☐40, V2] -> V0 -> V1 -> L2[L0[], _9_s], tr: L7[]
[17:55:58.597368]	Exploring 0: L0[], 1: L0[], Ebi: L2[☐10, ☐15], Eib: L2[☐20, ☐25], Eii: L2[☐30, ☐35], put: L2[☐40, V2] -> V0 -> V1 -> L2[L0[], ☐55], tr: L7[]
[17:55:58.597771]	Exploring 0: L0[], 1: L0[], Ebi: L2[☐10, ☐15], Eib: L2[☐20, ☐25], Eii: L2[☐30, ☐35], put: L2[☐40, V2] -> V0 -> V1 -> L2[L0[], L0[]], tr: L7[]
[17:55:58.598427]	Exploring 0: L0[], 1: L0[], Ebi: L2[☐10, ☐15], Eib: L2[☐20, ☐25], Eii: L2[☐30, ☐35], put: L2[☐40, V2] -> V0 -> V1 -> L2[L0[], L7[]], tr: L7[]
[17:55:58.599291]	Exploring 0: L0[], 1: L0[], Ebi: L2[☐10, ☐15], Eib: L2[☐20, ☐25], Eii: L2[☐30, ☐35], put: L2[☐40, V2] -> V0 -> V1 -> L2[L0[], V0], tr: L7[]
[17:55:58.600190]	Exploring 0: L0[], 1: L0[], Ebi: L2[☐10, ☐15], Eib: L2[☐20, ☐25], Eii: L2[☐30, ☐35], put: L2[☐40, V2] -> V0 -> V1 -> L2[L0[], V1], tr: L7[]
[17:55:58.601133]	Exploring 0: L0[], 1: L0[], Ebi: L2[☐10, ☐15], Eib: L2[☐20, ☐25], Eii: L2[☐30, ☐35], put: L2[☐40, V2] -> V0 -> V1 -> L2[L0[], V2], tr: L7[]
[17:55:58.602420]	Exploring 0: L0[], 1: L0[], Ebi: L2[☐10, ☐15], Eib: L2[☐20, ☐25], Eii: L2[☐30, ☐35], put: L2[☐40, V2] -> V0 -> V1 -> L2[L7[], _9_s], tr: L7[]
[17:55:58.603335]	Exploring 0: L0[], 1: L0[], Ebi: L2[☐10, ☐15], Eib: L2[☐20, ☐25], Eii: L2[☐30, ☐35], put: L2[☐40, V2] -> V0 -> V1 -> L2[L7[], ☐55], tr: L7[]
[17:55:58.604360]	Exploring 0: L0[], 1: L0[], Ebi: L2[☐10, ☐15], Eib: L2[☐20, ☐25], Eii: L2[☐30, ☐35], put: L2[☐40, V2] -> V0 -> V1 -> L2[L7[], L0[]], tr: L7[]
[17:55:58.605217]	Exploring 0: L0[], 1: L0[], Ebi: L2[☐10, ☐15], Eib: L2[☐20, ☐25], Eii: L2[☐30, ☐35], put: L2[☐40, V2] -> V0 -> V1 -> L2[L7[], L7[]], tr: L7[]
[17:55:58.605943]	Exploring 0: L0[], 1: L0[], Ebi: L2[☐10, ☐15], Eib: L2[☐20, ☐25], Eii: L2[☐30, ☐35], put: L2[☐40, V2] -> V0 -> V1 -> L2[L7[], V0], tr: L7[]
[17:55:58.606607]	Exploring 0: L0[], 1: L0[], Ebi: L2[☐10, ☐15], Eib: L2[☐20, ☐25], Eii: L2[☐30, ☐35], put: L2[☐40, V2] -> V0 -> V1 -> L2[L7[], V1], tr: L7[]
[17:55:58.607271]	Exploring 0: L0[], 1: L0[], Ebi: L2[☐10, ☐15], Eib: L2[☐20, ☐25], Eii: L2[☐30, ☐35], put: L2[☐40, V2] -> V0 -> V1 -> L2[L7[], V2], tr: L7[]
[17:55:58.607971]	Exploring 0: L0[], 1: L0[], Ebi: L2[☐10, ☐15], Eib: L2[☐20, ☐25], Eii: L2[☐30, ☐35], put: L2[☐40, V2] -> V0 -> V1 -> L2[V0, _9_s], tr: L7[]
[17:55:58.608670]	Exploring 0: L0[], 1: L0[], Ebi: L2[☐10, ☐15], Eib: L2[☐20, ☐25], Eii: L2[☐30, ☐35], put: L2[☐40, V2] -> V0 -> V1 -> L2[V0, ☐55], tr: L7[]
[17:55:58.609398]	Exploring 0: L0[], 1: L0[], Ebi: L2[☐10, ☐15], Eib: L2[☐20, ☐25], Eii: L2[☐30, ☐35], put: L2[☐40, V2] -> V0 -> V1 -> L2[V0, L0[]], tr: L7[]
[17:55:58.610028]	Exploring 0: L0[], 1: L0[], Ebi: L2[☐10, ☐15], Eib: L2[☐20, ☐25], Eii: L2[☐30, ☐35], put: L2[☐40, V2] -> V0 -> V1 -> L2[V0, L7[]], tr: L7[]
[17:55:58.610640]	Exploring 0: L0[], 1: L0[], Ebi: L2[☐10, ☐15], Eib: L2[☐20, ☐25], Eii: L2[☐30, ☐35], put: L2[☐40, V2] -> V0 -> V1 -> L2[V0, V0], tr: L7[]
[17:55:58.611257]	Exploring 0: L0[], 1: L0[], Ebi: L2[☐10, ☐15], Eib: L2[☐20, ☐25], Eii: L2[☐30, ☐35], put: L2[☐40, V2] -> V0 -> V1 -> L2[V0, V1], tr: L7[]
[17:55:58.611818]	Exploring 0: L0[], 1: L0[], Ebi: L2[☐10, ☐15], Eib: L2[☐20, ☐25], Eii: L2[☐30, ☐35], put: L2[☐40, V2] -> V0 -> V1 -> L2[V0, V2], tr: L7[]
[17:55:58.612336]	Exploring 0: L0[], 1: L0[], Ebi: L2[☐10, ☐15], Eib: L2[☐20, ☐25], Eii: L2[☐30, ☐35], put: L2[☐40, V2] -> V0 -> V1 -> L2[V1, _9_s], tr: L7[]
[17:55:58.612845]	Exploring 0: L0[], 1: L0[], Ebi: L2[☐10, ☐15], Eib: L2[☐20, ☐25], Eii: L2[☐30, ☐35], put: L2[☐40, V2] -> V0 -> V1 -> L2[V1, ☐55], tr: L7[]
[17:55:58.613432]	Exploring 0: L0[], 1: L0[], Ebi: L2[☐10, ☐15], Eib: L2[☐20, ☐25], Eii: L2[☐30, ☐35], put: L2[☐40, V2] -> V0 -> V1 -> L2[V1, L0[]], tr: L7[]
[17:55:58.614099]	Exploring 0: L0[], 1: L0[], Ebi: L2[☐10, ☐15], Eib: L2[☐20, ☐25], Eii: L2[☐30, ☐35], put: L2[☐40, V2] -> V0 -> V1 -> L2[V1, L7[]], tr: L7[]
[17:55:58.614717]	Exploring 0: L0[], 1: L0[], Ebi: L2[☐10, ☐15], Eib: L2[☐20, ☐25], Eii: L2[☐30, ☐35], put: L2[☐40, V2] -> V0 -> V1 -> L2[V1, V0], tr: L7[]
[17:55:58.615472]	Exploring 0: L0[], 1: L0[], Ebi: L2[☐10, ☐15], Eib: L2[☐20, ☐25], Eii: L2[☐30, ☐35], put: L2[☐40, V2] -> V0 -> V1 -> L2[V1, V1], tr: L7[]
[17:55:58.616460]	Exploring 0: L0[], 1: L0[], Ebi: L2[☐10, ☐15], Eib: L2[☐20, ☐25], Eii: L2[☐30, ☐35], put: L2[☐40, V2] -> V0 -> V1 -> L2[V1, V2], tr: L7[]
[17:55:58.617451]	Exploring 0: L0[], 1: L0[], Ebi: L2[☐10, ☐15], Eib: L2[☐20, ☐25], Eii: L2[☐30, ☐35], put: L2[☐40, V2] -> V0 -> V1 -> L2[V2, _9_s], tr: L7[]
[17:55:58.618390]	Exploring 0: L0[], 1: L0[], Ebi: L2[☐10, ☐15], Eib: L2[☐20, ☐25], Eii: L2[☐30, ☐35], put: L2[☐40, V2] -> V0 -> V1 -> L2[V2, ☐55], tr: L7[]
[17:55:58.619185]	Exploring 0: L0[], 1: L0[], Ebi: L2[☐10, ☐15], Eib: L2[☐20, ☐25], Eii: L2[☐30, ☐35], put: L2[☐40, V2] -> V0 -> V1 -> L2[V2, L0[]], tr: L7[]
[17:55:58.619662]	Exploring 0: L0[], 1: L0[], Ebi: L2[☐10, ☐15], Eib: L2[☐20, ☐25], Eii: L2[☐30, ☐35], put: L2[☐40, V2] -> V0 -> V1 -> L2[V2, L7[]], tr: L7[]
[17:55:58.620179]	Exploring 0: L0[], 1: L0[], Ebi: L2[☐10, ☐15], Eib: L2[☐20, ☐25], Eii: L2[☐30, ☐35], put: L2[☐40, V2] -> V0 -> V1 -> L2[V2, V0], tr: L7[]
[17:55:58.620661]	Exploring 0: L0[], 1: L0[], Ebi: L2[☐10, ☐15], Eib: L2[☐20, ☐25], Eii: L2[☐30, ☐35], put: L2[☐40, V2] -> V0 -> V1 -> L2[V2, V1], tr: L7[]
[17:55:58.621132]	Exploring 0: L0[], 1: L0[], Ebi: L2[☐10, ☐15], Eib: L2[☐20, ☐25], Eii: L2[☐30, ☐35], put: L2[☐40, V2] -> V0 -> V1 -> L2[V2, V2], tr: L7[]
[17:55:58.621539]	Exploring 0: L0[], 1: L0[], Ebi: L2[☐10, ☐15], Eib: L2[☐20, ☐25], Eii: L2[☐30, ☐35], put: L2[L0[], _7_s] -> V0 -> V1 -> L2[_8_s, _9_s], tr: L7[]
[17:55:58.621947]	Exploring 0: L0[], 1: L0[], Ebi: L2[☐10, ☐15], Eib: L2[☐20, ☐25], Eii: L2[☐30, ☐35], put: L2[L0[], ☐45] -> V0 -> V1 -> L2[_8_s, _9_s], tr: L7[]
[17:55:58.622386]	Exploring 0: L0[], 1: L0[], Ebi: L2[☐10, ☐15], Eib: L2[☐20, ☐25], Eii: L2[☐30, ☐35], put: L2[L0[], ☐45] -> V0 -> V1 -> L2[L0[], _9_s], tr: L7[]
[17:55:58.622799]	Exploring 0: L0[], 1: L0[], Ebi: L2[☐10, ☐15], Eib: L2[☐20, ☐25], Eii: L2[☐30, ☐35], put: L2[L0[], ☐45] -> V0 -> V1 -> L2[L0[], ☐55], tr: L7[]
[17:55:58.623251]	Exploring 0: L0[], 1: L0[], Ebi: L2[☐10, ☐15], Eib: L2[☐20, ☐25], Eii: L2[☐30, ☐35], put: L2[L0[], ☐45] -> V0 -> V1 -> L2[L0[], L0[]], tr: L7[]
[17:55:58.623724]	Exploring 0: L0[], 1: L0[], Ebi: L2[☐10, ☐15], Eib: L2[☐20, ☐25], Eii: L2[☐30, ☐35], put: L2[L0[], ☐45] -> V0 -> V1 -> L2[L0[], L7[]], tr: L7[]
[17:55:58.624188]	Exploring 0: L0[], 1: L0[], Ebi: L2[☐10, ☐15], Eib: L2[☐20, ☐25], Eii: L2[☐30, ☐35], put: L2[L0[], ☐45] -> V0 -> V1 -> L2[L0[], V0], tr: L7[]
[17:55:58.624648]	Exploring 0: L0[], 1: L0[], Ebi: L2[☐10, ☐15], Eib: L2[☐20, ☐25], Eii: L2[☐30, ☐35], put: L2[L0[], ☐45] -> V0 -> V1 -> L2[L0[], V1], tr: L7[]
[17:55:58.625200]	Exploring 0: L0[], 1: L0[], Ebi: L2[☐10, ☐15], Eib: L2[☐20, ☐25], Eii: L2[☐30, ☐35], put: L2[L0[], L0[]] -> V0 -> V1 -> L2[_8_s, _9_s], tr: L7[]
[17:55:58.625624]	Exploring 0: L0[], 1: L0[], Ebi: L2[☐10, ☐15], Eib: L2[☐20, ☐25], Eii: L2[☐30, ☐35], put: L2[L0[], L0[]] -> V0 -> V1 -> L2[L0[], _9_s], tr: L7[]
[17:55:58.625916]		Fast forwarded from
		0: L0[], 1: L0[], Ebi: L2[☐10, ☐15], Eib: L2[☐20, ☐25], Eii: L2[☐30, ☐35], put: L2[L0[], L0[]] -> V0 -> V1 -> L2[L0[], _9_s], tr: L7[]
		0: L0[], 1: L0[], Ebi: L2[L0[], L0[]], Eib: L2[L0[], L0[]], Eii: L2[L0[], L0[]], put: L2[L0[], L0[]] -> V0 -> V1 -> L2[L0[], L0[]], tr: L7[]
[17:55:58.626858]	Exploring 0: L0[], 1: L0[], Ebi: L2[☐10, ☐15], Eib: L2[☐20, ☐25], Eii: L2[☐30, ☐35], put: L2[L0[], L7[]] -> V0 -> V1 -> L2[_8_s, _9_s], tr: L7[]
[17:55:58.627288]	Exploring 0: L0[], 1: L0[], Ebi: L2[☐10, ☐15], Eib: L2[☐20, ☐25], Eii: L2[☐30, ☐35], put: L2[L0[], L7[]] -> V0 -> V1 -> L2[L0[], _9_s], tr: L7[]
[17:55:58.627521]		Fast forwarded from
		0: L0[], 1: L0[], Ebi: L2[☐10, ☐15], Eib: L2[☐20, ☐25], Eii: L2[☐30, ☐35], put: L2[L0[], L7[]] -> V0 -> V1 -> L2[L0[], _9_s], tr: L7[]
		0: L0[], 1: L0[], Ebi: L2[L0[], L7[]], Eib: L2[L0[], L7[]], Eii: L2[L0[], L7[]], put: L2[L0[], L7[]] -> V0 -> V1 -> L2[L0[], L7[]], tr: L7[]
[17:55:58.628443]	Exploring 0: L0[], 1: L0[], Ebi: L2[☐10, ☐15], Eib: L2[☐20, ☐25], Eii: L2[☐30, ☐35], put: L2[L0[], V0] -> V0 -> V1 -> L2[_8_s, _9_s], tr: L7[]
[17:55:58.628916]	Exploring 0: L0[], 1: L0[], Ebi: L2[☐10, ☐15], Eib: L2[☐20, ☐25], Eii: L2[☐30, ☐35], put: L2[L0[], V0] -> V0 -> V1 -> L2[L0[], _9_s], tr: L7[]
[17:55:58.629104]		Fast forwarded from
		0: L0[], 1: L0[], Ebi: L2[☐10, ☐15], Eib: L2[☐20, ☐25], Eii: L2[☐30, ☐35], put: L2[L0[], V0] -> V0 -> V1 -> L2[L0[], _9_s], tr: L7[]
		0: L0[], 1: L0[], Ebi: L2[L0[], L7[]], Eib: L2[L0[], L0[]], Eii: L2[L0[], L0[]], put: L2[L0[], V0] -> V0 -> V1 -> L2[L0[], V0], tr: L7[]
[17:55:58.629961]	Exploring 0: L0[], 1: L0[], Ebi: L2[☐10, ☐15], Eib: L2[☐20, ☐25], Eii: L2[☐30, ☐35], put: L2[L0[], V0] -> V0 -> V1 -> L2[V0, _9_s], tr: L7[]
[17:55:58.630475]	Exploring 0: L0[], 1: L0[], Ebi: L2[☐10, ☐15], Eib: L2[☐20, ☐25], Eii: L2[☐30, ☐35], put: L2[L0[], V1] -> V0 -> V1 -> L2[_8_s, _9_s], tr: L7[]
[17:55:58.630936]	Exploring 0: L0[], 1: L0[], Ebi: L2[☐10, ☐15], Eib: L2[☐20, ☐25], Eii: L2[☐30, ☐35], put: L2[L0[], V1] -> V0 -> V1 -> L2[L0[], _9_s], tr: L7[]
[17:55:58.631133]		Fast forwarded from
		0: L0[], 1: L0[], Ebi: L2[☐10, ☐15], Eib: L2[☐20, ☐25], Eii: L2[☐30, ☐35], put: L2[L0[], V1] -> V0 -> V1 -> L2[L0[], _9_s], tr: L7[]
		0: L0[], 1: L0[], Ebi: L2[L0[], L0[]], Eib: L2[L0[], L7[]], Eii: L2[L0[], L0[]], put: L2[L0[], V1] -> V0 -> V1 -> L2[L0[], V0], tr: L7[]
[17:55:58.632262]	Exploring 0: L0[], 1: L0[], Ebi: L2[☐10, ☐15], Eib: L2[☐20, ☐25], Eii: L2[☐30, ☐35], put: L2[L0[], V1] -> V0 -> V1 -> L2[V1, _9_s], tr: L7[]
[17:55:58.633248]	Exploring 0: L0[], 1: L0[], Ebi: L2[☐10, ☐15], Eib: L2[☐20, ☐25], Eii: L2[☐30, ☐35], put: L2[L0[], V2] -> V0 -> V1 -> L2[_8_s, _9_s], tr: L7[]
[17:55:58.634154]	Exploring 0: L0[], 1: L0[], Ebi: L2[☐10, ☐15], Eib: L2[☐20, ☐25], Eii: L2[☐30, ☐35], put: L2[L0[], V2] -> V0 -> V1 -> L2[L0[], _9_s], tr: L7[]
[17:55:58.635200]	Exploring 0: L0[], 1: L0[], Ebi: L2[☐10, ☐15], Eib: L2[☐20, ☐25], Eii: L2[☐30, ☐35], put: L2[L0[], V2] -> V0 -> V1 -> L2[V2, _9_s], tr: L7[]
[17:55:58.635385]		Fast forwarded from
		0: L0[], 1: L0[], Ebi: L2[☐10, ☐15], Eib: L2[☐20, ☐25], Eii: L2[☐30, ☐35], put: L2[L0[], V2] -> V0 -> V1 -> L2[V2, _9_s], tr: L7[]
		0: L0[], 1: L0[], Ebi: L2[L0[], L0[]], Eib: L2[L0[], L0[]], Eii: L2[L0[], L0[]], put: L2[L0[], V2] -> V0 -> V1 -> L2[V2, V0], tr: L7[]
[17:55:58.636260]	Exploring 0: L0[], 1: L0[], Ebi: L2[☐10, ☐15], Eib: L2[☐20, ☐25], Eii: L2[☐30, ☐35], put: L2[L7[], _7_s] -> V0 -> V1 -> L2[_8_s, _9_s], tr: L7[]
[17:55:58.636690]	Exploring 0: L0[], 1: L0[], Ebi: L2[☐10, ☐15], Eib: L2[☐20, ☐25], Eii: L2[☐30, ☐35], put: L2[L7[], ☐45] -> V0 -> V1 -> L2[_8_s, _9_s], tr: L7[]
[17:55:58.637095]	Exploring 0: L0[], 1: L0[], Ebi: L2[☐10, ☐15], Eib: L2[☐20, ☐25], Eii: L2[☐30, ☐35], put: L2[L7[], ☐45] -> V0 -> V1 -> L2[L7[], _9_s], tr: L7[]
[17:55:58.637502]	Exploring 0: L0[], 1: L0[], Ebi: L2[☐10, ☐15], Eib: L2[☐20, ☐25], Eii: L2[☐30, ☐35], put: L2[L7[], ☐45] -> V0 -> V1 -> L2[L7[], ☐55], tr: L7[]
[17:55:58.637937]	Exploring 0: L0[], 1: L0[], Ebi: L2[☐10, ☐15], Eib: L2[☐20, ☐25], Eii: L2[☐30, ☐35], put: L2[L7[], ☐45] -> V0 -> V1 -> L2[L7[], L0[]], tr: L7[]
[17:55:58.638344]	Exploring 0: L0[], 1: L0[], Ebi: L2[☐10, ☐15], Eib: L2[☐20, ☐25], Eii: L2[☐30, ☐35], put: L2[L7[], ☐45] -> V0 -> V1 -> L2[L7[], L7[]], tr: L7[]
[17:55:58.638762]	Exploring 0: L0[], 1: L0[], Ebi: L2[☐10, ☐15], Eib: L2[☐20, ☐25], Eii: L2[☐30, ☐35], put: L2[L7[], ☐45] -> V0 -> V1 -> L2[L7[], V0], tr: L7[]
[17:55:58.639197]	Exploring 0: L0[], 1: L0[], Ebi: L2[☐10, ☐15], Eib: L2[☐20, ☐25], Eii: L2[☐30, ☐35], put: L2[L7[], ☐45] -> V0 -> V1 -> L2[L7[], V1], tr: L7[]
[17:55:58.639734]	Exploring 0: L0[], 1: L0[], Ebi: L2[☐10, ☐15], Eib: L2[☐20, ☐25], Eii: L2[☐30, ☐35], put: L2[L7[], L0[]] -> V0 -> V1 -> L2[_8_s, _9_s], tr: L7[]
[17:55:58.640138]	Exploring 0: L0[], 1: L0[], Ebi: L2[☐10, ☐15], Eib: L2[☐20, ☐25], Eii: L2[☐30, ☐35], put: L2[L7[], L0[]] -> V0 -> V1 -> L2[L7[], _9_s], tr: L7[]
[17:55:58.640331]		Fast forwarded from
		0: L0[], 1: L0[], Ebi: L2[☐10, ☐15], Eib: L2[☐20, ☐25], Eii: L2[☐30, ☐35], put: L2[L7[], L0[]] -> V0 -> V1 -> L2[L7[], _9_s], tr: L7[]
		0: L0[], 1: L0[], Ebi: L2[L7[], L0[]], Eib: L2[L7[], L0[]], Eii: L2[L7[], L0[]], put: L2[L7[], L0[]] -> V0 -> V1 -> L2[L7[], L0[]], tr: L7[]
[17:55:58.641203]	Exploring 0: L0[], 1: L0[], Ebi: L2[☐10, ☐15], Eib: L2[☐20, ☐25], Eii: L2[☐30, ☐35], put: L2[L7[], L7[]] -> V0 -> V1 -> L2[_8_s, _9_s], tr: L7[]
[17:55:58.641601]	Exploring 0: L0[], 1: L0[], Ebi: L2[☐10, ☐15], Eib: L2[☐20, ☐25], Eii: L2[☐30, ☐35], put: L2[L7[], L7[]] -> V0 -> V1 -> L2[L7[], _9_s], tr: L7[]
[17:55:58.641786]		Fast forwarded from
		0: L0[], 1: L0[], Ebi: L2[☐10, ☐15], Eib: L2[☐20, ☐25], Eii: L2[☐30, ☐35], put: L2[L7[], L7[]] -> V0 -> V1 -> L2[L7[], _9_s], tr: L7[]
		0: L0[], 1: L0[], Ebi: L2[L7[], L7[]], Eib: L2[L7[], L7[]], Eii: L2[L7[], L7[]], put: L2[L7[], L7[]] -> V0 -> V1 -> L2[L7[], L7[]], tr: L7[]
[17:55:58.642660]	Exploring 0: L0[], 1: L0[], Ebi: L2[☐10, ☐15], Eib: L2[☐20, ☐25], Eii: L2[☐30, ☐35], put: L2[L7[], V0] -> V0 -> V1 -> L2[_8_s, _9_s], tr: L7[]
[17:55:58.643089]	Exploring 0: L0[], 1: L0[], Ebi: L2[☐10, ☐15], Eib: L2[☐20, ☐25], Eii: L2[☐30, ☐35], put: L2[L7[], V0] -> V0 -> V1 -> L2[L7[], _9_s], tr: L7[]
[17:55:58.643266]		Fast forwarded from
		0: L0[], 1: L0[], Ebi: L2[☐10, ☐15], Eib: L2[☐20, ☐25], Eii: L2[☐30, ☐35], put: L2[L7[], V0] -> V0 -> V1 -> L2[L7[], _9_s], tr: L7[]
		0: L0[], 1: L0[], Ebi: L2[L7[], L7[]], Eib: L2[L7[], L0[]], Eii: L2[L7[], L0[]], put: L2[L7[], V0] -> V0 -> V1 -> L2[L7[], V0], tr: L7[]
[17:55:58.644138]	Exploring 0: L0[], 1: L0[], Ebi: L2[☐10, ☐15], Eib: L2[☐20, ☐25], Eii: L2[☐30, ☐35], put: L2[L7[], V0] -> V0 -> V1 -> L2[V0, _9_s], tr: L7[]
[17:55:58.644715]	Exploring 0: L0[], 1: L0[], Ebi: L2[☐10, ☐15], Eib: L2[☐20, ☐25], Eii: L2[☐30, ☐35], put: L2[L7[], V1] -> V0 -> V1 -> L2[_8_s, _9_s], tr: L7[]
[17:55:58.645149]	Exploring 0: L0[], 1: L0[], Ebi: L2[☐10, ☐15], Eib: L2[☐20, ☐25], Eii: L2[☐30, ☐35], put: L2[L7[], V1] -> V0 -> V1 -> L2[L7[], _9_s], tr: L7[]
[17:55:58.645324]		Fast forwarded from
		0: L0[], 1: L0[], Ebi: L2[☐10, ☐15], Eib: L2[☐20, ☐25], Eii: L2[☐30, ☐35], put: L2[L7[], V1] -> V0 -> V1 -> L2[L7[], _9_s], tr: L7[]
		0: L0[], 1: L0[], Ebi: L2[L7[], L0[]], Eib: L2[L7[], L7[]], Eii: L2[L7[], L0[]], put: L2[L7[], V1] -> V0 -> V1 -> L2[L7[], V0], tr: L7[]
[17:55:58.645801]	Exploring 0: L0[], 1: L0[], Ebi: L2[☐10, ☐15], Eib: L2[☐20, ☐25], Eii: L2[☐30, ☐35], put: L2[L7[], V1] -> V0 -> V1 -> L2[V1, _9_s], tr: L7[]
[17:55:58.646267]	Exploring 0: L0[], 1: L0[], Ebi: L2[☐10, ☐15], Eib: L2[☐20, ☐25], Eii: L2[☐30, ☐35], put: L2[L7[], V2] -> V0 -> V1 -> L2[_8_s, _9_s], tr: L7[]
[17:55:58.646701]	Exploring 0: L0[], 1: L0[], Ebi: L2[☐10, ☐15], Eib: L2[☐20, ☐25], Eii: L2[☐30, ☐35], put: L2[L7[], V2] -> V0 -> V1 -> L2[L7[], _9_s], tr: L7[]
[17:55:58.647292]	Exploring 0: L0[], 1: L0[], Ebi: L2[☐10, ☐15], Eib: L2[☐20, ☐25], Eii: L2[☐30, ☐35], put: L2[L7[], V2] -> V0 -> V1 -> L2[V2, _9_s], tr: L7[]
[17:55:58.647504]		Fast forwarded from
		0: L0[], 1: L0[], Ebi: L2[☐10, ☐15], Eib: L2[☐20, ☐25], Eii: L2[☐30, ☐35], put: L2[L7[], V2] -> V0 -> V1 -> L2[V2, _9_s], tr: L7[]
		0: L0[], 1: L0[], Ebi: L2[L7[], L7[]], Eib: L2[L7[], L7[]], Eii: L2[L7[], L7[]], put: L2[L7[], V2] -> V0 -> V1 -> L2[V2, V0], tr: L7[]
[17:55:58.648321]	Exploring 0: L0[], 1: L0[], Ebi: L2[☐10, ☐15], Eib: L2[☐20, ☐25], Eii: L2[☐30, ☐35], put: L2[V0, _7_s] -> V0 -> V1 -> L2[_8_s, _9_s], tr: L7[]
[17:55:58.649126]	Exploring 0: L0[], 1: L0[], Ebi: L2[☐10, ☐15], Eib: L2[☐20, ☐25], Eii: L2[☐30, ☐35], put: L2[V0, ☐45] -> V0 -> V1 -> L2[_8_s, _9_s], tr: L7[]
[17:55:58.649941]	Exploring 0: L0[], 1: L0[], Ebi: L2[☐10, ☐15], Eib: L2[☐20, ☐25], Eii: L2[☐30, ☐35], put: L2[V0, ☐45] -> V0 -> V1 -> L2[V0, _9_s], tr: L7[]
[17:55:58.650776]	Exploring 0: L0[], 1: L0[], Ebi: L2[☐10, ☐15], Eib: L2[☐20, ☐25], Eii: L2[☐30, ☐35], put: L2[V0, ☐45] -> V0 -> V1 -> L2[V0, ☐55], tr: L7[]
[17:55:58.651737]	Exploring 0: L0[], 1: L0[], Ebi: L2[☐10, ☐15], Eib: L2[☐20, ☐25], Eii: L2[☐30, ☐35], put: L2[V0, ☐45] -> V0 -> V1 -> L2[V0, L0[]], tr: L7[]
[17:55:58.652277]	Exploring 0: L0[], 1: L0[], Ebi: L2[☐10, ☐15], Eib: L2[☐20, ☐25], Eii: L2[☐30, ☐35], put: L2[V0, ☐45] -> V0 -> V1 -> L2[V0, L7[]], tr: L7[]
[17:55:58.652718]	Exploring 0: L0[], 1: L0[], Ebi: L2[☐10, ☐15], Eib: L2[☐20, ☐25], Eii: L2[☐30, ☐35], put: L2[V0, ☐45] -> V0 -> V1 -> L2[V0, V0], tr: L7[]
[17:55:58.653205]	Exploring 0: L0[], 1: L0[], Ebi: L2[☐10, ☐15], Eib: L2[☐20, ☐25], Eii: L2[☐30, ☐35], put: L2[V0, ☐45] -> V0 -> V1 -> L2[V0, V1], tr: L7[]
[17:55:58.653655]	Exploring 0: L0[], 1: L0[], Ebi: L2[☐10, ☐15], Eib: L2[☐20, ☐25], Eii: L2[☐30, ☐35], put: L2[V0, L0[]] -> V0 -> V1 -> L2[_8_s, _9_s], tr: L7[]
[17:55:58.654053]	Exploring 0: L0[], 1: L0[], Ebi: L2[☐10, ☐15], Eib: L2[☐20, ☐25], Eii: L2[☐30, ☐35], put: L2[V0, L0[]] -> V0 -> V1 -> L2[V0, _9_s], tr: L7[]
[17:55:58.654229]		Fast forwarded from
		0: L0[], 1: L0[], Ebi: L2[☐10, ☐15], Eib: L2[☐20, ☐25], Eii: L2[☐30, ☐35], put: L2[V0, L0[]] -> V0 -> V1 -> L2[V0, _9_s], tr: L7[]
		0: L0[], 1: L0[], Ebi: L2[L7[], L0[]], Eib: L2[L0[], L0[]], Eii: L2[L0[], L0[]], put: L2[V0, L0[]] -> V0 -> V1 -> L2[V0, L0[]], tr: L7[]
[17:55:58.655058]	Exploring 0: L0[], 1: L0[], Ebi: L2[☐10, ☐15], Eib: L2[☐20, ☐25], Eii: L2[☐30, ☐35], put: L2[V0, L7[]] -> V0 -> V1 -> L2[_8_s, _9_s], tr: L7[]
[17:55:58.655497]	Exploring 0: L0[], 1: L0[], Ebi: L2[☐10, ☐15], Eib: L2[☐20, ☐25], Eii: L2[☐30, ☐35], put: L2[V0, L7[]] -> V0 -> V1 -> L2[V0, _9_s], tr: L7[]
[17:55:58.655683]		Fast forwarded from
		0: L0[], 1: L0[], Ebi: L2[☐10, ☐15], Eib: L2[☐20, ☐25], Eii: L2[☐30, ☐35], put: L2[V0, L7[]] -> V0 -> V1 -> L2[V0, _9_s], tr: L7[]
		0: L0[], 1: L0[], Ebi: L2[L7[], L7[]], Eib: L2[L0[], L7[]], Eii: L2[L0[], L7[]], put: L2[V0, L7[]] -> V0 -> V1 -> L2[V0, L7[]], tr: L7[]
[17:55:58.656494]	Exploring 0: L0[], 1: L0[], Ebi: L2[☐10, ☐15], Eib: L2[☐20, ☐25], Eii: L2[☐30, ☐35], put: L2[V0, V0] -> V0 -> V1 -> L2[_8_s, _9_s], tr: L7[]
[17:55:58.656885]	Exploring 0: L0[], 1: L0[], Ebi: L2[☐10, ☐15], Eib: L2[☐20, ☐25], Eii: L2[☐30, ☐35], put: L2[V0, V0] -> V0 -> V1 -> L2[V0, _9_s], tr: L7[]
[17:55:58.657352]	Exploring 0: L0[], 1: L0[], Ebi: L2[☐10, ☐15], Eib: L2[☐20, ☐25], Eii: L2[☐30, ☐35], put: L2[V0, V1] -> V0 -> V1 -> L2[_8_s, _9_s], tr: L7[]
[17:55:58.657746]	Exploring 0: L0[], 1: L0[], Ebi: L2[☐10, ☐15], Eib: L2[☐20, ☐25], Eii: L2[☐30, ☐35], put: L2[V0, V1] -> V0 -> V1 -> L2[V0, _9_s], tr: L7[]
[17:55:58.657906]		Fast forwarded from
		0: L0[], 1: L0[], Ebi: L2[☐10, ☐15], Eib: L2[☐20, ☐25], Eii: L2[☐30, ☐35], put: L2[V0, V1] -> V0 -> V1 -> L2[V0, _9_s], tr: L7[]
		0: L0[], 1: L0[], Ebi: L2[L7[], L0[]], Eib: L2[L0[], L7[]], Eii: L2[L0[], L0[]], put: L2[V0, V1] -> V0 -> V1 -> L2[V0, V0], tr: L7[]
[17:55:58.658319]	Exploring 0: L0[], 1: L0[], Ebi: L2[☐10, ☐15], Eib: L2[☐20, ☐25], Eii: L2[☐30, ☐35], put: L2[V0, V1] -> V0 -> V1 -> L2[V1, _9_s], tr: L7[]
[17:55:58.658764]	Exploring 0: L0[], 1: L0[], Ebi: L2[☐10, ☐15], Eib: L2[☐20, ☐25], Eii: L2[☐30, ☐35], put: L2[V0, V2] -> V0 -> V1 -> L2[_8_s, _9_s], tr: L7[]
[17:55:58.659168]	Exploring 0: L0[], 1: L0[], Ebi: L2[☐10, ☐15], Eib: L2[☐20, ☐25], Eii: L2[☐30, ☐35], put: L2[V0, V2] -> V0 -> V1 -> L2[V0, _9_s], tr: L7[]
[17:55:58.659655]	Exploring 0: L0[], 1: L0[], Ebi: L2[☐10, ☐15], Eib: L2[☐20, ☐25], Eii: L2[☐30, ☐35], put: L2[V0, V2] -> V0 -> V1 -> L2[V2, _9_s], tr: L7[]
[17:55:58.659798]		Fast forwarded from
		0: L0[], 1: L0[], Ebi: L2[☐10, ☐15], Eib: L2[☐20, ☐25], Eii: L2[☐30, ☐35], put: L2[V0, V2] -> V0 -> V1 -> L2[V2, _9_s], tr: L7[]
		0: L0[], 1: L0[], Ebi: L2[L7[], L7[]], Eib: L2[L0[], L0[]], Eii: L2[L0[], L0[]], put: L2[V0, V2] -> V0 -> V1 -> L2[V2, V0], tr: L7[]
[17:55:58.660576]	Exploring 0: L0[], 1: L0[], Ebi: L2[☐10, ☐15], Eib: L2[☐20, ☐25], Eii: L2[☐30, ☐35], put: L2[V1, _7_s] -> V0 -> V1 -> L2[_8_s, _9_s], tr: L7[]
[17:55:58.660939]	Exploring 0: L0[], 1: L0[], Ebi: L2[☐10, ☐15], Eib: L2[☐20, ☐25], Eii: L2[☐30, ☐35], put: L2[V1, ☐45] -> V0 -> V1 -> L2[_8_s, _9_s], tr: L7[]
[17:55:58.661343]	Exploring 0: L0[], 1: L0[], Ebi: L2[☐10, ☐15], Eib: L2[☐20, ☐25], Eii: L2[☐30, ☐35], put: L2[V1, ☐45] -> V0 -> V1 -> L2[V1, _9_s], tr: L7[]
[17:55:58.661702]	Exploring 0: L0[], 1: L0[], Ebi: L2[☐10, ☐15], Eib: L2[☐20, ☐25], Eii: L2[☐30, ☐35], put: L2[V1, ☐45] -> V0 -> V1 -> L2[V1, ☐55], tr: L7[]
[17:55:58.662129]	Exploring 0: L0[], 1: L0[], Ebi: L2[☐10, ☐15], Eib: L2[☐20, ☐25], Eii: L2[☐30, ☐35], put: L2[V1, ☐45] -> V0 -> V1 -> L2[V1, L0[]], tr: L7[]
[17:55:58.662508]	Exploring 0: L0[], 1: L0[], Ebi: L2[☐10, ☐15], Eib: L2[☐20, ☐25], Eii: L2[☐30, ☐35], put: L2[V1, ☐45] -> V0 -> V1 -> L2[V1, L7[]], tr: L7[]
[17:55:58.662908]	Exploring 0: L0[], 1: L0[], Ebi: L2[☐10, ☐15], Eib: L2[☐20, ☐25], Eii: L2[☐30, ☐35], put: L2[V1, ☐45] -> V0 -> V1 -> L2[V1, V0], tr: L7[]
[17:55:58.663280]	Exploring 0: L0[], 1: L0[], Ebi: L2[☐10, ☐15], Eib: L2[☐20, ☐25], Eii: L2[☐30, ☐35], put: L2[V1, ☐45] -> V0 -> V1 -> L2[V1, V1], tr: L7[]
[17:55:58.663728]	Exploring 0: L0[], 1: L0[], Ebi: L2[☐10, ☐15], Eib: L2[☐20, ☐25], Eii: L2[☐30, ☐35], put: L2[V1, L0[]] -> V0 -> V1 -> L2[_8_s, _9_s], tr: L7[]
[17:55:58.664167]	Exploring 0: L0[], 1: L0[], Ebi: L2[☐10, ☐15], Eib: L2[☐20, ☐25], Eii: L2[☐30, ☐35], put: L2[V1, L0[]] -> V0 -> V1 -> L2[V1, _9_s], tr: L7[]
[17:55:58.664335]		Fast forwarded from
		0: L0[], 1: L0[], Ebi: L2[☐10, ☐15], Eib: L2[☐20, ☐25], Eii: L2[☐30, ☐35], put: L2[V1, L0[]] -> V0 -> V1 -> L2[V1, _9_s], tr: L7[]
		0: L0[], 1: L0[], Ebi: L2[L0[], L0[]], Eib: L2[L7[], L0[]], Eii: L2[L0[], L0[]], put: L2[V1, L0[]] -> V0 -> V1 -> L2[V1, L0[]], tr: L7[]
[17:55:58.665105]	Exploring 0: L0[], 1: L0[], Ebi: L2[☐10, ☐15], Eib: L2[☐20, ☐25], Eii: L2[☐30, ☐35], put: L2[V1, L7[]] -> V0 -> V1 -> L2[_8_s, _9_s], tr: L7[]
[17:55:58.665969]	Exploring 0: L0[], 1: L0[], Ebi: L2[☐10, ☐15], Eib: L2[☐20, ☐25], Eii: L2[☐30, ☐35], put: L2[V1, L7[]] -> V0 -> V1 -> L2[V1, _9_s], tr: L7[]
[17:55:58.666269]		Fast forwarded from
		0: L0[], 1: L0[], Ebi: L2[☐10, ☐15], Eib: L2[☐20, ☐25], Eii: L2[☐30, ☐35], put: L2[V1, L7[]] -> V0 -> V1 -> L2[V1, _9_s], tr: L7[]
		0: L0[], 1: L0[], Ebi: L2[L0[], L7[]], Eib: L2[L7[], L7[]], Eii: L2[L0[], L7[]], put: L2[V1, L7[]] -> V0 -> V1 -> L2[V1, L7[]], tr: L7[]
[17:55:58.667896]	Exploring 0: L0[], 1: L0[], Ebi: L2[☐10, ☐15], Eib: L2[☐20, ☐25], Eii: L2[☐30, ☐35], put: L2[V1, V0] -> V0 -> V1 -> L2[_8_s, _9_s], tr: L7[]
[17:55:58.668781]	Exploring 0: L0[], 1: L0[], Ebi: L2[☐10, ☐15], Eib: L2[☐20, ☐25], Eii: L2[☐30, ☐35], put: L2[V1, V0] -> V0 -> V1 -> L2[V0, _9_s], tr: L7[]
[17:55:58.669261]	Exploring 0: L0[], 1: L0[], Ebi: L2[☐10, ☐15], Eib: L2[☐20, ☐25], Eii: L2[☐30, ☐35], put: L2[V1, V0] -> V0 -> V1 -> L2[V1, _9_s], tr: L7[]
[17:55:58.669427]		Fast forwarded from
		0: L0[], 1: L0[], Ebi: L2[☐10, ☐15], Eib: L2[☐20, ☐25], Eii: L2[☐30, ☐35], put: L2[V1, V0] -> V0 -> V1 -> L2[V1, _9_s], tr: L7[]
		0: L0[], 1: L0[], Ebi: L2[L0[], L7[]], Eib: L2[L7[], L0[]], Eii: L2[L0[], L0[]], put: L2[V1, V0] -> V0 -> V1 -> L2[V1, V0], tr: L7[]
[17:55:58.670265]	Exploring 0: L0[], 1: L0[], Ebi: L2[☐10, ☐15], Eib: L2[☐20, ☐25], Eii: L2[☐30, ☐35], put: L2[V1, V1] -> V0 -> V1 -> L2[_8_s, _9_s], tr: L7[]
[17:55:58.670740]	Exploring 0: L0[], 1: L0[], Ebi: L2[☐10, ☐15], Eib: L2[☐20, ☐25], Eii: L2[☐30, ☐35], put: L2[V1, V1] -> V0 -> V1 -> L2[V1, _9_s], tr: L7[]
[17:55:58.671193]	Exploring 0: L0[], 1: L0[], Ebi: L2[☐10, ☐15], Eib: L2[☐20, ☐25], Eii: L2[☐30, ☐35], put: L2[V1, V2] -> V0 -> V1 -> L2[_8_s, _9_s], tr: L7[]
[17:55:58.671688]	Exploring 0: L0[], 1: L0[], Ebi: L2[☐10, ☐15], Eib: L2[☐20, ☐25], Eii: L2[☐30, ☐35], put: L2[V1, V2] -> V0 -> V1 -> L2[V1, _9_s], tr: L7[]
[17:55:58.672155]	Exploring 0: L0[], 1: L0[], Ebi: L2[☐10, ☐15], Eib: L2[☐20, ☐25], Eii: L2[☐30, ☐35], put: L2[V1, V2] -> V0 -> V1 -> L2[V2, _9_s], tr: L7[]
[17:55:58.672299]		Fast forwarded from
		0: L0[], 1: L0[], Ebi: L2[☐10, ☐15], Eib: L2[☐20, ☐25], Eii: L2[☐30, ☐35], put: L2[V1, V2] -> V0 -> V1 -> L2[V2, _9_s], tr: L7[]
		0: L0[], 1: L0[], Ebi: L2[L0[], L0[]], Eib: L2[L7[], L7[]], Eii: L2[L0[], L0[]], put: L2[V1, V2] -> V0 -> V1 -> L2[V2, V0], tr: L7[]
[17:55:58.673095]	Exploring 0: L0[], 1: L0[], Ebi: L2[☐10, ☐15], Eib: L2[☐20, ☐25], Eii: L2[☐30, ☐35], put: L2[V2, _7_s] -> V0 -> V1 -> L2[_8_s, _9_s], tr: L7[]
[17:55:58.673477]	Exploring 0: L0[], 1: L0[], Ebi: L2[☐10, ☐15], Eib: L2[☐20, ☐25], Eii: L2[☐30, ☐35], put: L2[V2, ☐45] -> V0 -> V1 -> L2[_8_s, _9_s], tr: L7[]
[17:55:58.673855]	Exploring 0: L0[], 1: L0[], Ebi: L2[☐10, ☐15], Eib: L2[☐20, ☐25], Eii: L2[☐30, ☐35], put: L2[V2, ☐45] -> V0 -> V1 -> L2[☐50, _9_s], tr: L7[]
[17:55:58.674211]	Exploring 0: L0[], 1: L0[], Ebi: L2[☐10, ☐15], Eib: L2[☐20, ☐25], Eii: L2[☐30, ☐35], put: L2[V2, ☐45] -> V0 -> V1 -> L2[☐50, ☐55], tr: L7[]
[17:55:58.674608]	Exploring 0: L0[], 1: L0[], Ebi: L2[☐10, ☐15], Eib: L2[☐20, ☐25], Eii: L2[☐30, ☐35], put: L2[V2, ☐45] -> V0 -> V1 -> L2[☐50, L0[]], tr: L7[]
[17:55:58.675002]	Exploring 0: L0[], 1: L0[], Ebi: L2[☐10, ☐15], Eib: L2[☐20, ☐25], Eii: L2[☐30, ☐35], put: L2[V2, ☐45] -> V0 -> V1 -> L2[☐50, L7[]], tr: L7[]
[17:55:58.675428]	Exploring 0: L0[], 1: L0[], Ebi: L2[☐10, ☐15], Eib: L2[☐20, ☐25], Eii: L2[☐30, ☐35], put: L2[V2, ☐45] -> V0 -> V1 -> L2[☐50, V0], tr: L7[]
[17:55:58.675838]	Exploring 0: L0[], 1: L0[], Ebi: L2[☐10, ☐15], Eib: L2[☐20, ☐25], Eii: L2[☐30, ☐35], put: L2[V2, ☐45] -> V0 -> V1 -> L2[☐50, V1], tr: L7[]
[17:55:58.676219]	Exploring 0: L0[], 1: L0[], Ebi: L2[☐10, ☐15], Eib: L2[☐20, ☐25], Eii: L2[☐30, ☐35], put: L2[V2, ☐45] -> V0 -> V1 -> L2[☐50, V2], tr: L7[]
[17:55:58.676597]	Exploring 0: L0[], 1: L0[], Ebi: L2[☐10, ☐15], Eib: L2[☐20, ☐25], Eii: L2[☐30, ☐35], put: L2[V2, ☐45] -> V0 -> V1 -> L2[L0[], _9_s], tr: L7[]
[17:55:58.676996]	Exploring 0: L0[], 1: L0[], Ebi: L2[☐10, ☐15], Eib: L2[☐20, ☐25], Eii: L2[☐30, ☐35], put: L2[V2, ☐45] -> V0 -> V1 -> L2[L0[], ☐55], tr: L7[]
[17:55:58.677378]	Exploring 0: L0[], 1: L0[], Ebi: L2[☐10, ☐15], Eib: L2[☐20, ☐25], Eii: L2[☐30, ☐35], put: L2[V2, ☐45] -> V0 -> V1 -> L2[L0[], L0[]], tr: L7[]
[17:55:58.677765]	Exploring 0: L0[], 1: L0[], Ebi: L2[☐10, ☐15], Eib: L2[☐20, ☐25], Eii: L2[☐30, ☐35], put: L2[V2, ☐45] -> V0 -> V1 -> L2[L0[], L7[]], tr: L7[]
[17:55:58.678164]	Exploring 0: L0[], 1: L0[], Ebi: L2[☐10, ☐15], Eib: L2[☐20, ☐25], Eii: L2[☐30, ☐35], put: L2[V2, ☐45] -> V0 -> V1 -> L2[L0[], V0], tr: L7[]
[17:55:58.678569]	Exploring 0: L0[], 1: L0[], Ebi: L2[☐10, ☐15], Eib: L2[☐20, ☐25], Eii: L2[☐30, ☐35], put: L2[V2, ☐45] -> V0 -> V1 -> L2[L0[], V1], tr: L7[]
[17:55:58.678962]	Exploring 0: L0[], 1: L0[], Ebi: L2[☐10, ☐15], Eib: L2[☐20, ☐25], Eii: L2[☐30, ☐35], put: L2[V2, ☐45] -> V0 -> V1 -> L2[L0[], V2], tr: L7[]
[17:55:58.679322]	Exploring 0: L0[], 1: L0[], Ebi: L2[☐10, ☐15], Eib: L2[☐20, ☐25], Eii: L2[☐30, ☐35], put: L2[V2, ☐45] -> V0 -> V1 -> L2[L7[], _9_s], tr: L7[]
[17:55:58.679704]	Exploring 0: L0[], 1: L0[], Ebi: L2[☐10, ☐15], Eib: L2[☐20, ☐25], Eii: L2[☐30, ☐35], put: L2[V2, ☐45] -> V0 -> V1 -> L2[L7[], ☐55], tr: L7[]
[17:55:58.680093]	Exploring 0: L0[], 1: L0[], Ebi: L2[☐10, ☐15], Eib: L2[☐20, ☐25], Eii: L2[☐30, ☐35], put: L2[V2, ☐45] -> V0 -> V1 -> L2[L7[], L0[]], tr: L7[]
[17:55:58.680472]	Exploring 0: L0[], 1: L0[], Ebi: L2[☐10, ☐15], Eib: L2[☐20, ☐25], Eii: L2[☐30, ☐35], put: L2[V2, ☐45] -> V0 -> V1 -> L2[L7[], L7[]], tr: L7[]
[17:55:58.680883]	Exploring 0: L0[], 1: L0[], Ebi: L2[☐10, ☐15], Eib: L2[☐20, ☐25], Eii: L2[☐30, ☐35], put: L2[V2, ☐45] -> V0 -> V1 -> L2[L7[], V0], tr: L7[]
[17:55:58.681361]	Exploring 0: L0[], 1: L0[], Ebi: L2[☐10, ☐15], Eib: L2[☐20, ☐25], Eii: L2[☐30, ☐35], put: L2[V2, ☐45] -> V0 -> V1 -> L2[L7[], V1], tr: L7[]
[17:55:58.681755]	Exploring 0: L0[], 1: L0[], Ebi: L2[☐10, ☐15], Eib: L2[☐20, ☐25], Eii: L2[☐30, ☐35], put: L2[V2, ☐45] -> V0 -> V1 -> L2[L7[], V2], tr: L7[]
[17:55:58.682141]	Exploring 0: L0[], 1: L0[], Ebi: L2[☐10, ☐15], Eib: L2[☐20, ☐25], Eii: L2[☐30, ☐35], put: L2[V2, ☐45] -> V0 -> V1 -> L2[V0, _9_s], tr: L7[]
[17:55:58.682546]	Exploring 0: L0[], 1: L0[], Ebi: L2[☐10, ☐15], Eib: L2[☐20, ☐25], Eii: L2[☐30, ☐35], put: L2[V2, ☐45] -> V0 -> V1 -> L2[V0, ☐55], tr: L7[]
[17:55:58.682956]	Exploring 0: L0[], 1: L0[], Ebi: L2[☐10, ☐15], Eib: L2[☐20, ☐25], Eii: L2[☐30, ☐35], put: L2[V2, ☐45] -> V0 -> V1 -> L2[V0, L0[]], tr: L7[]
[17:55:58.683363]	Exploring 0: L0[], 1: L0[], Ebi: L2[☐10, ☐15], Eib: L2[☐20, ☐25], Eii: L2[☐30, ☐35], put: L2[V2, ☐45] -> V0 -> V1 -> L2[V0, L7[]], tr: L7[]
[17:55:58.683807]	Exploring 0: L0[], 1: L0[], Ebi: L2[☐10, ☐15], Eib: L2[☐20, ☐25], Eii: L2[☐30, ☐35], put: L2[V2, ☐45] -> V0 -> V1 -> L2[V0, V0], tr: L7[]
[17:55:58.684225]	Exploring 0: L0[], 1: L0[], Ebi: L2[☐10, ☐15], Eib: L2[☐20, ☐25], Eii: L2[☐30, ☐35], put: L2[V2, ☐45] -> V0 -> V1 -> L2[V0, V1], tr: L7[]
[17:55:58.684662]	Exploring 0: L0[], 1: L0[], Ebi: L2[☐10, ☐15], Eib: L2[☐20, ☐25], Eii: L2[☐30, ☐35], put: L2[V2, ☐45] -> V0 -> V1 -> L2[V0, V2], tr: L7[]
[17:55:58.685065]	Exploring 0: L0[], 1: L0[], Ebi: L2[☐10, ☐15], Eib: L2[☐20, ☐25], Eii: L2[☐30, ☐35], put: L2[V2, ☐45] -> V0 -> V1 -> L2[V1, _9_s], tr: L7[]
[17:55:58.685490]	Exploring 0: L0[], 1: L0[], Ebi: L2[☐10, ☐15], Eib: L2[☐20, ☐25], Eii: L2[☐30, ☐35], put: L2[V2, ☐45] -> V0 -> V1 -> L2[V1, ☐55], tr: L7[]
[17:55:58.685931]	Exploring 0: L0[], 1: L0[], Ebi: L2[☐10, ☐15], Eib: L2[☐20, ☐25], Eii: L2[☐30, ☐35], put: L2[V2, ☐45] -> V0 -> V1 -> L2[V1, L0[]], tr: L7[]
[17:55:58.686339]	Exploring 0: L0[], 1: L0[], Ebi: L2[☐10, ☐15], Eib: L2[☐20, ☐25], Eii: L2[☐30, ☐35], put: L2[V2, ☐45] -> V0 -> V1 -> L2[V1, L7[]], tr: L7[]
[17:55:58.686746]	Exploring 0: L0[], 1: L0[], Ebi: L2[☐10, ☐15], Eib: L2[☐20, ☐25], Eii: L2[☐30, ☐35], put: L2[V2, ☐45] -> V0 -> V1 -> L2[V1, V0], tr: L7[]
[17:55:58.687165]	Exploring 0: L0[], 1: L0[], Ebi: L2[☐10, ☐15], Eib: L2[☐20, ☐25], Eii: L2[☐30, ☐35], put: L2[V2, ☐45] -> V0 -> V1 -> L2[V1, V1], tr: L7[]
[17:55:58.687596]	Exploring 0: L0[], 1: L0[], Ebi: L2[☐10, ☐15], Eib: L2[☐20, ☐25], Eii: L2[☐30, ☐35], put: L2[V2, ☐45] -> V0 -> V1 -> L2[V1, V2], tr: L7[]
[17:55:58.687986]	Exploring 0: L0[], 1: L0[], Ebi: L2[☐10, ☐15], Eib: L2[☐20, ☐25], Eii: L2[☐30, ☐35], put: L2[V2, ☐45] -> V0 -> V1 -> L2[V2, _9_s], tr: L7[]
[17:55:58.688388]	Exploring 0: L0[], 1: L0[], Ebi: L2[☐10, ☐15], Eib: L2[☐20, ☐25], Eii: L2[☐30, ☐35], put: L2[V2, ☐45] -> V0 -> V1 -> L2[V2, ☐55], tr: L7[]
[17:55:58.688790]	Exploring 0: L0[], 1: L0[], Ebi: L2[☐10, ☐15], Eib: L2[☐20, ☐25], Eii: L2[☐30, ☐35], put: L2[V2, ☐45] -> V0 -> V1 -> L2[V2, L0[]], tr: L7[]
[17:55:58.689184]	Exploring 0: L0[], 1: L0[], Ebi: L2[☐10, ☐15], Eib: L2[☐20, ☐25], Eii: L2[☐30, ☐35], put: L2[V2, ☐45] -> V0 -> V1 -> L2[V2, L7[]], tr: L7[]
[17:55:58.689570]	Exploring 0: L0[], 1: L0[], Ebi: L2[☐10, ☐15], Eib: L2[☐20, ☐25], Eii: L2[☐30, ☐35], put: L2[V2, ☐45] -> V0 -> V1 -> L2[V2, V0], tr: L7[]
[17:55:58.689986]	Exploring 0: L0[], 1: L0[], Ebi: L2[☐10, ☐15], Eib: L2[☐20, ☐25], Eii: L2[☐30, ☐35], put: L2[V2, ☐45] -> V0 -> V1 -> L2[V2, V1], tr: L7[]
[17:55:58.690365]	Exploring 0: L0[], 1: L0[], Ebi: L2[☐10, ☐15], Eib: L2[☐20, ☐25], Eii: L2[☐30, ☐35], put: L2[V2, ☐45] -> V0 -> V1 -> L2[V2, V2], tr: L7[]
[17:55:58.690763]	Exploring 0: L0[], 1: L0[], Ebi: L2[☐10, ☐15], Eib: L2[☐20, ☐25], Eii: L2[☐30, ☐35], put: L2[V2, L0[]] -> V0 -> V1 -> L2[_8_s, _9_s], tr: L7[]
[17:55:58.691163]	Exploring 0: L0[], 1: L0[], Ebi: L2[☐10, ☐15], Eib: L2[☐20, ☐25], Eii: L2[☐30, ☐35], put: L2[V2, L0[]] -> V0 -> V1 -> L2[☐50, _9_s], tr: L7[]
[17:55:58.691566]	Exploring 0: L0[], 1: L0[], Ebi: L2[☐10, ☐15], Eib: L2[☐20, ☐25], Eii: L2[☐30, ☐35], put: L2[V2, L0[]] -> V0 -> V1 -> L2[☐50, L0[]], tr: L7[]
[17:55:58.692108]	Exploring 0: L0[], 1: L0[], Ebi: L2[☐10, ☐15], Eib: L2[☐20, ☐25], Eii: L2[☐30, ☐35], put: L2[V2, L0[]] -> V0 -> V1 -> L2[☐50, V2], tr: L7[]
[17:55:58.692335]		Fast forwarded from
		0: L0[], 1: L0[], Ebi: L2[☐10, ☐15], Eib: L2[☐20, ☐25], Eii: L2[☐30, ☐35], put: L2[V2, L0[]] -> V0 -> V1 -> L2[☐50, V2], tr: L7[]
		0: L0[], 1: L0[], Ebi: L2[L0[], L0[]], Eib: L2[L0[], L0[]], Eii: L2[L0[], L0[]], put: L2[V2, L0[]] -> V0 -> V1 -> L2[V0, V2], tr: L7[]
[17:55:58.693101]	Exploring 0: L0[], 1: L0[], Ebi: L2[☐10, ☐15], Eib: L2[☐20, ☐25], Eii: L2[☐30, ☐35], put: L2[V2, L0[]] -> V0 -> V1 -> L2[L0[], _9_s], tr: L7[]
[17:55:58.693512]	Exploring 0: L0[], 1: L0[], Ebi: L2[☐10, ☐15], Eib: L2[☐20, ☐25], Eii: L2[☐30, ☐35], put: L2[V2, L0[]] -> V0 -> V1 -> L2[L7[], _9_s], tr: L7[]
[17:55:58.693921]	Exploring 0: L0[], 1: L0[], Ebi: L2[☐10, ☐15], Eib: L2[☐20, ☐25], Eii: L2[☐30, ☐35], put: L2[V2, L0[]] -> V0 -> V1 -> L2[V0, _9_s], tr: L7[]
[17:55:58.694353]	Exploring 0: L0[], 1: L0[], Ebi: L2[☐10, ☐15], Eib: L2[☐20, ☐25], Eii: L2[☐30, ☐35], put: L2[V2, L0[]] -> V0 -> V1 -> L2[V1, _9_s], tr: L7[]
[17:55:58.694777]	Exploring 0: L0[], 1: L0[], Ebi: L2[☐10, ☐15], Eib: L2[☐20, ☐25], Eii: L2[☐30, ☐35], put: L2[V2, L0[]] -> V0 -> V1 -> L2[V2, _9_s], tr: L7[]
[17:55:58.695189]	Exploring 0: L0[], 1: L0[], Ebi: L2[☐10, ☐15], Eib: L2[☐20, ☐25], Eii: L2[☐30, ☐35], put: L2[V2, L7[]] -> V0 -> V1 -> L2[_8_s, _9_s], tr: L7[]
[17:55:58.695599]	Exploring 0: L0[], 1: L0[], Ebi: L2[☐10, ☐15], Eib: L2[☐20, ☐25], Eii: L2[☐30, ☐35], put: L2[V2, L7[]] -> V0 -> V1 -> L2[☐50, _9_s], tr: L7[]
[17:55:58.696]	Exploring 0: L0[], 1: L0[], Ebi: L2[☐10, ☐15], Eib: L2[☐20, ☐25], Eii: L2[☐30, ☐35], put: L2[V2, L7[]] -> V0 -> V1 -> L2[☐50, L7[]], tr: L7[]
[17:55:58.696599]	Exploring 0: L0[], 1: L0[], Ebi: L2[☐10, ☐15], Eib: L2[☐20, ☐25], Eii: L2[☐30, ☐35], put: L2[V2, L7[]] -> V0 -> V1 -> L2[☐50, V2], tr: L7[]
[17:55:58.696774]		Fast forwarded from
		0: L0[], 1: L0[], Ebi: L2[☐10, ☐15], Eib: L2[☐20, ☐25], Eii: L2[☐30, ☐35], put: L2[V2, L7[]] -> V0 -> V1 -> L2[☐50, V2], tr: L7[]
		0: L0[], 1: L0[], Ebi: L2[L7[], L7[]], Eib: L2[L7[], L7[]], Eii: L2[L7[], L7[]], put: L2[V2, L7[]] -> V0 -> V1 -> L2[V0, V2], tr: L7[]
[17:55:58.697539]	Exploring 0: L0[], 1: L0[], Ebi: L2[☐10, ☐15], Eib: L2[☐20, ☐25], Eii: L2[☐30, ☐35], put: L2[V2, L7[]] -> V0 -> V1 -> L2[L0[], _9_s], tr: L7[]
[17:55:58.698069]	Exploring 0: L0[], 1: L0[], Ebi: L2[☐10, ☐15], Eib: L2[☐20, ☐25], Eii: L2[☐30, ☐35], put: L2[V2, L7[]] -> V0 -> V1 -> L2[L7[], _9_s], tr: L7[]
[17:55:58.698543]	Exploring 0: L0[], 1: L0[], Ebi: L2[☐10, ☐15], Eib: L2[☐20, ☐25], Eii: L2[☐30, ☐35], put: L2[V2, L7[]] -> V0 -> V1 -> L2[V0, _9_s], tr: L7[]
[17:55:58.699006]	Exploring 0: L0[], 1: L0[], Ebi: L2[☐10, ☐15], Eib: L2[☐20, ☐25], Eii: L2[☐30, ☐35], put: L2[V2, L7[]] -> V0 -> V1 -> L2[V1, _9_s], tr: L7[]
[17:55:58.699463]	Exploring 0: L0[], 1: L0[], Ebi: L2[☐10, ☐15], Eib: L2[☐20, ☐25], Eii: L2[☐30, ☐35], put: L2[V2, L7[]] -> V0 -> V1 -> L2[V2, _9_s], tr: L7[]
[17:55:58.699906]	Exploring 0: L0[], 1: L0[], Ebi: L2[☐10, ☐15], Eib: L2[☐20, ☐25], Eii: L2[☐30, ☐35], put: L2[V2, V0] -> V0 -> V1 -> L2[_8_s, _9_s], tr: L7[]
[17:55:58.700452]	Exploring 0: L0[], 1: L0[], Ebi: L2[☐10, ☐15], Eib: L2[☐20, ☐25], Eii: L2[☐30, ☐35], put: L2[V2, V0] -> V0 -> V1 -> L2[☐50, _9_s], tr: L7[]
[17:55:58.700957]	Exploring 0: L0[], 1: L0[], Ebi: L2[☐10, ☐15], Eib: L2[☐20, ☐25], Eii: L2[☐30, ☐35], put: L2[V2, V0] -> V0 -> V1 -> L2[☐50, V0], tr: L7[]
[17:55:58.701669]	Exploring 0: L0[], 1: L0[], Ebi: L2[☐10, ☐15], Eib: L2[☐20, ☐25], Eii: L2[☐30, ☐35], put: L2[V2, V0] -> V0 -> V1 -> L2[☐50, V2], tr: L7[]
[17:55:58.701887]		Fast forwarded from
		0: L0[], 1: L0[], Ebi: L2[☐10, ☐15], Eib: L2[☐20, ☐25], Eii: L2[☐30, ☐35], put: L2[V2, V0] -> V0 -> V1 -> L2[☐50, V2], tr: L7[]
		0: L0[], 1: L0[], Ebi: L2[L7[], L7[]], Eib: L2[L0[], L0[]], Eii: L2[L0[], L0[]], put: L2[V2, V0] -> V0 -> V1 -> L2[V0, V2], tr: L7[]
[17:55:58.703016]	Exploring 0: L0[], 1: L0[], Ebi: L2[☐10, ☐15], Eib: L2[☐20, ☐25], Eii: L2[☐30, ☐35], put: L2[V2, V0] -> V0 -> V1 -> L2[L0[], _9_s], tr: L7[]
[17:55:58.703607]	Exploring 0: L0[], 1: L0[], Ebi: L2[☐10, ☐15], Eib: L2[☐20, ☐25], Eii: L2[☐30, ☐35], put: L2[V2, V0] -> V0 -> V1 -> L2[L7[], _9_s], tr: L7[]
[17:55:58.704136]	Exploring 0: L0[], 1: L0[], Ebi: L2[☐10, ☐15], Eib: L2[☐20, ☐25], Eii: L2[☐30, ☐35], put: L2[V2, V0] -> V0 -> V1 -> L2[V0, _9_s], tr: L7[]
[17:55:58.704653]	Exploring 0: L0[], 1: L0[], Ebi: L2[☐10, ☐15], Eib: L2[☐20, ☐25], Eii: L2[☐30, ☐35], put: L2[V2, V0] -> V0 -> V1 -> L2[V1, _9_s], tr: L7[]
[17:55:58.705086]	Exploring 0: L0[], 1: L0[], Ebi: L2[☐10, ☐15], Eib: L2[☐20, ☐25], Eii: L2[☐30, ☐35], put: L2[V2, V0] -> V0 -> V1 -> L2[V2, _9_s], tr: L7[]
[17:55:58.705481]	Exploring 0: L0[], 1: L0[], Ebi: L2[☐10, ☐15], Eib: L2[☐20, ☐25], Eii: L2[☐30, ☐35], put: L2[V2, V1] -> V0 -> V1 -> L2[_8_s, _9_s], tr: L7[]
[17:55:58.705892]	Exploring 0: L0[], 1: L0[], Ebi: L2[☐10, ☐15], Eib: L2[☐20, ☐25], Eii: L2[☐30, ☐35], put: L2[V2, V1] -> V0 -> V1 -> L2[☐50, _9_s], tr: L7[]
[17:55:58.706337]	Exploring 0: L0[], 1: L0[], Ebi: L2[☐10, ☐15], Eib: L2[☐20, ☐25], Eii: L2[☐30, ☐35], put: L2[V2, V1] -> V0 -> V1 -> L2[☐50, V1], tr: L7[]
[17:55:58.707003]	Exploring 0: L0[], 1: L0[], Ebi: L2[☐10, ☐15], Eib: L2[☐20, ☐25], Eii: L2[☐30, ☐35], put: L2[V2, V1] -> V0 -> V1 -> L2[☐50, V2], tr: L7[]
[17:55:58.707153]		Fast forwarded from
		0: L0[], 1: L0[], Ebi: L2[☐10, ☐15], Eib: L2[☐20, ☐25], Eii: L2[☐30, ☐35], put: L2[V2, V1] -> V0 -> V1 -> L2[☐50, V2], tr: L7[]
		0: L0[], 1: L0[], Ebi: L2[L0[], L0[]], Eib: L2[L7[], L7[]], Eii: L2[L0[], L0[]], put: L2[V2, V1] -> V0 -> V1 -> L2[V0, V2], tr: L7[]
[17:55:58.708]	Exploring 0: L0[], 1: L0[], Ebi: L2[☐10, ☐15], Eib: L2[☐20, ☐25], Eii: L2[☐30, ☐35], put: L2[V2, V1] -> V0 -> V1 -> L2[L0[], _9_s], tr: L7[]
[17:55:58.708402]	Exploring 0: L0[], 1: L0[], Ebi: L2[☐10, ☐15], Eib: L2[☐20, ☐25], Eii: L2[☐30, ☐35], put: L2[V2, V1] -> V0 -> V1 -> L2[L7[], _9_s], tr: L7[]
[17:55:58.708890]	Exploring 0: L0[], 1: L0[], Ebi: L2[☐10, ☐15], Eib: L2[☐20, ☐25], Eii: L2[☐30, ☐35], put: L2[V2, V1] -> V0 -> V1 -> L2[V0, _9_s], tr: L7[]
[17:55:58.709229]	Exploring 0: L0[], 1: L0[], Ebi: L2[☐10, ☐15], Eib: L2[☐20, ☐25], Eii: L2[☐30, ☐35], put: L2[V2, V1] -> V0 -> V1 -> L2[V1, _9_s], tr: L7[]
[17:55:58.709526]	Exploring 0: L0[], 1: L0[], Ebi: L2[☐10, ☐15], Eib: L2[☐20, ☐25], Eii: L2[☐30, ☐35], put: L2[V2, V1] -> V0 -> V1 -> L2[V2, _9_s], tr: L7[]
[17:55:58.709806]	Exploring 0: L0[], 1: L0[], Ebi: L2[☐10, ☐15], Eib: L2[☐20, ☐25], Eii: L2[☐30, ☐35], put: L2[V2, V2] -> V0 -> V1 -> L2[_8_s, _9_s], tr: L7[]
[17:55:58.710066]	Exploring 0: L0[], 1: L0[], Ebi: L2[☐10, ☐15], Eib: L2[☐20, ☐25], Eii: L2[☐30, ☐35], put: L2[V2, V2] -> V0 -> V1 -> L2[☐50, _9_s], tr: L7[]
[17:55:58.710345]	Exploring 0: L0[], 1: L0[], Ebi: L2[☐10, ☐15], Eib: L2[☐20, ☐25], Eii: L2[☐30, ☐35], put: L2[V2, V2] -> V0 -> V1 -> L2[☐50, ☐55], tr: L7[]
[17:55:58.710610]	Exploring 0: L0[], 1: L0[], Ebi: L2[☐10, ☐15], Eib: L2[☐20, ☐25], Eii: L2[☐30, ☐35], put: L2[V2, V2] -> V0 -> V1 -> L2[☐50, L0[]], tr: L7[]
[17:55:58.710884]	Exploring 0: L0[], 1: L0[], Ebi: L2[☐10, ☐15], Eib: L2[☐20, ☐25], Eii: L2[☐30, ☐35], put: L2[V2, V2] -> V0 -> V1 -> L2[☐50, L7[]], tr: L7[]
[17:55:58.711162]	Exploring 0: L0[], 1: L0[], Ebi: L2[☐10, ☐15], Eib: L2[☐20, ☐25], Eii: L2[☐30, ☐35], put: L2[V2, V2] -> V0 -> V1 -> L2[☐50, V0], tr: L7[]
[17:55:58.711515]	Exploring 0: L0[], 1: L0[], Ebi: L2[☐10, ☐15], Eib: L2[☐20, ☐25], Eii: L2[☐30, ☐35], put: L2[V2, V2] -> V0 -> V1 -> L2[☐50, V1], tr: L7[]
[17:55:58.711792]	Exploring 0: L0[], 1: L0[], Ebi: L2[☐10, ☐15], Eib: L2[☐20, ☐25], Eii: L2[☐30, ☐35], put: L2[V2, V2] -> V0 -> V1 -> L2[☐50, V2], tr: L7[]
[17:55:58.712103]	Exploring 0: L0[], 1: L0[], Ebi: L2[☐10, ☐15], Eib: L2[☐20, ☐25], Eii: L2[☐30, ☐35], put: L2[V2, V2] -> V0 -> V1 -> L2[L0[], _9_s], tr: L7[]
[17:55:58.712377]	Exploring 0: L0[], 1: L0[], Ebi: L2[☐10, ☐15], Eib: L2[☐20, ☐25], Eii: L2[☐30, ☐35], put: L2[V2, V2] -> V0 -> V1 -> L2[L7[], _9_s], tr: L7[]
[17:55:58.712678]	Exploring 0: L0[], 1: L0[], Ebi: L2[☐10, ☐15], Eib: L2[☐20, ☐25], Eii: L2[☐30, ☐35], put: L2[V2, V2] -> V0 -> V1 -> L2[V0, _9_s], tr: L7[]
[17:55:58.712961]	Exploring 0: L0[], 1: L0[], Ebi: L2[☐10, ☐15], Eib: L2[☐20, ☐25], Eii: L2[☐30, ☐35], put: L2[V2, V2] -> V0 -> V1 -> L2[V1, _9_s], tr: L7[]
[17:55:58.713220]	Exploring 0: L0[], 1: L0[], Ebi: L2[☐10, ☐15], Eib: L2[☐20, ☐25], Eii: L2[☐30, ☐35], put: L2[V2, V2] -> V0 -> V1 -> L2[V2, _9_s], tr: L7[]
[17:55:58.713571]	Exploring 0: L0[], 1: L0[], Ebi: L2[☐10, ☐15], Eib: L2[☐20, ☐25], Eii: L2[☐30, ☐35], put: L2[V2, V3] -> V0 -> V1 -> L2[_8_s, _9_s], tr: L7[]
[17:55:58.713851]	Exploring 0: L0[], 1: L0[], Ebi: L2[☐10, ☐15], Eib: L2[☐20, ☐25], Eii: L2[☐30, ☐35], put: L2[V2, V3] -> V0 -> V1 -> L2[☐50, _9_s], tr: L7[]
[17:55:58.714114]	Exploring 0: L0[], 1: L0[], Ebi: L2[☐10, ☐15], Eib: L2[☐20, ☐25], Eii: L2[☐30, ☐35], put: L2[V2, V3] -> V0 -> V1 -> L2[☐50, ☐55], tr: L7[]
[17:55:58.714466]	Exploring 0: L0[], 1: L0[], Ebi: L2[☐10, ☐15], Eib: L2[☐20, ☐25], Eii: L2[☐30, ☐35], put: L2[V2, V3] -> V0 -> V1 -> L2[☐50, L0[]], tr: L7[]
[17:55:58.714739]	Exploring 0: L0[], 1: L0[], Ebi: L2[☐10, ☐15], Eib: L2[☐20, ☐25], Eii: L2[☐30, ☐35], put: L2[V2, V3] -> V0 -> V1 -> L2[☐50, L7[]], tr: L7[]
[17:55:58.715066]	Exploring 0: L0[], 1: L0[], Ebi: L2[☐10, ☐15], Eib: L2[☐20, ☐25], Eii: L2[☐30, ☐35], put: L2[V2, V3] -> V0 -> V1 -> L2[☐50, V0], tr: L7[]
[17:55:58.715464]	Exploring 0: L0[], 1: L0[], Ebi: L2[☐10, ☐15], Eib: L2[☐20, ☐25], Eii: L2[☐30, ☐35], put: L2[V2, V3] -> V0 -> V1 -> L2[☐50, V1], tr: L7[]
[17:55:58.715749]	Exploring 0: L0[], 1: L0[], Ebi: L2[☐10, ☐15], Eib: L2[☐20, ☐25], Eii: L2[☐30, ☐35], put: L2[V2, V3] -> V0 -> V1 -> L2[☐50, V2], tr: L7[]
[17:55:58.716048]	Exploring 0: L0[], 1: L0[], Ebi: L2[☐10, ☐15], Eib: L2[☐20, ☐25], Eii: L2[☐30, ☐35], put: L2[V2, V3] -> V0 -> V1 -> L2[☐50, V3], tr: L7[]
[17:55:58.716318]	Exploring 0: L0[], 1: L0[], Ebi: L2[☐10, ☐15], Eib: L2[☐20, ☐25], Eii: L2[☐30, ☐35], put: L2[V2, V3] -> V0 -> V1 -> L2[L0[], _9_s], tr: L7[]
[17:55:58.716599]	Exploring 0: L0[], 1: L0[], Ebi: L2[☐10, ☐15], Eib: L2[☐20, ☐25], Eii: L2[☐30, ☐35], put: L2[V2, V3] -> V0 -> V1 -> L2[L7[], _9_s], tr: L7[]
[17:55:58.716908]	Exploring 0: L0[], 1: L0[], Ebi: L2[☐10, ☐15], Eib: L2[☐20, ☐25], Eii: L2[☐30, ☐35], put: L2[V2, V3] -> V0 -> V1 -> L2[V0, _9_s], tr: L7[]
[17:55:58.717253]	Exploring 0: L0[], 1: L0[], Ebi: L2[☐10, ☐15], Eib: L2[☐20, ☐25], Eii: L2[☐30, ☐35], put: L2[V2, V3] -> V0 -> V1 -> L2[V1, _9_s], tr: L7[]
[17:55:58.717614]	Exploring 0: L0[], 1: L0[], Ebi: L2[☐10, ☐15], Eib: L2[☐20, ☐25], Eii: L2[☐30, ☐35], put: L2[V2, V3] -> V0 -> V1 -> L2[V2, _9_s], tr: L7[]
[17:55:58.718005]	Exploring 0: L0[], 1: L0[], Ebi: L2[☐10, ☐15], Eib: L2[☐20, ☐25], Eii: L2[☐30, ☐35], put: L2[V2, V3] -> V0 -> V1 -> L2[V3, _9_s], tr: L7[]
[17:55:58.718307]	Exploring 0: L0[], 1: L0[], Ebi: L2[☐10, ☐15], Eib: L2[☐20, ☐25], Eii: L2[☐30, L0[]], put: L2[_6_s, _7_s] -> V0 -> V1 -> L2[_8_s, _9_s], tr: L7[]
[17:55:58.718585]	Exploring 0: L0[], 1: L0[], Ebi: L2[☐10, ☐15], Eib: L2[☐20, ☐25], Eii: L2[☐30, L0[]], put: L2[☐40, _7_s] -> V0 -> V1 -> L2[_8_s, _9_s], tr: L7[]
[17:55:58.718810]	Exploring 0: L0[], 1: L0[], Ebi: L2[☐10, ☐15], Eib: L2[☐20, ☐25], Eii: L2[☐30, L0[]], put: L2[☐40, L0[]] -> V0 -> V1 -> L2[_8_s, _9_s], tr: L7[]
[17:55:58.719017]	Exploring 0: L0[], 1: L0[], Ebi: L2[☐10, ☐15], Eib: L2[☐20, ☐25], Eii: L2[☐30, L0[]], put: L2[☐40, L0[]] -> V0 -> V1 -> L2[☐50, _9_s], tr: L7[]
[17:55:58.719252]	Exploring 0: L0[], 1: L0[], Ebi: L2[☐10, ☐15], Eib: L2[☐20, ☐25], Eii: L2[☐30, L0[]], put: L2[☐40, L0[]] -> V0 -> V1 -> L2[☐50, L0[]], tr: L7[]
[17:55:58.719624]	Exploring 0: L0[], 1: L0[], Ebi: L2[☐10, ☐15], Eib: L2[☐20, ☐25], Eii: L2[☐30, L0[]], put: L2[☐40, L0[]] -> V0 -> V1 -> L2[L0[], _9_s], tr: L7[]
[17:55:58.719898]	Exploring 0: L0[], 1: L0[], Ebi: L2[☐10, ☐15], Eib: L2[☐20, ☐25], Eii: L2[☐30, L0[]], put: L2[☐40, L0[]] -> V0 -> V1 -> L2[L7[], _9_s], tr: L7[]
[17:55:58.720169]	Exploring 0: L0[], 1: L0[], Ebi: L2[☐10, ☐15], Eib: L2[☐20, ☐25], Eii: L2[☐30, L0[]], put: L2[☐40, L0[]] -> V0 -> V1 -> L2[V0, _9_s], tr: L7[]
[17:55:58.720435]	Exploring 0: L0[], 1: L0[], Ebi: L2[☐10, ☐15], Eib: L2[☐20, ☐25], Eii: L2[☐30, L0[]], put: L2[☐40, L0[]] -> V0 -> V1 -> L2[V1, _9_s], tr: L7[]
[17:55:58.720700]	Exploring 0: L0[], 1: L0[], Ebi: L2[☐10, ☐15], Eib: L2[☐20, ☐25], Eii: L2[☐30, L0[]], put: L2[☐40, V0] -> V0 -> V1 -> L2[_8_s, _9_s], tr: L7[]
[17:55:58.720962]	Exploring 0: L0[], 1: L0[], Ebi: L2[☐10, ☐15], Eib: L2[☐20, ☐25], Eii: L2[☐30, L0[]], put: L2[☐40, V0] -> V0 -> V1 -> L2[☐50, _9_s], tr: L7[]
[17:55:58.721287]	Exploring 0: L0[], 1: L0[], Ebi: L2[☐10, ☐15], Eib: L2[☐20, ☐25], Eii: L2[☐30, L0[]], put: L2[☐40, V0] -> V0 -> V1 -> L2[☐50, V0], tr: L7[]
[17:55:58.721688]	Exploring 0: L0[], 1: L0[], Ebi: L2[☐10, ☐15], Eib: L2[☐20, ☐25], Eii: L2[☐30, L0[]], put: L2[☐40, V0] -> V0 -> V1 -> L2[L0[], _9_s], tr: L7[]
[17:55:58.722085]	Exploring 0: L0[], 1: L0[], Ebi: L2[☐10, ☐15], Eib: L2[☐20, ☐25], Eii: L2[☐30, L0[]], put: L2[☐40, V0] -> V0 -> V1 -> L2[L7[], _9_s], tr: L7[]
[17:55:58.722437]	Exploring 0: L0[], 1: L0[], Ebi: L2[☐10, ☐15], Eib: L2[☐20, ☐25], Eii: L2[☐30, L0[]], put: L2[☐40, V0] -> V0 -> V1 -> L2[V0, _9_s], tr: L7[]
[17:55:58.722720]	Exploring 0: L0[], 1: L0[], Ebi: L2[☐10, ☐15], Eib: L2[☐20, ☐25], Eii: L2[☐30, L0[]], put: L2[☐40, V0] -> V0 -> V1 -> L2[V1, _9_s], tr: L7[]
[17:55:58.722977]	Exploring 0: L0[], 1: L0[], Ebi: L2[☐10, ☐15], Eib: L2[☐20, ☐25], Eii: L2[☐30, L0[]], put: L2[☐40, V1] -> V0 -> V1 -> L2[_8_s, _9_s], tr: L7[]
[17:55:58.723210]	Exploring 0: L0[], 1: L0[], Ebi: L2[☐10, ☐15], Eib: L2[☐20, ☐25], Eii: L2[☐30, L0[]], put: L2[☐40, V1] -> V0 -> V1 -> L2[☐50, _9_s], tr: L7[]
[17:55:58.723516]	Exploring 0: L0[], 1: L0[], Ebi: L2[☐10, ☐15], Eib: L2[☐20, ☐25], Eii: L2[☐30, L0[]], put: L2[☐40, V1] -> V0 -> V1 -> L2[☐50, V1], tr: L7[]
[17:55:58.723775]	Exploring 0: L0[], 1: L0[], Ebi: L2[☐10, ☐15], Eib: L2[☐20, ☐25], Eii: L2[☐30, L0[]], put: L2[☐40, V1] -> V0 -> V1 -> L2[L0[], _9_s], tr: L7[]
[17:55:58.724025]	Exploring 0: L0[], 1: L0[], Ebi: L2[☐10, ☐15], Eib: L2[☐20, ☐25], Eii: L2[☐30, L0[]], put: L2[☐40, V1] -> V0 -> V1 -> L2[L7[], _9_s], tr: L7[]
[17:55:58.724311]	Exploring 0: L0[], 1: L0[], Ebi: L2[☐10, ☐15], Eib: L2[☐20, ☐25], Eii: L2[☐30, L0[]], put: L2[☐40, V1] -> V0 -> V1 -> L2[V0, _9_s], tr: L7[]
[17:55:58.724582]	Exploring 0: L0[], 1: L0[], Ebi: L2[☐10, ☐15], Eib: L2[☐20, ☐25], Eii: L2[☐30, L0[]], put: L2[☐40, V1] -> V0 -> V1 -> L2[V1, _9_s], tr: L7[]
[17:55:58.724853]	Exploring 0: L0[], 1: L0[], Ebi: L2[☐10, ☐15], Eib: L2[☐20, ☐25], Eii: L2[☐30, L0[]], put: L2[☐40, V2] -> V0 -> V1 -> L2[_8_s, _9_s], tr: L7[]
[17:55:58.725107]	Exploring 0: L0[], 1: L0[], Ebi: L2[☐10, ☐15], Eib: L2[☐20, ☐25], Eii: L2[☐30, L0[]], put: L2[☐40, V2] -> V0 -> V1 -> L2[☐50, _9_s], tr: L7[]
[17:55:58.725407]	Exploring 0: L0[], 1: L0[], Ebi: L2[☐10, ☐15], Eib: L2[☐20, ☐25], Eii: L2[☐30, L0[]], put: L2[☐40, V2] -> V0 -> V1 -> L2[☐50, ☐55], tr: L7[]
[17:55:58.725738]	Exploring 0: L0[], 1: L0[], Ebi: L2[☐10, ☐15], Eib: L2[☐20, ☐25], Eii: L2[☐30, L0[]], put: L2[☐40, V2] -> V0 -> V1 -> L2[☐50, L0[]], tr: L7[]
[17:55:58.726058]	Exploring 0: L0[], 1: L0[], Ebi: L2[☐10, ☐15], Eib: L2[☐20, ☐25], Eii: L2[☐30, L0[]], put: L2[☐40, V2] -> V0 -> V1 -> L2[☐50, L7[]], tr: L7[]
[17:55:58.726385]	Exploring 0: L0[], 1: L0[], Ebi: L2[☐10, ☐15], Eib: L2[☐20, ☐25], Eii: L2[☐30, L0[]], put: L2[☐40, V2] -> V0 -> V1 -> L2[☐50, V0], tr: L7[]
[17:55:58.726656]	Exploring 0: L0[], 1: L0[], Ebi: L2[☐10, ☐15], Eib: L2[☐20, ☐25], Eii: L2[☐30, L0[]], put: L2[☐40, V2] -> V0 -> V1 -> L2[☐50, V1], tr: L7[]
[17:55:58.726915]	Exploring 0: L0[], 1: L0[], Ebi: L2[☐10, ☐15], Eib: L2[☐20, ☐25], Eii: L2[☐30, L0[]], put: L2[☐40, V2] -> V0 -> V1 -> L2[☐50, V2], tr: L7[]
[17:55:58.727161]	Exploring 0: L0[], 1: L0[], Ebi: L2[☐10, ☐15], Eib: L2[☐20, ☐25], Eii: L2[☐30, L0[]], put: L2[☐40, V2] -> V0 -> V1 -> L2[L0[], _9_s], tr: L7[]
[17:55:58.727476]	Exploring 0: L0[], 1: L0[], Ebi: L2[☐10, ☐15], Eib: L2[☐20, ☐25], Eii: L2[☐30, L0[]], put: L2[☐40, V2] -> V0 -> V1 -> L2[L7[], _9_s], tr: L7[]
[17:55:58.727763]	Exploring 0: L0[], 1: L0[], Ebi: L2[☐10, ☐15], Eib: L2[☐20, ☐25], Eii: L2[☐30, L0[]], put: L2[☐40, V2] -> V0 -> V1 -> L2[V0, _9_s], tr: L7[]
[17:55:58.728038]	Exploring 0: L0[], 1: L0[], Ebi: L2[☐10, ☐15], Eib: L2[☐20, ☐25], Eii: L2[☐30, L0[]], put: L2[☐40, V2] -> V0 -> V1 -> L2[V1, _9_s], tr: L7[]
[17:55:58.728297]	Exploring 0: L0[], 1: L0[], Ebi: L2[☐10, ☐15], Eib: L2[☐20, ☐25], Eii: L2[☐30, L0[]], put: L2[☐40, V2] -> V0 -> V1 -> L2[V2, _9_s], tr: L7[]
[17:55:58.728518]	Exploring 0: L0[], 1: L0[], Ebi: L2[☐10, ☐15], Eib: L2[☐20, ☐25], Eii: L2[☐30, L0[]], put: L2[L0[], _7_s] -> V0 -> V1 -> L2[_8_s, _9_s], tr: L7[]
[17:55:58.728815]	Exploring 0: L0[], 1: L0[], Ebi: L2[☐10, ☐15], Eib: L2[☐20, ☐25], Eii: L2[☐30, L0[]], put: L2[L0[], L0[]] -> V0 -> V1 -> L2[_8_s, _9_s], tr: L7[]
[17:55:58.729027]		Fast forwarded from
		0: L0[], 1: L0[], Ebi: L2[☐10, ☐15], Eib: L2[☐20, ☐25], Eii: L2[☐30, L0[]], put: L2[L0[], L0[]] -> V0 -> V1 -> L2[_8_s, _9_s], tr: L7[]
		0: L0[], 1: L0[], Ebi: L2[L0[], L0[]], Eib: L2[L0[], L0[]], Eii: L2[L0[], L0[]], put: L2[L0[], L0[]] -> V0 -> V1 -> L2[L0[], L0[]], tr: L7[]
[17:55:58.729499]	Exploring 0: L0[], 1: L0[], Ebi: L2[☐10, ☐15], Eib: L2[☐20, ☐25], Eii: L2[☐30, L0[]], put: L2[L0[], V0] -> V0 -> V1 -> L2[_8_s, _9_s], tr: L7[]
[17:55:58.729711]		Fast forwarded from
		0: L0[], 1: L0[], Ebi: L2[☐10, ☐15], Eib: L2[☐20, ☐25], Eii: L2[☐30, L0[]], put: L2[L0[], V0] -> V0 -> V1 -> L2[_8_s, _9_s], tr: L7[]
		0: L0[], 1: L0[], Ebi: L2[L0[], L7[]], Eib: L2[L0[], L0[]], Eii: L2[L0[], L0[]], put: L2[L0[], V0] -> V0 -> V1 -> L2[L0[], V0], tr: L7[]
[17:55:58.730210]	Exploring 0: L0[], 1: L0[], Ebi: L2[☐10, ☐15], Eib: L2[☐20, ☐25], Eii: L2[☐30, L0[]], put: L2[L0[], V1] -> V0 -> V1 -> L2[_8_s, _9_s], tr: L7[]
[17:55:58.730390]		Fast forwarded from
		0: L0[], 1: L0[], Ebi: L2[☐10, ☐15], Eib: L2[☐20, ☐25], Eii: L2[☐30, L0[]], put: L2[L0[], V1] -> V0 -> V1 -> L2[_8_s, _9_s], tr: L7[]
		0: L0[], 1: L0[], Ebi: L2[L0[], L0[]], Eib: L2[L0[], L7[]], Eii: L2[L0[], L0[]], put: L2[L0[], V1] -> V0 -> V1 -> L2[L0[], V0], tr: L7[]
[17:55:58.730627]	Exploring 0: L0[], 1: L0[], Ebi: L2[☐10, ☐15], Eib: L2[☐20, ☐25], Eii: L2[☐30, L0[]], put: L2[L0[], V2] -> V0 -> V1 -> L2[_8_s, _9_s], tr: L7[]
[17:55:58.730921]	Exploring 0: L0[], 1: L0[], Ebi: L2[☐10, ☐15], Eib: L2[☐20, ☐25], Eii: L2[☐30, L0[]], put: L2[L7[], _7_s] -> V0 -> V1 -> L2[_8_s, _9_s], tr: L7[]
[17:55:58.731176]	Exploring 0: L0[], 1: L0[], Ebi: L2[☐10, ☐15], Eib: L2[☐20, ☐25], Eii: L2[☐30, L0[]], put: L2[L7[], L0[]] -> V0 -> V1 -> L2[_8_s, _9_s], tr: L7[]
[17:55:58.731389]		Fast forwarded from
		0: L0[], 1: L0[], Ebi: L2[☐10, ☐15], Eib: L2[☐20, ☐25], Eii: L2[☐30, L0[]], put: L2[L7[], L0[]] -> V0 -> V1 -> L2[_8_s, _9_s], tr: L7[]
		0: L0[], 1: L0[], Ebi: L2[L7[], L0[]], Eib: L2[L7[], L0[]], Eii: L2[L7[], L0[]], put: L2[L7[], L0[]] -> V0 -> V1 -> L2[L7[], L0[]], tr: L7[]
[17:55:58.731769]	Exploring 0: L0[], 1: L0[], Ebi: L2[☐10, ☐15], Eib: L2[☐20, ☐25], Eii: L2[☐30, L0[]], put: L2[L7[], V0] -> V0 -> V1 -> L2[_8_s, _9_s], tr: L7[]
[17:55:58.731924]		Fast forwarded from
		0: L0[], 1: L0[], Ebi: L2[☐10, ☐15], Eib: L2[☐20, ☐25], Eii: L2[☐30, L0[]], put: L2[L7[], V0] -> V0 -> V1 -> L2[_8_s, _9_s], tr: L7[]
		0: L0[], 1: L0[], Ebi: L2[L7[], L7[]], Eib: L2[L7[], L0[]], Eii: L2[L7[], L0[]], put: L2[L7[], V0] -> V0 -> V1 -> L2[L7[], V0], tr: L7[]
[17:55:58.732302]	Exploring 0: L0[], 1: L0[], Ebi: L2[☐10, ☐15], Eib: L2[☐20, ☐25], Eii: L2[☐30, L0[]], put: L2[L7[], V1] -> V0 -> V1 -> L2[_8_s, _9_s], tr: L7[]
[17:55:58.732448]		Fast forwarded from
		0: L0[], 1: L0[], Ebi: L2[☐10, ☐15], Eib: L2[☐20, ☐25], Eii: L2[☐30, L0[]], put: L2[L7[], V1] -> V0 -> V1 -> L2[_8_s, _9_s], tr: L7[]
		0: L0[], 1: L0[], Ebi: L2[L7[], L0[]], Eib: L2[L7[], L7[]], Eii: L2[L7[], L0[]], put: L2[L7[], V1] -> V0 -> V1 -> L2[L7[], V0], tr: L7[]
[17:55:58.732658]	Exploring 0: L0[], 1: L0[], Ebi: L2[☐10, ☐15], Eib: L2[☐20, ☐25], Eii: L2[☐30, L0[]], put: L2[L7[], V2] -> V0 -> V1 -> L2[_8_s, _9_s], tr: L7[]
[17:55:58.732885]	Exploring 0: L0[], 1: L0[], Ebi: L2[☐10, ☐15], Eib: L2[☐20, ☐25], Eii: L2[☐30, L0[]], put: L2[V0, _7_s] -> V0 -> V1 -> L2[_8_s, _9_s], tr: L7[]
[17:55:58.733127]	Exploring 0: L0[], 1: L0[], Ebi: L2[☐10, ☐15], Eib: L2[☐20, ☐25], Eii: L2[☐30, L0[]], put: L2[V0, L0[]] -> V0 -> V1 -> L2[_8_s, _9_s], tr: L7[]
[17:55:58.733302]		Fast forwarded from
		0: L0[], 1: L0[], Ebi: L2[☐10, ☐15], Eib: L2[☐20, ☐25], Eii: L2[☐30, L0[]], put: L2[V0, L0[]] -> V0 -> V1 -> L2[_8_s, _9_s], tr: L7[]
		0: L0[], 1: L0[], Ebi: L2[L7[], L0[]], Eib: L2[L0[], L0[]], Eii: L2[L0[], L0[]], put: L2[V0, L0[]] -> V0 -> V1 -> L2[V0, L0[]], tr: L7[]
[17:55:58.733707]	Exploring 0: L0[], 1: L0[], Ebi: L2[☐10, ☐15], Eib: L2[☐20, ☐25], Eii: L2[☐30, L0[]], put: L2[V0, V0] -> V0 -> V1 -> L2[_8_s, _9_s], tr: L7[]
[17:55:58.734003]	Exploring 0: L0[], 1: L0[], Ebi: L2[☐10, ☐15], Eib: L2[☐20, ☐25], Eii: L2[☐30, L0[]], put: L2[V0, V1] -> V0 -> V1 -> L2[_8_s, _9_s], tr: L7[]
[17:55:58.734186]		Fast forwarded from
		0: L0[], 1: L0[], Ebi: L2[☐10, ☐15], Eib: L2[☐20, ☐25], Eii: L2[☐30, L0[]], put: L2[V0, V1] -> V0 -> V1 -> L2[_8_s, _9_s], tr: L7[]
		0: L0[], 1: L0[], Ebi: L2[L7[], L0[]], Eib: L2[L0[], L7[]], Eii: L2[L0[], L0[]], put: L2[V0, V1] -> V0 -> V1 -> L2[V0, V0], tr: L7[]
[17:55:58.734511]	Exploring 0: L0[], 1: L0[], Ebi: L2[☐10, ☐15], Eib: L2[☐20, ☐25], Eii: L2[☐30, L0[]], put: L2[V0, V2] -> V0 -> V1 -> L2[_8_s, _9_s], tr: L7[]
[17:55:58.734826]	Exploring 0: L0[], 1: L0[], Ebi: L2[☐10, ☐15], Eib: L2[☐20, ☐25], Eii: L2[☐30, L0[]], put: L2[V1, _7_s] -> V0 -> V1 -> L2[_8_s, _9_s], tr: L7[]
[17:55:58.735083]	Exploring 0: L0[], 1: L0[], Ebi: L2[☐10, ☐15], Eib: L2[☐20, ☐25], Eii: L2[☐30, L0[]], put: L2[V1, L0[]] -> V0 -> V1 -> L2[_8_s, _9_s], tr: L7[]
[17:55:58.735246]		Fast forwarded from
		0: L0[], 1: L0[], Ebi: L2[☐10, ☐15], Eib: L2[☐20, ☐25], Eii: L2[☐30, L0[]], put: L2[V1, L0[]] -> V0 -> V1 -> L2[_8_s, _9_s], tr: L7[]
		0: L0[], 1: L0[], Ebi: L2[L0[], L0[]], Eib: L2[L7[], L0[]], Eii: L2[L0[], L0[]], put: L2[V1, L0[]] -> V0 -> V1 -> L2[V0, L0[]], tr: L7[]
[17:55:58.735494]	Exploring 0: L0[], 1: L0[], Ebi: L2[☐10, ☐15], Eib: L2[☐20, ☐25], Eii: L2[☐30, L0[]], put: L2[V1, V0] -> V0 -> V1 -> L2[_8_s, _9_s], tr: L7[]
[17:55:58.735658]		Fast forwarded from
		0: L0[], 1: L0[], Ebi: L2[☐10, ☐15], Eib: L2[☐20, ☐25], Eii: L2[☐30, L0[]], put: L2[V1, V0] -> V0 -> V1 -> L2[_8_s, _9_s], tr: L7[]
		0: L0[], 1: L0[], Ebi: L2[L0[], L7[]], Eib: L2[L7[], L0[]], Eii: L2[L0[], L0[]], put: L2[V1, V0] -> V0 -> V1 -> L2[V0, V0], tr: L7[]
[17:55:58.735876]	Exploring 0: L0[], 1: L0[], Ebi: L2[☐10, ☐15], Eib: L2[☐20, ☐25], Eii: L2[☐30, L0[]], put: L2[V1, V1] -> V0 -> V1 -> L2[_8_s, _9_s], tr: L7[]
[17:55:58.736172]	Exploring 0: L0[], 1: L0[], Ebi: L2[☐10, ☐15], Eib: L2[☐20, ☐25], Eii: L2[☐30, L0[]], put: L2[V1, V2] -> V0 -> V1 -> L2[_8_s, _9_s], tr: L7[]
[17:55:58.736432]	Exploring 0: L0[], 1: L0[], Ebi: L2[☐10, ☐15], Eib: L2[☐20, ☐25], Eii: L2[☐30, L0[]], put: L2[V2, _7_s] -> V0 -> V1 -> L2[_8_s, _9_s], tr: L7[]
[17:55:58.736684]	Exploring 0: L0[], 1: L0[], Ebi: L2[☐10, ☐15], Eib: L2[☐20, ☐25], Eii: L2[☐30, L0[]], put: L2[V2, L0[]] -> V0 -> V1 -> L2[_8_s, _9_s], tr: L7[]
[17:55:58.736944]	Exploring 0: L0[], 1: L0[], Ebi: L2[☐10, ☐15], Eib: L2[☐20, ☐25], Eii: L2[☐30, L0[]], put: L2[V2, V0] -> V0 -> V1 -> L2[_8_s, _9_s], tr: L7[]
[17:55:58.737203]	Exploring 0: L0[], 1: L0[], Ebi: L2[☐10, ☐15], Eib: L2[☐20, ☐25], Eii: L2[☐30, L0[]], put: L2[V2, V1] -> V0 -> V1 -> L2[_8_s, _9_s], tr: L7[]
[17:55:58.737483]	Exploring 0: L0[], 1: L0[], Ebi: L2[☐10, ☐15], Eib: L2[☐20, ☐25], Eii: L2[☐30, L0[]], put: L2[V2, V2] -> V0 -> V1 -> L2[_8_s, _9_s], tr: L7[]
[17:55:58.737757]	Exploring 0: L0[], 1: L0[], Ebi: L2[☐10, ☐15], Eib: L2[☐20, ☐25], Eii: L2[☐30, L0[]], put: L2[V2, V3] -> V0 -> V1 -> L2[_8_s, _9_s], tr: L7[]
[17:55:58.737951]	Exploring 0: L0[], 1: L0[], Ebi: L2[☐10, ☐15], Eib: L2[☐20, ☐25], Eii: L2[☐30, L7[]], put: L2[_6_s, _7_s] -> V0 -> V1 -> L2[_8_s, _9_s], tr: L7[]
[17:55:58.738508]	Exploring 0: L0[], 1: L0[], Ebi: L2[☐10, ☐15], Eib: L2[☐20, ☐25], Eii: L2[☐30, L7[]], put: L2[☐40, _7_s] -> V0 -> V1 -> L2[_8_s, _9_s], tr: L7[]
[17:55:58.738715]	Exploring 0: L0[], 1: L0[], Ebi: L2[☐10, ☐15], Eib: L2[☐20, ☐25], Eii: L2[☐30, L7[]], put: L2[☐40, L7[]] -> V0 -> V1 -> L2[_8_s, _9_s], tr: L7[]
[17:55:58.738915]	Exploring 0: L0[], 1: L0[], Ebi: L2[☐10, ☐15], Eib: L2[☐20, ☐25], Eii: L2[☐30, L7[]], put: L2[☐40, L7[]] -> V0 -> V1 -> L2[☐50, _9_s], tr: L7[]
[17:55:58.739106]	Exploring 0: L0[], 1: L0[], Ebi: L2[☐10, ☐15], Eib: L2[☐20, ☐25], Eii: L2[☐30, L7[]], put: L2[☐40, L7[]] -> V0 -> V1 -> L2[☐50, L7[]], tr: L7[]
[17:55:58.739450]	Exploring 0: L0[], 1: L0[], Ebi: L2[☐10, ☐15], Eib: L2[☐20, ☐25], Eii: L2[☐30, L7[]], put: L2[☐40, L7[]] -> V0 -> V1 -> L2[L0[], _9_s], tr: L7[]
[17:55:58.739683]	Exploring 0: L0[], 1: L0[], Ebi: L2[☐10, ☐15], Eib: L2[☐20, ☐25], Eii: L2[☐30, L7[]], put: L2[☐40, L7[]] -> V0 -> V1 -> L2[L7[], _9_s], tr: L7[]
[17:55:58.739914]	Exploring 0: L0[], 1: L0[], Ebi: L2[☐10, ☐15], Eib: L2[☐20, ☐25], Eii: L2[☐30, L7[]], put: L2[☐40, L7[]] -> V0 -> V1 -> L2[V0, _9_s], tr: L7[]
[17:55:58.740143]	Exploring 0: L0[], 1: L0[], Ebi: L2[☐10, ☐15], Eib: L2[☐20, ☐25], Eii: L2[☐30, L7[]], put: L2[☐40, L7[]] -> V0 -> V1 -> L2[V1, _9_s], tr: L7[]
[17:55:58.740517]	Exploring 0: L0[], 1: L0[], Ebi: L2[☐10, ☐15], Eib: L2[☐20, ☐25], Eii: L2[☐30, L7[]], put: L2[☐40, V2] -> V0 -> V1 -> L2[_8_s, _9_s], tr: L7[]
[17:55:58.740738]	Exploring 0: L0[], 1: L0[], Ebi: L2[☐10, ☐15], Eib: L2[☐20, ☐25], Eii: L2[☐30, L7[]], put: L2[☐40, V2] -> V0 -> V1 -> L2[☐50, _9_s], tr: L7[]
[17:55:58.740979]	Exploring 0: L0[], 1: L0[], Ebi: L2[☐10, ☐15], Eib: L2[☐20, ☐25], Eii: L2[☐30, L7[]], put: L2[☐40, V2] -> V0 -> V1 -> L2[☐50, ☐55], tr: L7[]
[17:55:58.741211]	Exploring 0: L0[], 1: L0[], Ebi: L2[☐10, ☐15], Eib: L2[☐20, ☐25], Eii: L2[☐30, L7[]], put: L2[☐40, V2] -> V0 -> V1 -> L2[☐50, L0[]], tr: L7[]
[17:55:58.741439]	Exploring 0: L0[], 1: L0[], Ebi: L2[☐10, ☐15], Eib: L2[☐20, ☐25], Eii: L2[☐30, L7[]], put: L2[☐40, V2] -> V0 -> V1 -> L2[☐50, L7[]], tr: L7[]
[17:55:58.741684]	Exploring 0: L0[], 1: L0[], Ebi: L2[☐10, ☐15], Eib: L2[☐20, ☐25], Eii: L2[☐30, L7[]], put: L2[☐40, V2] -> V0 -> V1 -> L2[☐50, V0], tr: L7[]
[17:55:58.741924]	Exploring 0: L0[], 1: L0[], Ebi: L2[☐10, ☐15], Eib: L2[☐20, ☐25], Eii: L2[☐30, L7[]], put: L2[☐40, V2] -> V0 -> V1 -> L2[☐50, V1], tr: L7[]
[17:55:58.742170]	Exploring 0: L0[], 1: L0[], Ebi: L2[☐10, ☐15], Eib: L2[☐20, ☐25], Eii: L2[☐30, L7[]], put: L2[☐40, V2] -> V0 -> V1 -> L2[☐50, V2], tr: L7[]
[17:55:58.742473]	Exploring 0: L0[], 1: L0[], Ebi: L2[☐10, ☐15], Eib: L2[☐20, ☐25], Eii: L2[☐30, L7[]], put: L2[☐40, V2] -> V0 -> V1 -> L2[L0[], _9_s], tr: L7[]
[17:55:58.742715]	Exploring 0: L0[], 1: L0[], Ebi: L2[☐10, ☐15], Eib: L2[☐20, ☐25], Eii: L2[☐30, L7[]], put: L2[☐40, V2] -> V0 -> V1 -> L2[L7[], _9_s], tr: L7[]
[17:55:58.742966]	Exploring 0: L0[], 1: L0[], Ebi: L2[☐10, ☐15], Eib: L2[☐20, ☐25], Eii: L2[☐30, L7[]], put: L2[☐40, V2] -> V0 -> V1 -> L2[V0, _9_s], tr: L7[]
[17:55:58.743211]	Exploring 0: L0[], 1: L0[], Ebi: L2[☐10, ☐15], Eib: L2[☐20, ☐25], Eii: L2[☐30, L7[]], put: L2[☐40, V2] -> V0 -> V1 -> L2[V1, _9_s], tr: L7[]
[17:55:58.743498]	Exploring 0: L0[], 1: L0[], Ebi: L2[☐10, ☐15], Eib: L2[☐20, ☐25], Eii: L2[☐30, L7[]], put: L2[☐40, V2] -> V0 -> V1 -> L2[V2, _9_s], tr: L7[]
[17:55:58.743702]	Exploring 0: L0[], 1: L0[], Ebi: L2[☐10, ☐15], Eib: L2[☐20, ☐25], Eii: L2[☐30, L7[]], put: L2[L0[], _7_s] -> V0 -> V1 -> L2[_8_s, _9_s], tr: L7[]
[17:55:58.743943]	Exploring 0: L0[], 1: L0[], Ebi: L2[☐10, ☐15], Eib: L2[☐20, ☐25], Eii: L2[☐30, L7[]], put: L2[L0[], L7[]] -> V0 -> V1 -> L2[_8_s, _9_s], tr: L7[]
[17:55:58.744125]		Fast forwarded from
		0: L0[], 1: L0[], Ebi: L2[☐10, ☐15], Eib: L2[☐20, ☐25], Eii: L2[☐30, L7[]], put: L2[L0[], L7[]] -> V0 -> V1 -> L2[_8_s, _9_s], tr: L7[]
		0: L0[], 1: L0[], Ebi: L2[L0[], L7[]], Eib: L2[L0[], L7[]], Eii: L2[L0[], L7[]], put: L2[L0[], L7[]] -> V0 -> V1 -> L2[L0[], L7[]], tr: L7[]
[17:55:58.744626]	Exploring 0: L0[], 1: L0[], Ebi: L2[☐10, ☐15], Eib: L2[☐20, ☐25], Eii: L2[☐30, L7[]], put: L2[L0[], V2] -> V0 -> V1 -> L2[_8_s, _9_s], tr: L7[]
[17:55:58.744874]	Exploring 0: L0[], 1: L0[], Ebi: L2[☐10, ☐15], Eib: L2[☐20, ☐25], Eii: L2[☐30, L7[]], put: L2[L7[], _7_s] -> V0 -> V1 -> L2[_8_s, _9_s], tr: L7[]
[17:55:58.745061]	Exploring 0: L0[], 1: L0[], Ebi: L2[☐10, ☐15], Eib: L2[☐20, ☐25], Eii: L2[☐30, L7[]], put: L2[L7[], L7[]] -> V0 -> V1 -> L2[_8_s, _9_s], tr: L7[]
[17:55:58.745210]		Fast forwarded from
		0: L0[], 1: L0[], Ebi: L2[☐10, ☐15], Eib: L2[☐20, ☐25], Eii: L2[☐30, L7[]], put: L2[L7[], L7[]] -> V0 -> V1 -> L2[_8_s, _9_s], tr: L7[]
		0: L0[], 1: L0[], Ebi: L2[L7[], L7[]], Eib: L2[L7[], L7[]], Eii: L2[L7[], L7[]], put: L2[L7[], L7[]] -> V0 -> V1 -> L2[L7[], L7[]], tr: L7[]
[17:55:58.745650]	Exploring 0: L0[], 1: L0[], Ebi: L2[☐10, ☐15], Eib: L2[☐20, ☐25], Eii: L2[☐30, L7[]], put: L2[L7[], V2] -> V0 -> V1 -> L2[_8_s, _9_s], tr: L7[]
[17:55:58.745881]	Exploring 0: L0[], 1: L0[], Ebi: L2[☐10, ☐15], Eib: L2[☐20, ☐25], Eii: L2[☐30, L7[]], put: L2[V0, _7_s] -> V0 -> V1 -> L2[_8_s, _9_s], tr: L7[]
[17:55:58.746080]	Exploring 0: L0[], 1: L0[], Ebi: L2[☐10, ☐15], Eib: L2[☐20, ☐25], Eii: L2[☐30, L7[]], put: L2[V0, L7[]] -> V0 -> V1 -> L2[_8_s, _9_s], tr: L7[]
[17:55:58.746246]		Fast forwarded from
		0: L0[], 1: L0[], Ebi: L2[☐10, ☐15], Eib: L2[☐20, ☐25], Eii: L2[☐30, L7[]], put: L2[V0, L7[]] -> V0 -> V1 -> L2[_8_s, _9_s], tr: L7[]
		0: L0[], 1: L0[], Ebi: L2[L7[], L7[]], Eib: L2[L0[], L7[]], Eii: L2[L0[], L7[]], put: L2[V0, L7[]] -> V0 -> V1 -> L2[V0, L7[]], tr: L7[]
[17:55:58.746598]	Exploring 0: L0[], 1: L0[], Ebi: L2[☐10, ☐15], Eib: L2[☐20, ☐25], Eii: L2[☐30, L7[]], put: L2[V0, V0] -> V0 -> V1 -> L2[_8_s, _9_s], tr: L7[]
[17:55:58.746911]	Exploring 0: L0[], 1: L0[], Ebi: L2[☐10, ☐15], Eib: L2[☐20, ☐25], Eii: L2[☐30, L7[]], put: L2[V0, V2] -> V0 -> V1 -> L2[_8_s, _9_s], tr: L7[]
[17:55:58.747201]	Exploring 0: L0[], 1: L0[], Ebi: L2[☐10, ☐15], Eib: L2[☐20, ☐25], Eii: L2[☐30, L7[]], put: L2[V1, _7_s] -> V0 -> V1 -> L2[_8_s, _9_s], tr: L7[]
[17:55:58.747475]	Exploring 0: L0[], 1: L0[], Ebi: L2[☐10, ☐15], Eib: L2[☐20, ☐25], Eii: L2[☐30, L7[]], put: L2[V1, L7[]] -> V0 -> V1 -> L2[_8_s, _9_s], tr: L7[]
[17:55:58.747631]		Fast forwarded from
		0: L0[], 1: L0[], Ebi: L2[☐10, ☐15], Eib: L2[☐20, ☐25], Eii: L2[☐30, L7[]], put: L2[V1, L7[]] -> V0 -> V1 -> L2[_8_s, _9_s], tr: L7[]
		0: L0[], 1: L0[], Ebi: L2[L0[], L7[]], Eib: L2[L7[], L7[]], Eii: L2[L0[], L7[]], put: L2[V1, L7[]] -> V0 -> V1 -> L2[V0, L7[]], tr: L7[]
[17:55:58.747914]	Exploring 0: L0[], 1: L0[], Ebi: L2[☐10, ☐15], Eib: L2[☐20, ☐25], Eii: L2[☐30, L7[]], put: L2[V1, V1] -> V0 -> V1 -> L2[_8_s, _9_s], tr: L7[]
[17:55:58.748162]	Exploring 0: L0[], 1: L0[], Ebi: L2[☐10, ☐15], Eib: L2[☐20, ☐25], Eii: L2[☐30, L7[]], put: L2[V1, V2] -> V0 -> V1 -> L2[_8_s, _9_s], tr: L7[]
[17:55:58.748478]	Exploring 0: L0[], 1: L0[], Ebi: L2[☐10, ☐15], Eib: L2[☐20, ☐25], Eii: L2[☐30, L7[]], put: L2[V2, _7_s] -> V0 -> V1 -> L2[_8_s, _9_s], tr: L7[]
[17:55:58.748783]	Exploring 0: L0[], 1: L0[], Ebi: L2[☐10, ☐15], Eib: L2[☐20, ☐25], Eii: L2[☐30, L7[]], put: L2[V2, L7[]] -> V0 -> V1 -> L2[_8_s, _9_s], tr: L7[]
[17:55:58.749277]	Exploring 0: L0[], 1: L0[], Ebi: L2[☐10, ☐15], Eib: L2[☐20, ☐25], Eii: L2[☐30, L7[]], put: L2[V2, V2] -> V0 -> V1 -> L2[_8_s, _9_s], tr: L7[]
[17:55:58.749553]	Exploring 0: L0[], 1: L0[], Ebi: L2[☐10, ☐15], Eib: L2[☐20, ☐25], Eii: L2[☐30, L7[]], put: L2[V2, V3] -> V0 -> V1 -> L2[_8_s, _9_s], tr: L7[]
[17:55:58.749808]	Exploring 0: L0[], 1: L0[], Ebi: L2[☐10, ☐15], Eib: L2[☐20, ☐25], Eii: L2[L0[], _5_s], put: L2[_6_s, _7_s] -> V0 -> V1 -> L2[_8_s, _9_s], tr: L7[]
[17:55:58.750042]	Exploring 0: L0[], 1: L0[], Ebi: L2[☐10, ☐15], Eib: L2[☐20, ☐25], Eii: L2[L0[], ☐35], put: L2[_6_s, _7_s] -> V0 -> V1 -> L2[_8_s, _9_s], tr: L7[]
[17:55:58.750252]	Exploring 0: L0[], 1: L0[], Ebi: L2[☐10, ☐15], Eib: L2[☐20, ☐25], Eii: L2[L0[], ☐35], put: L2[L0[], _7_s] -> V0 -> V1 -> L2[_8_s, _9_s], tr: L7[]
[17:55:58.750427]	Exploring 0: L0[], 1: L0[], Ebi: L2[☐10, ☐15], Eib: L2[☐20, ☐25], Eii: L2[L0[], ☐35], put: L2[L0[], ☐45] -> V0 -> V1 -> L2[_8_s, _9_s], tr: L7[]
[17:55:58.750629]	Exploring 0: L0[], 1: L0[], Ebi: L2[☐10, ☐15], Eib: L2[☐20, ☐25], Eii: L2[L0[], ☐35], put: L2[L0[], ☐45] -> V0 -> V1 -> L2[L0[], _9_s], tr: L7[]
[17:55:58.750922]	Exploring 0: L0[], 1: L0[], Ebi: L2[☐10, ☐15], Eib: L2[☐20, ☐25], Eii: L2[L0[], ☐35], put: L2[L0[], L0[]] -> V0 -> V1 -> L2[_8_s, _9_s], tr: L7[]
[17:55:58.751086]		Fast forwarded from
		0: L0[], 1: L0[], Ebi: L2[☐10, ☐15], Eib: L2[☐20, ☐25], Eii: L2[L0[], ☐35], put: L2[L0[], L0[]] -> V0 -> V1 -> L2[_8_s, _9_s], tr: L7[]
		0: L0[], 1: L0[], Ebi: L2[L0[], L0[]], Eib: L2[L0[], L0[]], Eii: L2[L0[], L0[]], put: L2[L0[], L0[]] -> V0 -> V1 -> L2[L0[], L0[]], tr: L7[]
[17:55:58.751422]	Exploring 0: L0[], 1: L0[], Ebi: L2[☐10, ☐15], Eib: L2[☐20, ☐25], Eii: L2[L0[], ☐35], put: L2[L0[], L7[]] -> V0 -> V1 -> L2[_8_s, _9_s], tr: L7[]
[17:55:58.751597]		Fast forwarded from
		0: L0[], 1: L0[], Ebi: L2[☐10, ☐15], Eib: L2[☐20, ☐25], Eii: L2[L0[], ☐35], put: L2[L0[], L7[]] -> V0 -> V1 -> L2[_8_s, _9_s], tr: L7[]
		0: L0[], 1: L0[], Ebi: L2[L0[], L7[]], Eib: L2[L0[], L7[]], Eii: L2[L0[], L7[]], put: L2[L0[], L7[]] -> V0 -> V1 -> L2[L0[], L7[]], tr: L7[]
[17:55:58.751983]	Exploring 0: L0[], 1: L0[], Ebi: L2[☐10, ☐15], Eib: L2[☐20, ☐25], Eii: L2[L0[], ☐35], put: L2[L0[], V0] -> V0 -> V1 -> L2[_8_s, _9_s], tr: L7[]
[17:55:58.752159]		Fast forwarded from
		0: L0[], 1: L0[], Ebi: L2[☐10, ☐15], Eib: L2[☐20, ☐25], Eii: L2[L0[], ☐35], put: L2[L0[], V0] -> V0 -> V1 -> L2[_8_s, _9_s], tr: L7[]
		0: L0[], 1: L0[], Ebi: L2[L0[], L7[]], Eib: L2[L0[], L0[]], Eii: L2[L0[], L0[]], put: L2[L0[], V0] -> V0 -> V1 -> L2[L0[], V0], tr: L7[]
[17:55:58.752562]	Exploring 0: L0[], 1: L0[], Ebi: L2[☐10, ☐15], Eib: L2[☐20, ☐25], Eii: L2[L0[], ☐35], put: L2[L0[], V1] -> V0 -> V1 -> L2[_8_s, _9_s], tr: L7[]
[17:55:58.752721]		Fast forwarded from
		0: L0[], 1: L0[], Ebi: L2[☐10, ☐15], Eib: L2[☐20, ☐25], Eii: L2[L0[], ☐35], put: L2[L0[], V1] -> V0 -> V1 -> L2[_8_s, _9_s], tr: L7[]
		0: L0[], 1: L0[], Ebi: L2[L0[], L0[]], Eib: L2[L0[], L7[]], Eii: L2[L0[], L0[]], put: L2[L0[], V1] -> V0 -> V1 -> L2[L0[], V0], tr: L7[]
[17:55:58.752942]	Exploring 0: L0[], 1: L0[], Ebi: L2[☐10, ☐15], Eib: L2[☐20, ☐25], Eii: L2[L0[], ☐35], put: L2[L0[], V2] -> V0 -> V1 -> L2[_8_s, _9_s], tr: L7[]
[17:55:58.753169]	Exploring 0: L0[], 1: L0[], Ebi: L2[☐10, ☐15], Eib: L2[☐20, ☐25], Eii: L2[L0[], ☐35], put: L2[V0, _7_s] -> V0 -> V1 -> L2[_8_s, _9_s], tr: L7[]
[17:55:58.753367]	Exploring 0: L0[], 1: L0[], Ebi: L2[☐10, ☐15], Eib: L2[☐20, ☐25], Eii: L2[L0[], ☐35], put: L2[V0, ☐45] -> V0 -> V1 -> L2[_8_s, _9_s], tr: L7[]
[17:55:58.753633]	Exploring 0: L0[], 1: L0[], Ebi: L2[☐10, ☐15], Eib: L2[☐20, ☐25], Eii: L2[L0[], ☐35], put: L2[V0, ☐45] -> V0 -> V1 -> L2[V0, _9_s], tr: L7[]
[17:55:58.753892]	Exploring 0: L0[], 1: L0[], Ebi: L2[☐10, ☐15], Eib: L2[☐20, ☐25], Eii: L2[L0[], ☐35], put: L2[V0, L0[]] -> V0 -> V1 -> L2[_8_s, _9_s], tr: L7[]
[17:55:58.754061]		Fast forwarded from
		0: L0[], 1: L0[], Ebi: L2[☐10, ☐15], Eib: L2[☐20, ☐25], Eii: L2[L0[], ☐35], put: L2[V0, L0[]] -> V0 -> V1 -> L2[_8_s, _9_s], tr: L7[]
		0: L0[], 1: L0[], Ebi: L2[L7[], L0[]], Eib: L2[L0[], L0[]], Eii: L2[L0[], L0[]], put: L2[V0, L0[]] -> V0 -> V1 -> L2[V0, L0[]], tr: L7[]
[17:55:58.754542]	Exploring 0: L0[], 1: L0[], Ebi: L2[☐10, ☐15], Eib: L2[☐20, ☐25], Eii: L2[L0[], ☐35], put: L2[V0, L7[]] -> V0 -> V1 -> L2[_8_s, _9_s], tr: L7[]
[17:55:58.754701]		Fast forwarded from
		0: L0[], 1: L0[], Ebi: L2[☐10, ☐15], Eib: L2[☐20, ☐25], Eii: L2[L0[], ☐35], put: L2[V0, L7[]] -> V0 -> V1 -> L2[_8_s, _9_s], tr: L7[]
		0: L0[], 1: L0[], Ebi: L2[L7[], L7[]], Eib: L2[L0[], L7[]], Eii: L2[L0[], L7[]], put: L2[V0, L7[]] -> V0 -> V1 -> L2[V0, L7[]], tr: L7[]
[17:55:58.755086]	Exploring 0: L0[], 1: L0[], Ebi: L2[☐10, ☐15], Eib: L2[☐20, ☐25], Eii: L2[L0[], ☐35], put: L2[V0, V0] -> V0 -> V1 -> L2[_8_s, _9_s], tr: L7[]
[17:55:58.755345]	Exploring 0: L0[], 1: L0[], Ebi: L2[☐10, ☐15], Eib: L2[☐20, ☐25], Eii: L2[L0[], ☐35], put: L2[V0, V1] -> V0 -> V1 -> L2[_8_s, _9_s], tr: L7[]
[17:55:58.755505]		Fast forwarded from
		0: L0[], 1: L0[], Ebi: L2[☐10, ☐15], Eib: L2[☐20, ☐25], Eii: L2[L0[], ☐35], put: L2[V0, V1] -> V0 -> V1 -> L2[_8_s, _9_s], tr: L7[]
		0: L0[], 1: L0[], Ebi: L2[L7[], L0[]], Eib: L2[L0[], L7[]], Eii: L2[L0[], L0[]], put: L2[V0, V1] -> V0 -> V1 -> L2[V0, V0], tr: L7[]
[17:55:58.755733]	Exploring 0: L0[], 1: L0[], Ebi: L2[☐10, ☐15], Eib: L2[☐20, ☐25], Eii: L2[L0[], ☐35], put: L2[V0, V2] -> V0 -> V1 -> L2[_8_s, _9_s], tr: L7[]
[17:55:58.755949]	Exploring 0: L0[], 1: L0[], Ebi: L2[☐10, ☐15], Eib: L2[☐20, ☐25], Eii: L2[L0[], ☐35], put: L2[V1, _7_s] -> V0 -> V1 -> L2[_8_s, _9_s], tr: L7[]
[17:55:58.756158]	Exploring 0: L0[], 1: L0[], Ebi: L2[☐10, ☐15], Eib: L2[☐20, ☐25], Eii: L2[L0[], ☐35], put: L2[V1, ☐45] -> V0 -> V1 -> L2[_8_s, _9_s], tr: L7[]
[17:55:58.756382]	Exploring 0: L0[], 1: L0[], Ebi: L2[☐10, ☐15], Eib: L2[☐20, ☐25], Eii: L2[L0[], ☐35], put: L2[V1, ☐45] -> V0 -> V1 -> L2[V1, _9_s], tr: L7[]
[17:55:58.756623]	Exploring 0: L0[], 1: L0[], Ebi: L2[☐10, ☐15], Eib: L2[☐20, ☐25], Eii: L2[L0[], ☐35], put: L2[V1, L0[]] -> V0 -> V1 -> L2[_8_s, _9_s], tr: L7[]
[17:55:58.756786]		Fast forwarded from
		0: L0[], 1: L0[], Ebi: L2[☐10, ☐15], Eib: L2[☐20, ☐25], Eii: L2[L0[], ☐35], put: L2[V1, L0[]] -> V0 -> V1 -> L2[_8_s, _9_s], tr: L7[]
		0: L0[], 1: L0[], Ebi: L2[L0[], L0[]], Eib: L2[L7[], L0[]], Eii: L2[L0[], L0[]], put: L2[V1, L0[]] -> V0 -> V1 -> L2[V0, L0[]], tr: L7[]
[17:55:58.756993]	Exploring 0: L0[], 1: L0[], Ebi: L2[☐10, ☐15], Eib: L2[☐20, ☐25], Eii: L2[L0[], ☐35], put: L2[V1, L7[]] -> V0 -> V1 -> L2[_8_s, _9_s], tr: L7[]
[17:55:58.757153]		Fast forwarded from
		0: L0[], 1: L0[], Ebi: L2[☐10, ☐15], Eib: L2[☐20, ☐25], Eii: L2[L0[], ☐35], put: L2[V1, L7[]] -> V0 -> V1 -> L2[_8_s, _9_s], tr: L7[]
		0: L0[], 1: L0[], Ebi: L2[L0[], L7[]], Eib: L2[L7[], L7[]], Eii: L2[L0[], L7[]], put: L2[V1, L7[]] -> V0 -> V1 -> L2[V0, L7[]], tr: L7[]
[17:55:58.757361]	Exploring 0: L0[], 1: L0[], Ebi: L2[☐10, ☐15], Eib: L2[☐20, ☐25], Eii: L2[L0[], ☐35], put: L2[V1, V0] -> V0 -> V1 -> L2[_8_s, _9_s], tr: L7[]
[17:55:58.757498]		Fast forwarded from
		0: L0[], 1: L0[], Ebi: L2[☐10, ☐15], Eib: L2[☐20, ☐25], Eii: L2[L0[], ☐35], put: L2[V1, V0] -> V0 -> V1 -> L2[_8_s, _9_s], tr: L7[]
		0: L0[], 1: L0[], Ebi: L2[L0[], L7[]], Eib: L2[L7[], L0[]], Eii: L2[L0[], L0[]], put: L2[V1, V0] -> V0 -> V1 -> L2[V0, V0], tr: L7[]
[17:55:58.757766]	Exploring 0: L0[], 1: L0[], Ebi: L2[☐10, ☐15], Eib: L2[☐20, ☐25], Eii: L2[L0[], ☐35], put: L2[V1, V1] -> V0 -> V1 -> L2[_8_s, _9_s], tr: L7[]
[17:55:58.758093]	Exploring 0: L0[], 1: L0[], Ebi: L2[☐10, ☐15], Eib: L2[☐20, ☐25], Eii: L2[L0[], ☐35], put: L2[V1, V2] -> V0 -> V1 -> L2[_8_s, _9_s], tr: L7[]
[17:55:58.758324]	Exploring 0: L0[], 1: L0[], Ebi: L2[☐10, ☐15], Eib: L2[☐20, ☐25], Eii: L2[L0[], ☐35], put: L2[V2, _7_s] -> V0 -> V1 -> L2[_8_s, _9_s], tr: L7[]
[17:55:58.758530]	Exploring 0: L0[], 1: L0[], Ebi: L2[☐10, ☐15], Eib: L2[☐20, ☐25], Eii: L2[L0[], ☐35], put: L2[V2, ☐45] -> V0 -> V1 -> L2[_8_s, _9_s], tr: L7[]
[17:55:58.758731]	Exploring 0: L0[], 1: L0[], Ebi: L2[☐10, ☐15], Eib: L2[☐20, ☐25], Eii: L2[L0[], ☐35], put: L2[V2, ☐45] -> V0 -> V1 -> L2[☐50, _9_s], tr: L7[]
[17:55:58.758984]	Exploring 0: L0[], 1: L0[], Ebi: L2[☐10, ☐15], Eib: L2[☐20, ☐25], Eii: L2[L0[], ☐35], put: L2[V2, ☐45] -> V0 -> V1 -> L2[☐50, ☐55], tr: L7[]
[17:55:58.759281]	Exploring 0: L0[], 1: L0[], Ebi: L2[☐10, ☐15], Eib: L2[☐20, ☐25], Eii: L2[L0[], ☐35], put: L2[V2, ☐45] -> V0 -> V1 -> L2[☐50, L0[]], tr: L7[]
[17:55:58.759539]	Exploring 0: L0[], 1: L0[], Ebi: L2[☐10, ☐15], Eib: L2[☐20, ☐25], Eii: L2[L0[], ☐35], put: L2[V2, ☐45] -> V0 -> V1 -> L2[☐50, L7[]], tr: L7[]
[17:55:58.759781]	Exploring 0: L0[], 1: L0[], Ebi: L2[☐10, ☐15], Eib: L2[☐20, ☐25], Eii: L2[L0[], ☐35], put: L2[V2, ☐45] -> V0 -> V1 -> L2[☐50, V0], tr: L7[]
[17:55:58.760017]	Exploring 0: L0[], 1: L0[], Ebi: L2[☐10, ☐15], Eib: L2[☐20, ☐25], Eii: L2[L0[], ☐35], put: L2[V2, ☐45] -> V0 -> V1 -> L2[☐50, V1], tr: L7[]
[17:55:58.760233]	Exploring 0: L0[], 1: L0[], Ebi: L2[☐10, ☐15], Eib: L2[☐20, ☐25], Eii: L2[L0[], ☐35], put: L2[V2, ☐45] -> V0 -> V1 -> L2[☐50, V2], tr: L7[]
[17:55:58.760452]	Exploring 0: L0[], 1: L0[], Ebi: L2[☐10, ☐15], Eib: L2[☐20, ☐25], Eii: L2[L0[], ☐35], put: L2[V2, ☐45] -> V0 -> V1 -> L2[L0[], _9_s], tr: L7[]
[17:55:58.760673]	Exploring 0: L0[], 1: L0[], Ebi: L2[☐10, ☐15], Eib: L2[☐20, ☐25], Eii: L2[L0[], ☐35], put: L2[V2, ☐45] -> V0 -> V1 -> L2[L7[], _9_s], tr: L7[]
[17:55:58.760976]	Exploring 0: L0[], 1: L0[], Ebi: L2[☐10, ☐15], Eib: L2[☐20, ☐25], Eii: L2[L0[], ☐35], put: L2[V2, ☐45] -> V0 -> V1 -> L2[V0, _9_s], tr: L7[]
[17:55:58.761308]	Exploring 0: L0[], 1: L0[], Ebi: L2[☐10, ☐15], Eib: L2[☐20, ☐25], Eii: L2[L0[], ☐35], put: L2[V2, ☐45] -> V0 -> V1 -> L2[V1, _9_s], tr: L7[]
[17:55:58.761538]	Exploring 0: L0[], 1: L0[], Ebi: L2[☐10, ☐15], Eib: L2[☐20, ☐25], Eii: L2[L0[], ☐35], put: L2[V2, ☐45] -> V0 -> V1 -> L2[V2, _9_s], tr: L7[]
[17:55:58.761768]	Exploring 0: L0[], 1: L0[], Ebi: L2[☐10, ☐15], Eib: L2[☐20, ☐25], Eii: L2[L0[], ☐35], put: L2[V2, L0[]] -> V0 -> V1 -> L2[_8_s, _9_s], tr: L7[]
[17:55:58.762008]	Exploring 0: L0[], 1: L0[], Ebi: L2[☐10, ☐15], Eib: L2[☐20, ☐25], Eii: L2[L0[], ☐35], put: L2[V2, L7[]] -> V0 -> V1 -> L2[_8_s, _9_s], tr: L7[]
[17:55:58.762261]	Exploring 0: L0[], 1: L0[], Ebi: L2[☐10, ☐15], Eib: L2[☐20, ☐25], Eii: L2[L0[], ☐35], put: L2[V2, V0] -> V0 -> V1 -> L2[_8_s, _9_s], tr: L7[]
[17:55:58.762508]	Exploring 0: L0[], 1: L0[], Ebi: L2[☐10, ☐15], Eib: L2[☐20, ☐25], Eii: L2[L0[], ☐35], put: L2[V2, V1] -> V0 -> V1 -> L2[_8_s, _9_s], tr: L7[]
[17:55:58.762734]	Exploring 0: L0[], 1: L0[], Ebi: L2[☐10, ☐15], Eib: L2[☐20, ☐25], Eii: L2[L0[], ☐35], put: L2[V2, V2] -> V0 -> V1 -> L2[_8_s, _9_s], tr: L7[]
[17:55:58.762987]	Exploring 0: L0[], 1: L0[], Ebi: L2[☐10, ☐15], Eib: L2[☐20, ☐25], Eii: L2[L0[], ☐35], put: L2[V2, V3] -> V0 -> V1 -> L2[_8_s, _9_s], tr: L7[]
[17:55:58.763170]	Exploring 0: L0[], 1: L0[], Ebi: L2[☐10, ☐15], Eib: L2[☐20, ☐25], Eii: L2[L0[], L0[]], put: L2[_6_s, _7_s] -> V0 -> V1 -> L2[_8_s, _9_s], tr: L7[]
[17:55:58.763398]	Exploring 0: L0[], 1: L0[], Ebi: L2[☐10, ☐15], Eib: L2[☐20, ☐25], Eii: L2[L0[], L0[]], put: L2[L0[], _7_s] -> V0 -> V1 -> L2[_8_s, _9_s], tr: L7[]
[17:55:58.763728]	Exploring 0: L0[], 1: L0[], Ebi: L2[☐10, ☐15], Eib: L2[☐20, ☐25], Eii: L2[L0[], L0[]], put: L2[V0, _7_s] -> V0 -> V1 -> L2[_8_s, _9_s], tr: L7[]
[17:55:58.764011]	Exploring 0: L0[], 1: L0[], Ebi: L2[☐10, ☐15], Eib: L2[☐20, ☐25], Eii: L2[L0[], L0[]], put: L2[V1, _7_s] -> V0 -> V1 -> L2[_8_s, _9_s], tr: L7[]
[17:55:58.764240]	Exploring 0: L0[], 1: L0[], Ebi: L2[☐10, ☐15], Eib: L2[☐20, ☐25], Eii: L2[L0[], L0[]], put: L2[V2, _7_s] -> V0 -> V1 -> L2[_8_s, _9_s], tr: L7[]
[17:55:58.764432]	Exploring 0: L0[], 1: L0[], Ebi: L2[☐10, ☐15], Eib: L2[☐20, ☐25], Eii: L2[L0[], L7[]], put: L2[_6_s, _7_s] -> V0 -> V1 -> L2[_8_s, _9_s], tr: L7[]
[17:55:58.764653]	Exploring 0: L0[], 1: L0[], Ebi: L2[☐10, ☐15], Eib: L2[☐20, ☐25], Eii: L2[L0[], L7[]], put: L2[L0[], _7_s] -> V0 -> V1 -> L2[_8_s, _9_s], tr: L7[]
[17:55:58.764883]	Exploring 0: L0[], 1: L0[], Ebi: L2[☐10, ☐15], Eib: L2[☐20, ☐25], Eii: L2[L0[], L7[]], put: L2[V0, _7_s] -> V0 -> V1 -> L2[_8_s, _9_s], tr: L7[]
[17:55:58.765177]	Exploring 0: L0[], 1: L0[], Ebi: L2[☐10, ☐15], Eib: L2[☐20, ☐25], Eii: L2[L0[], L7[]], put: L2[V1, _7_s] -> V0 -> V1 -> L2[_8_s, _9_s], tr: L7[]
[17:55:58.765419]	Exploring 0: L0[], 1: L0[], Ebi: L2[☐10, ☐15], Eib: L2[☐20, ☐25], Eii: L2[L0[], L7[]], put: L2[V2, _7_s] -> V0 -> V1 -> L2[_8_s, _9_s], tr: L7[]
[17:55:58.765613]	Exploring 0: L0[], 1: L0[], Ebi: L2[☐10, ☐15], Eib: L2[☐20, ☐25], Eii: L2[L7[], _5_s], put: L2[_6_s, _7_s] -> V0 -> V1 -> L2[_8_s, _9_s], tr: L7[]
[17:55:58.765778]	Exploring 0: L0[], 1: L0[], Ebi: L2[☐10, ☐15], Eib: L2[☐20, ☐25], Eii: L2[L7[], ☐35], put: L2[_6_s, _7_s] -> V0 -> V1 -> L2[_8_s, _9_s], tr: L7[]
[17:55:58.765990]	Exploring 0: L0[], 1: L0[], Ebi: L2[☐10, ☐15], Eib: L2[☐20, ☐25], Eii: L2[L7[], ☐35], put: L2[L7[], _7_s] -> V0 -> V1 -> L2[_8_s, _9_s], tr: L7[]
[17:55:58.766213]	Exploring 0: L0[], 1: L0[], Ebi: L2[☐10, ☐15], Eib: L2[☐20, ☐25], Eii: L2[L7[], ☐35], put: L2[L7[], ☐45] -> V0 -> V1 -> L2[_8_s, _9_s], tr: L7[]
[17:55:58.766486]	Exploring 0: L0[], 1: L0[], Ebi: L2[☐10, ☐15], Eib: L2[☐20, ☐25], Eii: L2[L7[], ☐35], put: L2[L7[], ☐45] -> V0 -> V1 -> L2[L7[], _9_s], tr: L7[]
[17:55:58.766763]	Exploring 0: L0[], 1: L0[], Ebi: L2[☐10, ☐15], Eib: L2[☐20, ☐25], Eii: L2[L7[], ☐35], put: L2[L7[], L0[]] -> V0 -> V1 -> L2[_8_s, _9_s], tr: L7[]
[17:55:58.766921]		Fast forwarded from
		0: L0[], 1: L0[], Ebi: L2[☐10, ☐15], Eib: L2[☐20, ☐25], Eii: L2[L7[], ☐35], put: L2[L7[], L0[]] -> V0 -> V1 -> L2[_8_s, _9_s], tr: L7[]
		0: L0[], 1: L0[], Ebi: L2[L7[], L0[]], Eib: L2[L7[], L0[]], Eii: L2[L7[], L0[]], put: L2[L7[], L0[]] -> V0 -> V1 -> L2[L7[], L0[]], tr: L7[]
[17:55:58.767238]	Exploring 0: L0[], 1: L0[], Ebi: L2[☐10, ☐15], Eib: L2[☐20, ☐25], Eii: L2[L7[], ☐35], put: L2[L7[], L7[]] -> V0 -> V1 -> L2[_8_s, _9_s], tr: L7[]
[17:55:58.767445]		Fast forwarded from
		0: L0[], 1: L0[], Ebi: L2[☐10, ☐15], Eib: L2[☐20, ☐25], Eii: L2[L7[], ☐35], put: L2[L7[], L7[]] -> V0 -> V1 -> L2[_8_s, _9_s], tr: L7[]
		0: L0[], 1: L0[], Ebi: L2[L7[], L7[]], Eib: L2[L7[], L7[]], Eii: L2[L7[], L7[]], put: L2[L7[], L7[]] -> V0 -> V1 -> L2[L7[], L7[]], tr: L7[]
[17:55:58.767779]	Exploring 0: L0[], 1: L0[], Ebi: L2[☐10, ☐15], Eib: L2[☐20, ☐25], Eii: L2[L7[], ☐35], put: L2[L7[], V0] -> V0 -> V1 -> L2[_8_s, _9_s], tr: L7[]
[17:55:58.767949]		Fast forwarded from
		0: L0[], 1: L0[], Ebi: L2[☐10, ☐15], Eib: L2[☐20, ☐25], Eii: L2[L7[], ☐35], put: L2[L7[], V0] -> V0 -> V1 -> L2[_8_s, _9_s], tr: L7[]
		0: L0[], 1: L0[], Ebi: L2[L7[], L7[]], Eib: L2[L7[], L0[]], Eii: L2[L7[], L0[]], put: L2[L7[], V0] -> V0 -> V1 -> L2[L7[], V0], tr: L7[]
[17:55:58.768313]	Exploring 0: L0[], 1: L0[], Ebi: L2[☐10, ☐15], Eib: L2[☐20, ☐25], Eii: L2[L7[], ☐35], put: L2[L7[], V1] -> V0 -> V1 -> L2[_8_s, _9_s], tr: L7[]
[17:55:58.768484]		Fast forwarded from
		0: L0[], 1: L0[], Ebi: L2[☐10, ☐15], Eib: L2[☐20, ☐25], Eii: L2[L7[], ☐35], put: L2[L7[], V1] -> V0 -> V1 -> L2[_8_s, _9_s], tr: L7[]
		0: L0[], 1: L0[], Ebi: L2[L7[], L0[]], Eib: L2[L7[], L7[]], Eii: L2[L7[], L0[]], put: L2[L7[], V1] -> V0 -> V1 -> L2[L7[], V0], tr: L7[]
[17:55:58.768680]	Exploring 0: L0[], 1: L0[], Ebi: L2[☐10, ☐15], Eib: L2[☐20, ☐25], Eii: L2[L7[], ☐35], put: L2[L7[], V2] -> V0 -> V1 -> L2[_8_s, _9_s], tr: L7[]
[17:55:58.769015]	Exploring 0: L0[], 1: L0[], Ebi: L2[☐10, ☐15], Eib: L2[☐20, ☐25], Eii: L2[L7[], ☐35], put: L2[V2, _7_s] -> V0 -> V1 -> L2[_8_s, _9_s], tr: L7[]
[17:55:58.769225]	Exploring 0: L0[], 1: L0[], Ebi: L2[☐10, ☐15], Eib: L2[☐20, ☐25], Eii: L2[L7[], ☐35], put: L2[V2, ☐45] -> V0 -> V1 -> L2[_8_s, _9_s], tr: L7[]
[17:55:58.769403]	Exploring 0: L0[], 1: L0[], Ebi: L2[☐10, ☐15], Eib: L2[☐20, ☐25], Eii: L2[L7[], ☐35], put: L2[V2, ☐45] -> V0 -> V1 -> L2[☐50, _9_s], tr: L7[]
[17:55:58.769578]	Exploring 0: L0[], 1: L0[], Ebi: L2[☐10, ☐15], Eib: L2[☐20, ☐25], Eii: L2[L7[], ☐35], put: L2[V2, ☐45] -> V0 -> V1 -> L2[☐50, ☐55], tr: L7[]
[17:55:58.769787]	Exploring 0: L0[], 1: L0[], Ebi: L2[☐10, ☐15], Eib: L2[☐20, ☐25], Eii: L2[L7[], ☐35], put: L2[V2, ☐45] -> V0 -> V1 -> L2[☐50, L0[]], tr: L7[]
[17:55:58.769993]	Exploring 0: L0[], 1: L0[], Ebi: L2[☐10, ☐15], Eib: L2[☐20, ☐25], Eii: L2[L7[], ☐35], put: L2[V2, ☐45] -> V0 -> V1 -> L2[☐50, L7[]], tr: L7[]
[17:55:58.770216]	Exploring 0: L0[], 1: L0[], Ebi: L2[☐10, ☐15], Eib: L2[☐20, ☐25], Eii: L2[L7[], ☐35], put: L2[V2, ☐45] -> V0 -> V1 -> L2[☐50, V0], tr: L7[]
[17:55:58.770435]	Exploring 0: L0[], 1: L0[], Ebi: L2[☐10, ☐15], Eib: L2[☐20, ☐25], Eii: L2[L7[], ☐35], put: L2[V2, ☐45] -> V0 -> V1 -> L2[☐50, V1], tr: L7[]
[17:55:58.770632]	Exploring 0: L0[], 1: L0[], Ebi: L2[☐10, ☐15], Eib: L2[☐20, ☐25], Eii: L2[L7[], ☐35], put: L2[V2, ☐45] -> V0 -> V1 -> L2[☐50, V2], tr: L7[]
[17:55:58.770841]	Exploring 0: L0[], 1: L0[], Ebi: L2[☐10, ☐15], Eib: L2[☐20, ☐25], Eii: L2[L7[], ☐35], put: L2[V2, ☐45] -> V0 -> V1 -> L2[L0[], _9_s], tr: L7[]
[17:55:58.771050]	Exploring 0: L0[], 1: L0[], Ebi: L2[☐10, ☐15], Eib: L2[☐20, ☐25], Eii: L2[L7[], ☐35], put: L2[V2, ☐45] -> V0 -> V1 -> L2[L7[], _9_s], tr: L7[]
[17:55:58.771269]	Exploring 0: L0[], 1: L0[], Ebi: L2[☐10, ☐15], Eib: L2[☐20, ☐25], Eii: L2[L7[], ☐35], put: L2[V2, ☐45] -> V0 -> V1 -> L2[V0, _9_s], tr: L7[]
[17:55:58.771513]	Exploring 0: L0[], 1: L0[], Ebi: L2[☐10, ☐15], Eib: L2[☐20, ☐25], Eii: L2[L7[], ☐35], put: L2[V2, ☐45] -> V0 -> V1 -> L2[V1, _9_s], tr: L7[]
[17:55:58.771734]	Exploring 0: L0[], 1: L0[], Ebi: L2[☐10, ☐15], Eib: L2[☐20, ☐25], Eii: L2[L7[], ☐35], put: L2[V2, ☐45] -> V0 -> V1 -> L2[V2, _9_s], tr: L7[]
[17:55:58.771940]	Exploring 0: L0[], 1: L0[], Ebi: L2[☐10, ☐15], Eib: L2[☐20, ☐25], Eii: L2[L7[], ☐35], put: L2[V2, L0[]] -> V0 -> V1 -> L2[_8_s, _9_s], tr: L7[]
[17:55:58.772180]	Exploring 0: L0[], 1: L0[], Ebi: L2[☐10, ☐15], Eib: L2[☐20, ☐25], Eii: L2[L7[], ☐35], put: L2[V2, L7[]] -> V0 -> V1 -> L2[_8_s, _9_s], tr: L7[]
[17:55:58.772411]	Exploring 0: L0[], 1: L0[], Ebi: L2[☐10, ☐15], Eib: L2[☐20, ☐25], Eii: L2[L7[], ☐35], put: L2[V2, V0] -> V0 -> V1 -> L2[_8_s, _9_s], tr: L7[]
[17:55:58.772676]	Exploring 0: L0[], 1: L0[], Ebi: L2[☐10, ☐15], Eib: L2[☐20, ☐25], Eii: L2[L7[], ☐35], put: L2[V2, V1] -> V0 -> V1 -> L2[_8_s, _9_s], tr: L7[]
[17:55:58.772892]	Exploring 0: L0[], 1: L0[], Ebi: L2[☐10, ☐15], Eib: L2[☐20, ☐25], Eii: L2[L7[], ☐35], put: L2[V2, V2] -> V0 -> V1 -> L2[_8_s, _9_s], tr: L7[]
[17:55:58.773125]	Exploring 0: L0[], 1: L0[], Ebi: L2[☐10, ☐15], Eib: L2[☐20, ☐25], Eii: L2[L7[], ☐35], put: L2[V2, V3] -> V0 -> V1 -> L2[_8_s, _9_s], tr: L7[]
[17:55:58.773286]	Exploring 0: L0[], 1: L0[], Ebi: L2[☐10, ☐15], Eib: L2[☐20, ☐25], Eii: L2[L7[], L0[]], put: L2[_6_s, _7_s] -> V0 -> V1 -> L2[_8_s, _9_s], tr: L7[]
[17:55:58.773456]	Exploring 0: L0[], 1: L0[], Ebi: L2[☐10, ☐15], Eib: L2[☐20, ☐25], Eii: L2[L7[], L0[]], put: L2[L7[], _7_s] -> V0 -> V1 -> L2[_8_s, _9_s], tr: L7[]
[17:55:58.773809]	Exploring 0: L0[], 1: L0[], Ebi: L2[☐10, ☐15], Eib: L2[☐20, ☐25], Eii: L2[L7[], L0[]], put: L2[V2, _7_s] -> V0 -> V1 -> L2[_8_s, _9_s], tr: L7[]
[17:55:58.773996]	Exploring 0: L0[], 1: L0[], Ebi: L2[☐10, ☐15], Eib: L2[☐20, ☐25], Eii: L2[L7[], L7[]], put: L2[_6_s, _7_s] -> V0 -> V1 -> L2[_8_s, _9_s], tr: L7[]
[17:55:58.774161]	Exploring 0: L0[], 1: L0[], Ebi: L2[☐10, ☐15], Eib: L2[☐20, ☐25], Eii: L2[L7[], L7[]], put: L2[L7[], _7_s] -> V0 -> V1 -> L2[_8_s, _9_s], tr: L7[]
[17:55:58.774525]	Exploring 0: L0[], 1: L0[], Ebi: L2[☐10, ☐15], Eib: L2[☐20, ☐25], Eii: L2[L7[], L7[]], put: L2[V2, _7_s] -> V0 -> V1 -> L2[_8_s, _9_s], tr: L7[]
[17:55:58.774715]	Exploring 0: L0[], 1: L0[], Ebi: L2[☐10, ☐15], Eib: L2[☐20, L0[]], Eii: L2[_4_s, _5_s], put: L2[_6_s, _7_s] -> V0 -> V1 -> L2[_8_s, _9_s], tr: L7[]
[17:55:58.774873]	Exploring 0: L0[], 1: L0[], Ebi: L2[☐10, ☐15], Eib: L2[☐20, L0[]], Eii: L2[☐30, _5_s], put: L2[_6_s, _7_s] -> V0 -> V1 -> L2[_8_s, _9_s], tr: L7[]
[17:55:58.775009]	Exploring 0: L0[], 1: L0[], Ebi: L2[☐10, ☐15], Eib: L2[☐20, L0[]], Eii: L2[☐30, ☐35], put: L2[_6_s, _7_s] -> V0 -> V1 -> L2[_8_s, _9_s], tr: L7[]
[17:55:58.775158]	Exploring 0: L0[], 1: L0[], Ebi: L2[☐10, ☐15], Eib: L2[☐20, L0[]], Eii: L2[☐30, ☐35], put: L2[☐40, _7_s] -> V0 -> V1 -> L2[_8_s, _9_s], tr: L7[]
[17:55:58.775367]	Exploring 0: L0[], 1: L0[], Ebi: L2[☐10, ☐15], Eib: L2[☐20, L0[]], Eii: L2[☐30, ☐35], put: L2[☐40, L0[]] -> V0 -> V1 -> L2[_8_s, _9_s], tr: L7[]
[17:55:58.775562]	Exploring 0: L0[], 1: L0[], Ebi: L2[☐10, ☐15], Eib: L2[☐20, L0[]], Eii: L2[☐30, ☐35], put: L2[☐40, L0[]] -> V0 -> V1 -> L2[☐50, _9_s], tr: L7[]
[17:55:58.775733]	Exploring 0: L0[], 1: L0[], Ebi: L2[☐10, ☐15], Eib: L2[☐20, L0[]], Eii: L2[☐30, ☐35], put: L2[☐40, L0[]] -> V0 -> V1 -> L2[☐50, L0[]], tr: L7[]
[17:55:58.775996]	Exploring 0: L0[], 1: L0[], Ebi: L2[☐10, ☐15], Eib: L2[☐20, L0[]], Eii: L2[☐30, ☐35], put: L2[☐40, L0[]] -> V0 -> V1 -> L2[L0[], _9_s], tr: L7[]
[17:55:58.776218]	Exploring 0: L0[], 1: L0[], Ebi: L2[☐10, ☐15], Eib: L2[☐20, L0[]], Eii: L2[☐30, ☐35], put: L2[☐40, L0[]] -> V0 -> V1 -> L2[L7[], _9_s], tr: L7[]
[17:55:58.776431]	Exploring 0: L0[], 1: L0[], Ebi: L2[☐10, ☐15], Eib: L2[☐20, L0[]], Eii: L2[☐30, ☐35], put: L2[☐40, L0[]] -> V0 -> V1 -> L2[V0, _9_s], tr: L7[]
[17:55:58.776639]	Exploring 0: L0[], 1: L0[], Ebi: L2[☐10, ☐15], Eib: L2[☐20, L0[]], Eii: L2[☐30, ☐35], put: L2[☐40, L0[]] -> V0 -> V1 -> L2[V1, _9_s], tr: L7[]
[17:55:58.776841]	Exploring 0: L0[], 1: L0[], Ebi: L2[☐10, ☐15], Eib: L2[☐20, L0[]], Eii: L2[☐30, ☐35], put: L2[☐40, V0] -> V0 -> V1 -> L2[_8_s, _9_s], tr: L7[]
[17:55:58.777016]	Exploring 0: L0[], 1: L0[], Ebi: L2[☐10, ☐15], Eib: L2[☐20, L0[]], Eii: L2[☐30, ☐35], put: L2[☐40, V0] -> V0 -> V1 -> L2[☐50, _9_s], tr: L7[]
[17:55:58.777194]	Exploring 0: L0[], 1: L0[], Ebi: L2[☐10, ☐15], Eib: L2[☐20, L0[]], Eii: L2[☐30, ☐35], put: L2[☐40, V0] -> V0 -> V1 -> L2[☐50, V0], tr: L7[]
[17:55:58.777411]	Exploring 0: L0[], 1: L0[], Ebi: L2[☐10, ☐15], Eib: L2[☐20, L0[]], Eii: L2[☐30, ☐35], put: L2[☐40, V0] -> V0 -> V1 -> L2[L0[], _9_s], tr: L7[]
[17:55:58.777632]	Exploring 0: L0[], 1: L0[], Ebi: L2[☐10, ☐15], Eib: L2[☐20, L0[]], Eii: L2[☐30, ☐35], put: L2[☐40, V0] -> V0 -> V1 -> L2[L7[], _9_s], tr: L7[]
[17:55:58.777845]	Exploring 0: L0[], 1: L0[], Ebi: L2[☐10, ☐15], Eib: L2[☐20, L0[]], Eii: L2[☐30, ☐35], put: L2[☐40, V0] -> V0 -> V1 -> L2[V0, _9_s], tr: L7[]
[17:55:58.778104]	Exploring 0: L0[], 1: L0[], Ebi: L2[☐10, ☐15], Eib: L2[☐20, L0[]], Eii: L2[☐30, ☐35], put: L2[☐40, V0] -> V0 -> V1 -> L2[V1, _9_s], tr: L7[]
[17:55:58.778332]	Exploring 0: L0[], 1: L0[], Ebi: L2[☐10, ☐15], Eib: L2[☐20, L0[]], Eii: L2[☐30, ☐35], put: L2[☐40, V2] -> V0 -> V1 -> L2[_8_s, _9_s], tr: L7[]
[17:55:58.778519]	Exploring 0: L0[], 1: L0[], Ebi: L2[☐10, ☐15], Eib: L2[☐20, L0[]], Eii: L2[☐30, ☐35], put: L2[☐40, V2] -> V0 -> V1 -> L2[☐50, _9_s], tr: L7[]
[17:55:58.778690]	Exploring 0: L0[], 1: L0[], Ebi: L2[☐10, ☐15], Eib: L2[☐20, L0[]], Eii: L2[☐30, ☐35], put: L2[☐40, V2] -> V0 -> V1 -> L2[☐50, ☐55], tr: L7[]
[17:55:58.778913]	Exploring 0: L0[], 1: L0[], Ebi: L2[☐10, ☐15], Eib: L2[☐20, L0[]], Eii: L2[☐30, ☐35], put: L2[☐40, V2] -> V0 -> V1 -> L2[☐50, L0[]], tr: L7[]
[17:55:58.779161]	Exploring 0: L0[], 1: L0[], Ebi: L2[☐10, ☐15], Eib: L2[☐20, L0[]], Eii: L2[☐30, ☐35], put: L2[☐40, V2] -> V0 -> V1 -> L2[☐50, L7[]], tr: L7[]
[17:55:58.779383]	Exploring 0: L0[], 1: L0[], Ebi: L2[☐10, ☐15], Eib: L2[☐20, L0[]], Eii: L2[☐30, ☐35], put: L2[☐40, V2] -> V0 -> V1 -> L2[☐50, V0], tr: L7[]
[17:55:58.779625]	Exploring 0: L0[], 1: L0[], Ebi: L2[☐10, ☐15], Eib: L2[☐20, L0[]], Eii: L2[☐30, ☐35], put: L2[☐40, V2] -> V0 -> V1 -> L2[☐50, V1], tr: L7[]
[17:55:58.779835]	Exploring 0: L0[], 1: L0[], Ebi: L2[☐10, ☐15], Eib: L2[☐20, L0[]], Eii: L2[☐30, ☐35], put: L2[☐40, V2] -> V0 -> V1 -> L2[☐50, V2], tr: L7[]
[17:55:58.780044]	Exploring 0: L0[], 1: L0[], Ebi: L2[☐10, ☐15], Eib: L2[☐20, L0[]], Eii: L2[☐30, ☐35], put: L2[☐40, V2] -> V0 -> V1 -> L2[L0[], _9_s], tr: L7[]
[17:55:58.780316]	Exploring 0: L0[], 1: L0[], Ebi: L2[☐10, ☐15], Eib: L2[☐20, L0[]], Eii: L2[☐30, ☐35], put: L2[☐40, V2] -> V0 -> V1 -> L2[L7[], _9_s], tr: L7[]
[17:55:58.780574]	Exploring 0: L0[], 1: L0[], Ebi: L2[☐10, ☐15], Eib: L2[☐20, L0[]], Eii: L2[☐30, ☐35], put: L2[☐40, V2] -> V0 -> V1 -> L2[V0, _9_s], tr: L7[]
[17:55:58.780819]	Exploring 0: L0[], 1: L0[], Ebi: L2[☐10, ☐15], Eib: L2[☐20, L0[]], Eii: L2[☐30, ☐35], put: L2[☐40, V2] -> V0 -> V1 -> L2[V1, _9_s], tr: L7[]
[17:55:58.781047]	Exploring 0: L0[], 1: L0[], Ebi: L2[☐10, ☐15], Eib: L2[☐20, L0[]], Eii: L2[☐30, ☐35], put: L2[☐40, V2] -> V0 -> V1 -> L2[V2, _9_s], tr: L7[]
[17:55:58.781266]	Exploring 0: L0[], 1: L0[], Ebi: L2[☐10, ☐15], Eib: L2[☐20, L0[]], Eii: L2[☐30, ☐35], put: L2[L0[], _7_s] -> V0 -> V1 -> L2[_8_s, _9_s], tr: L7[]
[17:55:58.781498]	Exploring 0: L0[], 1: L0[], Ebi: L2[☐10, ☐15], Eib: L2[☐20, L0[]], Eii: L2[☐30, ☐35], put: L2[L0[], L0[]] -> V0 -> V1 -> L2[_8_s, _9_s], tr: L7[]
[17:55:58.781707]		Fast forwarded from
		0: L0[], 1: L0[], Ebi: L2[☐10, ☐15], Eib: L2[☐20, L0[]], Eii: L2[☐30, ☐35], put: L2[L0[], L0[]] -> V0 -> V1 -> L2[_8_s, _9_s], tr: L7[]
		0: L0[], 1: L0[], Ebi: L2[L0[], L0[]], Eib: L2[L0[], L0[]], Eii: L2[L0[], L0[]], put: L2[L0[], L0[]] -> V0 -> V1 -> L2[L0[], L0[]], tr: L7[]
[17:55:58.782223]	Exploring 0: L0[], 1: L0[], Ebi: L2[☐10, ☐15], Eib: L2[☐20, L0[]], Eii: L2[☐30, ☐35], put: L2[L0[], V0] -> V0 -> V1 -> L2[_8_s, _9_s], tr: L7[]
[17:55:58.782462]		Fast forwarded from
		0: L0[], 1: L0[], Ebi: L2[☐10, ☐15], Eib: L2[☐20, L0[]], Eii: L2[☐30, ☐35], put: L2[L0[], V0] -> V0 -> V1 -> L2[_8_s, _9_s], tr: L7[]
		0: L0[], 1: L0[], Ebi: L2[L0[], L7[]], Eib: L2[L0[], L0[]], Eii: L2[L0[], L0[]], put: L2[L0[], V0] -> V0 -> V1 -> L2[L0[], V0], tr: L7[]
[17:55:58.783076]	Exploring 0: L0[], 1: L0[], Ebi: L2[☐10, ☐15], Eib: L2[☐20, L0[]], Eii: L2[☐30, ☐35], put: L2[L0[], V2] -> V0 -> V1 -> L2[_8_s, _9_s], tr: L7[]
[17:55:58.783437]	Exploring 0: L0[], 1: L0[], Ebi: L2[☐10, ☐15], Eib: L2[☐20, L0[]], Eii: L2[☐30, ☐35], put: L2[L7[], _7_s] -> V0 -> V1 -> L2[_8_s, _9_s], tr: L7[]
[17:55:58.783721]	Exploring 0: L0[], 1: L0[], Ebi: L2[☐10, ☐15], Eib: L2[☐20, L0[]], Eii: L2[☐30, ☐35], put: L2[L7[], L0[]] -> V0 -> V1 -> L2[_8_s, _9_s], tr: L7[]
[17:55:58.783962]		Fast forwarded from
		0: L0[], 1: L0[], Ebi: L2[☐10, ☐15], Eib: L2[☐20, L0[]], Eii: L2[☐30, ☐35], put: L2[L7[], L0[]] -> V0 -> V1 -> L2[_8_s, _9_s], tr: L7[]
		0: L0[], 1: L0[], Ebi: L2[L7[], L0[]], Eib: L2[L7[], L0[]], Eii: L2[L7[], L0[]], put: L2[L7[], L0[]] -> V0 -> V1 -> L2[L7[], L0[]], tr: L7[]
[17:55:58.784485]	Exploring 0: L0[], 1: L0[], Ebi: L2[☐10, ☐15], Eib: L2[☐20, L0[]], Eii: L2[☐30, ☐35], put: L2[L7[], V0] -> V0 -> V1 -> L2[_8_s, _9_s], tr: L7[]
[17:55:58.784737]		Fast forwarded from
		0: L0[], 1: L0[], Ebi: L2[☐10, ☐15], Eib: L2[☐20, L0[]], Eii: L2[☐30, ☐35], put: L2[L7[], V0] -> V0 -> V1 -> L2[_8_s, _9_s], tr: L7[]
		0: L0[], 1: L0[], Ebi: L2[L7[], L7[]], Eib: L2[L7[], L0[]], Eii: L2[L7[], L0[]], put: L2[L7[], V0] -> V0 -> V1 -> L2[L7[], V0], tr: L7[]
[17:55:58.785250]	Exploring 0: L0[], 1: L0[], Ebi: L2[☐10, ☐15], Eib: L2[☐20, L0[]], Eii: L2[☐30, ☐35], put: L2[L7[], V2] -> V0 -> V1 -> L2[_8_s, _9_s], tr: L7[]
[17:55:58.785495]	Exploring 0: L0[], 1: L0[], Ebi: L2[☐10, ☐15], Eib: L2[☐20, L0[]], Eii: L2[☐30, ☐35], put: L2[V0, _7_s] -> V0 -> V1 -> L2[_8_s, _9_s], tr: L7[]
[17:55:58.785684]	Exploring 0: L0[], 1: L0[], Ebi: L2[☐10, ☐15], Eib: L2[☐20, L0[]], Eii: L2[☐30, ☐35], put: L2[V0, L0[]] -> V0 -> V1 -> L2[_8_s, _9_s], tr: L7[]
[17:55:58.785823]		Fast forwarded from
		0: L0[], 1: L0[], Ebi: L2[☐10, ☐15], Eib: L2[☐20, L0[]], Eii: L2[☐30, ☐35], put: L2[V0, L0[]] -> V0 -> V1 -> L2[_8_s, _9_s], tr: L7[]
		0: L0[], 1: L0[], Ebi: L2[L7[], L0[]], Eib: L2[L0[], L0[]], Eii: L2[L0[], L0[]], put: L2[V0, L0[]] -> V0 -> V1 -> L2[V0, L0[]], tr: L7[]
[17:55:58.786200]	Exploring 0: L0[], 1: L0[], Ebi: L2[☐10, ☐15], Eib: L2[☐20, L0[]], Eii: L2[☐30, ☐35], put: L2[V0, V0] -> V0 -> V1 -> L2[_8_s, _9_s], tr: L7[]
[17:55:58.786471]	Exploring 0: L0[], 1: L0[], Ebi: L2[☐10, ☐15], Eib: L2[☐20, L0[]], Eii: L2[☐30, ☐35], put: L2[V0, V2] -> V0 -> V1 -> L2[_8_s, _9_s], tr: L7[]
[17:55:58.786683]	Exploring 0: L0[], 1: L0[], Ebi: L2[☐10, ☐15], Eib: L2[☐20, L0[]], Eii: L2[☐30, ☐35], put: L2[V1, _7_s] -> V0 -> V1 -> L2[_8_s, _9_s], tr: L7[]
[17:55:58.786892]	Exploring 0: L0[], 1: L0[], Ebi: L2[☐10, ☐15], Eib: L2[☐20, L0[]], Eii: L2[☐30, ☐35], put: L2[V1, L0[]] -> V0 -> V1 -> L2[_8_s, _9_s], tr: L7[]
[17:55:58.787028]		Fast forwarded from
		0: L0[], 1: L0[], Ebi: L2[☐10, ☐15], Eib: L2[☐20, L0[]], Eii: L2[☐30, ☐35], put: L2[V1, L0[]] -> V0 -> V1 -> L2[_8_s, _9_s], tr: L7[]
		0: L0[], 1: L0[], Ebi: L2[L0[], L0[]], Eib: L2[L7[], L0[]], Eii: L2[L0[], L0[]], put: L2[V1, L0[]] -> V0 -> V1 -> L2[V0, L0[]], tr: L7[]
[17:55:58.787222]	Exploring 0: L0[], 1: L0[], Ebi: L2[☐10, ☐15], Eib: L2[☐20, L0[]], Eii: L2[☐30, ☐35], put: L2[V1, V0] -> V0 -> V1 -> L2[_8_s, _9_s], tr: L7[]
[17:55:58.787343]		Fast forwarded from
		0: L0[], 1: L0[], Ebi: L2[☐10, ☐15], Eib: L2[☐20, L0[]], Eii: L2[☐30, ☐35], put: L2[V1, V0] -> V0 -> V1 -> L2[_8_s, _9_s], tr: L7[]
		0: L0[], 1: L0[], Ebi: L2[L0[], L7[]], Eib: L2[L7[], L0[]], Eii: L2[L0[], L0[]], put: L2[V1, V0] -> V0 -> V1 -> L2[V0, V0], tr: L7[]
[17:55:58.787531]	Exploring 0: L0[], 1: L0[], Ebi: L2[☐10, ☐15], Eib: L2[☐20, L0[]], Eii: L2[☐30, ☐35], put: L2[V1, V1] -> V0 -> V1 -> L2[_8_s, _9_s], tr: L7[]
[17:55:58.787760]	Exploring 0: L0[], 1: L0[], Ebi: L2[☐10, ☐15], Eib: L2[☐20, L0[]], Eii: L2[☐30, ☐35], put: L2[V1, V2] -> V0 -> V1 -> L2[_8_s, _9_s], tr: L7[]
[17:55:58.787974]	Exploring 0: L0[], 1: L0[], Ebi: L2[☐10, ☐15], Eib: L2[☐20, L0[]], Eii: L2[☐30, ☐35], put: L2[V2, _7_s] -> V0 -> V1 -> L2[_8_s, _9_s], tr: L7[]
[17:55:58.788183]	Exploring 0: L0[], 1: L0[], Ebi: L2[☐10, ☐15], Eib: L2[☐20, L0[]], Eii: L2[☐30, ☐35], put: L2[V2, L0[]] -> V0 -> V1 -> L2[_8_s, _9_s], tr: L7[]
[17:55:58.788409]	Exploring 0: L0[], 1: L0[], Ebi: L2[☐10, ☐15], Eib: L2[☐20, L0[]], Eii: L2[☐30, ☐35], put: L2[V2, V0] -> V0 -> V1 -> L2[_8_s, _9_s], tr: L7[]
[17:55:58.788634]	Exploring 0: L0[], 1: L0[], Ebi: L2[☐10, ☐15], Eib: L2[☐20, L0[]], Eii: L2[☐30, ☐35], put: L2[V2, V2] -> V0 -> V1 -> L2[_8_s, _9_s], tr: L7[]
[17:55:58.788880]	Exploring 0: L0[], 1: L0[], Ebi: L2[☐10, ☐15], Eib: L2[☐20, L0[]], Eii: L2[☐30, ☐35], put: L2[V2, V3] -> V0 -> V1 -> L2[_8_s, _9_s], tr: L7[]
[17:55:58.789048]	Exploring 0: L0[], 1: L0[], Ebi: L2[☐10, ☐15], Eib: L2[☐20, L0[]], Eii: L2[☐30, L0[]], put: L2[_6_s, _7_s] -> V0 -> V1 -> L2[_8_s, _9_s], tr: L7[]
[17:55:58.789206]	Exploring 0: L0[], 1: L0[], Ebi: L2[☐10, ☐15], Eib: L2[☐20, L0[]], Eii: L2[☐30, L0[]], put: L2[☐40, _7_s] -> V0 -> V1 -> L2[_8_s, _9_s], tr: L7[]
[17:55:58.789380]	Exploring 0: L0[], 1: L0[], Ebi: L2[☐10, ☐15], Eib: L2[☐20, L0[]], Eii: L2[☐30, L0[]], put: L2[☐40, L0[]] -> V0 -> V1 -> L2[_8_s, _9_s], tr: L7[]
[17:55:58.789600]	Exploring 0: L0[], 1: L0[], Ebi: L2[☐10, ☐15], Eib: L2[☐20, L0[]], Eii: L2[☐30, L0[]], put: L2[☐40, V0] -> V0 -> V1 -> L2[_8_s, _9_s], tr: L7[]
[17:55:58.789837]	Exploring 0: L0[], 1: L0[], Ebi: L2[☐10, ☐15], Eib: L2[☐20, L0[]], Eii: L2[☐30, L0[]], put: L2[☐40, V2] -> V0 -> V1 -> L2[_8_s, _9_s], tr: L7[]
[17:55:58.790017]	Exploring 0: L0[], 1: L0[], Ebi: L2[☐10, ☐15], Eib: L2[☐20, L0[]], Eii: L2[☐30, L0[]], put: L2[L0[], _7_s] -> V0 -> V1 -> L2[_8_s, _9_s], tr: L7[]
[17:55:58.790224]	Exploring 0: L0[], 1: L0[], Ebi: L2[☐10, ☐15], Eib: L2[☐20, L0[]], Eii: L2[☐30, L0[]], put: L2[L7[], _7_s] -> V0 -> V1 -> L2[_8_s, _9_s], tr: L7[]
[17:55:58.790448]	Exploring 0: L0[], 1: L0[], Ebi: L2[☐10, ☐15], Eib: L2[☐20, L0[]], Eii: L2[☐30, L0[]], put: L2[V0, _7_s] -> V0 -> V1 -> L2[_8_s, _9_s], tr: L7[]
[17:55:58.790685]	Exploring 0: L0[], 1: L0[], Ebi: L2[☐10, ☐15], Eib: L2[☐20, L0[]], Eii: L2[☐30, L0[]], put: L2[V1, _7_s] -> V0 -> V1 -> L2[_8_s, _9_s], tr: L7[]
[17:55:58.790919]	Exploring 0: L0[], 1: L0[], Ebi: L2[☐10, ☐15], Eib: L2[☐20, L0[]], Eii: L2[☐30, L0[]], put: L2[V2, _7_s] -> V0 -> V1 -> L2[_8_s, _9_s], tr: L7[]
[17:55:58.791142]	Exploring 0: L0[], 1: L0[], Ebi: L2[☐10, ☐15], Eib: L2[☐20, L0[]], Eii: L2[☐30, L7[]], put: L2[_6_s, _7_s] -> V0 -> V1 -> L2[_8_s, _9_s], tr: L7[]
[17:55:58.791448]	Exploring 0: L0[], 1: L0[], Ebi: L2[☐10, ☐15], Eib: L2[☐20, L0[]], Eii: L2[☐30, L7[]], put: L2[☐40, _7_s] -> V0 -> V1 -> L2[_8_s, _9_s], tr: L7[]
[17:55:58.791748]	Exploring 0: L0[], 1: L0[], Ebi: L2[☐10, ☐15], Eib: L2[☐20, L0[]], Eii: L2[☐30, L7[]], put: L2[☐40, V2] -> V0 -> V1 -> L2[_8_s, _9_s], tr: L7[]
[17:55:58.791960]	Exploring 0: L0[], 1: L0[], Ebi: L2[☐10, ☐15], Eib: L2[☐20, L0[]], Eii: L2[☐30, L7[]], put: L2[L0[], _7_s] -> V0 -> V1 -> L2[_8_s, _9_s], tr: L7[]
[17:55:58.792182]	Exploring 0: L0[], 1: L0[], Ebi: L2[☐10, ☐15], Eib: L2[☐20, L0[]], Eii: L2[☐30, L7[]], put: L2[L7[], _7_s] -> V0 -> V1 -> L2[_8_s, _9_s], tr: L7[]
[17:55:58.792428]	Exploring 0: L0[], 1: L0[], Ebi: L2[☐10, ☐15], Eib: L2[☐20, L0[]], Eii: L2[☐30, L7[]], put: L2[V0, _7_s] -> V0 -> V1 -> L2[_8_s, _9_s], tr: L7[]
[17:55:58.792670]	Exploring 0: L0[], 1: L0[], Ebi: L2[☐10, ☐15], Eib: L2[☐20, L0[]], Eii: L2[☐30, L7[]], put: L2[V1, _7_s] -> V0 -> V1 -> L2[_8_s, _9_s], tr: L7[]
[17:55:58.792942]	Exploring 0: L0[], 1: L0[], Ebi: L2[☐10, ☐15], Eib: L2[☐20, L0[]], Eii: L2[☐30, L7[]], put: L2[V2, _7_s] -> V0 -> V1 -> L2[_8_s, _9_s], tr: L7[]
[17:55:58.793149]	Exploring 0: L0[], 1: L0[], Ebi: L2[☐10, ☐15], Eib: L2[☐20, L0[]], Eii: L2[L0[], _5_s], put: L2[_6_s, _7_s] -> V0 -> V1 -> L2[_8_s, _9_s], tr: L7[]
[17:55:58.793317]	Exploring 0: L0[], 1: L0[], Ebi: L2[☐10, ☐15], Eib: L2[☐20, L0[]], Eii: L2[L0[], ☐35], put: L2[_6_s, _7_s] -> V0 -> V1 -> L2[_8_s, _9_s], tr: L7[]
[17:55:58.793552]	Exploring 0: L0[], 1: L0[], Ebi: L2[☐10, ☐15], Eib: L2[☐20, L0[]], Eii: L2[L0[], ☐35], put: L2[L0[], _7_s] -> V0 -> V1 -> L2[_8_s, _9_s], tr: L7[]
[17:55:58.793874]	Exploring 0: L0[], 1: L0[], Ebi: L2[☐10, ☐15], Eib: L2[☐20, L0[]], Eii: L2[L0[], ☐35], put: L2[V0, _7_s] -> V0 -> V1 -> L2[_8_s, _9_s], tr: L7[]
[17:55:58.794141]	Exploring 0: L0[], 1: L0[], Ebi: L2[☐10, ☐15], Eib: L2[☐20, L0[]], Eii: L2[L0[], ☐35], put: L2[V1, _7_s] -> V0 -> V1 -> L2[_8_s, _9_s], tr: L7[]
[17:55:58.794385]	Exploring 0: L0[], 1: L0[], Ebi: L2[☐10, ☐15], Eib: L2[☐20, L0[]], Eii: L2[L0[], ☐35], put: L2[V2, _7_s] -> V0 -> V1 -> L2[_8_s, _9_s], tr: L7[]
[17:55:58.794593]	Exploring 0: L0[], 1: L0[], Ebi: L2[☐10, ☐15], Eib: L2[☐20, L0[]], Eii: L2[L0[], L0[]], put: L2[_6_s, _7_s] -> V0 -> V1 -> L2[_8_s, _9_s], tr: L7[]
[17:55:58.794810]	Exploring 0: L0[], 1: L0[], Ebi: L2[☐10, ☐15], Eib: L2[☐20, L0[]], Eii: L2[L0[], L7[]], put: L2[_6_s, _7_s] -> V0 -> V1 -> L2[_8_s, _9_s], tr: L7[]
[17:55:58.795122]	Exploring 0: L0[], 1: L0[], Ebi: L2[☐10, ☐15], Eib: L2[☐20, L0[]], Eii: L2[L7[], _5_s], put: L2[_6_s, _7_s] -> V0 -> V1 -> L2[_8_s, _9_s], tr: L7[]
[17:55:58.795299]	Exploring 0: L0[], 1: L0[], Ebi: L2[☐10, ☐15], Eib: L2[☐20, L0[]], Eii: L2[L7[], ☐35], put: L2[_6_s, _7_s] -> V0 -> V1 -> L2[_8_s, _9_s], tr: L7[]
[17:55:58.795532]	Exploring 0: L0[], 1: L0[], Ebi: L2[☐10, ☐15], Eib: L2[☐20, L0[]], Eii: L2[L7[], ☐35], put: L2[L7[], _7_s] -> V0 -> V1 -> L2[_8_s, _9_s], tr: L7[]
[17:55:58.795942]	Exploring 0: L0[], 1: L0[], Ebi: L2[☐10, ☐15], Eib: L2[☐20, L0[]], Eii: L2[L7[], ☐35], put: L2[V2, _7_s] -> V0 -> V1 -> L2[_8_s, _9_s], tr: L7[]
[17:55:58.796163]	Exploring 0: L0[], 1: L0[], Ebi: L2[☐10, ☐15], Eib: L2[☐20, L0[]], Eii: L2[L7[], L0[]], put: L2[_6_s, _7_s] -> V0 -> V1 -> L2[_8_s, _9_s], tr: L7[]
[17:55:58.796399]	Exploring 0: L0[], 1: L0[], Ebi: L2[☐10, ☐15], Eib: L2[☐20, L0[]], Eii: L2[L7[], L7[]], put: L2[_6_s, _7_s] -> V0 -> V1 -> L2[_8_s, _9_s], tr: L7[]
[17:55:58.796704]	Exploring 0: L0[], 1: L0[], Ebi: L2[☐10, ☐15], Eib: L2[☐20, L7[]], Eii: L2[_4_s, _5_s], put: L2[_6_s, _7_s] -> V0 -> V1 -> L2[_8_s, _9_s], tr: L7[]
[17:55:58.796957]	Exploring 0: L0[], 1: L0[], Ebi: L2[☐10, ☐15], Eib: L2[☐20, L7[]], Eii: L2[☐30, _5_s], put: L2[_6_s, _7_s] -> V0 -> V1 -> L2[_8_s, _9_s], tr: L7[]
[17:55:58.797128]	Exploring 0: L0[], 1: L0[], Ebi: L2[☐10, ☐15], Eib: L2[☐20, L7[]], Eii: L2[☐30, ☐35], put: L2[_6_s, _7_s] -> V0 -> V1 -> L2[_8_s, _9_s], tr: L7[]
[17:55:58.797315]	Exploring 0: L0[], 1: L0[], Ebi: L2[☐10, ☐15], Eib: L2[☐20, L7[]], Eii: L2[☐30, ☐35], put: L2[☐40, _7_s] -> V0 -> V1 -> L2[_8_s, _9_s], tr: L7[]
[17:55:58.797506]	Exploring 0: L0[], 1: L0[], Ebi: L2[☐10, ☐15], Eib: L2[☐20, L7[]], Eii: L2[☐30, ☐35], put: L2[☐40, L7[]] -> V0 -> V1 -> L2[_8_s, _9_s], tr: L7[]
[17:55:58.797680]	Exploring 0: L0[], 1: L0[], Ebi: L2[☐10, ☐15], Eib: L2[☐20, L7[]], Eii: L2[☐30, ☐35], put: L2[☐40, L7[]] -> V0 -> V1 -> L2[☐50, _9_s], tr: L7[]
[17:55:58.797917]	Exploring 0: L0[], 1: L0[], Ebi: L2[☐10, ☐15], Eib: L2[☐20, L7[]], Eii: L2[☐30, ☐35], put: L2[☐40, L7[]] -> V0 -> V1 -> L2[☐50, L7[]], tr: L7[]
[17:55:58.798328]	Exploring 0: L0[], 1: L0[], Ebi: L2[☐10, ☐15], Eib: L2[☐20, L7[]], Eii: L2[☐30, ☐35], put: L2[☐40, L7[]] -> V0 -> V1 -> L2[L0[], _9_s], tr: L7[]
[17:55:58.798720]	Exploring 0: L0[], 1: L0[], Ebi: L2[☐10, ☐15], Eib: L2[☐20, L7[]], Eii: L2[☐30, ☐35], put: L2[☐40, L7[]] -> V0 -> V1 -> L2[L7[], _9_s], tr: L7[]
[17:55:58.799114]	Exploring 0: L0[], 1: L0[], Ebi: L2[☐10, ☐15], Eib: L2[☐20, L7[]], Eii: L2[☐30, ☐35], put: L2[☐40, L7[]] -> V0 -> V1 -> L2[V0, _9_s], tr: L7[]
[17:55:58.799495]	Exploring 0: L0[], 1: L0[], Ebi: L2[☐10, ☐15], Eib: L2[☐20, L7[]], Eii: L2[☐30, ☐35], put: L2[☐40, L7[]] -> V0 -> V1 -> L2[V1, _9_s], tr: L7[]
[17:55:58.799920]	Exploring 0: L0[], 1: L0[], Ebi: L2[☐10, ☐15], Eib: L2[☐20, L7[]], Eii: L2[☐30, ☐35], put: L2[☐40, V1] -> V0 -> V1 -> L2[_8_s, _9_s], tr: L7[]
[17:55:58.800275]	Exploring 0: L0[], 1: L0[], Ebi: L2[☐10, ☐15], Eib: L2[☐20, L7[]], Eii: L2[☐30, ☐35], put: L2[☐40, V1] -> V0 -> V1 -> L2[☐50, _9_s], tr: L7[]
[17:55:58.800636]	Exploring 0: L0[], 1: L0[], Ebi: L2[☐10, ☐15], Eib: L2[☐20, L7[]], Eii: L2[☐30, ☐35], put: L2[☐40, V1] -> V0 -> V1 -> L2[☐50, V1], tr: L7[]
[17:55:58.801093]	Exploring 0: L0[], 1: L0[], Ebi: L2[☐10, ☐15], Eib: L2[☐20, L7[]], Eii: L2[☐30, ☐35], put: L2[☐40, V1] -> V0 -> V1 -> L2[L0[], _9_s], tr: L7[]
[17:55:58.801525]	Exploring 0: L0[], 1: L0[], Ebi: L2[☐10, ☐15], Eib: L2[☐20, L7[]], Eii: L2[☐30, ☐35], put: L2[☐40, V1] -> V0 -> V1 -> L2[L7[], _9_s], tr: L7[]
[17:55:58.801954]	Exploring 0: L0[], 1: L0[], Ebi: L2[☐10, ☐15], Eib: L2[☐20, L7[]], Eii: L2[☐30, ☐35], put: L2[☐40, V1] -> V0 -> V1 -> L2[V0, _9_s], tr: L7[]
[17:55:58.802317]	Exploring 0: L0[], 1: L0[], Ebi: L2[☐10, ☐15], Eib: L2[☐20, L7[]], Eii: L2[☐30, ☐35], put: L2[☐40, V1] -> V0 -> V1 -> L2[V1, _9_s], tr: L7[]
[17:55:58.802618]	Exploring 0: L0[], 1: L0[], Ebi: L2[☐10, ☐15], Eib: L2[☐20, L7[]], Eii: L2[☐30, ☐35], put: L2[☐40, V2] -> V0 -> V1 -> L2[_8_s, _9_s], tr: L7[]
[17:55:58.802839]	Exploring 0: L0[], 1: L0[], Ebi: L2[☐10, ☐15], Eib: L2[☐20, L7[]], Eii: L2[☐30, ☐35], put: L2[☐40, V2] -> V0 -> V1 -> L2[☐50, _9_s], tr: L7[]
[17:55:58.803140]	Exploring 0: L0[], 1: L0[], Ebi: L2[☐10, ☐15], Eib: L2[☐20, L7[]], Eii: L2[☐30, ☐35], put: L2[☐40, V2] -> V0 -> V1 -> L2[☐50, ☐55], tr: L7[]
[17:55:58.803503]	Exploring 0: L0[], 1: L0[], Ebi: L2[☐10, ☐15], Eib: L2[☐20, L7[]], Eii: L2[☐30, ☐35], put: L2[☐40, V2] -> V0 -> V1 -> L2[☐50, L0[]], tr: L7[]
[17:55:58.803857]	Exploring 0: L0[], 1: L0[], Ebi: L2[☐10, ☐15], Eib: L2[☐20, L7[]], Eii: L2[☐30, ☐35], put: L2[☐40, V2] -> V0 -> V1 -> L2[☐50, L7[]], tr: L7[]
[17:55:58.804151]	Exploring 0: L0[], 1: L0[], Ebi: L2[☐10, ☐15], Eib: L2[☐20, L7[]], Eii: L2[☐30, ☐35], put: L2[☐40, V2] -> V0 -> V1 -> L2[☐50, V0], tr: L7[]
[17:55:58.804428]	Exploring 0: L0[], 1: L0[], Ebi: L2[☐10, ☐15], Eib: L2[☐20, L7[]], Eii: L2[☐30, ☐35], put: L2[☐40, V2] -> V0 -> V1 -> L2[☐50, V1], tr: L7[]
[17:55:58.804678]	Exploring 0: L0[], 1: L0[], Ebi: L2[☐10, ☐15], Eib: L2[☐20, L7[]], Eii: L2[☐30, ☐35], put: L2[☐40, V2] -> V0 -> V1 -> L2[☐50, V2], tr: L7[]
[17:55:58.804916]	Exploring 0: L0[], 1: L0[], Ebi: L2[☐10, ☐15], Eib: L2[☐20, L7[]], Eii: L2[☐30, ☐35], put: L2[☐40, V2] -> V0 -> V1 -> L2[L0[], _9_s], tr: L7[]
[17:55:58.805173]	Exploring 0: L0[], 1: L0[], Ebi: L2[☐10, ☐15], Eib: L2[☐20, L7[]], Eii: L2[☐30, ☐35], put: L2[☐40, V2] -> V0 -> V1 -> L2[L7[], _9_s], tr: L7[]
[17:55:58.805476]	Exploring 0: L0[], 1: L0[], Ebi: L2[☐10, ☐15], Eib: L2[☐20, L7[]], Eii: L2[☐30, ☐35], put: L2[☐40, V2] -> V0 -> V1 -> L2[V0, _9_s], tr: L7[]
[17:55:58.805757]	Exploring 0: L0[], 1: L0[], Ebi: L2[☐10, ☐15], Eib: L2[☐20, L7[]], Eii: L2[☐30, ☐35], put: L2[☐40, V2] -> V0 -> V1 -> L2[V1, _9_s], tr: L7[]
[17:55:58.806010]	Exploring 0: L0[], 1: L0[], Ebi: L2[☐10, ☐15], Eib: L2[☐20, L7[]], Eii: L2[☐30, ☐35], put: L2[☐40, V2] -> V0 -> V1 -> L2[V2, _9_s], tr: L7[]
[17:55:58.806223]	Exploring 0: L0[], 1: L0[], Ebi: L2[☐10, ☐15], Eib: L2[☐20, L7[]], Eii: L2[☐30, ☐35], put: L2[L0[], _7_s] -> V0 -> V1 -> L2[_8_s, _9_s], tr: L7[]
[17:55:58.806466]	Exploring 0: L0[], 1: L0[], Ebi: L2[☐10, ☐15], Eib: L2[☐20, L7[]], Eii: L2[☐30, ☐35], put: L2[L0[], L7[]] -> V0 -> V1 -> L2[_8_s, _9_s], tr: L7[]
[17:55:58.806652]		Fast forwarded from
		0: L0[], 1: L0[], Ebi: L2[☐10, ☐15], Eib: L2[☐20, L7[]], Eii: L2[☐30, ☐35], put: L2[L0[], L7[]] -> V0 -> V1 -> L2[_8_s, _9_s], tr: L7[]
		0: L0[], 1: L0[], Ebi: L2[L0[], L7[]], Eib: L2[L0[], L7[]], Eii: L2[L0[], L7[]], put: L2[L0[], L7[]] -> V0 -> V1 -> L2[L0[], L7[]], tr: L7[]
[17:55:58.807036]	Exploring 0: L0[], 1: L0[], Ebi: L2[☐10, ☐15], Eib: L2[☐20, L7[]], Eii: L2[☐30, ☐35], put: L2[L0[], V1] -> V0 -> V1 -> L2[_8_s, _9_s], tr: L7[]
[17:55:58.807201]		Fast forwarded from
		0: L0[], 1: L0[], Ebi: L2[☐10, ☐15], Eib: L2[☐20, L7[]], Eii: L2[☐30, ☐35], put: L2[L0[], V1] -> V0 -> V1 -> L2[_8_s, _9_s], tr: L7[]
		0: L0[], 1: L0[], Ebi: L2[L0[], L0[]], Eib: L2[L0[], L7[]], Eii: L2[L0[], L0[]], put: L2[L0[], V1] -> V0 -> V1 -> L2[L0[], V0], tr: L7[]
[17:55:58.807490]	Exploring 0: L0[], 1: L0[], Ebi: L2[☐10, ☐15], Eib: L2[☐20, L7[]], Eii: L2[☐30, ☐35], put: L2[L0[], V2] -> V0 -> V1 -> L2[_8_s, _9_s], tr: L7[]
[17:55:58.807756]	Exploring 0: L0[], 1: L0[], Ebi: L2[☐10, ☐15], Eib: L2[☐20, L7[]], Eii: L2[☐30, ☐35], put: L2[L7[], _7_s] -> V0 -> V1 -> L2[_8_s, _9_s], tr: L7[]
[17:55:58.807935]	Exploring 0: L0[], 1: L0[], Ebi: L2[☐10, ☐15], Eib: L2[☐20, L7[]], Eii: L2[☐30, ☐35], put: L2[L7[], L7[]] -> V0 -> V1 -> L2[_8_s, _9_s], tr: L7[]
[17:55:58.808084]		Fast forwarded from
		0: L0[], 1: L0[], Ebi: L2[☐10, ☐15], Eib: L2[☐20, L7[]], Eii: L2[☐30, ☐35], put: L2[L7[], L7[]] -> V0 -> V1 -> L2[_8_s, _9_s], tr: L7[]
		0: L0[], 1: L0[], Ebi: L2[L7[], L7[]], Eib: L2[L7[], L7[]], Eii: L2[L7[], L7[]], put: L2[L7[], L7[]] -> V0 -> V1 -> L2[L7[], L7[]], tr: L7[]
[17:55:58.808429]	Exploring 0: L0[], 1: L0[], Ebi: L2[☐10, ☐15], Eib: L2[☐20, L7[]], Eii: L2[☐30, ☐35], put: L2[L7[], V1] -> V0 -> V1 -> L2[_8_s, _9_s], tr: L7[]
[17:55:58.808568]		Fast forwarded from
		0: L0[], 1: L0[], Ebi: L2[☐10, ☐15], Eib: L2[☐20, L7[]], Eii: L2[☐30, ☐35], put: L2[L7[], V1] -> V0 -> V1 -> L2[_8_s, _9_s], tr: L7[]
		0: L0[], 1: L0[], Ebi: L2[L7[], L0[]], Eib: L2[L7[], L7[]], Eii: L2[L7[], L0[]], put: L2[L7[], V1] -> V0 -> V1 -> L2[L7[], V0], tr: L7[]
[17:55:58.808771]	Exploring 0: L0[], 1: L0[], Ebi: L2[☐10, ☐15], Eib: L2[☐20, L7[]], Eii: L2[☐30, ☐35], put: L2[L7[], V2] -> V0 -> V1 -> L2[_8_s, _9_s], tr: L7[]
[17:55:58.808994]	Exploring 0: L0[], 1: L0[], Ebi: L2[☐10, ☐15], Eib: L2[☐20, L7[]], Eii: L2[☐30, ☐35], put: L2[V0, _7_s] -> V0 -> V1 -> L2[_8_s, _9_s], tr: L7[]
[17:55:58.809190]	Exploring 0: L0[], 1: L0[], Ebi: L2[☐10, ☐15], Eib: L2[☐20, L7[]], Eii: L2[☐30, ☐35], put: L2[V0, L7[]] -> V0 -> V1 -> L2[_8_s, _9_s], tr: L7[]
[17:55:58.809331]		Fast forwarded from
		0: L0[], 1: L0[], Ebi: L2[☐10, ☐15], Eib: L2[☐20, L7[]], Eii: L2[☐30, ☐35], put: L2[V0, L7[]] -> V0 -> V1 -> L2[_8_s, _9_s], tr: L7[]
		0: L0[], 1: L0[], Ebi: L2[L7[], L7[]], Eib: L2[L0[], L7[]], Eii: L2[L0[], L7[]], put: L2[V0, L7[]] -> V0 -> V1 -> L2[V0, L7[]], tr: L7[]
[17:55:58.809714]	Exploring 0: L0[], 1: L0[], Ebi: L2[☐10, ☐15], Eib: L2[☐20, L7[]], Eii: L2[☐30, ☐35], put: L2[V0, V0] -> V0 -> V1 -> L2[_8_s, _9_s], tr: L7[]
[17:55:58.809990]	Exploring 0: L0[], 1: L0[], Ebi: L2[☐10, ☐15], Eib: L2[☐20, L7[]], Eii: L2[☐30, ☐35], put: L2[V0, V1] -> V0 -> V1 -> L2[_8_s, _9_s], tr: L7[]
[17:55:58.810126]		Fast forwarded from
		0: L0[], 1: L0[], Ebi: L2[☐10, ☐15], Eib: L2[☐20, L7[]], Eii: L2[☐30, ☐35], put: L2[V0, V1] -> V0 -> V1 -> L2[_8_s, _9_s], tr: L7[]
		0: L0[], 1: L0[], Ebi: L2[L7[], L0[]], Eib: L2[L0[], L7[]], Eii: L2[L0[], L0[]], put: L2[V0, V1] -> V0 -> V1 -> L2[V0, V0], tr: L7[]
[17:55:58.810339]	Exploring 0: L0[], 1: L0[], Ebi: L2[☐10, ☐15], Eib: L2[☐20, L7[]], Eii: L2[☐30, ☐35], put: L2[V0, V2] -> V0 -> V1 -> L2[_8_s, _9_s], tr: L7[]
[17:55:58.810582]	Exploring 0: L0[], 1: L0[], Ebi: L2[☐10, ☐15], Eib: L2[☐20, L7[]], Eii: L2[☐30, ☐35], put: L2[V1, _7_s] -> V0 -> V1 -> L2[_8_s, _9_s], tr: L7[]
[17:55:58.810784]	Exploring 0: L0[], 1: L0[], Ebi: L2[☐10, ☐15], Eib: L2[☐20, L7[]], Eii: L2[☐30, ☐35], put: L2[V1, L7[]] -> V0 -> V1 -> L2[_8_s, _9_s], tr: L7[]
[17:55:58.810926]		Fast forwarded from
		0: L0[], 1: L0[], Ebi: L2[☐10, ☐15], Eib: L2[☐20, L7[]], Eii: L2[☐30, ☐35], put: L2[V1, L7[]] -> V0 -> V1 -> L2[_8_s, _9_s], tr: L7[]
		0: L0[], 1: L0[], Ebi: L2[L0[], L7[]], Eib: L2[L7[], L7[]], Eii: L2[L0[], L7[]], put: L2[V1, L7[]] -> V0 -> V1 -> L2[V0, L7[]], tr: L7[]
[17:55:58.811185]	Exploring 0: L0[], 1: L0[], Ebi: L2[☐10, ☐15], Eib: L2[☐20, L7[]], Eii: L2[☐30, ☐35], put: L2[V1, V1] -> V0 -> V1 -> L2[_8_s, _9_s], tr: L7[]
[17:55:58.811443]	Exploring 0: L0[], 1: L0[], Ebi: L2[☐10, ☐15], Eib: L2[☐20, L7[]], Eii: L2[☐30, ☐35], put: L2[V1, V2] -> V0 -> V1 -> L2[_8_s, _9_s], tr: L7[]
[17:55:58.811680]	Exploring 0: L0[], 1: L0[], Ebi: L2[☐10, ☐15], Eib: L2[☐20, L7[]], Eii: L2[☐30, ☐35], put: L2[V2, _7_s] -> V0 -> V1 -> L2[_8_s, _9_s], tr: L7[]
[17:55:58.811911]	Exploring 0: L0[], 1: L0[], Ebi: L2[☐10, ☐15], Eib: L2[☐20, L7[]], Eii: L2[☐30, ☐35], put: L2[V2, L7[]] -> V0 -> V1 -> L2[_8_s, _9_s], tr: L7[]
[17:55:58.812162]	Exploring 0: L0[], 1: L0[], Ebi: L2[☐10, ☐15], Eib: L2[☐20, L7[]], Eii: L2[☐30, ☐35], put: L2[V2, V1] -> V0 -> V1 -> L2[_8_s, _9_s], tr: L7[]
[17:55:58.812410]	Exploring 0: L0[], 1: L0[], Ebi: L2[☐10, ☐15], Eib: L2[☐20, L7[]], Eii: L2[☐30, ☐35], put: L2[V2, V2] -> V0 -> V1 -> L2[_8_s, _9_s], tr: L7[]
[17:55:58.812665]	Exploring 0: L0[], 1: L0[], Ebi: L2[☐10, ☐15], Eib: L2[☐20, L7[]], Eii: L2[☐30, ☐35], put: L2[V2, V3] -> V0 -> V1 -> L2[_8_s, _9_s], tr: L7[]
[17:55:58.812838]	Exploring 0: L0[], 1: L0[], Ebi: L2[☐10, ☐15], Eib: L2[☐20, L7[]], Eii: L2[☐30, L0[]], put: L2[_6_s, _7_s] -> V0 -> V1 -> L2[_8_s, _9_s], tr: L7[]
[17:55:58.813003]	Exploring 0: L0[], 1: L0[], Ebi: L2[☐10, ☐15], Eib: L2[☐20, L7[]], Eii: L2[☐30, L0[]], put: L2[☐40, _7_s] -> V0 -> V1 -> L2[_8_s, _9_s], tr: L7[]
[17:55:58.813194]	Exploring 0: L0[], 1: L0[], Ebi: L2[☐10, ☐15], Eib: L2[☐20, L7[]], Eii: L2[☐30, L0[]], put: L2[☐40, V1] -> V0 -> V1 -> L2[_8_s, _9_s], tr: L7[]
[17:55:58.813420]	Exploring 0: L0[], 1: L0[], Ebi: L2[☐10, ☐15], Eib: L2[☐20, L7[]], Eii: L2[☐30, L0[]], put: L2[☐40, V2] -> V0 -> V1 -> L2[_8_s, _9_s], tr: L7[]
[17:55:58.813617]	Exploring 0: L0[], 1: L0[], Ebi: L2[☐10, ☐15], Eib: L2[☐20, L7[]], Eii: L2[☐30, L0[]], put: L2[L0[], _7_s] -> V0 -> V1 -> L2[_8_s, _9_s], tr: L7[]
[17:55:58.813827]	Exploring 0: L0[], 1: L0[], Ebi: L2[☐10, ☐15], Eib: L2[☐20, L7[]], Eii: L2[☐30, L0[]], put: L2[L7[], _7_s] -> V0 -> V1 -> L2[_8_s, _9_s], tr: L7[]
[17:55:58.814050]	Exploring 0: L0[], 1: L0[], Ebi: L2[☐10, ☐15], Eib: L2[☐20, L7[]], Eii: L2[☐30, L0[]], put: L2[V0, _7_s] -> V0 -> V1 -> L2[_8_s, _9_s], tr: L7[]
[17:55:58.814311]	Exploring 0: L0[], 1: L0[], Ebi: L2[☐10, ☐15], Eib: L2[☐20, L7[]], Eii: L2[☐30, L0[]], put: L2[V1, _7_s] -> V0 -> V1 -> L2[_8_s, _9_s], tr: L7[]
[17:55:58.814594]	Exploring 0: L0[], 1: L0[], Ebi: L2[☐10, ☐15], Eib: L2[☐20, L7[]], Eii: L2[☐30, L0[]], put: L2[V2, _7_s] -> V0 -> V1 -> L2[_8_s, _9_s], tr: L7[]
[17:55:58.814780]	Exploring 0: L0[], 1: L0[], Ebi: L2[☐10, ☐15], Eib: L2[☐20, L7[]], Eii: L2[☐30, L7[]], put: L2[_6_s, _7_s] -> V0 -> V1 -> L2[_8_s, _9_s], tr: L7[]
[17:55:58.814942]	Exploring 0: L0[], 1: L0[], Ebi: L2[☐10, ☐15], Eib: L2[☐20, L7[]], Eii: L2[☐30, L7[]], put: L2[☐40, _7_s] -> V0 -> V1 -> L2[_8_s, _9_s], tr: L7[]
[17:55:58.815177]	Exploring 0: L0[], 1: L0[], Ebi: L2[☐10, ☐15], Eib: L2[☐20, L7[]], Eii: L2[☐30, L7[]], put: L2[☐40, L7[]] -> V0 -> V1 -> L2[_8_s, _9_s], tr: L7[]
[17:55:58.815555]	Exploring 0: L0[], 1: L0[], Ebi: L2[☐10, ☐15], Eib: L2[☐20, L7[]], Eii: L2[☐30, L7[]], put: L2[☐40, V2] -> V0 -> V1 -> L2[_8_s, _9_s], tr: L7[]
[17:55:58.815782]	Exploring 0: L0[], 1: L0[], Ebi: L2[☐10, ☐15], Eib: L2[☐20, L7[]], Eii: L2[☐30, L7[]], put: L2[L0[], _7_s] -> V0 -> V1 -> L2[_8_s, _9_s], tr: L7[]
[17:55:58.816026]	Exploring 0: L0[], 1: L0[], Ebi: L2[☐10, ☐15], Eib: L2[☐20, L7[]], Eii: L2[☐30, L7[]], put: L2[L7[], _7_s] -> V0 -> V1 -> L2[_8_s, _9_s], tr: L7[]
[17:55:58.816290]	Exploring 0: L0[], 1: L0[], Ebi: L2[☐10, ☐15], Eib: L2[☐20, L7[]], Eii: L2[☐30, L7[]], put: L2[V0, _7_s] -> V0 -> V1 -> L2[_8_s, _9_s], tr: L7[]
[17:55:58.816608]	Exploring 0: L0[], 1: L0[], Ebi: L2[☐10, ☐15], Eib: L2[☐20, L7[]], Eii: L2[☐30, L7[]], put: L2[V1, _7_s] -> V0 -> V1 -> L2[_8_s, _9_s], tr: L7[]
[17:55:58.816906]	Exploring 0: L0[], 1: L0[], Ebi: L2[☐10, ☐15], Eib: L2[☐20, L7[]], Eii: L2[☐30, L7[]], put: L2[V2, _7_s] -> V0 -> V1 -> L2[_8_s, _9_s], tr: L7[]
[17:55:58.817158]	Exploring 0: L0[], 1: L0[], Ebi: L2[☐10, ☐15], Eib: L2[☐20, L7[]], Eii: L2[L0[], _5_s], put: L2[_6_s, _7_s] -> V0 -> V1 -> L2[_8_s, _9_s], tr: L7[]
[17:55:58.817337]	Exploring 0: L0[], 1: L0[], Ebi: L2[☐10, ☐15], Eib: L2[☐20, L7[]], Eii: L2[L0[], ☐35], put: L2[_6_s, _7_s] -> V0 -> V1 -> L2[_8_s, _9_s], tr: L7[]
[17:55:58.817560]	Exploring 0: L0[], 1: L0[], Ebi: L2[☐10, ☐15], Eib: L2[☐20, L7[]], Eii: L2[L0[], ☐35], put: L2[L0[], _7_s] -> V0 -> V1 -> L2[_8_s, _9_s], tr: L7[]
[17:55:58.817845]	Exploring 0: L0[], 1: L0[], Ebi: L2[☐10, ☐15], Eib: L2[☐20, L7[]], Eii: L2[L0[], ☐35], put: L2[V0, _7_s] -> V0 -> V1 -> L2[_8_s, _9_s], tr: L7[]
[17:55:58.818099]	Exploring 0: L0[], 1: L0[], Ebi: L2[☐10, ☐15], Eib: L2[☐20, L7[]], Eii: L2[L0[], ☐35], put: L2[V1, _7_s] -> V0 -> V1 -> L2[_8_s, _9_s], tr: L7[]
[17:55:58.818342]	Exploring 0: L0[], 1: L0[], Ebi: L2[☐10, ☐15], Eib: L2[☐20, L7[]], Eii: L2[L0[], ☐35], put: L2[V2, _7_s] -> V0 -> V1 -> L2[_8_s, _9_s], tr: L7[]
[17:55:58.818545]	Exploring 0: L0[], 1: L0[], Ebi: L2[☐10, ☐15], Eib: L2[☐20, L7[]], Eii: L2[L0[], L0[]], put: L2[_6_s, _7_s] -> V0 -> V1 -> L2[_8_s, _9_s], tr: L7[]
[17:55:58.818760]	Exploring 0: L0[], 1: L0[], Ebi: L2[☐10, ☐15], Eib: L2[☐20, L7[]], Eii: L2[L0[], L7[]], put: L2[_6_s, _7_s] -> V0 -> V1 -> L2[_8_s, _9_s], tr: L7[]
[17:55:58.818979]	Exploring 0: L0[], 1: L0[], Ebi: L2[☐10, ☐15], Eib: L2[☐20, L7[]], Eii: L2[L7[], _5_s], put: L2[_6_s, _7_s] -> V0 -> V1 -> L2[_8_s, _9_s], tr: L7[]
[17:55:58.819145]	Exploring 0: L0[], 1: L0[], Ebi: L2[☐10, ☐15], Eib: L2[☐20, L7[]], Eii: L2[L7[], ☐35], put: L2[_6_s, _7_s] -> V0 -> V1 -> L2[_8_s, _9_s], tr: L7[]
[17:55:58.819325]	Exploring 0: L0[], 1: L0[], Ebi: L2[☐10, ☐15], Eib: L2[☐20, L7[]], Eii: L2[L7[], ☐35], put: L2[L7[], _7_s] -> V0 -> V1 -> L2[_8_s, _9_s], tr: L7[]
[17:55:58.819746]	Exploring 0: L0[], 1: L0[], Ebi: L2[☐10, ☐15], Eib: L2[☐20, L7[]], Eii: L2[L7[], ☐35], put: L2[V2, _7_s] -> V0 -> V1 -> L2[_8_s, _9_s], tr: L7[]
[17:55:58.820022]	Exploring 0: L0[], 1: L0[], Ebi: L2[☐10, ☐15], Eib: L2[☐20, L7[]], Eii: L2[L7[], L0[]], put: L2[_6_s, _7_s] -> V0 -> V1 -> L2[_8_s, _9_s], tr: L7[]
[17:55:58.820239]	Exploring 0: L0[], 1: L0[], Ebi: L2[☐10, ☐15], Eib: L2[☐20, L7[]], Eii: L2[L7[], L7[]], put: L2[_6_s, _7_s] -> V0 -> V1 -> L2[_8_s, _9_s], tr: L7[]
[17:55:58.820468]	Exploring 0: L0[], 1: L0[], Ebi: L2[☐10, ☐15], Eib: L2[L0[], _3_s], Eii: L2[_4_s, _5_s], put: L2[_6_s, _7_s] -> V0 -> V1 -> L2[_8_s, _9_s], tr: L7[]
[17:55:58.820632]	Exploring 0: L0[], 1: L0[], Ebi: L2[☐10, ☐15], Eib: L2[L0[], ☐25], Eii: L2[_4_s, _5_s], put: L2[_6_s, _7_s] -> V0 -> V1 -> L2[_8_s, _9_s], tr: L7[]
[17:55:58.820794]	Exploring 0: L0[], 1: L0[], Ebi: L2[☐10, ☐15], Eib: L2[L0[], ☐25], Eii: L2[☐30, _5_s], put: L2[_6_s, _7_s] -> V0 -> V1 -> L2[_8_s, _9_s], tr: L7[]
[17:55:58.820949]	Exploring 0: L0[], 1: L0[], Ebi: L2[☐10, ☐15], Eib: L2[L0[], ☐25], Eii: L2[☐30, ☐35], put: L2[_6_s, _7_s] -> V0 -> V1 -> L2[_8_s, _9_s], tr: L7[]
[17:55:58.821127]	Exploring 0: L0[], 1: L0[], Ebi: L2[☐10, ☐15], Eib: L2[L0[], ☐25], Eii: L2[☐30, ☐35], put: L2[L0[], _7_s] -> V0 -> V1 -> L2[_8_s, _9_s], tr: L7[]
[17:55:58.821341]	Exploring 0: L0[], 1: L0[], Ebi: L2[☐10, ☐15], Eib: L2[L0[], ☐25], Eii: L2[☐30, ☐35], put: L2[L0[], ☐45] -> V0 -> V1 -> L2[_8_s, _9_s], tr: L7[]
[17:55:58.821574]	Exploring 0: L0[], 1: L0[], Ebi: L2[☐10, ☐15], Eib: L2[L0[], ☐25], Eii: L2[☐30, ☐35], put: L2[L0[], ☐45] -> V0 -> V1 -> L2[L0[], _9_s], tr: L7[]
[17:55:58.829379]	Exploring 0: L0[], 1: L0[], Ebi: L2[☐10, ☐15], Eib: L2[L0[], ☐25], Eii: L2[☐30, ☐35], put: L2[L0[], L0[]] -> V0 -> V1 -> L2[_8_s, _9_s], tr: L7[]
[17:55:58.829603]		Fast forwarded from
		0: L0[], 1: L0[], Ebi: L2[☐10, ☐15], Eib: L2[L0[], ☐25], Eii: L2[☐30, ☐35], put: L2[L0[], L0[]] -> V0 -> V1 -> L2[_8_s, _9_s], tr: L7[]
		0: L0[], 1: L0[], Ebi: L2[L0[], L0[]], Eib: L2[L0[], L0[]], Eii: L2[L0[], L0[]], put: L2[L0[], L0[]] -> V0 -> V1 -> L2[L0[], L0[]], tr: L7[]
[17:55:58.829822]	Exploring 0: L0[], 1: L0[], Ebi: L2[☐10, ☐15], Eib: L2[L0[], ☐25], Eii: L2[☐30, ☐35], put: L2[L0[], L7[]] -> V0 -> V1 -> L2[_8_s, _9_s], tr: L7[]
[17:55:58.829957]		Fast forwarded from
		0: L0[], 1: L0[], Ebi: L2[☐10, ☐15], Eib: L2[L0[], ☐25], Eii: L2[☐30, ☐35], put: L2[L0[], L7[]] -> V0 -> V1 -> L2[_8_s, _9_s], tr: L7[]
		0: L0[], 1: L0[], Ebi: L2[L0[], L7[]], Eib: L2[L0[], L7[]], Eii: L2[L0[], L7[]], put: L2[L0[], L7[]] -> V0 -> V1 -> L2[L0[], L7[]], tr: L7[]
[17:55:58.830168]	Exploring 0: L0[], 1: L0[], Ebi: L2[☐10, ☐15], Eib: L2[L0[], ☐25], Eii: L2[☐30, ☐35], put: L2[L0[], V0] -> V0 -> V1 -> L2[_8_s, _9_s], tr: L7[]
[17:55:58.830330]		Fast forwarded from
		0: L0[], 1: L0[], Ebi: L2[☐10, ☐15], Eib: L2[L0[], ☐25], Eii: L2[☐30, ☐35], put: L2[L0[], V0] -> V0 -> V1 -> L2[_8_s, _9_s], tr: L7[]
		0: L0[], 1: L0[], Ebi: L2[L0[], L7[]], Eib: L2[L0[], L0[]], Eii: L2[L0[], L0[]], put: L2[L0[], V0] -> V0 -> V1 -> L2[L0[], V0], tr: L7[]
[17:55:58.830654]	Exploring 0: L0[], 1: L0[], Ebi: L2[☐10, ☐15], Eib: L2[L0[], ☐25], Eii: L2[☐30, ☐35], put: L2[L0[], V1] -> V0 -> V1 -> L2[_8_s, _9_s], tr: L7[]
[17:55:58.830783]		Fast forwarded from
		0: L0[], 1: L0[], Ebi: L2[☐10, ☐15], Eib: L2[L0[], ☐25], Eii: L2[☐30, ☐35], put: L2[L0[], V1] -> V0 -> V1 -> L2[_8_s, _9_s], tr: L7[]
		0: L0[], 1: L0[], Ebi: L2[L0[], L0[]], Eib: L2[L0[], L7[]], Eii: L2[L0[], L0[]], put: L2[L0[], V1] -> V0 -> V1 -> L2[L0[], V0], tr: L7[]
[17:55:58.830955]	Exploring 0: L0[], 1: L0[], Ebi: L2[☐10, ☐15], Eib: L2[L0[], ☐25], Eii: L2[☐30, ☐35], put: L2[L0[], V2] -> V0 -> V1 -> L2[_8_s, _9_s], tr: L7[]
[17:55:58.831134]	Exploring 0: L0[], 1: L0[], Ebi: L2[☐10, ☐15], Eib: L2[L0[], ☐25], Eii: L2[☐30, ☐35], put: L2[V0, _7_s] -> V0 -> V1 -> L2[_8_s, _9_s], tr: L7[]
[17:55:58.831285]	Exploring 0: L0[], 1: L0[], Ebi: L2[☐10, ☐15], Eib: L2[L0[], ☐25], Eii: L2[☐30, ☐35], put: L2[V0, ☐45] -> V0 -> V1 -> L2[_8_s, _9_s], tr: L7[]
[17:55:58.831495]	Exploring 0: L0[], 1: L0[], Ebi: L2[☐10, ☐15], Eib: L2[L0[], ☐25], Eii: L2[☐30, ☐35], put: L2[V0, ☐45] -> V0 -> V1 -> L2[V0, _9_s], tr: L7[]
[17:55:58.831793]	Exploring 0: L0[], 1: L0[], Ebi: L2[☐10, ☐15], Eib: L2[L0[], ☐25], Eii: L2[☐30, ☐35], put: L2[V0, L0[]] -> V0 -> V1 -> L2[_8_s, _9_s], tr: L7[]
[17:55:58.831989]		Fast forwarded from
		0: L0[], 1: L0[], Ebi: L2[☐10, ☐15], Eib: L2[L0[], ☐25], Eii: L2[☐30, ☐35], put: L2[V0, L0[]] -> V0 -> V1 -> L2[_8_s, _9_s], tr: L7[]
		0: L0[], 1: L0[], Ebi: L2[L7[], L0[]], Eib: L2[L0[], L0[]], Eii: L2[L0[], L0[]], put: L2[V0, L0[]] -> V0 -> V1 -> L2[V0, L0[]], tr: L7[]
[17:55:58.832370]	Exploring 0: L0[], 1: L0[], Ebi: L2[☐10, ☐15], Eib: L2[L0[], ☐25], Eii: L2[☐30, ☐35], put: L2[V0, L7[]] -> V0 -> V1 -> L2[_8_s, _9_s], tr: L7[]
[17:55:58.832554]		Fast forwarded from
		0: L0[], 1: L0[], Ebi: L2[☐10, ☐15], Eib: L2[L0[], ☐25], Eii: L2[☐30, ☐35], put: L2[V0, L7[]] -> V0 -> V1 -> L2[_8_s, _9_s], tr: L7[]
		0: L0[], 1: L0[], Ebi: L2[L7[], L7[]], Eib: L2[L0[], L7[]], Eii: L2[L0[], L7[]], put: L2[V0, L7[]] -> V0 -> V1 -> L2[V0, L7[]], tr: L7[]
[17:55:58.832833]	Exploring 0: L0[], 1: L0[], Ebi: L2[☐10, ☐15], Eib: L2[L0[], ☐25], Eii: L2[☐30, ☐35], put: L2[V0, V0] -> V0 -> V1 -> L2[_8_s, _9_s], tr: L7[]
[17:55:58.833045]	Exploring 0: L0[], 1: L0[], Ebi: L2[☐10, ☐15], Eib: L2[L0[], ☐25], Eii: L2[☐30, ☐35], put: L2[V0, V1] -> V0 -> V1 -> L2[_8_s, _9_s], tr: L7[]
[17:55:58.833170]		Fast forwarded from
		0: L0[], 1: L0[], Ebi: L2[☐10, ☐15], Eib: L2[L0[], ☐25], Eii: L2[☐30, ☐35], put: L2[V0, V1] -> V0 -> V1 -> L2[_8_s, _9_s], tr: L7[]
		0: L0[], 1: L0[], Ebi: L2[L7[], L0[]], Eib: L2[L0[], L7[]], Eii: L2[L0[], L0[]], put: L2[V0, V1] -> V0 -> V1 -> L2[V0, V0], tr: L7[]
[17:55:58.833349]	Exploring 0: L0[], 1: L0[], Ebi: L2[☐10, ☐15], Eib: L2[L0[], ☐25], Eii: L2[☐30, ☐35], put: L2[V0, V2] -> V0 -> V1 -> L2[_8_s, _9_s], tr: L7[]
[17:55:58.833535]	Exploring 0: L0[], 1: L0[], Ebi: L2[☐10, ☐15], Eib: L2[L0[], ☐25], Eii: L2[☐30, ☐35], put: L2[V2, _7_s] -> V0 -> V1 -> L2[_8_s, _9_s], tr: L7[]
[17:55:58.833689]	Exploring 0: L0[], 1: L0[], Ebi: L2[☐10, ☐15], Eib: L2[L0[], ☐25], Eii: L2[☐30, ☐35], put: L2[V2, ☐45] -> V0 -> V1 -> L2[_8_s, _9_s], tr: L7[]
[17:55:58.833832]	Exploring 0: L0[], 1: L0[], Ebi: L2[☐10, ☐15], Eib: L2[L0[], ☐25], Eii: L2[☐30, ☐35], put: L2[V2, ☐45] -> V0 -> V1 -> L2[☐50, _9_s], tr: L7[]
[17:55:58.834019]	Exploring 0: L0[], 1: L0[], Ebi: L2[☐10, ☐15], Eib: L2[L0[], ☐25], Eii: L2[☐30, ☐35], put: L2[V2, ☐45] -> V0 -> V1 -> L2[☐50, ☐55], tr: L7[]
[17:55:58.834253]	Exploring 0: L0[], 1: L0[], Ebi: L2[☐10, ☐15], Eib: L2[L0[], ☐25], Eii: L2[☐30, ☐35], put: L2[V2, ☐45] -> V0 -> V1 -> L2[☐50, L0[]], tr: L7[]
[17:55:58.834512]	Exploring 0: L0[], 1: L0[], Ebi: L2[☐10, ☐15], Eib: L2[L0[], ☐25], Eii: L2[☐30, ☐35], put: L2[V2, ☐45] -> V0 -> V1 -> L2[☐50, L7[]], tr: L7[]
[17:55:58.834777]	Exploring 0: L0[], 1: L0[], Ebi: L2[☐10, ☐15], Eib: L2[L0[], ☐25], Eii: L2[☐30, ☐35], put: L2[V2, ☐45] -> V0 -> V1 -> L2[☐50, V0], tr: L7[]
[17:55:58.834972]	Exploring 0: L0[], 1: L0[], Ebi: L2[☐10, ☐15], Eib: L2[L0[], ☐25], Eii: L2[☐30, ☐35], put: L2[V2, ☐45] -> V0 -> V1 -> L2[☐50, V1], tr: L7[]
[17:55:58.835134]	Exploring 0: L0[], 1: L0[], Ebi: L2[☐10, ☐15], Eib: L2[L0[], ☐25], Eii: L2[☐30, ☐35], put: L2[V2, ☐45] -> V0 -> V1 -> L2[☐50, V2], tr: L7[]
[17:55:58.835333]	Exploring 0: L0[], 1: L0[], Ebi: L2[☐10, ☐15], Eib: L2[L0[], ☐25], Eii: L2[☐30, ☐35], put: L2[V2, ☐45] -> V0 -> V1 -> L2[L0[], _9_s], tr: L7[]
[17:55:58.835517]	Exploring 0: L0[], 1: L0[], Ebi: L2[☐10, ☐15], Eib: L2[L0[], ☐25], Eii: L2[☐30, ☐35], put: L2[V2, ☐45] -> V0 -> V1 -> L2[L7[], _9_s], tr: L7[]
[17:55:58.835721]	Exploring 0: L0[], 1: L0[], Ebi: L2[☐10, ☐15], Eib: L2[L0[], ☐25], Eii: L2[☐30, ☐35], put: L2[V2, ☐45] -> V0 -> V1 -> L2[V0, _9_s], tr: L7[]
[17:55:58.835894]	Exploring 0: L0[], 1: L0[], Ebi: L2[☐10, ☐15], Eib: L2[L0[], ☐25], Eii: L2[☐30, ☐35], put: L2[V2, ☐45] -> V0 -> V1 -> L2[V1, _9_s], tr: L7[]
[17:55:58.836072]	Exploring 0: L0[], 1: L0[], Ebi: L2[☐10, ☐15], Eib: L2[L0[], ☐25], Eii: L2[☐30, ☐35], put: L2[V2, ☐45] -> V0 -> V1 -> L2[V2, _9_s], tr: L7[]
[17:55:58.836232]	Exploring 0: L0[], 1: L0[], Ebi: L2[☐10, ☐15], Eib: L2[L0[], ☐25], Eii: L2[☐30, ☐35], put: L2[V2, L0[]] -> V0 -> V1 -> L2[_8_s, _9_s], tr: L7[]
[17:55:58.836399]	Exploring 0: L0[], 1: L0[], Ebi: L2[☐10, ☐15], Eib: L2[L0[], ☐25], Eii: L2[☐30, ☐35], put: L2[V2, L7[]] -> V0 -> V1 -> L2[_8_s, _9_s], tr: L7[]
[17:55:58.836567]	Exploring 0: L0[], 1: L0[], Ebi: L2[☐10, ☐15], Eib: L2[L0[], ☐25], Eii: L2[☐30, ☐35], put: L2[V2, V0] -> V0 -> V1 -> L2[_8_s, _9_s], tr: L7[]
[17:55:58.836739]	Exploring 0: L0[], 1: L0[], Ebi: L2[☐10, ☐15], Eib: L2[L0[], ☐25], Eii: L2[☐30, ☐35], put: L2[V2, V1] -> V0 -> V1 -> L2[_8_s, _9_s], tr: L7[]
[17:55:58.836891]	Exploring 0: L0[], 1: L0[], Ebi: L2[☐10, ☐15], Eib: L2[L0[], ☐25], Eii: L2[☐30, ☐35], put: L2[V2, V2] -> V0 -> V1 -> L2[_8_s, _9_s], tr: L7[]
[17:55:58.837062]	Exploring 0: L0[], 1: L0[], Ebi: L2[☐10, ☐15], Eib: L2[L0[], ☐25], Eii: L2[☐30, ☐35], put: L2[V2, V3] -> V0 -> V1 -> L2[_8_s, _9_s], tr: L7[]
[17:55:58.837176]	Exploring 0: L0[], 1: L0[], Ebi: L2[☐10, ☐15], Eib: L2[L0[], ☐25], Eii: L2[☐30, L0[]], put: L2[_6_s, _7_s] -> V0 -> V1 -> L2[_8_s, _9_s], tr: L7[]
[17:55:58.837297]	Exploring 0: L0[], 1: L0[], Ebi: L2[☐10, ☐15], Eib: L2[L0[], ☐25], Eii: L2[☐30, L0[]], put: L2[L0[], _7_s] -> V0 -> V1 -> L2[_8_s, _9_s], tr: L7[]
[17:55:58.837473]	Exploring 0: L0[], 1: L0[], Ebi: L2[☐10, ☐15], Eib: L2[L0[], ☐25], Eii: L2[☐30, L0[]], put: L2[V0, _7_s] -> V0 -> V1 -> L2[_8_s, _9_s], tr: L7[]
[17:55:58.837668]	Exploring 0: L0[], 1: L0[], Ebi: L2[☐10, ☐15], Eib: L2[L0[], ☐25], Eii: L2[☐30, L0[]], put: L2[V2, _7_s] -> V0 -> V1 -> L2[_8_s, _9_s], tr: L7[]
[17:55:58.837798]	Exploring 0: L0[], 1: L0[], Ebi: L2[☐10, ☐15], Eib: L2[L0[], ☐25], Eii: L2[☐30, L7[]], put: L2[_6_s, _7_s] -> V0 -> V1 -> L2[_8_s, _9_s], tr: L7[]
[17:55:58.837905]	Exploring 0: L0[], 1: L0[], Ebi: L2[☐10, ☐15], Eib: L2[L0[], ☐25], Eii: L2[☐30, L7[]], put: L2[L0[], _7_s] -> V0 -> V1 -> L2[_8_s, _9_s], tr: L7[]
[17:55:58.838071]	Exploring 0: L0[], 1: L0[], Ebi: L2[☐10, ☐15], Eib: L2[L0[], ☐25], Eii: L2[☐30, L7[]], put: L2[V0, _7_s] -> V0 -> V1 -> L2[_8_s, _9_s], tr: L7[]
[17:55:58.838245]	Exploring 0: L0[], 1: L0[], Ebi: L2[☐10, ☐15], Eib: L2[L0[], ☐25], Eii: L2[☐30, L7[]], put: L2[V2, _7_s] -> V0 -> V1 -> L2[_8_s, _9_s], tr: L7[]
[17:55:58.838376]	Exploring 0: L0[], 1: L0[], Ebi: L2[☐10, ☐15], Eib: L2[L0[], ☐25], Eii: L2[L0[], _5_s], put: L2[_6_s, _7_s] -> V0 -> V1 -> L2[_8_s, _9_s], tr: L7[]
[17:55:58.838470]	Exploring 0: L0[], 1: L0[], Ebi: L2[☐10, ☐15], Eib: L2[L0[], ☐25], Eii: L2[L0[], ☐35], put: L2[_6_s, _7_s] -> V0 -> V1 -> L2[_8_s, _9_s], tr: L7[]
[17:55:58.838577]	Exploring 0: L0[], 1: L0[], Ebi: L2[☐10, ☐15], Eib: L2[L0[], ☐25], Eii: L2[L0[], ☐35], put: L2[L0[], _7_s] -> V0 -> V1 -> L2[_8_s, _9_s], tr: L7[]
[17:55:58.838747]	Exploring 0: L0[], 1: L0[], Ebi: L2[☐10, ☐15], Eib: L2[L0[], ☐25], Eii: L2[L0[], ☐35], put: L2[V0, _7_s] -> V0 -> V1 -> L2[_8_s, _9_s], tr: L7[]
[17:55:58.838920]	Exploring 0: L0[], 1: L0[], Ebi: L2[☐10, ☐15], Eib: L2[L0[], ☐25], Eii: L2[L0[], ☐35], put: L2[V2, _7_s] -> V0 -> V1 -> L2[_8_s, _9_s], tr: L7[]
[17:55:58.839044]	Exploring 0: L0[], 1: L0[], Ebi: L2[☐10, ☐15], Eib: L2[L0[], ☐25], Eii: L2[L0[], L0[]], put: L2[_6_s, _7_s] -> V0 -> V1 -> L2[_8_s, _9_s], tr: L7[]
[17:55:58.839185]	Exploring 0: L0[], 1: L0[], Ebi: L2[☐10, ☐15], Eib: L2[L0[], ☐25], Eii: L2[L0[], L7[]], put: L2[_6_s, _7_s] -> V0 -> V1 -> L2[_8_s, _9_s], tr: L7[]
[17:55:58.839328]	Exploring 0: L0[], 1: L0[], Ebi: L2[☐10, ☐15], Eib: L2[L0[], ☐25], Eii: L2[L7[], _5_s], put: L2[_6_s, _7_s] -> V0 -> V1 -> L2[_8_s, _9_s], tr: L7[]
[17:55:58.839438]	Exploring 0: L0[], 1: L0[], Ebi: L2[☐10, ☐15], Eib: L2[L0[], ☐25], Eii: L2[L7[], ☐35], put: L2[_6_s, _7_s] -> V0 -> V1 -> L2[_8_s, _9_s], tr: L7[]
[17:55:58.839622]	Exploring 0: L0[], 1: L0[], Ebi: L2[☐10, ☐15], Eib: L2[L0[], ☐25], Eii: L2[L7[], ☐35], put: L2[V2, _7_s] -> V0 -> V1 -> L2[_8_s, _9_s], tr: L7[]
[17:55:58.839748]	Exploring 0: L0[], 1: L0[], Ebi: L2[☐10, ☐15], Eib: L2[L0[], ☐25], Eii: L2[L7[], L0[]], put: L2[_6_s, _7_s] -> V0 -> V1 -> L2[_8_s, _9_s], tr: L7[]
[17:55:58.839890]	Exploring 0: L0[], 1: L0[], Ebi: L2[☐10, ☐15], Eib: L2[L0[], ☐25], Eii: L2[L7[], L7[]], put: L2[_6_s, _7_s] -> V0 -> V1 -> L2[_8_s, _9_s], tr: L7[]
[17:55:58.840030]	Exploring 0: L0[], 1: L0[], Ebi: L2[☐10, ☐15], Eib: L2[L0[], L0[]], Eii: L2[_4_s, _5_s], put: L2[_6_s, _7_s] -> V0 -> V1 -> L2[_8_s, _9_s], tr: L7[]
[17:55:58.840123]	Exploring 0: L0[], 1: L0[], Ebi: L2[☐10, ☐15], Eib: L2[L0[], L0[]], Eii: L2[☐30, _5_s], put: L2[_6_s, _7_s] -> V0 -> V1 -> L2[_8_s, _9_s], tr: L7[]
[17:55:58.840214]	Exploring 0: L0[], 1: L0[], Ebi: L2[☐10, ☐15], Eib: L2[L0[], L0[]], Eii: L2[☐30, ☐35], put: L2[_6_s, _7_s] -> V0 -> V1 -> L2[_8_s, _9_s], tr: L7[]
[17:55:58.840322]	Exploring 0: L0[], 1: L0[], Ebi: L2[☐10, ☐15], Eib: L2[L0[], L0[]], Eii: L2[☐30, ☐35], put: L2[L0[], _7_s] -> V0 -> V1 -> L2[_8_s, _9_s], tr: L7[]
[17:55:58.840494]	Exploring 0: L0[], 1: L0[], Ebi: L2[☐10, ☐15], Eib: L2[L0[], L0[]], Eii: L2[☐30, ☐35], put: L2[V0, _7_s] -> V0 -> V1 -> L2[_8_s, _9_s], tr: L7[]
[17:55:58.840669]	Exploring 0: L0[], 1: L0[], Ebi: L2[☐10, ☐15], Eib: L2[L0[], L0[]], Eii: L2[☐30, ☐35], put: L2[V2, _7_s] -> V0 -> V1 -> L2[_8_s, _9_s], tr: L7[]
[17:55:58.840796]	Exploring 0: L0[], 1: L0[], Ebi: L2[☐10, ☐15], Eib: L2[L0[], L0[]], Eii: L2[☐30, L0[]], put: L2[_6_s, _7_s] -> V0 -> V1 -> L2[_8_s, _9_s], tr: L7[]
[17:55:58.840948]	Exploring 0: L0[], 1: L0[], Ebi: L2[☐10, ☐15], Eib: L2[L0[], L0[]], Eii: L2[☐30, L7[]], put: L2[_6_s, _7_s] -> V0 -> V1 -> L2[_8_s, _9_s], tr: L7[]
[17:55:58.841082]	Exploring 0: L0[], 1: L0[], Ebi: L2[☐10, ☐15], Eib: L2[L0[], L0[]], Eii: L2[L0[], _5_s], put: L2[_6_s, _7_s] -> V0 -> V1 -> L2[_8_s, _9_s], tr: L7[]
[17:55:58.841229]	Exploring 0: L0[], 1: L0[], Ebi: L2[☐10, ☐15], Eib: L2[L0[], L0[]], Eii: L2[L7[], _5_s], put: L2[_6_s, _7_s] -> V0 -> V1 -> L2[_8_s, _9_s], tr: L7[]
[17:55:58.841363]	Exploring 0: L0[], 1: L0[], Ebi: L2[☐10, ☐15], Eib: L2[L0[], L7[]], Eii: L2[_4_s, _5_s], put: L2[_6_s, _7_s] -> V0 -> V1 -> L2[_8_s, _9_s], tr: L7[]
[17:55:58.841456]	Exploring 0: L0[], 1: L0[], Ebi: L2[☐10, ☐15], Eib: L2[L0[], L7[]], Eii: L2[☐30, _5_s], put: L2[_6_s, _7_s] -> V0 -> V1 -> L2[_8_s, _9_s], tr: L7[]
[17:55:58.841546]	Exploring 0: L0[], 1: L0[], Ebi: L2[☐10, ☐15], Eib: L2[L0[], L7[]], Eii: L2[☐30, ☐35], put: L2[_6_s, _7_s] -> V0 -> V1 -> L2[_8_s, _9_s], tr: L7[]
[17:55:58.841652]	Exploring 0: L0[], 1: L0[], Ebi: L2[☐10, ☐15], Eib: L2[L0[], L7[]], Eii: L2[☐30, ☐35], put: L2[L0[], _7_s] -> V0 -> V1 -> L2[_8_s, _9_s], tr: L7[]
[17:55:58.841816]	Exploring 0: L0[], 1: L0[], Ebi: L2[☐10, ☐15], Eib: L2[L0[], L7[]], Eii: L2[☐30, ☐35], put: L2[V0, _7_s] -> V0 -> V1 -> L2[_8_s, _9_s], tr: L7[]
[17:55:58.841994]	Exploring 0: L0[], 1: L0[], Ebi: L2[☐10, ☐15], Eib: L2[L0[], L7[]], Eii: L2[☐30, ☐35], put: L2[V2, _7_s] -> V0 -> V1 -> L2[_8_s, _9_s], tr: L7[]
[17:55:58.842119]	Exploring 0: L0[], 1: L0[], Ebi: L2[☐10, ☐15], Eib: L2[L0[], L7[]], Eii: L2[☐30, L0[]], put: L2[_6_s, _7_s] -> V0 -> V1 -> L2[_8_s, _9_s], tr: L7[]
[17:55:58.842253]	Exploring 0: L0[], 1: L0[], Ebi: L2[☐10, ☐15], Eib: L2[L0[], L7[]], Eii: L2[☐30, L7[]], put: L2[_6_s, _7_s] -> V0 -> V1 -> L2[_8_s, _9_s], tr: L7[]
[17:55:58.842392]	Exploring 0: L0[], 1: L0[], Ebi: L2[☐10, ☐15], Eib: L2[L0[], L7[]], Eii: L2[L0[], _5_s], put: L2[_6_s, _7_s] -> V0 -> V1 -> L2[_8_s, _9_s], tr: L7[]
[17:55:58.842538]	Exploring 0: L0[], 1: L0[], Ebi: L2[☐10, ☐15], Eib: L2[L0[], L7[]], Eii: L2[L7[], _5_s], put: L2[_6_s, _7_s] -> V0 -> V1 -> L2[_8_s, _9_s], tr: L7[]
[17:55:58.842671]	Exploring 0: L0[], 1: L0[], Ebi: L2[☐10, ☐15], Eib: L2[L7[], _3_s], Eii: L2[_4_s, _5_s], put: L2[_6_s, _7_s] -> V0 -> V1 -> L2[_8_s, _9_s], tr: L7[]
[17:55:58.842762]	Exploring 0: L0[], 1: L0[], Ebi: L2[☐10, ☐15], Eib: L2[L7[], ☐25], Eii: L2[_4_s, _5_s], put: L2[_6_s, _7_s] -> V0 -> V1 -> L2[_8_s, _9_s], tr: L7[]
[17:55:58.842849]	Exploring 0: L0[], 1: L0[], Ebi: L2[☐10, ☐15], Eib: L2[L7[], ☐25], Eii: L2[☐30, _5_s], put: L2[_6_s, _7_s] -> V0 -> V1 -> L2[_8_s, _9_s], tr: L7[]
[17:55:58.842936]	Exploring 0: L0[], 1: L0[], Ebi: L2[☐10, ☐15], Eib: L2[L7[], ☐25], Eii: L2[☐30, ☐35], put: L2[_6_s, _7_s] -> V0 -> V1 -> L2[_8_s, _9_s], tr: L7[]
[17:55:58.843040]	Exploring 0: L0[], 1: L0[], Ebi: L2[☐10, ☐15], Eib: L2[L7[], ☐25], Eii: L2[☐30, ☐35], put: L2[L7[], _7_s] -> V0 -> V1 -> L2[_8_s, _9_s], tr: L7[]
[17:55:58.843143]	Exploring 0: L0[], 1: L0[], Ebi: L2[☐10, ☐15], Eib: L2[L7[], ☐25], Eii: L2[☐30, ☐35], put: L2[L7[], ☐45] -> V0 -> V1 -> L2[_8_s, _9_s], tr: L7[]
[17:55:58.843253]	Exploring 0: L0[], 1: L0[], Ebi: L2[☐10, ☐15], Eib: L2[L7[], ☐25], Eii: L2[☐30, ☐35], put: L2[L7[], ☐45] -> V0 -> V1 -> L2[L7[], _9_s], tr: L7[]
[17:55:58.843466]	Exploring 0: L0[], 1: L0[], Ebi: L2[☐10, ☐15], Eib: L2[L7[], ☐25], Eii: L2[☐30, ☐35], put: L2[L7[], L0[]] -> V0 -> V1 -> L2[_8_s, _9_s], tr: L7[]
[17:55:58.843648]		Fast forwarded from
		0: L0[], 1: L0[], Ebi: L2[☐10, ☐15], Eib: L2[L7[], ☐25], Eii: L2[☐30, ☐35], put: L2[L7[], L0[]] -> V0 -> V1 -> L2[_8_s, _9_s], tr: L7[]
		0: L0[], 1: L0[], Ebi: L2[L7[], L0[]], Eib: L2[L7[], L0[]], Eii: L2[L7[], L0[]], put: L2[L7[], L0[]] -> V0 -> V1 -> L2[L7[], L0[]], tr: L7[]
[17:55:58.843993]	Exploring 0: L0[], 1: L0[], Ebi: L2[☐10, ☐15], Eib: L2[L7[], ☐25], Eii: L2[☐30, ☐35], put: L2[L7[], L7[]] -> V0 -> V1 -> L2[_8_s, _9_s], tr: L7[]
[17:55:58.844233]		Fast forwarded from
		0: L0[], 1: L0[], Ebi: L2[☐10, ☐15], Eib: L2[L7[], ☐25], Eii: L2[☐30, ☐35], put: L2[L7[], L7[]] -> V0 -> V1 -> L2[_8_s, _9_s], tr: L7[]
		0: L0[], 1: L0[], Ebi: L2[L7[], L7[]], Eib: L2[L7[], L7[]], Eii: L2[L7[], L7[]], put: L2[L7[], L7[]] -> V0 -> V1 -> L2[L7[], L7[]], tr: L7[]
[17:55:58.844510]	Exploring 0: L0[], 1: L0[], Ebi: L2[☐10, ☐15], Eib: L2[L7[], ☐25], Eii: L2[☐30, ☐35], put: L2[L7[], V0] -> V0 -> V1 -> L2[_8_s, _9_s], tr: L7[]
[17:55:58.844704]		Fast forwarded from
		0: L0[], 1: L0[], Ebi: L2[☐10, ☐15], Eib: L2[L7[], ☐25], Eii: L2[☐30, ☐35], put: L2[L7[], V0] -> V0 -> V1 -> L2[_8_s, _9_s], tr: L7[]
		0: L0[], 1: L0[], Ebi: L2[L7[], L7[]], Eib: L2[L7[], L0[]], Eii: L2[L7[], L0[]], put: L2[L7[], V0] -> V0 -> V1 -> L2[L7[], V0], tr: L7[]
[17:55:58.845077]	Exploring 0: L0[], 1: L0[], Ebi: L2[☐10, ☐15], Eib: L2[L7[], ☐25], Eii: L2[☐30, ☐35], put: L2[L7[], V1] -> V0 -> V1 -> L2[_8_s, _9_s], tr: L7[]
[17:55:58.845297]		Fast forwarded from
		0: L0[], 1: L0[], Ebi: L2[☐10, ☐15], Eib: L2[L7[], ☐25], Eii: L2[☐30, ☐35], put: L2[L7[], V1] -> V0 -> V1 -> L2[_8_s, _9_s], tr: L7[]
		0: L0[], 1: L0[], Ebi: L2[L7[], L0[]], Eib: L2[L7[], L7[]], Eii: L2[L7[], L0[]], put: L2[L7[], V1] -> V0 -> V1 -> L2[L7[], V0], tr: L7[]
[17:55:58.845528]	Exploring 0: L0[], 1: L0[], Ebi: L2[☐10, ☐15], Eib: L2[L7[], ☐25], Eii: L2[☐30, ☐35], put: L2[L7[], V2] -> V0 -> V1 -> L2[_8_s, _9_s], tr: L7[]
[17:55:58.845834]	Exploring 0: L0[], 1: L0[], Ebi: L2[☐10, ☐15], Eib: L2[L7[], ☐25], Eii: L2[☐30, ☐35], put: L2[V1, _7_s] -> V0 -> V1 -> L2[_8_s, _9_s], tr: L7[]
[17:55:58.846055]	Exploring 0: L0[], 1: L0[], Ebi: L2[☐10, ☐15], Eib: L2[L7[], ☐25], Eii: L2[☐30, ☐35], put: L2[V1, ☐45] -> V0 -> V1 -> L2[_8_s, _9_s], tr: L7[]
[17:55:58.846307]	Exploring 0: L0[], 1: L0[], Ebi: L2[☐10, ☐15], Eib: L2[L7[], ☐25], Eii: L2[☐30, ☐35], put: L2[V1, ☐45] -> V0 -> V1 -> L2[V1, _9_s], tr: L7[]
[17:55:58.846600]	Exploring 0: L0[], 1: L0[], Ebi: L2[☐10, ☐15], Eib: L2[L7[], ☐25], Eii: L2[☐30, ☐35], put: L2[V1, L0[]] -> V0 -> V1 -> L2[_8_s, _9_s], tr: L7[]
[17:55:58.846790]		Fast forwarded from
		0: L0[], 1: L0[], Ebi: L2[☐10, ☐15], Eib: L2[L7[], ☐25], Eii: L2[☐30, ☐35], put: L2[V1, L0[]] -> V0 -> V1 -> L2[_8_s, _9_s], tr: L7[]
		0: L0[], 1: L0[], Ebi: L2[L0[], L0[]], Eib: L2[L7[], L0[]], Eii: L2[L0[], L0[]], put: L2[V1, L0[]] -> V0 -> V1 -> L2[V0, L0[]], tr: L7[]
[17:55:58.847036]	Exploring 0: L0[], 1: L0[], Ebi: L2[☐10, ☐15], Eib: L2[L7[], ☐25], Eii: L2[☐30, ☐35], put: L2[V1, L7[]] -> V0 -> V1 -> L2[_8_s, _9_s], tr: L7[]
[17:55:58.847229]		Fast forwarded from
		0: L0[], 1: L0[], Ebi: L2[☐10, ☐15], Eib: L2[L7[], ☐25], Eii: L2[☐30, ☐35], put: L2[V1, L7[]] -> V0 -> V1 -> L2[_8_s, _9_s], tr: L7[]
		0: L0[], 1: L0[], Ebi: L2[L0[], L7[]], Eib: L2[L7[], L7[]], Eii: L2[L0[], L7[]], put: L2[V1, L7[]] -> V0 -> V1 -> L2[V0, L7[]], tr: L7[]
[17:55:58.847459]	Exploring 0: L0[], 1: L0[], Ebi: L2[☐10, ☐15], Eib: L2[L7[], ☐25], Eii: L2[☐30, ☐35], put: L2[V1, V0] -> V0 -> V1 -> L2[_8_s, _9_s], tr: L7[]
[17:55:58.847642]		Fast forwarded from
		0: L0[], 1: L0[], Ebi: L2[☐10, ☐15], Eib: L2[L7[], ☐25], Eii: L2[☐30, ☐35], put: L2[V1, V0] -> V0 -> V1 -> L2[_8_s, _9_s], tr: L7[]
		0: L0[], 1: L0[], Ebi: L2[L0[], L7[]], Eib: L2[L7[], L0[]], Eii: L2[L0[], L0[]], put: L2[V1, V0] -> V0 -> V1 -> L2[V0, V0], tr: L7[]
[17:55:58.847853]	Exploring 0: L0[], 1: L0[], Ebi: L2[☐10, ☐15], Eib: L2[L7[], ☐25], Eii: L2[☐30, ☐35], put: L2[V1, V1] -> V0 -> V1 -> L2[_8_s, _9_s], tr: L7[]
[17:55:58.848147]	Exploring 0: L0[], 1: L0[], Ebi: L2[☐10, ☐15], Eib: L2[L7[], ☐25], Eii: L2[☐30, ☐35], put: L2[V1, V2] -> V0 -> V1 -> L2[_8_s, _9_s], tr: L7[]
[17:55:58.848422]	Exploring 0: L0[], 1: L0[], Ebi: L2[☐10, ☐15], Eib: L2[L7[], ☐25], Eii: L2[☐30, ☐35], put: L2[V2, _7_s] -> V0 -> V1 -> L2[_8_s, _9_s], tr: L7[]
[17:55:58.848674]	Exploring 0: L0[], 1: L0[], Ebi: L2[☐10, ☐15], Eib: L2[L7[], ☐25], Eii: L2[☐30, ☐35], put: L2[V2, ☐45] -> V0 -> V1 -> L2[_8_s, _9_s], tr: L7[]
[17:55:58.848910]	Exploring 0: L0[], 1: L0[], Ebi: L2[☐10, ☐15], Eib: L2[L7[], ☐25], Eii: L2[☐30, ☐35], put: L2[V2, ☐45] -> V0 -> V1 -> L2[☐50, _9_s], tr: L7[]
[17:55:58.849124]	Exploring 0: L0[], 1: L0[], Ebi: L2[☐10, ☐15], Eib: L2[L7[], ☐25], Eii: L2[☐30, ☐35], put: L2[V2, ☐45] -> V0 -> V1 -> L2[☐50, ☐55], tr: L7[]
[17:55:58.849401]	Exploring 0: L0[], 1: L0[], Ebi: L2[☐10, ☐15], Eib: L2[L7[], ☐25], Eii: L2[☐30, ☐35], put: L2[V2, ☐45] -> V0 -> V1 -> L2[☐50, L0[]], tr: L7[]
[17:55:58.849693]	Exploring 0: L0[], 1: L0[], Ebi: L2[☐10, ☐15], Eib: L2[L7[], ☐25], Eii: L2[☐30, ☐35], put: L2[V2, ☐45] -> V0 -> V1 -> L2[☐50, L7[]], tr: L7[]
[17:55:58.849996]	Exploring 0: L0[], 1: L0[], Ebi: L2[☐10, ☐15], Eib: L2[L7[], ☐25], Eii: L2[☐30, ☐35], put: L2[V2, ☐45] -> V0 -> V1 -> L2[☐50, V0], tr: L7[]
[17:55:58.850216]	Exploring 0: L0[], 1: L0[], Ebi: L2[☐10, ☐15], Eib: L2[L7[], ☐25], Eii: L2[☐30, ☐35], put: L2[V2, ☐45] -> V0 -> V1 -> L2[☐50, V1], tr: L7[]
[17:55:58.850409]	Exploring 0: L0[], 1: L0[], Ebi: L2[☐10, ☐15], Eib: L2[L7[], ☐25], Eii: L2[☐30, ☐35], put: L2[V2, ☐45] -> V0 -> V1 -> L2[☐50, V2], tr: L7[]
[17:55:58.850583]	Exploring 0: L0[], 1: L0[], Ebi: L2[☐10, ☐15], Eib: L2[L7[], ☐25], Eii: L2[☐30, ☐35], put: L2[V2, ☐45] -> V0 -> V1 -> L2[L0[], _9_s], tr: L7[]
[17:55:58.850760]	Exploring 0: L0[], 1: L0[], Ebi: L2[☐10, ☐15], Eib: L2[L7[], ☐25], Eii: L2[☐30, ☐35], put: L2[V2, ☐45] -> V0 -> V1 -> L2[L7[], _9_s], tr: L7[]
[17:55:58.850952]	Exploring 0: L0[], 1: L0[], Ebi: L2[☐10, ☐15], Eib: L2[L7[], ☐25], Eii: L2[☐30, ☐35], put: L2[V2, ☐45] -> V0 -> V1 -> L2[V0, _9_s], tr: L7[]
[17:55:58.851147]	Exploring 0: L0[], 1: L0[], Ebi: L2[☐10, ☐15], Eib: L2[L7[], ☐25], Eii: L2[☐30, ☐35], put: L2[V2, ☐45] -> V0 -> V1 -> L2[V1, _9_s], tr: L7[]
[17:55:58.851324]	Exploring 0: L0[], 1: L0[], Ebi: L2[☐10, ☐15], Eib: L2[L7[], ☐25], Eii: L2[☐30, ☐35], put: L2[V2, ☐45] -> V0 -> V1 -> L2[V2, _9_s], tr: L7[]
[17:55:58.851561]	Exploring 0: L0[], 1: L0[], Ebi: L2[☐10, ☐15], Eib: L2[L7[], ☐25], Eii: L2[☐30, ☐35], put: L2[V2, L0[]] -> V0 -> V1 -> L2[_8_s, _9_s], tr: L7[]
[17:55:58.851846]	Exploring 0: L0[], 1: L0[], Ebi: L2[☐10, ☐15], Eib: L2[L7[], ☐25], Eii: L2[☐30, ☐35], put: L2[V2, L7[]] -> V0 -> V1 -> L2[_8_s, _9_s], tr: L7[]
[17:55:58.852148]	Exploring 0: L0[], 1: L0[], Ebi: L2[☐10, ☐15], Eib: L2[L7[], ☐25], Eii: L2[☐30, ☐35], put: L2[V2, V0] -> V0 -> V1 -> L2[_8_s, _9_s], tr: L7[]
[17:55:58.852430]	Exploring 0: L0[], 1: L0[], Ebi: L2[☐10, ☐15], Eib: L2[L7[], ☐25], Eii: L2[☐30, ☐35], put: L2[V2, V1] -> V0 -> V1 -> L2[_8_s, _9_s], tr: L7[]
[17:55:58.852696]	Exploring 0: L0[], 1: L0[], Ebi: L2[☐10, ☐15], Eib: L2[L7[], ☐25], Eii: L2[☐30, ☐35], put: L2[V2, V2] -> V0 -> V1 -> L2[_8_s, _9_s], tr: L7[]
[17:55:58.852982]	Exploring 0: L0[], 1: L0[], Ebi: L2[☐10, ☐15], Eib: L2[L7[], ☐25], Eii: L2[☐30, ☐35], put: L2[V2, V3] -> V0 -> V1 -> L2[_8_s, _9_s], tr: L7[]
[17:55:58.853203]	Exploring 0: L0[], 1: L0[], Ebi: L2[☐10, ☐15], Eib: L2[L7[], ☐25], Eii: L2[☐30, L0[]], put: L2[_6_s, _7_s] -> V0 -> V1 -> L2[_8_s, _9_s], tr: L7[]
[17:55:58.853414]	Exploring 0: L0[], 1: L0[], Ebi: L2[☐10, ☐15], Eib: L2[L7[], ☐25], Eii: L2[☐30, L0[]], put: L2[L7[], _7_s] -> V0 -> V1 -> L2[_8_s, _9_s], tr: L7[]
[17:55:58.853760]	Exploring 0: L0[], 1: L0[], Ebi: L2[☐10, ☐15], Eib: L2[L7[], ☐25], Eii: L2[☐30, L0[]], put: L2[V1, _7_s] -> V0 -> V1 -> L2[_8_s, _9_s], tr: L7[]
[17:55:58.854048]	Exploring 0: L0[], 1: L0[], Ebi: L2[☐10, ☐15], Eib: L2[L7[], ☐25], Eii: L2[☐30, L0[]], put: L2[V2, _7_s] -> V0 -> V1 -> L2[_8_s, _9_s], tr: L7[]
[17:55:58.854277]	Exploring 0: L0[], 1: L0[], Ebi: L2[☐10, ☐15], Eib: L2[L7[], ☐25], Eii: L2[☐30, L7[]], put: L2[_6_s, _7_s] -> V0 -> V1 -> L2[_8_s, _9_s], tr: L7[]
[17:55:58.854503]	Exploring 0: L0[], 1: L0[], Ebi: L2[☐10, ☐15], Eib: L2[L7[], ☐25], Eii: L2[☐30, L7[]], put: L2[L7[], _7_s] -> V0 -> V1 -> L2[_8_s, _9_s], tr: L7[]
[17:55:58.854812]	Exploring 0: L0[], 1: L0[], Ebi: L2[☐10, ☐15], Eib: L2[L7[], ☐25], Eii: L2[☐30, L7[]], put: L2[V1, _7_s] -> V0 -> V1 -> L2[_8_s, _9_s], tr: L7[]
[17:55:58.855070]	Exploring 0: L0[], 1: L0[], Ebi: L2[☐10, ☐15], Eib: L2[L7[], ☐25], Eii: L2[☐30, L7[]], put: L2[V2, _7_s] -> V0 -> V1 -> L2[_8_s, _9_s], tr: L7[]
[17:55:58.855266]	Exploring 0: L0[], 1: L0[], Ebi: L2[☐10, ☐15], Eib: L2[L7[], ☐25], Eii: L2[L0[], _5_s], put: L2[_6_s, _7_s] -> V0 -> V1 -> L2[_8_s, _9_s], tr: L7[]
[17:55:58.855422]	Exploring 0: L0[], 1: L0[], Ebi: L2[☐10, ☐15], Eib: L2[L7[], ☐25], Eii: L2[L0[], ☐35], put: L2[_6_s, _7_s] -> V0 -> V1 -> L2[_8_s, _9_s], tr: L7[]
[17:55:58.855642]	Exploring 0: L0[], 1: L0[], Ebi: L2[☐10, ☐15], Eib: L2[L7[], ☐25], Eii: L2[L0[], ☐35], put: L2[V1, _7_s] -> V0 -> V1 -> L2[_8_s, _9_s], tr: L7[]
[17:55:58.855880]	Exploring 0: L0[], 1: L0[], Ebi: L2[☐10, ☐15], Eib: L2[L7[], ☐25], Eii: L2[L0[], ☐35], put: L2[V2, _7_s] -> V0 -> V1 -> L2[_8_s, _9_s], tr: L7[]
[17:55:58.856092]	Exploring 0: L0[], 1: L0[], Ebi: L2[☐10, ☐15], Eib: L2[L7[], ☐25], Eii: L2[L0[], L0[]], put: L2[_6_s, _7_s] -> V0 -> V1 -> L2[_8_s, _9_s], tr: L7[]
[17:55:58.856330]	Exploring 0: L0[], 1: L0[], Ebi: L2[☐10, ☐15], Eib: L2[L7[], ☐25], Eii: L2[L0[], L7[]], put: L2[_6_s, _7_s] -> V0 -> V1 -> L2[_8_s, _9_s], tr: L7[]
[17:55:58.856568]	Exploring 0: L0[], 1: L0[], Ebi: L2[☐10, ☐15], Eib: L2[L7[], ☐25], Eii: L2[L7[], _5_s], put: L2[_6_s, _7_s] -> V0 -> V1 -> L2[_8_s, _9_s], tr: L7[]
[17:55:58.856783]	Exploring 0: L0[], 1: L0[], Ebi: L2[☐10, ☐15], Eib: L2[L7[], ☐25], Eii: L2[L7[], ☐35], put: L2[_6_s, _7_s] -> V0 -> V1 -> L2[_8_s, _9_s], tr: L7[]
[17:55:58.856947]	Exploring 0: L0[], 1: L0[], Ebi: L2[☐10, ☐15], Eib: L2[L7[], ☐25], Eii: L2[L7[], ☐35], put: L2[L7[], _7_s] -> V0 -> V1 -> L2[_8_s, _9_s], tr: L7[]
[17:55:58.857208]	Exploring 0: L0[], 1: L0[], Ebi: L2[☐10, ☐15], Eib: L2[L7[], ☐25], Eii: L2[L7[], ☐35], put: L2[V2, _7_s] -> V0 -> V1 -> L2[_8_s, _9_s], tr: L7[]
[17:55:58.857366]	Exploring 0: L0[], 1: L0[], Ebi: L2[☐10, ☐15], Eib: L2[L7[], ☐25], Eii: L2[L7[], L0[]], put: L2[_6_s, _7_s] -> V0 -> V1 -> L2[_8_s, _9_s], tr: L7[]
[17:55:58.857544]	Exploring 0: L0[], 1: L0[], Ebi: L2[☐10, ☐15], Eib: L2[L7[], ☐25], Eii: L2[L7[], L7[]], put: L2[_6_s, _7_s] -> V0 -> V1 -> L2[_8_s, _9_s], tr: L7[]
[17:55:58.857782]	Exploring 0: L0[], 1: L0[], Ebi: L2[☐10, ☐15], Eib: L2[L7[], L0[]], Eii: L2[_4_s, _5_s], put: L2[_6_s, _7_s] -> V0 -> V1 -> L2[_8_s, _9_s], tr: L7[]
[17:55:58.857939]	Exploring 0: L0[], 1: L0[], Ebi: L2[☐10, ☐15], Eib: L2[L7[], L0[]], Eii: L2[☐30, _5_s], put: L2[_6_s, _7_s] -> V0 -> V1 -> L2[_8_s, _9_s], tr: L7[]
[17:55:58.858090]	Exploring 0: L0[], 1: L0[], Ebi: L2[☐10, ☐15], Eib: L2[L7[], L0[]], Eii: L2[☐30, ☐35], put: L2[_6_s, _7_s] -> V0 -> V1 -> L2[_8_s, _9_s], tr: L7[]
[17:55:58.858267]	Exploring 0: L0[], 1: L0[], Ebi: L2[☐10, ☐15], Eib: L2[L7[], L0[]], Eii: L2[☐30, ☐35], put: L2[L7[], _7_s] -> V0 -> V1 -> L2[_8_s, _9_s], tr: L7[]
[17:55:58.858502]	Exploring 0: L0[], 1: L0[], Ebi: L2[☐10, ☐15], Eib: L2[L7[], L0[]], Eii: L2[☐30, ☐35], put: L2[V1, _7_s] -> V0 -> V1 -> L2[_8_s, _9_s], tr: L7[]
[17:55:58.858766]	Exploring 0: L0[], 1: L0[], Ebi: L2[☐10, ☐15], Eib: L2[L7[], L0[]], Eii: L2[☐30, ☐35], put: L2[V2, _7_s] -> V0 -> V1 -> L2[_8_s, _9_s], tr: L7[]
[17:55:58.858986]	Exploring 0: L0[], 1: L0[], Ebi: L2[☐10, ☐15], Eib: L2[L7[], L0[]], Eii: L2[☐30, L0[]], put: L2[_6_s, _7_s] -> V0 -> V1 -> L2[_8_s, _9_s], tr: L7[]
[17:55:58.859212]	Exploring 0: L0[], 1: L0[], Ebi: L2[☐10, ☐15], Eib: L2[L7[], L0[]], Eii: L2[☐30, L7[]], put: L2[_6_s, _7_s] -> V0 -> V1 -> L2[_8_s, _9_s], tr: L7[]
[17:55:58.859376]	Exploring 0: L0[], 1: L0[], Ebi: L2[☐10, ☐15], Eib: L2[L7[], L0[]], Eii: L2[L0[], _5_s], put: L2[_6_s, _7_s] -> V0 -> V1 -> L2[_8_s, _9_s], tr: L7[]
[17:55:58.859577]	Exploring 0: L0[], 1: L0[], Ebi: L2[☐10, ☐15], Eib: L2[L7[], L0[]], Eii: L2[L7[], _5_s], put: L2[_6_s, _7_s] -> V0 -> V1 -> L2[_8_s, _9_s], tr: L7[]
[17:55:58.859760]	Exploring 0: L0[], 1: L0[], Ebi: L2[☐10, ☐15], Eib: L2[L7[], L7[]], Eii: L2[_4_s, _5_s], put: L2[_6_s, _7_s] -> V0 -> V1 -> L2[_8_s, _9_s], tr: L7[]
[17:55:58.859884]	Exploring 0: L0[], 1: L0[], Ebi: L2[☐10, ☐15], Eib: L2[L7[], L7[]], Eii: L2[☐30, _5_s], put: L2[_6_s, _7_s] -> V0 -> V1 -> L2[_8_s, _9_s], tr: L7[]
[17:55:58.860010]	Exploring 0: L0[], 1: L0[], Ebi: L2[☐10, ☐15], Eib: L2[L7[], L7[]], Eii: L2[☐30, ☐35], put: L2[_6_s, _7_s] -> V0 -> V1 -> L2[_8_s, _9_s], tr: L7[]
[17:55:58.860181]	Exploring 0: L0[], 1: L0[], Ebi: L2[☐10, ☐15], Eib: L2[L7[], L7[]], Eii: L2[☐30, ☐35], put: L2[L7[], _7_s] -> V0 -> V1 -> L2[_8_s, _9_s], tr: L7[]
[17:55:58.860415]	Exploring 0: L0[], 1: L0[], Ebi: L2[☐10, ☐15], Eib: L2[L7[], L7[]], Eii: L2[☐30, ☐35], put: L2[V1, _7_s] -> V0 -> V1 -> L2[_8_s, _9_s], tr: L7[]
[17:55:58.860613]	Exploring 0: L0[], 1: L0[], Ebi: L2[☐10, ☐15], Eib: L2[L7[], L7[]], Eii: L2[☐30, ☐35], put: L2[V2, _7_s] -> V0 -> V1 -> L2[_8_s, _9_s], tr: L7[]
[17:55:58.860775]	Exploring 0: L0[], 1: L0[], Ebi: L2[☐10, ☐15], Eib: L2[L7[], L7[]], Eii: L2[☐30, L0[]], put: L2[_6_s, _7_s] -> V0 -> V1 -> L2[_8_s, _9_s], tr: L7[]
[17:55:58.861009]	Exploring 0: L0[], 1: L0[], Ebi: L2[☐10, ☐15], Eib: L2[L7[], L7[]], Eii: L2[☐30, L7[]], put: L2[_6_s, _7_s] -> V0 -> V1 -> L2[_8_s, _9_s], tr: L7[]
[17:55:58.861186]	Exploring 0: L0[], 1: L0[], Ebi: L2[☐10, ☐15], Eib: L2[L7[], L7[]], Eii: L2[L0[], _5_s], put: L2[_6_s, _7_s] -> V0 -> V1 -> L2[_8_s, _9_s], tr: L7[]
[17:55:58.861321]	Exploring 0: L0[], 1: L0[], Ebi: L2[☐10, ☐15], Eib: L2[L7[], L7[]], Eii: L2[L7[], _5_s], put: L2[_6_s, _7_s] -> V0 -> V1 -> L2[_8_s, _9_s], tr: L7[]
[17:55:58.861467]	Exploring 0: L0[], 1: L0[], Ebi: L2[☐10, L0[]], Eib: L2[_2_s, _3_s], Eii: L2[_4_s, _5_s], put: L2[_6_s, _7_s] -> V0 -> V1 -> L2[_8_s, _9_s], tr: L7[]
[17:55:58.861562]	Exploring 0: L0[], 1: L0[], Ebi: L2[☐10, L0[]], Eib: L2[☐20, _3_s], Eii: L2[_4_s, _5_s], put: L2[_6_s, _7_s] -> V0 -> V1 -> L2[_8_s, _9_s], tr: L7[]
[17:55:58.861648]	Exploring 0: L0[], 1: L0[], Ebi: L2[☐10, L0[]], Eib: L2[☐20, ☐25], Eii: L2[_4_s, _5_s], put: L2[_6_s, _7_s] -> V0 -> V1 -> L2[_8_s, _9_s], tr: L7[]
[17:55:58.861734]	Exploring 0: L0[], 1: L0[], Ebi: L2[☐10, L0[]], Eib: L2[☐20, ☐25], Eii: L2[☐30, _5_s], put: L2[_6_s, _7_s] -> V0 -> V1 -> L2[_8_s, _9_s], tr: L7[]
[17:55:58.861836]	Exploring 0: L0[], 1: L0[], Ebi: L2[☐10, L0[]], Eib: L2[☐20, ☐25], Eii: L2[☐30, ☐35], put: L2[_6_s, _7_s] -> V0 -> V1 -> L2[_8_s, _9_s], tr: L7[]
[17:55:58.861940]	Exploring 0: L0[], 1: L0[], Ebi: L2[☐10, L0[]], Eib: L2[☐20, ☐25], Eii: L2[☐30, ☐35], put: L2[☐40, _7_s] -> V0 -> V1 -> L2[_8_s, _9_s], tr: L7[]
[17:55:58.862046]	Exploring 0: L0[], 1: L0[], Ebi: L2[☐10, L0[]], Eib: L2[☐20, ☐25], Eii: L2[☐30, ☐35], put: L2[☐40, L0[]] -> V0 -> V1 -> L2[_8_s, _9_s], tr: L7[]
[17:55:58.862148]	Exploring 0: L0[], 1: L0[], Ebi: L2[☐10, L0[]], Eib: L2[☐20, ☐25], Eii: L2[☐30, ☐35], put: L2[☐40, L0[]] -> V0 -> V1 -> L2[☐50, _9_s], tr: L7[]
[17:55:58.862261]	Exploring 0: L0[], 1: L0[], Ebi: L2[☐10, L0[]], Eib: L2[☐20, ☐25], Eii: L2[☐30, ☐35], put: L2[☐40, L0[]] -> V0 -> V1 -> L2[☐50, L0[]], tr: L7[]
[17:55:58.862436]	Exploring 0: L0[], 1: L0[], Ebi: L2[☐10, L0[]], Eib: L2[☐20, ☐25], Eii: L2[☐30, ☐35], put: L2[☐40, L0[]] -> V0 -> V1 -> L2[L0[], _9_s], tr: L7[]
[17:55:58.862587]	Exploring 0: L0[], 1: L0[], Ebi: L2[☐10, L0[]], Eib: L2[☐20, ☐25], Eii: L2[☐30, ☐35], put: L2[☐40, L0[]] -> V0 -> V1 -> L2[L7[], _9_s], tr: L7[]
[17:55:58.862745]	Exploring 0: L0[], 1: L0[], Ebi: L2[☐10, L0[]], Eib: L2[☐20, ☐25], Eii: L2[☐30, ☐35], put: L2[☐40, L0[]] -> V0 -> V1 -> L2[V0, _9_s], tr: L7[]
[17:55:58.862920]	Exploring 0: L0[], 1: L0[], Ebi: L2[☐10, L0[]], Eib: L2[☐20, ☐25], Eii: L2[☐30, ☐35], put: L2[☐40, L0[]] -> V0 -> V1 -> L2[V1, _9_s], tr: L7[]
[17:55:58.863174]	Exploring 0: L0[], 1: L0[], Ebi: L2[☐10, L0[]], Eib: L2[☐20, ☐25], Eii: L2[☐30, ☐35], put: L2[☐40, V1] -> V0 -> V1 -> L2[_8_s, _9_s], tr: L7[]
[17:55:58.863324]	Exploring 0: L0[], 1: L0[], Ebi: L2[☐10, L0[]], Eib: L2[☐20, ☐25], Eii: L2[☐30, ☐35], put: L2[☐40, V1] -> V0 -> V1 -> L2[☐50, _9_s], tr: L7[]
[17:55:58.863511]	Exploring 0: L0[], 1: L0[], Ebi: L2[☐10, L0[]], Eib: L2[☐20, ☐25], Eii: L2[☐30, ☐35], put: L2[☐40, V1] -> V0 -> V1 -> L2[☐50, V1], tr: L7[]
[17:55:58.863706]	Exploring 0: L0[], 1: L0[], Ebi: L2[☐10, L0[]], Eib: L2[☐20, ☐25], Eii: L2[☐30, ☐35], put: L2[☐40, V1] -> V0 -> V1 -> L2[L0[], _9_s], tr: L7[]
[17:55:58.863900]	Exploring 0: L0[], 1: L0[], Ebi: L2[☐10, L0[]], Eib: L2[☐20, ☐25], Eii: L2[☐30, ☐35], put: L2[☐40, V1] -> V0 -> V1 -> L2[L7[], _9_s], tr: L7[]
[17:55:58.864136]	Exploring 0: L0[], 1: L0[], Ebi: L2[☐10, L0[]], Eib: L2[☐20, ☐25], Eii: L2[☐30, ☐35], put: L2[☐40, V1] -> V0 -> V1 -> L2[V0, _9_s], tr: L7[]
[17:55:58.864394]	Exploring 0: L0[], 1: L0[], Ebi: L2[☐10, L0[]], Eib: L2[☐20, ☐25], Eii: L2[☐30, ☐35], put: L2[☐40, V1] -> V0 -> V1 -> L2[V1, _9_s], tr: L7[]
[17:55:58.864679]	Exploring 0: L0[], 1: L0[], Ebi: L2[☐10, L0[]], Eib: L2[☐20, ☐25], Eii: L2[☐30, ☐35], put: L2[☐40, V2] -> V0 -> V1 -> L2[_8_s, _9_s], tr: L7[]
[17:55:58.864851]	Exploring 0: L0[], 1: L0[], Ebi: L2[☐10, L0[]], Eib: L2[☐20, ☐25], Eii: L2[☐30, ☐35], put: L2[☐40, V2] -> V0 -> V1 -> L2[☐50, _9_s], tr: L7[]
[17:55:58.865030]	Exploring 0: L0[], 1: L0[], Ebi: L2[☐10, L0[]], Eib: L2[☐20, ☐25], Eii: L2[☐30, ☐35], put: L2[☐40, V2] -> V0 -> V1 -> L2[☐50, ☐55], tr: L7[]
[17:55:58.865241]	Exploring 0: L0[], 1: L0[], Ebi: L2[☐10, L0[]], Eib: L2[☐20, ☐25], Eii: L2[☐30, ☐35], put: L2[☐40, V2] -> V0 -> V1 -> L2[☐50, L0[]], tr: L7[]
[17:55:58.865423]	Exploring 0: L0[], 1: L0[], Ebi: L2[☐10, L0[]], Eib: L2[☐20, ☐25], Eii: L2[☐30, ☐35], put: L2[☐40, V2] -> V0 -> V1 -> L2[☐50, L7[]], tr: L7[]
[17:55:58.865617]	Exploring 0: L0[], 1: L0[], Ebi: L2[☐10, L0[]], Eib: L2[☐20, ☐25], Eii: L2[☐30, ☐35], put: L2[☐40, V2] -> V0 -> V1 -> L2[☐50, V0], tr: L7[]
[17:55:58.865799]	Exploring 0: L0[], 1: L0[], Ebi: L2[☐10, L0[]], Eib: L2[☐20, ☐25], Eii: L2[☐30, ☐35], put: L2[☐40, V2] -> V0 -> V1 -> L2[☐50, V1], tr: L7[]
[17:55:58.865967]	Exploring 0: L0[], 1: L0[], Ebi: L2[☐10, L0[]], Eib: L2[☐20, ☐25], Eii: L2[☐30, ☐35], put: L2[☐40, V2] -> V0 -> V1 -> L2[☐50, V2], tr: L7[]
[17:55:58.866159]	Exploring 0: L0[], 1: L0[], Ebi: L2[☐10, L0[]], Eib: L2[☐20, ☐25], Eii: L2[☐30, ☐35], put: L2[☐40, V2] -> V0 -> V1 -> L2[L0[], _9_s], tr: L7[]
[17:55:58.866453]	Exploring 0: L0[], 1: L0[], Ebi: L2[☐10, L0[]], Eib: L2[☐20, ☐25], Eii: L2[☐30, ☐35], put: L2[☐40, V2] -> V0 -> V1 -> L2[L7[], _9_s], tr: L7[]
[17:55:58.866667]	Exploring 0: L0[], 1: L0[], Ebi: L2[☐10, L0[]], Eib: L2[☐20, ☐25], Eii: L2[☐30, ☐35], put: L2[☐40, V2] -> V0 -> V1 -> L2[V0, _9_s], tr: L7[]
[17:55:58.866945]	Exploring 0: L0[], 1: L0[], Ebi: L2[☐10, L0[]], Eib: L2[☐20, ☐25], Eii: L2[☐30, ☐35], put: L2[☐40, V2] -> V0 -> V1 -> L2[V1, _9_s], tr: L7[]
[17:55:58.867124]	Exploring 0: L0[], 1: L0[], Ebi: L2[☐10, L0[]], Eib: L2[☐20, ☐25], Eii: L2[☐30, ☐35], put: L2[☐40, V2] -> V0 -> V1 -> L2[V2, _9_s], tr: L7[]
[17:55:58.867334]	Exploring 0: L0[], 1: L0[], Ebi: L2[☐10, L0[]], Eib: L2[☐20, ☐25], Eii: L2[☐30, ☐35], put: L2[L0[], _7_s] -> V0 -> V1 -> L2[_8_s, _9_s], tr: L7[]
[17:55:58.867526]	Exploring 0: L0[], 1: L0[], Ebi: L2[☐10, L0[]], Eib: L2[☐20, ☐25], Eii: L2[☐30, ☐35], put: L2[L0[], L0[]] -> V0 -> V1 -> L2[_8_s, _9_s], tr: L7[]
[17:55:58.867720]		Fast forwarded from
		0: L0[], 1: L0[], Ebi: L2[☐10, L0[]], Eib: L2[☐20, ☐25], Eii: L2[☐30, ☐35], put: L2[L0[], L0[]] -> V0 -> V1 -> L2[_8_s, _9_s], tr: L7[]
		0: L0[], 1: L0[], Ebi: L2[L0[], L0[]], Eib: L2[L0[], L0[]], Eii: L2[L0[], L0[]], put: L2[L0[], L0[]] -> V0 -> V1 -> L2[L0[], L0[]], tr: L7[]
[17:55:58.868100]	Exploring 0: L0[], 1: L0[], Ebi: L2[☐10, L0[]], Eib: L2[☐20, ☐25], Eii: L2[☐30, ☐35], put: L2[L0[], V1] -> V0 -> V1 -> L2[_8_s, _9_s], tr: L7[]
[17:55:58.868287]		Fast forwarded from
		0: L0[], 1: L0[], Ebi: L2[☐10, L0[]], Eib: L2[☐20, ☐25], Eii: L2[☐30, ☐35], put: L2[L0[], V1] -> V0 -> V1 -> L2[_8_s, _9_s], tr: L7[]
		0: L0[], 1: L0[], Ebi: L2[L0[], L0[]], Eib: L2[L0[], L7[]], Eii: L2[L0[], L0[]], put: L2[L0[], V1] -> V0 -> V1 -> L2[L0[], V0], tr: L7[]
[17:55:58.868468]	Exploring 0: L0[], 1: L0[], Ebi: L2[☐10, L0[]], Eib: L2[☐20, ☐25], Eii: L2[☐30, ☐35], put: L2[L0[], V2] -> V0 -> V1 -> L2[_8_s, _9_s], tr: L7[]
[17:55:58.868639]	Exploring 0: L0[], 1: L0[], Ebi: L2[☐10, L0[]], Eib: L2[☐20, ☐25], Eii: L2[☐30, ☐35], put: L2[L7[], _7_s] -> V0 -> V1 -> L2[_8_s, _9_s], tr: L7[]
[17:55:58.868812]	Exploring 0: L0[], 1: L0[], Ebi: L2[☐10, L0[]], Eib: L2[☐20, ☐25], Eii: L2[☐30, ☐35], put: L2[L7[], L0[]] -> V0 -> V1 -> L2[_8_s, _9_s], tr: L7[]
[17:55:58.869003]		Fast forwarded from
		0: L0[], 1: L0[], Ebi: L2[☐10, L0[]], Eib: L2[☐20, ☐25], Eii: L2[☐30, ☐35], put: L2[L7[], L0[]] -> V0 -> V1 -> L2[_8_s, _9_s], tr: L7[]
		0: L0[], 1: L0[], Ebi: L2[L7[], L0[]], Eib: L2[L7[], L0[]], Eii: L2[L7[], L0[]], put: L2[L7[], L0[]] -> V0 -> V1 -> L2[L7[], L0[]], tr: L7[]
[17:55:58.869283]	Exploring 0: L0[], 1: L0[], Ebi: L2[☐10, L0[]], Eib: L2[☐20, ☐25], Eii: L2[☐30, ☐35], put: L2[L7[], V1] -> V0 -> V1 -> L2[_8_s, _9_s], tr: L7[]
[17:55:58.869423]		Fast forwarded from
		0: L0[], 1: L0[], Ebi: L2[☐10, L0[]], Eib: L2[☐20, ☐25], Eii: L2[☐30, ☐35], put: L2[L7[], V1] -> V0 -> V1 -> L2[_8_s, _9_s], tr: L7[]
		0: L0[], 1: L0[], Ebi: L2[L7[], L0[]], Eib: L2[L7[], L7[]], Eii: L2[L7[], L0[]], put: L2[L7[], V1] -> V0 -> V1 -> L2[L7[], V0], tr: L7[]
[17:55:58.869625]	Exploring 0: L0[], 1: L0[], Ebi: L2[☐10, L0[]], Eib: L2[☐20, ☐25], Eii: L2[☐30, ☐35], put: L2[L7[], V2] -> V0 -> V1 -> L2[_8_s, _9_s], tr: L7[]
[17:55:58.869872]	Exploring 0: L0[], 1: L0[], Ebi: L2[☐10, L0[]], Eib: L2[☐20, ☐25], Eii: L2[☐30, ☐35], put: L2[V0, _7_s] -> V0 -> V1 -> L2[_8_s, _9_s], tr: L7[]
[17:55:58.870082]	Exploring 0: L0[], 1: L0[], Ebi: L2[☐10, L0[]], Eib: L2[☐20, ☐25], Eii: L2[☐30, ☐35], put: L2[V0, L0[]] -> V0 -> V1 -> L2[_8_s, _9_s], tr: L7[]
[17:55:58.870225]		Fast forwarded from
		0: L0[], 1: L0[], Ebi: L2[☐10, L0[]], Eib: L2[☐20, ☐25], Eii: L2[☐30, ☐35], put: L2[V0, L0[]] -> V0 -> V1 -> L2[_8_s, _9_s], tr: L7[]
		0: L0[], 1: L0[], Ebi: L2[L7[], L0[]], Eib: L2[L0[], L0[]], Eii: L2[L0[], L0[]], put: L2[V0, L0[]] -> V0 -> V1 -> L2[V0, L0[]], tr: L7[]
[17:55:58.870497]	Exploring 0: L0[], 1: L0[], Ebi: L2[☐10, L0[]], Eib: L2[☐20, ☐25], Eii: L2[☐30, ☐35], put: L2[V0, V0] -> V0 -> V1 -> L2[_8_s, _9_s], tr: L7[]
[17:55:58.870764]	Exploring 0: L0[], 1: L0[], Ebi: L2[☐10, L0[]], Eib: L2[☐20, ☐25], Eii: L2[☐30, ☐35], put: L2[V0, V1] -> V0 -> V1 -> L2[_8_s, _9_s], tr: L7[]
[17:55:58.870936]		Fast forwarded from
		0: L0[], 1: L0[], Ebi: L2[☐10, L0[]], Eib: L2[☐20, ☐25], Eii: L2[☐30, ☐35], put: L2[V0, V1] -> V0 -> V1 -> L2[_8_s, _9_s], tr: L7[]
		0: L0[], 1: L0[], Ebi: L2[L7[], L0[]], Eib: L2[L0[], L7[]], Eii: L2[L0[], L0[]], put: L2[V0, V1] -> V0 -> V1 -> L2[V0, V0], tr: L7[]
[17:55:58.871154]	Exploring 0: L0[], 1: L0[], Ebi: L2[☐10, L0[]], Eib: L2[☐20, ☐25], Eii: L2[☐30, ☐35], put: L2[V0, V2] -> V0 -> V1 -> L2[_8_s, _9_s], tr: L7[]
[17:55:58.871332]	Exploring 0: L0[], 1: L0[], Ebi: L2[☐10, L0[]], Eib: L2[☐20, ☐25], Eii: L2[☐30, ☐35], put: L2[V1, _7_s] -> V0 -> V1 -> L2[_8_s, _9_s], tr: L7[]
[17:55:58.871492]	Exploring 0: L0[], 1: L0[], Ebi: L2[☐10, L0[]], Eib: L2[☐20, ☐25], Eii: L2[☐30, ☐35], put: L2[V1, L0[]] -> V0 -> V1 -> L2[_8_s, _9_s], tr: L7[]
[17:55:58.871631]		Fast forwarded from
		0: L0[], 1: L0[], Ebi: L2[☐10, L0[]], Eib: L2[☐20, ☐25], Eii: L2[☐30, ☐35], put: L2[V1, L0[]] -> V0 -> V1 -> L2[_8_s, _9_s], tr: L7[]
		0: L0[], 1: L0[], Ebi: L2[L0[], L0[]], Eib: L2[L7[], L0[]], Eii: L2[L0[], L0[]], put: L2[V1, L0[]] -> V0 -> V1 -> L2[V0, L0[]], tr: L7[]
[17:55:58.871860]	Exploring 0: L0[], 1: L0[], Ebi: L2[☐10, L0[]], Eib: L2[☐20, ☐25], Eii: L2[☐30, ☐35], put: L2[V1, V1] -> V0 -> V1 -> L2[_8_s, _9_s], tr: L7[]
[17:55:58.872140]	Exploring 0: L0[], 1: L0[], Ebi: L2[☐10, L0[]], Eib: L2[☐20, ☐25], Eii: L2[☐30, ☐35], put: L2[V1, V2] -> V0 -> V1 -> L2[_8_s, _9_s], tr: L7[]
[17:55:58.872380]	Exploring 0: L0[], 1: L0[], Ebi: L2[☐10, L0[]], Eib: L2[☐20, ☐25], Eii: L2[☐30, ☐35], put: L2[V2, _7_s] -> V0 -> V1 -> L2[_8_s, _9_s], tr: L7[]
[17:55:58.872539]	Exploring 0: L0[], 1: L0[], Ebi: L2[☐10, L0[]], Eib: L2[☐20, ☐25], Eii: L2[☐30, ☐35], put: L2[V2, L0[]] -> V0 -> V1 -> L2[_8_s, _9_s], tr: L7[]
[17:55:58.872842]	Exploring 0: L0[], 1: L0[], Ebi: L2[☐10, L0[]], Eib: L2[☐20, ☐25], Eii: L2[☐30, ☐35], put: L2[V2, V1] -> V0 -> V1 -> L2[_8_s, _9_s], tr: L7[]
[17:55:58.873073]	Exploring 0: L0[], 1: L0[], Ebi: L2[☐10, L0[]], Eib: L2[☐20, ☐25], Eii: L2[☐30, ☐35], put: L2[V2, V2] -> V0 -> V1 -> L2[_8_s, _9_s], tr: L7[]
[17:55:58.873285]	Exploring 0: L0[], 1: L0[], Ebi: L2[☐10, L0[]], Eib: L2[☐20, ☐25], Eii: L2[☐30, ☐35], put: L2[V2, V3] -> V0 -> V1 -> L2[_8_s, _9_s], tr: L7[]
[17:55:58.873415]	Exploring 0: L0[], 1: L0[], Ebi: L2[☐10, L0[]], Eib: L2[☐20, ☐25], Eii: L2[☐30, L0[]], put: L2[_6_s, _7_s] -> V0 -> V1 -> L2[_8_s, _9_s], tr: L7[]
[17:55:58.873531]	Exploring 0: L0[], 1: L0[], Ebi: L2[☐10, L0[]], Eib: L2[☐20, ☐25], Eii: L2[☐30, L0[]], put: L2[☐40, _7_s] -> V0 -> V1 -> L2[_8_s, _9_s], tr: L7[]
[17:55:58.873686]	Exploring 0: L0[], 1: L0[], Ebi: L2[☐10, L0[]], Eib: L2[☐20, ☐25], Eii: L2[☐30, L0[]], put: L2[☐40, L0[]] -> V0 -> V1 -> L2[_8_s, _9_s], tr: L7[]
[17:55:58.873981]	Exploring 0: L0[], 1: L0[], Ebi: L2[☐10, L0[]], Eib: L2[☐20, ☐25], Eii: L2[☐30, L0[]], put: L2[☐40, V1] -> V0 -> V1 -> L2[_8_s, _9_s], tr: L7[]
[17:55:58.874235]	Exploring 0: L0[], 1: L0[], Ebi: L2[☐10, L0[]], Eib: L2[☐20, ☐25], Eii: L2[☐30, L0[]], put: L2[☐40, V2] -> V0 -> V1 -> L2[_8_s, _9_s], tr: L7[]
[17:55:58.874388]	Exploring 0: L0[], 1: L0[], Ebi: L2[☐10, L0[]], Eib: L2[☐20, ☐25], Eii: L2[☐30, L0[]], put: L2[L0[], _7_s] -> V0 -> V1 -> L2[_8_s, _9_s], tr: L7[]
[17:55:58.874616]	Exploring 0: L0[], 1: L0[], Ebi: L2[☐10, L0[]], Eib: L2[☐20, ☐25], Eii: L2[☐30, L0[]], put: L2[L7[], _7_s] -> V0 -> V1 -> L2[_8_s, _9_s], tr: L7[]
[17:55:58.874876]	Exploring 0: L0[], 1: L0[], Ebi: L2[☐10, L0[]], Eib: L2[☐20, ☐25], Eii: L2[☐30, L0[]], put: L2[V0, _7_s] -> V0 -> V1 -> L2[_8_s, _9_s], tr: L7[]
[17:55:58.875237]	Exploring 0: L0[], 1: L0[], Ebi: L2[☐10, L0[]], Eib: L2[☐20, ☐25], Eii: L2[☐30, L0[]], put: L2[V1, _7_s] -> V0 -> V1 -> L2[_8_s, _9_s], tr: L7[]
[17:55:58.875552]	Exploring 0: L0[], 1: L0[], Ebi: L2[☐10, L0[]], Eib: L2[☐20, ☐25], Eii: L2[☐30, L0[]], put: L2[V2, _7_s] -> V0 -> V1 -> L2[_8_s, _9_s], tr: L7[]
[17:55:58.875768]	Exploring 0: L0[], 1: L0[], Ebi: L2[☐10, L0[]], Eib: L2[☐20, ☐25], Eii: L2[☐30, L7[]], put: L2[_6_s, _7_s] -> V0 -> V1 -> L2[_8_s, _9_s], tr: L7[]
[17:55:58.875986]	Exploring 0: L0[], 1: L0[], Ebi: L2[☐10, L0[]], Eib: L2[☐20, ☐25], Eii: L2[☐30, L7[]], put: L2[☐40, _7_s] -> V0 -> V1 -> L2[_8_s, _9_s], tr: L7[]
[17:55:58.876242]	Exploring 0: L0[], 1: L0[], Ebi: L2[☐10, L0[]], Eib: L2[☐20, ☐25], Eii: L2[☐30, L7[]], put: L2[☐40, V2] -> V0 -> V1 -> L2[_8_s, _9_s], tr: L7[]
[17:55:58.876390]	Exploring 0: L0[], 1: L0[], Ebi: L2[☐10, L0[]], Eib: L2[☐20, ☐25], Eii: L2[☐30, L7[]], put: L2[L0[], _7_s] -> V0 -> V1 -> L2[_8_s, _9_s], tr: L7[]
[17:55:58.876553]	Exploring 0: L0[], 1: L0[], Ebi: L2[☐10, L0[]], Eib: L2[☐20, ☐25], Eii: L2[☐30, L7[]], put: L2[L7[], _7_s] -> V0 -> V1 -> L2[_8_s, _9_s], tr: L7[]
[17:55:58.876743]	Exploring 0: L0[], 1: L0[], Ebi: L2[☐10, L0[]], Eib: L2[☐20, ☐25], Eii: L2[☐30, L7[]], put: L2[V0, _7_s] -> V0 -> V1 -> L2[_8_s, _9_s], tr: L7[]
[17:55:58.876926]	Exploring 0: L0[], 1: L0[], Ebi: L2[☐10, L0[]], Eib: L2[☐20, ☐25], Eii: L2[☐30, L7[]], put: L2[V1, _7_s] -> V0 -> V1 -> L2[_8_s, _9_s], tr: L7[]
[17:55:58.877200]	Exploring 0: L0[], 1: L0[], Ebi: L2[☐10, L0[]], Eib: L2[☐20, ☐25], Eii: L2[☐30, L7[]], put: L2[V2, _7_s] -> V0 -> V1 -> L2[_8_s, _9_s], tr: L7[]
[17:55:58.877360]	Exploring 0: L0[], 1: L0[], Ebi: L2[☐10, L0[]], Eib: L2[☐20, ☐25], Eii: L2[L0[], _5_s], put: L2[_6_s, _7_s] -> V0 -> V1 -> L2[_8_s, _9_s], tr: L7[]
[17:55:58.877481]	Exploring 0: L0[], 1: L0[], Ebi: L2[☐10, L0[]], Eib: L2[☐20, ☐25], Eii: L2[L0[], ☐35], put: L2[_6_s, _7_s] -> V0 -> V1 -> L2[_8_s, _9_s], tr: L7[]
[17:55:58.877625]	Exploring 0: L0[], 1: L0[], Ebi: L2[☐10, L0[]], Eib: L2[☐20, ☐25], Eii: L2[L0[], ☐35], put: L2[L0[], _7_s] -> V0 -> V1 -> L2[_8_s, _9_s], tr: L7[]
[17:55:58.877885]	Exploring 0: L0[], 1: L0[], Ebi: L2[☐10, L0[]], Eib: L2[☐20, ☐25], Eii: L2[L0[], ☐35], put: L2[V0, _7_s] -> V0 -> V1 -> L2[_8_s, _9_s], tr: L7[]
[17:55:58.878155]	Exploring 0: L0[], 1: L0[], Ebi: L2[☐10, L0[]], Eib: L2[☐20, ☐25], Eii: L2[L0[], ☐35], put: L2[V1, _7_s] -> V0 -> V1 -> L2[_8_s, _9_s], tr: L7[]
[17:55:58.878415]	Exploring 0: L0[], 1: L0[], Ebi: L2[☐10, L0[]], Eib: L2[☐20, ☐25], Eii: L2[L0[], ☐35], put: L2[V2, _7_s] -> V0 -> V1 -> L2[_8_s, _9_s], tr: L7[]
[17:55:58.878580]	Exploring 0: L0[], 1: L0[], Ebi: L2[☐10, L0[]], Eib: L2[☐20, ☐25], Eii: L2[L0[], L0[]], put: L2[_6_s, _7_s] -> V0 -> V1 -> L2[_8_s, _9_s], tr: L7[]
[17:55:58.878749]	Exploring 0: L0[], 1: L0[], Ebi: L2[☐10, L0[]], Eib: L2[☐20, ☐25], Eii: L2[L0[], L7[]], put: L2[_6_s, _7_s] -> V0 -> V1 -> L2[_8_s, _9_s], tr: L7[]
[17:55:58.878970]	Exploring 0: L0[], 1: L0[], Ebi: L2[☐10, L0[]], Eib: L2[☐20, ☐25], Eii: L2[L7[], _5_s], put: L2[_6_s, _7_s] -> V0 -> V1 -> L2[_8_s, _9_s], tr: L7[]
[17:55:58.879105]	Exploring 0: L0[], 1: L0[], Ebi: L2[☐10, L0[]], Eib: L2[☐20, ☐25], Eii: L2[L7[], ☐35], put: L2[_6_s, _7_s] -> V0 -> V1 -> L2[_8_s, _9_s], tr: L7[]
[17:55:58.879237]	Exploring 0: L0[], 1: L0[], Ebi: L2[☐10, L0[]], Eib: L2[☐20, ☐25], Eii: L2[L7[], ☐35], put: L2[L7[], _7_s] -> V0 -> V1 -> L2[_8_s, _9_s], tr: L7[]
[17:55:58.879551]	Exploring 0: L0[], 1: L0[], Ebi: L2[☐10, L0[]], Eib: L2[☐20, ☐25], Eii: L2[L7[], ☐35], put: L2[V2, _7_s] -> V0 -> V1 -> L2[_8_s, _9_s], tr: L7[]
[17:55:58.879758]	Exploring 0: L0[], 1: L0[], Ebi: L2[☐10, L0[]], Eib: L2[☐20, ☐25], Eii: L2[L7[], L0[]], put: L2[_6_s, _7_s] -> V0 -> V1 -> L2[_8_s, _9_s], tr: L7[]
[17:55:58.879992]	Exploring 0: L0[], 1: L0[], Ebi: L2[☐10, L0[]], Eib: L2[☐20, ☐25], Eii: L2[L7[], L7[]], put: L2[_6_s, _7_s] -> V0 -> V1 -> L2[_8_s, _9_s], tr: L7[]
[17:55:58.880158]	Exploring 0: L0[], 1: L0[], Ebi: L2[☐10, L0[]], Eib: L2[☐20, L0[]], Eii: L2[_4_s, _5_s], put: L2[_6_s, _7_s] -> V0 -> V1 -> L2[_8_s, _9_s], tr: L7[]
[17:55:58.880273]	Exploring 0: L0[], 1: L0[], Ebi: L2[☐10, L0[]], Eib: L2[☐20, L0[]], Eii: L2[☐30, _5_s], put: L2[_6_s, _7_s] -> V0 -> V1 -> L2[_8_s, _9_s], tr: L7[]
[17:55:58.880414]	Exploring 0: L0[], 1: L0[], Ebi: L2[☐10, L0[]], Eib: L2[☐20, L0[]], Eii: L2[☐30, ☐35], put: L2[_6_s, _7_s] -> V0 -> V1 -> L2[_8_s, _9_s], tr: L7[]
[17:55:58.880568]	Exploring 0: L0[], 1: L0[], Ebi: L2[☐10, L0[]], Eib: L2[☐20, L0[]], Eii: L2[☐30, ☐35], put: L2[☐40, _7_s] -> V0 -> V1 -> L2[_8_s, _9_s], tr: L7[]
[17:55:58.880698]	Exploring 0: L0[], 1: L0[], Ebi: L2[☐10, L0[]], Eib: L2[☐20, L0[]], Eii: L2[☐30, ☐35], put: L2[☐40, L0[]] -> V0 -> V1 -> L2[_8_s, _9_s], tr: L7[]
[17:55:58.880921]	Exploring 0: L0[], 1: L0[], Ebi: L2[☐10, L0[]], Eib: L2[☐20, L0[]], Eii: L2[☐30, ☐35], put: L2[☐40, V2] -> V0 -> V1 -> L2[_8_s, _9_s], tr: L7[]
[17:55:58.881118]	Exploring 0: L0[], 1: L0[], Ebi: L2[☐10, L0[]], Eib: L2[☐20, L0[]], Eii: L2[☐30, ☐35], put: L2[L0[], _7_s] -> V0 -> V1 -> L2[_8_s, _9_s], tr: L7[]
[17:55:58.881364]	Exploring 0: L0[], 1: L0[], Ebi: L2[☐10, L0[]], Eib: L2[☐20, L0[]], Eii: L2[☐30, ☐35], put: L2[L7[], _7_s] -> V0 -> V1 -> L2[_8_s, _9_s], tr: L7[]
[17:55:58.881549]	Exploring 0: L0[], 1: L0[], Ebi: L2[☐10, L0[]], Eib: L2[☐20, L0[]], Eii: L2[☐30, ☐35], put: L2[V0, _7_s] -> V0 -> V1 -> L2[_8_s, _9_s], tr: L7[]
[17:55:58.881735]	Exploring 0: L0[], 1: L0[], Ebi: L2[☐10, L0[]], Eib: L2[☐20, L0[]], Eii: L2[☐30, ☐35], put: L2[V1, _7_s] -> V0 -> V1 -> L2[_8_s, _9_s], tr: L7[]
[17:55:58.881989]	Exploring 0: L0[], 1: L0[], Ebi: L2[☐10, L0[]], Eib: L2[☐20, L0[]], Eii: L2[☐30, ☐35], put: L2[V2, _7_s] -> V0 -> V1 -> L2[_8_s, _9_s], tr: L7[]
[17:55:58.882193]	Exploring 0: L0[], 1: L0[], Ebi: L2[☐10, L0[]], Eib: L2[☐20, L0[]], Eii: L2[☐30, L0[]], put: L2[_6_s, _7_s] -> V0 -> V1 -> L2[_8_s, _9_s], tr: L7[]
[17:55:58.882414]	Exploring 0: L0[], 1: L0[], Ebi: L2[☐10, L0[]], Eib: L2[☐20, L0[]], Eii: L2[☐30, L7[]], put: L2[_6_s, _7_s] -> V0 -> V1 -> L2[_8_s, _9_s], tr: L7[]
[17:55:58.882571]	Exploring 0: L0[], 1: L0[], Ebi: L2[☐10, L0[]], Eib: L2[☐20, L0[]], Eii: L2[L0[], _5_s], put: L2[_6_s, _7_s] -> V0 -> V1 -> L2[_8_s, _9_s], tr: L7[]
[17:55:58.882734]	Exploring 0: L0[], 1: L0[], Ebi: L2[☐10, L0[]], Eib: L2[☐20, L0[]], Eii: L2[L7[], _5_s], put: L2[_6_s, _7_s] -> V0 -> V1 -> L2[_8_s, _9_s], tr: L7[]
[17:55:58.882898]	Exploring 0: L0[], 1: L0[], Ebi: L2[☐10, L0[]], Eib: L2[☐20, L7[]], Eii: L2[_4_s, _5_s], put: L2[_6_s, _7_s] -> V0 -> V1 -> L2[_8_s, _9_s], tr: L7[]
[17:55:58.883058]	Exploring 0: L0[], 1: L0[], Ebi: L2[☐10, L0[]], Eib: L2[☐20, L7[]], Eii: L2[☐30, _5_s], put: L2[_6_s, _7_s] -> V0 -> V1 -> L2[_8_s, _9_s], tr: L7[]
[17:55:58.883211]	Exploring 0: L0[], 1: L0[], Ebi: L2[☐10, L0[]], Eib: L2[☐20, L7[]], Eii: L2[☐30, ☐35], put: L2[_6_s, _7_s] -> V0 -> V1 -> L2[_8_s, _9_s], tr: L7[]
[17:55:58.883415]	Exploring 0: L0[], 1: L0[], Ebi: L2[☐10, L0[]], Eib: L2[☐20, L7[]], Eii: L2[☐30, ☐35], put: L2[☐40, _7_s] -> V0 -> V1 -> L2[_8_s, _9_s], tr: L7[]
[17:55:58.883571]	Exploring 0: L0[], 1: L0[], Ebi: L2[☐10, L0[]], Eib: L2[☐20, L7[]], Eii: L2[☐30, ☐35], put: L2[☐40, V1] -> V0 -> V1 -> L2[_8_s, _9_s], tr: L7[]
[17:55:58.883819]	Exploring 0: L0[], 1: L0[], Ebi: L2[☐10, L0[]], Eib: L2[☐20, L7[]], Eii: L2[☐30, ☐35], put: L2[☐40, V2] -> V0 -> V1 -> L2[_8_s, _9_s], tr: L7[]
[17:55:58.884023]	Exploring 0: L0[], 1: L0[], Ebi: L2[☐10, L0[]], Eib: L2[☐20, L7[]], Eii: L2[☐30, ☐35], put: L2[L0[], _7_s] -> V0 -> V1 -> L2[_8_s, _9_s], tr: L7[]
[17:55:58.884220]	Exploring 0: L0[], 1: L0[], Ebi: L2[☐10, L0[]], Eib: L2[☐20, L7[]], Eii: L2[☐30, ☐35], put: L2[L7[], _7_s] -> V0 -> V1 -> L2[_8_s, _9_s], tr: L7[]
[17:55:58.884403]	Exploring 0: L0[], 1: L0[], Ebi: L2[☐10, L0[]], Eib: L2[☐20, L7[]], Eii: L2[☐30, ☐35], put: L2[V0, _7_s] -> V0 -> V1 -> L2[_8_s, _9_s], tr: L7[]
[17:55:58.884592]	Exploring 0: L0[], 1: L0[], Ebi: L2[☐10, L0[]], Eib: L2[☐20, L7[]], Eii: L2[☐30, ☐35], put: L2[V1, _7_s] -> V0 -> V1 -> L2[_8_s, _9_s], tr: L7[]
[17:55:58.884807]	Exploring 0: L0[], 1: L0[], Ebi: L2[☐10, L0[]], Eib: L2[☐20, L7[]], Eii: L2[☐30, ☐35], put: L2[V2, _7_s] -> V0 -> V1 -> L2[_8_s, _9_s], tr: L7[]
[17:55:58.885005]	Exploring 0: L0[], 1: L0[], Ebi: L2[☐10, L0[]], Eib: L2[☐20, L7[]], Eii: L2[☐30, L0[]], put: L2[_6_s, _7_s] -> V0 -> V1 -> L2[_8_s, _9_s], tr: L7[]
[17:55:58.885219]	Exploring 0: L0[], 1: L0[], Ebi: L2[☐10, L0[]], Eib: L2[☐20, L7[]], Eii: L2[☐30, L7[]], put: L2[_6_s, _7_s] -> V0 -> V1 -> L2[_8_s, _9_s], tr: L7[]
[17:55:58.885377]	Exploring 0: L0[], 1: L0[], Ebi: L2[☐10, L0[]], Eib: L2[☐20, L7[]], Eii: L2[L0[], _5_s], put: L2[_6_s, _7_s] -> V0 -> V1 -> L2[_8_s, _9_s], tr: L7[]
[17:55:58.885592]	Exploring 0: L0[], 1: L0[], Ebi: L2[☐10, L0[]], Eib: L2[☐20, L7[]], Eii: L2[L7[], _5_s], put: L2[_6_s, _7_s] -> V0 -> V1 -> L2[_8_s, _9_s], tr: L7[]
[17:55:58.885811]	Exploring 0: L0[], 1: L0[], Ebi: L2[☐10, L0[]], Eib: L2[L0[], _3_s], Eii: L2[_4_s, _5_s], put: L2[_6_s, _7_s] -> V0 -> V1 -> L2[_8_s, _9_s], tr: L7[]
[17:55:58.885988]	Exploring 0: L0[], 1: L0[], Ebi: L2[☐10, L0[]], Eib: L2[L0[], ☐25], Eii: L2[_4_s, _5_s], put: L2[_6_s, _7_s] -> V0 -> V1 -> L2[_8_s, _9_s], tr: L7[]
[17:55:58.886137]	Exploring 0: L0[], 1: L0[], Ebi: L2[☐10, L0[]], Eib: L2[L0[], ☐25], Eii: L2[☐30, _5_s], put: L2[_6_s, _7_s] -> V0 -> V1 -> L2[_8_s, _9_s], tr: L7[]
[17:55:58.886276]	Exploring 0: L0[], 1: L0[], Ebi: L2[☐10, L0[]], Eib: L2[L0[], ☐25], Eii: L2[☐30, ☐35], put: L2[_6_s, _7_s] -> V0 -> V1 -> L2[_8_s, _9_s], tr: L7[]
[17:55:58.886463]	Exploring 0: L0[], 1: L0[], Ebi: L2[☐10, L0[]], Eib: L2[L0[], ☐25], Eii: L2[☐30, ☐35], put: L2[L0[], _7_s] -> V0 -> V1 -> L2[_8_s, _9_s], tr: L7[]
[17:55:58.886711]	Exploring 0: L0[], 1: L0[], Ebi: L2[☐10, L0[]], Eib: L2[L0[], ☐25], Eii: L2[☐30, ☐35], put: L2[V0, _7_s] -> V0 -> V1 -> L2[_8_s, _9_s], tr: L7[]
[17:55:58.886966]	Exploring 0: L0[], 1: L0[], Ebi: L2[☐10, L0[]], Eib: L2[L0[], ☐25], Eii: L2[☐30, ☐35], put: L2[V2, _7_s] -> V0 -> V1 -> L2[_8_s, _9_s], tr: L7[]
[17:55:58.887152]	Exploring 0: L0[], 1: L0[], Ebi: L2[☐10, L0[]], Eib: L2[L0[], ☐25], Eii: L2[☐30, L0[]], put: L2[_6_s, _7_s] -> V0 -> V1 -> L2[_8_s, _9_s], tr: L7[]
[17:55:58.887356]	Exploring 0: L0[], 1: L0[], Ebi: L2[☐10, L0[]], Eib: L2[L0[], ☐25], Eii: L2[☐30, L7[]], put: L2[_6_s, _7_s] -> V0 -> V1 -> L2[_8_s, _9_s], tr: L7[]
[17:55:58.887523]	Exploring 0: L0[], 1: L0[], Ebi: L2[☐10, L0[]], Eib: L2[L0[], ☐25], Eii: L2[L0[], _5_s], put: L2[_6_s, _7_s] -> V0 -> V1 -> L2[_8_s, _9_s], tr: L7[]
[17:55:58.887663]	Exploring 0: L0[], 1: L0[], Ebi: L2[☐10, L0[]], Eib: L2[L0[], ☐25], Eii: L2[L7[], _5_s], put: L2[_6_s, _7_s] -> V0 -> V1 -> L2[_8_s, _9_s], tr: L7[]
[17:55:58.887789]	Exploring 0: L0[], 1: L0[], Ebi: L2[☐10, L0[]], Eib: L2[L0[], L0[]], Eii: L2[_4_s, _5_s], put: L2[_6_s, _7_s] -> V0 -> V1 -> L2[_8_s, _9_s], tr: L7[]
[17:55:58.887939]	Exploring 0: L0[], 1: L0[], Ebi: L2[☐10, L0[]], Eib: L2[L0[], L7[]], Eii: L2[_4_s, _5_s], put: L2[_6_s, _7_s] -> V0 -> V1 -> L2[_8_s, _9_s], tr: L7[]
[17:55:58.888154]	Exploring 0: L0[], 1: L0[], Ebi: L2[☐10, L0[]], Eib: L2[L7[], _3_s], Eii: L2[_4_s, _5_s], put: L2[_6_s, _7_s] -> V0 -> V1 -> L2[_8_s, _9_s], tr: L7[]
[17:55:58.888303]	Exploring 0: L0[], 1: L0[], Ebi: L2[☐10, L0[]], Eib: L2[L7[], ☐25], Eii: L2[_4_s, _5_s], put: L2[_6_s, _7_s] -> V0 -> V1 -> L2[_8_s, _9_s], tr: L7[]
[17:55:58.888443]	Exploring 0: L0[], 1: L0[], Ebi: L2[☐10, L0[]], Eib: L2[L7[], ☐25], Eii: L2[☐30, _5_s], put: L2[_6_s, _7_s] -> V0 -> V1 -> L2[_8_s, _9_s], tr: L7[]
[17:55:58.888594]	Exploring 0: L0[], 1: L0[], Ebi: L2[☐10, L0[]], Eib: L2[L7[], ☐25], Eii: L2[☐30, ☐35], put: L2[_6_s, _7_s] -> V0 -> V1 -> L2[_8_s, _9_s], tr: L7[]
[17:55:58.888753]	Exploring 0: L0[], 1: L0[], Ebi: L2[☐10, L0[]], Eib: L2[L7[], ☐25], Eii: L2[☐30, ☐35], put: L2[L7[], _7_s] -> V0 -> V1 -> L2[_8_s, _9_s], tr: L7[]
[17:55:58.889034]	Exploring 0: L0[], 1: L0[], Ebi: L2[☐10, L0[]], Eib: L2[L7[], ☐25], Eii: L2[☐30, ☐35], put: L2[V1, _7_s] -> V0 -> V1 -> L2[_8_s, _9_s], tr: L7[]
[17:55:58.889226]	Exploring 0: L0[], 1: L0[], Ebi: L2[☐10, L0[]], Eib: L2[L7[], ☐25], Eii: L2[☐30, ☐35], put: L2[V2, _7_s] -> V0 -> V1 -> L2[_8_s, _9_s], tr: L7[]
[17:55:58.889381]	Exploring 0: L0[], 1: L0[], Ebi: L2[☐10, L0[]], Eib: L2[L7[], ☐25], Eii: L2[☐30, L0[]], put: L2[_6_s, _7_s] -> V0 -> V1 -> L2[_8_s, _9_s], tr: L7[]
[17:55:58.889533]	Exploring 0: L0[], 1: L0[], Ebi: L2[☐10, L0[]], Eib: L2[L7[], ☐25], Eii: L2[☐30, L7[]], put: L2[_6_s, _7_s] -> V0 -> V1 -> L2[_8_s, _9_s], tr: L7[]
[17:55:58.889676]	Exploring 0: L0[], 1: L0[], Ebi: L2[☐10, L0[]], Eib: L2[L7[], ☐25], Eii: L2[L0[], _5_s], put: L2[_6_s, _7_s] -> V0 -> V1 -> L2[_8_s, _9_s], tr: L7[]
[17:55:58.889823]	Exploring 0: L0[], 1: L0[], Ebi: L2[☐10, L0[]], Eib: L2[L7[], ☐25], Eii: L2[L7[], _5_s], put: L2[_6_s, _7_s] -> V0 -> V1 -> L2[_8_s, _9_s], tr: L7[]
[17:55:58.889971]	Exploring 0: L0[], 1: L0[], Ebi: L2[☐10, L0[]], Eib: L2[L7[], L0[]], Eii: L2[_4_s, _5_s], put: L2[_6_s, _7_s] -> V0 -> V1 -> L2[_8_s, _9_s], tr: L7[]
[17:55:58.890127]	Exploring 0: L0[], 1: L0[], Ebi: L2[☐10, L0[]], Eib: L2[L7[], L7[]], Eii: L2[_4_s, _5_s], put: L2[_6_s, _7_s] -> V0 -> V1 -> L2[_8_s, _9_s], tr: L7[]
[17:55:58.890320]	Exploring 0: L0[], 1: L0[], Ebi: L2[☐10, L7[]], Eib: L2[_2_s, _3_s], Eii: L2[_4_s, _5_s], put: L2[_6_s, _7_s] -> V0 -> V1 -> L2[_8_s, _9_s], tr: L7[]
[17:55:58.890456]	Exploring 0: L0[], 1: L0[], Ebi: L2[☐10, L7[]], Eib: L2[☐20, _3_s], Eii: L2[_4_s, _5_s], put: L2[_6_s, _7_s] -> V0 -> V1 -> L2[_8_s, _9_s], tr: L7[]
[17:55:58.890601]	Exploring 0: L0[], 1: L0[], Ebi: L2[☐10, L7[]], Eib: L2[☐20, ☐25], Eii: L2[_4_s, _5_s], put: L2[_6_s, _7_s] -> V0 -> V1 -> L2[_8_s, _9_s], tr: L7[]
[17:55:58.890738]	Exploring 0: L0[], 1: L0[], Ebi: L2[☐10, L7[]], Eib: L2[☐20, ☐25], Eii: L2[☐30, _5_s], put: L2[_6_s, _7_s] -> V0 -> V1 -> L2[_8_s, _9_s], tr: L7[]
[17:55:58.890858]	Exploring 0: L0[], 1: L0[], Ebi: L2[☐10, L7[]], Eib: L2[☐20, ☐25], Eii: L2[☐30, ☐35], put: L2[_6_s, _7_s] -> V0 -> V1 -> L2[_8_s, _9_s], tr: L7[]
[17:55:58.891002]	Exploring 0: L0[], 1: L0[], Ebi: L2[☐10, L7[]], Eib: L2[☐20, ☐25], Eii: L2[☐30, ☐35], put: L2[☐40, _7_s] -> V0 -> V1 -> L2[_8_s, _9_s], tr: L7[]
[17:55:58.891127]	Exploring 0: L0[], 1: L0[], Ebi: L2[☐10, L7[]], Eib: L2[☐20, ☐25], Eii: L2[☐30, ☐35], put: L2[☐40, L7[]] -> V0 -> V1 -> L2[_8_s, _9_s], tr: L7[]
[17:55:58.891265]	Exploring 0: L0[], 1: L0[], Ebi: L2[☐10, L7[]], Eib: L2[☐20, ☐25], Eii: L2[☐30, ☐35], put: L2[☐40, L7[]] -> V0 -> V1 -> L2[☐50, _9_s], tr: L7[]
[17:55:58.891436]	Exploring 0: L0[], 1: L0[], Ebi: L2[☐10, L7[]], Eib: L2[☐20, ☐25], Eii: L2[☐30, ☐35], put: L2[☐40, L7[]] -> V0 -> V1 -> L2[☐50, L7[]], tr: L7[]
[17:55:58.891630]	Exploring 0: L0[], 1: L0[], Ebi: L2[☐10, L7[]], Eib: L2[☐20, ☐25], Eii: L2[☐30, ☐35], put: L2[☐40, L7[]] -> V0 -> V1 -> L2[L0[], _9_s], tr: L7[]
[17:55:58.891853]	Exploring 0: L0[], 1: L0[], Ebi: L2[☐10, L7[]], Eib: L2[☐20, ☐25], Eii: L2[☐30, ☐35], put: L2[☐40, L7[]] -> V0 -> V1 -> L2[L7[], _9_s], tr: L7[]
[17:55:58.892097]	Exploring 0: L0[], 1: L0[], Ebi: L2[☐10, L7[]], Eib: L2[☐20, ☐25], Eii: L2[☐30, ☐35], put: L2[☐40, L7[]] -> V0 -> V1 -> L2[V0, _9_s], tr: L7[]
[17:55:58.892284]	Exploring 0: L0[], 1: L0[], Ebi: L2[☐10, L7[]], Eib: L2[☐20, ☐25], Eii: L2[☐30, ☐35], put: L2[☐40, L7[]] -> V0 -> V1 -> L2[V1, _9_s], tr: L7[]
[17:55:58.892458]	Exploring 0: L0[], 1: L0[], Ebi: L2[☐10, L7[]], Eib: L2[☐20, ☐25], Eii: L2[☐30, ☐35], put: L2[☐40, V0] -> V0 -> V1 -> L2[_8_s, _9_s], tr: L7[]
[17:55:58.892600]	Exploring 0: L0[], 1: L0[], Ebi: L2[☐10, L7[]], Eib: L2[☐20, ☐25], Eii: L2[☐30, ☐35], put: L2[☐40, V0] -> V0 -> V1 -> L2[☐50, _9_s], tr: L7[]
[17:55:58.892744]	Exploring 0: L0[], 1: L0[], Ebi: L2[☐10, L7[]], Eib: L2[☐20, ☐25], Eii: L2[☐30, ☐35], put: L2[☐40, V0] -> V0 -> V1 -> L2[☐50, V0], tr: L7[]
[17:55:58.892953]	Exploring 0: L0[], 1: L0[], Ebi: L2[☐10, L7[]], Eib: L2[☐20, ☐25], Eii: L2[☐30, ☐35], put: L2[☐40, V0] -> V0 -> V1 -> L2[L0[], _9_s], tr: L7[]
[17:55:58.893176]	Exploring 0: L0[], 1: L0[], Ebi: L2[☐10, L7[]], Eib: L2[☐20, ☐25], Eii: L2[☐30, ☐35], put: L2[☐40, V0] -> V0 -> V1 -> L2[L7[], _9_s], tr: L7[]
[17:55:58.893358]	Exploring 0: L0[], 1: L0[], Ebi: L2[☐10, L7[]], Eib: L2[☐20, ☐25], Eii: L2[☐30, ☐35], put: L2[☐40, V0] -> V0 -> V1 -> L2[V0, _9_s], tr: L7[]
[17:55:58.893621]	Exploring 0: L0[], 1: L0[], Ebi: L2[☐10, L7[]], Eib: L2[☐20, ☐25], Eii: L2[☐30, ☐35], put: L2[☐40, V0] -> V0 -> V1 -> L2[V1, _9_s], tr: L7[]
[17:55:58.893891]	Exploring 0: L0[], 1: L0[], Ebi: L2[☐10, L7[]], Eib: L2[☐20, ☐25], Eii: L2[☐30, ☐35], put: L2[☐40, V2] -> V0 -> V1 -> L2[_8_s, _9_s], tr: L7[]
[17:55:58.894085]	Exploring 0: L0[], 1: L0[], Ebi: L2[☐10, L7[]], Eib: L2[☐20, ☐25], Eii: L2[☐30, ☐35], put: L2[☐40, V2] -> V0 -> V1 -> L2[☐50, _9_s], tr: L7[]
[17:55:58.894267]	Exploring 0: L0[], 1: L0[], Ebi: L2[☐10, L7[]], Eib: L2[☐20, ☐25], Eii: L2[☐30, ☐35], put: L2[☐40, V2] -> V0 -> V1 -> L2[☐50, ☐55], tr: L7[]
[17:55:58.894501]	Exploring 0: L0[], 1: L0[], Ebi: L2[☐10, L7[]], Eib: L2[☐20, ☐25], Eii: L2[☐30, ☐35], put: L2[☐40, V2] -> V0 -> V1 -> L2[☐50, L0[]], tr: L7[]
[17:55:58.894672]	Exploring 0: L0[], 1: L0[], Ebi: L2[☐10, L7[]], Eib: L2[☐20, ☐25], Eii: L2[☐30, ☐35], put: L2[☐40, V2] -> V0 -> V1 -> L2[☐50, L7[]], tr: L7[]
[17:55:58.894844]	Exploring 0: L0[], 1: L0[], Ebi: L2[☐10, L7[]], Eib: L2[☐20, ☐25], Eii: L2[☐30, ☐35], put: L2[☐40, V2] -> V0 -> V1 -> L2[☐50, V0], tr: L7[]
[17:55:58.895081]	Exploring 0: L0[], 1: L0[], Ebi: L2[☐10, L7[]], Eib: L2[☐20, ☐25], Eii: L2[☐30, ☐35], put: L2[☐40, V2] -> V0 -> V1 -> L2[☐50, V1], tr: L7[]
[17:55:58.895301]	Exploring 0: L0[], 1: L0[], Ebi: L2[☐10, L7[]], Eib: L2[☐20, ☐25], Eii: L2[☐30, ☐35], put: L2[☐40, V2] -> V0 -> V1 -> L2[☐50, V2], tr: L7[]
[17:55:58.895489]	Exploring 0: L0[], 1: L0[], Ebi: L2[☐10, L7[]], Eib: L2[☐20, ☐25], Eii: L2[☐30, ☐35], put: L2[☐40, V2] -> V0 -> V1 -> L2[L0[], _9_s], tr: L7[]
[17:55:58.895660]	Exploring 0: L0[], 1: L0[], Ebi: L2[☐10, L7[]], Eib: L2[☐20, ☐25], Eii: L2[☐30, ☐35], put: L2[☐40, V2] -> V0 -> V1 -> L2[L7[], _9_s], tr: L7[]
[17:55:58.895842]	Exploring 0: L0[], 1: L0[], Ebi: L2[☐10, L7[]], Eib: L2[☐20, ☐25], Eii: L2[☐30, ☐35], put: L2[☐40, V2] -> V0 -> V1 -> L2[V0, _9_s], tr: L7[]
[17:55:58.896082]	Exploring 0: L0[], 1: L0[], Ebi: L2[☐10, L7[]], Eib: L2[☐20, ☐25], Eii: L2[☐30, ☐35], put: L2[☐40, V2] -> V0 -> V1 -> L2[V1, _9_s], tr: L7[]
[17:55:58.896247]	Exploring 0: L0[], 1: L0[], Ebi: L2[☐10, L7[]], Eib: L2[☐20, ☐25], Eii: L2[☐30, ☐35], put: L2[☐40, V2] -> V0 -> V1 -> L2[V2, _9_s], tr: L7[]
[17:55:58.896398]	Exploring 0: L0[], 1: L0[], Ebi: L2[☐10, L7[]], Eib: L2[☐20, ☐25], Eii: L2[☐30, ☐35], put: L2[L0[], _7_s] -> V0 -> V1 -> L2[_8_s, _9_s], tr: L7[]
[17:55:58.896551]	Exploring 0: L0[], 1: L0[], Ebi: L2[☐10, L7[]], Eib: L2[☐20, ☐25], Eii: L2[☐30, ☐35], put: L2[L0[], L7[]] -> V0 -> V1 -> L2[_8_s, _9_s], tr: L7[]
[17:55:58.896724]		Fast forwarded from
		0: L0[], 1: L0[], Ebi: L2[☐10, L7[]], Eib: L2[☐20, ☐25], Eii: L2[☐30, ☐35], put: L2[L0[], L7[]] -> V0 -> V1 -> L2[_8_s, _9_s], tr: L7[]
		0: L0[], 1: L0[], Ebi: L2[L0[], L7[]], Eib: L2[L0[], L7[]], Eii: L2[L0[], L7[]], put: L2[L0[], L7[]] -> V0 -> V1 -> L2[L0[], L7[]], tr: L7[]
[17:55:58.897004]	Exploring 0: L0[], 1: L0[], Ebi: L2[☐10, L7[]], Eib: L2[☐20, ☐25], Eii: L2[☐30, ☐35], put: L2[L0[], V0] -> V0 -> V1 -> L2[_8_s, _9_s], tr: L7[]
[17:55:58.897145]		Fast forwarded from
		0: L0[], 1: L0[], Ebi: L2[☐10, L7[]], Eib: L2[☐20, ☐25], Eii: L2[☐30, ☐35], put: L2[L0[], V0] -> V0 -> V1 -> L2[_8_s, _9_s], tr: L7[]
		0: L0[], 1: L0[], Ebi: L2[L0[], L7[]], Eib: L2[L0[], L0[]], Eii: L2[L0[], L0[]], put: L2[L0[], V0] -> V0 -> V1 -> L2[L0[], V0], tr: L7[]
[17:55:58.897398]	Exploring 0: L0[], 1: L0[], Ebi: L2[☐10, L7[]], Eib: L2[☐20, ☐25], Eii: L2[☐30, ☐35], put: L2[L0[], V2] -> V0 -> V1 -> L2[_8_s, _9_s], tr: L7[]
[17:55:58.897544]	Exploring 0: L0[], 1: L0[], Ebi: L2[☐10, L7[]], Eib: L2[☐20, ☐25], Eii: L2[☐30, ☐35], put: L2[L7[], _7_s] -> V0 -> V1 -> L2[_8_s, _9_s], tr: L7[]
[17:55:58.897654]	Exploring 0: L0[], 1: L0[], Ebi: L2[☐10, L7[]], Eib: L2[☐20, ☐25], Eii: L2[☐30, ☐35], put: L2[L7[], L7[]] -> V0 -> V1 -> L2[_8_s, _9_s], tr: L7[]
[17:55:58.897781]		Fast forwarded from
		0: L0[], 1: L0[], Ebi: L2[☐10, L7[]], Eib: L2[☐20, ☐25], Eii: L2[☐30, ☐35], put: L2[L7[], L7[]] -> V0 -> V1 -> L2[_8_s, _9_s], tr: L7[]
		0: L0[], 1: L0[], Ebi: L2[L7[], L7[]], Eib: L2[L7[], L7[]], Eii: L2[L7[], L7[]], put: L2[L7[], L7[]] -> V0 -> V1 -> L2[L7[], L7[]], tr: L7[]
[17:55:58.898074]	Exploring 0: L0[], 1: L0[], Ebi: L2[☐10, L7[]], Eib: L2[☐20, ☐25], Eii: L2[☐30, ☐35], put: L2[L7[], V0] -> V0 -> V1 -> L2[_8_s, _9_s], tr: L7[]
[17:55:58.898260]		Fast forwarded from
		0: L0[], 1: L0[], Ebi: L2[☐10, L7[]], Eib: L2[☐20, ☐25], Eii: L2[☐30, ☐35], put: L2[L7[], V0] -> V0 -> V1 -> L2[_8_s, _9_s], tr: L7[]
		0: L0[], 1: L0[], Ebi: L2[L7[], L7[]], Eib: L2[L7[], L0[]], Eii: L2[L7[], L0[]], put: L2[L7[], V0] -> V0 -> V1 -> L2[L7[], V0], tr: L7[]
[17:55:58.898657]	Exploring 0: L0[], 1: L0[], Ebi: L2[☐10, L7[]], Eib: L2[☐20, ☐25], Eii: L2[☐30, ☐35], put: L2[L7[], V2] -> V0 -> V1 -> L2[_8_s, _9_s], tr: L7[]
[17:55:58.898843]	Exploring 0: L0[], 1: L0[], Ebi: L2[☐10, L7[]], Eib: L2[☐20, ☐25], Eii: L2[☐30, ☐35], put: L2[V0, _7_s] -> V0 -> V1 -> L2[_8_s, _9_s], tr: L7[]
[17:55:58.899044]	Exploring 0: L0[], 1: L0[], Ebi: L2[☐10, L7[]], Eib: L2[☐20, ☐25], Eii: L2[☐30, ☐35], put: L2[V0, L7[]] -> V0 -> V1 -> L2[_8_s, _9_s], tr: L7[]
[17:55:58.899183]		Fast forwarded from
		0: L0[], 1: L0[], Ebi: L2[☐10, L7[]], Eib: L2[☐20, ☐25], Eii: L2[☐30, ☐35], put: L2[V0, L7[]] -> V0 -> V1 -> L2[_8_s, _9_s], tr: L7[]
		0: L0[], 1: L0[], Ebi: L2[L7[], L7[]], Eib: L2[L0[], L7[]], Eii: L2[L0[], L7[]], put: L2[V0, L7[]] -> V0 -> V1 -> L2[V0, L7[]], tr: L7[]
[17:55:58.899507]	Exploring 0: L0[], 1: L0[], Ebi: L2[☐10, L7[]], Eib: L2[☐20, ☐25], Eii: L2[☐30, ☐35], put: L2[V0, V0] -> V0 -> V1 -> L2[_8_s, _9_s], tr: L7[]
[17:55:58.899742]	Exploring 0: L0[], 1: L0[], Ebi: L2[☐10, L7[]], Eib: L2[☐20, ☐25], Eii: L2[☐30, ☐35], put: L2[V0, V2] -> V0 -> V1 -> L2[_8_s, _9_s], tr: L7[]
[17:55:58.899934]	Exploring 0: L0[], 1: L0[], Ebi: L2[☐10, L7[]], Eib: L2[☐20, ☐25], Eii: L2[☐30, ☐35], put: L2[V1, _7_s] -> V0 -> V1 -> L2[_8_s, _9_s], tr: L7[]
[17:55:58.900135]	Exploring 0: L0[], 1: L0[], Ebi: L2[☐10, L7[]], Eib: L2[☐20, ☐25], Eii: L2[☐30, ☐35], put: L2[V1, L7[]] -> V0 -> V1 -> L2[_8_s, _9_s], tr: L7[]
[17:55:58.900314]		Fast forwarded from
		0: L0[], 1: L0[], Ebi: L2[☐10, L7[]], Eib: L2[☐20, ☐25], Eii: L2[☐30, ☐35], put: L2[V1, L7[]] -> V0 -> V1 -> L2[_8_s, _9_s], tr: L7[]
		0: L0[], 1: L0[], Ebi: L2[L0[], L7[]], Eib: L2[L7[], L7[]], Eii: L2[L0[], L7[]], put: L2[V1, L7[]] -> V0 -> V1 -> L2[V0, L7[]], tr: L7[]
[17:55:58.900531]	Exploring 0: L0[], 1: L0[], Ebi: L2[☐10, L7[]], Eib: L2[☐20, ☐25], Eii: L2[☐30, ☐35], put: L2[V1, V0] -> V0 -> V1 -> L2[_8_s, _9_s], tr: L7[]
[17:55:58.900700]		Fast forwarded from
		0: L0[], 1: L0[], Ebi: L2[☐10, L7[]], Eib: L2[☐20, ☐25], Eii: L2[☐30, ☐35], put: L2[V1, V0] -> V0 -> V1 -> L2[_8_s, _9_s], tr: L7[]
		0: L0[], 1: L0[], Ebi: L2[L0[], L7[]], Eib: L2[L7[], L0[]], Eii: L2[L0[], L0[]], put: L2[V1, V0] -> V0 -> V1 -> L2[V0, V0], tr: L7[]
[17:55:58.900868]	Exploring 0: L0[], 1: L0[], Ebi: L2[☐10, L7[]], Eib: L2[☐20, ☐25], Eii: L2[☐30, ☐35], put: L2[V1, V1] -> V0 -> V1 -> L2[_8_s, _9_s], tr: L7[]
[17:55:58.901147]	Exploring 0: L0[], 1: L0[], Ebi: L2[☐10, L7[]], Eib: L2[☐20, ☐25], Eii: L2[☐30, ☐35], put: L2[V1, V2] -> V0 -> V1 -> L2[_8_s, _9_s], tr: L7[]
[17:55:58.901395]	Exploring 0: L0[], 1: L0[], Ebi: L2[☐10, L7[]], Eib: L2[☐20, ☐25], Eii: L2[☐30, ☐35], put: L2[V2, _7_s] -> V0 -> V1 -> L2[_8_s, _9_s], tr: L7[]
[17:55:58.901640]	Exploring 0: L0[], 1: L0[], Ebi: L2[☐10, L7[]], Eib: L2[☐20, ☐25], Eii: L2[☐30, ☐35], put: L2[V2, L7[]] -> V0 -> V1 -> L2[_8_s, _9_s], tr: L7[]
[17:55:58.901914]	Exploring 0: L0[], 1: L0[], Ebi: L2[☐10, L7[]], Eib: L2[☐20, ☐25], Eii: L2[☐30, ☐35], put: L2[V2, V0] -> V0 -> V1 -> L2[_8_s, _9_s], tr: L7[]
[17:55:58.902199]	Exploring 0: L0[], 1: L0[], Ebi: L2[☐10, L7[]], Eib: L2[☐20, ☐25], Eii: L2[☐30, ☐35], put: L2[V2, V2] -> V0 -> V1 -> L2[_8_s, _9_s], tr: L7[]
[17:55:58.902473]	Exploring 0: L0[], 1: L0[], Ebi: L2[☐10, L7[]], Eib: L2[☐20, ☐25], Eii: L2[☐30, ☐35], put: L2[V2, V3] -> V0 -> V1 -> L2[_8_s, _9_s], tr: L7[]
[17:55:58.902624]	Exploring 0: L0[], 1: L0[], Ebi: L2[☐10, L7[]], Eib: L2[☐20, ☐25], Eii: L2[☐30, L0[]], put: L2[_6_s, _7_s] -> V0 -> V1 -> L2[_8_s, _9_s], tr: L7[]
[17:55:58.902757]	Exploring 0: L0[], 1: L0[], Ebi: L2[☐10, L7[]], Eib: L2[☐20, ☐25], Eii: L2[☐30, L0[]], put: L2[☐40, _7_s] -> V0 -> V1 -> L2[_8_s, _9_s], tr: L7[]
[17:55:58.902962]	Exploring 0: L0[], 1: L0[], Ebi: L2[☐10, L7[]], Eib: L2[☐20, ☐25], Eii: L2[☐30, L0[]], put: L2[☐40, V0] -> V0 -> V1 -> L2[_8_s, _9_s], tr: L7[]
[17:55:58.903287]	Exploring 0: L0[], 1: L0[], Ebi: L2[☐10, L7[]], Eib: L2[☐20, ☐25], Eii: L2[☐30, L0[]], put: L2[☐40, V2] -> V0 -> V1 -> L2[_8_s, _9_s], tr: L7[]
[17:55:58.903550]	Exploring 0: L0[], 1: L0[], Ebi: L2[☐10, L7[]], Eib: L2[☐20, ☐25], Eii: L2[☐30, L0[]], put: L2[L0[], _7_s] -> V0 -> V1 -> L2[_8_s, _9_s], tr: L7[]
[17:55:58.903757]	Exploring 0: L0[], 1: L0[], Ebi: L2[☐10, L7[]], Eib: L2[☐20, ☐25], Eii: L2[☐30, L0[]], put: L2[L7[], _7_s] -> V0 -> V1 -> L2[_8_s, _9_s], tr: L7[]
[17:55:58.903981]	Exploring 0: L0[], 1: L0[], Ebi: L2[☐10, L7[]], Eib: L2[☐20, ☐25], Eii: L2[☐30, L0[]], put: L2[V0, _7_s] -> V0 -> V1 -> L2[_8_s, _9_s], tr: L7[]
[17:55:58.904262]	Exploring 0: L0[], 1: L0[], Ebi: L2[☐10, L7[]], Eib: L2[☐20, ☐25], Eii: L2[☐30, L0[]], put: L2[V1, _7_s] -> V0 -> V1 -> L2[_8_s, _9_s], tr: L7[]
[17:55:58.904546]	Exploring 0: L0[], 1: L0[], Ebi: L2[☐10, L7[]], Eib: L2[☐20, ☐25], Eii: L2[☐30, L0[]], put: L2[V2, _7_s] -> V0 -> V1 -> L2[_8_s, _9_s], tr: L7[]
[17:55:58.904792]	Exploring 0: L0[], 1: L0[], Ebi: L2[☐10, L7[]], Eib: L2[☐20, ☐25], Eii: L2[☐30, L7[]], put: L2[_6_s, _7_s] -> V0 -> V1 -> L2[_8_s, _9_s], tr: L7[]
[17:55:58.904950]	Exploring 0: L0[], 1: L0[], Ebi: L2[☐10, L7[]], Eib: L2[☐20, ☐25], Eii: L2[☐30, L7[]], put: L2[☐40, _7_s] -> V0 -> V1 -> L2[_8_s, _9_s], tr: L7[]
[17:55:58.905121]	Exploring 0: L0[], 1: L0[], Ebi: L2[☐10, L7[]], Eib: L2[☐20, ☐25], Eii: L2[☐30, L7[]], put: L2[☐40, L7[]] -> V0 -> V1 -> L2[_8_s, _9_s], tr: L7[]
[17:55:58.905393]	Exploring 0: L0[], 1: L0[], Ebi: L2[☐10, L7[]], Eib: L2[☐20, ☐25], Eii: L2[☐30, L7[]], put: L2[☐40, V2] -> V0 -> V1 -> L2[_8_s, _9_s], tr: L7[]
[17:55:58.905566]	Exploring 0: L0[], 1: L0[], Ebi: L2[☐10, L7[]], Eib: L2[☐20, ☐25], Eii: L2[☐30, L7[]], put: L2[L0[], _7_s] -> V0 -> V1 -> L2[_8_s, _9_s], tr: L7[]
[17:55:58.905821]	Exploring 0: L0[], 1: L0[], Ebi: L2[☐10, L7[]], Eib: L2[☐20, ☐25], Eii: L2[☐30, L7[]], put: L2[L7[], _7_s] -> V0 -> V1 -> L2[_8_s, _9_s], tr: L7[]
[17:55:58.906100]	Exploring 0: L0[], 1: L0[], Ebi: L2[☐10, L7[]], Eib: L2[☐20, ☐25], Eii: L2[☐30, L7[]], put: L2[V0, _7_s] -> V0 -> V1 -> L2[_8_s, _9_s], tr: L7[]
[17:55:58.906358]	Exploring 0: L0[], 1: L0[], Ebi: L2[☐10, L7[]], Eib: L2[☐20, ☐25], Eii: L2[☐30, L7[]], put: L2[V1, _7_s] -> V0 -> V1 -> L2[_8_s, _9_s], tr: L7[]
[17:55:58.906615]	Exploring 0: L0[], 1: L0[], Ebi: L2[☐10, L7[]], Eib: L2[☐20, ☐25], Eii: L2[☐30, L7[]], put: L2[V2, _7_s] -> V0 -> V1 -> L2[_8_s, _9_s], tr: L7[]
[17:55:58.906761]	Exploring 0: L0[], 1: L0[], Ebi: L2[☐10, L7[]], Eib: L2[☐20, ☐25], Eii: L2[L0[], _5_s], put: L2[_6_s, _7_s] -> V0 -> V1 -> L2[_8_s, _9_s], tr: L7[]
[17:55:58.906872]	Exploring 0: L0[], 1: L0[], Ebi: L2[☐10, L7[]], Eib: L2[☐20, ☐25], Eii: L2[L0[], ☐35], put: L2[_6_s, _7_s] -> V0 -> V1 -> L2[_8_s, _9_s], tr: L7[]
[17:55:58.906993]	Exploring 0: L0[], 1: L0[], Ebi: L2[☐10, L7[]], Eib: L2[☐20, ☐25], Eii: L2[L0[], ☐35], put: L2[L0[], _7_s] -> V0 -> V1 -> L2[_8_s, _9_s], tr: L7[]
[17:55:58.907167]	Exploring 0: L0[], 1: L0[], Ebi: L2[☐10, L7[]], Eib: L2[☐20, ☐25], Eii: L2[L0[], ☐35], put: L2[V0, _7_s] -> V0 -> V1 -> L2[_8_s, _9_s], tr: L7[]
[17:55:58.907435]	Exploring 0: L0[], 1: L0[], Ebi: L2[☐10, L7[]], Eib: L2[☐20, ☐25], Eii: L2[L0[], ☐35], put: L2[V1, _7_s] -> V0 -> V1 -> L2[_8_s, _9_s], tr: L7[]
[17:55:58.907697]	Exploring 0: L0[], 1: L0[], Ebi: L2[☐10, L7[]], Eib: L2[☐20, ☐25], Eii: L2[L0[], ☐35], put: L2[V2, _7_s] -> V0 -> V1 -> L2[_8_s, _9_s], tr: L7[]
[17:55:58.907898]	Exploring 0: L0[], 1: L0[], Ebi: L2[☐10, L7[]], Eib: L2[☐20, ☐25], Eii: L2[L0[], L0[]], put: L2[_6_s, _7_s] -> V0 -> V1 -> L2[_8_s, _9_s], tr: L7[]
[17:55:58.908055]	Exploring 0: L0[], 1: L0[], Ebi: L2[☐10, L7[]], Eib: L2[☐20, ☐25], Eii: L2[L0[], L7[]], put: L2[_6_s, _7_s] -> V0 -> V1 -> L2[_8_s, _9_s], tr: L7[]
[17:55:58.908268]	Exploring 0: L0[], 1: L0[], Ebi: L2[☐10, L7[]], Eib: L2[☐20, ☐25], Eii: L2[L7[], _5_s], put: L2[_6_s, _7_s] -> V0 -> V1 -> L2[_8_s, _9_s], tr: L7[]
[17:55:58.908414]	Exploring 0: L0[], 1: L0[], Ebi: L2[☐10, L7[]], Eib: L2[☐20, ☐25], Eii: L2[L7[], ☐35], put: L2[_6_s, _7_s] -> V0 -> V1 -> L2[_8_s, _9_s], tr: L7[]
[17:55:58.908539]	Exploring 0: L0[], 1: L0[], Ebi: L2[☐10, L7[]], Eib: L2[☐20, ☐25], Eii: L2[L7[], ☐35], put: L2[L7[], _7_s] -> V0 -> V1 -> L2[_8_s, _9_s], tr: L7[]
[17:55:58.908938]	Exploring 0: L0[], 1: L0[], Ebi: L2[☐10, L7[]], Eib: L2[☐20, ☐25], Eii: L2[L7[], ☐35], put: L2[V2, _7_s] -> V0 -> V1 -> L2[_8_s, _9_s], tr: L7[]
[17:55:58.909162]	Exploring 0: L0[], 1: L0[], Ebi: L2[☐10, L7[]], Eib: L2[☐20, ☐25], Eii: L2[L7[], L0[]], put: L2[_6_s, _7_s] -> V0 -> V1 -> L2[_8_s, _9_s], tr: L7[]
[17:55:58.909374]	Exploring 0: L0[], 1: L0[], Ebi: L2[☐10, L7[]], Eib: L2[☐20, ☐25], Eii: L2[L7[], L7[]], put: L2[_6_s, _7_s] -> V0 -> V1 -> L2[_8_s, _9_s], tr: L7[]
[17:55:58.909597]	Exploring 0: L0[], 1: L0[], Ebi: L2[☐10, L7[]], Eib: L2[☐20, L0[]], Eii: L2[_4_s, _5_s], put: L2[_6_s, _7_s] -> V0 -> V1 -> L2[_8_s, _9_s], tr: L7[]
[17:55:58.909745]	Exploring 0: L0[], 1: L0[], Ebi: L2[☐10, L7[]], Eib: L2[☐20, L0[]], Eii: L2[☐30, _5_s], put: L2[_6_s, _7_s] -> V0 -> V1 -> L2[_8_s, _9_s], tr: L7[]
[17:55:58.909884]	Exploring 0: L0[], 1: L0[], Ebi: L2[☐10, L7[]], Eib: L2[☐20, L0[]], Eii: L2[☐30, ☐35], put: L2[_6_s, _7_s] -> V0 -> V1 -> L2[_8_s, _9_s], tr: L7[]
[17:55:58.910056]	Exploring 0: L0[], 1: L0[], Ebi: L2[☐10, L7[]], Eib: L2[☐20, L0[]], Eii: L2[☐30, ☐35], put: L2[☐40, _7_s] -> V0 -> V1 -> L2[_8_s, _9_s], tr: L7[]
[17:55:58.910242]	Exploring 0: L0[], 1: L0[], Ebi: L2[☐10, L7[]], Eib: L2[☐20, L0[]], Eii: L2[☐30, ☐35], put: L2[☐40, V0] -> V0 -> V1 -> L2[_8_s, _9_s], tr: L7[]
[17:55:58.910507]	Exploring 0: L0[], 1: L0[], Ebi: L2[☐10, L7[]], Eib: L2[☐20, L0[]], Eii: L2[☐30, ☐35], put: L2[☐40, V2] -> V0 -> V1 -> L2[_8_s, _9_s], tr: L7[]
[17:55:58.910658]	Exploring 0: L0[], 1: L0[], Ebi: L2[☐10, L7[]], Eib: L2[☐20, L0[]], Eii: L2[☐30, ☐35], put: L2[L0[], _7_s] -> V0 -> V1 -> L2[_8_s, _9_s], tr: L7[]
[17:55:58.910808]	Exploring 0: L0[], 1: L0[], Ebi: L2[☐10, L7[]], Eib: L2[☐20, L0[]], Eii: L2[☐30, ☐35], put: L2[L7[], _7_s] -> V0 -> V1 -> L2[_8_s, _9_s], tr: L7[]
[17:55:58.910985]	Exploring 0: L0[], 1: L0[], Ebi: L2[☐10, L7[]], Eib: L2[☐20, L0[]], Eii: L2[☐30, ☐35], put: L2[V0, _7_s] -> V0 -> V1 -> L2[_8_s, _9_s], tr: L7[]
[17:55:58.911145]	Exploring 0: L0[], 1: L0[], Ebi: L2[☐10, L7[]], Eib: L2[☐20, L0[]], Eii: L2[☐30, ☐35], put: L2[V1, _7_s] -> V0 -> V1 -> L2[_8_s, _9_s], tr: L7[]
[17:55:58.911315]	Exploring 0: L0[], 1: L0[], Ebi: L2[☐10, L7[]], Eib: L2[☐20, L0[]], Eii: L2[☐30, ☐35], put: L2[V2, _7_s] -> V0 -> V1 -> L2[_8_s, _9_s], tr: L7[]
[17:55:58.911461]	Exploring 0: L0[], 1: L0[], Ebi: L2[☐10, L7[]], Eib: L2[☐20, L0[]], Eii: L2[☐30, L0[]], put: L2[_6_s, _7_s] -> V0 -> V1 -> L2[_8_s, _9_s], tr: L7[]
[17:55:58.911603]	Exploring 0: L0[], 1: L0[], Ebi: L2[☐10, L7[]], Eib: L2[☐20, L0[]], Eii: L2[☐30, L7[]], put: L2[_6_s, _7_s] -> V0 -> V1 -> L2[_8_s, _9_s], tr: L7[]
[17:55:58.911732]	Exploring 0: L0[], 1: L0[], Ebi: L2[☐10, L7[]], Eib: L2[☐20, L0[]], Eii: L2[L0[], _5_s], put: L2[_6_s, _7_s] -> V0 -> V1 -> L2[_8_s, _9_s], tr: L7[]
[17:55:58.911866]	Exploring 0: L0[], 1: L0[], Ebi: L2[☐10, L7[]], Eib: L2[☐20, L0[]], Eii: L2[L7[], _5_s], put: L2[_6_s, _7_s] -> V0 -> V1 -> L2[_8_s, _9_s], tr: L7[]
[17:55:58.912060]	Exploring 0: L0[], 1: L0[], Ebi: L2[☐10, L7[]], Eib: L2[☐20, L7[]], Eii: L2[_4_s, _5_s], put: L2[_6_s, _7_s] -> V0 -> V1 -> L2[_8_s, _9_s], tr: L7[]
[17:55:58.912189]	Exploring 0: L0[], 1: L0[], Ebi: L2[☐10, L7[]], Eib: L2[☐20, L7[]], Eii: L2[☐30, _5_s], put: L2[_6_s, _7_s] -> V0 -> V1 -> L2[_8_s, _9_s], tr: L7[]
[17:55:58.912333]	Exploring 0: L0[], 1: L0[], Ebi: L2[☐10, L7[]], Eib: L2[☐20, L7[]], Eii: L2[☐30, ☐35], put: L2[_6_s, _7_s] -> V0 -> V1 -> L2[_8_s, _9_s], tr: L7[]
[17:55:58.912475]	Exploring 0: L0[], 1: L0[], Ebi: L2[☐10, L7[]], Eib: L2[☐20, L7[]], Eii: L2[☐30, ☐35], put: L2[☐40, _7_s] -> V0 -> V1 -> L2[_8_s, _9_s], tr: L7[]
[17:55:58.912604]	Exploring 0: L0[], 1: L0[], Ebi: L2[☐10, L7[]], Eib: L2[☐20, L7[]], Eii: L2[☐30, ☐35], put: L2[☐40, L7[]] -> V0 -> V1 -> L2[_8_s, _9_s], tr: L7[]
[17:55:58.912841]	Exploring 0: L0[], 1: L0[], Ebi: L2[☐10, L7[]], Eib: L2[☐20, L7[]], Eii: L2[☐30, ☐35], put: L2[☐40, V2] -> V0 -> V1 -> L2[_8_s, _9_s], tr: L7[]
[17:55:58.913050]	Exploring 0: L0[], 1: L0[], Ebi: L2[☐10, L7[]], Eib: L2[☐20, L7[]], Eii: L2[☐30, ☐35], put: L2[L0[], _7_s] -> V0 -> V1 -> L2[_8_s, _9_s], tr: L7[]
[17:55:58.913293]	Exploring 0: L0[], 1: L0[], Ebi: L2[☐10, L7[]], Eib: L2[☐20, L7[]], Eii: L2[☐30, ☐35], put: L2[L7[], _7_s] -> V0 -> V1 -> L2[_8_s, _9_s], tr: L7[]
[17:55:58.913555]	Exploring 0: L0[], 1: L0[], Ebi: L2[☐10, L7[]], Eib: L2[☐20, L7[]], Eii: L2[☐30, ☐35], put: L2[V0, _7_s] -> V0 -> V1 -> L2[_8_s, _9_s], tr: L7[]
[17:55:58.913752]	Exploring 0: L0[], 1: L0[], Ebi: L2[☐10, L7[]], Eib: L2[☐20, L7[]], Eii: L2[☐30, ☐35], put: L2[V1, _7_s] -> V0 -> V1 -> L2[_8_s, _9_s], tr: L7[]
[17:55:58.913954]	Exploring 0: L0[], 1: L0[], Ebi: L2[☐10, L7[]], Eib: L2[☐20, L7[]], Eii: L2[☐30, ☐35], put: L2[V2, _7_s] -> V0 -> V1 -> L2[_8_s, _9_s], tr: L7[]
[17:55:58.914136]	Exploring 0: L0[], 1: L0[], Ebi: L2[☐10, L7[]], Eib: L2[☐20, L7[]], Eii: L2[☐30, L0[]], put: L2[_6_s, _7_s] -> V0 -> V1 -> L2[_8_s, _9_s], tr: L7[]
[17:55:58.914364]	Exploring 0: L0[], 1: L0[], Ebi: L2[☐10, L7[]], Eib: L2[☐20, L7[]], Eii: L2[☐30, L7[]], put: L2[_6_s, _7_s] -> V0 -> V1 -> L2[_8_s, _9_s], tr: L7[]
[17:55:58.914593]	Exploring 0: L0[], 1: L0[], Ebi: L2[☐10, L7[]], Eib: L2[☐20, L7[]], Eii: L2[L0[], _5_s], put: L2[_6_s, _7_s] -> V0 -> V1 -> L2[_8_s, _9_s], tr: L7[]
[17:55:58.914811]	Exploring 0: L0[], 1: L0[], Ebi: L2[☐10, L7[]], Eib: L2[☐20, L7[]], Eii: L2[L7[], _5_s], put: L2[_6_s, _7_s] -> V0 -> V1 -> L2[_8_s, _9_s], tr: L7[]
[17:55:58.914966]	Exploring 0: L0[], 1: L0[], Ebi: L2[☐10, L7[]], Eib: L2[L0[], _3_s], Eii: L2[_4_s, _5_s], put: L2[_6_s, _7_s] -> V0 -> V1 -> L2[_8_s, _9_s], tr: L7[]
[17:55:58.915080]	Exploring 0: L0[], 1: L0[], Ebi: L2[☐10, L7[]], Eib: L2[L0[], ☐25], Eii: L2[_4_s, _5_s], put: L2[_6_s, _7_s] -> V0 -> V1 -> L2[_8_s, _9_s], tr: L7[]
[17:55:58.915228]	Exploring 0: L0[], 1: L0[], Ebi: L2[☐10, L7[]], Eib: L2[L0[], ☐25], Eii: L2[☐30, _5_s], put: L2[_6_s, _7_s] -> V0 -> V1 -> L2[_8_s, _9_s], tr: L7[]
[17:55:58.915375]	Exploring 0: L0[], 1: L0[], Ebi: L2[☐10, L7[]], Eib: L2[L0[], ☐25], Eii: L2[☐30, ☐35], put: L2[_6_s, _7_s] -> V0 -> V1 -> L2[_8_s, _9_s], tr: L7[]
[17:55:58.915519]	Exploring 0: L0[], 1: L0[], Ebi: L2[☐10, L7[]], Eib: L2[L0[], ☐25], Eii: L2[☐30, ☐35], put: L2[L0[], _7_s] -> V0 -> V1 -> L2[_8_s, _9_s], tr: L7[]
[17:55:58.915744]	Exploring 0: L0[], 1: L0[], Ebi: L2[☐10, L7[]], Eib: L2[L0[], ☐25], Eii: L2[☐30, ☐35], put: L2[V0, _7_s] -> V0 -> V1 -> L2[_8_s, _9_s], tr: L7[]
[17:55:58.915950]	Exploring 0: L0[], 1: L0[], Ebi: L2[☐10, L7[]], Eib: L2[L0[], ☐25], Eii: L2[☐30, ☐35], put: L2[V2, _7_s] -> V0 -> V1 -> L2[_8_s, _9_s], tr: L7[]
[17:55:58.916111]	Exploring 0: L0[], 1: L0[], Ebi: L2[☐10, L7[]], Eib: L2[L0[], ☐25], Eii: L2[☐30, L0[]], put: L2[_6_s, _7_s] -> V0 -> V1 -> L2[_8_s, _9_s], tr: L7[]
[17:55:58.916299]	Exploring 0: L0[], 1: L0[], Ebi: L2[☐10, L7[]], Eib: L2[L0[], ☐25], Eii: L2[☐30, L7[]], put: L2[_6_s, _7_s] -> V0 -> V1 -> L2[_8_s, _9_s], tr: L7[]
[17:55:58.916479]	Exploring 0: L0[], 1: L0[], Ebi: L2[☐10, L7[]], Eib: L2[L0[], ☐25], Eii: L2[L0[], _5_s], put: L2[_6_s, _7_s] -> V0 -> V1 -> L2[_8_s, _9_s], tr: L7[]
[17:55:58.916704]	Exploring 0: L0[], 1: L0[], Ebi: L2[☐10, L7[]], Eib: L2[L0[], ☐25], Eii: L2[L7[], _5_s], put: L2[_6_s, _7_s] -> V0 -> V1 -> L2[_8_s, _9_s], tr: L7[]
[17:55:58.916930]	Exploring 0: L0[], 1: L0[], Ebi: L2[☐10, L7[]], Eib: L2[L0[], L0[]], Eii: L2[_4_s, _5_s], put: L2[_6_s, _7_s] -> V0 -> V1 -> L2[_8_s, _9_s], tr: L7[]
[17:55:58.917080]	Exploring 0: L0[], 1: L0[], Ebi: L2[☐10, L7[]], Eib: L2[L0[], L7[]], Eii: L2[_4_s, _5_s], put: L2[_6_s, _7_s] -> V0 -> V1 -> L2[_8_s, _9_s], tr: L7[]
[17:55:58.917297]	Exploring 0: L0[], 1: L0[], Ebi: L2[☐10, L7[]], Eib: L2[L7[], _3_s], Eii: L2[_4_s, _5_s], put: L2[_6_s, _7_s] -> V0 -> V1 -> L2[_8_s, _9_s], tr: L7[]
[17:55:58.917423]	Exploring 0: L0[], 1: L0[], Ebi: L2[☐10, L7[]], Eib: L2[L7[], ☐25], Eii: L2[_4_s, _5_s], put: L2[_6_s, _7_s] -> V0 -> V1 -> L2[_8_s, _9_s], tr: L7[]
[17:55:58.917565]	Exploring 0: L0[], 1: L0[], Ebi: L2[☐10, L7[]], Eib: L2[L7[], ☐25], Eii: L2[☐30, _5_s], put: L2[_6_s, _7_s] -> V0 -> V1 -> L2[_8_s, _9_s], tr: L7[]
[17:55:58.917705]	Exploring 0: L0[], 1: L0[], Ebi: L2[☐10, L7[]], Eib: L2[L7[], ☐25], Eii: L2[☐30, ☐35], put: L2[_6_s, _7_s] -> V0 -> V1 -> L2[_8_s, _9_s], tr: L7[]
[17:55:58.917870]	Exploring 0: L0[], 1: L0[], Ebi: L2[☐10, L7[]], Eib: L2[L7[], ☐25], Eii: L2[☐30, ☐35], put: L2[L7[], _7_s] -> V0 -> V1 -> L2[_8_s, _9_s], tr: L7[]
[17:55:58.918165]	Exploring 0: L0[], 1: L0[], Ebi: L2[☐10, L7[]], Eib: L2[L7[], ☐25], Eii: L2[☐30, ☐35], put: L2[V1, _7_s] -> V0 -> V1 -> L2[_8_s, _9_s], tr: L7[]
[17:55:58.918391]	Exploring 0: L0[], 1: L0[], Ebi: L2[☐10, L7[]], Eib: L2[L7[], ☐25], Eii: L2[☐30, ☐35], put: L2[V2, _7_s] -> V0 -> V1 -> L2[_8_s, _9_s], tr: L7[]
[17:55:58.918546]	Exploring 0: L0[], 1: L0[], Ebi: L2[☐10, L7[]], Eib: L2[L7[], ☐25], Eii: L2[☐30, L0[]], put: L2[_6_s, _7_s] -> V0 -> V1 -> L2[_8_s, _9_s], tr: L7[]
[17:55:58.918702]	Exploring 0: L0[], 1: L0[], Ebi: L2[☐10, L7[]], Eib: L2[L7[], ☐25], Eii: L2[☐30, L7[]], put: L2[_6_s, _7_s] -> V0 -> V1 -> L2[_8_s, _9_s], tr: L7[]
[17:55:58.918875]	Exploring 0: L0[], 1: L0[], Ebi: L2[☐10, L7[]], Eib: L2[L7[], ☐25], Eii: L2[L0[], _5_s], put: L2[_6_s, _7_s] -> V0 -> V1 -> L2[_8_s, _9_s], tr: L7[]
[17:55:58.919104]	Exploring 0: L0[], 1: L0[], Ebi: L2[☐10, L7[]], Eib: L2[L7[], ☐25], Eii: L2[L7[], _5_s], put: L2[_6_s, _7_s] -> V0 -> V1 -> L2[_8_s, _9_s], tr: L7[]
[17:55:58.919392]	Exploring 0: L0[], 1: L0[], Ebi: L2[☐10, L7[]], Eib: L2[L7[], L0[]], Eii: L2[_4_s, _5_s], put: L2[_6_s, _7_s] -> V0 -> V1 -> L2[_8_s, _9_s], tr: L7[]
[17:55:58.919600]	Exploring 0: L0[], 1: L0[], Ebi: L2[☐10, L7[]], Eib: L2[L7[], L7[]], Eii: L2[_4_s, _5_s], put: L2[_6_s, _7_s] -> V0 -> V1 -> L2[_8_s, _9_s], tr: L7[]
[17:55:58.919772]	Exploring 0: L0[], 1: L0[], Ebi: L2[L0[], _1_s], Eib: L2[_2_s, _3_s], Eii: L2[_4_s, _5_s], put: L2[_6_s, _7_s] -> V0 -> V1 -> L2[_8_s, _9_s], tr: L7[]
[17:55:58.919891]	Exploring 0: L0[], 1: L0[], Ebi: L2[L0[], ☐15], Eib: L2[_2_s, _3_s], Eii: L2[_4_s, _5_s], put: L2[_6_s, _7_s] -> V0 -> V1 -> L2[_8_s, _9_s], tr: L7[]
[17:55:58.920047]	Exploring 0: L0[], 1: L0[], Ebi: L2[L0[], ☐15], Eib: L2[☐20, _3_s], Eii: L2[_4_s, _5_s], put: L2[_6_s, _7_s] -> V0 -> V1 -> L2[_8_s, _9_s], tr: L7[]
[17:55:58.920175]	Exploring 0: L0[], 1: L0[], Ebi: L2[L0[], ☐15], Eib: L2[☐20, ☐25], Eii: L2[_4_s, _5_s], put: L2[_6_s, _7_s] -> V0 -> V1 -> L2[_8_s, _9_s], tr: L7[]
[17:55:58.920323]	Exploring 0: L0[], 1: L0[], Ebi: L2[L0[], ☐15], Eib: L2[☐20, ☐25], Eii: L2[☐30, _5_s], put: L2[_6_s, _7_s] -> V0 -> V1 -> L2[_8_s, _9_s], tr: L7[]
[17:55:58.920443]	Exploring 0: L0[], 1: L0[], Ebi: L2[L0[], ☐15], Eib: L2[☐20, ☐25], Eii: L2[☐30, ☐35], put: L2[_6_s, _7_s] -> V0 -> V1 -> L2[_8_s, _9_s], tr: L7[]
[17:55:58.920616]	Exploring 0: L0[], 1: L0[], Ebi: L2[L0[], ☐15], Eib: L2[☐20, ☐25], Eii: L2[☐30, ☐35], put: L2[L0[], _7_s] -> V0 -> V1 -> L2[_8_s, _9_s], tr: L7[]
[17:55:58.920790]	Exploring 0: L0[], 1: L0[], Ebi: L2[L0[], ☐15], Eib: L2[☐20, ☐25], Eii: L2[☐30, ☐35], put: L2[L0[], ☐45] -> V0 -> V1 -> L2[_8_s, _9_s], tr: L7[]
[17:55:58.920981]	Exploring 0: L0[], 1: L0[], Ebi: L2[L0[], ☐15], Eib: L2[☐20, ☐25], Eii: L2[☐30, ☐35], put: L2[L0[], ☐45] -> V0 -> V1 -> L2[L0[], _9_s], tr: L7[]
[17:55:58.921233]	Exploring 0: L0[], 1: L0[], Ebi: L2[L0[], ☐15], Eib: L2[☐20, ☐25], Eii: L2[☐30, ☐35], put: L2[L0[], L0[]] -> V0 -> V1 -> L2[_8_s, _9_s], tr: L7[]
[17:55:58.921389]		Fast forwarded from
		0: L0[], 1: L0[], Ebi: L2[L0[], ☐15], Eib: L2[☐20, ☐25], Eii: L2[☐30, ☐35], put: L2[L0[], L0[]] -> V0 -> V1 -> L2[_8_s, _9_s], tr: L7[]
		0: L0[], 1: L0[], Ebi: L2[L0[], L0[]], Eib: L2[L0[], L0[]], Eii: L2[L0[], L0[]], put: L2[L0[], L0[]] -> V0 -> V1 -> L2[L0[], L0[]], tr: L7[]
[17:55:58.921688]	Exploring 0: L0[], 1: L0[], Ebi: L2[L0[], ☐15], Eib: L2[☐20, ☐25], Eii: L2[☐30, ☐35], put: L2[L0[], L7[]] -> V0 -> V1 -> L2[_8_s, _9_s], tr: L7[]
[17:55:58.921878]		Fast forwarded from
		0: L0[], 1: L0[], Ebi: L2[L0[], ☐15], Eib: L2[☐20, ☐25], Eii: L2[☐30, ☐35], put: L2[L0[], L7[]] -> V0 -> V1 -> L2[_8_s, _9_s], tr: L7[]
		0: L0[], 1: L0[], Ebi: L2[L0[], L7[]], Eib: L2[L0[], L7[]], Eii: L2[L0[], L7[]], put: L2[L0[], L7[]] -> V0 -> V1 -> L2[L0[], L7[]], tr: L7[]
[17:55:58.922198]	Exploring 0: L0[], 1: L0[], Ebi: L2[L0[], ☐15], Eib: L2[☐20, ☐25], Eii: L2[☐30, ☐35], put: L2[L0[], V0] -> V0 -> V1 -> L2[_8_s, _9_s], tr: L7[]
[17:55:58.922386]		Fast forwarded from
		0: L0[], 1: L0[], Ebi: L2[L0[], ☐15], Eib: L2[☐20, ☐25], Eii: L2[☐30, ☐35], put: L2[L0[], V0] -> V0 -> V1 -> L2[_8_s, _9_s], tr: L7[]
		0: L0[], 1: L0[], Ebi: L2[L0[], L7[]], Eib: L2[L0[], L0[]], Eii: L2[L0[], L0[]], put: L2[L0[], V0] -> V0 -> V1 -> L2[L0[], V0], tr: L7[]
[17:55:58.922652]	Exploring 0: L0[], 1: L0[], Ebi: L2[L0[], ☐15], Eib: L2[☐20, ☐25], Eii: L2[☐30, ☐35], put: L2[L0[], V1] -> V0 -> V1 -> L2[_8_s, _9_s], tr: L7[]
[17:55:58.922794]		Fast forwarded from
		0: L0[], 1: L0[], Ebi: L2[L0[], ☐15], Eib: L2[☐20, ☐25], Eii: L2[☐30, ☐35], put: L2[L0[], V1] -> V0 -> V1 -> L2[_8_s, _9_s], tr: L7[]
		0: L0[], 1: L0[], Ebi: L2[L0[], L0[]], Eib: L2[L0[], L7[]], Eii: L2[L0[], L0[]], put: L2[L0[], V1] -> V0 -> V1 -> L2[L0[], V0], tr: L7[]
[17:55:58.922986]	Exploring 0: L0[], 1: L0[], Ebi: L2[L0[], ☐15], Eib: L2[☐20, ☐25], Eii: L2[☐30, ☐35], put: L2[L0[], V2] -> V0 -> V1 -> L2[_8_s, _9_s], tr: L7[]
[17:55:58.923268]	Exploring 0: L0[], 1: L0[], Ebi: L2[L0[], ☐15], Eib: L2[☐20, ☐25], Eii: L2[☐30, ☐35], put: L2[V1, _7_s] -> V0 -> V1 -> L2[_8_s, _9_s], tr: L7[]
[17:55:58.923459]	Exploring 0: L0[], 1: L0[], Ebi: L2[L0[], ☐15], Eib: L2[☐20, ☐25], Eii: L2[☐30, ☐35], put: L2[V1, ☐45] -> V0 -> V1 -> L2[_8_s, _9_s], tr: L7[]
[17:55:58.923629]	Exploring 0: L0[], 1: L0[], Ebi: L2[L0[], ☐15], Eib: L2[☐20, ☐25], Eii: L2[☐30, ☐35], put: L2[V1, ☐45] -> V0 -> V1 -> L2[V1, _9_s], tr: L7[]
[17:55:58.923807]	Exploring 0: L0[], 1: L0[], Ebi: L2[L0[], ☐15], Eib: L2[☐20, ☐25], Eii: L2[☐30, ☐35], put: L2[V1, L0[]] -> V0 -> V1 -> L2[_8_s, _9_s], tr: L7[]
[17:55:58.923941]		Fast forwarded from
		0: L0[], 1: L0[], Ebi: L2[L0[], ☐15], Eib: L2[☐20, ☐25], Eii: L2[☐30, ☐35], put: L2[V1, L0[]] -> V0 -> V1 -> L2[_8_s, _9_s], tr: L7[]
		0: L0[], 1: L0[], Ebi: L2[L0[], L0[]], Eib: L2[L7[], L0[]], Eii: L2[L0[], L0[]], put: L2[V1, L0[]] -> V0 -> V1 -> L2[V0, L0[]], tr: L7[]
[17:55:58.924081]	Exploring 0: L0[], 1: L0[], Ebi: L2[L0[], ☐15], Eib: L2[☐20, ☐25], Eii: L2[☐30, ☐35], put: L2[V1, L7[]] -> V0 -> V1 -> L2[_8_s, _9_s], tr: L7[]
[17:55:58.924207]		Fast forwarded from
		0: L0[], 1: L0[], Ebi: L2[L0[], ☐15], Eib: L2[☐20, ☐25], Eii: L2[☐30, ☐35], put: L2[V1, L7[]] -> V0 -> V1 -> L2[_8_s, _9_s], tr: L7[]
		0: L0[], 1: L0[], Ebi: L2[L0[], L7[]], Eib: L2[L7[], L7[]], Eii: L2[L0[], L7[]], put: L2[V1, L7[]] -> V0 -> V1 -> L2[V0, L7[]], tr: L7[]
[17:55:58.924350]	Exploring 0: L0[], 1: L0[], Ebi: L2[L0[], ☐15], Eib: L2[☐20, ☐25], Eii: L2[☐30, ☐35], put: L2[V1, V0] -> V0 -> V1 -> L2[_8_s, _9_s], tr: L7[]
[17:55:58.924457]		Fast forwarded from
		0: L0[], 1: L0[], Ebi: L2[L0[], ☐15], Eib: L2[☐20, ☐25], Eii: L2[☐30, ☐35], put: L2[V1, V0] -> V0 -> V1 -> L2[_8_s, _9_s], tr: L7[]
		0: L0[], 1: L0[], Ebi: L2[L0[], L7[]], Eib: L2[L7[], L0[]], Eii: L2[L0[], L0[]], put: L2[V1, V0] -> V0 -> V1 -> L2[V0, V0], tr: L7[]
[17:55:58.924622]	Exploring 0: L0[], 1: L0[], Ebi: L2[L0[], ☐15], Eib: L2[☐20, ☐25], Eii: L2[☐30, ☐35], put: L2[V1, V1] -> V0 -> V1 -> L2[_8_s, _9_s], tr: L7[]
[17:55:58.924800]	Exploring 0: L0[], 1: L0[], Ebi: L2[L0[], ☐15], Eib: L2[☐20, ☐25], Eii: L2[☐30, ☐35], put: L2[V1, V2] -> V0 -> V1 -> L2[_8_s, _9_s], tr: L7[]
[17:55:58.925005]	Exploring 0: L0[], 1: L0[], Ebi: L2[L0[], ☐15], Eib: L2[☐20, ☐25], Eii: L2[☐30, ☐35], put: L2[V2, _7_s] -> V0 -> V1 -> L2[_8_s, _9_s], tr: L7[]
[17:55:58.925185]	Exploring 0: L0[], 1: L0[], Ebi: L2[L0[], ☐15], Eib: L2[☐20, ☐25], Eii: L2[☐30, ☐35], put: L2[V2, ☐45] -> V0 -> V1 -> L2[_8_s, _9_s], tr: L7[]
[17:55:58.925350]	Exploring 0: L0[], 1: L0[], Ebi: L2[L0[], ☐15], Eib: L2[☐20, ☐25], Eii: L2[☐30, ☐35], put: L2[V2, ☐45] -> V0 -> V1 -> L2[☐50, _9_s], tr: L7[]
[17:55:58.925503]	Exploring 0: L0[], 1: L0[], Ebi: L2[L0[], ☐15], Eib: L2[☐20, ☐25], Eii: L2[☐30, ☐35], put: L2[V2, ☐45] -> V0 -> V1 -> L2[☐50, ☐55], tr: L7[]
[17:55:58.925689]	Exploring 0: L0[], 1: L0[], Ebi: L2[L0[], ☐15], Eib: L2[☐20, ☐25], Eii: L2[☐30, ☐35], put: L2[V2, ☐45] -> V0 -> V1 -> L2[☐50, L0[]], tr: L7[]
[17:55:58.925930]	Exploring 0: L0[], 1: L0[], Ebi: L2[L0[], ☐15], Eib: L2[☐20, ☐25], Eii: L2[☐30, ☐35], put: L2[V2, ☐45] -> V0 -> V1 -> L2[☐50, L7[]], tr: L7[]
[17:55:58.926201]	Exploring 0: L0[], 1: L0[], Ebi: L2[L0[], ☐15], Eib: L2[☐20, ☐25], Eii: L2[☐30, ☐35], put: L2[V2, ☐45] -> V0 -> V1 -> L2[☐50, V0], tr: L7[]
[17:55:58.926475]	Exploring 0: L0[], 1: L0[], Ebi: L2[L0[], ☐15], Eib: L2[☐20, ☐25], Eii: L2[☐30, ☐35], put: L2[V2, ☐45] -> V0 -> V1 -> L2[☐50, V1], tr: L7[]
[17:55:58.926716]	Exploring 0: L0[], 1: L0[], Ebi: L2[L0[], ☐15], Eib: L2[☐20, ☐25], Eii: L2[☐30, ☐35], put: L2[V2, ☐45] -> V0 -> V1 -> L2[☐50, V2], tr: L7[]
[17:55:58.926953]	Exploring 0: L0[], 1: L0[], Ebi: L2[L0[], ☐15], Eib: L2[☐20, ☐25], Eii: L2[☐30, ☐35], put: L2[V2, ☐45] -> V0 -> V1 -> L2[L0[], _9_s], tr: L7[]
[17:55:58.927209]	Exploring 0: L0[], 1: L0[], Ebi: L2[L0[], ☐15], Eib: L2[☐20, ☐25], Eii: L2[☐30, ☐35], put: L2[V2, ☐45] -> V0 -> V1 -> L2[L7[], _9_s], tr: L7[]
[17:55:58.927460]	Exploring 0: L0[], 1: L0[], Ebi: L2[L0[], ☐15], Eib: L2[☐20, ☐25], Eii: L2[☐30, ☐35], put: L2[V2, ☐45] -> V0 -> V1 -> L2[V0, _9_s], tr: L7[]
[17:55:58.927643]	Exploring 0: L0[], 1: L0[], Ebi: L2[L0[], ☐15], Eib: L2[☐20, ☐25], Eii: L2[☐30, ☐35], put: L2[V2, ☐45] -> V0 -> V1 -> L2[V1, _9_s], tr: L7[]
[17:55:58.927806]	Exploring 0: L0[], 1: L0[], Ebi: L2[L0[], ☐15], Eib: L2[☐20, ☐25], Eii: L2[☐30, ☐35], put: L2[V2, ☐45] -> V0 -> V1 -> L2[V2, _9_s], tr: L7[]
[17:55:58.927988]	Exploring 0: L0[], 1: L0[], Ebi: L2[L0[], ☐15], Eib: L2[☐20, ☐25], Eii: L2[☐30, ☐35], put: L2[V2, L0[]] -> V0 -> V1 -> L2[_8_s, _9_s], tr: L7[]
[17:55:58.928171]	Exploring 0: L0[], 1: L0[], Ebi: L2[L0[], ☐15], Eib: L2[☐20, ☐25], Eii: L2[☐30, ☐35], put: L2[V2, L7[]] -> V0 -> V1 -> L2[_8_s, _9_s], tr: L7[]
[17:55:58.928345]	Exploring 0: L0[], 1: L0[], Ebi: L2[L0[], ☐15], Eib: L2[☐20, ☐25], Eii: L2[☐30, ☐35], put: L2[V2, V0] -> V0 -> V1 -> L2[_8_s, _9_s], tr: L7[]
[17:55:58.928514]	Exploring 0: L0[], 1: L0[], Ebi: L2[L0[], ☐15], Eib: L2[☐20, ☐25], Eii: L2[☐30, ☐35], put: L2[V2, V1] -> V0 -> V1 -> L2[_8_s, _9_s], tr: L7[]
[17:55:58.928666]	Exploring 0: L0[], 1: L0[], Ebi: L2[L0[], ☐15], Eib: L2[☐20, ☐25], Eii: L2[☐30, ☐35], put: L2[V2, V2] -> V0 -> V1 -> L2[_8_s, _9_s], tr: L7[]
[17:55:58.928841]	Exploring 0: L0[], 1: L0[], Ebi: L2[L0[], ☐15], Eib: L2[☐20, ☐25], Eii: L2[☐30, ☐35], put: L2[V2, V3] -> V0 -> V1 -> L2[_8_s, _9_s], tr: L7[]
[17:55:58.929005]	Exploring 0: L0[], 1: L0[], Ebi: L2[L0[], ☐15], Eib: L2[☐20, ☐25], Eii: L2[☐30, L0[]], put: L2[_6_s, _7_s] -> V0 -> V1 -> L2[_8_s, _9_s], tr: L7[]
[17:55:58.929153]	Exploring 0: L0[], 1: L0[], Ebi: L2[L0[], ☐15], Eib: L2[☐20, ☐25], Eii: L2[☐30, L0[]], put: L2[L0[], _7_s] -> V0 -> V1 -> L2[_8_s, _9_s], tr: L7[]
[17:55:58.929377]	Exploring 0: L0[], 1: L0[], Ebi: L2[L0[], ☐15], Eib: L2[☐20, ☐25], Eii: L2[☐30, L0[]], put: L2[V1, _7_s] -> V0 -> V1 -> L2[_8_s, _9_s], tr: L7[]
[17:55:58.929567]	Exploring 0: L0[], 1: L0[], Ebi: L2[L0[], ☐15], Eib: L2[☐20, ☐25], Eii: L2[☐30, L0[]], put: L2[V2, _7_s] -> V0 -> V1 -> L2[_8_s, _9_s], tr: L7[]
[17:55:58.929705]	Exploring 0: L0[], 1: L0[], Ebi: L2[L0[], ☐15], Eib: L2[☐20, ☐25], Eii: L2[☐30, L7[]], put: L2[_6_s, _7_s] -> V0 -> V1 -> L2[_8_s, _9_s], tr: L7[]
[17:55:58.929817]	Exploring 0: L0[], 1: L0[], Ebi: L2[L0[], ☐15], Eib: L2[☐20, ☐25], Eii: L2[☐30, L7[]], put: L2[L0[], _7_s] -> V0 -> V1 -> L2[_8_s, _9_s], tr: L7[]
[17:55:58.930019]	Exploring 0: L0[], 1: L0[], Ebi: L2[L0[], ☐15], Eib: L2[☐20, ☐25], Eii: L2[☐30, L7[]], put: L2[V1, _7_s] -> V0 -> V1 -> L2[_8_s, _9_s], tr: L7[]
[17:55:58.930213]	Exploring 0: L0[], 1: L0[], Ebi: L2[L0[], ☐15], Eib: L2[☐20, ☐25], Eii: L2[☐30, L7[]], put: L2[V2, _7_s] -> V0 -> V1 -> L2[_8_s, _9_s], tr: L7[]
[17:55:58.930357]	Exploring 0: L0[], 1: L0[], Ebi: L2[L0[], ☐15], Eib: L2[☐20, ☐25], Eii: L2[L0[], _5_s], put: L2[_6_s, _7_s] -> V0 -> V1 -> L2[_8_s, _9_s], tr: L7[]
[17:55:58.930461]	Exploring 0: L0[], 1: L0[], Ebi: L2[L0[], ☐15], Eib: L2[☐20, ☐25], Eii: L2[L0[], ☐35], put: L2[_6_s, _7_s] -> V0 -> V1 -> L2[_8_s, _9_s], tr: L7[]
[17:55:58.930578]	Exploring 0: L0[], 1: L0[], Ebi: L2[L0[], ☐15], Eib: L2[☐20, ☐25], Eii: L2[L0[], ☐35], put: L2[L0[], _7_s] -> V0 -> V1 -> L2[_8_s, _9_s], tr: L7[]
[17:55:58.930775]	Exploring 0: L0[], 1: L0[], Ebi: L2[L0[], ☐15], Eib: L2[☐20, ☐25], Eii: L2[L0[], ☐35], put: L2[V1, _7_s] -> V0 -> V1 -> L2[_8_s, _9_s], tr: L7[]
[17:55:58.931002]	Exploring 0: L0[], 1: L0[], Ebi: L2[L0[], ☐15], Eib: L2[☐20, ☐25], Eii: L2[L0[], ☐35], put: L2[V2, _7_s] -> V0 -> V1 -> L2[_8_s, _9_s], tr: L7[]
[17:55:58.931241]	Exploring 0: L0[], 1: L0[], Ebi: L2[L0[], ☐15], Eib: L2[☐20, ☐25], Eii: L2[L0[], L0[]], put: L2[_6_s, _7_s] -> V0 -> V1 -> L2[_8_s, _9_s], tr: L7[]
[17:55:58.931519]	Exploring 0: L0[], 1: L0[], Ebi: L2[L0[], ☐15], Eib: L2[☐20, ☐25], Eii: L2[L0[], L7[]], put: L2[_6_s, _7_s] -> V0 -> V1 -> L2[_8_s, _9_s], tr: L7[]
[17:55:58.931739]	Exploring 0: L0[], 1: L0[], Ebi: L2[L0[], ☐15], Eib: L2[☐20, ☐25], Eii: L2[L7[], _5_s], put: L2[_6_s, _7_s] -> V0 -> V1 -> L2[_8_s, _9_s], tr: L7[]
[17:55:58.931902]	Exploring 0: L0[], 1: L0[], Ebi: L2[L0[], ☐15], Eib: L2[☐20, ☐25], Eii: L2[L7[], ☐35], put: L2[_6_s, _7_s] -> V0 -> V1 -> L2[_8_s, _9_s], tr: L7[]
[17:55:58.932203]	Exploring 0: L0[], 1: L0[], Ebi: L2[L0[], ☐15], Eib: L2[☐20, ☐25], Eii: L2[L7[], ☐35], put: L2[V2, _7_s] -> V0 -> V1 -> L2[_8_s, _9_s], tr: L7[]
[17:55:58.932425]	Exploring 0: L0[], 1: L0[], Ebi: L2[L0[], ☐15], Eib: L2[☐20, ☐25], Eii: L2[L7[], L0[]], put: L2[_6_s, _7_s] -> V0 -> V1 -> L2[_8_s, _9_s], tr: L7[]
[17:55:58.932615]	Exploring 0: L0[], 1: L0[], Ebi: L2[L0[], ☐15], Eib: L2[☐20, ☐25], Eii: L2[L7[], L7[]], put: L2[_6_s, _7_s] -> V0 -> V1 -> L2[_8_s, _9_s], tr: L7[]
[17:55:58.932791]	Exploring 0: L0[], 1: L0[], Ebi: L2[L0[], ☐15], Eib: L2[☐20, L0[]], Eii: L2[_4_s, _5_s], put: L2[_6_s, _7_s] -> V0 -> V1 -> L2[_8_s, _9_s], tr: L7[]
[17:55:58.932928]	Exploring 0: L0[], 1: L0[], Ebi: L2[L0[], ☐15], Eib: L2[☐20, L0[]], Eii: L2[☐30, _5_s], put: L2[_6_s, _7_s] -> V0 -> V1 -> L2[_8_s, _9_s], tr: L7[]
[17:55:58.933074]	Exploring 0: L0[], 1: L0[], Ebi: L2[L0[], ☐15], Eib: L2[☐20, L0[]], Eii: L2[☐30, ☐35], put: L2[_6_s, _7_s] -> V0 -> V1 -> L2[_8_s, _9_s], tr: L7[]
[17:55:58.933272]	Exploring 0: L0[], 1: L0[], Ebi: L2[L0[], ☐15], Eib: L2[☐20, L0[]], Eii: L2[☐30, ☐35], put: L2[L0[], _7_s] -> V0 -> V1 -> L2[_8_s, _9_s], tr: L7[]
[17:55:58.933526]	Exploring 0: L0[], 1: L0[], Ebi: L2[L0[], ☐15], Eib: L2[☐20, L0[]], Eii: L2[☐30, ☐35], put: L2[V1, _7_s] -> V0 -> V1 -> L2[_8_s, _9_s], tr: L7[]
[17:55:58.933739]	Exploring 0: L0[], 1: L0[], Ebi: L2[L0[], ☐15], Eib: L2[☐20, L0[]], Eii: L2[☐30, ☐35], put: L2[V2, _7_s] -> V0 -> V1 -> L2[_8_s, _9_s], tr: L7[]
[17:55:58.933978]	Exploring 0: L0[], 1: L0[], Ebi: L2[L0[], ☐15], Eib: L2[☐20, L0[]], Eii: L2[☐30, L0[]], put: L2[_6_s, _7_s] -> V0 -> V1 -> L2[_8_s, _9_s], tr: L7[]
[17:55:58.934218]	Exploring 0: L0[], 1: L0[], Ebi: L2[L0[], ☐15], Eib: L2[☐20, L0[]], Eii: L2[☐30, L7[]], put: L2[_6_s, _7_s] -> V0 -> V1 -> L2[_8_s, _9_s], tr: L7[]
[17:55:58.934413]	Exploring 0: L0[], 1: L0[], Ebi: L2[L0[], ☐15], Eib: L2[☐20, L0[]], Eii: L2[L0[], _5_s], put: L2[_6_s, _7_s] -> V0 -> V1 -> L2[_8_s, _9_s], tr: L7[]
[17:55:58.934604]	Exploring 0: L0[], 1: L0[], Ebi: L2[L0[], ☐15], Eib: L2[☐20, L0[]], Eii: L2[L7[], _5_s], put: L2[_6_s, _7_s] -> V0 -> V1 -> L2[_8_s, _9_s], tr: L7[]
[17:55:58.934851]	Exploring 0: L0[], 1: L0[], Ebi: L2[L0[], ☐15], Eib: L2[☐20, L7[]], Eii: L2[_4_s, _5_s], put: L2[_6_s, _7_s] -> V0 -> V1 -> L2[_8_s, _9_s], tr: L7[]
[17:55:58.935028]	Exploring 0: L0[], 1: L0[], Ebi: L2[L0[], ☐15], Eib: L2[☐20, L7[]], Eii: L2[☐30, _5_s], put: L2[_6_s, _7_s] -> V0 -> V1 -> L2[_8_s, _9_s], tr: L7[]
[17:55:58.935196]	Exploring 0: L0[], 1: L0[], Ebi: L2[L0[], ☐15], Eib: L2[☐20, L7[]], Eii: L2[☐30, ☐35], put: L2[_6_s, _7_s] -> V0 -> V1 -> L2[_8_s, _9_s], tr: L7[]
[17:55:58.935381]	Exploring 0: L0[], 1: L0[], Ebi: L2[L0[], ☐15], Eib: L2[☐20, L7[]], Eii: L2[☐30, ☐35], put: L2[L0[], _7_s] -> V0 -> V1 -> L2[_8_s, _9_s], tr: L7[]
[17:55:58.935649]	Exploring 0: L0[], 1: L0[], Ebi: L2[L0[], ☐15], Eib: L2[☐20, L7[]], Eii: L2[☐30, ☐35], put: L2[V1, _7_s] -> V0 -> V1 -> L2[_8_s, _9_s], tr: L7[]
[17:55:58.935853]	Exploring 0: L0[], 1: L0[], Ebi: L2[L0[], ☐15], Eib: L2[☐20, L7[]], Eii: L2[☐30, ☐35], put: L2[V2, _7_s] -> V0 -> V1 -> L2[_8_s, _9_s], tr: L7[]
[17:55:58.936050]	Exploring 0: L0[], 1: L0[], Ebi: L2[L0[], ☐15], Eib: L2[☐20, L7[]], Eii: L2[☐30, L0[]], put: L2[_6_s, _7_s] -> V0 -> V1 -> L2[_8_s, _9_s], tr: L7[]
[17:55:58.936233]	Exploring 0: L0[], 1: L0[], Ebi: L2[L0[], ☐15], Eib: L2[☐20, L7[]], Eii: L2[☐30, L7[]], put: L2[_6_s, _7_s] -> V0 -> V1 -> L2[_8_s, _9_s], tr: L7[]
[17:55:58.936398]	Exploring 0: L0[], 1: L0[], Ebi: L2[L0[], ☐15], Eib: L2[☐20, L7[]], Eii: L2[L0[], _5_s], put: L2[_6_s, _7_s] -> V0 -> V1 -> L2[_8_s, _9_s], tr: L7[]
[17:55:58.936594]	Exploring 0: L0[], 1: L0[], Ebi: L2[L0[], ☐15], Eib: L2[☐20, L7[]], Eii: L2[L7[], _5_s], put: L2[_6_s, _7_s] -> V0 -> V1 -> L2[_8_s, _9_s], tr: L7[]
[17:55:58.936811]	Exploring 0: L0[], 1: L0[], Ebi: L2[L0[], ☐15], Eib: L2[L0[], _3_s], Eii: L2[_4_s, _5_s], put: L2[_6_s, _7_s] -> V0 -> V1 -> L2[_8_s, _9_s], tr: L7[]
[17:55:58.936961]	Exploring 0: L0[], 1: L0[], Ebi: L2[L0[], ☐15], Eib: L2[L0[], ☐25], Eii: L2[_4_s, _5_s], put: L2[_6_s, _7_s] -> V0 -> V1 -> L2[_8_s, _9_s], tr: L7[]
[17:55:58.937106]	Exploring 0: L0[], 1: L0[], Ebi: L2[L0[], ☐15], Eib: L2[L0[], ☐25], Eii: L2[☐30, _5_s], put: L2[_6_s, _7_s] -> V0 -> V1 -> L2[_8_s, _9_s], tr: L7[]
[17:55:58.937216]	Exploring 0: L0[], 1: L0[], Ebi: L2[L0[], ☐15], Eib: L2[L0[], ☐25], Eii: L2[☐30, ☐35], put: L2[_6_s, _7_s] -> V0 -> V1 -> L2[_8_s, _9_s], tr: L7[]
[17:55:58.937341]	Exploring 0: L0[], 1: L0[], Ebi: L2[L0[], ☐15], Eib: L2[L0[], ☐25], Eii: L2[☐30, ☐35], put: L2[L0[], _7_s] -> V0 -> V1 -> L2[_8_s, _9_s], tr: L7[]
[17:55:58.937658]	Exploring 0: L0[], 1: L0[], Ebi: L2[L0[], ☐15], Eib: L2[L0[], ☐25], Eii: L2[☐30, ☐35], put: L2[V2, _7_s] -> V0 -> V1 -> L2[_8_s, _9_s], tr: L7[]
[17:55:58.937806]	Exploring 0: L0[], 1: L0[], Ebi: L2[L0[], ☐15], Eib: L2[L0[], ☐25], Eii: L2[☐30, L0[]], put: L2[_6_s, _7_s] -> V0 -> V1 -> L2[_8_s, _9_s], tr: L7[]
[17:55:58.938020]	Exploring 0: L0[], 1: L0[], Ebi: L2[L0[], ☐15], Eib: L2[L0[], ☐25], Eii: L2[☐30, L7[]], put: L2[_6_s, _7_s] -> V0 -> V1 -> L2[_8_s, _9_s], tr: L7[]
[17:55:58.938250]	Exploring 0: L0[], 1: L0[], Ebi: L2[L0[], ☐15], Eib: L2[L0[], ☐25], Eii: L2[L0[], _5_s], put: L2[_6_s, _7_s] -> V0 -> V1 -> L2[_8_s, _9_s], tr: L7[]
[17:55:58.938437]	Exploring 0: L0[], 1: L0[], Ebi: L2[L0[], ☐15], Eib: L2[L0[], ☐25], Eii: L2[L7[], _5_s], put: L2[_6_s, _7_s] -> V0 -> V1 -> L2[_8_s, _9_s], tr: L7[]
[17:55:58.938585]	Exploring 0: L0[], 1: L0[], Ebi: L2[L0[], ☐15], Eib: L2[L0[], L0[]], Eii: L2[_4_s, _5_s], put: L2[_6_s, _7_s] -> V0 -> V1 -> L2[_8_s, _9_s], tr: L7[]
[17:55:58.938739]	Exploring 0: L0[], 1: L0[], Ebi: L2[L0[], ☐15], Eib: L2[L0[], L7[]], Eii: L2[_4_s, _5_s], put: L2[_6_s, _7_s] -> V0 -> V1 -> L2[_8_s, _9_s], tr: L7[]
[17:55:58.938949]	Exploring 0: L0[], 1: L0[], Ebi: L2[L0[], ☐15], Eib: L2[L7[], _3_s], Eii: L2[_4_s, _5_s], put: L2[_6_s, _7_s] -> V0 -> V1 -> L2[_8_s, _9_s], tr: L7[]
[17:55:58.939106]	Exploring 0: L0[], 1: L0[], Ebi: L2[L0[], ☐15], Eib: L2[L7[], ☐25], Eii: L2[_4_s, _5_s], put: L2[_6_s, _7_s] -> V0 -> V1 -> L2[_8_s, _9_s], tr: L7[]
[17:55:58.939255]	Exploring 0: L0[], 1: L0[], Ebi: L2[L0[], ☐15], Eib: L2[L7[], ☐25], Eii: L2[☐30, _5_s], put: L2[_6_s, _7_s] -> V0 -> V1 -> L2[_8_s, _9_s], tr: L7[]
[17:55:58.939396]	Exploring 0: L0[], 1: L0[], Ebi: L2[L0[], ☐15], Eib: L2[L7[], ☐25], Eii: L2[☐30, ☐35], put: L2[_6_s, _7_s] -> V0 -> V1 -> L2[_8_s, _9_s], tr: L7[]
[17:55:58.939557]	Exploring 0: L0[], 1: L0[], Ebi: L2[L0[], ☐15], Eib: L2[L7[], ☐25], Eii: L2[☐30, ☐35], put: L2[V1, _7_s] -> V0 -> V1 -> L2[_8_s, _9_s], tr: L7[]
[17:55:58.939735]	Exploring 0: L0[], 1: L0[], Ebi: L2[L0[], ☐15], Eib: L2[L7[], ☐25], Eii: L2[☐30, ☐35], put: L2[V2, _7_s] -> V0 -> V1 -> L2[_8_s, _9_s], tr: L7[]
[17:55:58.939864]	Exploring 0: L0[], 1: L0[], Ebi: L2[L0[], ☐15], Eib: L2[L7[], ☐25], Eii: L2[☐30, L0[]], put: L2[_6_s, _7_s] -> V0 -> V1 -> L2[_8_s, _9_s], tr: L7[]
[17:55:58.940118]	Exploring 0: L0[], 1: L0[], Ebi: L2[L0[], ☐15], Eib: L2[L7[], ☐25], Eii: L2[☐30, L7[]], put: L2[_6_s, _7_s] -> V0 -> V1 -> L2[_8_s, _9_s], tr: L7[]
[17:55:58.940298]	Exploring 0: L0[], 1: L0[], Ebi: L2[L0[], ☐15], Eib: L2[L7[], ☐25], Eii: L2[L0[], _5_s], put: L2[_6_s, _7_s] -> V0 -> V1 -> L2[_8_s, _9_s], tr: L7[]
[17:55:58.940465]	Exploring 0: L0[], 1: L0[], Ebi: L2[L0[], ☐15], Eib: L2[L7[], ☐25], Eii: L2[L7[], _5_s], put: L2[_6_s, _7_s] -> V0 -> V1 -> L2[_8_s, _9_s], tr: L7[]
[17:55:58.940634]	Exploring 0: L0[], 1: L0[], Ebi: L2[L0[], ☐15], Eib: L2[L7[], L0[]], Eii: L2[_4_s, _5_s], put: L2[_6_s, _7_s] -> V0 -> V1 -> L2[_8_s, _9_s], tr: L7[]
[17:55:58.940867]	Exploring 0: L0[], 1: L0[], Ebi: L2[L0[], ☐15], Eib: L2[L7[], L7[]], Eii: L2[_4_s, _5_s], put: L2[_6_s, _7_s] -> V0 -> V1 -> L2[_8_s, _9_s], tr: L7[]
[17:55:58.941102]	Exploring 0: L0[], 1: L0[], Ebi: L2[L0[], L0[]], Eib: L2[_2_s, _3_s], Eii: L2[_4_s, _5_s], put: L2[_6_s, _7_s] -> V0 -> V1 -> L2[_8_s, _9_s], tr: L7[]
[17:55:58.941212]	Exploring 0: L0[], 1: L0[], Ebi: L2[L0[], L0[]], Eib: L2[☐20, _3_s], Eii: L2[_4_s, _5_s], put: L2[_6_s, _7_s] -> V0 -> V1 -> L2[_8_s, _9_s], tr: L7[]
[17:55:58.941306]	Exploring 0: L0[], 1: L0[], Ebi: L2[L0[], L0[]], Eib: L2[☐20, ☐25], Eii: L2[_4_s, _5_s], put: L2[_6_s, _7_s] -> V0 -> V1 -> L2[_8_s, _9_s], tr: L7[]
[17:55:58.941397]	Exploring 0: L0[], 1: L0[], Ebi: L2[L0[], L0[]], Eib: L2[☐20, ☐25], Eii: L2[☐30, _5_s], put: L2[_6_s, _7_s] -> V0 -> V1 -> L2[_8_s, _9_s], tr: L7[]
[17:55:58.941491]	Exploring 0: L0[], 1: L0[], Ebi: L2[L0[], L0[]], Eib: L2[☐20, ☐25], Eii: L2[☐30, ☐35], put: L2[_6_s, _7_s] -> V0 -> V1 -> L2[_8_s, _9_s], tr: L7[]
[17:55:58.941621]	Exploring 0: L0[], 1: L0[], Ebi: L2[L0[], L0[]], Eib: L2[☐20, ☐25], Eii: L2[☐30, ☐35], put: L2[L0[], _7_s] -> V0 -> V1 -> L2[_8_s, _9_s], tr: L7[]
[17:55:58.941840]	Exploring 0: L0[], 1: L0[], Ebi: L2[L0[], L0[]], Eib: L2[☐20, ☐25], Eii: L2[☐30, ☐35], put: L2[V1, _7_s] -> V0 -> V1 -> L2[_8_s, _9_s], tr: L7[]
[17:55:58.942015]	Exploring 0: L0[], 1: L0[], Ebi: L2[L0[], L0[]], Eib: L2[☐20, ☐25], Eii: L2[☐30, ☐35], put: L2[V2, _7_s] -> V0 -> V1 -> L2[_8_s, _9_s], tr: L7[]
[17:55:58.942149]	Exploring 0: L0[], 1: L0[], Ebi: L2[L0[], L0[]], Eib: L2[☐20, ☐25], Eii: L2[☐30, L0[]], put: L2[_6_s, _7_s] -> V0 -> V1 -> L2[_8_s, _9_s], tr: L7[]
[17:55:58.942311]	Exploring 0: L0[], 1: L0[], Ebi: L2[L0[], L0[]], Eib: L2[☐20, ☐25], Eii: L2[☐30, L7[]], put: L2[_6_s, _7_s] -> V0 -> V1 -> L2[_8_s, _9_s], tr: L7[]
[17:55:58.942456]	Exploring 0: L0[], 1: L0[], Ebi: L2[L0[], L0[]], Eib: L2[☐20, ☐25], Eii: L2[L0[], _5_s], put: L2[_6_s, _7_s] -> V0 -> V1 -> L2[_8_s, _9_s], tr: L7[]
[17:55:58.942600]	Exploring 0: L0[], 1: L0[], Ebi: L2[L0[], L0[]], Eib: L2[☐20, ☐25], Eii: L2[L7[], _5_s], put: L2[_6_s, _7_s] -> V0 -> V1 -> L2[_8_s, _9_s], tr: L7[]
[17:55:58.942737]	Exploring 0: L0[], 1: L0[], Ebi: L2[L0[], L0[]], Eib: L2[☐20, L0[]], Eii: L2[_4_s, _5_s], put: L2[_6_s, _7_s] -> V0 -> V1 -> L2[_8_s, _9_s], tr: L7[]
[17:55:58.942875]	Exploring 0: L0[], 1: L0[], Ebi: L2[L0[], L0[]], Eib: L2[☐20, L7[]], Eii: L2[_4_s, _5_s], put: L2[_6_s, _7_s] -> V0 -> V1 -> L2[_8_s, _9_s], tr: L7[]
[17:55:58.943019]	Exploring 0: L0[], 1: L0[], Ebi: L2[L0[], L0[]], Eib: L2[L0[], _3_s], Eii: L2[_4_s, _5_s], put: L2[_6_s, _7_s] -> V0 -> V1 -> L2[_8_s, _9_s], tr: L7[]
[17:55:58.943160]	Exploring 0: L0[], 1: L0[], Ebi: L2[L0[], L0[]], Eib: L2[L7[], _3_s], Eii: L2[_4_s, _5_s], put: L2[_6_s, _7_s] -> V0 -> V1 -> L2[_8_s, _9_s], tr: L7[]
[17:55:58.943298]	Exploring 0: L0[], 1: L0[], Ebi: L2[L0[], L7[]], Eib: L2[_2_s, _3_s], Eii: L2[_4_s, _5_s], put: L2[_6_s, _7_s] -> V0 -> V1 -> L2[_8_s, _9_s], tr: L7[]
[17:55:58.943393]	Exploring 0: L0[], 1: L0[], Ebi: L2[L0[], L7[]], Eib: L2[☐20, _3_s], Eii: L2[_4_s, _5_s], put: L2[_6_s, _7_s] -> V0 -> V1 -> L2[_8_s, _9_s], tr: L7[]
[17:55:58.943506]	Exploring 0: L0[], 1: L0[], Ebi: L2[L0[], L7[]], Eib: L2[☐20, ☐25], Eii: L2[_4_s, _5_s], put: L2[_6_s, _7_s] -> V0 -> V1 -> L2[_8_s, _9_s], tr: L7[]
[17:55:58.943597]	Exploring 0: L0[], 1: L0[], Ebi: L2[L0[], L7[]], Eib: L2[☐20, ☐25], Eii: L2[☐30, _5_s], put: L2[_6_s, _7_s] -> V0 -> V1 -> L2[_8_s, _9_s], tr: L7[]
[17:55:58.943688]	Exploring 0: L0[], 1: L0[], Ebi: L2[L0[], L7[]], Eib: L2[☐20, ☐25], Eii: L2[☐30, ☐35], put: L2[_6_s, _7_s] -> V0 -> V1 -> L2[_8_s, _9_s], tr: L7[]
[17:55:58.943795]	Exploring 0: L0[], 1: L0[], Ebi: L2[L0[], L7[]], Eib: L2[☐20, ☐25], Eii: L2[☐30, ☐35], put: L2[L0[], _7_s] -> V0 -> V1 -> L2[_8_s, _9_s], tr: L7[]
[17:55:58.943997]	Exploring 0: L0[], 1: L0[], Ebi: L2[L0[], L7[]], Eib: L2[☐20, ☐25], Eii: L2[☐30, ☐35], put: L2[V1, _7_s] -> V0 -> V1 -> L2[_8_s, _9_s], tr: L7[]
[17:55:58.944168]	Exploring 0: L0[], 1: L0[], Ebi: L2[L0[], L7[]], Eib: L2[☐20, ☐25], Eii: L2[☐30, ☐35], put: L2[V2, _7_s] -> V0 -> V1 -> L2[_8_s, _9_s], tr: L7[]
[17:55:58.944306]	Exploring 0: L0[], 1: L0[], Ebi: L2[L0[], L7[]], Eib: L2[☐20, ☐25], Eii: L2[☐30, L0[]], put: L2[_6_s, _7_s] -> V0 -> V1 -> L2[_8_s, _9_s], tr: L7[]
[17:55:58.944448]	Exploring 0: L0[], 1: L0[], Ebi: L2[L0[], L7[]], Eib: L2[☐20, ☐25], Eii: L2[☐30, L7[]], put: L2[_6_s, _7_s] -> V0 -> V1 -> L2[_8_s, _9_s], tr: L7[]
[17:55:58.944595]	Exploring 0: L0[], 1: L0[], Ebi: L2[L0[], L7[]], Eib: L2[☐20, ☐25], Eii: L2[L0[], _5_s], put: L2[_6_s, _7_s] -> V0 -> V1 -> L2[_8_s, _9_s], tr: L7[]
[17:55:58.944737]	Exploring 0: L0[], 1: L0[], Ebi: L2[L0[], L7[]], Eib: L2[☐20, ☐25], Eii: L2[L7[], _5_s], put: L2[_6_s, _7_s] -> V0 -> V1 -> L2[_8_s, _9_s], tr: L7[]
[17:55:58.944872]	Exploring 0: L0[], 1: L0[], Ebi: L2[L0[], L7[]], Eib: L2[☐20, L0[]], Eii: L2[_4_s, _5_s], put: L2[_6_s, _7_s] -> V0 -> V1 -> L2[_8_s, _9_s], tr: L7[]
[17:55:58.945076]	Exploring 0: L0[], 1: L0[], Ebi: L2[L0[], L7[]], Eib: L2[☐20, L7[]], Eii: L2[_4_s, _5_s], put: L2[_6_s, _7_s] -> V0 -> V1 -> L2[_8_s, _9_s], tr: L7[]
[17:55:58.945252]	Exploring 0: L0[], 1: L0[], Ebi: L2[L0[], L7[]], Eib: L2[L0[], _3_s], Eii: L2[_4_s, _5_s], put: L2[_6_s, _7_s] -> V0 -> V1 -> L2[_8_s, _9_s], tr: L7[]
[17:55:58.945416]	Exploring 0: L0[], 1: L0[], Ebi: L2[L0[], L7[]], Eib: L2[L7[], _3_s], Eii: L2[_4_s, _5_s], put: L2[_6_s, _7_s] -> V0 -> V1 -> L2[_8_s, _9_s], tr: L7[]
[17:55:58.945580]	Exploring 0: L0[], 1: L0[], Ebi: L2[L7[], _1_s], Eib: L2[_2_s, _3_s], Eii: L2[_4_s, _5_s], put: L2[_6_s, _7_s] -> V0 -> V1 -> L2[_8_s, _9_s], tr: L7[]
[17:55:58.945710]	Exploring 0: L0[], 1: L0[], Ebi: L2[L7[], ☐15], Eib: L2[_2_s, _3_s], Eii: L2[_4_s, _5_s], put: L2[_6_s, _7_s] -> V0 -> V1 -> L2[_8_s, _9_s], tr: L7[]
[17:55:58.945877]	Exploring 0: L0[], 1: L0[], Ebi: L2[L7[], ☐15], Eib: L2[☐20, _3_s], Eii: L2[_4_s, _5_s], put: L2[_6_s, _7_s] -> V0 -> V1 -> L2[_8_s, _9_s], tr: L7[]
[17:55:58.946027]	Exploring 0: L0[], 1: L0[], Ebi: L2[L7[], ☐15], Eib: L2[☐20, ☐25], Eii: L2[_4_s, _5_s], put: L2[_6_s, _7_s] -> V0 -> V1 -> L2[_8_s, _9_s], tr: L7[]
[17:55:58.946177]	Exploring 0: L0[], 1: L0[], Ebi: L2[L7[], ☐15], Eib: L2[☐20, ☐25], Eii: L2[☐30, _5_s], put: L2[_6_s, _7_s] -> V0 -> V1 -> L2[_8_s, _9_s], tr: L7[]
[17:55:58.946296]	Exploring 0: L0[], 1: L0[], Ebi: L2[L7[], ☐15], Eib: L2[☐20, ☐25], Eii: L2[☐30, ☐35], put: L2[_6_s, _7_s] -> V0 -> V1 -> L2[_8_s, _9_s], tr: L7[]
[17:55:58.946469]	Exploring 0: L0[], 1: L0[], Ebi: L2[L7[], ☐15], Eib: L2[☐20, ☐25], Eii: L2[☐30, ☐35], put: L2[L7[], _7_s] -> V0 -> V1 -> L2[_8_s, _9_s], tr: L7[]
[17:55:58.946604]	Exploring 0: L0[], 1: L0[], Ebi: L2[L7[], ☐15], Eib: L2[☐20, ☐25], Eii: L2[☐30, ☐35], put: L2[L7[], ☐45] -> V0 -> V1 -> L2[_8_s, _9_s], tr: L7[]
[17:55:58.946788]	Exploring 0: L0[], 1: L0[], Ebi: L2[L7[], ☐15], Eib: L2[☐20, ☐25], Eii: L2[☐30, ☐35], put: L2[L7[], ☐45] -> V0 -> V1 -> L2[L7[], _9_s], tr: L7[]
[17:55:58.947086]	Exploring 0: L0[], 1: L0[], Ebi: L2[L7[], ☐15], Eib: L2[☐20, ☐25], Eii: L2[☐30, ☐35], put: L2[L7[], L0[]] -> V0 -> V1 -> L2[_8_s, _9_s], tr: L7[]
[17:55:58.947243]		Fast forwarded from
		0: L0[], 1: L0[], Ebi: L2[L7[], ☐15], Eib: L2[☐20, ☐25], Eii: L2[☐30, ☐35], put: L2[L7[], L0[]] -> V0 -> V1 -> L2[_8_s, _9_s], tr: L7[]
		0: L0[], 1: L0[], Ebi: L2[L7[], L0[]], Eib: L2[L7[], L0[]], Eii: L2[L7[], L0[]], put: L2[L7[], L0[]] -> V0 -> V1 -> L2[L7[], L0[]], tr: L7[]
[17:55:58.947522]	Exploring 0: L0[], 1: L0[], Ebi: L2[L7[], ☐15], Eib: L2[☐20, ☐25], Eii: L2[☐30, ☐35], put: L2[L7[], L7[]] -> V0 -> V1 -> L2[_8_s, _9_s], tr: L7[]
[17:55:58.947720]		Fast forwarded from
		0: L0[], 1: L0[], Ebi: L2[L7[], ☐15], Eib: L2[☐20, ☐25], Eii: L2[☐30, ☐35], put: L2[L7[], L7[]] -> V0 -> V1 -> L2[_8_s, _9_s], tr: L7[]
		0: L0[], 1: L0[], Ebi: L2[L7[], L7[]], Eib: L2[L7[], L7[]], Eii: L2[L7[], L7[]], put: L2[L7[], L7[]] -> V0 -> V1 -> L2[L7[], L7[]], tr: L7[]
[17:55:58.948038]	Exploring 0: L0[], 1: L0[], Ebi: L2[L7[], ☐15], Eib: L2[☐20, ☐25], Eii: L2[☐30, ☐35], put: L2[L7[], V0] -> V0 -> V1 -> L2[_8_s, _9_s], tr: L7[]
[17:55:58.948204]		Fast forwarded from
		0: L0[], 1: L0[], Ebi: L2[L7[], ☐15], Eib: L2[☐20, ☐25], Eii: L2[☐30, ☐35], put: L2[L7[], V0] -> V0 -> V1 -> L2[_8_s, _9_s], tr: L7[]
		0: L0[], 1: L0[], Ebi: L2[L7[], L7[]], Eib: L2[L7[], L0[]], Eii: L2[L7[], L0[]], put: L2[L7[], V0] -> V0 -> V1 -> L2[L7[], V0], tr: L7[]
[17:55:58.948469]	Exploring 0: L0[], 1: L0[], Ebi: L2[L7[], ☐15], Eib: L2[☐20, ☐25], Eii: L2[☐30, ☐35], put: L2[L7[], V1] -> V0 -> V1 -> L2[_8_s, _9_s], tr: L7[]
[17:55:58.948613]		Fast forwarded from
		0: L0[], 1: L0[], Ebi: L2[L7[], ☐15], Eib: L2[☐20, ☐25], Eii: L2[☐30, ☐35], put: L2[L7[], V1] -> V0 -> V1 -> L2[_8_s, _9_s], tr: L7[]
		0: L0[], 1: L0[], Ebi: L2[L7[], L0[]], Eib: L2[L7[], L7[]], Eii: L2[L7[], L0[]], put: L2[L7[], V1] -> V0 -> V1 -> L2[L7[], V0], tr: L7[]
[17:55:58.948768]	Exploring 0: L0[], 1: L0[], Ebi: L2[L7[], ☐15], Eib: L2[☐20, ☐25], Eii: L2[☐30, ☐35], put: L2[L7[], V2] -> V0 -> V1 -> L2[_8_s, _9_s], tr: L7[]
[17:55:58.948974]	Exploring 0: L0[], 1: L0[], Ebi: L2[L7[], ☐15], Eib: L2[☐20, ☐25], Eii: L2[☐30, ☐35], put: L2[V0, _7_s] -> V0 -> V1 -> L2[_8_s, _9_s], tr: L7[]
[17:55:58.949188]	Exploring 0: L0[], 1: L0[], Ebi: L2[L7[], ☐15], Eib: L2[☐20, ☐25], Eii: L2[☐30, ☐35], put: L2[V0, ☐45] -> V0 -> V1 -> L2[_8_s, _9_s], tr: L7[]
[17:55:58.949375]	Exploring 0: L0[], 1: L0[], Ebi: L2[L7[], ☐15], Eib: L2[☐20, ☐25], Eii: L2[☐30, ☐35], put: L2[V0, ☐45] -> V0 -> V1 -> L2[V0, _9_s], tr: L7[]
[17:55:58.949609]	Exploring 0: L0[], 1: L0[], Ebi: L2[L7[], ☐15], Eib: L2[☐20, ☐25], Eii: L2[☐30, ☐35], put: L2[V0, L0[]] -> V0 -> V1 -> L2[_8_s, _9_s], tr: L7[]
[17:55:58.949747]		Fast forwarded from
		0: L0[], 1: L0[], Ebi: L2[L7[], ☐15], Eib: L2[☐20, ☐25], Eii: L2[☐30, ☐35], put: L2[V0, L0[]] -> V0 -> V1 -> L2[_8_s, _9_s], tr: L7[]
		0: L0[], 1: L0[], Ebi: L2[L7[], L0[]], Eib: L2[L0[], L0[]], Eii: L2[L0[], L0[]], put: L2[V0, L0[]] -> V0 -> V1 -> L2[V0, L0[]], tr: L7[]
[17:55:58.950006]	Exploring 0: L0[], 1: L0[], Ebi: L2[L7[], ☐15], Eib: L2[☐20, ☐25], Eii: L2[☐30, ☐35], put: L2[V0, L7[]] -> V0 -> V1 -> L2[_8_s, _9_s], tr: L7[]
[17:55:58.950148]		Fast forwarded from
		0: L0[], 1: L0[], Ebi: L2[L7[], ☐15], Eib: L2[☐20, ☐25], Eii: L2[☐30, ☐35], put: L2[V0, L7[]] -> V0 -> V1 -> L2[_8_s, _9_s], tr: L7[]
		0: L0[], 1: L0[], Ebi: L2[L7[], L7[]], Eib: L2[L0[], L7[]], Eii: L2[L0[], L7[]], put: L2[V0, L7[]] -> V0 -> V1 -> L2[V0, L7[]], tr: L7[]
[17:55:58.950398]	Exploring 0: L0[], 1: L0[], Ebi: L2[L7[], ☐15], Eib: L2[☐20, ☐25], Eii: L2[☐30, ☐35], put: L2[V0, V0] -> V0 -> V1 -> L2[_8_s, _9_s], tr: L7[]
[17:55:58.950600]	Exploring 0: L0[], 1: L0[], Ebi: L2[L7[], ☐15], Eib: L2[☐20, ☐25], Eii: L2[☐30, ☐35], put: L2[V0, V1] -> V0 -> V1 -> L2[_8_s, _9_s], tr: L7[]
[17:55:58.950728]		Fast forwarded from
		0: L0[], 1: L0[], Ebi: L2[L7[], ☐15], Eib: L2[☐20, ☐25], Eii: L2[☐30, ☐35], put: L2[V0, V1] -> V0 -> V1 -> L2[_8_s, _9_s], tr: L7[]
		0: L0[], 1: L0[], Ebi: L2[L7[], L0[]], Eib: L2[L0[], L7[]], Eii: L2[L0[], L0[]], put: L2[V0, V1] -> V0 -> V1 -> L2[V0, V0], tr: L7[]
[17:55:58.950888]	Exploring 0: L0[], 1: L0[], Ebi: L2[L7[], ☐15], Eib: L2[☐20, ☐25], Eii: L2[☐30, ☐35], put: L2[V0, V2] -> V0 -> V1 -> L2[_8_s, _9_s], tr: L7[]
[17:55:58.951110]	Exploring 0: L0[], 1: L0[], Ebi: L2[L7[], ☐15], Eib: L2[☐20, ☐25], Eii: L2[☐30, ☐35], put: L2[V2, _7_s] -> V0 -> V1 -> L2[_8_s, _9_s], tr: L7[]
[17:55:58.951267]	Exploring 0: L0[], 1: L0[], Ebi: L2[L7[], ☐15], Eib: L2[☐20, ☐25], Eii: L2[☐30, ☐35], put: L2[V2, ☐45] -> V0 -> V1 -> L2[_8_s, _9_s], tr: L7[]
[17:55:58.951461]	Exploring 0: L0[], 1: L0[], Ebi: L2[L7[], ☐15], Eib: L2[☐20, ☐25], Eii: L2[☐30, ☐35], put: L2[V2, ☐45] -> V0 -> V1 -> L2[☐50, _9_s], tr: L7[]
[17:55:58.951649]	Exploring 0: L0[], 1: L0[], Ebi: L2[L7[], ☐15], Eib: L2[☐20, ☐25], Eii: L2[☐30, ☐35], put: L2[V2, ☐45] -> V0 -> V1 -> L2[☐50, ☐55], tr: L7[]
[17:55:58.951906]	Exploring 0: L0[], 1: L0[], Ebi: L2[L7[], ☐15], Eib: L2[☐20, ☐25], Eii: L2[☐30, ☐35], put: L2[V2, ☐45] -> V0 -> V1 -> L2[☐50, L0[]], tr: L7[]
[17:55:58.952168]	Exploring 0: L0[], 1: L0[], Ebi: L2[L7[], ☐15], Eib: L2[☐20, ☐25], Eii: L2[☐30, ☐35], put: L2[V2, ☐45] -> V0 -> V1 -> L2[☐50, L7[]], tr: L7[]
[17:55:58.952356]	Exploring 0: L0[], 1: L0[], Ebi: L2[L7[], ☐15], Eib: L2[☐20, ☐25], Eii: L2[☐30, ☐35], put: L2[V2, ☐45] -> V0 -> V1 -> L2[☐50, V0], tr: L7[]
[17:55:58.952526]	Exploring 0: L0[], 1: L0[], Ebi: L2[L7[], ☐15], Eib: L2[☐20, ☐25], Eii: L2[☐30, ☐35], put: L2[V2, ☐45] -> V0 -> V1 -> L2[☐50, V1], tr: L7[]
[17:55:58.952695]	Exploring 0: L0[], 1: L0[], Ebi: L2[L7[], ☐15], Eib: L2[☐20, ☐25], Eii: L2[☐30, ☐35], put: L2[V2, ☐45] -> V0 -> V1 -> L2[☐50, V2], tr: L7[]
[17:55:58.952857]	Exploring 0: L0[], 1: L0[], Ebi: L2[L7[], ☐15], Eib: L2[☐20, ☐25], Eii: L2[☐30, ☐35], put: L2[V2, ☐45] -> V0 -> V1 -> L2[L0[], _9_s], tr: L7[]
[17:55:58.953037]	Exploring 0: L0[], 1: L0[], Ebi: L2[L7[], ☐15], Eib: L2[☐20, ☐25], Eii: L2[☐30, ☐35], put: L2[V2, ☐45] -> V0 -> V1 -> L2[L7[], _9_s], tr: L7[]
[17:55:58.953228]	Exploring 0: L0[], 1: L0[], Ebi: L2[L7[], ☐15], Eib: L2[☐20, ☐25], Eii: L2[☐30, ☐35], put: L2[V2, ☐45] -> V0 -> V1 -> L2[V0, _9_s], tr: L7[]
[17:55:58.953424]	Exploring 0: L0[], 1: L0[], Ebi: L2[L7[], ☐15], Eib: L2[☐20, ☐25], Eii: L2[☐30, ☐35], put: L2[V2, ☐45] -> V0 -> V1 -> L2[V1, _9_s], tr: L7[]
[17:55:58.953605]	Exploring 0: L0[], 1: L0[], Ebi: L2[L7[], ☐15], Eib: L2[☐20, ☐25], Eii: L2[☐30, ☐35], put: L2[V2, ☐45] -> V0 -> V1 -> L2[V2, _9_s], tr: L7[]
[17:55:58.953796]	Exploring 0: L0[], 1: L0[], Ebi: L2[L7[], ☐15], Eib: L2[☐20, ☐25], Eii: L2[☐30, ☐35], put: L2[V2, L0[]] -> V0 -> V1 -> L2[_8_s, _9_s], tr: L7[]
[17:55:58.953994]	Exploring 0: L0[], 1: L0[], Ebi: L2[L7[], ☐15], Eib: L2[☐20, ☐25], Eii: L2[☐30, ☐35], put: L2[V2, L7[]] -> V0 -> V1 -> L2[_8_s, _9_s], tr: L7[]
[17:55:58.954189]	Exploring 0: L0[], 1: L0[], Ebi: L2[L7[], ☐15], Eib: L2[☐20, ☐25], Eii: L2[☐30, ☐35], put: L2[V2, V0] -> V0 -> V1 -> L2[_8_s, _9_s], tr: L7[]
[17:55:58.954448]	Exploring 0: L0[], 1: L0[], Ebi: L2[L7[], ☐15], Eib: L2[☐20, ☐25], Eii: L2[☐30, ☐35], put: L2[V2, V1] -> V0 -> V1 -> L2[_8_s, _9_s], tr: L7[]
[17:55:58.954686]	Exploring 0: L0[], 1: L0[], Ebi: L2[L7[], ☐15], Eib: L2[☐20, ☐25], Eii: L2[☐30, ☐35], put: L2[V2, V2] -> V0 -> V1 -> L2[_8_s, _9_s], tr: L7[]
[17:55:58.954949]	Exploring 0: L0[], 1: L0[], Ebi: L2[L7[], ☐15], Eib: L2[☐20, ☐25], Eii: L2[☐30, ☐35], put: L2[V2, V3] -> V0 -> V1 -> L2[_8_s, _9_s], tr: L7[]
[17:55:58.955113]	Exploring 0: L0[], 1: L0[], Ebi: L2[L7[], ☐15], Eib: L2[☐20, ☐25], Eii: L2[☐30, L0[]], put: L2[_6_s, _7_s] -> V0 -> V1 -> L2[_8_s, _9_s], tr: L7[]
[17:55:58.955242]	Exploring 0: L0[], 1: L0[], Ebi: L2[L7[], ☐15], Eib: L2[☐20, ☐25], Eii: L2[☐30, L0[]], put: L2[L7[], _7_s] -> V0 -> V1 -> L2[_8_s, _9_s], tr: L7[]
[17:55:58.955444]	Exploring 0: L0[], 1: L0[], Ebi: L2[L7[], ☐15], Eib: L2[☐20, ☐25], Eii: L2[☐30, L0[]], put: L2[V0, _7_s] -> V0 -> V1 -> L2[_8_s, _9_s], tr: L7[]
[17:55:58.955739]	Exploring 0: L0[], 1: L0[], Ebi: L2[L7[], ☐15], Eib: L2[☐20, ☐25], Eii: L2[☐30, L0[]], put: L2[V2, _7_s] -> V0 -> V1 -> L2[_8_s, _9_s], tr: L7[]
[17:55:58.955967]	Exploring 0: L0[], 1: L0[], Ebi: L2[L7[], ☐15], Eib: L2[☐20, ☐25], Eii: L2[☐30, L7[]], put: L2[_6_s, _7_s] -> V0 -> V1 -> L2[_8_s, _9_s], tr: L7[]
[17:55:58.956111]	Exploring 0: L0[], 1: L0[], Ebi: L2[L7[], ☐15], Eib: L2[☐20, ☐25], Eii: L2[☐30, L7[]], put: L2[L7[], _7_s] -> V0 -> V1 -> L2[_8_s, _9_s], tr: L7[]
[17:55:58.956305]	Exploring 0: L0[], 1: L0[], Ebi: L2[L7[], ☐15], Eib: L2[☐20, ☐25], Eii: L2[☐30, L7[]], put: L2[V0, _7_s] -> V0 -> V1 -> L2[_8_s, _9_s], tr: L7[]
[17:55:58.956522]	Exploring 0: L0[], 1: L0[], Ebi: L2[L7[], ☐15], Eib: L2[☐20, ☐25], Eii: L2[☐30, L7[]], put: L2[V2, _7_s] -> V0 -> V1 -> L2[_8_s, _9_s], tr: L7[]
[17:55:58.956672]	Exploring 0: L0[], 1: L0[], Ebi: L2[L7[], ☐15], Eib: L2[☐20, ☐25], Eii: L2[L0[], _5_s], put: L2[_6_s, _7_s] -> V0 -> V1 -> L2[_8_s, _9_s], tr: L7[]
[17:55:58.956785]	Exploring 0: L0[], 1: L0[], Ebi: L2[L7[], ☐15], Eib: L2[☐20, ☐25], Eii: L2[L0[], ☐35], put: L2[_6_s, _7_s] -> V0 -> V1 -> L2[_8_s, _9_s], tr: L7[]
[17:55:58.956933]	Exploring 0: L0[], 1: L0[], Ebi: L2[L7[], ☐15], Eib: L2[☐20, ☐25], Eii: L2[L0[], ☐35], put: L2[V0, _7_s] -> V0 -> V1 -> L2[_8_s, _9_s], tr: L7[]
[17:55:58.957217]	Exploring 0: L0[], 1: L0[], Ebi: L2[L7[], ☐15], Eib: L2[☐20, ☐25], Eii: L2[L0[], ☐35], put: L2[V2, _7_s] -> V0 -> V1 -> L2[_8_s, _9_s], tr: L7[]
[17:55:58.957415]	Exploring 0: L0[], 1: L0[], Ebi: L2[L7[], ☐15], Eib: L2[☐20, ☐25], Eii: L2[L0[], L0[]], put: L2[_6_s, _7_s] -> V0 -> V1 -> L2[_8_s, _9_s], tr: L7[]
[17:55:58.957629]	Exploring 0: L0[], 1: L0[], Ebi: L2[L7[], ☐15], Eib: L2[☐20, ☐25], Eii: L2[L0[], L7[]], put: L2[_6_s, _7_s] -> V0 -> V1 -> L2[_8_s, _9_s], tr: L7[]
[17:55:58.957790]	Exploring 0: L0[], 1: L0[], Ebi: L2[L7[], ☐15], Eib: L2[☐20, ☐25], Eii: L2[L7[], _5_s], put: L2[_6_s, _7_s] -> V0 -> V1 -> L2[_8_s, _9_s], tr: L7[]
[17:55:58.957897]	Exploring 0: L0[], 1: L0[], Ebi: L2[L7[], ☐15], Eib: L2[☐20, ☐25], Eii: L2[L7[], ☐35], put: L2[_6_s, _7_s] -> V0 -> V1 -> L2[_8_s, _9_s], tr: L7[]
[17:55:58.958019]	Exploring 0: L0[], 1: L0[], Ebi: L2[L7[], ☐15], Eib: L2[☐20, ☐25], Eii: L2[L7[], ☐35], put: L2[L7[], _7_s] -> V0 -> V1 -> L2[_8_s, _9_s], tr: L7[]
[17:55:58.958262]	Exploring 0: L0[], 1: L0[], Ebi: L2[L7[], ☐15], Eib: L2[☐20, ☐25], Eii: L2[L7[], ☐35], put: L2[V2, _7_s] -> V0 -> V1 -> L2[_8_s, _9_s], tr: L7[]
[17:55:58.958422]	Exploring 0: L0[], 1: L0[], Ebi: L2[L7[], ☐15], Eib: L2[☐20, ☐25], Eii: L2[L7[], L0[]], put: L2[_6_s, _7_s] -> V0 -> V1 -> L2[_8_s, _9_s], tr: L7[]
[17:55:58.958579]	Exploring 0: L0[], 1: L0[], Ebi: L2[L7[], ☐15], Eib: L2[☐20, ☐25], Eii: L2[L7[], L7[]], put: L2[_6_s, _7_s] -> V0 -> V1 -> L2[_8_s, _9_s], tr: L7[]
[17:55:58.958735]	Exploring 0: L0[], 1: L0[], Ebi: L2[L7[], ☐15], Eib: L2[☐20, L0[]], Eii: L2[_4_s, _5_s], put: L2[_6_s, _7_s] -> V0 -> V1 -> L2[_8_s, _9_s], tr: L7[]
[17:55:58.958874]	Exploring 0: L0[], 1: L0[], Ebi: L2[L7[], ☐15], Eib: L2[☐20, L0[]], Eii: L2[☐30, _5_s], put: L2[_6_s, _7_s] -> V0 -> V1 -> L2[_8_s, _9_s], tr: L7[]
[17:55:58.959012]	Exploring 0: L0[], 1: L0[], Ebi: L2[L7[], ☐15], Eib: L2[☐20, L0[]], Eii: L2[☐30, ☐35], put: L2[_6_s, _7_s] -> V0 -> V1 -> L2[_8_s, _9_s], tr: L7[]
[17:55:58.959134]	Exploring 0: L0[], 1: L0[], Ebi: L2[L7[], ☐15], Eib: L2[☐20, L0[]], Eii: L2[☐30, ☐35], put: L2[L7[], _7_s] -> V0 -> V1 -> L2[_8_s, _9_s], tr: L7[]
[17:55:58.959384]	Exploring 0: L0[], 1: L0[], Ebi: L2[L7[], ☐15], Eib: L2[☐20, L0[]], Eii: L2[☐30, ☐35], put: L2[V0, _7_s] -> V0 -> V1 -> L2[_8_s, _9_s], tr: L7[]
[17:55:58.959608]	Exploring 0: L0[], 1: L0[], Ebi: L2[L7[], ☐15], Eib: L2[☐20, L0[]], Eii: L2[☐30, ☐35], put: L2[V2, _7_s] -> V0 -> V1 -> L2[_8_s, _9_s], tr: L7[]
[17:55:58.959755]	Exploring 0: L0[], 1: L0[], Ebi: L2[L7[], ☐15], Eib: L2[☐20, L0[]], Eii: L2[☐30, L0[]], put: L2[_6_s, _7_s] -> V0 -> V1 -> L2[_8_s, _9_s], tr: L7[]
[17:55:58.959914]	Exploring 0: L0[], 1: L0[], Ebi: L2[L7[], ☐15], Eib: L2[☐20, L0[]], Eii: L2[☐30, L7[]], put: L2[_6_s, _7_s] -> V0 -> V1 -> L2[_8_s, _9_s], tr: L7[]
[17:55:58.960068]	Exploring 0: L0[], 1: L0[], Ebi: L2[L7[], ☐15], Eib: L2[☐20, L0[]], Eii: L2[L0[], _5_s], put: L2[_6_s, _7_s] -> V0 -> V1 -> L2[_8_s, _9_s], tr: L7[]
[17:55:58.960219]	Exploring 0: L0[], 1: L0[], Ebi: L2[L7[], ☐15], Eib: L2[☐20, L0[]], Eii: L2[L7[], _5_s], put: L2[_6_s, _7_s] -> V0 -> V1 -> L2[_8_s, _9_s], tr: L7[]
[17:55:58.960441]	Exploring 0: L0[], 1: L0[], Ebi: L2[L7[], ☐15], Eib: L2[☐20, L7[]], Eii: L2[_4_s, _5_s], put: L2[_6_s, _7_s] -> V0 -> V1 -> L2[_8_s, _9_s], tr: L7[]
[17:55:58.960552]	Exploring 0: L0[], 1: L0[], Ebi: L2[L7[], ☐15], Eib: L2[☐20, L7[]], Eii: L2[☐30, _5_s], put: L2[_6_s, _7_s] -> V0 -> V1 -> L2[_8_s, _9_s], tr: L7[]
[17:55:58.960656]	Exploring 0: L0[], 1: L0[], Ebi: L2[L7[], ☐15], Eib: L2[☐20, L7[]], Eii: L2[☐30, ☐35], put: L2[_6_s, _7_s] -> V0 -> V1 -> L2[_8_s, _9_s], tr: L7[]
[17:55:58.960832]	Exploring 0: L0[], 1: L0[], Ebi: L2[L7[], ☐15], Eib: L2[☐20, L7[]], Eii: L2[☐30, ☐35], put: L2[L7[], _7_s] -> V0 -> V1 -> L2[_8_s, _9_s], tr: L7[]
[17:55:58.961087]	Exploring 0: L0[], 1: L0[], Ebi: L2[L7[], ☐15], Eib: L2[☐20, L7[]], Eii: L2[☐30, ☐35], put: L2[V0, _7_s] -> V0 -> V1 -> L2[_8_s, _9_s], tr: L7[]
[17:55:58.961305]	Exploring 0: L0[], 1: L0[], Ebi: L2[L7[], ☐15], Eib: L2[☐20, L7[]], Eii: L2[☐30, ☐35], put: L2[V2, _7_s] -> V0 -> V1 -> L2[_8_s, _9_s], tr: L7[]
[17:55:58.961452]	Exploring 0: L0[], 1: L0[], Ebi: L2[L7[], ☐15], Eib: L2[☐20, L7[]], Eii: L2[☐30, L0[]], put: L2[_6_s, _7_s] -> V0 -> V1 -> L2[_8_s, _9_s], tr: L7[]
[17:55:58.961609]	Exploring 0: L0[], 1: L0[], Ebi: L2[L7[], ☐15], Eib: L2[☐20, L7[]], Eii: L2[☐30, L7[]], put: L2[_6_s, _7_s] -> V0 -> V1 -> L2[_8_s, _9_s], tr: L7[]
[17:55:58.961769]	Exploring 0: L0[], 1: L0[], Ebi: L2[L7[], ☐15], Eib: L2[☐20, L7[]], Eii: L2[L0[], _5_s], put: L2[_6_s, _7_s] -> V0 -> V1 -> L2[_8_s, _9_s], tr: L7[]
[17:55:58.961919]	Exploring 0: L0[], 1: L0[], Ebi: L2[L7[], ☐15], Eib: L2[☐20, L7[]], Eii: L2[L7[], _5_s], put: L2[_6_s, _7_s] -> V0 -> V1 -> L2[_8_s, _9_s], tr: L7[]
[17:55:58.962079]	Exploring 0: L0[], 1: L0[], Ebi: L2[L7[], ☐15], Eib: L2[L0[], _3_s], Eii: L2[_4_s, _5_s], put: L2[_6_s, _7_s] -> V0 -> V1 -> L2[_8_s, _9_s], tr: L7[]
[17:55:58.962238]	Exploring 0: L0[], 1: L0[], Ebi: L2[L7[], ☐15], Eib: L2[L0[], ☐25], Eii: L2[_4_s, _5_s], put: L2[_6_s, _7_s] -> V0 -> V1 -> L2[_8_s, _9_s], tr: L7[]
[17:55:58.962395]	Exploring 0: L0[], 1: L0[], Ebi: L2[L7[], ☐15], Eib: L2[L0[], ☐25], Eii: L2[☐30, _5_s], put: L2[_6_s, _7_s] -> V0 -> V1 -> L2[_8_s, _9_s], tr: L7[]
[17:55:58.962540]	Exploring 0: L0[], 1: L0[], Ebi: L2[L7[], ☐15], Eib: L2[L0[], ☐25], Eii: L2[☐30, ☐35], put: L2[_6_s, _7_s] -> V0 -> V1 -> L2[_8_s, _9_s], tr: L7[]
[17:55:58.962724]	Exploring 0: L0[], 1: L0[], Ebi: L2[L7[], ☐15], Eib: L2[L0[], ☐25], Eii: L2[☐30, ☐35], put: L2[V0, _7_s] -> V0 -> V1 -> L2[_8_s, _9_s], tr: L7[]
[17:55:58.963007]	Exploring 0: L0[], 1: L0[], Ebi: L2[L7[], ☐15], Eib: L2[L0[], ☐25], Eii: L2[☐30, ☐35], put: L2[V2, _7_s] -> V0 -> V1 -> L2[_8_s, _9_s], tr: L7[]
[17:55:58.963148]	Exploring 0: L0[], 1: L0[], Ebi: L2[L7[], ☐15], Eib: L2[L0[], ☐25], Eii: L2[☐30, L0[]], put: L2[_6_s, _7_s] -> V0 -> V1 -> L2[_8_s, _9_s], tr: L7[]
[17:55:58.963302]	Exploring 0: L0[], 1: L0[], Ebi: L2[L7[], ☐15], Eib: L2[L0[], ☐25], Eii: L2[☐30, L7[]], put: L2[_6_s, _7_s] -> V0 -> V1 -> L2[_8_s, _9_s], tr: L7[]
[17:55:58.963493]	Exploring 0: L0[], 1: L0[], Ebi: L2[L7[], ☐15], Eib: L2[L0[], ☐25], Eii: L2[L0[], _5_s], put: L2[_6_s, _7_s] -> V0 -> V1 -> L2[_8_s, _9_s], tr: L7[]
[17:55:58.963639]	Exploring 0: L0[], 1: L0[], Ebi: L2[L7[], ☐15], Eib: L2[L0[], ☐25], Eii: L2[L7[], _5_s], put: L2[_6_s, _7_s] -> V0 -> V1 -> L2[_8_s, _9_s], tr: L7[]
[17:55:58.963784]	Exploring 0: L0[], 1: L0[], Ebi: L2[L7[], ☐15], Eib: L2[L0[], L0[]], Eii: L2[_4_s, _5_s], put: L2[_6_s, _7_s] -> V0 -> V1 -> L2[_8_s, _9_s], tr: L7[]
[17:55:58.963957]	Exploring 0: L0[], 1: L0[], Ebi: L2[L7[], ☐15], Eib: L2[L0[], L7[]], Eii: L2[_4_s, _5_s], put: L2[_6_s, _7_s] -> V0 -> V1 -> L2[_8_s, _9_s], tr: L7[]
[17:55:58.964172]	Exploring 0: L0[], 1: L0[], Ebi: L2[L7[], ☐15], Eib: L2[L7[], _3_s], Eii: L2[_4_s, _5_s], put: L2[_6_s, _7_s] -> V0 -> V1 -> L2[_8_s, _9_s], tr: L7[]
[17:55:58.964316]	Exploring 0: L0[], 1: L0[], Ebi: L2[L7[], ☐15], Eib: L2[L7[], ☐25], Eii: L2[_4_s, _5_s], put: L2[_6_s, _7_s] -> V0 -> V1 -> L2[_8_s, _9_s], tr: L7[]
[17:55:58.964454]	Exploring 0: L0[], 1: L0[], Ebi: L2[L7[], ☐15], Eib: L2[L7[], ☐25], Eii: L2[☐30, _5_s], put: L2[_6_s, _7_s] -> V0 -> V1 -> L2[_8_s, _9_s], tr: L7[]
[17:55:58.964559]	Exploring 0: L0[], 1: L0[], Ebi: L2[L7[], ☐15], Eib: L2[L7[], ☐25], Eii: L2[☐30, ☐35], put: L2[_6_s, _7_s] -> V0 -> V1 -> L2[_8_s, _9_s], tr: L7[]
[17:55:58.964684]	Exploring 0: L0[], 1: L0[], Ebi: L2[L7[], ☐15], Eib: L2[L7[], ☐25], Eii: L2[☐30, ☐35], put: L2[L7[], _7_s] -> V0 -> V1 -> L2[_8_s, _9_s], tr: L7[]
[17:55:58.964911]	Exploring 0: L0[], 1: L0[], Ebi: L2[L7[], ☐15], Eib: L2[L7[], ☐25], Eii: L2[☐30, ☐35], put: L2[V2, _7_s] -> V0 -> V1 -> L2[_8_s, _9_s], tr: L7[]
[17:55:58.965056]	Exploring 0: L0[], 1: L0[], Ebi: L2[L7[], ☐15], Eib: L2[L7[], ☐25], Eii: L2[☐30, L0[]], put: L2[_6_s, _7_s] -> V0 -> V1 -> L2[_8_s, _9_s], tr: L7[]
[17:55:58.965218]	Exploring 0: L0[], 1: L0[], Ebi: L2[L7[], ☐15], Eib: L2[L7[], ☐25], Eii: L2[☐30, L7[]], put: L2[_6_s, _7_s] -> V0 -> V1 -> L2[_8_s, _9_s], tr: L7[]
[17:55:58.965387]	Exploring 0: L0[], 1: L0[], Ebi: L2[L7[], ☐15], Eib: L2[L7[], ☐25], Eii: L2[L0[], _5_s], put: L2[_6_s, _7_s] -> V0 -> V1 -> L2[_8_s, _9_s], tr: L7[]
[17:55:58.965537]	Exploring 0: L0[], 1: L0[], Ebi: L2[L7[], ☐15], Eib: L2[L7[], ☐25], Eii: L2[L7[], _5_s], put: L2[_6_s, _7_s] -> V0 -> V1 -> L2[_8_s, _9_s], tr: L7[]
[17:55:58.965755]	Exploring 0: L0[], 1: L0[], Ebi: L2[L7[], ☐15], Eib: L2[L7[], L0[]], Eii: L2[_4_s, _5_s], put: L2[_6_s, _7_s] -> V0 -> V1 -> L2[_8_s, _9_s], tr: L7[]
[17:55:58.965991]	Exploring 0: L0[], 1: L0[], Ebi: L2[L7[], ☐15], Eib: L2[L7[], L7[]], Eii: L2[_4_s, _5_s], put: L2[_6_s, _7_s] -> V0 -> V1 -> L2[_8_s, _9_s], tr: L7[]
[17:55:58.966152]	Exploring 0: L0[], 1: L0[], Ebi: L2[L7[], L0[]], Eib: L2[_2_s, _3_s], Eii: L2[_4_s, _5_s], put: L2[_6_s, _7_s] -> V0 -> V1 -> L2[_8_s, _9_s], tr: L7[]
[17:55:58.966319]	Exploring 0: L0[], 1: L0[], Ebi: L2[L7[], L0[]], Eib: L2[☐20, _3_s], Eii: L2[_4_s, _5_s], put: L2[_6_s, _7_s] -> V0 -> V1 -> L2[_8_s, _9_s], tr: L7[]
[17:55:58.966465]	Exploring 0: L0[], 1: L0[], Ebi: L2[L7[], L0[]], Eib: L2[☐20, ☐25], Eii: L2[_4_s, _5_s], put: L2[_6_s, _7_s] -> V0 -> V1 -> L2[_8_s, _9_s], tr: L7[]
[17:55:58.966572]	Exploring 0: L0[], 1: L0[], Ebi: L2[L7[], L0[]], Eib: L2[☐20, ☐25], Eii: L2[☐30, _5_s], put: L2[_6_s, _7_s] -> V0 -> V1 -> L2[_8_s, _9_s], tr: L7[]
[17:55:58.966676]	Exploring 0: L0[], 1: L0[], Ebi: L2[L7[], L0[]], Eib: L2[☐20, ☐25], Eii: L2[☐30, ☐35], put: L2[_6_s, _7_s] -> V0 -> V1 -> L2[_8_s, _9_s], tr: L7[]
[17:55:58.966832]	Exploring 0: L0[], 1: L0[], Ebi: L2[L7[], L0[]], Eib: L2[☐20, ☐25], Eii: L2[☐30, ☐35], put: L2[L7[], _7_s] -> V0 -> V1 -> L2[_8_s, _9_s], tr: L7[]
[17:55:58.967034]	Exploring 0: L0[], 1: L0[], Ebi: L2[L7[], L0[]], Eib: L2[☐20, ☐25], Eii: L2[☐30, ☐35], put: L2[V0, _7_s] -> V0 -> V1 -> L2[_8_s, _9_s], tr: L7[]
[17:55:58.967244]	Exploring 0: L0[], 1: L0[], Ebi: L2[L7[], L0[]], Eib: L2[☐20, ☐25], Eii: L2[☐30, ☐35], put: L2[V2, _7_s] -> V0 -> V1 -> L2[_8_s, _9_s], tr: L7[]
[17:55:58.967441]	Exploring 0: L0[], 1: L0[], Ebi: L2[L7[], L0[]], Eib: L2[☐20, ☐25], Eii: L2[☐30, L0[]], put: L2[_6_s, _7_s] -> V0 -> V1 -> L2[_8_s, _9_s], tr: L7[]
[17:55:58.967614]	Exploring 0: L0[], 1: L0[], Ebi: L2[L7[], L0[]], Eib: L2[☐20, ☐25], Eii: L2[☐30, L7[]], put: L2[_6_s, _7_s] -> V0 -> V1 -> L2[_8_s, _9_s], tr: L7[]
[17:55:58.967789]	Exploring 0: L0[], 1: L0[], Ebi: L2[L7[], L0[]], Eib: L2[☐20, ☐25], Eii: L2[L0[], _5_s], put: L2[_6_s, _7_s] -> V0 -> V1 -> L2[_8_s, _9_s], tr: L7[]
[17:55:58.967944]	Exploring 0: L0[], 1: L0[], Ebi: L2[L7[], L0[]], Eib: L2[☐20, ☐25], Eii: L2[L7[], _5_s], put: L2[_6_s, _7_s] -> V0 -> V1 -> L2[_8_s, _9_s], tr: L7[]
[17:55:58.968109]	Exploring 0: L0[], 1: L0[], Ebi: L2[L7[], L0[]], Eib: L2[☐20, L0[]], Eii: L2[_4_s, _5_s], put: L2[_6_s, _7_s] -> V0 -> V1 -> L2[_8_s, _9_s], tr: L7[]
[17:55:58.968291]	Exploring 0: L0[], 1: L0[], Ebi: L2[L7[], L0[]], Eib: L2[☐20, L7[]], Eii: L2[_4_s, _5_s], put: L2[_6_s, _7_s] -> V0 -> V1 -> L2[_8_s, _9_s], tr: L7[]
[17:55:58.968448]	Exploring 0: L0[], 1: L0[], Ebi: L2[L7[], L0[]], Eib: L2[L0[], _3_s], Eii: L2[_4_s, _5_s], put: L2[_6_s, _7_s] -> V0 -> V1 -> L2[_8_s, _9_s], tr: L7[]
[17:55:58.968581]	Exploring 0: L0[], 1: L0[], Ebi: L2[L7[], L0[]], Eib: L2[L7[], _3_s], Eii: L2[_4_s, _5_s], put: L2[_6_s, _7_s] -> V0 -> V1 -> L2[_8_s, _9_s], tr: L7[]
[17:55:58.968716]	Exploring 0: L0[], 1: L0[], Ebi: L2[L7[], L7[]], Eib: L2[_2_s, _3_s], Eii: L2[_4_s, _5_s], put: L2[_6_s, _7_s] -> V0 -> V1 -> L2[_8_s, _9_s], tr: L7[]
[17:55:58.968808]	Exploring 0: L0[], 1: L0[], Ebi: L2[L7[], L7[]], Eib: L2[☐20, _3_s], Eii: L2[_4_s, _5_s], put: L2[_6_s, _7_s] -> V0 -> V1 -> L2[_8_s, _9_s], tr: L7[]
[17:55:58.968893]	Exploring 0: L0[], 1: L0[], Ebi: L2[L7[], L7[]], Eib: L2[☐20, ☐25], Eii: L2[_4_s, _5_s], put: L2[_6_s, _7_s] -> V0 -> V1 -> L2[_8_s, _9_s], tr: L7[]
[17:55:58.968981]	Exploring 0: L0[], 1: L0[], Ebi: L2[L7[], L7[]], Eib: L2[☐20, ☐25], Eii: L2[☐30, _5_s], put: L2[_6_s, _7_s] -> V0 -> V1 -> L2[_8_s, _9_s], tr: L7[]
[17:55:58.969064]	Exploring 0: L0[], 1: L0[], Ebi: L2[L7[], L7[]], Eib: L2[☐20, ☐25], Eii: L2[☐30, ☐35], put: L2[_6_s, _7_s] -> V0 -> V1 -> L2[_8_s, _9_s], tr: L7[]
[17:55:58.969175]	Exploring 0: L0[], 1: L0[], Ebi: L2[L7[], L7[]], Eib: L2[☐20, ☐25], Eii: L2[☐30, ☐35], put: L2[L7[], _7_s] -> V0 -> V1 -> L2[_8_s, _9_s], tr: L7[]
[17:55:58.969362]	Exploring 0: L0[], 1: L0[], Ebi: L2[L7[], L7[]], Eib: L2[☐20, ☐25], Eii: L2[☐30, ☐35], put: L2[V0, _7_s] -> V0 -> V1 -> L2[_8_s, _9_s], tr: L7[]
[17:55:58.969564]	Exploring 0: L0[], 1: L0[], Ebi: L2[L7[], L7[]], Eib: L2[☐20, ☐25], Eii: L2[☐30, ☐35], put: L2[V2, _7_s] -> V0 -> V1 -> L2[_8_s, _9_s], tr: L7[]
[17:55:58.969709]	Exploring 0: L0[], 1: L0[], Ebi: L2[L7[], L7[]], Eib: L2[☐20, ☐25], Eii: L2[☐30, L0[]], put: L2[_6_s, _7_s] -> V0 -> V1 -> L2[_8_s, _9_s], tr: L7[]
[17:55:58.969871]	Exploring 0: L0[], 1: L0[], Ebi: L2[L7[], L7[]], Eib: L2[☐20, ☐25], Eii: L2[☐30, L7[]], put: L2[_6_s, _7_s] -> V0 -> V1 -> L2[_8_s, _9_s], tr: L7[]
[17:55:58.970027]	Exploring 0: L0[], 1: L0[], Ebi: L2[L7[], L7[]], Eib: L2[☐20, ☐25], Eii: L2[L0[], _5_s], put: L2[_6_s, _7_s] -> V0 -> V1 -> L2[_8_s, _9_s], tr: L7[]
[17:55:58.970175]	Exploring 0: L0[], 1: L0[], Ebi: L2[L7[], L7[]], Eib: L2[☐20, ☐25], Eii: L2[L7[], _5_s], put: L2[_6_s, _7_s] -> V0 -> V1 -> L2[_8_s, _9_s], tr: L7[]
[17:55:58.970332]	Exploring 0: L0[], 1: L0[], Ebi: L2[L7[], L7[]], Eib: L2[☐20, L0[]], Eii: L2[_4_s, _5_s], put: L2[_6_s, _7_s] -> V0 -> V1 -> L2[_8_s, _9_s], tr: L7[]
[17:55:58.970481]	Exploring 0: L0[], 1: L0[], Ebi: L2[L7[], L7[]], Eib: L2[☐20, L7[]], Eii: L2[_4_s, _5_s], put: L2[_6_s, _7_s] -> V0 -> V1 -> L2[_8_s, _9_s], tr: L7[]
[17:55:58.970624]	Exploring 0: L0[], 1: L0[], Ebi: L2[L7[], L7[]], Eib: L2[L0[], _3_s], Eii: L2[_4_s, _5_s], put: L2[_6_s, _7_s] -> V0 -> V1 -> L2[_8_s, _9_s], tr: L7[]
[17:55:58.970763]	Exploring 0: L0[], 1: L0[], Ebi: L2[L7[], L7[]], Eib: L2[L7[], _3_s], Eii: L2[_4_s, _5_s], put: L2[_6_s, _7_s] -> V0 -> V1 -> L2[_8_s, _9_s], tr: L7[]
[17:55:58.970905]	END Size 3 : 415 ms
[17:55:58.970948]	STOPPED AT SIZE 3
[17:55:58.970976]	END Depth 2 : 646 ms
[17:55:58.970998]	STOPPED AT DEPTH 2
[17:55:58.971028]	END Concrete search : 647 ms
[17:55:58.971260]	Counts:
Cands under 0: L, 1: L, Ebi: L, Eib: L, Eii: L, put: _1_ -> _2_, tr: L=37
Fast forwarded for 0: L, 1: L, Ebi: L, Eib: L, Eii: L, put: _1_ -> _2_, tr: L=16
Cands under 0: L, 1: L, Ebi: L, Eib: L, Eii: L, put: V_7_ -> V_8_ -> V_9_ -> V_10_, tr: L=24
Fast forwarded for 0: L, 1: L, Ebi: L, Eib: L, Eii: L, put: V_7_ -> V_8_ -> V_9_ -> V_10_, tr: L=15
Cands under 0: L, 1: L, Ebi: L, Eib: L, Eii: L, put: V_11_ -> V_12_ -> V_13_ -> L, tr: L=9
Fast forwarded for 0: L, 1: L, Ebi: L, Eib: L, Eii: L, put: V_11_ -> V_12_ -> V_13_ -> L, tr: L=5
Cands under 0: L, 1: L, Ebi: L, Eib: L, Eii: L, put: V_14_ -> V_15_ -> L -> V_16_, tr: L=9
Fast forwarded for 0: L, 1: L, Ebi: L, Eib: L, Eii: L, put: V_14_ -> V_15_ -> L -> V_16_, tr: L=5
Cands under 0: L, 1: L, Ebi: L, Eib: L, Eii: L, put: V_17_ -> V_18_ -> L -> L, tr: L=4
Fast forwarded for 0: L, 1: L, Ebi: L, Eib: L, Eii: L, put: V_17_ -> V_18_ -> L -> L, tr: L=2
Cands under 0: L, 1: L, Ebi: L, Eib: L, Eii: L, put: V_19_ -> L -> V_20_ -> V_21_, tr: L=9
Fast forwarded for 0: L, 1: L, Ebi: L, Eib: L, Eii: L, put: V_19_ -> L -> V_20_ -> V_21_, tr: L=5
Cands under 0: L, 1: L, Ebi: L, Eib: L, Eii: L, put: V_22_ -> L -> V_23_ -> L, tr: L=4
Fast forwarded for 0: L, 1: L, Ebi: L, Eib: L, Eii: L, put: V_22_ -> L -> V_23_ -> L, tr: L=2
Cands under 0: L, 1: L, Ebi: L, Eib: L, Eii: L, put: V_24_ -> L -> L -> V_25_, tr: L=4
Fast forwarded for 0: L, 1: L, Ebi: L, Eib: L, Eii: L, put: V_24_ -> L -> L -> V_25_, tr: L=2
Cands under 0: L, 1: L, Ebi: L, Eib: L, Eii: L, put: V_26_ -> L -> L -> L, tr: L=2
Fast forwarded for 0: L, 1: L, Ebi: L, Eib: L, Eii: L, put: V_26_ -> L -> L -> L, tr: L=1
Cands under 0: L, 1: L, Ebi: L, Eib: L, Eii: L, put: L -> V_27_ -> V_28_ -> V_29_, tr: L=9
Fast forwarded for 0: L, 1: L, Ebi: L, Eib: L, Eii: L, put: L -> V_27_ -> V_28_ -> V_29_, tr: L=5
Cands under 0: L, 1: L, Ebi: L, Eib: L, Eii: L, put: L -> V_30_ -> V_31_ -> L, tr: L=4
Fast forwarded for 0: L, 1: L, Ebi: L, Eib: L, Eii: L, put: L -> V_30_ -> V_31_ -> L, tr: L=2
Cands under 0: L, 1: L, Ebi: L, Eib: L, Eii: L, put: L -> V_32_ -> L -> V_33_, tr: L=4
Fast forwarded for 0: L, 1: L, Ebi: L, Eib: L, Eii: L, put: L -> V_32_ -> L -> V_33_, tr: L=2
Cands under 0: L, 1: L, Ebi: L, Eib: L, Eii: L, put: L -> V_34_ -> L -> L, tr: L=2
Fast forwarded for 0: L, 1: L, Ebi: L, Eib: L, Eii: L, put: L -> V_34_ -> L -> L, tr: L=1
Cands under 0: L, 1: L, Ebi: L, Eib: L, Eii: L, put: L -> L -> V_35_ -> V_36_, tr: L=4
Fast forwarded for 0: L, 1: L, Ebi: L, Eib: L, Eii: L, put: L -> L -> V_35_ -> V_36_, tr: L=2
Cands under 0: L, 1: L, Ebi: L, Eib: L, Eii: L, put: L -> L -> V_37_ -> L, tr: L=2
Fast forwarded for 0: L, 1: L, Ebi: L, Eib: L, Eii: L, put: L -> L -> V_37_ -> L, tr: L=1
Cands under 0: L, 1: L, Ebi: L, Eib: L, Eii: L, put: L -> L -> L -> V_38_, tr: L=2
Fast forwarded for 0: L, 1: L, Ebi: L, Eib: L, Eii: L, put: L -> L -> L -> V_38_, tr: L=1
Cands under 0: L, 1: L, Ebi: L, Eib: L, Eii: L, put: L -> L -> L -> L, tr: L=1
Fast forwarded for 0: L, 1: L, Ebi: L, Eib: L, Eii: L, put: L -> L -> L -> L, tr: L=1
Cands under 0: L0[], 1: L0[], Ebi: L2[_0_s, _1_s], Eib: L2[_2_s, _3_s], Eii: L2[_4_s, _5_s], put: L2[_6_s, _7_s] -> V0 -> V1 -> L2[_8_s, _9_s], tr: L7[]=1749
Hit size bound under 0: L0[], 1: L0[], Ebi: L2[_0_s, _1_s], Eib: L2[_2_s, _3_s], Eii: L2[_4_s, _5_s], put: L2[_6_s, _7_s] -> V0 -> V1 -> L2[_8_s, _9_s], tr: L7[]=963
Fast forwarded for 0: L0[], 1: L0[], Ebi: L2[_0_s, _1_s], Eib: L2[_2_s, _3_s], Eii: L2[_4_s, _5_s], put: L2[_6_s, _7_s] -> V0 -> V1 -> L2[_8_s, _9_s], tr: L7[]=120
[17:55:58.971306]	Total time: 4062 ms
