dictchain
Search strategy: fun `<init>`(query.Examples, kotlin.Boolean, kotlin.Boolean, kotlin.Int, kotlin.Int, util.Logger): oneast.searchstrategies.DFSEnumerator
Size bound: 20
Depth bound: 4
Names per round: 10
Searching for 1 solutions
=====

[13:37:47.692]	Current query: {b=.L, chain=_ -> _, dbb=.L, dbi=.L, dib=.L, dii=.L, i=.L, put=_ -> _}
[13:37:47.692]	BEG Depth 0 outlining [b, chain, dbb, dbi, dib, dii, i, put]
[13:37:47.692]	BEG Initial outlines
[13:37:47.758]	END Initial outlines : 66 ms
[13:37:47.758]	Counts:
Total candidates=1311
[13:37:47.758]	Elapsed time: 69 ms
[13:37:47.821]	Seeds before label arities: 714
{b=L0[], chain=V0 -> V0 -> V0, dbb=L0[], dbi=L0[], dib=L0[], dii=L0[], i=L0[], put=V0 -> V0 -> V0 -> V0}
{b=L0[], chain=V0 -> V0 -> V0, dbb=L0[], dbi=L0[], dib=L0[], dii=L0[], i=L0[], put=V0 -> V0 -> V1 -> V0}
{b=L0[], chain=V0 -> V0 -> V0, dbb=L0[], dbi=L0[], dib=L0[], dii=L0[], i=L0[], put=V0 -> V0 -> L0[] -> V0}
{b=L0[], chain=V0 -> V0 -> V0, dbb=L0[], dbi=L0[], dib=L0[], dii=L0[], i=L0[], put=V0 -> V1 -> V0 -> V0}
{b=L0[], chain=V0 -> V0 -> V0, dbb=L1[], dbi=L1[], dib=L1[], dii=L1[], i=L0[], put=V0 -> V1 -> V1 -> V0}
{b=L0[], chain=V0 -> V0 -> V0, dbb=L1[], dbi=L1[], dib=L1[], dii=L1[], i=L2[], put=V0 -> V1 -> V2 -> V0}
{b=L0[], chain=V0 -> V0 -> V0, dbb=L1[], dbi=L1[], dib=L1[], dii=L1[], i=L0[], put=V0 -> V1 -> L0[] -> V0}
{b=L0[], chain=V0 -> V0 -> V0, dbb=L0[], dbi=L0[], dib=L0[], dii=L0[], i=L0[], put=V0 -> L0[] -> V0 -> V0}
{b=L0[], chain=V0 -> V0 -> V0, dbb=L1[], dbi=L1[], dib=L1[], dii=L1[], i=L0[], put=V0 -> L0[] -> V1 -> V0}
{b=L0[], chain=V0 -> V0 -> V0, dbb=L1[], dbi=L1[], dib=L1[], dii=L1[], i=L0[], put=V0 -> L0[] -> L0[] -> V0}
{b=L0[], chain=V0 -> V0 -> V0, dbb=L0[], dbi=L0[], dib=L0[], dii=L0[], i=L0[], put=V1 -> V0 -> V0 -> V0}
{b=L0[], chain=V0 -> V0 -> V0, dbb=L0[], dbi=L0[], dib=L0[], dii=L0[], i=L0[], put=V1 -> V0 -> V1 -> V0}
{b=L0[], chain=V0 -> V0 -> V0, dbb=L0[], dbi=L0[], dib=L0[], dii=L0[], i=L0[], put=V1 -> V0 -> V2 -> V0}
{b=L0[], chain=V0 -> V0 -> V0, dbb=L0[], dbi=L0[], dib=L0[], dii=L0[], i=L0[], put=V1 -> V0 -> L0[] -> V0}
{b=L0[], chain=V0 -> V0 -> V0, dbb=L0[], dbi=L0[], dib=L0[], dii=L0[], i=L0[], put=V1 -> V1 -> V0 -> V0}
{b=L0[], chain=V0 -> V0 -> V0, dbb=L0[], dbi=L0[], dib=L0[], dii=L0[], i=L0[], put=V1 -> V1 -> L0[] -> V0}
{b=L0[], chain=V0 -> V0 -> V0, dbb=L0[], dbi=L0[], dib=L0[], dii=L0[], i=L0[], put=V1 -> V2 -> V0 -> V0}
{b=L0[], chain=V0 -> V0 -> V0, dbb=L1[], dbi=L1[], dib=L1[], dii=L1[], i=L0[], put=V1 -> V2 -> L0[] -> V0}
{b=L0[], chain=V0 -> V0 -> V0, dbb=L0[], dbi=L0[], dib=L0[], dii=L0[], i=L0[], put=V1 -> L0[] -> V0 -> V0}
{b=L0[], chain=V0 -> V0 -> V0, dbb=L0[], dbi=L0[], dib=L0[], dii=L0[], i=L0[], put=V1 -> L0[] -> V1 -> V0}
{b=L0[], chain=V0 -> V0 -> V0, dbb=L1[], dbi=L1[], dib=L1[], dii=L1[], i=L0[], put=V1 -> L0[] -> V2 -> V0}
{b=L0[], chain=V0 -> V0 -> V0, dbb=L1[], dbi=L1[], dib=L1[], dii=L1[], i=L0[], put=V1 -> L0[] -> L0[] -> V0}
{b=L0[], chain=V0 -> V0 -> V0, dbb=L0[], dbi=L0[], dib=L0[], dii=L0[], i=L0[], put=L0[] -> V0 -> V0 -> V0}
{b=L0[], chain=V0 -> V0 -> V0, dbb=L0[], dbi=L0[], dib=L0[], dii=L0[], i=L0[], put=L0[] -> V0 -> V1 -> V0}
{b=L0[], chain=V0 -> V0 -> V0, dbb=L0[], dbi=L0[], dib=L0[], dii=L0[], i=L0[], put=L0[] -> V0 -> L0[] -> V0}
{b=L0[], chain=V0 -> V0 -> V0, dbb=L0[], dbi=L0[], dib=L0[], dii=L0[], i=L0[], put=L0[] -> V1 -> V0 -> V0}
{b=L0[], chain=V0 -> V0 -> V0, dbb=L1[], dbi=L1[], dib=L1[], dii=L1[], i=L0[], put=L1[] -> V1 -> V1 -> V0}
{b=L0[], chain=V0 -> V0 -> V0, dbb=L1[], dbi=L1[], dib=L1[], dii=L1[], i=L2[], put=L1[] -> V1 -> V2 -> V0}
{b=L0[], chain=V0 -> V0 -> V0, dbb=L1[], dbi=L1[], dib=L1[], dii=L1[], i=L0[], put=L1[] -> V1 -> L0[] -> V0}
{b=L0[], chain=V0 -> V0 -> V0, dbb=L0[], dbi=L0[], dib=L0[], dii=L0[], i=L0[], put=L0[] -> L0[] -> V0 -> V0}
{b=L0[], chain=V0 -> V0 -> V0, dbb=L1[], dbi=L1[], dib=L1[], dii=L1[], i=L0[], put=L1[] -> L0[] -> V1 -> V0}
{b=L0[], chain=V0 -> V0 -> V0, dbb=L1[], dbi=L1[], dib=L1[], dii=L1[], i=L0[], put=L1[] -> L0[] -> L0[] -> V0}
{b=L0[], chain=V0 -> V1 -> V0, dbb=L0[], dbi=L0[], dib=L0[], dii=L0[], i=L0[], put=V0 -> V0 -> V0 -> V0}
{b=L0[], chain=V0 -> V1 -> V0, dbb=L0[], dbi=L0[], dib=L1[], dii=L1[], i=L1[], put=V0 -> V0 -> V1 -> V0}
{b=L0[], chain=V0 -> V1 -> V0, dbb=L0[], dbi=L0[], dib=L0[], dii=L0[], i=L0[], put=V0 -> V0 -> L0[] -> V0}
{b=L0[], chain=V0 -> V1 -> V0, dbb=L0[], dbi=L0[], dib=L0[], dii=L0[], i=L0[], put=V0 -> V1 -> V0 -> V0}
{b=L0[], chain=V0 -> V1 -> V0, dbb=L1[], dbi=L2[], dib=L3[], dii=L4[], i=L0[], put=V0 -> V1 -> V1 -> V0}
{b=L0[], chain=V0 -> V1 -> V0, dbb=L1[], dbi=L2[], dib=L3[], dii=L4[], i=L5[], put=V0 -> V1 -> V2 -> V0}
{b=L0[], chain=V0 -> V1 -> V0, dbb=L1[], dbi=L2[], dib=L3[], dii=L4[], i=L0[], put=V0 -> V1 -> L0[] -> V0}
{b=L0[], chain=V0 -> V1 -> V0, dbb=L0[], dbi=L0[], dib=L0[], dii=L0[], i=L0[], put=V0 -> L0[] -> V0 -> V0}
{b=L0[], chain=V0 -> V1 -> V0, dbb=L1[], dbi=L2[], dib=L3[], dii=L4[], i=L0[], put=V0 -> L0[] -> V1 -> V0}
{b=L0[], chain=V0 -> V1 -> V0, dbb=L1[], dbi=L2[], dib=L3[], dii=L4[], i=L0[], put=V0 -> L0[] -> L0[] -> V0}
{b=L0[], chain=V0 -> V1 -> V0, dbb=L1[], dbi=L2[], dib=L3[], dii=L4[], i=L0[], put=V1 -> V0 -> V0 -> V0}
{b=L0[], chain=V0 -> V1 -> V0, dbb=L0[], dbi=L0[], dib=L0[], dii=L0[], i=L0[], put=V1 -> V0 -> V1 -> V0}
{b=L0[], chain=V0 -> V1 -> V0, dbb=L1[], dbi=L2[], dib=L3[], dii=L4[], i=L5[], put=V1 -> V0 -> V2 -> V0}
{b=L0[], chain=V0 -> V1 -> V0, dbb=L1[], dbi=L2[], dib=L3[], dii=L4[], i=L0[], put=V1 -> V0 -> L0[] -> V0}
{b=L0[], chain=V0 -> V1 -> V0, dbb=L0[], dbi=L0[], dib=L0[], dii=L0[], i=L0[], put=V1 -> V1 -> V0 -> V0}
{b=L0[], chain=V0 -> V1 -> V0, dbb=L0[], dbi=L0[], dib=L0[], dii=L0[], i=L0[], put=V1 -> V1 -> L0[] -> V0}
{b=L0[], chain=V0 -> V1 -> V0, dbb=L1[], dbi=L2[], dib=L3[], dii=L4[], i=L5[], put=V1 -> V2 -> V0 -> V0}
{b=L0[], chain=V0 -> V1 -> V0, dbb=L1[], dbi=L2[], dib=L3[], dii=L4[], i=L0[], put=V1 -> V2 -> L0[] -> V0}
{b=L0[], chain=V0 -> V1 -> V0, dbb=L1[], dbi=L2[], dib=L3[], dii=L4[], i=L0[], put=V1 -> L0[] -> V0 -> V0}
{b=L0[], chain=V0 -> V1 -> V0, dbb=L0[], dbi=L0[], dib=L0[], dii=L0[], i=L0[], put=V1 -> L0[] -> V1 -> V0}
{b=L0[], chain=V0 -> V1 -> V0, dbb=L1[], dbi=L2[], dib=L3[], dii=L4[], i=L0[], put=V1 -> L0[] -> V2 -> V0}
{b=L0[], chain=V0 -> V1 -> V0, dbb=L1[], dbi=L2[], dib=L3[], dii=L4[], i=L0[], put=V1 -> L0[] -> L0[] -> V0}
{b=L0[], chain=V0 -> V1 -> V0, dbb=L0[], dbi=L0[], dib=L0[], dii=L0[], i=L0[], put=L0[] -> V0 -> V0 -> V0}
{b=L0[], chain=V0 -> V1 -> V0, dbb=L1[], dbi=L1[], dib=L1[], dii=L1[], i=L1[], put=L1[] -> V0 -> V1 -> V0}
{b=L0[], chain=V0 -> V1 -> V0, dbb=L0[], dbi=L0[], dib=L0[], dii=L0[], i=L0[], put=L0[] -> V0 -> L0[] -> V0}
{b=L0[], chain=V0 -> V1 -> V0, dbb=L0[], dbi=L0[], dib=L0[], dii=L0[], i=L1[], put=L0[] -> V1 -> V0 -> V0}
{b=L0[], chain=V0 -> V1 -> V0, dbb=L1[], dbi=L1[], dib=L1[], dii=L1[], i=L0[], put=L1[] -> V1 -> V1 -> V0}
{b=L0[], chain=V0 -> V1 -> V0, dbb=L1[], dbi=L1[], dib=L1[], dii=L1[], i=L2[], put=L1[] -> V1 -> V2 -> V0}
{b=L0[], chain=V0 -> V1 -> V0, dbb=L1[], dbi=L1[], dib=L1[], dii=L1[], i=L0[], put=L1[] -> V1 -> L0[] -> V0}
{b=L0[], chain=V0 -> V1 -> V0, dbb=L0[], dbi=L0[], dib=L0[], dii=L0[], i=L0[], put=L0[] -> L0[] -> V0 -> V0}
{b=L0[], chain=V0 -> V1 -> V0, dbb=L1[], dbi=L1[], dib=L1[], dii=L1[], i=L0[], put=L1[] -> L0[] -> V1 -> V0}
{b=L0[], chain=V0 -> V1 -> V0, dbb=L1[], dbi=L1[], dib=L1[], dii=L1[], i=L0[], put=L1[] -> L0[] -> L0[] -> V0}
{b=L0[], chain=V0 -> L0[] -> V0, dbb=L0[], dbi=L0[], dib=L0[], dii=L0[], i=L0[], put=V0 -> V0 -> V0 -> V0}
{b=L0[], chain=V0 -> L0[] -> V0, dbb=L0[], dbi=L0[], dib=L0[], dii=L0[], i=L0[], put=V0 -> V0 -> V1 -> V0}
{b=L0[], chain=V0 -> L0[] -> V0, dbb=L0[], dbi=L0[], dib=L0[], dii=L0[], i=L0[], put=V0 -> V0 -> L0[] -> V0}
{b=L0[], chain=V0 -> L0[] -> V0, dbb=L0[], dbi=L0[], dib=L0[], dii=L0[], i=L0[], put=V0 -> V1 -> V0 -> V0}
{b=L0[], chain=V0 -> L1[] -> V0, dbb=L1[], dbi=L1[], dib=L1[], dii=L1[], i=L0[], put=V0 -> V1 -> V1 -> V0}
{b=L0[], chain=V0 -> L1[] -> V0, dbb=L1[], dbi=L1[], dib=L1[], dii=L1[], i=L2[], put=V0 -> V1 -> V2 -> V0}
{b=L0[], chain=V0 -> L1[] -> V0, dbb=L1[], dbi=L1[], dib=L1[], dii=L1[], i=L0[], put=V0 -> V1 -> L0[] -> V0}
{b=L0[], chain=V0 -> L0[] -> V0, dbb=L0[], dbi=L0[], dib=L0[], dii=L0[], i=L0[], put=V0 -> L0[] -> V0 -> V0}
{b=L0[], chain=V0 -> L1[] -> V0, dbb=L1[], dbi=L1[], dib=L1[], dii=L1[], i=L0[], put=V0 -> L0[] -> V1 -> V0}
{b=L0[], chain=V0 -> L1[] -> V0, dbb=L1[], dbi=L1[], dib=L1[], dii=L1[], i=L0[], put=V0 -> L0[] -> L0[] -> V0}
{b=L0[], chain=V0 -> L0[] -> V0, dbb=L0[], dbi=L0[], dib=L0[], dii=L0[], i=L0[], put=V1 -> V0 -> V0 -> V0}
{b=L0[], chain=V0 -> L0[] -> V0, dbb=L0[], dbi=L0[], dib=L0[], dii=L0[], i=L0[], put=V1 -> V0 -> V1 -> V0}
{b=L0[], chain=V0 -> L0[] -> V0, dbb=L0[], dbi=L0[], dib=L0[], dii=L0[], i=L0[], put=V1 -> V0 -> V2 -> V0}
{b=L0[], chain=V0 -> L0[] -> V0, dbb=L0[], dbi=L0[], dib=L0[], dii=L0[], i=L0[], put=V1 -> V0 -> L0[] -> V0}
{b=L0[], chain=V0 -> L0[] -> V0, dbb=L0[], dbi=L0[], dib=L0[], dii=L0[], i=L0[], put=V1 -> V1 -> V0 -> V0}
{b=L0[], chain=V0 -> L0[] -> V0, dbb=L0[], dbi=L0[], dib=L0[], dii=L0[], i=L0[], put=V1 -> V1 -> L0[] -> V0}
{b=L0[], chain=V0 -> L0[] -> V0, dbb=L0[], dbi=L0[], dib=L0[], dii=L0[], i=L0[], put=V1 -> V2 -> V0 -> V0}
{b=L0[], chain=V0 -> L1[] -> V0, dbb=L1[], dbi=L1[], dib=L1[], dii=L1[], i=L0[], put=V1 -> V2 -> L0[] -> V0}
{b=L0[], chain=V0 -> L0[] -> V0, dbb=L0[], dbi=L0[], dib=L0[], dii=L0[], i=L0[], put=V1 -> L0[] -> V0 -> V0}
{b=L0[], chain=V0 -> L0[] -> V0, dbb=L0[], dbi=L0[], dib=L0[], dii=L0[], i=L0[], put=V1 -> L0[] -> V1 -> V0}
{b=L0[], chain=V0 -> L1[] -> V0, dbb=L1[], dbi=L1[], dib=L1[], dii=L1[], i=L0[], put=V1 -> L0[] -> V2 -> V0}
{b=L0[], chain=V0 -> L1[] -> V0, dbb=L1[], dbi=L1[], dib=L1[], dii=L1[], i=L0[], put=V1 -> L0[] -> L0[] -> V0}
{b=L0[], chain=V0 -> L0[] -> V0, dbb=L0[], dbi=L0[], dib=L0[], dii=L0[], i=L0[], put=L0[] -> V0 -> V0 -> V0}
{b=L0[], chain=V0 -> L0[] -> V0, dbb=L0[], dbi=L0[], dib=L0[], dii=L0[], i=L0[], put=L0[] -> V0 -> V1 -> V0}
{b=L0[], chain=V0 -> L0[] -> V0, dbb=L0[], dbi=L0[], dib=L0[], dii=L0[], i=L0[], put=L0[] -> V0 -> L0[] -> V0}
{b=L0[], chain=V0 -> L0[] -> V0, dbb=L0[], dbi=L0[], dib=L0[], dii=L0[], i=L0[], put=L0[] -> V1 -> V0 -> V0}
{b=L0[], chain=V0 -> L1[] -> V0, dbb=L1[], dbi=L1[], dib=L1[], dii=L1[], i=L0[], put=L1[] -> V1 -> V1 -> V0}
{b=L0[], chain=V0 -> L1[] -> V0, dbb=L1[], dbi=L1[], dib=L1[], dii=L1[], i=L2[], put=L1[] -> V1 -> V2 -> V0}
{b=L0[], chain=V0 -> L1[] -> V0, dbb=L1[], dbi=L1[], dib=L1[], dii=L1[], i=L0[], put=L1[] -> V1 -> L0[] -> V0}
{b=L0[], chain=V0 -> L0[] -> V0, dbb=L0[], dbi=L0[], dib=L0[], dii=L0[], i=L0[], put=L0[] -> L0[] -> V0 -> V0}
{b=L0[], chain=V0 -> L1[] -> V0, dbb=L1[], dbi=L1[], dib=L1[], dii=L1[], i=L0[], put=L1[] -> L0[] -> V1 -> V0}
{b=L0[], chain=V0 -> L1[] -> V0, dbb=L1[], dbi=L1[], dib=L1[], dii=L1[], i=L0[], put=L1[] -> L0[] -> L0[] -> V0}
{b=L0[], chain=V1 -> V0 -> V0, dbb=L0[], dbi=L0[], dib=L0[], dii=L0[], i=L0[], put=V0 -> V0 -> V0 -> V0}
{b=L0[], chain=V1 -> V0 -> V0, dbb=L0[], dbi=L0[], dib=L0[], dii=L0[], i=L0[], put=V0 -> V0 -> V1 -> V0}
{b=L0[], chain=V1 -> V0 -> V0, dbb=L0[], dbi=L0[], dib=L0[], dii=L0[], i=L0[], put=V0 -> V0 -> L0[] -> V0}
{b=L0[], chain=V1 -> V0 -> V0, dbb=L0[], dbi=L1[], dib=L0[], dii=L1[], i=L1[], put=V0 -> V1 -> V0 -> V0}
{b=L0[], chain=V1 -> V0 -> V0, dbb=L1[], dbi=L2[], dib=L3[], dii=L4[], i=L0[], put=V0 -> V1 -> V1 -> V0}
{b=L0[], chain=V1 -> V0 -> V0, dbb=L1[], dbi=L2[], dib=L3[], dii=L4[], i=L5[], put=V0 -> V1 -> V2 -> V0}
{b=L0[], chain=V1 -> V0 -> V0, dbb=L1[], dbi=L2[], dib=L3[], dii=L4[], i=L0[], put=V0 -> V1 -> L0[] -> V0}
{b=L0[], chain=V1 -> V0 -> V0, dbb=L0[], dbi=L0[], dib=L0[], dii=L0[], i=L0[], put=V0 -> L0[] -> V0 -> V0}
{b=L0[], chain=V1 -> V0 -> V0, dbb=L1[], dbi=L2[], dib=L3[], dii=L4[], i=L0[], put=V0 -> L0[] -> V1 -> V0}
{b=L0[], chain=V1 -> V0 -> V0, dbb=L1[], dbi=L2[], dib=L3[], dii=L4[], i=L0[], put=V0 -> L0[] -> L0[] -> V0}
{b=L0[], chain=V1 -> V0 -> V0, dbb=L1[], dbi=L2[], dib=L3[], dii=L4[], i=L0[], put=V1 -> V0 -> V0 -> V0}
{b=L0[], chain=V1 -> V0 -> V0, dbb=L0[], dbi=L0[], dib=L0[], dii=L0[], i=L0[], put=V1 -> V0 -> V1 -> V0}
{b=L0[], chain=V1 -> V0 -> V0, dbb=L1[], dbi=L2[], dib=L3[], dii=L4[], i=L5[], put=V1 -> V0 -> V2 -> V0}
{b=L0[], chain=V1 -> V0 -> V0, dbb=L1[], dbi=L2[], dib=L3[], dii=L4[], i=L0[], put=V1 -> V0 -> L0[] -> V0}
{b=L0[], chain=V1 -> V0 -> V0, dbb=L0[], dbi=L0[], dib=L0[], dii=L0[], i=L0[], put=V1 -> V1 -> V0 -> V0}
{b=L0[], chain=V1 -> V0 -> V0, dbb=L0[], dbi=L0[], dib=L0[], dii=L0[], i=L0[], put=V1 -> V1 -> L0[] -> V0}
{b=L0[], chain=V1 -> V0 -> V0, dbb=L1[], dbi=L2[], dib=L3[], dii=L4[], i=L5[], put=V1 -> V2 -> V0 -> V0}
{b=L0[], chain=V1 -> V0 -> V0, dbb=L1[], dbi=L2[], dib=L3[], dii=L4[], i=L0[], put=V1 -> V2 -> L0[] -> V0}
{b=L0[], chain=V1 -> V0 -> V0, dbb=L1[], dbi=L2[], dib=L3[], dii=L4[], i=L0[], put=V1 -> L0[] -> V0 -> V0}
{b=L0[], chain=V1 -> V0 -> V0, dbb=L0[], dbi=L0[], dib=L0[], dii=L0[], i=L0[], put=V1 -> L0[] -> V1 -> V0}
{b=L0[], chain=V1 -> V0 -> V0, dbb=L1[], dbi=L2[], dib=L3[], dii=L4[], i=L0[], put=V1 -> L0[] -> V2 -> V0}
{b=L0[], chain=V1 -> V0 -> V0, dbb=L1[], dbi=L2[], dib=L3[], dii=L4[], i=L0[], put=V1 -> L0[] -> L0[] -> V0}
{b=L0[], chain=V1 -> V0 -> V0, dbb=L0[], dbi=L0[], dib=L0[], dii=L0[], i=L0[], put=L0[] -> V0 -> V0 -> V0}
{b=L0[], chain=V1 -> V0 -> V0, dbb=L1[], dbi=L1[], dib=L1[], dii=L1[], i=L1[], put=L1[] -> V0 -> V1 -> V0}
{b=L0[], chain=V1 -> V0 -> V0, dbb=L0[], dbi=L0[], dib=L0[], dii=L0[], i=L0[], put=L0[] -> V0 -> L0[] -> V0}
{b=L0[], chain=V1 -> V0 -> V0, dbb=L0[], dbi=L0[], dib=L0[], dii=L0[], i=L1[], put=L0[] -> V1 -> V0 -> V0}
{b=L0[], chain=V1 -> V0 -> V0, dbb=L1[], dbi=L1[], dib=L1[], dii=L1[], i=L0[], put=L1[] -> V1 -> V1 -> V0}
{b=L0[], chain=V1 -> V0 -> V0, dbb=L1[], dbi=L1[], dib=L1[], dii=L1[], i=L2[], put=L1[] -> V1 -> V2 -> V0}
{b=L0[], chain=V1 -> V0 -> V0, dbb=L1[], dbi=L1[], dib=L1[], dii=L1[], i=L0[], put=L1[] -> V1 -> L0[] -> V0}
{b=L0[], chain=V1 -> V0 -> V0, dbb=L0[], dbi=L0[], dib=L0[], dii=L0[], i=L0[], put=L0[] -> L0[] -> V0 -> V0}
{b=L0[], chain=V1 -> V0 -> V0, dbb=L1[], dbi=L1[], dib=L1[], dii=L1[], i=L0[], put=L1[] -> L0[] -> V1 -> V0}
{b=L0[], chain=V1 -> V0 -> V0, dbb=L1[], dbi=L1[], dib=L1[], dii=L1[], i=L0[], put=L1[] -> L0[] -> L0[] -> V0}
{b=L0[], chain=V1 -> L0[] -> V0, dbb=L0[], dbi=L0[], dib=L0[], dii=L0[], i=L0[], put=V0 -> V0 -> V0 -> V0}
{b=L0[], chain=V1 -> L0[] -> V0, dbb=L0[], dbi=L0[], dib=L0[], dii=L0[], i=L0[], put=V0 -> V0 -> V1 -> V0}
{b=L0[], chain=V1 -> L0[] -> V0, dbb=L0[], dbi=L0[], dib=L0[], dii=L0[], i=L0[], put=V0 -> V0 -> L0[] -> V0}
{b=L0[], chain=V1 -> L0[] -> V0, dbb=L0[], dbi=L0[], dib=L0[], dii=L0[], i=L0[], put=V0 -> V1 -> V0 -> V0}
{b=L0[], chain=V1 -> L1[] -> V0, dbb=L1[], dbi=L1[], dib=L1[], dii=L1[], i=L0[], put=V0 -> V1 -> V1 -> V0}
{b=L0[], chain=V1 -> L1[] -> V0, dbb=L1[], dbi=L1[], dib=L1[], dii=L1[], i=L2[], put=V0 -> V1 -> V2 -> V0}
{b=L0[], chain=V1 -> L1[] -> V0, dbb=L1[], dbi=L1[], dib=L1[], dii=L1[], i=L0[], put=V0 -> V1 -> L0[] -> V0}
{b=L0[], chain=V1 -> L0[] -> V0, dbb=L0[], dbi=L0[], dib=L0[], dii=L0[], i=L0[], put=V0 -> L0[] -> V0 -> V0}
{b=L0[], chain=V1 -> L1[] -> V0, dbb=L1[], dbi=L1[], dib=L1[], dii=L1[], i=L0[], put=V0 -> L0[] -> V1 -> V0}
{b=L0[], chain=V1 -> L1[] -> V0, dbb=L1[], dbi=L1[], dib=L1[], dii=L1[], i=L0[], put=V0 -> L0[] -> L0[] -> V0}
{b=L0[], chain=V1 -> L0[] -> V0, dbb=L0[], dbi=L0[], dib=L0[], dii=L0[], i=L0[], put=V1 -> V0 -> V0 -> V0}
{b=L0[], chain=V1 -> L0[] -> V0, dbb=L0[], dbi=L0[], dib=L0[], dii=L0[], i=L0[], put=V1 -> V0 -> V1 -> V0}
{b=L0[], chain=V1 -> L0[] -> V0, dbb=L0[], dbi=L0[], dib=L0[], dii=L0[], i=L0[], put=V1 -> V0 -> V2 -> V0}
{b=L0[], chain=V1 -> L0[] -> V0, dbb=L0[], dbi=L0[], dib=L0[], dii=L0[], i=L0[], put=V1 -> V0 -> L0[] -> V0}
{b=L0[], chain=V1 -> L0[] -> V0, dbb=L0[], dbi=L0[], dib=L0[], dii=L0[], i=L0[], put=V1 -> V1 -> V0 -> V0}
{b=L0[], chain=V1 -> L0[] -> V0, dbb=L0[], dbi=L0[], dib=L0[], dii=L0[], i=L0[], put=V1 -> V1 -> L0[] -> V0}
{b=L0[], chain=V1 -> L0[] -> V0, dbb=L0[], dbi=L0[], dib=L0[], dii=L0[], i=L0[], put=V1 -> V2 -> V0 -> V0}
{b=L0[], chain=V1 -> L1[] -> V0, dbb=L1[], dbi=L1[], dib=L1[], dii=L1[], i=L0[], put=V1 -> V2 -> L0[] -> V0}
{b=L0[], chain=V1 -> L0[] -> V0, dbb=L0[], dbi=L0[], dib=L0[], dii=L0[], i=L0[], put=V1 -> L0[] -> V0 -> V0}
{b=L0[], chain=V1 -> L0[] -> V0, dbb=L0[], dbi=L0[], dib=L0[], dii=L0[], i=L0[], put=V1 -> L0[] -> V1 -> V0}
{b=L0[], chain=V1 -> L1[] -> V0, dbb=L1[], dbi=L1[], dib=L1[], dii=L1[], i=L0[], put=V1 -> L0[] -> V2 -> V0}
{b=L0[], chain=V1 -> L1[] -> V0, dbb=L1[], dbi=L1[], dib=L1[], dii=L1[], i=L0[], put=V1 -> L0[] -> L0[] -> V0}
{b=L0[], chain=V1 -> L0[] -> V0, dbb=L0[], dbi=L0[], dib=L0[], dii=L0[], i=L0[], put=L0[] -> V0 -> V0 -> V0}
{b=L0[], chain=V1 -> L0[] -> V0, dbb=L0[], dbi=L0[], dib=L0[], dii=L0[], i=L0[], put=L0[] -> V0 -> V1 -> V0}
{b=L0[], chain=V1 -> L0[] -> V0, dbb=L0[], dbi=L0[], dib=L0[], dii=L0[], i=L0[], put=L0[] -> V0 -> L0[] -> V0}
{b=L0[], chain=V1 -> L0[] -> V0, dbb=L0[], dbi=L0[], dib=L0[], dii=L0[], i=L0[], put=L0[] -> V1 -> V0 -> V0}
{b=L0[], chain=V1 -> L1[] -> V0, dbb=L1[], dbi=L1[], dib=L1[], dii=L1[], i=L0[], put=L1[] -> V1 -> V1 -> V0}
{b=L0[], chain=V1 -> L1[] -> V0, dbb=L1[], dbi=L1[], dib=L1[], dii=L1[], i=L2[], put=L1[] -> V1 -> V2 -> V0}
{b=L0[], chain=V1 -> L1[] -> V0, dbb=L1[], dbi=L1[], dib=L1[], dii=L1[], i=L0[], put=L1[] -> V1 -> L0[] -> V0}
{b=L0[], chain=V1 -> L0[] -> V0, dbb=L0[], dbi=L0[], dib=L0[], dii=L0[], i=L0[], put=L0[] -> L0[] -> V0 -> V0}
{b=L0[], chain=V1 -> L1[] -> V0, dbb=L1[], dbi=L1[], dib=L1[], dii=L1[], i=L0[], put=L1[] -> L0[] -> V1 -> V0}
{b=L0[], chain=V1 -> L1[] -> V0, dbb=L1[], dbi=L1[], dib=L1[], dii=L1[], i=L0[], put=L1[] -> L0[] -> L0[] -> V0}
{b=L0[], chain=L0[] -> V0 -> V0, dbb=L0[], dbi=L0[], dib=L0[], dii=L0[], i=L0[], put=V0 -> V0 -> V0 -> V0}
{b=L0[], chain=L0[] -> V0 -> V0, dbb=L0[], dbi=L0[], dib=L0[], dii=L0[], i=L0[], put=V0 -> V0 -> V1 -> V0}
{b=L0[], chain=L0[] -> V0 -> V0, dbb=L0[], dbi=L0[], dib=L0[], dii=L0[], i=L0[], put=V0 -> V0 -> L0[] -> V0}
{b=L0[], chain=L0[] -> V0 -> V0, dbb=L0[], dbi=L0[], dib=L0[], dii=L0[], i=L0[], put=V0 -> V1 -> V0 -> V0}
{b=L0[], chain=L1[] -> V0 -> V0, dbb=L1[], dbi=L1[], dib=L1[], dii=L1[], i=L0[], put=V0 -> V1 -> V1 -> V0}
{b=L0[], chain=L1[] -> V0 -> V0, dbb=L1[], dbi=L1[], dib=L1[], dii=L1[], i=L2[], put=V0 -> V1 -> V2 -> V0}
{b=L0[], chain=L1[] -> V0 -> V0, dbb=L1[], dbi=L1[], dib=L1[], dii=L1[], i=L0[], put=V0 -> V1 -> L0[] -> V0}
{b=L0[], chain=L0[] -> V0 -> V0, dbb=L0[], dbi=L0[], dib=L0[], dii=L0[], i=L0[], put=V0 -> L0[] -> V0 -> V0}
{b=L0[], chain=L1[] -> V0 -> V0, dbb=L1[], dbi=L1[], dib=L1[], dii=L1[], i=L0[], put=V0 -> L0[] -> V1 -> V0}
{b=L0[], chain=L1[] -> V0 -> V0, dbb=L1[], dbi=L1[], dib=L1[], dii=L1[], i=L0[], put=V0 -> L0[] -> L0[] -> V0}
{b=L0[], chain=L0[] -> V0 -> V0, dbb=L0[], dbi=L0[], dib=L0[], dii=L0[], i=L0[], put=V1 -> V0 -> V0 -> V0}
{b=L0[], chain=L0[] -> V0 -> V0, dbb=L0[], dbi=L0[], dib=L0[], dii=L0[], i=L0[], put=V1 -> V0 -> V1 -> V0}
{b=L0[], chain=L0[] -> V0 -> V0, dbb=L0[], dbi=L0[], dib=L0[], dii=L0[], i=L0[], put=V1 -> V0 -> V2 -> V0}
{b=L0[], chain=L0[] -> V0 -> V0, dbb=L0[], dbi=L0[], dib=L0[], dii=L0[], i=L0[], put=V1 -> V0 -> L0[] -> V0}
{b=L0[], chain=L0[] -> V0 -> V0, dbb=L0[], dbi=L0[], dib=L0[], dii=L0[], i=L0[], put=V1 -> V1 -> V0 -> V0}
{b=L0[], chain=L0[] -> V0 -> V0, dbb=L0[], dbi=L0[], dib=L0[], dii=L0[], i=L0[], put=V1 -> V1 -> L0[] -> V0}
{b=L0[], chain=L0[] -> V0 -> V0, dbb=L0[], dbi=L0[], dib=L0[], dii=L0[], i=L0[], put=V1 -> V2 -> V0 -> V0}
{b=L0[], chain=L1[] -> V0 -> V0, dbb=L1[], dbi=L1[], dib=L1[], dii=L1[], i=L0[], put=V1 -> V2 -> L0[] -> V0}
{b=L0[], chain=L0[] -> V0 -> V0, dbb=L0[], dbi=L0[], dib=L0[], dii=L0[], i=L0[], put=V1 -> L0[] -> V0 -> V0}
{b=L0[], chain=L0[] -> V0 -> V0, dbb=L0[], dbi=L0[], dib=L0[], dii=L0[], i=L0[], put=V1 -> L0[] -> V1 -> V0}
{b=L0[], chain=L1[] -> V0 -> V0, dbb=L1[], dbi=L1[], dib=L1[], dii=L1[], i=L0[], put=V1 -> L0[] -> V2 -> V0}
{b=L0[], chain=L1[] -> V0 -> V0, dbb=L1[], dbi=L1[], dib=L1[], dii=L1[], i=L0[], put=V1 -> L0[] -> L0[] -> V0}
{b=L0[], chain=L0[] -> V0 -> V0, dbb=L0[], dbi=L0[], dib=L0[], dii=L0[], i=L0[], put=L0[] -> V0 -> V0 -> V0}
{b=L0[], chain=L0[] -> V0 -> V0, dbb=L0[], dbi=L0[], dib=L0[], dii=L0[], i=L0[], put=L0[] -> V0 -> V1 -> V0}
{b=L0[], chain=L0[] -> V0 -> V0, dbb=L0[], dbi=L0[], dib=L0[], dii=L0[], i=L0[], put=L0[] -> V0 -> L0[] -> V0}
{b=L0[], chain=L0[] -> V0 -> V0, dbb=L0[], dbi=L0[], dib=L0[], dii=L0[], i=L0[], put=L0[] -> V1 -> V0 -> V0}
{b=L0[], chain=L1[] -> V0 -> V0, dbb=L1[], dbi=L1[], dib=L1[], dii=L1[], i=L0[], put=L1[] -> V1 -> V1 -> V0}
{b=L0[], chain=L1[] -> V0 -> V0, dbb=L1[], dbi=L1[], dib=L1[], dii=L1[], i=L2[], put=L1[] -> V1 -> V2 -> V0}
{b=L0[], chain=L1[] -> V0 -> V0, dbb=L1[], dbi=L1[], dib=L1[], dii=L1[], i=L0[], put=L1[] -> V1 -> L0[] -> V0}
{b=L0[], chain=L0[] -> V0 -> V0, dbb=L0[], dbi=L0[], dib=L0[], dii=L0[], i=L0[], put=L0[] -> L0[] -> V0 -> V0}
{b=L0[], chain=L1[] -> V0 -> V0, dbb=L1[], dbi=L1[], dib=L1[], dii=L1[], i=L0[], put=L1[] -> L0[] -> V1 -> V0}
{b=L0[], chain=L1[] -> V0 -> V0, dbb=L1[], dbi=L1[], dib=L1[], dii=L1[], i=L0[], put=L1[] -> L0[] -> L0[] -> V0}
{b=L0[], chain=L0[] -> V1 -> V0, dbb=L0[], dbi=L0[], dib=L0[], dii=L0[], i=L0[], put=V0 -> V0 -> V0 -> V0}
{b=L0[], chain=L0[] -> V1 -> V0, dbb=L0[], dbi=L0[], dib=L0[], dii=L0[], i=L0[], put=V0 -> V0 -> V1 -> V0}
{b=L0[], chain=L0[] -> V1 -> V0, dbb=L0[], dbi=L0[], dib=L0[], dii=L0[], i=L0[], put=V0 -> V0 -> L0[] -> V0}
{b=L0[], chain=L0[] -> V1 -> V0, dbb=L0[], dbi=L0[], dib=L0[], dii=L0[], i=L0[], put=V0 -> V1 -> V0 -> V0}
{b=L0[], chain=L1[] -> V1 -> V0, dbb=L1[], dbi=L1[], dib=L1[], dii=L1[], i=L0[], put=V0 -> V1 -> V1 -> V0}
{b=L0[], chain=L1[] -> V1 -> V0, dbb=L1[], dbi=L1[], dib=L1[], dii=L1[], i=L2[], put=V0 -> V1 -> V2 -> V0}
{b=L0[], chain=L1[] -> V1 -> V0, dbb=L1[], dbi=L1[], dib=L1[], dii=L1[], i=L0[], put=V0 -> V1 -> L0[] -> V0}
{b=L0[], chain=L0[] -> V1 -> V0, dbb=L0[], dbi=L0[], dib=L0[], dii=L0[], i=L0[], put=V0 -> L0[] -> V0 -> V0}
{b=L0[], chain=L1[] -> V1 -> V0, dbb=L1[], dbi=L1[], dib=L1[], dii=L1[], i=L0[], put=V0 -> L0[] -> V1 -> V0}
{b=L0[], chain=L1[] -> V1 -> V0, dbb=L1[], dbi=L1[], dib=L1[], dii=L1[], i=L0[], put=V0 -> L0[] -> L0[] -> V0}
{b=L0[], chain=L0[] -> V1 -> V0, dbb=L0[], dbi=L0[], dib=L0[], dii=L0[], i=L0[], put=V1 -> V0 -> V0 -> V0}
{b=L0[], chain=L0[] -> V1 -> V0, dbb=L0[], dbi=L0[], dib=L0[], dii=L0[], i=L0[], put=V1 -> V0 -> V1 -> V0}
{b=L0[], chain=L0[] -> V1 -> V0, dbb=L0[], dbi=L0[], dib=L0[], dii=L0[], i=L0[], put=V1 -> V0 -> V2 -> V0}
{b=L0[], chain=L0[] -> V1 -> V0, dbb=L0[], dbi=L0[], dib=L0[], dii=L0[], i=L0[], put=V1 -> V0 -> L0[] -> V0}
{b=L0[], chain=L0[] -> V1 -> V0, dbb=L0[], dbi=L0[], dib=L0[], dii=L0[], i=L0[], put=V1 -> V1 -> V0 -> V0}
{b=L0[], chain=L0[] -> V1 -> V0, dbb=L0[], dbi=L0[], dib=L0[], dii=L0[], i=L0[], put=V1 -> V1 -> L0[] -> V0}
{b=L0[], chain=L0[] -> V1 -> V0, dbb=L0[], dbi=L0[], dib=L0[], dii=L0[], i=L0[], put=V1 -> V2 -> V0 -> V0}
{b=L0[], chain=L1[] -> V1 -> V0, dbb=L1[], dbi=L1[], dib=L1[], dii=L1[], i=L0[], put=V1 -> V2 -> L0[] -> V0}
{b=L0[], chain=L0[] -> V1 -> V0, dbb=L0[], dbi=L0[], dib=L0[], dii=L0[], i=L0[], put=V1 -> L0[] -> V0 -> V0}
{b=L0[], chain=L0[] -> V1 -> V0, dbb=L0[], dbi=L0[], dib=L0[], dii=L0[], i=L0[], put=V1 -> L0[] -> V1 -> V0}
{b=L0[], chain=L1[] -> V1 -> V0, dbb=L1[], dbi=L1[], dib=L1[], dii=L1[], i=L0[], put=V1 -> L0[] -> V2 -> V0}
{b=L0[], chain=L1[] -> V1 -> V0, dbb=L1[], dbi=L1[], dib=L1[], dii=L1[], i=L0[], put=V1 -> L0[] -> L0[] -> V0}
{b=L0[], chain=L0[] -> V1 -> V0, dbb=L0[], dbi=L0[], dib=L0[], dii=L0[], i=L0[], put=L0[] -> V0 -> V0 -> V0}
{b=L0[], chain=L0[] -> V1 -> V0, dbb=L0[], dbi=L0[], dib=L0[], dii=L0[], i=L0[], put=L0[] -> V0 -> V1 -> V0}
{b=L0[], chain=L0[] -> V1 -> V0, dbb=L0[], dbi=L0[], dib=L0[], dii=L0[], i=L0[], put=L0[] -> V0 -> L0[] -> V0}
{b=L0[], chain=L0[] -> V1 -> V0, dbb=L0[], dbi=L0[], dib=L0[], dii=L0[], i=L0[], put=L0[] -> V1 -> V0 -> V0}
{b=L0[], chain=L1[] -> V1 -> V0, dbb=L1[], dbi=L1[], dib=L1[], dii=L1[], i=L0[], put=L1[] -> V1 -> V1 -> V0}
{b=L0[], chain=L1[] -> V1 -> V0, dbb=L1[], dbi=L1[], dib=L1[], dii=L1[], i=L2[], put=L1[] -> V1 -> V2 -> V0}
{b=L0[], chain=L1[] -> V1 -> V0, dbb=L1[], dbi=L1[], dib=L1[], dii=L1[], i=L0[], put=L1[] -> V1 -> L0[] -> V0}
{b=L0[], chain=L0[] -> V1 -> V0, dbb=L0[], dbi=L0[], dib=L0[], dii=L0[], i=L0[], put=L0[] -> L0[] -> V0 -> V0}
{b=L0[], chain=L1[] -> V1 -> V0, dbb=L1[], dbi=L1[], dib=L1[], dii=L1[], i=L0[], put=L1[] -> L0[] -> V1 -> V0}
{b=L0[], chain=L1[] -> V1 -> V0, dbb=L1[], dbi=L1[], dib=L1[], dii=L1[], i=L0[], put=L1[] -> L0[] -> L0[] -> V0}
{b=L0[], chain=L0[] -> L0[] -> V0, dbb=L0[], dbi=L0[], dib=L0[], dii=L0[], i=L0[], put=V0 -> V0 -> V0 -> V0}
{b=L0[], chain=L0[] -> L0[] -> V0, dbb=L0[], dbi=L0[], dib=L0[], dii=L0[], i=L0[], put=V0 -> V0 -> V1 -> V0}
{b=L0[], chain=L0[] -> L0[] -> V0, dbb=L0[], dbi=L0[], dib=L0[], dii=L0[], i=L0[], put=V0 -> V0 -> L0[] -> V0}
{b=L0[], chain=L0[] -> L0[] -> V0, dbb=L0[], dbi=L0[], dib=L0[], dii=L0[], i=L0[], put=V0 -> V1 -> V0 -> V0}
{b=L0[], chain=L1[] -> L1[] -> V0, dbb=L1[], dbi=L1[], dib=L1[], dii=L1[], i=L0[], put=V0 -> V1 -> V1 -> V0}
{b=L0[], chain=L1[] -> L1[] -> V0, dbb=L1[], dbi=L1[], dib=L1[], dii=L1[], i=L2[], put=V0 -> V1 -> V2 -> V0}
{b=L0[], chain=L1[] -> L1[] -> V0, dbb=L1[], dbi=L1[], dib=L1[], dii=L1[], i=L0[], put=V0 -> V1 -> L0[] -> V0}
{b=L0[], chain=L0[] -> L0[] -> V0, dbb=L0[], dbi=L0[], dib=L0[], dii=L0[], i=L0[], put=V0 -> L0[] -> V0 -> V0}
{b=L0[], chain=L1[] -> L1[] -> V0, dbb=L1[], dbi=L1[], dib=L1[], dii=L1[], i=L0[], put=V0 -> L0[] -> V1 -> V0}
{b=L0[], chain=L1[] -> L1[] -> V0, dbb=L1[], dbi=L1[], dib=L1[], dii=L1[], i=L0[], put=V0 -> L0[] -> L0[] -> V0}
{b=L0[], chain=L0[] -> L0[] -> V0, dbb=L0[], dbi=L0[], dib=L0[], dii=L0[], i=L0[], put=V1 -> V0 -> V0 -> V0}
{b=L0[], chain=L0[] -> L0[] -> V0, dbb=L0[], dbi=L0[], dib=L0[], dii=L0[], i=L0[], put=V1 -> V0 -> V1 -> V0}
{b=L0[], chain=L0[] -> L0[] -> V0, dbb=L0[], dbi=L0[], dib=L0[], dii=L0[], i=L0[], put=V1 -> V0 -> V2 -> V0}
{b=L0[], chain=L0[] -> L0[] -> V0, dbb=L0[], dbi=L0[], dib=L0[], dii=L0[], i=L0[], put=V1 -> V0 -> L0[] -> V0}
{b=L0[], chain=L0[] -> L0[] -> V0, dbb=L0[], dbi=L0[], dib=L0[], dii=L0[], i=L0[], put=V1 -> V1 -> V0 -> V0}
{b=L0[], chain=L0[] -> L0[] -> V0, dbb=L0[], dbi=L0[], dib=L0[], dii=L0[], i=L0[], put=V1 -> V1 -> L0[] -> V0}
{b=L0[], chain=L0[] -> L0[] -> V0, dbb=L0[], dbi=L0[], dib=L0[], dii=L0[], i=L0[], put=V1 -> V2 -> V0 -> V0}
{b=L0[], chain=L1[] -> L1[] -> V0, dbb=L1[], dbi=L1[], dib=L1[], dii=L1[], i=L0[], put=V1 -> V2 -> L0[] -> V0}
{b=L0[], chain=L0[] -> L0[] -> V0, dbb=L0[], dbi=L0[], dib=L0[], dii=L0[], i=L0[], put=V1 -> L0[] -> V0 -> V0}
{b=L0[], chain=L0[] -> L0[] -> V0, dbb=L0[], dbi=L0[], dib=L0[], dii=L0[], i=L0[], put=V1 -> L0[] -> V1 -> V0}
{b=L0[], chain=L1[] -> L1[] -> V0, dbb=L1[], dbi=L1[], dib=L1[], dii=L1[], i=L0[], put=V1 -> L0[] -> V2 -> V0}
{b=L0[], chain=L1[] -> L1[] -> V0, dbb=L1[], dbi=L1[], dib=L1[], dii=L1[], i=L0[], put=V1 -> L0[] -> L0[] -> V0}
{b=L0[], chain=L0[] -> L0[] -> V0, dbb=L0[], dbi=L0[], dib=L0[], dii=L0[], i=L0[], put=L0[] -> V0 -> V0 -> V0}
{b=L0[], chain=L0[] -> L0[] -> V0, dbb=L0[], dbi=L0[], dib=L0[], dii=L0[], i=L0[], put=L0[] -> V0 -> V1 -> V0}
{b=L0[], chain=L0[] -> L0[] -> V0, dbb=L0[], dbi=L0[], dib=L0[], dii=L0[], i=L0[], put=L0[] -> V0 -> L0[] -> V0}
{b=L0[], chain=L0[] -> L0[] -> V0, dbb=L0[], dbi=L0[], dib=L0[], dii=L0[], i=L0[], put=L0[] -> V1 -> V0 -> V0}
{b=L0[], chain=L1[] -> L1[] -> V0, dbb=L1[], dbi=L1[], dib=L1[], dii=L1[], i=L0[], put=L1[] -> V1 -> V1 -> V0}
{b=L0[], chain=L1[] -> L1[] -> V0, dbb=L1[], dbi=L1[], dib=L1[], dii=L1[], i=L2[], put=L1[] -> V1 -> V2 -> V0}
{b=L0[], chain=L1[] -> L1[] -> V0, dbb=L1[], dbi=L1[], dib=L1[], dii=L1[], i=L0[], put=L1[] -> V1 -> L0[] -> V0}
{b=L0[], chain=L0[] -> L0[] -> V0, dbb=L0[], dbi=L0[], dib=L0[], dii=L0[], i=L0[], put=L0[] -> L0[] -> V0 -> V0}
{b=L0[], chain=L1[] -> L1[] -> V0, dbb=L1[], dbi=L1[], dib=L1[], dii=L1[], i=L0[], put=L1[] -> L0[] -> V1 -> V0}
{b=L0[], chain=L1[] -> L1[] -> V0, dbb=L1[], dbi=L1[], dib=L1[], dii=L1[], i=L0[], put=L1[] -> L0[] -> L0[] -> V0}
{b=L0[], chain=V0 -> V0 -> V0, dbb=L0[], dbi=L0[], dib=L0[], dii=L0[], i=L0[], put=V0 -> V0 -> V0 -> L0[]}
{b=L0[], chain=V0 -> V0 -> V0, dbb=L0[], dbi=L0[], dib=L0[], dii=L0[], i=L0[], put=V0 -> V0 -> V1 -> L0[]}
{b=L0[], chain=V0 -> V0 -> V0, dbb=L0[], dbi=L0[], dib=L0[], dii=L0[], i=L0[], put=V0 -> V0 -> L0[] -> L0[]}
{b=L0[], chain=V0 -> V0 -> V0, dbb=L0[], dbi=L0[], dib=L0[], dii=L0[], i=L0[], put=V0 -> V1 -> V0 -> L0[]}
{b=L0[], chain=V0 -> V0 -> V0, dbb=L1[], dbi=L1[], dib=L1[], dii=L1[], i=L0[], put=V0 -> V1 -> V1 -> L1[]}
{b=L0[], chain=V0 -> V0 -> V0, dbb=L1[], dbi=L1[], dib=L1[], dii=L1[], i=L2[], put=V0 -> V1 -> V2 -> L1[]}
{b=L0[], chain=V0 -> V0 -> V0, dbb=L1[], dbi=L1[], dib=L1[], dii=L1[], i=L0[], put=V0 -> V1 -> L0[] -> L1[]}
{b=L0[], chain=V0 -> V0 -> V0, dbb=L0[], dbi=L0[], dib=L0[], dii=L0[], i=L0[], put=V0 -> L0[] -> V0 -> L0[]}
{b=L0[], chain=V0 -> V0 -> V0, dbb=L1[], dbi=L1[], dib=L1[], dii=L1[], i=L0[], put=V0 -> L0[] -> V1 -> L1[]}
{b=L0[], chain=V0 -> V0 -> V0, dbb=L1[], dbi=L1[], dib=L1[], dii=L1[], i=L0[], put=V0 -> L0[] -> L0[] -> L1[]}
{b=L0[], chain=V0 -> V0 -> V0, dbb=L1[], dbi=L1[], dib=L1[], dii=L1[], i=L0[], put=L1[] -> V0 -> V0 -> L1[]}
{b=L0[], chain=V0 -> V0 -> V0, dbb=L1[], dbi=L1[], dib=L1[], dii=L1[], i=L2[], put=L1[] -> V0 -> V1 -> L1[]}
{b=L0[], chain=V0 -> V0 -> V0, dbb=L1[], dbi=L1[], dib=L1[], dii=L1[], i=L0[], put=L1[] -> V0 -> L0[] -> L1[]}
{b=L0[], chain=V0 -> V0 -> V0, dbb=L1[], dbi=L1[], dib=L1[], dii=L1[], i=L0[], put=L1[] -> L0[] -> V0 -> L1[]}
{b=L0[], chain=V0 -> V0 -> V0, dbb=L1[], dbi=L1[], dib=L1[], dii=L1[], i=L0[], put=L1[] -> L0[] -> L0[] -> L1[]}
{b=L0[], chain=V0 -> V1 -> V0, dbb=L0[], dbi=L0[], dib=L0[], dii=L0[], i=L0[], put=V0 -> V0 -> V0 -> L0[]}
{b=L0[], chain=V0 -> V1 -> V0, dbb=L0[], dbi=L0[], dib=L1[], dii=L1[], i=L1[], put=V0 -> V0 -> V1 -> L1[]}
{b=L0[], chain=V0 -> V1 -> V0, dbb=L0[], dbi=L0[], dib=L0[], dii=L0[], i=L0[], put=V0 -> V0 -> L0[] -> L0[]}
{b=L0[], chain=V0 -> V1 -> V0, dbb=L0[], dbi=L0[], dib=L0[], dii=L0[], i=L0[], put=V0 -> V1 -> V0 -> L0[]}
{b=L0[], chain=V0 -> V1 -> V0, dbb=L1[], dbi=L2[], dib=L3[], dii=L4[], i=L0[], put=V0 -> V1 -> V1 -> L5[]}
{b=L0[], chain=V0 -> V1 -> V0, dbb=L1[], dbi=L2[], dib=L3[], dii=L4[], i=L5[], put=V0 -> V1 -> V2 -> L6[]}
{b=L0[], chain=V0 -> V1 -> V0, dbb=L1[], dbi=L2[], dib=L3[], dii=L4[], i=L0[], put=V0 -> V1 -> L0[] -> L5[]}
{b=L0[], chain=V0 -> V1 -> V0, dbb=L0[], dbi=L0[], dib=L0[], dii=L0[], i=L0[], put=V0 -> L0[] -> V0 -> L0[]}
{b=L0[], chain=V0 -> V1 -> V0, dbb=L1[], dbi=L2[], dib=L3[], dii=L4[], i=L0[], put=V0 -> L0[] -> V1 -> L5[]}
{b=L0[], chain=V0 -> V1 -> V0, dbb=L1[], dbi=L2[], dib=L3[], dii=L4[], i=L0[], put=V0 -> L0[] -> L0[] -> L5[]}
{b=L0[], chain=V0 -> V1 -> V0, dbb=L1[], dbi=L1[], dib=L1[], dii=L1[], i=L0[], put=L1[] -> V0 -> V0 -> L1[]}
{b=L0[], chain=V0 -> V1 -> V0, dbb=L1[], dbi=L1[], dib=L1[], dii=L1[], i=L2[], put=L1[] -> V0 -> V1 -> L1[]}
{b=L0[], chain=V0 -> V1 -> V0, dbb=L1[], dbi=L1[], dib=L1[], dii=L1[], i=L0[], put=L1[] -> V0 -> L0[] -> L1[]}
{b=L0[], chain=V0 -> V1 -> V0, dbb=L1[], dbi=L1[], dib=L1[], dii=L1[], i=L0[], put=L1[] -> L0[] -> V0 -> L1[]}
{b=L0[], chain=V0 -> V1 -> V0, dbb=L1[], dbi=L1[], dib=L1[], dii=L1[], i=L0[], put=L1[] -> L0[] -> L0[] -> L1[]}
{b=L0[], chain=V0 -> L0[] -> V0, dbb=L0[], dbi=L0[], dib=L0[], dii=L0[], i=L0[], put=V0 -> V0 -> V0 -> L0[]}
{b=L0[], chain=V0 -> L0[] -> V0, dbb=L0[], dbi=L0[], dib=L0[], dii=L0[], i=L0[], put=V0 -> V0 -> V1 -> L0[]}
{b=L0[], chain=V0 -> L0[] -> V0, dbb=L0[], dbi=L0[], dib=L0[], dii=L0[], i=L0[], put=V0 -> V0 -> L0[] -> L0[]}
{b=L0[], chain=V0 -> L0[] -> V0, dbb=L0[], dbi=L0[], dib=L0[], dii=L0[], i=L0[], put=V0 -> V1 -> V0 -> L0[]}
{b=L0[], chain=V0 -> L1[] -> V0, dbb=L1[], dbi=L1[], dib=L1[], dii=L1[], i=L0[], put=V0 -> V1 -> V1 -> L1[]}
{b=L0[], chain=V0 -> L1[] -> V0, dbb=L1[], dbi=L1[], dib=L1[], dii=L1[], i=L2[], put=V0 -> V1 -> V2 -> L1[]}
{b=L0[], chain=V0 -> L1[] -> V0, dbb=L1[], dbi=L1[], dib=L1[], dii=L1[], i=L0[], put=V0 -> V1 -> L0[] -> L1[]}
{b=L0[], chain=V0 -> L0[] -> V0, dbb=L0[], dbi=L0[], dib=L0[], dii=L0[], i=L0[], put=V0 -> L0[] -> V0 -> L0[]}
{b=L0[], chain=V0 -> L1[] -> V0, dbb=L1[], dbi=L1[], dib=L1[], dii=L1[], i=L0[], put=V0 -> L0[] -> V1 -> L1[]}
{b=L0[], chain=V0 -> L1[] -> V0, dbb=L1[], dbi=L1[], dib=L1[], dii=L1[], i=L0[], put=V0 -> L0[] -> L0[] -> L1[]}
{b=L0[], chain=V0 -> L1[] -> V0, dbb=L1[], dbi=L1[], dib=L1[], dii=L1[], i=L0[], put=L1[] -> V0 -> V0 -> L1[]}
{b=L0[], chain=V0 -> L1[] -> V0, dbb=L1[], dbi=L1[], dib=L1[], dii=L1[], i=L2[], put=L1[] -> V0 -> V1 -> L1[]}
{b=L0[], chain=V0 -> L1[] -> V0, dbb=L1[], dbi=L1[], dib=L1[], dii=L1[], i=L0[], put=L1[] -> V0 -> L0[] -> L1[]}
{b=L0[], chain=V0 -> L1[] -> V0, dbb=L1[], dbi=L1[], dib=L1[], dii=L1[], i=L0[], put=L1[] -> L0[] -> V0 -> L1[]}
{b=L0[], chain=V0 -> L1[] -> V0, dbb=L1[], dbi=L1[], dib=L1[], dii=L1[], i=L0[], put=L1[] -> L0[] -> L0[] -> L1[]}
{b=L0[], chain=V1 -> V0 -> V0, dbb=L0[], dbi=L0[], dib=L0[], dii=L0[], i=L0[], put=V0 -> V0 -> V0 -> L0[]}
{b=L0[], chain=V1 -> V0 -> V0, dbb=L0[], dbi=L0[], dib=L0[], dii=L0[], i=L0[], put=V0 -> V0 -> V1 -> L0[]}
{b=L0[], chain=V1 -> V0 -> V0, dbb=L0[], dbi=L0[], dib=L0[], dii=L0[], i=L0[], put=V0 -> V0 -> L0[] -> L0[]}
{b=L0[], chain=V1 -> V0 -> V0, dbb=L0[], dbi=L1[], dib=L0[], dii=L1[], i=L1[], put=V0 -> V1 -> V0 -> L0[]}
{b=L0[], chain=V1 -> V0 -> V0, dbb=L1[], dbi=L2[], dib=L3[], dii=L4[], i=L0[], put=V0 -> V1 -> V1 -> L5[]}
{b=L0[], chain=V1 -> V0 -> V0, dbb=L1[], dbi=L2[], dib=L3[], dii=L4[], i=L5[], put=V0 -> V1 -> V2 -> L6[]}
{b=L0[], chain=V1 -> V0 -> V0, dbb=L1[], dbi=L2[], dib=L3[], dii=L4[], i=L0[], put=V0 -> V1 -> L0[] -> L5[]}
{b=L0[], chain=V1 -> V0 -> V0, dbb=L0[], dbi=L0[], dib=L0[], dii=L0[], i=L0[], put=V0 -> L0[] -> V0 -> L0[]}
{b=L0[], chain=V1 -> V0 -> V0, dbb=L1[], dbi=L2[], dib=L3[], dii=L4[], i=L0[], put=V0 -> L0[] -> V1 -> L5[]}
{b=L0[], chain=V1 -> V0 -> V0, dbb=L1[], dbi=L2[], dib=L3[], dii=L4[], i=L0[], put=V0 -> L0[] -> L0[] -> L5[]}
{b=L0[], chain=V1 -> V0 -> V0, dbb=L1[], dbi=L1[], dib=L1[], dii=L1[], i=L0[], put=L1[] -> V0 -> V0 -> L1[]}
{b=L0[], chain=V1 -> V0 -> V0, dbb=L1[], dbi=L1[], dib=L1[], dii=L1[], i=L2[], put=L1[] -> V0 -> V1 -> L1[]}
{b=L0[], chain=V1 -> V0 -> V0, dbb=L1[], dbi=L1[], dib=L1[], dii=L1[], i=L0[], put=L1[] -> V0 -> L0[] -> L1[]}
{b=L0[], chain=V1 -> V0 -> V0, dbb=L1[], dbi=L1[], dib=L1[], dii=L1[], i=L0[], put=L1[] -> L0[] -> V0 -> L1[]}
{b=L0[], chain=V1 -> V0 -> V0, dbb=L1[], dbi=L1[], dib=L1[], dii=L1[], i=L0[], put=L1[] -> L0[] -> L0[] -> L1[]}
{b=L0[], chain=V1 -> L0[] -> V0, dbb=L0[], dbi=L0[], dib=L0[], dii=L0[], i=L0[], put=V0 -> V0 -> V0 -> L0[]}
{b=L0[], chain=V1 -> L0[] -> V0, dbb=L0[], dbi=L0[], dib=L0[], dii=L0[], i=L0[], put=V0 -> V0 -> V1 -> L0[]}
{b=L0[], chain=V1 -> L0[] -> V0, dbb=L0[], dbi=L0[], dib=L0[], dii=L0[], i=L0[], put=V0 -> V0 -> L0[] -> L0[]}
{b=L0[], chain=V1 -> L0[] -> V0, dbb=L0[], dbi=L0[], dib=L0[], dii=L0[], i=L0[], put=V0 -> V1 -> V0 -> L0[]}
{b=L0[], chain=V1 -> L1[] -> V0, dbb=L1[], dbi=L1[], dib=L1[], dii=L1[], i=L0[], put=V0 -> V1 -> V1 -> L1[]}
{b=L0[], chain=V1 -> L1[] -> V0, dbb=L1[], dbi=L1[], dib=L1[], dii=L1[], i=L2[], put=V0 -> V1 -> V2 -> L1[]}
{b=L0[], chain=V1 -> L1[] -> V0, dbb=L1[], dbi=L1[], dib=L1[], dii=L1[], i=L0[], put=V0 -> V1 -> L0[] -> L1[]}
{b=L0[], chain=V1 -> L0[] -> V0, dbb=L0[], dbi=L0[], dib=L0[], dii=L0[], i=L0[], put=V0 -> L0[] -> V0 -> L0[]}
{b=L0[], chain=V1 -> L1[] -> V0, dbb=L1[], dbi=L1[], dib=L1[], dii=L1[], i=L0[], put=V0 -> L0[] -> V1 -> L1[]}
{b=L0[], chain=V1 -> L1[] -> V0, dbb=L1[], dbi=L1[], dib=L1[], dii=L1[], i=L0[], put=V0 -> L0[] -> L0[] -> L1[]}
{b=L0[], chain=V1 -> L1[] -> V0, dbb=L1[], dbi=L1[], dib=L1[], dii=L1[], i=L0[], put=L1[] -> V0 -> V0 -> L1[]}
{b=L0[], chain=V1 -> L1[] -> V0, dbb=L1[], dbi=L1[], dib=L1[], dii=L1[], i=L2[], put=L1[] -> V0 -> V1 -> L1[]}
{b=L0[], chain=V1 -> L1[] -> V0, dbb=L1[], dbi=L1[], dib=L1[], dii=L1[], i=L0[], put=L1[] -> V0 -> L0[] -> L1[]}
{b=L0[], chain=V1 -> L1[] -> V0, dbb=L1[], dbi=L1[], dib=L1[], dii=L1[], i=L0[], put=L1[] -> L0[] -> V0 -> L1[]}
{b=L0[], chain=V1 -> L1[] -> V0, dbb=L1[], dbi=L1[], dib=L1[], dii=L1[], i=L0[], put=L1[] -> L0[] -> L0[] -> L1[]}
{b=L0[], chain=L0[] -> V0 -> V0, dbb=L0[], dbi=L0[], dib=L0[], dii=L0[], i=L0[], put=V0 -> V0 -> V0 -> L0[]}
{b=L0[], chain=L0[] -> V0 -> V0, dbb=L0[], dbi=L0[], dib=L0[], dii=L0[], i=L0[], put=V0 -> V0 -> V1 -> L0[]}
{b=L0[], chain=L0[] -> V0 -> V0, dbb=L0[], dbi=L0[], dib=L0[], dii=L0[], i=L0[], put=V0 -> V0 -> L0[] -> L0[]}
{b=L0[], chain=L0[] -> V0 -> V0, dbb=L0[], dbi=L0[], dib=L0[], dii=L0[], i=L0[], put=V0 -> V1 -> V0 -> L0[]}
{b=L0[], chain=L1[] -> V0 -> V0, dbb=L1[], dbi=L1[], dib=L1[], dii=L1[], i=L0[], put=V0 -> V1 -> V1 -> L1[]}
{b=L0[], chain=L1[] -> V0 -> V0, dbb=L1[], dbi=L1[], dib=L1[], dii=L1[], i=L2[], put=V0 -> V1 -> V2 -> L1[]}
{b=L0[], chain=L1[] -> V0 -> V0, dbb=L1[], dbi=L1[], dib=L1[], dii=L1[], i=L0[], put=V0 -> V1 -> L0[] -> L1[]}
{b=L0[], chain=L0[] -> V0 -> V0, dbb=L0[], dbi=L0[], dib=L0[], dii=L0[], i=L0[], put=V0 -> L0[] -> V0 -> L0[]}
{b=L0[], chain=L1[] -> V0 -> V0, dbb=L1[], dbi=L1[], dib=L1[], dii=L1[], i=L0[], put=V0 -> L0[] -> V1 -> L1[]}
{b=L0[], chain=L1[] -> V0 -> V0, dbb=L1[], dbi=L1[], dib=L1[], dii=L1[], i=L0[], put=V0 -> L0[] -> L0[] -> L1[]}
{b=L0[], chain=L1[] -> V0 -> V0, dbb=L1[], dbi=L1[], dib=L1[], dii=L1[], i=L0[], put=L1[] -> V0 -> V0 -> L1[]}
{b=L0[], chain=L1[] -> V0 -> V0, dbb=L1[], dbi=L1[], dib=L1[], dii=L1[], i=L2[], put=L1[] -> V0 -> V1 -> L1[]}
{b=L0[], chain=L1[] -> V0 -> V0, dbb=L1[], dbi=L1[], dib=L1[], dii=L1[], i=L0[], put=L1[] -> V0 -> L0[] -> L1[]}
{b=L0[], chain=L1[] -> V0 -> V0, dbb=L1[], dbi=L1[], dib=L1[], dii=L1[], i=L0[], put=L1[] -> L0[] -> V0 -> L1[]}
{b=L0[], chain=L1[] -> V0 -> V0, dbb=L1[], dbi=L1[], dib=L1[], dii=L1[], i=L0[], put=L1[] -> L0[] -> L0[] -> L1[]}
{b=L0[], chain=L0[] -> V1 -> V0, dbb=L0[], dbi=L0[], dib=L0[], dii=L0[], i=L0[], put=V0 -> V0 -> V0 -> L0[]}
{b=L0[], chain=L0[] -> V1 -> V0, dbb=L0[], dbi=L0[], dib=L0[], dii=L0[], i=L0[], put=V0 -> V0 -> V1 -> L0[]}
{b=L0[], chain=L0[] -> V1 -> V0, dbb=L0[], dbi=L0[], dib=L0[], dii=L0[], i=L0[], put=V0 -> V0 -> L0[] -> L0[]}
{b=L0[], chain=L0[] -> V1 -> V0, dbb=L0[], dbi=L0[], dib=L0[], dii=L0[], i=L0[], put=V0 -> V1 -> V0 -> L0[]}
{b=L0[], chain=L1[] -> V1 -> V0, dbb=L1[], dbi=L1[], dib=L1[], dii=L1[], i=L0[], put=V0 -> V1 -> V1 -> L1[]}
{b=L0[], chain=L1[] -> V1 -> V0, dbb=L1[], dbi=L1[], dib=L1[], dii=L1[], i=L2[], put=V0 -> V1 -> V2 -> L1[]}
{b=L0[], chain=L1[] -> V1 -> V0, dbb=L1[], dbi=L1[], dib=L1[], dii=L1[], i=L0[], put=V0 -> V1 -> L0[] -> L1[]}
{b=L0[], chain=L0[] -> V1 -> V0, dbb=L0[], dbi=L0[], dib=L0[], dii=L0[], i=L0[], put=V0 -> L0[] -> V0 -> L0[]}
{b=L0[], chain=L1[] -> V1 -> V0, dbb=L1[], dbi=L1[], dib=L1[], dii=L1[], i=L0[], put=V0 -> L0[] -> V1 -> L1[]}
{b=L0[], chain=L1[] -> V1 -> V0, dbb=L1[], dbi=L1[], dib=L1[], dii=L1[], i=L0[], put=V0 -> L0[] -> L0[] -> L1[]}
{b=L0[], chain=L1[] -> V1 -> V0, dbb=L1[], dbi=L1[], dib=L1[], dii=L1[], i=L0[], put=L1[] -> V0 -> V0 -> L1[]}
{b=L0[], chain=L1[] -> V1 -> V0, dbb=L1[], dbi=L1[], dib=L1[], dii=L1[], i=L2[], put=L1[] -> V0 -> V1 -> L1[]}
{b=L0[], chain=L1[] -> V1 -> V0, dbb=L1[], dbi=L1[], dib=L1[], dii=L1[], i=L0[], put=L1[] -> V0 -> L0[] -> L1[]}
{b=L0[], chain=L1[] -> V1 -> V0, dbb=L1[], dbi=L1[], dib=L1[], dii=L1[], i=L0[], put=L1[] -> L0[] -> V0 -> L1[]}
{b=L0[], chain=L1[] -> V1 -> V0, dbb=L1[], dbi=L1[], dib=L1[], dii=L1[], i=L0[], put=L1[] -> L0[] -> L0[] -> L1[]}
{b=L0[], chain=L0[] -> L0[] -> V0, dbb=L0[], dbi=L0[], dib=L0[], dii=L0[], i=L0[], put=V0 -> V0 -> V0 -> L0[]}
{b=L0[], chain=L0[] -> L0[] -> V0, dbb=L0[], dbi=L0[], dib=L0[], dii=L0[], i=L0[], put=V0 -> V0 -> V1 -> L0[]}
{b=L0[], chain=L0[] -> L0[] -> V0, dbb=L0[], dbi=L0[], dib=L0[], dii=L0[], i=L0[], put=V0 -> V0 -> L0[] -> L0[]}
{b=L0[], chain=L0[] -> L0[] -> V0, dbb=L0[], dbi=L0[], dib=L0[], dii=L0[], i=L0[], put=V0 -> V1 -> V0 -> L0[]}
{b=L0[], chain=L1[] -> L1[] -> V0, dbb=L1[], dbi=L1[], dib=L1[], dii=L1[], i=L0[], put=V0 -> V1 -> V1 -> L1[]}
{b=L0[], chain=L1[] -> L1[] -> V0, dbb=L1[], dbi=L1[], dib=L1[], dii=L1[], i=L2[], put=V0 -> V1 -> V2 -> L1[]}
{b=L0[], chain=L1[] -> L1[] -> V0, dbb=L1[], dbi=L1[], dib=L1[], dii=L1[], i=L0[], put=V0 -> V1 -> L0[] -> L1[]}
{b=L0[], chain=L0[] -> L0[] -> V0, dbb=L0[], dbi=L0[], dib=L0[], dii=L0[], i=L0[], put=V0 -> L0[] -> V0 -> L0[]}
{b=L0[], chain=L1[] -> L1[] -> V0, dbb=L1[], dbi=L1[], dib=L1[], dii=L1[], i=L0[], put=V0 -> L0[] -> V1 -> L1[]}
{b=L0[], chain=L1[] -> L1[] -> V0, dbb=L1[], dbi=L1[], dib=L1[], dii=L1[], i=L0[], put=V0 -> L0[] -> L0[] -> L1[]}
{b=L0[], chain=L1[] -> L1[] -> V0, dbb=L1[], dbi=L1[], dib=L1[], dii=L1[], i=L0[], put=L1[] -> V0 -> V0 -> L1[]}
{b=L0[], chain=L1[] -> L1[] -> V0, dbb=L1[], dbi=L1[], dib=L1[], dii=L1[], i=L2[], put=L1[] -> V0 -> V1 -> L1[]}
{b=L0[], chain=L1[] -> L1[] -> V0, dbb=L1[], dbi=L1[], dib=L1[], dii=L1[], i=L0[], put=L1[] -> V0 -> L0[] -> L1[]}
{b=L0[], chain=L1[] -> L1[] -> V0, dbb=L1[], dbi=L1[], dib=L1[], dii=L1[], i=L0[], put=L1[] -> L0[] -> V0 -> L1[]}
{b=L0[], chain=L1[] -> L1[] -> V0, dbb=L1[], dbi=L1[], dib=L1[], dii=L1[], i=L0[], put=L1[] -> L0[] -> L0[] -> L1[]}
{b=L0[], chain=V0 -> V0 -> V0, dbb=L1[], dbi=L1[], dib=L1[], dii=L1[], i=L0[], put=V1 -> L0[] -> V0}
{b=L0[], chain=V0 -> V0 -> V0, dbb=L1[], dbi=L1[], dib=L1[], dii=L1[], i=L2[], put=L1[] -> V1 -> V0}
{b=L0[], chain=V0 -> V0 -> V0, dbb=L1[], dbi=L1[], dib=L1[], dii=L1[], i=L0[], put=L1[] -> L0[] -> V0}
{b=L0[], chain=V0 -> V1 -> V0, dbb=L1[], dbi=L2[], dib=L3[], dii=L4[], i=L0[], put=V1 -> L0[] -> V0}
{b=L0[], chain=V0 -> V1 -> V0, dbb=L1[], dbi=L1[], dib=L1[], dii=L1[], i=L2[], put=L1[] -> V1 -> V0}
{b=L0[], chain=V0 -> V1 -> V0, dbb=L1[], dbi=L1[], dib=L1[], dii=L1[], i=L0[], put=L1[] -> L0[] -> V0}
{b=L0[], chain=V0 -> L1[] -> V0, dbb=L1[], dbi=L1[], dib=L1[], dii=L1[], i=L0[], put=V1 -> L0[] -> V0}
{b=L0[], chain=V0 -> L1[] -> V0, dbb=L1[], dbi=L1[], dib=L1[], dii=L1[], i=L2[], put=L1[] -> V1 -> V0}
{b=L0[], chain=V0 -> L1[] -> V0, dbb=L1[], dbi=L1[], dib=L1[], dii=L1[], i=L0[], put=L1[] -> L0[] -> V0}
{b=L0[], chain=V1 -> V0 -> V0, dbb=L1[], dbi=L2[], dib=L3[], dii=L4[], i=L0[], put=V1 -> L0[] -> V0}
{b=L0[], chain=V1 -> V0 -> V0, dbb=L1[], dbi=L1[], dib=L1[], dii=L1[], i=L2[], put=L1[] -> V1 -> V0}
{b=L0[], chain=V1 -> V0 -> V0, dbb=L1[], dbi=L1[], dib=L1[], dii=L1[], i=L0[], put=L1[] -> L0[] -> V0}
{b=L0[], chain=V1 -> L1[] -> V0, dbb=L1[], dbi=L1[], dib=L1[], dii=L1[], i=L0[], put=V1 -> L0[] -> V0}
{b=L0[], chain=V1 -> L1[] -> V0, dbb=L1[], dbi=L1[], dib=L1[], dii=L1[], i=L2[], put=L1[] -> V1 -> V0}
{b=L0[], chain=V1 -> L1[] -> V0, dbb=L1[], dbi=L1[], dib=L1[], dii=L1[], i=L0[], put=L1[] -> L0[] -> V0}
{b=L0[], chain=L1[] -> V0 -> V0, dbb=L1[], dbi=L1[], dib=L1[], dii=L1[], i=L0[], put=V1 -> L0[] -> V0}
{b=L0[], chain=L1[] -> V0 -> V0, dbb=L1[], dbi=L1[], dib=L1[], dii=L1[], i=L2[], put=L1[] -> V1 -> V0}
{b=L0[], chain=L1[] -> V0 -> V0, dbb=L1[], dbi=L1[], dib=L1[], dii=L1[], i=L0[], put=L1[] -> L0[] -> V0}
{b=L0[], chain=L1[] -> V1 -> V0, dbb=L1[], dbi=L1[], dib=L1[], dii=L1[], i=L0[], put=V1 -> L0[] -> V0}
{b=L0[], chain=L1[] -> V1 -> V0, dbb=L1[], dbi=L1[], dib=L1[], dii=L1[], i=L2[], put=L1[] -> V1 -> V0}
{b=L0[], chain=L1[] -> V1 -> V0, dbb=L1[], dbi=L1[], dib=L1[], dii=L1[], i=L0[], put=L1[] -> L0[] -> V0}
{b=L0[], chain=L1[] -> L1[] -> V0, dbb=L1[], dbi=L1[], dib=L1[], dii=L1[], i=L0[], put=V1 -> L0[] -> V0}
{b=L0[], chain=L1[] -> L1[] -> V0, dbb=L1[], dbi=L1[], dib=L1[], dii=L1[], i=L2[], put=L1[] -> V1 -> V0}
{b=L0[], chain=L1[] -> L1[] -> V0, dbb=L1[], dbi=L1[], dib=L1[], dii=L1[], i=L0[], put=L1[] -> L0[] -> V0}
{b=L0[], chain=V0 -> V0 -> V0, dbb=L1[], dbi=L1[], dib=L1[], dii=L1[], i=L2[], put=L1[] -> V0}
{b=L0[], chain=V0 -> V1 -> V0, dbb=L1[], dbi=L1[], dib=L1[], dii=L1[], i=L2[], put=L1[] -> V0}
{b=L0[], chain=V0 -> L1[] -> V0, dbb=L1[], dbi=L1[], dib=L1[], dii=L1[], i=L2[], put=L1[] -> V0}
{b=L0[], chain=V1 -> V0 -> V0, dbb=L1[], dbi=L1[], dib=L1[], dii=L1[], i=L2[], put=L1[] -> V0}
{b=L0[], chain=V1 -> L1[] -> V0, dbb=L1[], dbi=L1[], dib=L1[], dii=L1[], i=L2[], put=L1[] -> V0}
{b=L0[], chain=L1[] -> V0 -> V0, dbb=L1[], dbi=L1[], dib=L1[], dii=L1[], i=L2[], put=L1[] -> V0}
{b=L0[], chain=L1[] -> V1 -> V0, dbb=L1[], dbi=L1[], dib=L1[], dii=L1[], i=L2[], put=L1[] -> V0}
{b=L0[], chain=L1[] -> L1[] -> V0, dbb=L1[], dbi=L1[], dib=L1[], dii=L1[], i=L2[], put=L1[] -> V0}
{b=L0[], chain=V0 -> V0 -> L0[], dbb=L0[], dbi=L0[], dib=L0[], dii=L0[], i=L0[], put=V0 -> V0 -> V0 -> V0}
{b=L0[], chain=V0 -> V0 -> L0[], dbb=L0[], dbi=L0[], dib=L0[], dii=L0[], i=L0[], put=V0 -> V0 -> V1 -> V0}
{b=L0[], chain=V0 -> V0 -> L0[], dbb=L0[], dbi=L0[], dib=L0[], dii=L0[], i=L0[], put=V0 -> V0 -> L0[] -> V0}
{b=L0[], chain=V0 -> V0 -> L0[], dbb=L0[], dbi=L0[], dib=L0[], dii=L0[], i=L0[], put=V0 -> V1 -> V0 -> V0}
{b=L0[], chain=V0 -> V0 -> L1[], dbb=L1[], dbi=L1[], dib=L1[], dii=L1[], i=L0[], put=V0 -> V1 -> V1 -> V0}
{b=L0[], chain=V0 -> V0 -> L1[], dbb=L1[], dbi=L1[], dib=L1[], dii=L1[], i=L2[], put=V0 -> V1 -> V2 -> V0}
{b=L0[], chain=V0 -> V0 -> L1[], dbb=L1[], dbi=L1[], dib=L1[], dii=L1[], i=L0[], put=V0 -> V1 -> L0[] -> V0}
{b=L0[], chain=V0 -> V0 -> L0[], dbb=L0[], dbi=L0[], dib=L0[], dii=L0[], i=L0[], put=V0 -> L0[] -> V0 -> V0}
{b=L0[], chain=V0 -> V0 -> L1[], dbb=L1[], dbi=L1[], dib=L1[], dii=L1[], i=L0[], put=V0 -> L0[] -> V1 -> V0}
{b=L0[], chain=V0 -> V0 -> L1[], dbb=L1[], dbi=L1[], dib=L1[], dii=L1[], i=L0[], put=V0 -> L0[] -> L0[] -> V0}
{b=L0[], chain=V0 -> V0 -> L0[], dbb=L0[], dbi=L0[], dib=L0[], dii=L0[], i=L0[], put=V1 -> V0 -> V0 -> V0}
{b=L0[], chain=V0 -> V0 -> L0[], dbb=L0[], dbi=L0[], dib=L0[], dii=L0[], i=L0[], put=V1 -> V0 -> V1 -> V0}
{b=L0[], chain=V0 -> V0 -> L0[], dbb=L0[], dbi=L0[], dib=L0[], dii=L0[], i=L0[], put=V1 -> V0 -> V2 -> V0}
{b=L0[], chain=V0 -> V0 -> L0[], dbb=L0[], dbi=L0[], dib=L0[], dii=L0[], i=L0[], put=V1 -> V0 -> L0[] -> V0}
{b=L0[], chain=V0 -> V0 -> L0[], dbb=L0[], dbi=L0[], dib=L0[], dii=L0[], i=L0[], put=V1 -> V1 -> V0 -> V0}
{b=L0[], chain=V0 -> V0 -> L0[], dbb=L0[], dbi=L0[], dib=L0[], dii=L0[], i=L0[], put=V1 -> V1 -> L0[] -> V0}
{b=L0[], chain=V0 -> V0 -> L0[], dbb=L0[], dbi=L0[], dib=L0[], dii=L0[], i=L0[], put=V1 -> V2 -> V0 -> V0}
{b=L0[], chain=V0 -> V0 -> L1[], dbb=L1[], dbi=L1[], dib=L1[], dii=L1[], i=L0[], put=V1 -> V2 -> L0[] -> V0}
{b=L0[], chain=V0 -> V0 -> L0[], dbb=L0[], dbi=L0[], dib=L0[], dii=L0[], i=L0[], put=V1 -> L0[] -> V0 -> V0}
{b=L0[], chain=V0 -> V0 -> L0[], dbb=L0[], dbi=L0[], dib=L0[], dii=L0[], i=L0[], put=V1 -> L0[] -> V1 -> V0}
{b=L0[], chain=V0 -> V0 -> L1[], dbb=L1[], dbi=L1[], dib=L1[], dii=L1[], i=L0[], put=V1 -> L0[] -> V2 -> V0}
{b=L0[], chain=V0 -> V0 -> L1[], dbb=L1[], dbi=L1[], dib=L1[], dii=L1[], i=L0[], put=V1 -> L0[] -> L0[] -> V0}
{b=L0[], chain=V0 -> V0 -> L0[], dbb=L0[], dbi=L0[], dib=L0[], dii=L0[], i=L0[], put=L0[] -> V0 -> V0 -> V0}
{b=L0[], chain=V0 -> V0 -> L0[], dbb=L0[], dbi=L0[], dib=L0[], dii=L0[], i=L0[], put=L0[] -> V0 -> V1 -> V0}
{b=L0[], chain=V0 -> V0 -> L0[], dbb=L0[], dbi=L0[], dib=L0[], dii=L0[], i=L0[], put=L0[] -> V0 -> L0[] -> V0}
{b=L0[], chain=V0 -> V0 -> L0[], dbb=L0[], dbi=L0[], dib=L0[], dii=L0[], i=L0[], put=L0[] -> V1 -> V0 -> V0}
{b=L0[], chain=V0 -> V0 -> L1[], dbb=L1[], dbi=L1[], dib=L1[], dii=L1[], i=L0[], put=L1[] -> V1 -> V1 -> V0}
{b=L0[], chain=V0 -> V0 -> L1[], dbb=L1[], dbi=L1[], dib=L1[], dii=L1[], i=L2[], put=L1[] -> V1 -> V2 -> V0}
{b=L0[], chain=V0 -> V0 -> L1[], dbb=L1[], dbi=L1[], dib=L1[], dii=L1[], i=L0[], put=L1[] -> V1 -> L0[] -> V0}
{b=L0[], chain=V0 -> V0 -> L0[], dbb=L0[], dbi=L0[], dib=L0[], dii=L0[], i=L0[], put=L0[] -> L0[] -> V0 -> V0}
{b=L0[], chain=V0 -> V0 -> L1[], dbb=L1[], dbi=L1[], dib=L1[], dii=L1[], i=L0[], put=L1[] -> L0[] -> V1 -> V0}
{b=L0[], chain=V0 -> V0 -> L1[], dbb=L1[], dbi=L1[], dib=L1[], dii=L1[], i=L0[], put=L1[] -> L0[] -> L0[] -> V0}
{b=L0[], chain=V0 -> V1 -> L0[], dbb=L0[], dbi=L0[], dib=L0[], dii=L0[], i=L0[], put=V0 -> V0 -> V0 -> V0}
{b=L0[], chain=V0 -> V1 -> L1[], dbb=L0[], dbi=L0[], dib=L1[], dii=L1[], i=L1[], put=V0 -> V0 -> V1 -> V0}
{b=L0[], chain=V0 -> V1 -> L0[], dbb=L0[], dbi=L0[], dib=L0[], dii=L0[], i=L0[], put=V0 -> V0 -> L0[] -> V0}
{b=L0[], chain=V0 -> V1 -> L0[], dbb=L0[], dbi=L0[], dib=L0[], dii=L0[], i=L0[], put=V0 -> V1 -> V0 -> V0}
{b=L0[], chain=V0 -> V1 -> L1[], dbb=L2[], dbi=L3[], dib=L4[], dii=L5[], i=L0[], put=V0 -> V1 -> V1 -> V0}
{b=L0[], chain=V0 -> V1 -> L1[], dbb=L2[], dbi=L3[], dib=L4[], dii=L5[], i=L6[], put=V0 -> V1 -> V2 -> V0}
{b=L0[], chain=V0 -> V1 -> L1[], dbb=L2[], dbi=L3[], dib=L4[], dii=L5[], i=L0[], put=V0 -> V1 -> L0[] -> V0}
{b=L0[], chain=V0 -> V1 -> L0[], dbb=L0[], dbi=L0[], dib=L0[], dii=L0[], i=L0[], put=V0 -> L0[] -> V0 -> V0}
{b=L0[], chain=V0 -> V1 -> L1[], dbb=L2[], dbi=L3[], dib=L4[], dii=L5[], i=L0[], put=V0 -> L0[] -> V1 -> V0}
{b=L0[], chain=V0 -> V1 -> L1[], dbb=L2[], dbi=L3[], dib=L4[], dii=L5[], i=L0[], put=V0 -> L0[] -> L0[] -> V0}
{b=L0[], chain=V0 -> V1 -> L1[], dbb=L2[], dbi=L3[], dib=L4[], dii=L5[], i=L0[], put=V1 -> V0 -> V0 -> V0}
{b=L0[], chain=V0 -> V1 -> L0[], dbb=L0[], dbi=L0[], dib=L0[], dii=L0[], i=L0[], put=V1 -> V0 -> V1 -> V0}
{b=L0[], chain=V0 -> V1 -> L1[], dbb=L2[], dbi=L3[], dib=L4[], dii=L5[], i=L6[], put=V1 -> V0 -> V2 -> V0}
{b=L0[], chain=V0 -> V1 -> L1[], dbb=L2[], dbi=L3[], dib=L4[], dii=L5[], i=L0[], put=V1 -> V0 -> L0[] -> V0}
{b=L0[], chain=V0 -> V1 -> L0[], dbb=L0[], dbi=L0[], dib=L0[], dii=L0[], i=L0[], put=V1 -> V1 -> V0 -> V0}
{b=L0[], chain=V0 -> V1 -> L0[], dbb=L0[], dbi=L0[], dib=L0[], dii=L0[], i=L0[], put=V1 -> V1 -> L0[] -> V0}
{b=L0[], chain=V0 -> V1 -> L1[], dbb=L2[], dbi=L3[], dib=L4[], dii=L5[], i=L6[], put=V1 -> V2 -> V0 -> V0}
{b=L0[], chain=V0 -> V1 -> L1[], dbb=L2[], dbi=L3[], dib=L4[], dii=L5[], i=L0[], put=V1 -> V2 -> L0[] -> V0}
{b=L0[], chain=V0 -> V1 -> L1[], dbb=L2[], dbi=L3[], dib=L4[], dii=L5[], i=L0[], put=V1 -> L0[] -> V0 -> V0}
{b=L0[], chain=V0 -> V1 -> L0[], dbb=L0[], dbi=L0[], dib=L0[], dii=L0[], i=L0[], put=V1 -> L0[] -> V1 -> V0}
{b=L0[], chain=V0 -> V1 -> L1[], dbb=L2[], dbi=L3[], dib=L4[], dii=L5[], i=L0[], put=V1 -> L0[] -> V2 -> V0}
{b=L0[], chain=V0 -> V1 -> L1[], dbb=L2[], dbi=L3[], dib=L4[], dii=L5[], i=L0[], put=V1 -> L0[] -> L0[] -> V0}
{b=L0[], chain=V0 -> V1 -> L0[], dbb=L0[], dbi=L0[], dib=L0[], dii=L0[], i=L0[], put=L0[] -> V0 -> V0 -> V0}
{b=L0[], chain=V0 -> V1 -> L1[], dbb=L1[], dbi=L1[], dib=L1[], dii=L1[], i=L1[], put=L1[] -> V0 -> V1 -> V0}
{b=L0[], chain=V0 -> V1 -> L0[], dbb=L0[], dbi=L0[], dib=L0[], dii=L0[], i=L0[], put=L0[] -> V0 -> L0[] -> V0}
{b=L0[], chain=V0 -> V1 -> L0[], dbb=L0[], dbi=L0[], dib=L0[], dii=L0[], i=L1[], put=L0[] -> V1 -> V0 -> V0}
{b=L0[], chain=V0 -> V1 -> L1[], dbb=L1[], dbi=L1[], dib=L1[], dii=L1[], i=L0[], put=L1[] -> V1 -> V1 -> V0}
{b=L0[], chain=V0 -> V1 -> L1[], dbb=L1[], dbi=L1[], dib=L1[], dii=L1[], i=L2[], put=L1[] -> V1 -> V2 -> V0}
{b=L0[], chain=V0 -> V1 -> L1[], dbb=L1[], dbi=L1[], dib=L1[], dii=L1[], i=L0[], put=L1[] -> V1 -> L0[] -> V0}
{b=L0[], chain=V0 -> V1 -> L0[], dbb=L0[], dbi=L0[], dib=L0[], dii=L0[], i=L0[], put=L0[] -> L0[] -> V0 -> V0}
{b=L0[], chain=V0 -> V1 -> L1[], dbb=L1[], dbi=L1[], dib=L1[], dii=L1[], i=L0[], put=L1[] -> L0[] -> V1 -> V0}
{b=L0[], chain=V0 -> V1 -> L1[], dbb=L1[], dbi=L1[], dib=L1[], dii=L1[], i=L0[], put=L1[] -> L0[] -> L0[] -> V0}
{b=L0[], chain=V0 -> L0[] -> L0[], dbb=L0[], dbi=L0[], dib=L0[], dii=L0[], i=L0[], put=V0 -> V0 -> V0 -> V0}
{b=L0[], chain=V0 -> L0[] -> L0[], dbb=L0[], dbi=L0[], dib=L0[], dii=L0[], i=L0[], put=V0 -> V0 -> V1 -> V0}
{b=L0[], chain=V0 -> L0[] -> L0[], dbb=L0[], dbi=L0[], dib=L0[], dii=L0[], i=L0[], put=V0 -> V0 -> L0[] -> V0}
{b=L0[], chain=V0 -> L0[] -> L0[], dbb=L0[], dbi=L0[], dib=L0[], dii=L0[], i=L0[], put=V0 -> V1 -> V0 -> V0}
{b=L0[], chain=V0 -> L1[] -> L1[], dbb=L1[], dbi=L1[], dib=L1[], dii=L1[], i=L0[], put=V0 -> V1 -> V1 -> V0}
{b=L0[], chain=V0 -> L1[] -> L1[], dbb=L1[], dbi=L1[], dib=L1[], dii=L1[], i=L2[], put=V0 -> V1 -> V2 -> V0}
{b=L0[], chain=V0 -> L1[] -> L1[], dbb=L1[], dbi=L1[], dib=L1[], dii=L1[], i=L0[], put=V0 -> V1 -> L0[] -> V0}
{b=L0[], chain=V0 -> L0[] -> L0[], dbb=L0[], dbi=L0[], dib=L0[], dii=L0[], i=L0[], put=V0 -> L0[] -> V0 -> V0}
{b=L0[], chain=V0 -> L1[] -> L1[], dbb=L1[], dbi=L1[], dib=L1[], dii=L1[], i=L0[], put=V0 -> L0[] -> V1 -> V0}
{b=L0[], chain=V0 -> L1[] -> L1[], dbb=L1[], dbi=L1[], dib=L1[], dii=L1[], i=L0[], put=V0 -> L0[] -> L0[] -> V0}
{b=L0[], chain=V0 -> L0[] -> L0[], dbb=L0[], dbi=L0[], dib=L0[], dii=L0[], i=L0[], put=V1 -> V0 -> V0 -> V0}
{b=L0[], chain=V0 -> L0[] -> L0[], dbb=L0[], dbi=L0[], dib=L0[], dii=L0[], i=L0[], put=V1 -> V0 -> V1 -> V0}
{b=L0[], chain=V0 -> L0[] -> L0[], dbb=L0[], dbi=L0[], dib=L0[], dii=L0[], i=L0[], put=V1 -> V0 -> V2 -> V0}
{b=L0[], chain=V0 -> L0[] -> L0[], dbb=L0[], dbi=L0[], dib=L0[], dii=L0[], i=L0[], put=V1 -> V0 -> L0[] -> V0}
{b=L0[], chain=V0 -> L0[] -> L0[], dbb=L0[], dbi=L0[], dib=L0[], dii=L0[], i=L0[], put=V1 -> V1 -> V0 -> V0}
{b=L0[], chain=V0 -> L0[] -> L0[], dbb=L0[], dbi=L0[], dib=L0[], dii=L0[], i=L0[], put=V1 -> V1 -> L0[] -> V0}
{b=L0[], chain=V0 -> L0[] -> L0[], dbb=L0[], dbi=L0[], dib=L0[], dii=L0[], i=L0[], put=V1 -> V2 -> V0 -> V0}
{b=L0[], chain=V0 -> L1[] -> L1[], dbb=L1[], dbi=L1[], dib=L1[], dii=L1[], i=L0[], put=V1 -> V2 -> L0[] -> V0}
{b=L0[], chain=V0 -> L0[] -> L0[], dbb=L0[], dbi=L0[], dib=L0[], dii=L0[], i=L0[], put=V1 -> L0[] -> V0 -> V0}
{b=L0[], chain=V0 -> L0[] -> L0[], dbb=L0[], dbi=L0[], dib=L0[], dii=L0[], i=L0[], put=V1 -> L0[] -> V1 -> V0}
{b=L0[], chain=V0 -> L1[] -> L1[], dbb=L1[], dbi=L1[], dib=L1[], dii=L1[], i=L0[], put=V1 -> L0[] -> V2 -> V0}
{b=L0[], chain=V0 -> L1[] -> L1[], dbb=L1[], dbi=L1[], dib=L1[], dii=L1[], i=L0[], put=V1 -> L0[] -> L0[] -> V0}
{b=L0[], chain=V0 -> L0[] -> L0[], dbb=L0[], dbi=L0[], dib=L0[], dii=L0[], i=L0[], put=L0[] -> V0 -> V0 -> V0}
{b=L0[], chain=V0 -> L0[] -> L0[], dbb=L0[], dbi=L0[], dib=L0[], dii=L0[], i=L0[], put=L0[] -> V0 -> V1 -> V0}
{b=L0[], chain=V0 -> L0[] -> L0[], dbb=L0[], dbi=L0[], dib=L0[], dii=L0[], i=L0[], put=L0[] -> V0 -> L0[] -> V0}
{b=L0[], chain=V0 -> L0[] -> L0[], dbb=L0[], dbi=L0[], dib=L0[], dii=L0[], i=L0[], put=L0[] -> V1 -> V0 -> V0}
{b=L0[], chain=V0 -> L1[] -> L1[], dbb=L1[], dbi=L1[], dib=L1[], dii=L1[], i=L0[], put=L1[] -> V1 -> V1 -> V0}
{b=L0[], chain=V0 -> L1[] -> L1[], dbb=L1[], dbi=L1[], dib=L1[], dii=L1[], i=L2[], put=L1[] -> V1 -> V2 -> V0}
{b=L0[], chain=V0 -> L1[] -> L1[], dbb=L1[], dbi=L1[], dib=L1[], dii=L1[], i=L0[], put=L1[] -> V1 -> L0[] -> V0}
{b=L0[], chain=V0 -> L0[] -> L0[], dbb=L0[], dbi=L0[], dib=L0[], dii=L0[], i=L0[], put=L0[] -> L0[] -> V0 -> V0}
{b=L0[], chain=V0 -> L1[] -> L1[], dbb=L1[], dbi=L1[], dib=L1[], dii=L1[], i=L0[], put=L1[] -> L0[] -> V1 -> V0}
{b=L0[], chain=V0 -> L1[] -> L1[], dbb=L1[], dbi=L1[], dib=L1[], dii=L1[], i=L0[], put=L1[] -> L0[] -> L0[] -> V0}
{b=L0[], chain=L0[] -> V0 -> L0[], dbb=L0[], dbi=L0[], dib=L0[], dii=L0[], i=L0[], put=V0 -> V0 -> V0 -> V0}
{b=L0[], chain=L0[] -> V0 -> L0[], dbb=L0[], dbi=L0[], dib=L0[], dii=L0[], i=L0[], put=V0 -> V0 -> V1 -> V0}
{b=L0[], chain=L0[] -> V0 -> L0[], dbb=L0[], dbi=L0[], dib=L0[], dii=L0[], i=L0[], put=V0 -> V0 -> L0[] -> V0}
{b=L0[], chain=L0[] -> V0 -> L0[], dbb=L0[], dbi=L0[], dib=L0[], dii=L0[], i=L0[], put=V0 -> V1 -> V0 -> V0}
{b=L0[], chain=L1[] -> V0 -> L1[], dbb=L1[], dbi=L1[], dib=L1[], dii=L1[], i=L0[], put=V0 -> V1 -> V1 -> V0}
{b=L0[], chain=L1[] -> V0 -> L1[], dbb=L1[], dbi=L1[], dib=L1[], dii=L1[], i=L2[], put=V0 -> V1 -> V2 -> V0}
{b=L0[], chain=L1[] -> V0 -> L1[], dbb=L1[], dbi=L1[], dib=L1[], dii=L1[], i=L0[], put=V0 -> V1 -> L0[] -> V0}
{b=L0[], chain=L0[] -> V0 -> L0[], dbb=L0[], dbi=L0[], dib=L0[], dii=L0[], i=L0[], put=V0 -> L0[] -> V0 -> V0}
{b=L0[], chain=L1[] -> V0 -> L1[], dbb=L1[], dbi=L1[], dib=L1[], dii=L1[], i=L0[], put=V0 -> L0[] -> V1 -> V0}
{b=L0[], chain=L1[] -> V0 -> L1[], dbb=L1[], dbi=L1[], dib=L1[], dii=L1[], i=L0[], put=V0 -> L0[] -> L0[] -> V0}
{b=L0[], chain=L0[] -> V0 -> L0[], dbb=L0[], dbi=L0[], dib=L0[], dii=L0[], i=L0[], put=V1 -> V0 -> V0 -> V0}
{b=L0[], chain=L0[] -> V0 -> L0[], dbb=L0[], dbi=L0[], dib=L0[], dii=L0[], i=L0[], put=V1 -> V0 -> V1 -> V0}
{b=L0[], chain=L0[] -> V0 -> L0[], dbb=L0[], dbi=L0[], dib=L0[], dii=L0[], i=L0[], put=V1 -> V0 -> V2 -> V0}
{b=L0[], chain=L0[] -> V0 -> L0[], dbb=L0[], dbi=L0[], dib=L0[], dii=L0[], i=L0[], put=V1 -> V0 -> L0[] -> V0}
{b=L0[], chain=L0[] -> V0 -> L0[], dbb=L0[], dbi=L0[], dib=L0[], dii=L0[], i=L0[], put=V1 -> V1 -> V0 -> V0}
{b=L0[], chain=L0[] -> V0 -> L0[], dbb=L0[], dbi=L0[], dib=L0[], dii=L0[], i=L0[], put=V1 -> V1 -> L0[] -> V0}
{b=L0[], chain=L0[] -> V0 -> L0[], dbb=L0[], dbi=L0[], dib=L0[], dii=L0[], i=L0[], put=V1 -> V2 -> V0 -> V0}
{b=L0[], chain=L1[] -> V0 -> L1[], dbb=L1[], dbi=L1[], dib=L1[], dii=L1[], i=L0[], put=V1 -> V2 -> L0[] -> V0}
{b=L0[], chain=L0[] -> V0 -> L0[], dbb=L0[], dbi=L0[], dib=L0[], dii=L0[], i=L0[], put=V1 -> L0[] -> V0 -> V0}
{b=L0[], chain=L0[] -> V0 -> L0[], dbb=L0[], dbi=L0[], dib=L0[], dii=L0[], i=L0[], put=V1 -> L0[] -> V1 -> V0}
{b=L0[], chain=L1[] -> V0 -> L1[], dbb=L1[], dbi=L1[], dib=L1[], dii=L1[], i=L0[], put=V1 -> L0[] -> V2 -> V0}
{b=L0[], chain=L1[] -> V0 -> L1[], dbb=L1[], dbi=L1[], dib=L1[], dii=L1[], i=L0[], put=V1 -> L0[] -> L0[] -> V0}
{b=L0[], chain=L0[] -> V0 -> L0[], dbb=L0[], dbi=L0[], dib=L0[], dii=L0[], i=L0[], put=L0[] -> V0 -> V0 -> V0}
{b=L0[], chain=L0[] -> V0 -> L0[], dbb=L0[], dbi=L0[], dib=L0[], dii=L0[], i=L0[], put=L0[] -> V0 -> V1 -> V0}
{b=L0[], chain=L0[] -> V0 -> L0[], dbb=L0[], dbi=L0[], dib=L0[], dii=L0[], i=L0[], put=L0[] -> V0 -> L0[] -> V0}
{b=L0[], chain=L0[] -> V0 -> L0[], dbb=L0[], dbi=L0[], dib=L0[], dii=L0[], i=L0[], put=L0[] -> V1 -> V0 -> V0}
{b=L0[], chain=L1[] -> V0 -> L1[], dbb=L1[], dbi=L1[], dib=L1[], dii=L1[], i=L0[], put=L1[] -> V1 -> V1 -> V0}
{b=L0[], chain=L1[] -> V0 -> L1[], dbb=L1[], dbi=L1[], dib=L1[], dii=L1[], i=L2[], put=L1[] -> V1 -> V2 -> V0}
{b=L0[], chain=L1[] -> V0 -> L1[], dbb=L1[], dbi=L1[], dib=L1[], dii=L1[], i=L0[], put=L1[] -> V1 -> L0[] -> V0}
{b=L0[], chain=L0[] -> V0 -> L0[], dbb=L0[], dbi=L0[], dib=L0[], dii=L0[], i=L0[], put=L0[] -> L0[] -> V0 -> V0}
{b=L0[], chain=L1[] -> V0 -> L1[], dbb=L1[], dbi=L1[], dib=L1[], dii=L1[], i=L0[], put=L1[] -> L0[] -> V1 -> V0}
{b=L0[], chain=L1[] -> V0 -> L1[], dbb=L1[], dbi=L1[], dib=L1[], dii=L1[], i=L0[], put=L1[] -> L0[] -> L0[] -> V0}
{b=L0[], chain=L0[] -> L0[] -> L0[], dbb=L0[], dbi=L0[], dib=L0[], dii=L0[], i=L0[], put=V0 -> V0 -> V0 -> V0}
{b=L0[], chain=L0[] -> L0[] -> L0[], dbb=L0[], dbi=L0[], dib=L0[], dii=L0[], i=L0[], put=V0 -> V0 -> V1 -> V0}
{b=L0[], chain=L0[] -> L0[] -> L0[], dbb=L0[], dbi=L0[], dib=L0[], dii=L0[], i=L0[], put=V0 -> V0 -> L0[] -> V0}
{b=L0[], chain=L0[] -> L0[] -> L0[], dbb=L0[], dbi=L0[], dib=L0[], dii=L0[], i=L0[], put=V0 -> V1 -> V0 -> V0}
{b=L0[], chain=L1[] -> L1[] -> L1[], dbb=L1[], dbi=L1[], dib=L1[], dii=L1[], i=L0[], put=V0 -> V1 -> V1 -> V0}
{b=L0[], chain=L1[] -> L1[] -> L1[], dbb=L1[], dbi=L1[], dib=L1[], dii=L1[], i=L2[], put=V0 -> V1 -> V2 -> V0}
{b=L0[], chain=L1[] -> L1[] -> L1[], dbb=L1[], dbi=L1[], dib=L1[], dii=L1[], i=L0[], put=V0 -> V1 -> L0[] -> V0}
{b=L0[], chain=L0[] -> L0[] -> L0[], dbb=L0[], dbi=L0[], dib=L0[], dii=L0[], i=L0[], put=V0 -> L0[] -> V0 -> V0}
{b=L0[], chain=L1[] -> L1[] -> L1[], dbb=L1[], dbi=L1[], dib=L1[], dii=L1[], i=L0[], put=V0 -> L0[] -> V1 -> V0}
{b=L0[], chain=L1[] -> L1[] -> L1[], dbb=L1[], dbi=L1[], dib=L1[], dii=L1[], i=L0[], put=V0 -> L0[] -> L0[] -> V0}
{b=L0[], chain=L0[] -> L0[] -> L0[], dbb=L0[], dbi=L0[], dib=L0[], dii=L0[], i=L0[], put=V1 -> V0 -> V0 -> V0}
{b=L0[], chain=L0[] -> L0[] -> L0[], dbb=L0[], dbi=L0[], dib=L0[], dii=L0[], i=L0[], put=V1 -> V0 -> V1 -> V0}
{b=L0[], chain=L0[] -> L0[] -> L0[], dbb=L0[], dbi=L0[], dib=L0[], dii=L0[], i=L0[], put=V1 -> V0 -> V2 -> V0}
{b=L0[], chain=L0[] -> L0[] -> L0[], dbb=L0[], dbi=L0[], dib=L0[], dii=L0[], i=L0[], put=V1 -> V0 -> L0[] -> V0}
{b=L0[], chain=L0[] -> L0[] -> L0[], dbb=L0[], dbi=L0[], dib=L0[], dii=L0[], i=L0[], put=V1 -> V1 -> V0 -> V0}
{b=L0[], chain=L0[] -> L0[] -> L0[], dbb=L0[], dbi=L0[], dib=L0[], dii=L0[], i=L0[], put=V1 -> V1 -> L0[] -> V0}
{b=L0[], chain=L0[] -> L0[] -> L0[], dbb=L0[], dbi=L0[], dib=L0[], dii=L0[], i=L0[], put=V1 -> V2 -> V0 -> V0}
{b=L0[], chain=L1[] -> L1[] -> L1[], dbb=L1[], dbi=L1[], dib=L1[], dii=L1[], i=L0[], put=V1 -> V2 -> L0[] -> V0}
{b=L0[], chain=L0[] -> L0[] -> L0[], dbb=L0[], dbi=L0[], dib=L0[], dii=L0[], i=L0[], put=V1 -> L0[] -> V0 -> V0}
{b=L0[], chain=L0[] -> L0[] -> L0[], dbb=L0[], dbi=L0[], dib=L0[], dii=L0[], i=L0[], put=V1 -> L0[] -> V1 -> V0}
{b=L0[], chain=L1[] -> L1[] -> L1[], dbb=L1[], dbi=L1[], dib=L1[], dii=L1[], i=L0[], put=V1 -> L0[] -> V2 -> V0}
{b=L0[], chain=L1[] -> L1[] -> L1[], dbb=L1[], dbi=L1[], dib=L1[], dii=L1[], i=L0[], put=V1 -> L0[] -> L0[] -> V0}
{b=L0[], chain=L0[] -> L0[] -> L0[], dbb=L0[], dbi=L0[], dib=L0[], dii=L0[], i=L0[], put=L0[] -> V0 -> V0 -> V0}
{b=L0[], chain=L0[] -> L0[] -> L0[], dbb=L0[], dbi=L0[], dib=L0[], dii=L0[], i=L0[], put=L0[] -> V0 -> V1 -> V0}
{b=L0[], chain=L0[] -> L0[] -> L0[], dbb=L0[], dbi=L0[], dib=L0[], dii=L0[], i=L0[], put=L0[] -> V0 -> L0[] -> V0}
{b=L0[], chain=L0[] -> L0[] -> L0[], dbb=L0[], dbi=L0[], dib=L0[], dii=L0[], i=L0[], put=L0[] -> V1 -> V0 -> V0}
{b=L0[], chain=L1[] -> L1[] -> L1[], dbb=L1[], dbi=L1[], dib=L1[], dii=L1[], i=L0[], put=L1[] -> V1 -> V1 -> V0}
{b=L0[], chain=L1[] -> L1[] -> L1[], dbb=L1[], dbi=L1[], dib=L1[], dii=L1[], i=L2[], put=L1[] -> V1 -> V2 -> V0}
{b=L0[], chain=L1[] -> L1[] -> L1[], dbb=L1[], dbi=L1[], dib=L1[], dii=L1[], i=L0[], put=L1[] -> V1 -> L0[] -> V0}
{b=L0[], chain=L0[] -> L0[] -> L0[], dbb=L0[], dbi=L0[], dib=L0[], dii=L0[], i=L0[], put=L0[] -> L0[] -> V0 -> V0}
{b=L0[], chain=L1[] -> L1[] -> L1[], dbb=L1[], dbi=L1[], dib=L1[], dii=L1[], i=L0[], put=L1[] -> L0[] -> V1 -> V0}
{b=L0[], chain=L1[] -> L1[] -> L1[], dbb=L1[], dbi=L1[], dib=L1[], dii=L1[], i=L0[], put=L1[] -> L0[] -> L0[] -> V0}
{b=L0[], chain=V0 -> V0 -> L0[], dbb=L0[], dbi=L0[], dib=L0[], dii=L0[], i=L0[], put=V0 -> V0 -> V0 -> L0[]}
{b=L0[], chain=V0 -> V0 -> L0[], dbb=L0[], dbi=L0[], dib=L0[], dii=L0[], i=L0[], put=V0 -> V0 -> V1 -> L0[]}
{b=L0[], chain=V0 -> V0 -> L0[], dbb=L0[], dbi=L0[], dib=L0[], dii=L0[], i=L0[], put=V0 -> V0 -> L0[] -> L0[]}
{b=L0[], chain=V0 -> V0 -> L0[], dbb=L0[], dbi=L0[], dib=L0[], dii=L0[], i=L0[], put=V0 -> V1 -> V0 -> L0[]}
{b=L0[], chain=V0 -> V0 -> L1[], dbb=L1[], dbi=L1[], dib=L1[], dii=L1[], i=L0[], put=V0 -> V1 -> V1 -> L1[]}
{b=L0[], chain=V0 -> V0 -> L1[], dbb=L1[], dbi=L1[], dib=L1[], dii=L1[], i=L2[], put=V0 -> V1 -> V2 -> L1[]}
{b=L0[], chain=V0 -> V0 -> L1[], dbb=L1[], dbi=L1[], dib=L1[], dii=L1[], i=L0[], put=V0 -> V1 -> L0[] -> L1[]}
{b=L0[], chain=V0 -> V0 -> L0[], dbb=L0[], dbi=L0[], dib=L0[], dii=L0[], i=L0[], put=V0 -> L0[] -> V0 -> L0[]}
{b=L0[], chain=V0 -> V0 -> L1[], dbb=L1[], dbi=L1[], dib=L1[], dii=L1[], i=L0[], put=V0 -> L0[] -> V1 -> L1[]}
{b=L0[], chain=V0 -> V0 -> L1[], dbb=L1[], dbi=L1[], dib=L1[], dii=L1[], i=L0[], put=V0 -> L0[] -> L0[] -> L1[]}
{b=L0[], chain=V0 -> V0 -> L1[], dbb=L1[], dbi=L1[], dib=L1[], dii=L1[], i=L0[], put=L1[] -> V0 -> V0 -> L1[]}
{b=L0[], chain=V0 -> V0 -> L1[], dbb=L1[], dbi=L1[], dib=L1[], dii=L1[], i=L2[], put=L1[] -> V0 -> V1 -> L1[]}
{b=L0[], chain=V0 -> V0 -> L1[], dbb=L1[], dbi=L1[], dib=L1[], dii=L1[], i=L0[], put=L1[] -> V0 -> L0[] -> L1[]}
{b=L0[], chain=V0 -> V0 -> L1[], dbb=L1[], dbi=L1[], dib=L1[], dii=L1[], i=L0[], put=L1[] -> L0[] -> V0 -> L1[]}
{b=L0[], chain=V0 -> V0 -> L1[], dbb=L1[], dbi=L1[], dib=L1[], dii=L1[], i=L0[], put=L1[] -> L0[] -> L0[] -> L1[]}
{b=L0[], chain=V0 -> V1 -> L0[], dbb=L0[], dbi=L0[], dib=L0[], dii=L0[], i=L0[], put=V0 -> V0 -> V0 -> L0[]}
{b=L0[], chain=V0 -> V1 -> L1[], dbb=L0[], dbi=L0[], dib=L1[], dii=L1[], i=L1[], put=V0 -> V0 -> V1 -> L1[]}
{b=L0[], chain=V0 -> V1 -> L0[], dbb=L0[], dbi=L0[], dib=L0[], dii=L0[], i=L0[], put=V0 -> V0 -> L0[] -> L0[]}
{b=L0[], chain=V0 -> V1 -> L0[], dbb=L0[], dbi=L0[], dib=L0[], dii=L0[], i=L0[], put=V0 -> V1 -> V0 -> L0[]}
{b=L0[], chain=V0 -> V1 -> L1[], dbb=L2[], dbi=L3[], dib=L4[], dii=L5[], i=L0[], put=V0 -> V1 -> V1 -> L6[]}
{b=L0[], chain=V0 -> V1 -> L1[], dbb=L2[], dbi=L3[], dib=L4[], dii=L5[], i=L6[], put=V0 -> V1 -> V2 -> L7[]}
{b=L0[], chain=V0 -> V1 -> L1[], dbb=L2[], dbi=L3[], dib=L4[], dii=L5[], i=L0[], put=V0 -> V1 -> L0[] -> L6[]}
{b=L0[], chain=V0 -> V1 -> L0[], dbb=L0[], dbi=L0[], dib=L0[], dii=L0[], i=L0[], put=V0 -> L0[] -> V0 -> L0[]}
{b=L0[], chain=V0 -> V1 -> L1[], dbb=L2[], dbi=L3[], dib=L4[], dii=L5[], i=L0[], put=V0 -> L0[] -> V1 -> L6[]}
{b=L0[], chain=V0 -> V1 -> L1[], dbb=L2[], dbi=L3[], dib=L4[], dii=L5[], i=L0[], put=V0 -> L0[] -> L0[] -> L6[]}
{b=L0[], chain=V0 -> V1 -> L1[], dbb=L1[], dbi=L1[], dib=L1[], dii=L1[], i=L0[], put=L1[] -> V0 -> V0 -> L1[]}
{b=L0[], chain=V0 -> V1 -> L1[], dbb=L1[], dbi=L1[], dib=L1[], dii=L1[], i=L2[], put=L1[] -> V0 -> V1 -> L1[]}
{b=L0[], chain=V0 -> V1 -> L1[], dbb=L1[], dbi=L1[], dib=L1[], dii=L1[], i=L0[], put=L1[] -> V0 -> L0[] -> L1[]}
{b=L0[], chain=V0 -> V1 -> L1[], dbb=L1[], dbi=L1[], dib=L1[], dii=L1[], i=L0[], put=L1[] -> L0[] -> V0 -> L1[]}
{b=L0[], chain=V0 -> V1 -> L1[], dbb=L1[], dbi=L1[], dib=L1[], dii=L1[], i=L0[], put=L1[] -> L0[] -> L0[] -> L1[]}
{b=L0[], chain=V0 -> L0[] -> L0[], dbb=L0[], dbi=L0[], dib=L0[], dii=L0[], i=L0[], put=V0 -> V0 -> V0 -> L0[]}
{b=L0[], chain=V0 -> L0[] -> L0[], dbb=L0[], dbi=L0[], dib=L0[], dii=L0[], i=L0[], put=V0 -> V0 -> V1 -> L0[]}
{b=L0[], chain=V0 -> L0[] -> L0[], dbb=L0[], dbi=L0[], dib=L0[], dii=L0[], i=L0[], put=V0 -> V0 -> L0[] -> L0[]}
{b=L0[], chain=V0 -> L0[] -> L0[], dbb=L0[], dbi=L0[], dib=L0[], dii=L0[], i=L0[], put=V0 -> V1 -> V0 -> L0[]}
{b=L0[], chain=V0 -> L1[] -> L1[], dbb=L1[], dbi=L1[], dib=L1[], dii=L1[], i=L0[], put=V0 -> V1 -> V1 -> L1[]}
{b=L0[], chain=V0 -> L1[] -> L1[], dbb=L1[], dbi=L1[], dib=L1[], dii=L1[], i=L2[], put=V0 -> V1 -> V2 -> L1[]}
{b=L0[], chain=V0 -> L1[] -> L1[], dbb=L1[], dbi=L1[], dib=L1[], dii=L1[], i=L0[], put=V0 -> V1 -> L0[] -> L1[]}
{b=L0[], chain=V0 -> L0[] -> L0[], dbb=L0[], dbi=L0[], dib=L0[], dii=L0[], i=L0[], put=V0 -> L0[] -> V0 -> L0[]}
{b=L0[], chain=V0 -> L1[] -> L1[], dbb=L1[], dbi=L1[], dib=L1[], dii=L1[], i=L0[], put=V0 -> L0[] -> V1 -> L1[]}
{b=L0[], chain=V0 -> L1[] -> L1[], dbb=L1[], dbi=L1[], dib=L1[], dii=L1[], i=L0[], put=V0 -> L0[] -> L0[] -> L1[]}
{b=L0[], chain=V0 -> L1[] -> L1[], dbb=L1[], dbi=L1[], dib=L1[], dii=L1[], i=L0[], put=L1[] -> V0 -> V0 -> L1[]}
{b=L0[], chain=V0 -> L1[] -> L1[], dbb=L1[], dbi=L1[], dib=L1[], dii=L1[], i=L2[], put=L1[] -> V0 -> V1 -> L1[]}
{b=L0[], chain=V0 -> L1[] -> L1[], dbb=L1[], dbi=L1[], dib=L1[], dii=L1[], i=L0[], put=L1[] -> V0 -> L0[] -> L1[]}
{b=L0[], chain=V0 -> L1[] -> L1[], dbb=L1[], dbi=L1[], dib=L1[], dii=L1[], i=L0[], put=L1[] -> L0[] -> V0 -> L1[]}
{b=L0[], chain=V0 -> L1[] -> L1[], dbb=L1[], dbi=L1[], dib=L1[], dii=L1[], i=L0[], put=L1[] -> L0[] -> L0[] -> L1[]}
{b=L0[], chain=L0[] -> V0 -> L0[], dbb=L0[], dbi=L0[], dib=L0[], dii=L0[], i=L0[], put=V0 -> V0 -> V0 -> L0[]}
{b=L0[], chain=L0[] -> V0 -> L0[], dbb=L0[], dbi=L0[], dib=L0[], dii=L0[], i=L0[], put=V0 -> V0 -> V1 -> L0[]}
{b=L0[], chain=L0[] -> V0 -> L0[], dbb=L0[], dbi=L0[], dib=L0[], dii=L0[], i=L0[], put=V0 -> V0 -> L0[] -> L0[]}
{b=L0[], chain=L0[] -> V0 -> L0[], dbb=L0[], dbi=L0[], dib=L0[], dii=L0[], i=L0[], put=V0 -> V1 -> V0 -> L0[]}
{b=L0[], chain=L1[] -> V0 -> L1[], dbb=L1[], dbi=L1[], dib=L1[], dii=L1[], i=L0[], put=V0 -> V1 -> V1 -> L1[]}
{b=L0[], chain=L1[] -> V0 -> L1[], dbb=L1[], dbi=L1[], dib=L1[], dii=L1[], i=L2[], put=V0 -> V1 -> V2 -> L1[]}
{b=L0[], chain=L1[] -> V0 -> L1[], dbb=L1[], dbi=L1[], dib=L1[], dii=L1[], i=L0[], put=V0 -> V1 -> L0[] -> L1[]}
{b=L0[], chain=L0[] -> V0 -> L0[], dbb=L0[], dbi=L0[], dib=L0[], dii=L0[], i=L0[], put=V0 -> L0[] -> V0 -> L0[]}
{b=L0[], chain=L1[] -> V0 -> L1[], dbb=L1[], dbi=L1[], dib=L1[], dii=L1[], i=L0[], put=V0 -> L0[] -> V1 -> L1[]}
{b=L0[], chain=L1[] -> V0 -> L1[], dbb=L1[], dbi=L1[], dib=L1[], dii=L1[], i=L0[], put=V0 -> L0[] -> L0[] -> L1[]}
{b=L0[], chain=L1[] -> V0 -> L1[], dbb=L1[], dbi=L1[], dib=L1[], dii=L1[], i=L0[], put=L1[] -> V0 -> V0 -> L1[]}
{b=L0[], chain=L1[] -> V0 -> L1[], dbb=L1[], dbi=L1[], dib=L1[], dii=L1[], i=L2[], put=L1[] -> V0 -> V1 -> L1[]}
{b=L0[], chain=L1[] -> V0 -> L1[], dbb=L1[], dbi=L1[], dib=L1[], dii=L1[], i=L0[], put=L1[] -> V0 -> L0[] -> L1[]}
{b=L0[], chain=L1[] -> V0 -> L1[], dbb=L1[], dbi=L1[], dib=L1[], dii=L1[], i=L0[], put=L1[] -> L0[] -> V0 -> L1[]}
{b=L0[], chain=L1[] -> V0 -> L1[], dbb=L1[], dbi=L1[], dib=L1[], dii=L1[], i=L0[], put=L1[] -> L0[] -> L0[] -> L1[]}
{b=L0[], chain=L0[] -> L0[] -> L0[], dbb=L0[], dbi=L0[], dib=L0[], dii=L0[], i=L0[], put=V0 -> V0 -> V0 -> L0[]}
{b=L0[], chain=L0[] -> L0[] -> L0[], dbb=L0[], dbi=L0[], dib=L0[], dii=L0[], i=L0[], put=V0 -> V0 -> V1 -> L0[]}
{b=L0[], chain=L0[] -> L0[] -> L0[], dbb=L0[], dbi=L0[], dib=L0[], dii=L0[], i=L0[], put=V0 -> V0 -> L0[] -> L0[]}
{b=L0[], chain=L0[] -> L0[] -> L0[], dbb=L0[], dbi=L0[], dib=L0[], dii=L0[], i=L0[], put=V0 -> V1 -> V0 -> L0[]}
{b=L0[], chain=L1[] -> L1[] -> L1[], dbb=L1[], dbi=L1[], dib=L1[], dii=L1[], i=L0[], put=V0 -> V1 -> V1 -> L1[]}
{b=L0[], chain=L1[] -> L1[] -> L1[], dbb=L1[], dbi=L1[], dib=L1[], dii=L1[], i=L2[], put=V0 -> V1 -> V2 -> L1[]}
{b=L0[], chain=L1[] -> L1[] -> L1[], dbb=L1[], dbi=L1[], dib=L1[], dii=L1[], i=L0[], put=V0 -> V1 -> L0[] -> L1[]}
{b=L0[], chain=L0[] -> L0[] -> L0[], dbb=L0[], dbi=L0[], dib=L0[], dii=L0[], i=L0[], put=V0 -> L0[] -> V0 -> L0[]}
{b=L0[], chain=L1[] -> L1[] -> L1[], dbb=L1[], dbi=L1[], dib=L1[], dii=L1[], i=L0[], put=V0 -> L0[] -> V1 -> L1[]}
{b=L0[], chain=L1[] -> L1[] -> L1[], dbb=L1[], dbi=L1[], dib=L1[], dii=L1[], i=L0[], put=V0 -> L0[] -> L0[] -> L1[]}
{b=L0[], chain=L1[] -> L1[] -> L1[], dbb=L1[], dbi=L1[], dib=L1[], dii=L1[], i=L0[], put=L1[] -> V0 -> V0 -> L1[]}
{b=L0[], chain=L1[] -> L1[] -> L1[], dbb=L1[], dbi=L1[], dib=L1[], dii=L1[], i=L2[], put=L1[] -> V0 -> V1 -> L1[]}
{b=L0[], chain=L1[] -> L1[] -> L1[], dbb=L1[], dbi=L1[], dib=L1[], dii=L1[], i=L0[], put=L1[] -> V0 -> L0[] -> L1[]}
{b=L0[], chain=L1[] -> L1[] -> L1[], dbb=L1[], dbi=L1[], dib=L1[], dii=L1[], i=L0[], put=L1[] -> L0[] -> V0 -> L1[]}
{b=L0[], chain=L1[] -> L1[] -> L1[], dbb=L1[], dbi=L1[], dib=L1[], dii=L1[], i=L0[], put=L1[] -> L0[] -> L0[] -> L1[]}
{b=L0[], chain=V0 -> V0 -> L1[], dbb=L1[], dbi=L1[], dib=L1[], dii=L1[], i=L0[], put=V1 -> L0[] -> V0}
{b=L0[], chain=V0 -> V0 -> L1[], dbb=L1[], dbi=L1[], dib=L1[], dii=L1[], i=L2[], put=L1[] -> V1 -> V0}
{b=L0[], chain=V0 -> V0 -> L1[], dbb=L1[], dbi=L1[], dib=L1[], dii=L1[], i=L0[], put=L1[] -> L0[] -> V0}
{b=L0[], chain=V0 -> V1 -> L1[], dbb=L2[], dbi=L3[], dib=L4[], dii=L5[], i=L0[], put=V1 -> L0[] -> V0}
{b=L0[], chain=V0 -> V1 -> L1[], dbb=L1[], dbi=L1[], dib=L1[], dii=L1[], i=L2[], put=L1[] -> V1 -> V0}
{b=L0[], chain=V0 -> V1 -> L1[], dbb=L1[], dbi=L1[], dib=L1[], dii=L1[], i=L0[], put=L1[] -> L0[] -> V0}
{b=L0[], chain=V0 -> L1[] -> L1[], dbb=L1[], dbi=L1[], dib=L1[], dii=L1[], i=L0[], put=V1 -> L0[] -> V0}
{b=L0[], chain=V0 -> L1[] -> L1[], dbb=L1[], dbi=L1[], dib=L1[], dii=L1[], i=L2[], put=L1[] -> V1 -> V0}
{b=L0[], chain=V0 -> L1[] -> L1[], dbb=L1[], dbi=L1[], dib=L1[], dii=L1[], i=L0[], put=L1[] -> L0[] -> V0}
{b=L0[], chain=L1[] -> V0 -> L1[], dbb=L1[], dbi=L1[], dib=L1[], dii=L1[], i=L0[], put=V1 -> L0[] -> V0}
{b=L0[], chain=L1[] -> V0 -> L1[], dbb=L1[], dbi=L1[], dib=L1[], dii=L1[], i=L2[], put=L1[] -> V1 -> V0}
{b=L0[], chain=L1[] -> V0 -> L1[], dbb=L1[], dbi=L1[], dib=L1[], dii=L1[], i=L0[], put=L1[] -> L0[] -> V0}
{b=L0[], chain=L1[] -> L1[] -> L1[], dbb=L1[], dbi=L1[], dib=L1[], dii=L1[], i=L0[], put=V1 -> L0[] -> V0}
{b=L0[], chain=L1[] -> L1[] -> L1[], dbb=L1[], dbi=L1[], dib=L1[], dii=L1[], i=L2[], put=L1[] -> V1 -> V0}
{b=L0[], chain=L1[] -> L1[] -> L1[], dbb=L1[], dbi=L1[], dib=L1[], dii=L1[], i=L0[], put=L1[] -> L0[] -> V0}
{b=L0[], chain=V0 -> V0 -> L1[], dbb=L1[], dbi=L1[], dib=L1[], dii=L1[], i=L2[], put=L1[] -> V0}
{b=L0[], chain=V0 -> V1 -> L1[], dbb=L1[], dbi=L1[], dib=L1[], dii=L1[], i=L2[], put=L1[] -> V0}
{b=L0[], chain=V0 -> L1[] -> L1[], dbb=L1[], dbi=L1[], dib=L1[], dii=L1[], i=L2[], put=L1[] -> V0}
{b=L0[], chain=L1[] -> V0 -> L1[], dbb=L1[], dbi=L1[], dib=L1[], dii=L1[], i=L2[], put=L1[] -> V0}
{b=L0[], chain=L1[] -> L1[] -> L1[], dbb=L1[], dbi=L1[], dib=L1[], dii=L1[], i=L2[], put=L1[] -> V0}
{b=L0[], chain=L0[] -> V0, dbb=L0[], dbi=L0[], dib=L0[], dii=L0[], i=L0[], put=V0 -> V0 -> V0 -> V0}
{b=L0[], chain=L0[] -> V0, dbb=L0[], dbi=L0[], dib=L0[], dii=L0[], i=L0[], put=V0 -> V0 -> V1 -> V0}
{b=L0[], chain=L0[] -> V0, dbb=L0[], dbi=L0[], dib=L0[], dii=L0[], i=L0[], put=V0 -> V0 -> L0[] -> V0}
{b=L0[], chain=L0[] -> V0, dbb=L0[], dbi=L0[], dib=L0[], dii=L0[], i=L0[], put=V0 -> V1 -> V0 -> V0}
{b=L0[], chain=L1[] -> V0, dbb=L1[], dbi=L1[], dib=L1[], dii=L1[], i=L0[], put=V0 -> V1 -> V1 -> V0}
{b=L0[], chain=L1[] -> V0, dbb=L1[], dbi=L1[], dib=L1[], dii=L1[], i=L2[], put=V0 -> V1 -> V2 -> V0}
{b=L0[], chain=L1[] -> V0, dbb=L1[], dbi=L1[], dib=L1[], dii=L1[], i=L0[], put=V0 -> V1 -> L0[] -> V0}
{b=L0[], chain=L0[] -> V0, dbb=L0[], dbi=L0[], dib=L0[], dii=L0[], i=L0[], put=V0 -> L0[] -> V0 -> V0}
{b=L0[], chain=L1[] -> V0, dbb=L1[], dbi=L1[], dib=L1[], dii=L1[], i=L0[], put=V0 -> L0[] -> V1 -> V0}
{b=L0[], chain=L1[] -> V0, dbb=L1[], dbi=L1[], dib=L1[], dii=L1[], i=L0[], put=V0 -> L0[] -> L0[] -> V0}
{b=L0[], chain=L0[] -> V0, dbb=L0[], dbi=L0[], dib=L0[], dii=L0[], i=L0[], put=V1 -> V0 -> V0 -> V0}
{b=L0[], chain=L0[] -> V0, dbb=L0[], dbi=L0[], dib=L0[], dii=L0[], i=L0[], put=V1 -> V0 -> V1 -> V0}
{b=L0[], chain=L0[] -> V0, dbb=L0[], dbi=L0[], dib=L0[], dii=L0[], i=L0[], put=V1 -> V0 -> V2 -> V0}
{b=L0[], chain=L0[] -> V0, dbb=L0[], dbi=L0[], dib=L0[], dii=L0[], i=L0[], put=V1 -> V0 -> L0[] -> V0}
{b=L0[], chain=L0[] -> V0, dbb=L0[], dbi=L0[], dib=L0[], dii=L0[], i=L0[], put=V1 -> V1 -> V0 -> V0}
{b=L0[], chain=L0[] -> V0, dbb=L0[], dbi=L0[], dib=L0[], dii=L0[], i=L0[], put=V1 -> V1 -> L0[] -> V0}
{b=L0[], chain=L0[] -> V0, dbb=L0[], dbi=L0[], dib=L0[], dii=L0[], i=L0[], put=V1 -> V2 -> V0 -> V0}
{b=L0[], chain=L1[] -> V0, dbb=L1[], dbi=L1[], dib=L1[], dii=L1[], i=L0[], put=V1 -> V2 -> L0[] -> V0}
{b=L0[], chain=L0[] -> V0, dbb=L0[], dbi=L0[], dib=L0[], dii=L0[], i=L0[], put=V1 -> L0[] -> V0 -> V0}
{b=L0[], chain=L0[] -> V0, dbb=L0[], dbi=L0[], dib=L0[], dii=L0[], i=L0[], put=V1 -> L0[] -> V1 -> V0}
{b=L0[], chain=L1[] -> V0, dbb=L1[], dbi=L1[], dib=L1[], dii=L1[], i=L0[], put=V1 -> L0[] -> V2 -> V0}
{b=L0[], chain=L1[] -> V0, dbb=L1[], dbi=L1[], dib=L1[], dii=L1[], i=L0[], put=V1 -> L0[] -> L0[] -> V0}
{b=L0[], chain=L0[] -> V0, dbb=L0[], dbi=L0[], dib=L0[], dii=L0[], i=L0[], put=L0[] -> V0 -> V0 -> V0}
{b=L0[], chain=L0[] -> V0, dbb=L0[], dbi=L0[], dib=L0[], dii=L0[], i=L0[], put=L0[] -> V0 -> V1 -> V0}
{b=L0[], chain=L0[] -> V0, dbb=L0[], dbi=L0[], dib=L0[], dii=L0[], i=L0[], put=L0[] -> V0 -> L0[] -> V0}
{b=L0[], chain=L0[] -> V0, dbb=L0[], dbi=L0[], dib=L0[], dii=L0[], i=L0[], put=L0[] -> V1 -> V0 -> V0}
{b=L0[], chain=L1[] -> V0, dbb=L1[], dbi=L1[], dib=L1[], dii=L1[], i=L0[], put=L1[] -> V1 -> V1 -> V0}
{b=L0[], chain=L1[] -> V0, dbb=L1[], dbi=L1[], dib=L1[], dii=L1[], i=L2[], put=L1[] -> V1 -> V2 -> V0}
{b=L0[], chain=L1[] -> V0, dbb=L1[], dbi=L1[], dib=L1[], dii=L1[], i=L0[], put=L1[] -> V1 -> L0[] -> V0}
{b=L0[], chain=L0[] -> V0, dbb=L0[], dbi=L0[], dib=L0[], dii=L0[], i=L0[], put=L0[] -> L0[] -> V0 -> V0}
{b=L0[], chain=L1[] -> V0, dbb=L1[], dbi=L1[], dib=L1[], dii=L1[], i=L0[], put=L1[] -> L0[] -> V1 -> V0}
{b=L0[], chain=L1[] -> V0, dbb=L1[], dbi=L1[], dib=L1[], dii=L1[], i=L0[], put=L1[] -> L0[] -> L0[] -> V0}
{b=L0[], chain=L0[] -> V0, dbb=L0[], dbi=L0[], dib=L0[], dii=L0[], i=L0[], put=V0 -> V0 -> V0 -> L0[]}
{b=L0[], chain=L0[] -> V0, dbb=L0[], dbi=L0[], dib=L0[], dii=L0[], i=L0[], put=V0 -> V0 -> V1 -> L0[]}
{b=L0[], chain=L0[] -> V0, dbb=L0[], dbi=L0[], dib=L0[], dii=L0[], i=L0[], put=V0 -> V0 -> L0[] -> L0[]}
{b=L0[], chain=L0[] -> V0, dbb=L0[], dbi=L0[], dib=L0[], dii=L0[], i=L0[], put=V0 -> V1 -> V0 -> L0[]}
{b=L0[], chain=L1[] -> V0, dbb=L1[], dbi=L1[], dib=L1[], dii=L1[], i=L0[], put=V0 -> V1 -> V1 -> L1[]}
{b=L0[], chain=L1[] -> V0, dbb=L1[], dbi=L1[], dib=L1[], dii=L1[], i=L2[], put=V0 -> V1 -> V2 -> L1[]}
{b=L0[], chain=L1[] -> V0, dbb=L1[], dbi=L1[], dib=L1[], dii=L1[], i=L0[], put=V0 -> V1 -> L0[] -> L1[]}
{b=L0[], chain=L0[] -> V0, dbb=L0[], dbi=L0[], dib=L0[], dii=L0[], i=L0[], put=V0 -> L0[] -> V0 -> L0[]}
{b=L0[], chain=L1[] -> V0, dbb=L1[], dbi=L1[], dib=L1[], dii=L1[], i=L0[], put=V0 -> L0[] -> V1 -> L1[]}
{b=L0[], chain=L1[] -> V0, dbb=L1[], dbi=L1[], dib=L1[], dii=L1[], i=L0[], put=V0 -> L0[] -> L0[] -> L1[]}
{b=L0[], chain=L1[] -> V0, dbb=L1[], dbi=L1[], dib=L1[], dii=L1[], i=L0[], put=L1[] -> V0 -> V0 -> L1[]}
{b=L0[], chain=L1[] -> V0, dbb=L1[], dbi=L1[], dib=L1[], dii=L1[], i=L2[], put=L1[] -> V0 -> V1 -> L1[]}
{b=L0[], chain=L1[] -> V0, dbb=L1[], dbi=L1[], dib=L1[], dii=L1[], i=L0[], put=L1[] -> V0 -> L0[] -> L1[]}
{b=L0[], chain=L1[] -> V0, dbb=L1[], dbi=L1[], dib=L1[], dii=L1[], i=L0[], put=L1[] -> L0[] -> V0 -> L1[]}
{b=L0[], chain=L1[] -> V0, dbb=L1[], dbi=L1[], dib=L1[], dii=L1[], i=L0[], put=L1[] -> L0[] -> L0[] -> L1[]}
{b=L0[], chain=L1[] -> V0, dbb=L1[], dbi=L1[], dib=L1[], dii=L1[], i=L0[], put=V1 -> L0[] -> V0}
{b=L0[], chain=L1[] -> V0, dbb=L1[], dbi=L1[], dib=L1[], dii=L1[], i=L2[], put=L1[] -> V1 -> V0}
{b=L0[], chain=L1[] -> V0, dbb=L1[], dbi=L1[], dib=L1[], dii=L1[], i=L0[], put=L1[] -> L0[] -> V0}
{b=L0[], chain=L1[] -> V0, dbb=L1[], dbi=L1[], dib=L1[], dii=L1[], i=L2[], put=L1[] -> V0}
[13:37:47.822]	BEG Dependency analysis
[13:37:47.852]	END Dependency analysis : 30 ms
[13:37:47.852]	Counts:
Total candidates=1311
[13:37:47.852]	Elapsed time: 163 ms
[13:37:47.852]	BEG Solving for label arities
[13:38:19.258]	END Solving for label arities : 31406 ms
[13:38:19.258]	Counts:
Total candidates=1311
[13:38:19.258]	Elapsed time: 31569 ms
[13:38:19.265]	END Depth 0 outlining [b, chain, dbb, dbi, dib, dii, i, put] : 31572 ms
[13:38:19.265]	Counts:
Total candidates=1311
[13:38:19.265]	Elapsed time: 31576 ms
[13:38:19.270]	Concrete seeds: 604
{b=L0[], chain=V0 -> V0 -> V0, dbb=L0[], dbi=L0[], dib=L0[], dii=L0[], i=L0[], put=V0 -> V0 -> V0 -> V0}
{b=L0[], chain=V0 -> V0 -> V0, dbb=L0[], dbi=L0[], dib=L0[], dii=L0[], i=L0[], put=V0 -> V0 -> L0[] -> V0}
{b=L0[.], chain=V0 -> V0 -> V0, dbb=L0[.], dbi=L0[.], dib=L0[.], dii=L0[.], i=L0[.], put=V0 -> V0 -> L0[_] -> V0}
{b=L0[], chain=V0 -> V0 -> V0, dbb=L0[], dbi=L0[], dib=L0[], dii=L0[], i=L0[], put=V0 -> L0[] -> V0 -> V0}
{b=L0[.], chain=V0 -> V0 -> V0, dbb=L0[.], dbi=L0[.], dib=L0[.], dii=L0[.], i=L0[.], put=V0 -> L0[_] -> V0 -> V0}
{b=L0[], chain=V0 -> V0 -> V0, dbb=L1[], dbi=L1[], dib=L1[], dii=L1[], i=L0[], put=V0 -> L0[] -> L0[] -> V0}
{b=L0[.], chain=V0 -> V0 -> V0, dbb=L1[], dbi=L1[], dib=L1[], dii=L1[], i=L0[.], put=V0 -> L0[_] -> L0[_] -> V0}
{b=L0[.], chain=V0 -> V0 -> V0, dbb=L0[.], dbi=L0[.], dib=L0[.], dii=L0[.], i=L0[.], put=V1 -> V1 -> L0[_] -> V0}
{b=L0[.], chain=V0 -> V0 -> V0, dbb=L0[.], dbi=L0[.], dib=L0[.], dii=L0[.], i=L0[.], put=V1 -> L0[_] -> V1 -> V0}
{b=L0[.], chain=V0 -> V0 -> V0, dbb=L1[], dbi=L1[], dib=L1[], dii=L1[], i=L0[.], put=V1 -> L0[_] -> L0[_] -> V0}
{b=L0[], chain=V0 -> V0 -> V0, dbb=L0[], dbi=L0[], dib=L0[], dii=L0[], i=L0[], put=L0[] -> V0 -> V0 -> V0}
{b=L0[.], chain=V0 -> V0 -> V0, dbb=L0[.], dbi=L0[.], dib=L0[.], dii=L0[.], i=L0[.], put=L0[_] -> V0 -> V0 -> V0}
{b=L0[], chain=V0 -> V0 -> V0, dbb=L0[], dbi=L0[], dib=L0[], dii=L0[], i=L0[], put=L0[] -> V0 -> V1 -> V0}
{b=L0[.], chain=V0 -> V0 -> V0, dbb=L0[.], dbi=L0[.], dib=L0[.], dii=L0[.], i=L0[.], put=L0[_] -> V0 -> V1 -> V0}
{b=L0[., .], chain=V0 -> V0 -> V0, dbb=L0[., .], dbi=L0[., .], dib=L0[., .], dii=L0[., .], i=L0[., .], put=L0[_, _] -> V0 -> V1 -> V0}
{b=L0[], chain=V0 -> V0 -> V0, dbb=L0[], dbi=L0[], dib=L0[], dii=L0[], i=L0[], put=L0[] -> V0 -> L0[] -> V0}
{b=L0[.], chain=V0 -> V0 -> V0, dbb=L0[.], dbi=L0[.], dib=L0[.], dii=L0[.], i=L0[.], put=L0[_] -> V0 -> L0[_] -> V0}
{b=L0[], chain=V0 -> V0 -> V0, dbb=L0[], dbi=L0[], dib=L0[], dii=L0[], i=L0[], put=L0[] -> V1 -> V0 -> V0}
{b=L0[.], chain=V0 -> V0 -> V0, dbb=L0[.], dbi=L0[.], dib=L0[.], dii=L0[.], i=L0[.], put=L0[_] -> V1 -> V0 -> V0}
{b=L0[., .], chain=V0 -> V0 -> V0, dbb=L0[., .], dbi=L0[., .], dib=L0[., .], dii=L0[., .], i=L0[., .], put=L0[_, _] -> V1 -> V0 -> V0}
{b=L0[], chain=V0 -> V0 -> V0, dbb=L1[.], dbi=L1[.], dib=L1[.], dii=L1[.], i=L0[], put=L1[_] -> V1 -> V1 -> V0}
{b=L0[], chain=V0 -> V0 -> V0, dbb=L1[.], dbi=L1[.], dib=L1[.], dii=L1[.], i=L2[], put=L1[_] -> V1 -> V2 -> V0}
{b=L0[], chain=V0 -> V0 -> V0, dbb=L1[., .], dbi=L1[., .], dib=L1[., .], dii=L1[., .], i=L2[], put=L1[_, _] -> V1 -> V2 -> V0}
{b=L0[], chain=V0 -> V0 -> V0, dbb=L1[.], dbi=L1[.], dib=L1[.], dii=L1[.], i=L0[], put=L1[_] -> V1 -> L0[] -> V0}
{b=L0[.], chain=V0 -> V0 -> V0, dbb=L1[], dbi=L1[], dib=L1[], dii=L1[], i=L0[.], put=L1[] -> V1 -> L0[_] -> V0}
{b=L0[.], chain=V0 -> V0 -> V0, dbb=L1[.], dbi=L1[.], dib=L1[.], dii=L1[.], i=L0[.], put=L1[_] -> V1 -> L0[_] -> V0}
{b=L0[], chain=V0 -> V0 -> V0, dbb=L0[], dbi=L0[], dib=L0[], dii=L0[], i=L0[], put=L0[] -> L0[] -> V0 -> V0}
{b=L0[.], chain=V0 -> V0 -> V0, dbb=L0[.], dbi=L0[.], dib=L0[.], dii=L0[.], i=L0[.], put=L0[_] -> L0[_] -> V0 -> V0}
{b=L0[], chain=V0 -> V0 -> V0, dbb=L1[.], dbi=L1[.], dib=L1[.], dii=L1[.], i=L0[], put=L1[_] -> L0[] -> V1 -> V0}
{b=L0[.], chain=V0 -> V0 -> V0, dbb=L1[], dbi=L1[], dib=L1[], dii=L1[], i=L0[.], put=L1[] -> L0[_] -> V1 -> V0}
{b=L0[.], chain=V0 -> V0 -> V0, dbb=L1[.], dbi=L1[.], dib=L1[.], dii=L1[.], i=L0[.], put=L1[_] -> L0[_] -> V1 -> V0}
{b=L0[], chain=V0 -> V0 -> V0, dbb=L1[.], dbi=L1[.], dib=L1[.], dii=L1[.], i=L0[], put=L1[_] -> L0[] -> L0[] -> V0}
{b=L0[.], chain=V0 -> V0 -> V0, dbb=L1[], dbi=L1[], dib=L1[], dii=L1[], i=L0[.], put=L1[] -> L0[_] -> L0[_] -> V0}
{b=L0[.], chain=V0 -> V0 -> V0, dbb=L1[.], dbi=L1[.], dib=L1[.], dii=L1[.], i=L0[.], put=L1[_] -> L0[_] -> L0[_] -> V0}
{b=L0[], chain=V0 -> L0[] -> V0, dbb=L0[], dbi=L0[], dib=L0[], dii=L0[], i=L0[], put=V0 -> V0 -> V0 -> V0}
{b=L0[], chain=V0 -> L0[] -> V0, dbb=L0[], dbi=L0[], dib=L0[], dii=L0[], i=L0[], put=V0 -> V0 -> L0[] -> V0}
{b=L0[.], chain=V0 -> L0[_] -> V0, dbb=L0[.], dbi=L0[.], dib=L0[.], dii=L0[.], i=L0[.], put=V0 -> V0 -> L0[_] -> V0}
{b=L0[], chain=V0 -> L0[] -> V0, dbb=L0[], dbi=L0[], dib=L0[], dii=L0[], i=L0[], put=V0 -> L0[] -> V0 -> V0}
{b=L0[.], chain=V0 -> L0[_] -> V0, dbb=L0[.], dbi=L0[.], dib=L0[.], dii=L0[.], i=L0[.], put=V0 -> L0[_] -> V0 -> V0}
{b=L0[], chain=V0 -> L1[] -> V0, dbb=L1[], dbi=L1[], dib=L1[], dii=L1[], i=L0[], put=V0 -> L0[] -> L0[] -> V0}
{b=L0[.], chain=V0 -> L1[] -> V0, dbb=L1[], dbi=L1[], dib=L1[], dii=L1[], i=L0[.], put=V0 -> L0[_] -> L0[_] -> V0}
{b=L0[.], chain=V0 -> L0[_] -> V0, dbb=L0[.], dbi=L0[.], dib=L0[.], dii=L0[.], i=L0[.], put=V1 -> V1 -> L0[_] -> V0}
{b=L0[.], chain=V0 -> L0[_] -> V0, dbb=L0[.], dbi=L0[.], dib=L0[.], dii=L0[.], i=L0[.], put=V1 -> L0[_] -> V1 -> V0}
{b=L0[.], chain=V0 -> L1[] -> V0, dbb=L1[], dbi=L1[], dib=L1[], dii=L1[], i=L0[.], put=V1 -> L0[_] -> L0[_] -> V0}
{b=L0[], chain=V0 -> L0[] -> V0, dbb=L0[], dbi=L0[], dib=L0[], dii=L0[], i=L0[], put=L0[] -> V0 -> V0 -> V0}
{b=L0[.], chain=V0 -> L0[_] -> V0, dbb=L0[.], dbi=L0[.], dib=L0[.], dii=L0[.], i=L0[.], put=L0[_] -> V0 -> V0 -> V0}
{b=L0[], chain=V0 -> L0[] -> V0, dbb=L0[], dbi=L0[], dib=L0[], dii=L0[], i=L0[], put=L0[] -> V0 -> V1 -> V0}
{b=L0[.], chain=V0 -> L0[_] -> V0, dbb=L0[.], dbi=L0[.], dib=L0[.], dii=L0[.], i=L0[.], put=L0[_] -> V0 -> V1 -> V0}
{b=L0[., .], chain=V0 -> L0[_, _] -> V0, dbb=L0[., .], dbi=L0[., .], dib=L0[., .], dii=L0[., .], i=L0[., .], put=L0[_, _] -> V0 -> V1 -> V0}
{b=L0[], chain=V0 -> L0[] -> V0, dbb=L0[], dbi=L0[], dib=L0[], dii=L0[], i=L0[], put=L0[] -> V0 -> L0[] -> V0}
{b=L0[.], chain=V0 -> L0[_] -> V0, dbb=L0[.], dbi=L0[.], dib=L0[.], dii=L0[.], i=L0[.], put=L0[_] -> V0 -> L0[_] -> V0}
{b=L0[], chain=V0 -> L0[] -> V0, dbb=L0[], dbi=L0[], dib=L0[], dii=L0[], i=L0[], put=L0[] -> V1 -> V0 -> V0}
{b=L0[.], chain=V0 -> L0[_] -> V0, dbb=L0[.], dbi=L0[.], dib=L0[.], dii=L0[.], i=L0[.], put=L0[_] -> V1 -> V0 -> V0}
{b=L0[., .], chain=V0 -> L0[_, _] -> V0, dbb=L0[., .], dbi=L0[., .], dib=L0[., .], dii=L0[., .], i=L0[., .], put=L0[_, _] -> V1 -> V0 -> V0}
{b=L0[], chain=V0 -> L1[_] -> V0, dbb=L1[.], dbi=L1[.], dib=L1[.], dii=L1[.], i=L0[], put=L1[_] -> V1 -> V1 -> V0}
{b=L0[], chain=V0 -> L1[_] -> V0, dbb=L1[.], dbi=L1[.], dib=L1[.], dii=L1[.], i=L2[], put=L1[_] -> V1 -> V2 -> V0}
{b=L0[], chain=V0 -> L1[_, _] -> V0, dbb=L1[., .], dbi=L1[., .], dib=L1[., .], dii=L1[., .], i=L2[], put=L1[_, _] -> V1 -> V2 -> V0}
{b=L0[], chain=V0 -> L1[_] -> V0, dbb=L1[.], dbi=L1[.], dib=L1[.], dii=L1[.], i=L0[], put=L1[_] -> V1 -> L0[] -> V0}
{b=L0[.], chain=V0 -> L1[] -> V0, dbb=L1[], dbi=L1[], dib=L1[], dii=L1[], i=L0[.], put=L1[] -> V1 -> L0[_] -> V0}
{b=L0[.], chain=V0 -> L1[_] -> V0, dbb=L1[.], dbi=L1[.], dib=L1[.], dii=L1[.], i=L0[.], put=L1[_] -> V1 -> L0[_] -> V0}
{b=L0[], chain=V0 -> L0[] -> V0, dbb=L0[], dbi=L0[], dib=L0[], dii=L0[], i=L0[], put=L0[] -> L0[] -> V0 -> V0}
{b=L0[.], chain=V0 -> L0[_] -> V0, dbb=L0[.], dbi=L0[.], dib=L0[.], dii=L0[.], i=L0[.], put=L0[_] -> L0[_] -> V0 -> V0}
{b=L0[], chain=V0 -> L1[_] -> V0, dbb=L1[.], dbi=L1[.], dib=L1[.], dii=L1[.], i=L0[], put=L1[_] -> L0[] -> V1 -> V0}
{b=L0[.], chain=V0 -> L1[] -> V0, dbb=L1[], dbi=L1[], dib=L1[], dii=L1[], i=L0[.], put=L1[] -> L0[_] -> V1 -> V0}
{b=L0[.], chain=V0 -> L1[_] -> V0, dbb=L1[.], dbi=L1[.], dib=L1[.], dii=L1[.], i=L0[.], put=L1[_] -> L0[_] -> V1 -> V0}
{b=L0[], chain=V0 -> L1[_] -> V0, dbb=L1[.], dbi=L1[.], dib=L1[.], dii=L1[.], i=L0[], put=L1[_] -> L0[] -> L0[] -> V0}
{b=L0[.], chain=V0 -> L1[] -> V0, dbb=L1[], dbi=L1[], dib=L1[], dii=L1[], i=L0[.], put=L1[] -> L0[_] -> L0[_] -> V0}
{b=L0[.], chain=V0 -> L1[_] -> V0, dbb=L1[.], dbi=L1[.], dib=L1[.], dii=L1[.], i=L0[.], put=L1[_] -> L0[_] -> L0[_] -> V0}
{b=L0[.], chain=V1 -> L0[_] -> V0, dbb=L0[.], dbi=L0[.], dib=L0[.], dii=L0[.], i=L0[.], put=V0 -> V0 -> L0[_] -> V0}
{b=L0[.], chain=V1 -> L0[_] -> V0, dbb=L0[.], dbi=L0[.], dib=L0[.], dii=L0[.], i=L0[.], put=V0 -> L0[_] -> V0 -> V0}
{b=L0[.], chain=V1 -> L0[_] -> V0, dbb=L0[.], dbi=L0[.], dib=L0[.], dii=L0[.], i=L0[.], put=V1 -> V1 -> L0[_] -> V0}
{b=L0[.], chain=V1 -> L0[_] -> V0, dbb=L0[.], dbi=L0[.], dib=L0[.], dii=L0[.], i=L0[.], put=V1 -> L0[_] -> V1 -> V0}
{b=L0[.], chain=V1 -> L0[_] -> V0, dbb=L0[.], dbi=L0[.], dib=L0[.], dii=L0[.], i=L0[.], put=L0[_] -> V0 -> V0 -> V0}
{b=L0[.], chain=V1 -> L0[_] -> V0, dbb=L0[.], dbi=L0[.], dib=L0[.], dii=L0[.], i=L0[.], put=L0[_] -> V0 -> V1 -> V0}
{b=L0[., .], chain=V1 -> L0[_, _] -> V0, dbb=L0[., .], dbi=L0[., .], dib=L0[., .], dii=L0[., .], i=L0[., .], put=L0[_, _] -> V0 -> V1 -> V0}
{b=L0[.], chain=V1 -> L0[_] -> V0, dbb=L0[.], dbi=L0[.], dib=L0[.], dii=L0[.], i=L0[.], put=L0[_] -> V0 -> L0[_] -> V0}
{b=L0[.], chain=V1 -> L0[_] -> V0, dbb=L0[.], dbi=L0[.], dib=L0[.], dii=L0[.], i=L0[.], put=L0[_] -> V1 -> V0 -> V0}
{b=L0[., .], chain=V1 -> L0[_, _] -> V0, dbb=L0[., .], dbi=L0[., .], dib=L0[., .], dii=L0[., .], i=L0[., .], put=L0[_, _] -> V1 -> V0 -> V0}
{b=L0[], chain=V1 -> L1[_] -> V0, dbb=L1[.], dbi=L1[.], dib=L1[.], dii=L1[.], i=L0[], put=L1[_] -> V1 -> V1 -> V0}
{b=L0[], chain=V1 -> L1[_] -> V0, dbb=L1[.], dbi=L1[.], dib=L1[.], dii=L1[.], i=L2[], put=L1[_] -> V1 -> V2 -> V0}
{b=L0[], chain=V1 -> L1[_, _] -> V0, dbb=L1[., .], dbi=L1[., .], dib=L1[., .], dii=L1[., .], i=L2[], put=L1[_, _] -> V1 -> V2 -> V0}
{b=L0[], chain=V1 -> L1[_] -> V0, dbb=L1[.], dbi=L1[.], dib=L1[.], dii=L1[.], i=L0[], put=L1[_] -> V1 -> L0[] -> V0}
{b=L0[.], chain=V1 -> L1[_] -> V0, dbb=L1[.], dbi=L1[.], dib=L1[.], dii=L1[.], i=L0[.], put=L1[_] -> V1 -> L0[_] -> V0}
{b=L0[.], chain=V1 -> L0[_] -> V0, dbb=L0[.], dbi=L0[.], dib=L0[.], dii=L0[.], i=L0[.], put=L0[_] -> L0[_] -> V0 -> V0}
{b=L0[], chain=V1 -> L1[_] -> V0, dbb=L1[.], dbi=L1[.], dib=L1[.], dii=L1[.], i=L0[], put=L1[_] -> L0[] -> V1 -> V0}
{b=L0[.], chain=V1 -> L1[_] -> V0, dbb=L1[.], dbi=L1[.], dib=L1[.], dii=L1[.], i=L0[.], put=L1[_] -> L0[_] -> V1 -> V0}
{b=L0[], chain=V1 -> L1[_] -> V0, dbb=L1[.], dbi=L1[.], dib=L1[.], dii=L1[.], i=L0[], put=L1[_] -> L0[] -> L0[] -> V0}
{b=L0[.], chain=V1 -> L1[_] -> V0, dbb=L1[.], dbi=L1[.], dib=L1[.], dii=L1[.], i=L0[.], put=L1[_] -> L0[_] -> L0[_] -> V0}
{b=L0[], chain=L0[] -> V0 -> V0, dbb=L0[], dbi=L0[], dib=L0[], dii=L0[], i=L0[], put=V0 -> V0 -> V0 -> V0}
{b=L0[.], chain=L0[_] -> V0 -> V0, dbb=L0[.], dbi=L0[.], dib=L0[.], dii=L0[.], i=L0[.], put=V0 -> V0 -> V0 -> V0}
{b=L0[], chain=L0[] -> V0 -> V0, dbb=L0[], dbi=L0[], dib=L0[], dii=L0[], i=L0[], put=V0 -> V0 -> L0[] -> V0}
{b=L0[.], chain=L0[_] -> V0 -> V0, dbb=L0[.], dbi=L0[.], dib=L0[.], dii=L0[.], i=L0[.], put=V0 -> V0 -> L0[_] -> V0}
{b=L0[], chain=L0[] -> V0 -> V0, dbb=L0[], dbi=L0[], dib=L0[], dii=L0[], i=L0[], put=V0 -> L0[] -> V0 -> V0}
{b=L0[.], chain=L0[_] -> V0 -> V0, dbb=L0[.], dbi=L0[.], dib=L0[.], dii=L0[.], i=L0[.], put=V0 -> L0[_] -> V0 -> V0}
{b=L0[], chain=L1[] -> V0 -> V0, dbb=L1[], dbi=L1[], dib=L1[], dii=L1[], i=L0[], put=V0 -> L0[] -> L0[] -> V0}
{b=L0[], chain=L1[_] -> V0 -> V0, dbb=L1[.], dbi=L1[.], dib=L1[.], dii=L1[.], i=L0[], put=V0 -> L0[] -> L0[] -> V0}
{b=L0[.], chain=L1[] -> V0 -> V0, dbb=L1[], dbi=L1[], dib=L1[], dii=L1[], i=L0[.], put=V0 -> L0[_] -> L0[_] -> V0}
{b=L0[.], chain=L1[_] -> V0 -> V0, dbb=L1[.], dbi=L1[.], dib=L1[.], dii=L1[.], i=L0[.], put=V0 -> L0[_] -> L0[_] -> V0}
{b=L0[.], chain=L0[_] -> V0 -> V0, dbb=L0[.], dbi=L0[.], dib=L0[.], dii=L0[.], i=L0[.], put=V1 -> V1 -> L0[_] -> V0}
{b=L0[.], chain=L0[_] -> V0 -> V0, dbb=L0[.], dbi=L0[.], dib=L0[.], dii=L0[.], i=L0[.], put=V1 -> L0[_] -> V1 -> V0}
{b=L0[.], chain=L1[] -> V0 -> V0, dbb=L1[], dbi=L1[], dib=L1[], dii=L1[], i=L0[.], put=V1 -> L0[_] -> L0[_] -> V0}
{b=L0[.], chain=L1[_] -> V0 -> V0, dbb=L1[.], dbi=L1[.], dib=L1[.], dii=L1[.], i=L0[.], put=V1 -> L0[_] -> L0[_] -> V0}
{b=L0[], chain=L0[] -> V0 -> V0, dbb=L0[], dbi=L0[], dib=L0[], dii=L0[], i=L0[], put=L0[] -> V0 -> V0 -> V0}
{b=L0[.], chain=L0[_] -> V0 -> V0, dbb=L0[.], dbi=L0[.], dib=L0[.], dii=L0[.], i=L0[.], put=L0[_] -> V0 -> V0 -> V0}
{b=L0[], chain=L0[] -> V0 -> V0, dbb=L0[], dbi=L0[], dib=L0[], dii=L0[], i=L0[], put=L0[] -> V0 -> V1 -> V0}
{b=L0[.], chain=L0[_] -> V0 -> V0, dbb=L0[.], dbi=L0[.], dib=L0[.], dii=L0[.], i=L0[.], put=L0[_] -> V0 -> V1 -> V0}
{b=L0[., .], chain=L0[_, _] -> V0 -> V0, dbb=L0[., .], dbi=L0[., .], dib=L0[., .], dii=L0[., .], i=L0[., .], put=L0[_, _] -> V0 -> V1 -> V0}
{b=L0[], chain=L0[] -> V0 -> V0, dbb=L0[], dbi=L0[], dib=L0[], dii=L0[], i=L0[], put=L0[] -> V0 -> L0[] -> V0}
{b=L0[.], chain=L0[_] -> V0 -> V0, dbb=L0[.], dbi=L0[.], dib=L0[.], dii=L0[.], i=L0[.], put=L0[_] -> V0 -> L0[_] -> V0}
{b=L0[], chain=L0[] -> V0 -> V0, dbb=L0[], dbi=L0[], dib=L0[], dii=L0[], i=L0[], put=L0[] -> V1 -> V0 -> V0}
{b=L0[.], chain=L0[_] -> V0 -> V0, dbb=L0[.], dbi=L0[.], dib=L0[.], dii=L0[.], i=L0[.], put=L0[_] -> V1 -> V0 -> V0}
{b=L0[., .], chain=L0[_, _] -> V0 -> V0, dbb=L0[., .], dbi=L0[., .], dib=L0[., .], dii=L0[., .], i=L0[., .], put=L0[_, _] -> V1 -> V0 -> V0}
{b=L0[], chain=L1[_] -> V0 -> V0, dbb=L1[.], dbi=L1[.], dib=L1[.], dii=L1[.], i=L0[], put=L1[_] -> V1 -> V1 -> V0}
{b=L0[], chain=L1[_] -> V0 -> V0, dbb=L1[.], dbi=L1[.], dib=L1[.], dii=L1[.], i=L2[], put=L1[_] -> V1 -> V2 -> V0}
{b=L0[], chain=L1[_, _] -> V0 -> V0, dbb=L1[., .], dbi=L1[., .], dib=L1[., .], dii=L1[., .], i=L2[], put=L1[_, _] -> V1 -> V2 -> V0}
{b=L0[], chain=L1[_] -> V0 -> V0, dbb=L1[.], dbi=L1[.], dib=L1[.], dii=L1[.], i=L0[], put=L1[_] -> V1 -> L0[] -> V0}
{b=L0[.], chain=L1[] -> V0 -> V0, dbb=L1[], dbi=L1[], dib=L1[], dii=L1[], i=L0[.], put=L1[] -> V1 -> L0[_] -> V0}
{b=L0[.], chain=L1[_] -> V0 -> V0, dbb=L1[.], dbi=L1[.], dib=L1[.], dii=L1[.], i=L0[.], put=L1[_] -> V1 -> L0[_] -> V0}
{b=L0[], chain=L0[] -> V0 -> V0, dbb=L0[], dbi=L0[], dib=L0[], dii=L0[], i=L0[], put=L0[] -> L0[] -> V0 -> V0}
{b=L0[.], chain=L0[_] -> V0 -> V0, dbb=L0[.], dbi=L0[.], dib=L0[.], dii=L0[.], i=L0[.], put=L0[_] -> L0[_] -> V0 -> V0}
{b=L0[], chain=L1[_] -> V0 -> V0, dbb=L1[.], dbi=L1[.], dib=L1[.], dii=L1[.], i=L0[], put=L1[_] -> L0[] -> V1 -> V0}
{b=L0[.], chain=L1[] -> V0 -> V0, dbb=L1[], dbi=L1[], dib=L1[], dii=L1[], i=L0[.], put=L1[] -> L0[_] -> V1 -> V0}
{b=L0[.], chain=L1[_] -> V0 -> V0, dbb=L1[.], dbi=L1[.], dib=L1[.], dii=L1[.], i=L0[.], put=L1[_] -> L0[_] -> V1 -> V0}
{b=L0[], chain=L1[_] -> V0 -> V0, dbb=L1[.], dbi=L1[.], dib=L1[.], dii=L1[.], i=L0[], put=L1[_] -> L0[] -> L0[] -> V0}
{b=L0[.], chain=L1[] -> V0 -> V0, dbb=L1[], dbi=L1[], dib=L1[], dii=L1[], i=L0[.], put=L1[] -> L0[_] -> L0[_] -> V0}
{b=L0[.], chain=L1[_] -> V0 -> V0, dbb=L1[.], dbi=L1[.], dib=L1[.], dii=L1[.], i=L0[.], put=L1[_] -> L0[_] -> L0[_] -> V0}
{b=L0[.], chain=L0[_] -> V1 -> V0, dbb=L0[.], dbi=L0[.], dib=L0[.], dii=L0[.], i=L0[.], put=V0 -> V0 -> V0 -> V0}
{b=L0[.], chain=L0[_] -> V1 -> V0, dbb=L0[.], dbi=L0[.], dib=L0[.], dii=L0[.], i=L0[.], put=V0 -> V0 -> L0[_] -> V0}
{b=L0[.], chain=L0[_] -> V1 -> V0, dbb=L0[.], dbi=L0[.], dib=L0[.], dii=L0[.], i=L0[.], put=V0 -> L0[_] -> V0 -> V0}
{b=L0[], chain=L1[_] -> V1 -> V0, dbb=L1[.], dbi=L1[.], dib=L1[.], dii=L1[.], i=L0[], put=V0 -> L0[] -> L0[] -> V0}
{b=L0[.], chain=L1[_] -> V1 -> V0, dbb=L1[.], dbi=L1[.], dib=L1[.], dii=L1[.], i=L0[.], put=V0 -> L0[_] -> L0[_] -> V0}
{b=L0[.], chain=L0[_] -> V1 -> V0, dbb=L0[.], dbi=L0[.], dib=L0[.], dii=L0[.], i=L0[.], put=V1 -> V1 -> L0[_] -> V0}
{b=L0[.], chain=L0[_] -> V1 -> V0, dbb=L0[.], dbi=L0[.], dib=L0[.], dii=L0[.], i=L0[.], put=V1 -> L0[_] -> V1 -> V0}
{b=L0[.], chain=L1[_] -> V1 -> V0, dbb=L1[.], dbi=L1[.], dib=L1[.], dii=L1[.], i=L0[.], put=V1 -> L0[_] -> L0[_] -> V0}
{b=L0[.], chain=L0[_] -> V1 -> V0, dbb=L0[.], dbi=L0[.], dib=L0[.], dii=L0[.], i=L0[.], put=L0[_] -> V0 -> V0 -> V0}
{b=L0[.], chain=L0[_] -> V1 -> V0, dbb=L0[.], dbi=L0[.], dib=L0[.], dii=L0[.], i=L0[.], put=L0[_] -> V0 -> V1 -> V0}
{b=L0[., .], chain=L0[_, _] -> V1 -> V0, dbb=L0[., .], dbi=L0[., .], dib=L0[., .], dii=L0[., .], i=L0[., .], put=L0[_, _] -> V0 -> V1 -> V0}
{b=L0[.], chain=L0[_] -> V1 -> V0, dbb=L0[.], dbi=L0[.], dib=L0[.], dii=L0[.], i=L0[.], put=L0[_] -> V0 -> L0[_] -> V0}
{b=L0[.], chain=L0[_] -> V1 -> V0, dbb=L0[.], dbi=L0[.], dib=L0[.], dii=L0[.], i=L0[.], put=L0[_] -> V1 -> V0 -> V0}
{b=L0[., .], chain=L0[_, _] -> V1 -> V0, dbb=L0[., .], dbi=L0[., .], dib=L0[., .], dii=L0[., .], i=L0[., .], put=L0[_, _] -> V1 -> V0 -> V0}
{b=L0[], chain=L1[_] -> V1 -> V0, dbb=L1[.], dbi=L1[.], dib=L1[.], dii=L1[.], i=L0[], put=L1[_] -> V1 -> V1 -> V0}
{b=L0[], chain=L1[_] -> V1 -> V0, dbb=L1[.], dbi=L1[.], dib=L1[.], dii=L1[.], i=L2[], put=L1[_] -> V1 -> V2 -> V0}
{b=L0[], chain=L1[_, _] -> V1 -> V0, dbb=L1[., .], dbi=L1[., .], dib=L1[., .], dii=L1[., .], i=L2[], put=L1[_, _] -> V1 -> V2 -> V0}
{b=L0[], chain=L1[_] -> V1 -> V0, dbb=L1[.], dbi=L1[.], dib=L1[.], dii=L1[.], i=L0[], put=L1[_] -> V1 -> L0[] -> V0}
{b=L0[.], chain=L1[_] -> V1 -> V0, dbb=L1[.], dbi=L1[.], dib=L1[.], dii=L1[.], i=L0[.], put=L1[_] -> V1 -> L0[_] -> V0}
{b=L0[.], chain=L0[_] -> V1 -> V0, dbb=L0[.], dbi=L0[.], dib=L0[.], dii=L0[.], i=L0[.], put=L0[_] -> L0[_] -> V0 -> V0}
{b=L0[], chain=L1[_] -> V1 -> V0, dbb=L1[.], dbi=L1[.], dib=L1[.], dii=L1[.], i=L0[], put=L1[_] -> L0[] -> V1 -> V0}
{b=L0[.], chain=L1[_] -> V1 -> V0, dbb=L1[.], dbi=L1[.], dib=L1[.], dii=L1[.], i=L0[.], put=L1[_] -> L0[_] -> V1 -> V0}
{b=L0[], chain=L1[_] -> V1 -> V0, dbb=L1[.], dbi=L1[.], dib=L1[.], dii=L1[.], i=L0[], put=L1[_] -> L0[] -> L0[] -> V0}
{b=L0[.], chain=L1[_] -> V1 -> V0, dbb=L1[.], dbi=L1[.], dib=L1[.], dii=L1[.], i=L0[.], put=L1[_] -> L0[_] -> L0[_] -> V0}
{b=L0[.], chain=L0[_] -> L0[_] -> V0, dbb=L0[.], dbi=L0[.], dib=L0[.], dii=L0[.], i=L0[.], put=V0 -> V0 -> L0[_] -> V0}
{b=L0[.], chain=L0[_] -> L0[_] -> V0, dbb=L0[.], dbi=L0[.], dib=L0[.], dii=L0[.], i=L0[.], put=V0 -> L0[_] -> V0 -> V0}
{b=L0[.], chain=L0[_] -> L0[_] -> V0, dbb=L0[.], dbi=L0[.], dib=L0[.], dii=L0[.], i=L0[.], put=V1 -> V1 -> L0[_] -> V0}
{b=L0[.], chain=L0[_] -> L0[_] -> V0, dbb=L0[.], dbi=L0[.], dib=L0[.], dii=L0[.], i=L0[.], put=V1 -> L0[_] -> V1 -> V0}
{b=L0[.], chain=L0[_] -> L0[_] -> V0, dbb=L0[.], dbi=L0[.], dib=L0[.], dii=L0[.], i=L0[.], put=L0[_] -> V0 -> V0 -> V0}
{b=L0[.], chain=L0[_] -> L0[_] -> V0, dbb=L0[.], dbi=L0[.], dib=L0[.], dii=L0[.], i=L0[.], put=L0[_] -> V0 -> V1 -> V0}
{b=L0[., .], chain=L0[_, _] -> L0[_, _] -> V0, dbb=L0[., .], dbi=L0[., .], dib=L0[., .], dii=L0[., .], i=L0[., .], put=L0[_, _] -> V0 -> V1 -> V0}
{b=L0[.], chain=L0[_] -> L0[_] -> V0, dbb=L0[.], dbi=L0[.], dib=L0[.], dii=L0[.], i=L0[.], put=L0[_] -> V0 -> L0[_] -> V0}
{b=L0[.], chain=L0[_] -> L0[_] -> V0, dbb=L0[.], dbi=L0[.], dib=L0[.], dii=L0[.], i=L0[.], put=L0[_] -> V1 -> V0 -> V0}
{b=L0[., .], chain=L0[_, _] -> L0[_, _] -> V0, dbb=L0[., .], dbi=L0[., .], dib=L0[., .], dii=L0[., .], i=L0[., .], put=L0[_, _] -> V1 -> V0 -> V0}
{b=L0[], chain=L1[_] -> L1[_] -> V0, dbb=L1[.], dbi=L1[.], dib=L1[.], dii=L1[.], i=L0[], put=L1[_] -> V1 -> V1 -> V0}
{b=L0[], chain=L1[_] -> L1[_] -> V0, dbb=L1[.], dbi=L1[.], dib=L1[.], dii=L1[.], i=L2[], put=L1[_] -> V1 -> V2 -> V0}
{b=L0[], chain=L1[_, _] -> L1[_, _] -> V0, dbb=L1[., .], dbi=L1[., .], dib=L1[., .], dii=L1[., .], i=L2[], put=L1[_, _] -> V1 -> V2 -> V0}
{b=L0[], chain=L1[_] -> L1[_] -> V0, dbb=L1[.], dbi=L1[.], dib=L1[.], dii=L1[.], i=L0[], put=L1[_] -> V1 -> L0[] -> V0}
{b=L0[.], chain=L1[_] -> L1[_] -> V0, dbb=L1[.], dbi=L1[.], dib=L1[.], dii=L1[.], i=L0[.], put=L1[_] -> V1 -> L0[_] -> V0}
{b=L0[.], chain=L0[_] -> L0[_] -> V0, dbb=L0[.], dbi=L0[.], dib=L0[.], dii=L0[.], i=L0[.], put=L0[_] -> L0[_] -> V0 -> V0}
{b=L0[], chain=L1[_] -> L1[_] -> V0, dbb=L1[.], dbi=L1[.], dib=L1[.], dii=L1[.], i=L0[], put=L1[_] -> L0[] -> V1 -> V0}
{b=L0[.], chain=L1[_] -> L1[_] -> V0, dbb=L1[.], dbi=L1[.], dib=L1[.], dii=L1[.], i=L0[.], put=L1[_] -> L0[_] -> V1 -> V0}
{b=L0[], chain=L1[_] -> L1[_] -> V0, dbb=L1[.], dbi=L1[.], dib=L1[.], dii=L1[.], i=L0[], put=L1[_] -> L0[] -> L0[] -> V0}
{b=L0[.], chain=L1[_] -> L1[_] -> V0, dbb=L1[.], dbi=L1[.], dib=L1[.], dii=L1[.], i=L0[.], put=L1[_] -> L0[_] -> L0[_] -> V0}
{b=L0[], chain=V0 -> V0 -> V0, dbb=L0[], dbi=L0[], dib=L0[], dii=L0[], i=L0[], put=V0 -> V0 -> V0 -> L0[]}
{b=L0[], chain=V0 -> V0 -> V0, dbb=L0[], dbi=L0[], dib=L0[], dii=L0[], i=L0[], put=V0 -> V0 -> L0[] -> L0[]}
{b=L0[.], chain=V0 -> V0 -> V0, dbb=L0[.], dbi=L0[.], dib=L0[.], dii=L0[.], i=L0[.], put=V0 -> V0 -> L0[_] -> L0[_]}
{b=L0[], chain=V0 -> V0 -> V0, dbb=L0[], dbi=L0[], dib=L0[], dii=L0[], i=L0[], put=V0 -> L0[] -> V0 -> L0[]}
{b=L0[.], chain=V0 -> V0 -> V0, dbb=L0[.], dbi=L0[.], dib=L0[.], dii=L0[.], i=L0[.], put=V0 -> L0[_] -> V0 -> L0[_]}
{b=L0[], chain=V0 -> V0 -> V0, dbb=L1[], dbi=L1[], dib=L1[], dii=L1[], i=L0[], put=V0 -> L0[] -> L0[] -> L1[]}
{b=L0[.], chain=V0 -> V0 -> V0, dbb=L1[], dbi=L1[], dib=L1[], dii=L1[], i=L0[.], put=V0 -> L0[_] -> L0[_] -> L1[]}
{b=L0[], chain=V0 -> V0 -> V0, dbb=L1[], dbi=L1[], dib=L1[], dii=L1[], i=L0[], put=L1[] -> V0 -> V0 -> L1[]}
{b=L0[], chain=V0 -> V0 -> V0, dbb=L1[.], dbi=L1[.], dib=L1[.], dii=L1[.], i=L0[], put=L1[_] -> V0 -> V0 -> L1[_]}
{b=L0[], chain=V0 -> V0 -> V0, dbb=L1[], dbi=L1[], dib=L1[], dii=L1[], i=L2[], put=L1[] -> V0 -> V1 -> L1[]}
{b=L0[], chain=V0 -> V0 -> V0, dbb=L1[.], dbi=L1[.], dib=L1[.], dii=L1[.], i=L2[], put=L1[_] -> V0 -> V1 -> L1[_]}
{b=L0[], chain=V0 -> V0 -> V0, dbb=L1[., .], dbi=L1[., .], dib=L1[., .], dii=L1[., .], i=L2[], put=L1[_, _] -> V0 -> V1 -> L1[_, _]}
{b=L0[], chain=V0 -> V0 -> V0, dbb=L1[], dbi=L1[], dib=L1[], dii=L1[], i=L0[], put=L1[] -> V0 -> L0[] -> L1[]}
{b=L0[], chain=V0 -> V0 -> V0, dbb=L1[.], dbi=L1[.], dib=L1[.], dii=L1[.], i=L0[], put=L1[_] -> V0 -> L0[] -> L1[_]}
{b=L0[.], chain=V0 -> V0 -> V0, dbb=L1[], dbi=L1[], dib=L1[], dii=L1[], i=L0[.], put=L1[] -> V0 -> L0[_] -> L1[]}
{b=L0[.], chain=V0 -> V0 -> V0, dbb=L1[.], dbi=L1[.], dib=L1[.], dii=L1[.], i=L0[.], put=L1[_] -> V0 -> L0[_] -> L1[_]}
{b=L0[], chain=V0 -> V0 -> V0, dbb=L1[], dbi=L1[], dib=L1[], dii=L1[], i=L0[], put=L1[] -> L0[] -> V0 -> L1[]}
{b=L0[], chain=V0 -> V0 -> V0, dbb=L1[.], dbi=L1[.], dib=L1[.], dii=L1[.], i=L0[], put=L1[_] -> L0[] -> V0 -> L1[_]}
{b=L0[.], chain=V0 -> V0 -> V0, dbb=L1[], dbi=L1[], dib=L1[], dii=L1[], i=L0[.], put=L1[] -> L0[_] -> V0 -> L1[]}
{b=L0[.], chain=V0 -> V0 -> V0, dbb=L1[.], dbi=L1[.], dib=L1[.], dii=L1[.], i=L0[.], put=L1[_] -> L0[_] -> V0 -> L1[_]}
{b=L0[], chain=V0 -> V0 -> V0, dbb=L1[], dbi=L1[], dib=L1[], dii=L1[], i=L0[], put=L1[] -> L0[] -> L0[] -> L1[]}
{b=L0[], chain=V0 -> V0 -> V0, dbb=L1[.], dbi=L1[.], dib=L1[.], dii=L1[.], i=L0[], put=L1[_] -> L0[] -> L0[] -> L1[_]}
{b=L0[.], chain=V0 -> V0 -> V0, dbb=L1[], dbi=L1[], dib=L1[], dii=L1[], i=L0[.], put=L1[] -> L0[_] -> L0[_] -> L1[]}
{b=L0[.], chain=V0 -> V0 -> V0, dbb=L1[.], dbi=L1[.], dib=L1[.], dii=L1[.], i=L0[.], put=L1[_] -> L0[_] -> L0[_] -> L1[_]}
{b=L0[], chain=V0 -> L0[] -> V0, dbb=L0[], dbi=L0[], dib=L0[], dii=L0[], i=L0[], put=V0 -> V0 -> V0 -> L0[]}
{b=L0[], chain=V0 -> L0[] -> V0, dbb=L0[], dbi=L0[], dib=L0[], dii=L0[], i=L0[], put=V0 -> V0 -> L0[] -> L0[]}
{b=L0[.], chain=V0 -> L0[_] -> V0, dbb=L0[.], dbi=L0[.], dib=L0[.], dii=L0[.], i=L0[.], put=V0 -> V0 -> L0[_] -> L0[_]}
{b=L0[], chain=V0 -> L0[] -> V0, dbb=L0[], dbi=L0[], dib=L0[], dii=L0[], i=L0[], put=V0 -> L0[] -> V0 -> L0[]}
{b=L0[.], chain=V0 -> L0[_] -> V0, dbb=L0[.], dbi=L0[.], dib=L0[.], dii=L0[.], i=L0[.], put=V0 -> L0[_] -> V0 -> L0[_]}
{b=L0[], chain=V0 -> L1[] -> V0, dbb=L1[], dbi=L1[], dib=L1[], dii=L1[], i=L0[], put=V0 -> L0[] -> L0[] -> L1[]}
{b=L0[.], chain=V0 -> L1[] -> V0, dbb=L1[], dbi=L1[], dib=L1[], dii=L1[], i=L0[.], put=V0 -> L0[_] -> L0[_] -> L1[]}
{b=L0[], chain=V0 -> L1[] -> V0, dbb=L1[], dbi=L1[], dib=L1[], dii=L1[], i=L0[], put=L1[] -> V0 -> V0 -> L1[]}
{b=L0[], chain=V0 -> L1[_] -> V0, dbb=L1[.], dbi=L1[.], dib=L1[.], dii=L1[.], i=L0[], put=L1[_] -> V0 -> V0 -> L1[_]}
{b=L0[], chain=V0 -> L1[] -> V0, dbb=L1[], dbi=L1[], dib=L1[], dii=L1[], i=L2[], put=L1[] -> V0 -> V1 -> L1[]}
{b=L0[], chain=V0 -> L1[_] -> V0, dbb=L1[.], dbi=L1[.], dib=L1[.], dii=L1[.], i=L2[], put=L1[_] -> V0 -> V1 -> L1[_]}
{b=L0[], chain=V0 -> L1[_, _] -> V0, dbb=L1[., .], dbi=L1[., .], dib=L1[., .], dii=L1[., .], i=L2[], put=L1[_, _] -> V0 -> V1 -> L1[_, _]}
{b=L0[], chain=V0 -> L1[] -> V0, dbb=L1[], dbi=L1[], dib=L1[], dii=L1[], i=L0[], put=L1[] -> V0 -> L0[] -> L1[]}
{b=L0[], chain=V0 -> L1[_] -> V0, dbb=L1[.], dbi=L1[.], dib=L1[.], dii=L1[.], i=L0[], put=L1[_] -> V0 -> L0[] -> L1[_]}
{b=L0[.], chain=V0 -> L1[] -> V0, dbb=L1[], dbi=L1[], dib=L1[], dii=L1[], i=L0[.], put=L1[] -> V0 -> L0[_] -> L1[]}
{b=L0[.], chain=V0 -> L1[_] -> V0, dbb=L1[.], dbi=L1[.], dib=L1[.], dii=L1[.], i=L0[.], put=L1[_] -> V0 -> L0[_] -> L1[_]}
{b=L0[], chain=V0 -> L1[] -> V0, dbb=L1[], dbi=L1[], dib=L1[], dii=L1[], i=L0[], put=L1[] -> L0[] -> V0 -> L1[]}
{b=L0[], chain=V0 -> L1[_] -> V0, dbb=L1[.], dbi=L1[.], dib=L1[.], dii=L1[.], i=L0[], put=L1[_] -> L0[] -> V0 -> L1[_]}
{b=L0[.], chain=V0 -> L1[] -> V0, dbb=L1[], dbi=L1[], dib=L1[], dii=L1[], i=L0[.], put=L1[] -> L0[_] -> V0 -> L1[]}
{b=L0[.], chain=V0 -> L1[_] -> V0, dbb=L1[.], dbi=L1[.], dib=L1[.], dii=L1[.], i=L0[.], put=L1[_] -> L0[_] -> V0 -> L1[_]}
{b=L0[], chain=V0 -> L1[] -> V0, dbb=L1[], dbi=L1[], dib=L1[], dii=L1[], i=L0[], put=L1[] -> L0[] -> L0[] -> L1[]}
{b=L0[], chain=V0 -> L1[_] -> V0, dbb=L1[.], dbi=L1[.], dib=L1[.], dii=L1[.], i=L0[], put=L1[_] -> L0[] -> L0[] -> L1[_]}
{b=L0[.], chain=V0 -> L1[] -> V0, dbb=L1[], dbi=L1[], dib=L1[], dii=L1[], i=L0[.], put=L1[] -> L0[_] -> L0[_] -> L1[]}
{b=L0[.], chain=V0 -> L1[_] -> V0, dbb=L1[.], dbi=L1[.], dib=L1[.], dii=L1[.], i=L0[.], put=L1[_] -> L0[_] -> L0[_] -> L1[_]}
{b=L0[.], chain=V1 -> L0[_] -> V0, dbb=L0[.], dbi=L0[.], dib=L0[.], dii=L0[.], i=L0[.], put=V0 -> V0 -> L0[_] -> L0[_]}
{b=L0[.], chain=V1 -> L0[_] -> V0, dbb=L0[.], dbi=L0[.], dib=L0[.], dii=L0[.], i=L0[.], put=V0 -> L0[_] -> V0 -> L0[_]}
{b=L0[], chain=V1 -> L1[_] -> V0, dbb=L1[.], dbi=L1[.], dib=L1[.], dii=L1[.], i=L0[], put=L1[_] -> V0 -> V0 -> L1[_]}
{b=L0[], chain=V1 -> L1[_] -> V0, dbb=L1[.], dbi=L1[.], dib=L1[.], dii=L1[.], i=L2[], put=L1[_] -> V0 -> V1 -> L1[_]}
{b=L0[], chain=V1 -> L1[_, _] -> V0, dbb=L1[., .], dbi=L1[., .], dib=L1[., .], dii=L1[., .], i=L2[], put=L1[_, _] -> V0 -> V1 -> L1[_, _]}
{b=L0[], chain=V1 -> L1[_] -> V0, dbb=L1[.], dbi=L1[.], dib=L1[.], dii=L1[.], i=L0[], put=L1[_] -> V0 -> L0[] -> L1[_]}
{b=L0[.], chain=V1 -> L1[_] -> V0, dbb=L1[.], dbi=L1[.], dib=L1[.], dii=L1[.], i=L0[.], put=L1[_] -> V0 -> L0[_] -> L1[_]}
{b=L0[], chain=V1 -> L1[_] -> V0, dbb=L1[.], dbi=L1[.], dib=L1[.], dii=L1[.], i=L0[], put=L1[_] -> L0[] -> V0 -> L1[_]}
{b=L0[.], chain=V1 -> L1[_] -> V0, dbb=L1[.], dbi=L1[.], dib=L1[.], dii=L1[.], i=L0[.], put=L1[_] -> L0[_] -> V0 -> L1[_]}
{b=L0[], chain=V1 -> L1[_] -> V0, dbb=L1[.], dbi=L1[.], dib=L1[.], dii=L1[.], i=L0[], put=L1[_] -> L0[] -> L0[] -> L1[_]}
{b=L0[.], chain=V1 -> L1[_] -> V0, dbb=L1[.], dbi=L1[.], dib=L1[.], dii=L1[.], i=L0[.], put=L1[_] -> L0[_] -> L0[_] -> L1[_]}
{b=L0[], chain=L0[] -> V0 -> V0, dbb=L0[], dbi=L0[], dib=L0[], dii=L0[], i=L0[], put=V0 -> V0 -> V0 -> L0[]}
{b=L0[.], chain=L0[_] -> V0 -> V0, dbb=L0[.], dbi=L0[.], dib=L0[.], dii=L0[.], i=L0[.], put=V0 -> V0 -> V0 -> L0[_]}
{b=L0[], chain=L0[] -> V0 -> V0, dbb=L0[], dbi=L0[], dib=L0[], dii=L0[], i=L0[], put=V0 -> V0 -> L0[] -> L0[]}
{b=L0[.], chain=L0[_] -> V0 -> V0, dbb=L0[.], dbi=L0[.], dib=L0[.], dii=L0[.], i=L0[.], put=V0 -> V0 -> L0[_] -> L0[_]}
{b=L0[], chain=L0[] -> V0 -> V0, dbb=L0[], dbi=L0[], dib=L0[], dii=L0[], i=L0[], put=V0 -> L0[] -> V0 -> L0[]}
{b=L0[.], chain=L0[_] -> V0 -> V0, dbb=L0[.], dbi=L0[.], dib=L0[.], dii=L0[.], i=L0[.], put=V0 -> L0[_] -> V0 -> L0[_]}
{b=L0[], chain=L1[] -> V0 -> V0, dbb=L1[], dbi=L1[], dib=L1[], dii=L1[], i=L0[], put=V0 -> L0[] -> L0[] -> L1[]}
{b=L0[], chain=L1[_] -> V0 -> V0, dbb=L1[.], dbi=L1[.], dib=L1[.], dii=L1[.], i=L0[], put=V0 -> L0[] -> L0[] -> L1[_]}
{b=L0[.], chain=L1[] -> V0 -> V0, dbb=L1[], dbi=L1[], dib=L1[], dii=L1[], i=L0[.], put=V0 -> L0[_] -> L0[_] -> L1[]}
{b=L0[.], chain=L1[_] -> V0 -> V0, dbb=L1[.], dbi=L1[.], dib=L1[.], dii=L1[.], i=L0[.], put=V0 -> L0[_] -> L0[_] -> L1[_]}
{b=L0[], chain=L1[] -> V0 -> V0, dbb=L1[], dbi=L1[], dib=L1[], dii=L1[], i=L0[], put=L1[] -> V0 -> V0 -> L1[]}
{b=L0[], chain=L1[_] -> V0 -> V0, dbb=L1[.], dbi=L1[.], dib=L1[.], dii=L1[.], i=L0[], put=L1[_] -> V0 -> V0 -> L1[_]}
{b=L0[], chain=L1[] -> V0 -> V0, dbb=L1[], dbi=L1[], dib=L1[], dii=L1[], i=L2[], put=L1[] -> V0 -> V1 -> L1[]}
{b=L0[], chain=L1[_] -> V0 -> V0, dbb=L1[.], dbi=L1[.], dib=L1[.], dii=L1[.], i=L2[], put=L1[_] -> V0 -> V1 -> L1[_]}
{b=L0[], chain=L1[_, _] -> V0 -> V0, dbb=L1[., .], dbi=L1[., .], dib=L1[., .], dii=L1[., .], i=L2[], put=L1[_, _] -> V0 -> V1 -> L1[_, _]}
{b=L0[], chain=L1[] -> V0 -> V0, dbb=L1[], dbi=L1[], dib=L1[], dii=L1[], i=L0[], put=L1[] -> V0 -> L0[] -> L1[]}
{b=L0[], chain=L1[_] -> V0 -> V0, dbb=L1[.], dbi=L1[.], dib=L1[.], dii=L1[.], i=L0[], put=L1[_] -> V0 -> L0[] -> L1[_]}
{b=L0[.], chain=L1[] -> V0 -> V0, dbb=L1[], dbi=L1[], dib=L1[], dii=L1[], i=L0[.], put=L1[] -> V0 -> L0[_] -> L1[]}
{b=L0[.], chain=L1[_] -> V0 -> V0, dbb=L1[.], dbi=L1[.], dib=L1[.], dii=L1[.], i=L0[.], put=L1[_] -> V0 -> L0[_] -> L1[_]}
{b=L0[], chain=L1[] -> V0 -> V0, dbb=L1[], dbi=L1[], dib=L1[], dii=L1[], i=L0[], put=L1[] -> L0[] -> V0 -> L1[]}
{b=L0[], chain=L1[_] -> V0 -> V0, dbb=L1[.], dbi=L1[.], dib=L1[.], dii=L1[.], i=L0[], put=L1[_] -> L0[] -> V0 -> L1[_]}
{b=L0[.], chain=L1[] -> V0 -> V0, dbb=L1[], dbi=L1[], dib=L1[], dii=L1[], i=L0[.], put=L1[] -> L0[_] -> V0 -> L1[]}
{b=L0[.], chain=L1[_] -> V0 -> V0, dbb=L1[.], dbi=L1[.], dib=L1[.], dii=L1[.], i=L0[.], put=L1[_] -> L0[_] -> V0 -> L1[_]}
{b=L0[], chain=L1[] -> V0 -> V0, dbb=L1[], dbi=L1[], dib=L1[], dii=L1[], i=L0[], put=L1[] -> L0[] -> L0[] -> L1[]}
{b=L0[], chain=L1[_] -> V0 -> V0, dbb=L1[.], dbi=L1[.], dib=L1[.], dii=L1[.], i=L0[], put=L1[_] -> L0[] -> L0[] -> L1[_]}
{b=L0[.], chain=L1[] -> V0 -> V0, dbb=L1[], dbi=L1[], dib=L1[], dii=L1[], i=L0[.], put=L1[] -> L0[_] -> L0[_] -> L1[]}
{b=L0[.], chain=L1[_] -> V0 -> V0, dbb=L1[.], dbi=L1[.], dib=L1[.], dii=L1[.], i=L0[.], put=L1[_] -> L0[_] -> L0[_] -> L1[_]}
{b=L0[.], chain=L0[_] -> V1 -> V0, dbb=L0[.], dbi=L0[.], dib=L0[.], dii=L0[.], i=L0[.], put=V0 -> V0 -> V0 -> L0[_]}
{b=L0[.], chain=L0[_] -> V1 -> V0, dbb=L0[.], dbi=L0[.], dib=L0[.], dii=L0[.], i=L0[.], put=V0 -> V0 -> L0[_] -> L0[_]}
{b=L0[.], chain=L0[_] -> V1 -> V0, dbb=L0[.], dbi=L0[.], dib=L0[.], dii=L0[.], i=L0[.], put=V0 -> L0[_] -> V0 -> L0[_]}
{b=L0[], chain=L1[_] -> V1 -> V0, dbb=L1[.], dbi=L1[.], dib=L1[.], dii=L1[.], i=L0[], put=V0 -> L0[] -> L0[] -> L1[_]}
{b=L0[.], chain=L1[_] -> V1 -> V0, dbb=L1[.], dbi=L1[.], dib=L1[.], dii=L1[.], i=L0[.], put=V0 -> L0[_] -> L0[_] -> L1[_]}
{b=L0[], chain=L1[_] -> V1 -> V0, dbb=L1[.], dbi=L1[.], dib=L1[.], dii=L1[.], i=L0[], put=L1[_] -> V0 -> V0 -> L1[_]}
{b=L0[], chain=L1[_] -> V1 -> V0, dbb=L1[.], dbi=L1[.], dib=L1[.], dii=L1[.], i=L2[], put=L1[_] -> V0 -> V1 -> L1[_]}
{b=L0[], chain=L1[_, _] -> V1 -> V0, dbb=L1[., .], dbi=L1[., .], dib=L1[., .], dii=L1[., .], i=L2[], put=L1[_, _] -> V0 -> V1 -> L1[_, _]}
{b=L0[], chain=L1[_] -> V1 -> V0, dbb=L1[.], dbi=L1[.], dib=L1[.], dii=L1[.], i=L0[], put=L1[_] -> V0 -> L0[] -> L1[_]}
{b=L0[.], chain=L1[_] -> V1 -> V0, dbb=L1[.], dbi=L1[.], dib=L1[.], dii=L1[.], i=L0[.], put=L1[_] -> V0 -> L0[_] -> L1[_]}
{b=L0[], chain=L1[_] -> V1 -> V0, dbb=L1[.], dbi=L1[.], dib=L1[.], dii=L1[.], i=L0[], put=L1[_] -> L0[] -> V0 -> L1[_]}
{b=L0[.], chain=L1[_] -> V1 -> V0, dbb=L1[.], dbi=L1[.], dib=L1[.], dii=L1[.], i=L0[.], put=L1[_] -> L0[_] -> V0 -> L1[_]}
{b=L0[], chain=L1[_] -> V1 -> V0, dbb=L1[.], dbi=L1[.], dib=L1[.], dii=L1[.], i=L0[], put=L1[_] -> L0[] -> L0[] -> L1[_]}
{b=L0[.], chain=L1[_] -> V1 -> V0, dbb=L1[.], dbi=L1[.], dib=L1[.], dii=L1[.], i=L0[.], put=L1[_] -> L0[_] -> L0[_] -> L1[_]}
{b=L0[.], chain=L0[_] -> L0[_] -> V0, dbb=L0[.], dbi=L0[.], dib=L0[.], dii=L0[.], i=L0[.], put=V0 -> V0 -> L0[_] -> L0[_]}
{b=L0[.], chain=L0[_] -> L0[_] -> V0, dbb=L0[.], dbi=L0[.], dib=L0[.], dii=L0[.], i=L0[.], put=V0 -> L0[_] -> V0 -> L0[_]}
{b=L0[], chain=L1[_] -> L1[_] -> V0, dbb=L1[.], dbi=L1[.], dib=L1[.], dii=L1[.], i=L0[], put=L1[_] -> V0 -> V0 -> L1[_]}
{b=L0[], chain=L1[_] -> L1[_] -> V0, dbb=L1[.], dbi=L1[.], dib=L1[.], dii=L1[.], i=L2[], put=L1[_] -> V0 -> V1 -> L1[_]}
{b=L0[], chain=L1[_, _] -> L1[_, _] -> V0, dbb=L1[., .], dbi=L1[., .], dib=L1[., .], dii=L1[., .], i=L2[], put=L1[_, _] -> V0 -> V1 -> L1[_, _]}
{b=L0[], chain=L1[_] -> L1[_] -> V0, dbb=L1[.], dbi=L1[.], dib=L1[.], dii=L1[.], i=L0[], put=L1[_] -> V0 -> L0[] -> L1[_]}
{b=L0[.], chain=L1[_] -> L1[_] -> V0, dbb=L1[.], dbi=L1[.], dib=L1[.], dii=L1[.], i=L0[.], put=L1[_] -> V0 -> L0[_] -> L1[_]}
{b=L0[], chain=L1[_] -> L1[_] -> V0, dbb=L1[.], dbi=L1[.], dib=L1[.], dii=L1[.], i=L0[], put=L1[_] -> L0[] -> V0 -> L1[_]}
{b=L0[.], chain=L1[_] -> L1[_] -> V0, dbb=L1[.], dbi=L1[.], dib=L1[.], dii=L1[.], i=L0[.], put=L1[_] -> L0[_] -> V0 -> L1[_]}
{b=L0[], chain=L1[_] -> L1[_] -> V0, dbb=L1[.], dbi=L1[.], dib=L1[.], dii=L1[.], i=L0[], put=L1[_] -> L0[] -> L0[] -> L1[_]}
{b=L0[.], chain=L1[_] -> L1[_] -> V0, dbb=L1[.], dbi=L1[.], dib=L1[.], dii=L1[.], i=L0[.], put=L1[_] -> L0[_] -> L0[_] -> L1[_]}
{b=L0[.], chain=V0 -> V0 -> V0, dbb=L1[], dbi=L1[], dib=L1[], dii=L1[], i=L0[.], put=V1 -> L0[_] -> V0}
{b=L0[], chain=V0 -> V0 -> V0, dbb=L1[.], dbi=L1[.], dib=L1[.], dii=L1[.], i=L2[], put=L1[_] -> V1 -> V0}
{b=L0[], chain=V0 -> V0 -> V0, dbb=L1[.], dbi=L1[.], dib=L1[.], dii=L1[.], i=L0[], put=L1[_] -> L0[] -> V0}
{b=L0[.], chain=V0 -> V0 -> V0, dbb=L1[], dbi=L1[], dib=L1[], dii=L1[], i=L0[.], put=L1[] -> L0[_] -> V0}
{b=L0[.], chain=V0 -> V0 -> V0, dbb=L1[.], dbi=L1[.], dib=L1[.], dii=L1[.], i=L0[.], put=L1[_] -> L0[_] -> V0}
{b=L0[.], chain=V0 -> L1[] -> V0, dbb=L1[], dbi=L1[], dib=L1[], dii=L1[], i=L0[.], put=V1 -> L0[_] -> V0}
{b=L0[], chain=V0 -> L1[_] -> V0, dbb=L1[.], dbi=L1[.], dib=L1[.], dii=L1[.], i=L2[], put=L1[_] -> V1 -> V0}
{b=L0[], chain=V0 -> L1[_] -> V0, dbb=L1[.], dbi=L1[.], dib=L1[.], dii=L1[.], i=L0[], put=L1[_] -> L0[] -> V0}
{b=L0[.], chain=V0 -> L1[] -> V0, dbb=L1[], dbi=L1[], dib=L1[], dii=L1[], i=L0[.], put=L1[] -> L0[_] -> V0}
{b=L0[.], chain=V0 -> L1[_] -> V0, dbb=L1[.], dbi=L1[.], dib=L1[.], dii=L1[.], i=L0[.], put=L1[_] -> L0[_] -> V0}
{b=L0[], chain=V1 -> L1[_] -> V0, dbb=L1[.], dbi=L1[.], dib=L1[.], dii=L1[.], i=L2[], put=L1[_] -> V1 -> V0}
{b=L0[], chain=V1 -> L1[_] -> V0, dbb=L1[.], dbi=L1[.], dib=L1[.], dii=L1[.], i=L0[], put=L1[_] -> L0[] -> V0}
{b=L0[.], chain=V1 -> L1[_] -> V0, dbb=L1[.], dbi=L1[.], dib=L1[.], dii=L1[.], i=L0[.], put=L1[_] -> L0[_] -> V0}
{b=L0[.], chain=L1[] -> V0 -> V0, dbb=L1[], dbi=L1[], dib=L1[], dii=L1[], i=L0[.], put=V1 -> L0[_] -> V0}
{b=L0[.], chain=L1[_] -> V0 -> V0, dbb=L1[.], dbi=L1[.], dib=L1[.], dii=L1[.], i=L0[.], put=V1 -> L0[_] -> V0}
{b=L0[], chain=L1[_] -> V0 -> V0, dbb=L1[.], dbi=L1[.], dib=L1[.], dii=L1[.], i=L2[], put=L1[_] -> V1 -> V0}
{b=L0[], chain=L1[_] -> V0 -> V0, dbb=L1[.], dbi=L1[.], dib=L1[.], dii=L1[.], i=L0[], put=L1[_] -> L0[] -> V0}
{b=L0[.], chain=L1[] -> V0 -> V0, dbb=L1[], dbi=L1[], dib=L1[], dii=L1[], i=L0[.], put=L1[] -> L0[_] -> V0}
{b=L0[.], chain=L1[_] -> V0 -> V0, dbb=L1[.], dbi=L1[.], dib=L1[.], dii=L1[.], i=L0[.], put=L1[_] -> L0[_] -> V0}
{b=L0[.], chain=L1[_] -> V1 -> V0, dbb=L1[.], dbi=L1[.], dib=L1[.], dii=L1[.], i=L0[.], put=V1 -> L0[_] -> V0}
{b=L0[], chain=L1[_] -> V1 -> V0, dbb=L1[.], dbi=L1[.], dib=L1[.], dii=L1[.], i=L2[], put=L1[_] -> V1 -> V0}
{b=L0[], chain=L1[_] -> V1 -> V0, dbb=L1[.], dbi=L1[.], dib=L1[.], dii=L1[.], i=L0[], put=L1[_] -> L0[] -> V0}
{b=L0[.], chain=L1[_] -> V1 -> V0, dbb=L1[.], dbi=L1[.], dib=L1[.], dii=L1[.], i=L0[.], put=L1[_] -> L0[_] -> V0}
{b=L0[], chain=L1[_] -> L1[_] -> V0, dbb=L1[.], dbi=L1[.], dib=L1[.], dii=L1[.], i=L2[], put=L1[_] -> V1 -> V0}
{b=L0[], chain=L1[_] -> L1[_] -> V0, dbb=L1[.], dbi=L1[.], dib=L1[.], dii=L1[.], i=L0[], put=L1[_] -> L0[] -> V0}
{b=L0[.], chain=L1[_] -> L1[_] -> V0, dbb=L1[.], dbi=L1[.], dib=L1[.], dii=L1[.], i=L0[.], put=L1[_] -> L0[_] -> V0}
{b=L0[], chain=L1[_] -> V0 -> V0, dbb=L1[.], dbi=L1[.], dib=L1[.], dii=L1[.], i=L2[], put=L1[_] -> V0}
{b=L0[], chain=L1[_] -> V1 -> V0, dbb=L1[.], dbi=L1[.], dib=L1[.], dii=L1[.], i=L2[], put=L1[_] -> V0}
{b=L0[], chain=V0 -> V0 -> L0[], dbb=L0[], dbi=L0[], dib=L0[], dii=L0[], i=L0[], put=V0 -> V0 -> V0 -> V0}
{b=L0[], chain=V0 -> V0 -> L0[], dbb=L0[], dbi=L0[], dib=L0[], dii=L0[], i=L0[], put=V0 -> V0 -> L0[] -> V0}
{b=L0[.], chain=V0 -> V0 -> L0[_], dbb=L0[.], dbi=L0[.], dib=L0[.], dii=L0[.], i=L0[.], put=V0 -> V0 -> L0[_] -> V0}
{b=L0[], chain=V0 -> V0 -> L0[], dbb=L0[], dbi=L0[], dib=L0[], dii=L0[], i=L0[], put=V0 -> L0[] -> V0 -> V0}
{b=L0[.], chain=V0 -> V0 -> L0[_], dbb=L0[.], dbi=L0[.], dib=L0[.], dii=L0[.], i=L0[.], put=V0 -> L0[_] -> V0 -> V0}
{b=L0[], chain=V0 -> V0 -> L1[], dbb=L1[], dbi=L1[], dib=L1[], dii=L1[], i=L0[], put=V0 -> L0[] -> L0[] -> V0}
{b=L0[.], chain=V0 -> V0 -> L1[], dbb=L1[], dbi=L1[], dib=L1[], dii=L1[], i=L0[.], put=V0 -> L0[_] -> L0[_] -> V0}
{b=L0[.], chain=V0 -> V0 -> L0[_], dbb=L0[.], dbi=L0[.], dib=L0[.], dii=L0[.], i=L0[.], put=V1 -> V1 -> L0[_] -> V0}
{b=L0[.], chain=V0 -> V0 -> L0[_], dbb=L0[.], dbi=L0[.], dib=L0[.], dii=L0[.], i=L0[.], put=V1 -> L0[_] -> V1 -> V0}
{b=L0[.], chain=V0 -> V0 -> L1[], dbb=L1[], dbi=L1[], dib=L1[], dii=L1[], i=L0[.], put=V1 -> L0[_] -> L0[_] -> V0}
{b=L0[], chain=V0 -> V0 -> L0[], dbb=L0[], dbi=L0[], dib=L0[], dii=L0[], i=L0[], put=L0[] -> V0 -> V0 -> V0}
{b=L0[.], chain=V0 -> V0 -> L0[_], dbb=L0[.], dbi=L0[.], dib=L0[.], dii=L0[.], i=L0[.], put=L0[_] -> V0 -> V0 -> V0}
{b=L0[], chain=V0 -> V0 -> L0[], dbb=L0[], dbi=L0[], dib=L0[], dii=L0[], i=L0[], put=L0[] -> V0 -> V1 -> V0}
{b=L0[.], chain=V0 -> V0 -> L0[_], dbb=L0[.], dbi=L0[.], dib=L0[.], dii=L0[.], i=L0[.], put=L0[_] -> V0 -> V1 -> V0}
{b=L0[., .], chain=V0 -> V0 -> L0[_, _], dbb=L0[., .], dbi=L0[., .], dib=L0[., .], dii=L0[., .], i=L0[., .], put=L0[_, _] -> V0 -> V1 -> V0}
{b=L0[], chain=V0 -> V0 -> L0[], dbb=L0[], dbi=L0[], dib=L0[], dii=L0[], i=L0[], put=L0[] -> V0 -> L0[] -> V0}
{b=L0[.], chain=V0 -> V0 -> L0[_], dbb=L0[.], dbi=L0[.], dib=L0[.], dii=L0[.], i=L0[.], put=L0[_] -> V0 -> L0[_] -> V0}
{b=L0[], chain=V0 -> V0 -> L0[], dbb=L0[], dbi=L0[], dib=L0[], dii=L0[], i=L0[], put=L0[] -> V1 -> V0 -> V0}
{b=L0[.], chain=V0 -> V0 -> L0[_], dbb=L0[.], dbi=L0[.], dib=L0[.], dii=L0[.], i=L0[.], put=L0[_] -> V1 -> V0 -> V0}
{b=L0[., .], chain=V0 -> V0 -> L0[_, _], dbb=L0[., .], dbi=L0[., .], dib=L0[., .], dii=L0[., .], i=L0[., .], put=L0[_, _] -> V1 -> V0 -> V0}
{b=L0[], chain=V0 -> V0 -> L1[_], dbb=L1[.], dbi=L1[.], dib=L1[.], dii=L1[.], i=L0[], put=L1[_] -> V1 -> V1 -> V0}
{b=L0[], chain=V0 -> V0 -> L1[_], dbb=L1[.], dbi=L1[.], dib=L1[.], dii=L1[.], i=L2[], put=L1[_] -> V1 -> V2 -> V0}
{b=L0[], chain=V0 -> V0 -> L1[_, _], dbb=L1[., .], dbi=L1[., .], dib=L1[., .], dii=L1[., .], i=L2[], put=L1[_, _] -> V1 -> V2 -> V0}
{b=L0[], chain=V0 -> V0 -> L1[_], dbb=L1[.], dbi=L1[.], dib=L1[.], dii=L1[.], i=L0[], put=L1[_] -> V1 -> L0[] -> V0}
{b=L0[.], chain=V0 -> V0 -> L1[], dbb=L1[], dbi=L1[], dib=L1[], dii=L1[], i=L0[.], put=L1[] -> V1 -> L0[_] -> V0}
{b=L0[.], chain=V0 -> V0 -> L1[_], dbb=L1[.], dbi=L1[.], dib=L1[.], dii=L1[.], i=L0[.], put=L1[_] -> V1 -> L0[_] -> V0}
{b=L0[], chain=V0 -> V0 -> L0[], dbb=L0[], dbi=L0[], dib=L0[], dii=L0[], i=L0[], put=L0[] -> L0[] -> V0 -> V0}
{b=L0[.], chain=V0 -> V0 -> L0[_], dbb=L0[.], dbi=L0[.], dib=L0[.], dii=L0[.], i=L0[.], put=L0[_] -> L0[_] -> V0 -> V0}
{b=L0[], chain=V0 -> V0 -> L1[_], dbb=L1[.], dbi=L1[.], dib=L1[.], dii=L1[.], i=L0[], put=L1[_] -> L0[] -> V1 -> V0}
{b=L0[.], chain=V0 -> V0 -> L1[], dbb=L1[], dbi=L1[], dib=L1[], dii=L1[], i=L0[.], put=L1[] -> L0[_] -> V1 -> V0}
{b=L0[.], chain=V0 -> V0 -> L1[_], dbb=L1[.], dbi=L1[.], dib=L1[.], dii=L1[.], i=L0[.], put=L1[_] -> L0[_] -> V1 -> V0}
{b=L0[], chain=V0 -> V0 -> L1[_], dbb=L1[.], dbi=L1[.], dib=L1[.], dii=L1[.], i=L0[], put=L1[_] -> L0[] -> L0[] -> V0}
{b=L0[.], chain=V0 -> V0 -> L1[], dbb=L1[], dbi=L1[], dib=L1[], dii=L1[], i=L0[.], put=L1[] -> L0[_] -> L0[_] -> V0}
{b=L0[.], chain=V0 -> V0 -> L1[_], dbb=L1[.], dbi=L1[.], dib=L1[.], dii=L1[.], i=L0[.], put=L1[_] -> L0[_] -> L0[_] -> V0}
{b=L0[], chain=V0 -> L0[] -> L0[], dbb=L0[], dbi=L0[], dib=L0[], dii=L0[], i=L0[], put=V0 -> V0 -> V0 -> V0}
{b=L0[], chain=V0 -> L0[] -> L0[], dbb=L0[], dbi=L0[], dib=L0[], dii=L0[], i=L0[], put=V0 -> V0 -> L0[] -> V0}
{b=L0[.], chain=V0 -> L0[_] -> L0[_], dbb=L0[.], dbi=L0[.], dib=L0[.], dii=L0[.], i=L0[.], put=V0 -> V0 -> L0[_] -> V0}
{b=L0[], chain=V0 -> L0[] -> L0[], dbb=L0[], dbi=L0[], dib=L0[], dii=L0[], i=L0[], put=V0 -> L0[] -> V0 -> V0}
{b=L0[.], chain=V0 -> L0[_] -> L0[_], dbb=L0[.], dbi=L0[.], dib=L0[.], dii=L0[.], i=L0[.], put=V0 -> L0[_] -> V0 -> V0}
{b=L0[], chain=V0 -> L1[] -> L1[], dbb=L1[], dbi=L1[], dib=L1[], dii=L1[], i=L0[], put=V0 -> L0[] -> L0[] -> V0}
{b=L0[.], chain=V0 -> L1[] -> L1[], dbb=L1[], dbi=L1[], dib=L1[], dii=L1[], i=L0[.], put=V0 -> L0[_] -> L0[_] -> V0}
{b=L0[.], chain=V0 -> L0[_] -> L0[_], dbb=L0[.], dbi=L0[.], dib=L0[.], dii=L0[.], i=L0[.], put=V1 -> V1 -> L0[_] -> V0}
{b=L0[.], chain=V0 -> L0[_] -> L0[_], dbb=L0[.], dbi=L0[.], dib=L0[.], dii=L0[.], i=L0[.], put=V1 -> L0[_] -> V1 -> V0}
{b=L0[.], chain=V0 -> L1[] -> L1[], dbb=L1[], dbi=L1[], dib=L1[], dii=L1[], i=L0[.], put=V1 -> L0[_] -> L0[_] -> V0}
{b=L0[], chain=V0 -> L0[] -> L0[], dbb=L0[], dbi=L0[], dib=L0[], dii=L0[], i=L0[], put=L0[] -> V0 -> V0 -> V0}
{b=L0[.], chain=V0 -> L0[_] -> L0[_], dbb=L0[.], dbi=L0[.], dib=L0[.], dii=L0[.], i=L0[.], put=L0[_] -> V0 -> V0 -> V0}
{b=L0[], chain=V0 -> L0[] -> L0[], dbb=L0[], dbi=L0[], dib=L0[], dii=L0[], i=L0[], put=L0[] -> V0 -> V1 -> V0}
{b=L0[.], chain=V0 -> L0[_] -> L0[_], dbb=L0[.], dbi=L0[.], dib=L0[.], dii=L0[.], i=L0[.], put=L0[_] -> V0 -> V1 -> V0}
{b=L0[., .], chain=V0 -> L0[_, _] -> L0[_, _], dbb=L0[., .], dbi=L0[., .], dib=L0[., .], dii=L0[., .], i=L0[., .], put=L0[_, _] -> V0 -> V1 -> V0}
{b=L0[], chain=V0 -> L0[] -> L0[], dbb=L0[], dbi=L0[], dib=L0[], dii=L0[], i=L0[], put=L0[] -> V0 -> L0[] -> V0}
{b=L0[.], chain=V0 -> L0[_] -> L0[_], dbb=L0[.], dbi=L0[.], dib=L0[.], dii=L0[.], i=L0[.], put=L0[_] -> V0 -> L0[_] -> V0}
{b=L0[], chain=V0 -> L0[] -> L0[], dbb=L0[], dbi=L0[], dib=L0[], dii=L0[], i=L0[], put=L0[] -> V1 -> V0 -> V0}
{b=L0[.], chain=V0 -> L0[_] -> L0[_], dbb=L0[.], dbi=L0[.], dib=L0[.], dii=L0[.], i=L0[.], put=L0[_] -> V1 -> V0 -> V0}
{b=L0[., .], chain=V0 -> L0[_, _] -> L0[_, _], dbb=L0[., .], dbi=L0[., .], dib=L0[., .], dii=L0[., .], i=L0[., .], put=L0[_, _] -> V1 -> V0 -> V0}
{b=L0[], chain=V0 -> L1[_] -> L1[_], dbb=L1[.], dbi=L1[.], dib=L1[.], dii=L1[.], i=L0[], put=L1[_] -> V1 -> V1 -> V0}
{b=L0[], chain=V0 -> L1[_] -> L1[_], dbb=L1[.], dbi=L1[.], dib=L1[.], dii=L1[.], i=L2[], put=L1[_] -> V1 -> V2 -> V0}
{b=L0[], chain=V0 -> L1[_, _] -> L1[_, _], dbb=L1[., .], dbi=L1[., .], dib=L1[., .], dii=L1[., .], i=L2[], put=L1[_, _] -> V1 -> V2 -> V0}
{b=L0[], chain=V0 -> L1[_] -> L1[_], dbb=L1[.], dbi=L1[.], dib=L1[.], dii=L1[.], i=L0[], put=L1[_] -> V1 -> L0[] -> V0}
{b=L0[.], chain=V0 -> L1[] -> L1[], dbb=L1[], dbi=L1[], dib=L1[], dii=L1[], i=L0[.], put=L1[] -> V1 -> L0[_] -> V0}
{b=L0[.], chain=V0 -> L1[_] -> L1[_], dbb=L1[.], dbi=L1[.], dib=L1[.], dii=L1[.], i=L0[.], put=L1[_] -> V1 -> L0[_] -> V0}
{b=L0[], chain=V0 -> L0[] -> L0[], dbb=L0[], dbi=L0[], dib=L0[], dii=L0[], i=L0[], put=L0[] -> L0[] -> V0 -> V0}
{b=L0[.], chain=V0 -> L0[_] -> L0[_], dbb=L0[.], dbi=L0[.], dib=L0[.], dii=L0[.], i=L0[.], put=L0[_] -> L0[_] -> V0 -> V0}
{b=L0[], chain=V0 -> L1[_] -> L1[_], dbb=L1[.], dbi=L1[.], dib=L1[.], dii=L1[.], i=L0[], put=L1[_] -> L0[] -> V1 -> V0}
{b=L0[.], chain=V0 -> L1[] -> L1[], dbb=L1[], dbi=L1[], dib=L1[], dii=L1[], i=L0[.], put=L1[] -> L0[_] -> V1 -> V0}
{b=L0[.], chain=V0 -> L1[_] -> L1[_], dbb=L1[.], dbi=L1[.], dib=L1[.], dii=L1[.], i=L0[.], put=L1[_] -> L0[_] -> V1 -> V0}
{b=L0[], chain=V0 -> L1[_] -> L1[_], dbb=L1[.], dbi=L1[.], dib=L1[.], dii=L1[.], i=L0[], put=L1[_] -> L0[] -> L0[] -> V0}
{b=L0[.], chain=V0 -> L1[] -> L1[], dbb=L1[], dbi=L1[], dib=L1[], dii=L1[], i=L0[.], put=L1[] -> L0[_] -> L0[_] -> V0}
{b=L0[.], chain=V0 -> L1[_] -> L1[_], dbb=L1[.], dbi=L1[.], dib=L1[.], dii=L1[.], i=L0[.], put=L1[_] -> L0[_] -> L0[_] -> V0}
{b=L0[], chain=L0[] -> V0 -> L0[], dbb=L0[], dbi=L0[], dib=L0[], dii=L0[], i=L0[], put=V0 -> V0 -> V0 -> V0}
{b=L0[.], chain=L0[_] -> V0 -> L0[_], dbb=L0[.], dbi=L0[.], dib=L0[.], dii=L0[.], i=L0[.], put=V0 -> V0 -> V0 -> V0}
{b=L0[], chain=L0[] -> V0 -> L0[], dbb=L0[], dbi=L0[], dib=L0[], dii=L0[], i=L0[], put=V0 -> V0 -> L0[] -> V0}
{b=L0[.], chain=L0[_] -> V0 -> L0[_], dbb=L0[.], dbi=L0[.], dib=L0[.], dii=L0[.], i=L0[.], put=V0 -> V0 -> L0[_] -> V0}
{b=L0[], chain=L0[] -> V0 -> L0[], dbb=L0[], dbi=L0[], dib=L0[], dii=L0[], i=L0[], put=V0 -> L0[] -> V0 -> V0}
{b=L0[.], chain=L0[_] -> V0 -> L0[_], dbb=L0[.], dbi=L0[.], dib=L0[.], dii=L0[.], i=L0[.], put=V0 -> L0[_] -> V0 -> V0}
{b=L0[], chain=L1[] -> V0 -> L1[], dbb=L1[], dbi=L1[], dib=L1[], dii=L1[], i=L0[], put=V0 -> L0[] -> L0[] -> V0}
{b=L0[], chain=L1[_] -> V0 -> L1[_], dbb=L1[.], dbi=L1[.], dib=L1[.], dii=L1[.], i=L0[], put=V0 -> L0[] -> L0[] -> V0}
{b=L0[.], chain=L1[] -> V0 -> L1[], dbb=L1[], dbi=L1[], dib=L1[], dii=L1[], i=L0[.], put=V0 -> L0[_] -> L0[_] -> V0}
{b=L0[.], chain=L1[_] -> V0 -> L1[_], dbb=L1[.], dbi=L1[.], dib=L1[.], dii=L1[.], i=L0[.], put=V0 -> L0[_] -> L0[_] -> V0}
{b=L0[.], chain=L0[_] -> V0 -> L0[_], dbb=L0[.], dbi=L0[.], dib=L0[.], dii=L0[.], i=L0[.], put=V1 -> V1 -> L0[_] -> V0}
{b=L0[.], chain=L0[_] -> V0 -> L0[_], dbb=L0[.], dbi=L0[.], dib=L0[.], dii=L0[.], i=L0[.], put=V1 -> L0[_] -> V1 -> V0}
{b=L0[.], chain=L1[] -> V0 -> L1[], dbb=L1[], dbi=L1[], dib=L1[], dii=L1[], i=L0[.], put=V1 -> L0[_] -> L0[_] -> V0}
{b=L0[.], chain=L1[_] -> V0 -> L1[_], dbb=L1[.], dbi=L1[.], dib=L1[.], dii=L1[.], i=L0[.], put=V1 -> L0[_] -> L0[_] -> V0}
{b=L0[], chain=L0[] -> V0 -> L0[], dbb=L0[], dbi=L0[], dib=L0[], dii=L0[], i=L0[], put=L0[] -> V0 -> V0 -> V0}
{b=L0[.], chain=L0[_] -> V0 -> L0[_], dbb=L0[.], dbi=L0[.], dib=L0[.], dii=L0[.], i=L0[.], put=L0[_] -> V0 -> V0 -> V0}
{b=L0[], chain=L0[] -> V0 -> L0[], dbb=L0[], dbi=L0[], dib=L0[], dii=L0[], i=L0[], put=L0[] -> V0 -> V1 -> V0}
{b=L0[.], chain=L0[_] -> V0 -> L0[_], dbb=L0[.], dbi=L0[.], dib=L0[.], dii=L0[.], i=L0[.], put=L0[_] -> V0 -> V1 -> V0}
{b=L0[., .], chain=L0[_, _] -> V0 -> L0[_, _], dbb=L0[., .], dbi=L0[., .], dib=L0[., .], dii=L0[., .], i=L0[., .], put=L0[_, _] -> V0 -> V1 -> V0}
{b=L0[], chain=L0[] -> V0 -> L0[], dbb=L0[], dbi=L0[], dib=L0[], dii=L0[], i=L0[], put=L0[] -> V0 -> L0[] -> V0}
{b=L0[.], chain=L0[_] -> V0 -> L0[_], dbb=L0[.], dbi=L0[.], dib=L0[.], dii=L0[.], i=L0[.], put=L0[_] -> V0 -> L0[_] -> V0}
{b=L0[], chain=L0[] -> V0 -> L0[], dbb=L0[], dbi=L0[], dib=L0[], dii=L0[], i=L0[], put=L0[] -> V1 -> V0 -> V0}
{b=L0[.], chain=L0[_] -> V0 -> L0[_], dbb=L0[.], dbi=L0[.], dib=L0[.], dii=L0[.], i=L0[.], put=L0[_] -> V1 -> V0 -> V0}
{b=L0[., .], chain=L0[_, _] -> V0 -> L0[_, _], dbb=L0[., .], dbi=L0[., .], dib=L0[., .], dii=L0[., .], i=L0[., .], put=L0[_, _] -> V1 -> V0 -> V0}
{b=L0[], chain=L1[_] -> V0 -> L1[_], dbb=L1[.], dbi=L1[.], dib=L1[.], dii=L1[.], i=L0[], put=L1[_] -> V1 -> V1 -> V0}
{b=L0[], chain=L1[_] -> V0 -> L1[_], dbb=L1[.], dbi=L1[.], dib=L1[.], dii=L1[.], i=L2[], put=L1[_] -> V1 -> V2 -> V0}
{b=L0[], chain=L1[_, _] -> V0 -> L1[_, _], dbb=L1[., .], dbi=L1[., .], dib=L1[., .], dii=L1[., .], i=L2[], put=L1[_, _] -> V1 -> V2 -> V0}
{b=L0[], chain=L1[_] -> V0 -> L1[_], dbb=L1[.], dbi=L1[.], dib=L1[.], dii=L1[.], i=L0[], put=L1[_] -> V1 -> L0[] -> V0}
{b=L0[.], chain=L1[] -> V0 -> L1[], dbb=L1[], dbi=L1[], dib=L1[], dii=L1[], i=L0[.], put=L1[] -> V1 -> L0[_] -> V0}
{b=L0[.], chain=L1[_] -> V0 -> L1[_], dbb=L1[.], dbi=L1[.], dib=L1[.], dii=L1[.], i=L0[.], put=L1[_] -> V1 -> L0[_] -> V0}
{b=L0[], chain=L0[] -> V0 -> L0[], dbb=L0[], dbi=L0[], dib=L0[], dii=L0[], i=L0[], put=L0[] -> L0[] -> V0 -> V0}
{b=L0[.], chain=L0[_] -> V0 -> L0[_], dbb=L0[.], dbi=L0[.], dib=L0[.], dii=L0[.], i=L0[.], put=L0[_] -> L0[_] -> V0 -> V0}
{b=L0[], chain=L1[_] -> V0 -> L1[_], dbb=L1[.], dbi=L1[.], dib=L1[.], dii=L1[.], i=L0[], put=L1[_] -> L0[] -> V1 -> V0}
{b=L0[.], chain=L1[] -> V0 -> L1[], dbb=L1[], dbi=L1[], dib=L1[], dii=L1[], i=L0[.], put=L1[] -> L0[_] -> V1 -> V0}
{b=L0[.], chain=L1[_] -> V0 -> L1[_], dbb=L1[.], dbi=L1[.], dib=L1[.], dii=L1[.], i=L0[.], put=L1[_] -> L0[_] -> V1 -> V0}
{b=L0[], chain=L1[_] -> V0 -> L1[_], dbb=L1[.], dbi=L1[.], dib=L1[.], dii=L1[.], i=L0[], put=L1[_] -> L0[] -> L0[] -> V0}
{b=L0[.], chain=L1[] -> V0 -> L1[], dbb=L1[], dbi=L1[], dib=L1[], dii=L1[], i=L0[.], put=L1[] -> L0[_] -> L0[_] -> V0}
{b=L0[.], chain=L1[_] -> V0 -> L1[_], dbb=L1[.], dbi=L1[.], dib=L1[.], dii=L1[.], i=L0[.], put=L1[_] -> L0[_] -> L0[_] -> V0}
{b=L0[], chain=L0[] -> L0[] -> L0[], dbb=L0[], dbi=L0[], dib=L0[], dii=L0[], i=L0[], put=V0 -> V0 -> V0 -> V0}
{b=L0[], chain=L0[] -> L0[] -> L0[], dbb=L0[], dbi=L0[], dib=L0[], dii=L0[], i=L0[], put=V0 -> V0 -> L0[] -> V0}
{b=L0[.], chain=L0[_] -> L0[_] -> L0[_], dbb=L0[.], dbi=L0[.], dib=L0[.], dii=L0[.], i=L0[.], put=V0 -> V0 -> L0[_] -> V0}
{b=L0[], chain=L0[] -> L0[] -> L0[], dbb=L0[], dbi=L0[], dib=L0[], dii=L0[], i=L0[], put=V0 -> L0[] -> V0 -> V0}
{b=L0[.], chain=L0[_] -> L0[_] -> L0[_], dbb=L0[.], dbi=L0[.], dib=L0[.], dii=L0[.], i=L0[.], put=V0 -> L0[_] -> V0 -> V0}
{b=L0[], chain=L1[] -> L1[] -> L1[], dbb=L1[], dbi=L1[], dib=L1[], dii=L1[], i=L0[], put=V0 -> L0[] -> L0[] -> V0}
{b=L0[.], chain=L1[] -> L1[] -> L1[], dbb=L1[], dbi=L1[], dib=L1[], dii=L1[], i=L0[.], put=V0 -> L0[_] -> L0[_] -> V0}
{b=L0[.], chain=L0[_] -> L0[_] -> L0[_], dbb=L0[.], dbi=L0[.], dib=L0[.], dii=L0[.], i=L0[.], put=V1 -> V1 -> L0[_] -> V0}
{b=L0[.], chain=L0[_] -> L0[_] -> L0[_], dbb=L0[.], dbi=L0[.], dib=L0[.], dii=L0[.], i=L0[.], put=V1 -> L0[_] -> V1 -> V0}
{b=L0[.], chain=L1[] -> L1[] -> L1[], dbb=L1[], dbi=L1[], dib=L1[], dii=L1[], i=L0[.], put=V1 -> L0[_] -> L0[_] -> V0}
{b=L0[], chain=L0[] -> L0[] -> L0[], dbb=L0[], dbi=L0[], dib=L0[], dii=L0[], i=L0[], put=L0[] -> V0 -> V0 -> V0}
{b=L0[.], chain=L0[_] -> L0[_] -> L0[_], dbb=L0[.], dbi=L0[.], dib=L0[.], dii=L0[.], i=L0[.], put=L0[_] -> V0 -> V0 -> V0}
{b=L0[], chain=L0[] -> L0[] -> L0[], dbb=L0[], dbi=L0[], dib=L0[], dii=L0[], i=L0[], put=L0[] -> V0 -> V1 -> V0}
{b=L0[.], chain=L0[_] -> L0[_] -> L0[_], dbb=L0[.], dbi=L0[.], dib=L0[.], dii=L0[.], i=L0[.], put=L0[_] -> V0 -> V1 -> V0}
{b=L0[., .], chain=L0[_, _] -> L0[_, _] -> L0[_, _], dbb=L0[., .], dbi=L0[., .], dib=L0[., .], dii=L0[., .], i=L0[., .], put=L0[_, _] -> V0 -> V1 -> V0}
{b=L0[], chain=L0[] -> L0[] -> L0[], dbb=L0[], dbi=L0[], dib=L0[], dii=L0[], i=L0[], put=L0[] -> V0 -> L0[] -> V0}
{b=L0[.], chain=L0[_] -> L0[_] -> L0[_], dbb=L0[.], dbi=L0[.], dib=L0[.], dii=L0[.], i=L0[.], put=L0[_] -> V0 -> L0[_] -> V0}
{b=L0[], chain=L0[] -> L0[] -> L0[], dbb=L0[], dbi=L0[], dib=L0[], dii=L0[], i=L0[], put=L0[] -> V1 -> V0 -> V0}
{b=L0[.], chain=L0[_] -> L0[_] -> L0[_], dbb=L0[.], dbi=L0[.], dib=L0[.], dii=L0[.], i=L0[.], put=L0[_] -> V1 -> V0 -> V0}
{b=L0[., .], chain=L0[_, _] -> L0[_, _] -> L0[_, _], dbb=L0[., .], dbi=L0[., .], dib=L0[., .], dii=L0[., .], i=L0[., .], put=L0[_, _] -> V1 -> V0 -> V0}
{b=L0[], chain=L1[_] -> L1[_] -> L1[_], dbb=L1[.], dbi=L1[.], dib=L1[.], dii=L1[.], i=L0[], put=L1[_] -> V1 -> V1 -> V0}
{b=L0[], chain=L1[_] -> L1[_] -> L1[_], dbb=L1[.], dbi=L1[.], dib=L1[.], dii=L1[.], i=L2[], put=L1[_] -> V1 -> V2 -> V0}
{b=L0[], chain=L1[_, _] -> L1[_, _] -> L1[_, _], dbb=L1[., .], dbi=L1[., .], dib=L1[., .], dii=L1[., .], i=L2[], put=L1[_, _] -> V1 -> V2 -> V0}
{b=L0[], chain=L1[_] -> L1[_] -> L1[_], dbb=L1[.], dbi=L1[.], dib=L1[.], dii=L1[.], i=L0[], put=L1[_] -> V1 -> L0[] -> V0}
{b=L0[.], chain=L1[] -> L1[] -> L1[], dbb=L1[], dbi=L1[], dib=L1[], dii=L1[], i=L0[.], put=L1[] -> V1 -> L0[_] -> V0}
{b=L0[.], chain=L1[_] -> L1[_] -> L1[_], dbb=L1[.], dbi=L1[.], dib=L1[.], dii=L1[.], i=L0[.], put=L1[_] -> V1 -> L0[_] -> V0}
{b=L0[], chain=L0[] -> L0[] -> L0[], dbb=L0[], dbi=L0[], dib=L0[], dii=L0[], i=L0[], put=L0[] -> L0[] -> V0 -> V0}
{b=L0[.], chain=L0[_] -> L0[_] -> L0[_], dbb=L0[.], dbi=L0[.], dib=L0[.], dii=L0[.], i=L0[.], put=L0[_] -> L0[_] -> V0 -> V0}
{b=L0[], chain=L1[_] -> L1[_] -> L1[_], dbb=L1[.], dbi=L1[.], dib=L1[.], dii=L1[.], i=L0[], put=L1[_] -> L0[] -> V1 -> V0}
{b=L0[.], chain=L1[] -> L1[] -> L1[], dbb=L1[], dbi=L1[], dib=L1[], dii=L1[], i=L0[.], put=L1[] -> L0[_] -> V1 -> V0}
{b=L0[.], chain=L1[_] -> L1[_] -> L1[_], dbb=L1[.], dbi=L1[.], dib=L1[.], dii=L1[.], i=L0[.], put=L1[_] -> L0[_] -> V1 -> V0}
{b=L0[], chain=L1[_] -> L1[_] -> L1[_], dbb=L1[.], dbi=L1[.], dib=L1[.], dii=L1[.], i=L0[], put=L1[_] -> L0[] -> L0[] -> V0}
{b=L0[.], chain=L1[] -> L1[] -> L1[], dbb=L1[], dbi=L1[], dib=L1[], dii=L1[], i=L0[.], put=L1[] -> L0[_] -> L0[_] -> V0}
{b=L0[.], chain=L1[_] -> L1[_] -> L1[_], dbb=L1[.], dbi=L1[.], dib=L1[.], dii=L1[.], i=L0[.], put=L1[_] -> L0[_] -> L0[_] -> V0}
{b=L0[], chain=V0 -> V0 -> L0[], dbb=L0[], dbi=L0[], dib=L0[], dii=L0[], i=L0[], put=V0 -> V0 -> V0 -> L0[]}
{b=L0[], chain=V0 -> V0 -> L0[], dbb=L0[], dbi=L0[], dib=L0[], dii=L0[], i=L0[], put=V0 -> V0 -> L0[] -> L0[]}
{b=L0[.], chain=V0 -> V0 -> L0[_], dbb=L0[.], dbi=L0[.], dib=L0[.], dii=L0[.], i=L0[.], put=V0 -> V0 -> L0[_] -> L0[_]}
{b=L0[], chain=V0 -> V0 -> L0[], dbb=L0[], dbi=L0[], dib=L0[], dii=L0[], i=L0[], put=V0 -> L0[] -> V0 -> L0[]}
{b=L0[.], chain=V0 -> V0 -> L0[_], dbb=L0[.], dbi=L0[.], dib=L0[.], dii=L0[.], i=L0[.], put=V0 -> L0[_] -> V0 -> L0[_]}
{b=L0[], chain=V0 -> V0 -> L1[], dbb=L1[], dbi=L1[], dib=L1[], dii=L1[], i=L0[], put=V0 -> L0[] -> L0[] -> L1[]}
{b=L0[.], chain=V0 -> V0 -> L1[], dbb=L1[], dbi=L1[], dib=L1[], dii=L1[], i=L0[.], put=V0 -> L0[_] -> L0[_] -> L1[]}
{b=L0[], chain=V0 -> V0 -> L1[], dbb=L1[], dbi=L1[], dib=L1[], dii=L1[], i=L0[], put=L1[] -> V0 -> V0 -> L1[]}
{b=L0[], chain=V0 -> V0 -> L1[_], dbb=L1[.], dbi=L1[.], dib=L1[.], dii=L1[.], i=L0[], put=L1[_] -> V0 -> V0 -> L1[_]}
{b=L0[], chain=V0 -> V0 -> L1[], dbb=L1[], dbi=L1[], dib=L1[], dii=L1[], i=L2[], put=L1[] -> V0 -> V1 -> L1[]}
{b=L0[], chain=V0 -> V0 -> L1[_], dbb=L1[.], dbi=L1[.], dib=L1[.], dii=L1[.], i=L2[], put=L1[_] -> V0 -> V1 -> L1[_]}
{b=L0[], chain=V0 -> V0 -> L1[_, _], dbb=L1[., .], dbi=L1[., .], dib=L1[., .], dii=L1[., .], i=L2[], put=L1[_, _] -> V0 -> V1 -> L1[_, _]}
{b=L0[], chain=V0 -> V0 -> L1[], dbb=L1[], dbi=L1[], dib=L1[], dii=L1[], i=L0[], put=L1[] -> V0 -> L0[] -> L1[]}
{b=L0[], chain=V0 -> V0 -> L1[_], dbb=L1[.], dbi=L1[.], dib=L1[.], dii=L1[.], i=L0[], put=L1[_] -> V0 -> L0[] -> L1[_]}
{b=L0[.], chain=V0 -> V0 -> L1[], dbb=L1[], dbi=L1[], dib=L1[], dii=L1[], i=L0[.], put=L1[] -> V0 -> L0[_] -> L1[]}
{b=L0[.], chain=V0 -> V0 -> L1[_], dbb=L1[.], dbi=L1[.], dib=L1[.], dii=L1[.], i=L0[.], put=L1[_] -> V0 -> L0[_] -> L1[_]}
{b=L0[], chain=V0 -> V0 -> L1[], dbb=L1[], dbi=L1[], dib=L1[], dii=L1[], i=L0[], put=L1[] -> L0[] -> V0 -> L1[]}
{b=L0[], chain=V0 -> V0 -> L1[_], dbb=L1[.], dbi=L1[.], dib=L1[.], dii=L1[.], i=L0[], put=L1[_] -> L0[] -> V0 -> L1[_]}
{b=L0[.], chain=V0 -> V0 -> L1[], dbb=L1[], dbi=L1[], dib=L1[], dii=L1[], i=L0[.], put=L1[] -> L0[_] -> V0 -> L1[]}
{b=L0[.], chain=V0 -> V0 -> L1[_], dbb=L1[.], dbi=L1[.], dib=L1[.], dii=L1[.], i=L0[.], put=L1[_] -> L0[_] -> V0 -> L1[_]}
{b=L0[], chain=V0 -> V0 -> L1[], dbb=L1[], dbi=L1[], dib=L1[], dii=L1[], i=L0[], put=L1[] -> L0[] -> L0[] -> L1[]}
{b=L0[], chain=V0 -> V0 -> L1[_], dbb=L1[.], dbi=L1[.], dib=L1[.], dii=L1[.], i=L0[], put=L1[_] -> L0[] -> L0[] -> L1[_]}
{b=L0[.], chain=V0 -> V0 -> L1[], dbb=L1[], dbi=L1[], dib=L1[], dii=L1[], i=L0[.], put=L1[] -> L0[_] -> L0[_] -> L1[]}
{b=L0[.], chain=V0 -> V0 -> L1[_], dbb=L1[.], dbi=L1[.], dib=L1[.], dii=L1[.], i=L0[.], put=L1[_] -> L0[_] -> L0[_] -> L1[_]}
{b=L0[], chain=V0 -> L0[] -> L0[], dbb=L0[], dbi=L0[], dib=L0[], dii=L0[], i=L0[], put=V0 -> V0 -> V0 -> L0[]}
{b=L0[], chain=V0 -> L0[] -> L0[], dbb=L0[], dbi=L0[], dib=L0[], dii=L0[], i=L0[], put=V0 -> V0 -> L0[] -> L0[]}
{b=L0[.], chain=V0 -> L0[_] -> L0[_], dbb=L0[.], dbi=L0[.], dib=L0[.], dii=L0[.], i=L0[.], put=V0 -> V0 -> L0[_] -> L0[_]}
{b=L0[], chain=V0 -> L0[] -> L0[], dbb=L0[], dbi=L0[], dib=L0[], dii=L0[], i=L0[], put=V0 -> L0[] -> V0 -> L0[]}
{b=L0[.], chain=V0 -> L0[_] -> L0[_], dbb=L0[.], dbi=L0[.], dib=L0[.], dii=L0[.], i=L0[.], put=V0 -> L0[_] -> V0 -> L0[_]}
{b=L0[], chain=V0 -> L1[] -> L1[], dbb=L1[], dbi=L1[], dib=L1[], dii=L1[], i=L0[], put=V0 -> L0[] -> L0[] -> L1[]}
{b=L0[.], chain=V0 -> L1[] -> L1[], dbb=L1[], dbi=L1[], dib=L1[], dii=L1[], i=L0[.], put=V0 -> L0[_] -> L0[_] -> L1[]}
{b=L0[], chain=V0 -> L1[] -> L1[], dbb=L1[], dbi=L1[], dib=L1[], dii=L1[], i=L0[], put=L1[] -> V0 -> V0 -> L1[]}
{b=L0[], chain=V0 -> L1[_] -> L1[_], dbb=L1[.], dbi=L1[.], dib=L1[.], dii=L1[.], i=L0[], put=L1[_] -> V0 -> V0 -> L1[_]}
{b=L0[], chain=V0 -> L1[] -> L1[], dbb=L1[], dbi=L1[], dib=L1[], dii=L1[], i=L2[], put=L1[] -> V0 -> V1 -> L1[]}
{b=L0[], chain=V0 -> L1[_] -> L1[_], dbb=L1[.], dbi=L1[.], dib=L1[.], dii=L1[.], i=L2[], put=L1[_] -> V0 -> V1 -> L1[_]}
{b=L0[], chain=V0 -> L1[_, _] -> L1[_, _], dbb=L1[., .], dbi=L1[., .], dib=L1[., .], dii=L1[., .], i=L2[], put=L1[_, _] -> V0 -> V1 -> L1[_, _]}
{b=L0[], chain=V0 -> L1[] -> L1[], dbb=L1[], dbi=L1[], dib=L1[], dii=L1[], i=L0[], put=L1[] -> V0 -> L0[] -> L1[]}
{b=L0[], chain=V0 -> L1[_] -> L1[_], dbb=L1[.], dbi=L1[.], dib=L1[.], dii=L1[.], i=L0[], put=L1[_] -> V0 -> L0[] -> L1[_]}
{b=L0[.], chain=V0 -> L1[] -> L1[], dbb=L1[], dbi=L1[], dib=L1[], dii=L1[], i=L0[.], put=L1[] -> V0 -> L0[_] -> L1[]}
{b=L0[.], chain=V0 -> L1[_] -> L1[_], dbb=L1[.], dbi=L1[.], dib=L1[.], dii=L1[.], i=L0[.], put=L1[_] -> V0 -> L0[_] -> L1[_]}
{b=L0[], chain=V0 -> L1[] -> L1[], dbb=L1[], dbi=L1[], dib=L1[], dii=L1[], i=L0[], put=L1[] -> L0[] -> V0 -> L1[]}
{b=L0[], chain=V0 -> L1[_] -> L1[_], dbb=L1[.], dbi=L1[.], dib=L1[.], dii=L1[.], i=L0[], put=L1[_] -> L0[] -> V0 -> L1[_]}
{b=L0[.], chain=V0 -> L1[] -> L1[], dbb=L1[], dbi=L1[], dib=L1[], dii=L1[], i=L0[.], put=L1[] -> L0[_] -> V0 -> L1[]}
{b=L0[.], chain=V0 -> L1[_] -> L1[_], dbb=L1[.], dbi=L1[.], dib=L1[.], dii=L1[.], i=L0[.], put=L1[_] -> L0[_] -> V0 -> L1[_]}
{b=L0[], chain=V0 -> L1[] -> L1[], dbb=L1[], dbi=L1[], dib=L1[], dii=L1[], i=L0[], put=L1[] -> L0[] -> L0[] -> L1[]}
{b=L0[], chain=V0 -> L1[_] -> L1[_], dbb=L1[.], dbi=L1[.], dib=L1[.], dii=L1[.], i=L0[], put=L1[_] -> L0[] -> L0[] -> L1[_]}
{b=L0[.], chain=V0 -> L1[] -> L1[], dbb=L1[], dbi=L1[], dib=L1[], dii=L1[], i=L0[.], put=L1[] -> L0[_] -> L0[_] -> L1[]}
{b=L0[.], chain=V0 -> L1[_] -> L1[_], dbb=L1[.], dbi=L1[.], dib=L1[.], dii=L1[.], i=L0[.], put=L1[_] -> L0[_] -> L0[_] -> L1[_]}
{b=L0[], chain=L0[] -> V0 -> L0[], dbb=L0[], dbi=L0[], dib=L0[], dii=L0[], i=L0[], put=V0 -> V0 -> V0 -> L0[]}
{b=L0[.], chain=L0[_] -> V0 -> L0[_], dbb=L0[.], dbi=L0[.], dib=L0[.], dii=L0[.], i=L0[.], put=V0 -> V0 -> V0 -> L0[_]}
{b=L0[], chain=L0[] -> V0 -> L0[], dbb=L0[], dbi=L0[], dib=L0[], dii=L0[], i=L0[], put=V0 -> V0 -> L0[] -> L0[]}
{b=L0[.], chain=L0[_] -> V0 -> L0[_], dbb=L0[.], dbi=L0[.], dib=L0[.], dii=L0[.], i=L0[.], put=V0 -> V0 -> L0[_] -> L0[_]}
{b=L0[], chain=L0[] -> V0 -> L0[], dbb=L0[], dbi=L0[], dib=L0[], dii=L0[], i=L0[], put=V0 -> L0[] -> V0 -> L0[]}
{b=L0[.], chain=L0[_] -> V0 -> L0[_], dbb=L0[.], dbi=L0[.], dib=L0[.], dii=L0[.], i=L0[.], put=V0 -> L0[_] -> V0 -> L0[_]}
{b=L0[], chain=L1[] -> V0 -> L1[], dbb=L1[], dbi=L1[], dib=L1[], dii=L1[], i=L0[], put=V0 -> L0[] -> L0[] -> L1[]}
{b=L0[], chain=L1[_] -> V0 -> L1[_], dbb=L1[.], dbi=L1[.], dib=L1[.], dii=L1[.], i=L0[], put=V0 -> L0[] -> L0[] -> L1[_]}
{b=L0[.], chain=L1[] -> V0 -> L1[], dbb=L1[], dbi=L1[], dib=L1[], dii=L1[], i=L0[.], put=V0 -> L0[_] -> L0[_] -> L1[]}
{b=L0[.], chain=L1[_] -> V0 -> L1[_], dbb=L1[.], dbi=L1[.], dib=L1[.], dii=L1[.], i=L0[.], put=V0 -> L0[_] -> L0[_] -> L1[_]}
{b=L0[], chain=L1[] -> V0 -> L1[], dbb=L1[], dbi=L1[], dib=L1[], dii=L1[], i=L0[], put=L1[] -> V0 -> V0 -> L1[]}
{b=L0[], chain=L1[_] -> V0 -> L1[_], dbb=L1[.], dbi=L1[.], dib=L1[.], dii=L1[.], i=L0[], put=L1[_] -> V0 -> V0 -> L1[_]}
{b=L0[], chain=L1[] -> V0 -> L1[], dbb=L1[], dbi=L1[], dib=L1[], dii=L1[], i=L2[], put=L1[] -> V0 -> V1 -> L1[]}
{b=L0[], chain=L1[_] -> V0 -> L1[_], dbb=L1[.], dbi=L1[.], dib=L1[.], dii=L1[.], i=L2[], put=L1[_] -> V0 -> V1 -> L1[_]}
{b=L0[], chain=L1[_, _] -> V0 -> L1[_, _], dbb=L1[., .], dbi=L1[., .], dib=L1[., .], dii=L1[., .], i=L2[], put=L1[_, _] -> V0 -> V1 -> L1[_, _]}
{b=L0[], chain=L1[] -> V0 -> L1[], dbb=L1[], dbi=L1[], dib=L1[], dii=L1[], i=L0[], put=L1[] -> V0 -> L0[] -> L1[]}
{b=L0[], chain=L1[_] -> V0 -> L1[_], dbb=L1[.], dbi=L1[.], dib=L1[.], dii=L1[.], i=L0[], put=L1[_] -> V0 -> L0[] -> L1[_]}
{b=L0[.], chain=L1[] -> V0 -> L1[], dbb=L1[], dbi=L1[], dib=L1[], dii=L1[], i=L0[.], put=L1[] -> V0 -> L0[_] -> L1[]}
{b=L0[.], chain=L1[_] -> V0 -> L1[_], dbb=L1[.], dbi=L1[.], dib=L1[.], dii=L1[.], i=L0[.], put=L1[_] -> V0 -> L0[_] -> L1[_]}
{b=L0[], chain=L1[] -> V0 -> L1[], dbb=L1[], dbi=L1[], dib=L1[], dii=L1[], i=L0[], put=L1[] -> L0[] -> V0 -> L1[]}
{b=L0[], chain=L1[_] -> V0 -> L1[_], dbb=L1[.], dbi=L1[.], dib=L1[.], dii=L1[.], i=L0[], put=L1[_] -> L0[] -> V0 -> L1[_]}
{b=L0[.], chain=L1[] -> V0 -> L1[], dbb=L1[], dbi=L1[], dib=L1[], dii=L1[], i=L0[.], put=L1[] -> L0[_] -> V0 -> L1[]}
{b=L0[.], chain=L1[_] -> V0 -> L1[_], dbb=L1[.], dbi=L1[.], dib=L1[.], dii=L1[.], i=L0[.], put=L1[_] -> L0[_] -> V0 -> L1[_]}
{b=L0[], chain=L1[] -> V0 -> L1[], dbb=L1[], dbi=L1[], dib=L1[], dii=L1[], i=L0[], put=L1[] -> L0[] -> L0[] -> L1[]}
{b=L0[], chain=L1[_] -> V0 -> L1[_], dbb=L1[.], dbi=L1[.], dib=L1[.], dii=L1[.], i=L0[], put=L1[_] -> L0[] -> L0[] -> L1[_]}
{b=L0[.], chain=L1[] -> V0 -> L1[], dbb=L1[], dbi=L1[], dib=L1[], dii=L1[], i=L0[.], put=L1[] -> L0[_] -> L0[_] -> L1[]}
{b=L0[.], chain=L1[_] -> V0 -> L1[_], dbb=L1[.], dbi=L1[.], dib=L1[.], dii=L1[.], i=L0[.], put=L1[_] -> L0[_] -> L0[_] -> L1[_]}
{b=L0[], chain=L0[] -> L0[] -> L0[], dbb=L0[], dbi=L0[], dib=L0[], dii=L0[], i=L0[], put=V0 -> V0 -> V0 -> L0[]}
{b=L0[], chain=L0[] -> L0[] -> L0[], dbb=L0[], dbi=L0[], dib=L0[], dii=L0[], i=L0[], put=V0 -> V0 -> L0[] -> L0[]}
{b=L0[.], chain=L0[_] -> L0[_] -> L0[_], dbb=L0[.], dbi=L0[.], dib=L0[.], dii=L0[.], i=L0[.], put=V0 -> V0 -> L0[_] -> L0[_]}
{b=L0[], chain=L0[] -> L0[] -> L0[], dbb=L0[], dbi=L0[], dib=L0[], dii=L0[], i=L0[], put=V0 -> L0[] -> V0 -> L0[]}
{b=L0[.], chain=L0[_] -> L0[_] -> L0[_], dbb=L0[.], dbi=L0[.], dib=L0[.], dii=L0[.], i=L0[.], put=V0 -> L0[_] -> V0 -> L0[_]}
{b=L0[], chain=L1[] -> L1[] -> L1[], dbb=L1[], dbi=L1[], dib=L1[], dii=L1[], i=L0[], put=V0 -> L0[] -> L0[] -> L1[]}
{b=L0[.], chain=L1[] -> L1[] -> L1[], dbb=L1[], dbi=L1[], dib=L1[], dii=L1[], i=L0[.], put=V0 -> L0[_] -> L0[_] -> L1[]}
{b=L0[], chain=L1[] -> L1[] -> L1[], dbb=L1[], dbi=L1[], dib=L1[], dii=L1[], i=L0[], put=L1[] -> V0 -> V0 -> L1[]}
{b=L0[], chain=L1[_] -> L1[_] -> L1[_], dbb=L1[.], dbi=L1[.], dib=L1[.], dii=L1[.], i=L0[], put=L1[_] -> V0 -> V0 -> L1[_]}
{b=L0[], chain=L1[] -> L1[] -> L1[], dbb=L1[], dbi=L1[], dib=L1[], dii=L1[], i=L2[], put=L1[] -> V0 -> V1 -> L1[]}
{b=L0[], chain=L1[_] -> L1[_] -> L1[_], dbb=L1[.], dbi=L1[.], dib=L1[.], dii=L1[.], i=L2[], put=L1[_] -> V0 -> V1 -> L1[_]}
{b=L0[], chain=L1[_, _] -> L1[_, _] -> L1[_, _], dbb=L1[., .], dbi=L1[., .], dib=L1[., .], dii=L1[., .], i=L2[], put=L1[_, _] -> V0 -> V1 -> L1[_, _]}
{b=L0[], chain=L1[] -> L1[] -> L1[], dbb=L1[], dbi=L1[], dib=L1[], dii=L1[], i=L0[], put=L1[] -> V0 -> L0[] -> L1[]}
{b=L0[], chain=L1[_] -> L1[_] -> L1[_], dbb=L1[.], dbi=L1[.], dib=L1[.], dii=L1[.], i=L0[], put=L1[_] -> V0 -> L0[] -> L1[_]}
{b=L0[.], chain=L1[] -> L1[] -> L1[], dbb=L1[], dbi=L1[], dib=L1[], dii=L1[], i=L0[.], put=L1[] -> V0 -> L0[_] -> L1[]}
{b=L0[.], chain=L1[_] -> L1[_] -> L1[_], dbb=L1[.], dbi=L1[.], dib=L1[.], dii=L1[.], i=L0[.], put=L1[_] -> V0 -> L0[_] -> L1[_]}
{b=L0[], chain=L1[] -> L1[] -> L1[], dbb=L1[], dbi=L1[], dib=L1[], dii=L1[], i=L0[], put=L1[] -> L0[] -> V0 -> L1[]}
{b=L0[], chain=L1[_] -> L1[_] -> L1[_], dbb=L1[.], dbi=L1[.], dib=L1[.], dii=L1[.], i=L0[], put=L1[_] -> L0[] -> V0 -> L1[_]}
{b=L0[.], chain=L1[] -> L1[] -> L1[], dbb=L1[], dbi=L1[], dib=L1[], dii=L1[], i=L0[.], put=L1[] -> L0[_] -> V0 -> L1[]}
{b=L0[.], chain=L1[_] -> L1[_] -> L1[_], dbb=L1[.], dbi=L1[.], dib=L1[.], dii=L1[.], i=L0[.], put=L1[_] -> L0[_] -> V0 -> L1[_]}
{b=L0[], chain=L1[] -> L1[] -> L1[], dbb=L1[], dbi=L1[], dib=L1[], dii=L1[], i=L0[], put=L1[] -> L0[] -> L0[] -> L1[]}
{b=L0[], chain=L1[_] -> L1[_] -> L1[_], dbb=L1[.], dbi=L1[.], dib=L1[.], dii=L1[.], i=L0[], put=L1[_] -> L0[] -> L0[] -> L1[_]}
{b=L0[.], chain=L1[] -> L1[] -> L1[], dbb=L1[], dbi=L1[], dib=L1[], dii=L1[], i=L0[.], put=L1[] -> L0[_] -> L0[_] -> L1[]}
{b=L0[.], chain=L1[_] -> L1[_] -> L1[_], dbb=L1[.], dbi=L1[.], dib=L1[.], dii=L1[.], i=L0[.], put=L1[_] -> L0[_] -> L0[_] -> L1[_]}
{b=L0[.], chain=V0 -> V0 -> L1[], dbb=L1[], dbi=L1[], dib=L1[], dii=L1[], i=L0[.], put=V1 -> L0[_] -> V0}
{b=L0[], chain=V0 -> V0 -> L1[_], dbb=L1[.], dbi=L1[.], dib=L1[.], dii=L1[.], i=L2[], put=L1[_] -> V1 -> V0}
{b=L0[], chain=V0 -> V0 -> L1[_], dbb=L1[.], dbi=L1[.], dib=L1[.], dii=L1[.], i=L0[], put=L1[_] -> L0[] -> V0}
{b=L0[.], chain=V0 -> V0 -> L1[], dbb=L1[], dbi=L1[], dib=L1[], dii=L1[], i=L0[.], put=L1[] -> L0[_] -> V0}
{b=L0[.], chain=V0 -> V0 -> L1[_], dbb=L1[.], dbi=L1[.], dib=L1[.], dii=L1[.], i=L0[.], put=L1[_] -> L0[_] -> V0}
{b=L0[.], chain=V0 -> L1[] -> L1[], dbb=L1[], dbi=L1[], dib=L1[], dii=L1[], i=L0[.], put=V1 -> L0[_] -> V0}
{b=L0[], chain=V0 -> L1[_] -> L1[_], dbb=L1[.], dbi=L1[.], dib=L1[.], dii=L1[.], i=L2[], put=L1[_] -> V1 -> V0}
{b=L0[], chain=V0 -> L1[_] -> L1[_], dbb=L1[.], dbi=L1[.], dib=L1[.], dii=L1[.], i=L0[], put=L1[_] -> L0[] -> V0}
{b=L0[.], chain=V0 -> L1[] -> L1[], dbb=L1[], dbi=L1[], dib=L1[], dii=L1[], i=L0[.], put=L1[] -> L0[_] -> V0}
{b=L0[.], chain=V0 -> L1[_] -> L1[_], dbb=L1[.], dbi=L1[.], dib=L1[.], dii=L1[.], i=L0[.], put=L1[_] -> L0[_] -> V0}
{b=L0[.], chain=L1[] -> V0 -> L1[], dbb=L1[], dbi=L1[], dib=L1[], dii=L1[], i=L0[.], put=V1 -> L0[_] -> V0}
{b=L0[.], chain=L1[_] -> V0 -> L1[_], dbb=L1[.], dbi=L1[.], dib=L1[.], dii=L1[.], i=L0[.], put=V1 -> L0[_] -> V0}
{b=L0[], chain=L1[_] -> V0 -> L1[_], dbb=L1[.], dbi=L1[.], dib=L1[.], dii=L1[.], i=L2[], put=L1[_] -> V1 -> V0}
{b=L0[], chain=L1[_] -> V0 -> L1[_], dbb=L1[.], dbi=L1[.], dib=L1[.], dii=L1[.], i=L0[], put=L1[_] -> L0[] -> V0}
{b=L0[.], chain=L1[] -> V0 -> L1[], dbb=L1[], dbi=L1[], dib=L1[], dii=L1[], i=L0[.], put=L1[] -> L0[_] -> V0}
{b=L0[.], chain=L1[_] -> V0 -> L1[_], dbb=L1[.], dbi=L1[.], dib=L1[.], dii=L1[.], i=L0[.], put=L1[_] -> L0[_] -> V0}
{b=L0[.], chain=L1[] -> L1[] -> L1[], dbb=L1[], dbi=L1[], dib=L1[], dii=L1[], i=L0[.], put=V1 -> L0[_] -> V0}
{b=L0[], chain=L1[_] -> L1[_] -> L1[_], dbb=L1[.], dbi=L1[.], dib=L1[.], dii=L1[.], i=L2[], put=L1[_] -> V1 -> V0}
{b=L0[], chain=L1[_] -> L1[_] -> L1[_], dbb=L1[.], dbi=L1[.], dib=L1[.], dii=L1[.], i=L0[], put=L1[_] -> L0[] -> V0}
{b=L0[.], chain=L1[] -> L1[] -> L1[], dbb=L1[], dbi=L1[], dib=L1[], dii=L1[], i=L0[.], put=L1[] -> L0[_] -> V0}
{b=L0[.], chain=L1[_] -> L1[_] -> L1[_], dbb=L1[.], dbi=L1[.], dib=L1[.], dii=L1[.], i=L0[.], put=L1[_] -> L0[_] -> V0}
{b=L0[], chain=L1[_] -> V0 -> L1[_], dbb=L1[.], dbi=L1[.], dib=L1[.], dii=L1[.], i=L2[], put=L1[_] -> V0}
{b=L0[.], chain=L0[_] -> V0, dbb=L0[.], dbi=L0[.], dib=L0[.], dii=L0[.], i=L0[.], put=V0 -> V0 -> L0[_] -> V0}
{b=L0[.], chain=L0[_] -> V0, dbb=L0[.], dbi=L0[.], dib=L0[.], dii=L0[.], i=L0[.], put=V0 -> L0[_] -> V0 -> V0}
{b=L0[.], chain=L0[_] -> V0, dbb=L0[.], dbi=L0[.], dib=L0[.], dii=L0[.], i=L0[.], put=V1 -> V1 -> L0[_] -> V0}
{b=L0[.], chain=L0[_] -> V0, dbb=L0[.], dbi=L0[.], dib=L0[.], dii=L0[.], i=L0[.], put=V1 -> L0[_] -> V1 -> V0}
{b=L0[.], chain=L0[_] -> V0, dbb=L0[.], dbi=L0[.], dib=L0[.], dii=L0[.], i=L0[.], put=L0[_] -> V0 -> V0 -> V0}
{b=L0[.], chain=L0[_] -> V0, dbb=L0[.], dbi=L0[.], dib=L0[.], dii=L0[.], i=L0[.], put=L0[_] -> V0 -> V1 -> V0}
{b=L0[., .], chain=L0[_, _] -> V0, dbb=L0[., .], dbi=L0[., .], dib=L0[., .], dii=L0[., .], i=L0[., .], put=L0[_, _] -> V0 -> V1 -> V0}
{b=L0[.], chain=L0[_] -> V0, dbb=L0[.], dbi=L0[.], dib=L0[.], dii=L0[.], i=L0[.], put=L0[_] -> V0 -> L0[_] -> V0}
{b=L0[.], chain=L0[_] -> V0, dbb=L0[.], dbi=L0[.], dib=L0[.], dii=L0[.], i=L0[.], put=L0[_] -> V1 -> V0 -> V0}
{b=L0[., .], chain=L0[_, _] -> V0, dbb=L0[., .], dbi=L0[., .], dib=L0[., .], dii=L0[., .], i=L0[., .], put=L0[_, _] -> V1 -> V0 -> V0}
{b=L0[], chain=L1[_] -> V0, dbb=L1[.], dbi=L1[.], dib=L1[.], dii=L1[.], i=L0[], put=L1[_] -> V1 -> V1 -> V0}
{b=L0[], chain=L1[_] -> V0, dbb=L1[.], dbi=L1[.], dib=L1[.], dii=L1[.], i=L2[], put=L1[_] -> V1 -> V2 -> V0}
{b=L0[], chain=L1[_, _] -> V0, dbb=L1[., .], dbi=L1[., .], dib=L1[., .], dii=L1[., .], i=L2[], put=L1[_, _] -> V1 -> V2 -> V0}
{b=L0[], chain=L1[_] -> V0, dbb=L1[.], dbi=L1[.], dib=L1[.], dii=L1[.], i=L0[], put=L1[_] -> V1 -> L0[] -> V0}
{b=L0[.], chain=L1[_] -> V0, dbb=L1[.], dbi=L1[.], dib=L1[.], dii=L1[.], i=L0[.], put=L1[_] -> V1 -> L0[_] -> V0}
{b=L0[.], chain=L0[_] -> V0, dbb=L0[.], dbi=L0[.], dib=L0[.], dii=L0[.], i=L0[.], put=L0[_] -> L0[_] -> V0 -> V0}
{b=L0[], chain=L1[_] -> V0, dbb=L1[.], dbi=L1[.], dib=L1[.], dii=L1[.], i=L0[], put=L1[_] -> L0[] -> V1 -> V0}
{b=L0[.], chain=L1[_] -> V0, dbb=L1[.], dbi=L1[.], dib=L1[.], dii=L1[.], i=L0[.], put=L1[_] -> L0[_] -> V1 -> V0}
{b=L0[], chain=L1[_] -> V0, dbb=L1[.], dbi=L1[.], dib=L1[.], dii=L1[.], i=L0[], put=L1[_] -> L0[] -> L0[] -> V0}
{b=L0[.], chain=L1[_] -> V0, dbb=L1[.], dbi=L1[.], dib=L1[.], dii=L1[.], i=L0[.], put=L1[_] -> L0[_] -> L0[_] -> V0}
{b=L0[.], chain=L0[_] -> V0, dbb=L0[.], dbi=L0[.], dib=L0[.], dii=L0[.], i=L0[.], put=V0 -> V0 -> L0[_] -> L0[_]}
{b=L0[.], chain=L0[_] -> V0, dbb=L0[.], dbi=L0[.], dib=L0[.], dii=L0[.], i=L0[.], put=V0 -> L0[_] -> V0 -> L0[_]}
{b=L0[], chain=L1[_] -> V0, dbb=L1[.], dbi=L1[.], dib=L1[.], dii=L1[.], i=L0[], put=L1[_] -> V0 -> V0 -> L1[_]}
{b=L0[], chain=L1[_] -> V0, dbb=L1[.], dbi=L1[.], dib=L1[.], dii=L1[.], i=L2[], put=L1[_] -> V0 -> V1 -> L1[_]}
{b=L0[], chain=L1[_, _] -> V0, dbb=L1[., .], dbi=L1[., .], dib=L1[., .], dii=L1[., .], i=L2[], put=L1[_, _] -> V0 -> V1 -> L1[_, _]}
{b=L0[], chain=L1[_] -> V0, dbb=L1[.], dbi=L1[.], dib=L1[.], dii=L1[.], i=L0[], put=L1[_] -> V0 -> L0[] -> L1[_]}
{b=L0[.], chain=L1[_] -> V0, dbb=L1[.], dbi=L1[.], dib=L1[.], dii=L1[.], i=L0[.], put=L1[_] -> V0 -> L0[_] -> L1[_]}
{b=L0[], chain=L1[_] -> V0, dbb=L1[.], dbi=L1[.], dib=L1[.], dii=L1[.], i=L0[], put=L1[_] -> L0[] -> V0 -> L1[_]}
{b=L0[.], chain=L1[_] -> V0, dbb=L1[.], dbi=L1[.], dib=L1[.], dii=L1[.], i=L0[.], put=L1[_] -> L0[_] -> V0 -> L1[_]}
{b=L0[], chain=L1[_] -> V0, dbb=L1[.], dbi=L1[.], dib=L1[.], dii=L1[.], i=L0[], put=L1[_] -> L0[] -> L0[] -> L1[_]}
{b=L0[.], chain=L1[_] -> V0, dbb=L1[.], dbi=L1[.], dib=L1[.], dii=L1[.], i=L0[.], put=L1[_] -> L0[_] -> L0[_] -> L1[_]}
{b=L0[], chain=L1[_] -> V0, dbb=L1[.], dbi=L1[.], dib=L1[.], dii=L1[.], i=L2[], put=L1[_] -> V1 -> V0}
{b=L0[], chain=L1[_] -> V0, dbb=L1[.], dbi=L1[.], dib=L1[.], dii=L1[.], i=L0[], put=L1[_] -> L0[] -> V0}
{b=L0[.], chain=L1[_] -> V0, dbb=L1[.], dbi=L1[.], dib=L1[.], dii=L1[.], i=L0[.], put=L1[_] -> L0[_] -> V0}
[13:38:19.271]	BEG Depth 1 concretizing [b, chain, dbb, dbi, dib, dii, i, put]
[13:38:19.271]	BEG Size 1 concretizing [b, chain, dbb, dbi, dib, dii, i, put]
[13:38:19.376]	END Size 1 concretizing [b, chain, dbb, dbi, dib, dii, i, put] : 105 ms
[13:38:19.376]	Counts:
Total candidates=1464
[13:38:19.376]	Elapsed time: 31687 ms
[13:38:19.376]	BEG Size 2 concretizing [b, chain, dbb, dbi, dib, dii, i, put]
[13:38:19.674]	END Size 2 concretizing [b, chain, dbb, dbi, dib, dii, i, put] : 298 ms
[13:38:19.674]	Counts:
Total candidates=2699
[13:38:19.674]	Elapsed time: 31985 ms
[13:38:19.674]	BEG Size 3 concretizing [b, chain, dbb, dbi, dib, dii, i, put]
[13:38:20.332]	END Size 3 concretizing [b, chain, dbb, dbi, dib, dii, i, put] : 658 ms
[13:38:20.332]	Counts:
Total candidates=5714
[13:38:20.332]	Elapsed time: 32643 ms
[13:38:20.332]	BEG Size 4 concretizing [b, chain, dbb, dbi, dib, dii, i, put]
[13:38:21.420]	END Size 4 concretizing [b, chain, dbb, dbi, dib, dii, i, put] : 1088 ms
[13:38:21.420]	Counts:
Total candidates=12867
[13:38:21.420]	Elapsed time: 33731 ms
[13:38:21.420]	BEG Size 5 concretizing [b, chain, dbb, dbi, dib, dii, i, put]
[13:38:22.586]	END Size 5 concretizing [b, chain, dbb, dbi, dib, dii, i, put] : 1166 ms
[13:38:22.586]	Counts:
Total candidates=21441
[13:38:22.586]	Elapsed time: 34897 ms
[13:38:22.586]	BEG Size 6 concretizing [b, chain, dbb, dbi, dib, dii, i, put]
[13:38:25.944]	END Size 6 concretizing [b, chain, dbb, dbi, dib, dii, i, put] : 3358 ms
[13:38:25.944]	Counts:
Total candidates=43290
[13:38:25.944]	Elapsed time: 38255 ms
[13:38:25.944]	BEG Size 7 concretizing [b, chain, dbb, dbi, dib, dii, i, put]
[13:38:29.397]	END Size 7 concretizing [b, chain, dbb, dbi, dib, dii, i, put] : 3453 ms
[13:38:29.397]	Counts:
Total candidates=65696
[13:38:29.397]	Elapsed time: 41708 ms
[13:38:29.397]	BEG Size 8 concretizing [b, chain, dbb, dbi, dib, dii, i, put]
[13:38:52.337]	END Size 8 concretizing [b, chain, dbb, dbi, dib, dii, i, put] : 22940 ms
[13:38:52.337]	Counts:
Total candidates=182807
[13:38:52.337]	Elapsed time: 64648 ms
[13:38:52.337]	BEG Size 9 concretizing [b, chain, dbb, dbi, dib, dii, i, put]
[13:39:15.259]	END Size 9 concretizing [b, chain, dbb, dbi, dib, dii, i, put] : 22922 ms
[13:39:15.259]	Counts:
Total candidates=299918
[13:39:15.259]	Elapsed time: 87570 ms
[13:39:15.259]	BEG Size 10 concretizing [b, chain, dbb, dbi, dib, dii, i, put]
[13:40:13.613]	Looking for counterexamples for potential solution {b=L0[], chain=L1[V0, V1] -> L1[V1, V2] -> L1[V0, V2], dbb=L1[L0[], L0[]], dbi=L1[L0[], L2[]], dib=L1[L2[], L0[]], dii=L1[L2[], L2[]], i=L2[], put=L1[V0, V1] -> V0 -> V1 -> L1[V0, V1]}
[13:40:13.615]	Found no counterexamples
[13:40:13.615]	SOLUTION: {b=L0[], chain=L1[V0, V1] -> L1[V1, V2] -> L1[V0, V2], dbb=L1[L0[], L0[]], dbi=L1[L0[], L2[]], dib=L1[L2[], L0[]], dii=L1[L2[], L2[]], i=L2[], put=L1[V0, V1] -> V0 -> V1 -> L1[V0, V1]}
[13:40:13.615]	END Size 10 concretizing [b, chain, dbb, dbi, dib, dii, i, put] : 58356 ms
[13:40:13.615]	Elapsed time: 145926 ms
[13:40:13.615]	END Depth 1 concretizing [b, chain, dbb, dbi, dib, dii, i, put] : 114344 ms
[13:40:13.615]	Elapsed time: 145926 ms
[13:40:13.615]	Counts:
Total candidates=539244
[13:40:13.615]	Total time: 145926 ms
