hofs
Search strategy: fun `<init>`(query.Examples, kotlin.Boolean, kotlin.Boolean, kotlin.Int, kotlin.Int, util.Logger): oneast.searchstrategies.DFSEnumerator
Size bound: 20
Depth bound: 4
Schedule: Single round
Searching for 1 solutions
=====

[14:39:53.589]	Current query: {a=.L, f=_ -> _, g=_ -> _, h=_ -> _} with depth bound 0
[14:39:53.589]	BEG Depth 0 outlining [a, f, g, h]
[14:39:53.589]	BEG Initial outlines
[14:39:53.589]	END Initial outlines : 0 ms
[14:39:53.589]	Counts:

[14:39:53.589]	Elapsed time: 4 ms
[14:39:53.590]	Seeds before label arities: 0

[14:39:53.590]	BEG Dependency analysis
[14:39:53.590]	END Dependency analysis : 0 ms
[14:39:53.590]	Counts:
Total candidates=64
[14:39:53.590]	Elapsed time: 5 ms
[14:39:53.590]	BEG Solving for label arities
[14:39:53.590]	END Solving for label arities : 0 ms
[14:39:53.590]	Counts:
Total candidates=64
[14:39:53.590]	Elapsed time: 5 ms
[14:39:53.590]	END Depth 0 outlining [a, f, g, h] : 1 ms
[14:39:53.590]	Counts:
Total candidates=64
[14:39:53.590]	Elapsed time: 5 ms
[14:39:53.591]	Current query: {a=.L, f=_ -> _, g=_ -> _, h=_ -> _} with depth bound 1
[14:39:53.591]	BEG Depth 0 outlining [a, f, g, h]
[14:39:53.591]	BEG Initial outlines
[14:39:53.591]	END Initial outlines : 0 ms
[14:39:53.591]	Counts:
Total candidates=64
[14:39:53.591]	Elapsed time: 6 ms
[14:39:53.591]	Seeds before label arities: 0

[14:39:53.591]	BEG Dependency analysis
[14:39:53.591]	END Dependency analysis : 0 ms
[14:39:53.591]	Counts:
Total candidates=128
[14:39:53.591]	Elapsed time: 6 ms
[14:39:53.591]	BEG Solving for label arities
[14:39:53.591]	END Solving for label arities : 0 ms
[14:39:53.592]	Counts:
Total candidates=128
[14:39:53.592]	Elapsed time: 7 ms
[14:39:53.592]	END Depth 0 outlining [a, f, g, h] : 1 ms
[14:39:53.592]	Counts:
Total candidates=128
[14:39:53.592]	Elapsed time: 7 ms
[14:39:53.592]	BEG Depth 1 outlining [a, f, g, h]
[14:39:53.592]	BEG Initial outlines
[14:39:53.592]	END Initial outlines : 0 ms
[14:39:53.592]	Counts:
Total candidates=128
[14:39:53.592]	Elapsed time: 7 ms
[14:39:53.634]	Seeds before label arities: 825
{a=L0[], f=L0[] -> L1[], g=(L0[] -> L1[]) -> L2[], h=(V0 -> L2[]) -> L3[]}
{a=L0[], f=L0[] -> L1[], g=(L0[] -> L1[]) -> L2[], h=(V0 -> V1) -> L3[]}
{a=L0[], f=L0[] -> L1[], g=(L0[] -> V0) -> L2[], h=(V0 -> L2[]) -> L3[]}
{a=L0[], f=L0[] -> L1[], g=(L0[] -> V0) -> L2[], h=(V0 -> V1) -> L3[]}
{a=L0[], f=L0[] -> L1[], g=(V0 -> L1[]) -> L2[], h=(V0 -> L2[]) -> L3[]}
{a=L0[], f=L0[] -> L1[], g=(V0 -> L1[]) -> L2[], h=(V0 -> V1) -> L3[]}
{a=L0[], f=L0[] -> L0[], g=(V0 -> V0) -> L1[], h=(V0 -> L1[]) -> L2[]}
{a=L0[], f=L0[] -> L0[], g=(V0 -> V0) -> L1[], h=(V0 -> V1) -> L2[]}
{a=L0[], f=L0[] -> L1[], g=(V0 -> V1) -> L2[], h=(V0 -> L2[]) -> L3[]}
{a=L0[], f=L0[] -> L1[], g=(V0 -> V1) -> L2[], h=(V0 -> V1) -> L3[]}
{a=L0[], f=L0[] -> L1[], g=(L0[] -> L1[]) -> L2[], h=V0 -> L3[]}
{a=L0[], f=L0[] -> L1[], g=(L0[] -> V0) -> L2[], h=V0 -> L3[]}
{a=L0[], f=L0[] -> L1[], g=(V0 -> L1[]) -> L2[], h=V0 -> L3[]}
{a=L0[], f=L0[] -> L0[], g=(V0 -> V0) -> L1[], h=V0 -> L2[]}
{a=L0[], f=L0[] -> L1[], g=(V0 -> V1) -> L2[], h=V0 -> L3[]}
{a=L0[], f=V0 -> L1[], g=(L2[] -> L1[]) -> L3[], h=(V0 -> L3[]) -> L4[]}
{a=L0[], f=V0 -> L1[], g=(L2[] -> L1[]) -> L3[], h=(V0 -> V1) -> L4[]}
{a=L0[], f=V0 -> L1[], g=(L2[] -> V0) -> L3[], h=(V0 -> L3[]) -> L4[]}
{a=L0[], f=V0 -> L1[], g=(L2[] -> V0) -> L3[], h=(V0 -> V1) -> L4[]}
{a=L0[], f=V0 -> L1[], g=(V0 -> L1[]) -> L2[], h=(V0 -> L2[]) -> L3[]}
{a=L0[], f=V0 -> L1[], g=(V0 -> L1[]) -> L2[], h=(V0 -> V1) -> L3[]}
{a=L0[], f=V0 -> L1[], g=(V0 -> V0) -> L2[], h=(V0 -> L2[]) -> L3[]}
{a=L0[], f=V0 -> L1[], g=(V0 -> V0) -> L2[], h=(V0 -> V1) -> L3[]}
{a=L0[], f=V0 -> L1[], g=(V0 -> V1) -> L2[], h=(V0 -> L2[]) -> L3[]}
{a=L0[], f=V0 -> L1[], g=(V0 -> V1) -> L2[], h=(V0 -> V1) -> L3[]}
{a=L0[], f=V0 -> L1[], g=(L2[] -> L1[]) -> L3[], h=V0 -> L4[]}
{a=L0[], f=V0 -> L1[], g=(L2[] -> V0) -> L3[], h=V0 -> L4[]}
{a=L0[], f=V0 -> L1[], g=(V0 -> L1[]) -> L2[], h=V0 -> L3[]}
{a=L0[], f=V0 -> L1[], g=(V0 -> V0) -> L2[], h=V0 -> L3[]}
{a=L0[], f=V0 -> L1[], g=(V0 -> V1) -> L2[], h=V0 -> L3[]}
{a=L0[], f=L0[] -> L1[], g=(L0[] -> L1[]) -> L2[], h=(V0 -> L2[]) -> V0}
{a=L0[], f=L0[] -> L1[], g=(L0[] -> L1[]) -> L2[], h=(V0 -> V1) -> V0}
{a=L0[], f=L0[] -> L1[], g=(L0[] -> L1[]) -> L2[], h=(V1 -> L2[]) -> V0}
{a=L0[], f=L0[] -> L1[], g=(L0[] -> L1[]) -> L2[], h=(V1 -> V0) -> V0}
{a=L0[], f=L0[] -> L1[], g=(L0[] -> L1[]) -> L2[], h=(V1 -> V2) -> V0}
{a=L0[], f=L0[] -> L1[], g=(L0[] -> V0) -> L2[], h=(V0 -> L2[]) -> V0}
{a=L0[], f=L0[] -> L1[], g=(L0[] -> V0) -> L2[], h=(V0 -> V1) -> V0}
{a=L0[], f=L0[] -> L1[], g=(L0[] -> V0) -> L2[], h=(V1 -> L2[]) -> V0}
{a=L0[], f=L0[] -> L1[], g=(L0[] -> V0) -> L2[], h=(V1 -> V0) -> V0}
{a=L0[], f=L0[] -> L1[], g=(L0[] -> V0) -> L2[], h=(V1 -> V2) -> V0}
{a=L0[], f=L0[] -> L1[], g=(V0 -> L1[]) -> L2[], h=(V0 -> L2[]) -> V0}
{a=L0[], f=L0[] -> L1[], g=(V0 -> L1[]) -> L2[], h=(V0 -> V1) -> V0}
{a=L0[], f=L0[] -> L1[], g=(V0 -> L1[]) -> L2[], h=(V1 -> L2[]) -> V0}
{a=L0[], f=L0[] -> L1[], g=(V0 -> L1[]) -> L2[], h=(V1 -> V0) -> V0}
{a=L0[], f=L0[] -> L1[], g=(V0 -> L1[]) -> L2[], h=(V1 -> V2) -> V0}
{a=L0[], f=L0[] -> L0[], g=(V0 -> V0) -> L1[], h=(V0 -> L1[]) -> V0}
{a=L0[], f=L0[] -> L0[], g=(V0 -> V0) -> L1[], h=(V0 -> V1) -> V0}
{a=L0[], f=L0[] -> L0[], g=(V0 -> V0) -> L1[], h=(V1 -> L1[]) -> V0}
{a=L0[], f=L0[] -> L0[], g=(V0 -> V0) -> L1[], h=(V1 -> V0) -> V0}
{a=L0[], f=L0[] -> L0[], g=(V0 -> V0) -> L1[], h=(V1 -> V2) -> V0}
{a=L0[], f=L0[] -> L1[], g=(V0 -> V1) -> L2[], h=(V0 -> L2[]) -> V0}
{a=L0[], f=L0[] -> L1[], g=(V0 -> V1) -> L2[], h=(V0 -> V1) -> V0}
{a=L0[], f=L0[] -> L1[], g=(V0 -> V1) -> L2[], h=(V1 -> L2[]) -> V0}
{a=L0[], f=L0[] -> L1[], g=(V0 -> V1) -> L2[], h=(V1 -> V0) -> V0}
{a=L0[], f=L0[] -> L1[], g=(V0 -> V1) -> L2[], h=(V1 -> V2) -> V0}
{a=L0[], f=L0[] -> L1[], g=(L0[] -> L1[]) -> L2[], h=V0 -> V0}
{a=L0[], f=L0[] -> L1[], g=(L0[] -> V0) -> L2[], h=V0 -> V0}
{a=L0[], f=L0[] -> L1[], g=(V0 -> L1[]) -> L2[], h=V0 -> V0}
{a=L0[], f=L0[] -> L0[], g=(V0 -> V0) -> L1[], h=V0 -> V0}
{a=L0[], f=L0[] -> L1[], g=(V0 -> V1) -> L2[], h=V0 -> V0}
{a=L0[], f=L0[] -> L1[], g=(L0[] -> L1[]) -> L2[], h=V1 -> V0}
{a=L0[], f=L0[] -> L1[], g=(L0[] -> V0) -> L2[], h=V1 -> V0}
{a=L0[], f=L0[] -> L1[], g=(V0 -> L1[]) -> L2[], h=V1 -> V0}
{a=L0[], f=L0[] -> L0[], g=(V0 -> V0) -> L1[], h=V1 -> V0}
{a=L0[], f=L0[] -> L1[], g=(V0 -> V1) -> L2[], h=V1 -> V0}
{a=L0[], f=V0 -> L1[], g=(L2[] -> L1[]) -> L3[], h=(V0 -> L3[]) -> V0}
{a=L0[], f=V0 -> L1[], g=(L2[] -> L1[]) -> L3[], h=(V0 -> V1) -> V0}
{a=L0[], f=V0 -> L1[], g=(L2[] -> L1[]) -> L3[], h=(V1 -> L3[]) -> V0}
{a=L0[], f=V0 -> L1[], g=(L2[] -> L1[]) -> L3[], h=(V1 -> V0) -> V0}
{a=L0[], f=V0 -> L1[], g=(L2[] -> L1[]) -> L3[], h=(V1 -> V2) -> V0}
{a=L0[], f=V0 -> L1[], g=(L2[] -> V0) -> L3[], h=(V0 -> L3[]) -> V0}
{a=L0[], f=V0 -> L1[], g=(L2[] -> V0) -> L3[], h=(V0 -> V1) -> V0}
{a=L0[], f=V0 -> L1[], g=(L2[] -> V0) -> L3[], h=(V1 -> L3[]) -> V0}
{a=L0[], f=V0 -> L1[], g=(L2[] -> V0) -> L3[], h=(V1 -> V0) -> V0}
{a=L0[], f=V0 -> L1[], g=(L2[] -> V0) -> L3[], h=(V1 -> V2) -> V0}
{a=L0[], f=V0 -> L1[], g=(V0 -> L1[]) -> L2[], h=(V0 -> L2[]) -> V0}
{a=L0[], f=V0 -> L1[], g=(V0 -> L1[]) -> L2[], h=(V0 -> V1) -> V0}
{a=L0[], f=V0 -> L1[], g=(V0 -> L1[]) -> L2[], h=(V1 -> L2[]) -> V0}
{a=L0[], f=V0 -> L1[], g=(V0 -> L1[]) -> L2[], h=(V1 -> V0) -> V0}
{a=L0[], f=V0 -> L1[], g=(V0 -> L1[]) -> L2[], h=(V1 -> V2) -> V0}
{a=L0[], f=V0 -> L1[], g=(V0 -> V0) -> L2[], h=(V0 -> L2[]) -> V0}
{a=L0[], f=V0 -> L1[], g=(V0 -> V0) -> L2[], h=(V0 -> V1) -> V0}
{a=L0[], f=V0 -> L1[], g=(V0 -> V0) -> L2[], h=(V1 -> L2[]) -> V0}
{a=L0[], f=V0 -> L1[], g=(V0 -> V0) -> L2[], h=(V1 -> V0) -> V0}
{a=L0[], f=V0 -> L1[], g=(V0 -> V0) -> L2[], h=(V1 -> V2) -> V0}
{a=L0[], f=V0 -> L1[], g=(V0 -> V1) -> L2[], h=(V0 -> L2[]) -> V0}
{a=L0[], f=V0 -> L1[], g=(V0 -> V1) -> L2[], h=(V0 -> V1) -> V0}
{a=L0[], f=V0 -> L1[], g=(V0 -> V1) -> L2[], h=(V1 -> L2[]) -> V0}
{a=L0[], f=V0 -> L1[], g=(V0 -> V1) -> L2[], h=(V1 -> V0) -> V0}
{a=L0[], f=V0 -> L1[], g=(V0 -> V1) -> L2[], h=(V1 -> V2) -> V0}
{a=L0[], f=V0 -> L1[], g=(L2[] -> L1[]) -> L3[], h=V0 -> V0}
{a=L0[], f=V0 -> L1[], g=(L2[] -> V0) -> L3[], h=V0 -> V0}
{a=L0[], f=V0 -> L1[], g=(V0 -> L1[]) -> L2[], h=V0 -> V0}
{a=L0[], f=V0 -> L1[], g=(V0 -> V0) -> L2[], h=V0 -> V0}
{a=L0[], f=V0 -> L1[], g=(V0 -> V1) -> L2[], h=V0 -> V0}
{a=L0[], f=V0 -> L1[], g=(L2[] -> L1[]) -> L3[], h=V1 -> V0}
{a=L0[], f=V0 -> L1[], g=(L2[] -> V0) -> L3[], h=V1 -> V0}
{a=L0[], f=V0 -> L1[], g=(V0 -> L1[]) -> L2[], h=V1 -> V0}
{a=L0[], f=V0 -> L1[], g=(V0 -> V0) -> L2[], h=V1 -> V0}
{a=L0[], f=V0 -> L1[], g=(V0 -> V1) -> L2[], h=V1 -> V0}
{a=L0[], f=L0[] -> L1[], g=(L0[] -> L1[]) -> V0, h=(V0 -> L2[]) -> L3[]}
{a=L0[], f=L0[] -> L1[], g=(L0[] -> L1[]) -> V0, h=(V0 -> V0) -> L2[]}
{a=L0[], f=L0[] -> L1[], g=(L0[] -> L1[]) -> V0, h=(V0 -> V1) -> L2[]}
{a=L0[], f=L0[] -> L1[], g=(L0[] -> V0) -> V0, h=(V0 -> L2[]) -> L3[]}
{a=L0[], f=L0[] -> L1[], g=(L0[] -> V0) -> V0, h=(V0 -> V1) -> L2[]}
{a=L0[], f=L0[] -> L1[], g=(L0[] -> V1) -> V0, h=(V0 -> L2[]) -> L3[]}
{a=L0[], f=L0[] -> L1[], g=(L0[] -> V1) -> V0, h=(V0 -> V0) -> L2[]}
{a=L0[], f=L0[] -> L1[], g=(L0[] -> V1) -> V0, h=(V0 -> V1) -> L2[]}
{a=L0[], f=L0[] -> L1[], g=(V0 -> L1[]) -> V0, h=(V0 -> L2[]) -> L3[]}
{a=L0[], f=L0[] -> L1[], g=(V0 -> L1[]) -> V0, h=(V0 -> V1) -> L2[]}
{a=L0[], f=L0[] -> L0[], g=(V0 -> V0) -> V0, h=(V0 -> L1[]) -> L2[]}
{a=L0[], f=L0[] -> L0[], g=(V0 -> V0) -> V0, h=(V0 -> V1) -> L1[]}
{a=L0[], f=L0[] -> L1[], g=(V0 -> V1) -> V0, h=(V0 -> L2[]) -> L3[]}
{a=L0[], f=L0[] -> L1[], g=(V0 -> V1) -> V0, h=(V0 -> V1) -> L2[]}
{a=L0[], f=L0[] -> L1[], g=(V1 -> L1[]) -> V0, h=(V0 -> L2[]) -> L3[]}
{a=L0[], f=L0[] -> L1[], g=(V1 -> L1[]) -> V0, h=(V0 -> V0) -> L2[]}
{a=L0[], f=L0[] -> L1[], g=(V1 -> L1[]) -> V0, h=(V0 -> V1) -> L2[]}
{a=L0[], f=L0[] -> L1[], g=(V1 -> V0) -> V0, h=(V0 -> L2[]) -> L3[]}
{a=L0[], f=L0[] -> L1[], g=(V1 -> V0) -> V0, h=(V0 -> V1) -> L2[]}
{a=L0[], f=L0[] -> L0[], g=(V1 -> V1) -> V0, h=(V0 -> L1[]) -> L2[]}
{a=L0[], f=L0[] -> L0[], g=(V1 -> V1) -> V0, h=(V0 -> V0) -> L1[]}
{a=L0[], f=L0[] -> L0[], g=(V1 -> V1) -> V0, h=(V0 -> V1) -> L1[]}
{a=L0[], f=L0[] -> L1[], g=(V1 -> V2) -> V0, h=(V0 -> L2[]) -> L3[]}
{a=L0[], f=L0[] -> L1[], g=(V1 -> V2) -> V0, h=(V0 -> V0) -> L2[]}
{a=L0[], f=L0[] -> L1[], g=(V1 -> V2) -> V0, h=(V0 -> V1) -> L2[]}
{a=L0[], f=L0[] -> L1[], g=(L0[] -> L1[]) -> V0, h=V0 -> L2[]}
{a=L0[], f=L0[] -> L1[], g=(L0[] -> V0) -> V0, h=V0 -> L2[]}
{a=L0[], f=L0[] -> L1[], g=(L0[] -> V1) -> V0, h=V0 -> L2[]}
{a=L0[], f=L0[] -> L1[], g=(V0 -> L1[]) -> V0, h=V0 -> L2[]}
{a=L0[], f=L0[] -> L0[], g=(V0 -> V0) -> V0, h=V0 -> L1[]}
{a=L0[], f=L0[] -> L1[], g=(V0 -> V1) -> V0, h=V0 -> L2[]}
{a=L0[], f=L0[] -> L1[], g=(V1 -> L1[]) -> V0, h=V0 -> L2[]}
{a=L0[], f=L0[] -> L1[], g=(V1 -> V0) -> V0, h=V0 -> L2[]}
{a=L0[], f=L0[] -> L0[], g=(V1 -> V1) -> V0, h=V0 -> L1[]}
{a=L0[], f=L0[] -> L1[], g=(V1 -> V2) -> V0, h=V0 -> L2[]}
{a=L0[], f=V0 -> L1[], g=(L2[] -> L1[]) -> V0, h=(V0 -> L3[]) -> L4[]}
{a=L0[], f=V0 -> L1[], g=(L2[] -> L1[]) -> V0, h=(V0 -> V0) -> L3[]}
{a=L0[], f=V0 -> L1[], g=(L2[] -> L1[]) -> V0, h=(V0 -> V1) -> L3[]}
{a=L0[], f=V0 -> L1[], g=(L2[] -> V0) -> V0, h=(V0 -> L3[]) -> L4[]}
{a=L0[], f=V0 -> L1[], g=(L2[] -> V0) -> V0, h=(V0 -> V1) -> L3[]}
{a=L0[], f=V0 -> L1[], g=(L2[] -> V1) -> V0, h=(V0 -> L3[]) -> L4[]}
{a=L0[], f=V0 -> L1[], g=(L2[] -> V1) -> V0, h=(V0 -> V0) -> L3[]}
{a=L0[], f=V0 -> L1[], g=(L2[] -> V1) -> V0, h=(V0 -> V1) -> L3[]}
{a=L0[], f=V0 -> L1[], g=(V0 -> L1[]) -> V0, h=(V0 -> L2[]) -> L3[]}
{a=L0[], f=V0 -> L1[], g=(V0 -> L1[]) -> V0, h=(V0 -> V1) -> L2[]}
{a=L0[], f=V0 -> L1[], g=(V0 -> V0) -> V0, h=(V0 -> L2[]) -> L3[]}
{a=L0[], f=V0 -> L1[], g=(V0 -> V0) -> V0, h=(V0 -> V1) -> L2[]}
{a=L0[], f=V0 -> L1[], g=(V0 -> V1) -> V0, h=(V0 -> L2[]) -> L3[]}
{a=L0[], f=V0 -> L1[], g=(V0 -> V1) -> V0, h=(V0 -> V1) -> L2[]}
{a=L0[], f=V0 -> L1[], g=(V1 -> L1[]) -> V0, h=(V0 -> L2[]) -> L3[]}
{a=L0[], f=V0 -> L1[], g=(V1 -> L1[]) -> V0, h=(V0 -> V0) -> L2[]}
{a=L0[], f=V0 -> L1[], g=(V1 -> L1[]) -> V0, h=(V0 -> V1) -> L2[]}
{a=L0[], f=V0 -> L1[], g=(V1 -> V0) -> V0, h=(V0 -> L2[]) -> L3[]}
{a=L0[], f=V0 -> L1[], g=(V1 -> V0) -> V0, h=(V0 -> V1) -> L2[]}
{a=L0[], f=V0 -> L1[], g=(V1 -> V1) -> V0, h=(V0 -> L2[]) -> L3[]}
{a=L0[], f=V0 -> L1[], g=(V1 -> V1) -> V0, h=(V0 -> V0) -> L2[]}
{a=L0[], f=V0 -> L1[], g=(V1 -> V1) -> V0, h=(V0 -> V1) -> L2[]}
{a=L0[], f=V0 -> L1[], g=(V1 -> V2) -> V0, h=(V0 -> L2[]) -> L3[]}
{a=L0[], f=V0 -> L1[], g=(V1 -> V2) -> V0, h=(V0 -> V0) -> L2[]}
{a=L0[], f=V0 -> L1[], g=(V1 -> V2) -> V0, h=(V0 -> V1) -> L2[]}
{a=L0[], f=V0 -> L1[], g=(L2[] -> L1[]) -> V0, h=V0 -> L3[]}
{a=L0[], f=V0 -> L1[], g=(L2[] -> V0) -> V0, h=V0 -> L3[]}
{a=L0[], f=V0 -> L1[], g=(L2[] -> V1) -> V0, h=V0 -> L3[]}
{a=L0[], f=V0 -> L1[], g=(V0 -> L1[]) -> V0, h=V0 -> L2[]}
{a=L0[], f=V0 -> L1[], g=(V0 -> V0) -> V0, h=V0 -> L2[]}
{a=L0[], f=V0 -> L1[], g=(V0 -> V1) -> V0, h=V0 -> L2[]}
{a=L0[], f=V0 -> L1[], g=(V1 -> L1[]) -> V0, h=V0 -> L2[]}
{a=L0[], f=V0 -> L1[], g=(V1 -> V0) -> V0, h=V0 -> L2[]}
{a=L0[], f=V0 -> L1[], g=(V1 -> V1) -> V0, h=V0 -> L2[]}
{a=L0[], f=V0 -> L1[], g=(V1 -> V2) -> V0, h=V0 -> L2[]}
{a=L0[], f=L0[] -> L1[], g=(L0[] -> L1[]) -> V0, h=(V0 -> L2[]) -> V0}
{a=L0[], f=L0[] -> L1[], g=(L0[] -> L1[]) -> V0, h=(V0 -> V0) -> V0}
{a=L0[], f=L0[] -> L1[], g=(L0[] -> L1[]) -> V0, h=(V0 -> V1) -> V0}
{a=L0[], f=L0[] -> L1[], g=(L0[] -> L1[]) -> V0, h=(V1 -> L2[]) -> V0}
{a=L0[], f=L0[] -> L1[], g=(L0[] -> L1[]) -> V0, h=(V1 -> V0) -> V0}
{a=L0[], f=L0[] -> L1[], g=(L0[] -> L1[]) -> V0, h=(V1 -> V1) -> V0}
{a=L0[], f=L0[] -> L1[], g=(L0[] -> L1[]) -> V0, h=(V1 -> V2) -> V0}
{a=L0[], f=L0[] -> L1[], g=(L0[] -> V0) -> V0, h=(V0 -> L2[]) -> V0}
{a=L0[], f=L0[] -> L1[], g=(L0[] -> V0) -> V0, h=(V0 -> V1) -> V0}
{a=L0[], f=L0[] -> L1[], g=(L0[] -> V0) -> V0, h=(V1 -> L2[]) -> V0}
{a=L0[], f=L0[] -> L1[], g=(L0[] -> V0) -> V0, h=(V1 -> V0) -> V0}
{a=L0[], f=L0[] -> L1[], g=(L0[] -> V0) -> V0, h=(V1 -> V2) -> V0}
{a=L0[], f=L0[] -> L1[], g=(L0[] -> V1) -> V0, h=(V0 -> L2[]) -> V0}
{a=L0[], f=L0[] -> L1[], g=(L0[] -> V1) -> V0, h=(V0 -> V0) -> V0}
{a=L0[], f=L0[] -> L1[], g=(L0[] -> V1) -> V0, h=(V0 -> V1) -> V0}
{a=L0[], f=L0[] -> L1[], g=(L0[] -> V1) -> V0, h=(V1 -> L2[]) -> V0}
{a=L0[], f=L0[] -> L1[], g=(L0[] -> V1) -> V0, h=(V1 -> V0) -> V0}
{a=L0[], f=L0[] -> L1[], g=(L0[] -> V1) -> V0, h=(V1 -> V1) -> V0}
{a=L0[], f=L0[] -> L1[], g=(L0[] -> V1) -> V0, h=(V1 -> V2) -> V0}
{a=L0[], f=L0[] -> L1[], g=(V0 -> L1[]) -> V0, h=(V0 -> L2[]) -> V0}
{a=L0[], f=L0[] -> L1[], g=(V0 -> L1[]) -> V0, h=(V0 -> V1) -> V0}
{a=L0[], f=L0[] -> L1[], g=(V0 -> L1[]) -> V0, h=(V1 -> L2[]) -> V0}
{a=L0[], f=L0[] -> L1[], g=(V0 -> L1[]) -> V0, h=(V1 -> V0) -> V0}
{a=L0[], f=L0[] -> L1[], g=(V0 -> L1[]) -> V0, h=(V1 -> V2) -> V0}
{a=L0[], f=L0[] -> L0[], g=(V0 -> V0) -> V0, h=(V0 -> L1[]) -> V0}
{a=L0[], f=L0[] -> L0[], g=(V0 -> V0) -> V0, h=(V0 -> V1) -> V0}
{a=L0[], f=L0[] -> L0[], g=(V0 -> V0) -> V0, h=(V1 -> L1[]) -> V0}
{a=L0[], f=L0[] -> L0[], g=(V0 -> V0) -> V0, h=(V1 -> V0) -> V0}
{a=L0[], f=L0[] -> L0[], g=(V0 -> V0) -> V0, h=(V1 -> V2) -> V0}
{a=L0[], f=L0[] -> L1[], g=(V0 -> V1) -> V0, h=(V0 -> L2[]) -> V0}
{a=L0[], f=L0[] -> L1[], g=(V0 -> V1) -> V0, h=(V0 -> V1) -> V0}
{a=L0[], f=L0[] -> L1[], g=(V0 -> V1) -> V0, h=(V1 -> L2[]) -> V0}
{a=L0[], f=L0[] -> L1[], g=(V0 -> V1) -> V0, h=(V1 -> V0) -> V0}
{a=L0[], f=L0[] -> L1[], g=(V0 -> V1) -> V0, h=(V1 -> V2) -> V0}
{a=L0[], f=L0[] -> L1[], g=(V1 -> L1[]) -> V0, h=(V0 -> L2[]) -> V0}
{a=L0[], f=L0[] -> L1[], g=(V1 -> L1[]) -> V0, h=(V0 -> V0) -> V0}
{a=L0[], f=L0[] -> L1[], g=(V1 -> L1[]) -> V0, h=(V0 -> V1) -> V0}
{a=L0[], f=L0[] -> L1[], g=(V1 -> L1[]) -> V0, h=(V1 -> L2[]) -> V0}
{a=L0[], f=L0[] -> L1[], g=(V1 -> L1[]) -> V0, h=(V1 -> V0) -> V0}
{a=L0[], f=L0[] -> L1[], g=(V1 -> L1[]) -> V0, h=(V1 -> V1) -> V0}
{a=L0[], f=L0[] -> L1[], g=(V1 -> L1[]) -> V0, h=(V1 -> V2) -> V0}
{a=L0[], f=L0[] -> L1[], g=(V1 -> V0) -> V0, h=(V0 -> L2[]) -> V0}
{a=L0[], f=L0[] -> L1[], g=(V1 -> V0) -> V0, h=(V0 -> V1) -> V0}
{a=L0[], f=L0[] -> L1[], g=(V1 -> V0) -> V0, h=(V1 -> L2[]) -> V0}
{a=L0[], f=L0[] -> L1[], g=(V1 -> V0) -> V0, h=(V1 -> V0) -> V0}
{a=L0[], f=L0[] -> L1[], g=(V1 -> V0) -> V0, h=(V1 -> V2) -> V0}
{a=L0[], f=L0[] -> L0[], g=(V1 -> V1) -> V0, h=(V0 -> L1[]) -> V0}
{a=L0[], f=L0[] -> L0[], g=(V1 -> V1) -> V0, h=(V0 -> V0) -> V0}
{a=L0[], f=L0[] -> L0[], g=(V1 -> V1) -> V0, h=(V0 -> V1) -> V0}
{a=L0[], f=L0[] -> L0[], g=(V1 -> V1) -> V0, h=(V1 -> L1[]) -> V0}
{a=L0[], f=L0[] -> L0[], g=(V1 -> V1) -> V0, h=(V1 -> V0) -> V0}
{a=L0[], f=L0[] -> L0[], g=(V1 -> V1) -> V0, h=(V1 -> V1) -> V0}
{a=L0[], f=L0[] -> L0[], g=(V1 -> V1) -> V0, h=(V1 -> V2) -> V0}
{a=L0[], f=L0[] -> L1[], g=(V1 -> V2) -> V0, h=(V0 -> L2[]) -> V0}
{a=L0[], f=L0[] -> L1[], g=(V1 -> V2) -> V0, h=(V0 -> V0) -> V0}
{a=L0[], f=L0[] -> L1[], g=(V1 -> V2) -> V0, h=(V0 -> V1) -> V0}
{a=L0[], f=L0[] -> L1[], g=(V1 -> V2) -> V0, h=(V1 -> L2[]) -> V0}
{a=L0[], f=L0[] -> L1[], g=(V1 -> V2) -> V0, h=(V1 -> V0) -> V0}
{a=L0[], f=L0[] -> L1[], g=(V1 -> V2) -> V0, h=(V1 -> V1) -> V0}
{a=L0[], f=L0[] -> L1[], g=(V1 -> V2) -> V0, h=(V1 -> V2) -> V0}
{a=L0[], f=L0[] -> L1[], g=(L0[] -> L1[]) -> V0, h=V0 -> V0}
{a=L0[], f=L0[] -> L1[], g=(L0[] -> V0) -> V0, h=V0 -> V0}
{a=L0[], f=L0[] -> L1[], g=(L0[] -> V1) -> V0, h=V0 -> V0}
{a=L0[], f=L0[] -> L1[], g=(V0 -> L1[]) -> V0, h=V0 -> V0}
{a=L0[], f=L0[] -> L0[], g=(V0 -> V0) -> V0, h=V0 -> V0}
{a=L0[], f=L0[] -> L1[], g=(V0 -> V1) -> V0, h=V0 -> V0}
{a=L0[], f=L0[] -> L1[], g=(V1 -> L1[]) -> V0, h=V0 -> V0}
{a=L0[], f=L0[] -> L1[], g=(V1 -> V0) -> V0, h=V0 -> V0}
{a=L0[], f=L0[] -> L0[], g=(V1 -> V1) -> V0, h=V0 -> V0}
{a=L0[], f=L0[] -> L1[], g=(V1 -> V2) -> V0, h=V0 -> V0}
{a=L0[], f=L0[] -> L1[], g=(L0[] -> L1[]) -> V0, h=V1 -> V0}
{a=L0[], f=L0[] -> L1[], g=(L0[] -> V0) -> V0, h=V1 -> V0}
{a=L0[], f=L0[] -> L1[], g=(L0[] -> V1) -> V0, h=V1 -> V0}
{a=L0[], f=L0[] -> L1[], g=(V0 -> L1[]) -> V0, h=V1 -> V0}
{a=L0[], f=L0[] -> L0[], g=(V0 -> V0) -> V0, h=V1 -> V0}
{a=L0[], f=L0[] -> L1[], g=(V0 -> V1) -> V0, h=V1 -> V0}
{a=L0[], f=L0[] -> L1[], g=(V1 -> L1[]) -> V0, h=V1 -> V0}
{a=L0[], f=L0[] -> L1[], g=(V1 -> V0) -> V0, h=V1 -> V0}
{a=L0[], f=L0[] -> L0[], g=(V1 -> V1) -> V0, h=V1 -> V0}
{a=L0[], f=L0[] -> L1[], g=(V1 -> V2) -> V0, h=V1 -> V0}
{a=L0[], f=V0 -> L1[], g=(L2[] -> L1[]) -> V0, h=(V0 -> L3[]) -> V0}
{a=L0[], f=V0 -> L1[], g=(L2[] -> L1[]) -> V0, h=(V0 -> V0) -> V0}
{a=L0[], f=V0 -> L1[], g=(L2[] -> L1[]) -> V0, h=(V0 -> V1) -> V0}
{a=L0[], f=V0 -> L1[], g=(L2[] -> L1[]) -> V0, h=(V1 -> L3[]) -> V0}
{a=L0[], f=V0 -> L1[], g=(L2[] -> L1[]) -> V0, h=(V1 -> V0) -> V0}
{a=L0[], f=V0 -> L1[], g=(L2[] -> L1[]) -> V0, h=(V1 -> V1) -> V0}
{a=L0[], f=V0 -> L1[], g=(L2[] -> L1[]) -> V0, h=(V1 -> V2) -> V0}
{a=L0[], f=V0 -> L1[], g=(L2[] -> V0) -> V0, h=(V0 -> L3[]) -> V0}
{a=L0[], f=V0 -> L1[], g=(L2[] -> V0) -> V0, h=(V0 -> V1) -> V0}
{a=L0[], f=V0 -> L1[], g=(L2[] -> V0) -> V0, h=(V1 -> L3[]) -> V0}
{a=L0[], f=V0 -> L1[], g=(L2[] -> V0) -> V0, h=(V1 -> V0) -> V0}
{a=L0[], f=V0 -> L1[], g=(L2[] -> V0) -> V0, h=(V1 -> V2) -> V0}
{a=L0[], f=V0 -> L1[], g=(L2[] -> V1) -> V0, h=(V0 -> L3[]) -> V0}
{a=L0[], f=V0 -> L1[], g=(L2[] -> V1) -> V0, h=(V0 -> V0) -> V0}
{a=L0[], f=V0 -> L1[], g=(L2[] -> V1) -> V0, h=(V0 -> V1) -> V0}
{a=L0[], f=V0 -> L1[], g=(L2[] -> V1) -> V0, h=(V1 -> L3[]) -> V0}
{a=L0[], f=V0 -> L1[], g=(L2[] -> V1) -> V0, h=(V1 -> V0) -> V0}
{a=L0[], f=V0 -> L1[], g=(L2[] -> V1) -> V0, h=(V1 -> V1) -> V0}
{a=L0[], f=V0 -> L1[], g=(L2[] -> V1) -> V0, h=(V1 -> V2) -> V0}
{a=L0[], f=V0 -> L1[], g=(V0 -> L1[]) -> V0, h=(V0 -> L2[]) -> V0}
{a=L0[], f=V0 -> L1[], g=(V0 -> L1[]) -> V0, h=(V0 -> V1) -> V0}
{a=L0[], f=V0 -> L1[], g=(V0 -> L1[]) -> V0, h=(V1 -> L2[]) -> V0}
{a=L0[], f=V0 -> L1[], g=(V0 -> L1[]) -> V0, h=(V1 -> V0) -> V0}
{a=L0[], f=V0 -> L1[], g=(V0 -> L1[]) -> V0, h=(V1 -> V2) -> V0}
{a=L0[], f=V0 -> L1[], g=(V0 -> V0) -> V0, h=(V0 -> L2[]) -> V0}
{a=L0[], f=V0 -> L1[], g=(V0 -> V0) -> V0, h=(V0 -> V1) -> V0}
{a=L0[], f=V0 -> L1[], g=(V0 -> V0) -> V0, h=(V1 -> L2[]) -> V0}
{a=L0[], f=V0 -> L1[], g=(V0 -> V0) -> V0, h=(V1 -> V0) -> V0}
{a=L0[], f=V0 -> L1[], g=(V0 -> V0) -> V0, h=(V1 -> V2) -> V0}
{a=L0[], f=V0 -> L1[], g=(V0 -> V1) -> V0, h=(V0 -> L2[]) -> V0}
{a=L0[], f=V0 -> L1[], g=(V0 -> V1) -> V0, h=(V0 -> V1) -> V0}
{a=L0[], f=V0 -> L1[], g=(V0 -> V1) -> V0, h=(V1 -> L2[]) -> V0}
{a=L0[], f=V0 -> L1[], g=(V0 -> V1) -> V0, h=(V1 -> V0) -> V0}
{a=L0[], f=V0 -> L1[], g=(V0 -> V1) -> V0, h=(V1 -> V2) -> V0}
{a=L0[], f=V0 -> L1[], g=(V1 -> L1[]) -> V0, h=(V0 -> L2[]) -> V0}
{a=L0[], f=V0 -> L1[], g=(V1 -> L1[]) -> V0, h=(V0 -> V0) -> V0}
{a=L0[], f=V0 -> L1[], g=(V1 -> L1[]) -> V0, h=(V0 -> V1) -> V0}
{a=L0[], f=V0 -> L1[], g=(V1 -> L1[]) -> V0, h=(V1 -> L2[]) -> V0}
{a=L0[], f=V0 -> L1[], g=(V1 -> L1[]) -> V0, h=(V1 -> V0) -> V0}
{a=L0[], f=V0 -> L1[], g=(V1 -> L1[]) -> V0, h=(V1 -> V1) -> V0}
{a=L0[], f=V0 -> L1[], g=(V1 -> L1[]) -> V0, h=(V1 -> V2) -> V0}
{a=L0[], f=V0 -> L1[], g=(V1 -> V0) -> V0, h=(V0 -> L2[]) -> V0}
{a=L0[], f=V0 -> L1[], g=(V1 -> V0) -> V0, h=(V0 -> V1) -> V0}
{a=L0[], f=V0 -> L1[], g=(V1 -> V0) -> V0, h=(V1 -> L2[]) -> V0}
{a=L0[], f=V0 -> L1[], g=(V1 -> V0) -> V0, h=(V1 -> V0) -> V0}
{a=L0[], f=V0 -> L1[], g=(V1 -> V0) -> V0, h=(V1 -> V2) -> V0}
{a=L0[], f=V0 -> L1[], g=(V1 -> V1) -> V0, h=(V0 -> L2[]) -> V0}
{a=L0[], f=V0 -> L1[], g=(V1 -> V1) -> V0, h=(V0 -> V0) -> V0}
{a=L0[], f=V0 -> L1[], g=(V1 -> V1) -> V0, h=(V0 -> V1) -> V0}
{a=L0[], f=V0 -> L1[], g=(V1 -> V1) -> V0, h=(V1 -> L2[]) -> V0}
{a=L0[], f=V0 -> L1[], g=(V1 -> V1) -> V0, h=(V1 -> V0) -> V0}
{a=L0[], f=V0 -> L1[], g=(V1 -> V1) -> V0, h=(V1 -> V1) -> V0}
{a=L0[], f=V0 -> L1[], g=(V1 -> V1) -> V0, h=(V1 -> V2) -> V0}
{a=L0[], f=V0 -> L1[], g=(V1 -> V2) -> V0, h=(V0 -> L2[]) -> V0}
{a=L0[], f=V0 -> L1[], g=(V1 -> V2) -> V0, h=(V0 -> V0) -> V0}
{a=L0[], f=V0 -> L1[], g=(V1 -> V2) -> V0, h=(V0 -> V1) -> V0}
{a=L0[], f=V0 -> L1[], g=(V1 -> V2) -> V0, h=(V1 -> L2[]) -> V0}
{a=L0[], f=V0 -> L1[], g=(V1 -> V2) -> V0, h=(V1 -> V0) -> V0}
{a=L0[], f=V0 -> L1[], g=(V1 -> V2) -> V0, h=(V1 -> V1) -> V0}
{a=L0[], f=V0 -> L1[], g=(V1 -> V2) -> V0, h=(V1 -> V2) -> V0}
{a=L0[], f=V0 -> L1[], g=(L2[] -> L1[]) -> V0, h=V0 -> V0}
{a=L0[], f=V0 -> L1[], g=(L2[] -> V0) -> V0, h=V0 -> V0}
{a=L0[], f=V0 -> L1[], g=(L2[] -> V1) -> V0, h=V0 -> V0}
{a=L0[], f=V0 -> L1[], g=(V0 -> L1[]) -> V0, h=V0 -> V0}
{a=L0[], f=V0 -> L1[], g=(V0 -> V0) -> V0, h=V0 -> V0}
{a=L0[], f=V0 -> L1[], g=(V0 -> V1) -> V0, h=V0 -> V0}
{a=L0[], f=V0 -> L1[], g=(V1 -> L1[]) -> V0, h=V0 -> V0}
{a=L0[], f=V0 -> L1[], g=(V1 -> V0) -> V0, h=V0 -> V0}
{a=L0[], f=V0 -> L1[], g=(V1 -> V1) -> V0, h=V0 -> V0}
{a=L0[], f=V0 -> L1[], g=(V1 -> V2) -> V0, h=V0 -> V0}
{a=L0[], f=V0 -> L1[], g=(L2[] -> L1[]) -> V0, h=V1 -> V0}
{a=L0[], f=V0 -> L1[], g=(L2[] -> V0) -> V0, h=V1 -> V0}
{a=L0[], f=V0 -> L1[], g=(L2[] -> V1) -> V0, h=V1 -> V0}
{a=L0[], f=V0 -> L1[], g=(V0 -> L1[]) -> V0, h=V1 -> V0}
{a=L0[], f=V0 -> L1[], g=(V0 -> V0) -> V0, h=V1 -> V0}
{a=L0[], f=V0 -> L1[], g=(V0 -> V1) -> V0, h=V1 -> V0}
{a=L0[], f=V0 -> L1[], g=(V1 -> L1[]) -> V0, h=V1 -> V0}
{a=L0[], f=V0 -> L1[], g=(V1 -> V0) -> V0, h=V1 -> V0}
{a=L0[], f=V0 -> L1[], g=(V1 -> V1) -> V0, h=V1 -> V0}
{a=L0[], f=V0 -> L1[], g=(V1 -> V2) -> V0, h=V1 -> V0}
{a=L0[], f=L0[] -> V0, g=(L0[] -> L1[]) -> L2[], h=(V0 -> L2[]) -> L3[]}
{a=L0[], f=L0[] -> V0, g=(L0[] -> L1[]) -> L2[], h=(V0 -> V1) -> L3[]}
{a=L0[], f=L0[] -> V0, g=(L0[] -> V0) -> L1[], h=(V0 -> L1[]) -> L2[]}
{a=L0[], f=L0[] -> V0, g=(L0[] -> V0) -> L1[], h=(V0 -> V1) -> L2[]}
{a=L0[], f=L0[] -> V0, g=(V0 -> L1[]) -> L2[], h=(V0 -> L2[]) -> L3[]}
{a=L0[], f=L0[] -> V0, g=(V0 -> L1[]) -> L2[], h=(V0 -> V1) -> L3[]}
{a=L0[], f=L0[] -> V0, g=(V0 -> V0) -> L1[], h=(V0 -> L1[]) -> L2[]}
{a=L0[], f=L0[] -> V0, g=(V0 -> V0) -> L1[], h=(V0 -> V1) -> L2[]}
{a=L0[], f=L0[] -> V0, g=(V0 -> V1) -> L1[], h=(V0 -> L1[]) -> L2[]}
{a=L0[], f=L0[] -> V0, g=(V0 -> V1) -> L1[], h=(V0 -> V1) -> L2[]}
{a=L0[], f=L0[] -> V0, g=(L0[] -> L1[]) -> L2[], h=V0 -> L3[]}
{a=L0[], f=L0[] -> V0, g=(L0[] -> V0) -> L1[], h=V0 -> L2[]}
{a=L0[], f=L0[] -> V0, g=(V0 -> L1[]) -> L2[], h=V0 -> L3[]}
{a=L0[], f=L0[] -> V0, g=(V0 -> V0) -> L1[], h=V0 -> L2[]}
{a=L0[], f=L0[] -> V0, g=(V0 -> V1) -> L1[], h=V0 -> L2[]}
{a=L0[], f=V0 -> V0, g=(L1[] -> L2[]) -> L3[], h=(V0 -> L3[]) -> L4[]}
{a=L0[], f=V0 -> V0, g=(L1[] -> L2[]) -> L3[], h=(V0 -> V1) -> L4[]}
{a=L0[], f=V0 -> V0, g=(L1[] -> V0) -> L2[], h=(V0 -> L2[]) -> L3[]}
{a=L0[], f=V0 -> V0, g=(L1[] -> V0) -> L2[], h=(V0 -> V1) -> L3[]}
{a=L0[], f=V0 -> V0, g=(V0 -> L1[]) -> L2[], h=(V0 -> L2[]) -> L3[]}
{a=L0[], f=V0 -> V0, g=(V0 -> L1[]) -> L2[], h=(V0 -> V1) -> L3[]}
{a=L0[], f=V0 -> V0, g=(V0 -> V0) -> L1[], h=(V0 -> L1[]) -> L2[]}
{a=L0[], f=V0 -> V0, g=(V0 -> V0) -> L1[], h=(V0 -> V1) -> L2[]}
{a=L0[], f=V0 -> V0, g=(V0 -> V1) -> L1[], h=(V0 -> L1[]) -> L2[]}
{a=L0[], f=V0 -> V0, g=(V0 -> V1) -> L1[], h=(V0 -> V1) -> L2[]}
{a=L0[], f=V0 -> V0, g=(L1[] -> L2[]) -> L3[], h=V0 -> L4[]}
{a=L0[], f=V0 -> V0, g=(L1[] -> V0) -> L2[], h=V0 -> L3[]}
{a=L0[], f=V0 -> V0, g=(V0 -> L1[]) -> L2[], h=V0 -> L3[]}
{a=L0[], f=V0 -> V0, g=(V0 -> V0) -> L1[], h=V0 -> L2[]}
{a=L0[], f=V0 -> V0, g=(V0 -> V1) -> L1[], h=V0 -> L2[]}
{a=L0[], f=V1 -> V0, g=(L1[] -> L2[]) -> L3[], h=(V0 -> L3[]) -> L4[]}
{a=L0[], f=V1 -> V0, g=(L1[] -> L2[]) -> L3[], h=(V0 -> V1) -> L4[]}
{a=L0[], f=V1 -> V0, g=(L1[] -> V0) -> L2[], h=(V0 -> L2[]) -> L3[]}
{a=L0[], f=V1 -> V0, g=(L1[] -> V0) -> L2[], h=(V0 -> V1) -> L3[]}
{a=L0[], f=V1 -> V0, g=(V0 -> L1[]) -> L2[], h=(V0 -> L2[]) -> L3[]}
{a=L0[], f=V1 -> V0, g=(V0 -> L1[]) -> L2[], h=(V0 -> V1) -> L3[]}
{a=L0[], f=V1 -> V0, g=(V0 -> V0) -> L1[], h=(V0 -> L1[]) -> L2[]}
{a=L0[], f=V1 -> V0, g=(V0 -> V0) -> L1[], h=(V0 -> V1) -> L2[]}
{a=L0[], f=V1 -> V0, g=(V0 -> V1) -> L1[], h=(V0 -> L1[]) -> L2[]}
{a=L0[], f=V1 -> V0, g=(V0 -> V1) -> L1[], h=(V0 -> V1) -> L2[]}
{a=L0[], f=V1 -> V0, g=(L1[] -> L2[]) -> L3[], h=V0 -> L4[]}
{a=L0[], f=V1 -> V0, g=(L1[] -> V0) -> L2[], h=V0 -> L3[]}
{a=L0[], f=V1 -> V0, g=(V0 -> L1[]) -> L2[], h=V0 -> L3[]}
{a=L0[], f=V1 -> V0, g=(V0 -> V0) -> L1[], h=V0 -> L2[]}
{a=L0[], f=V1 -> V0, g=(V0 -> V1) -> L1[], h=V0 -> L2[]}
{a=L0[], f=L0[] -> V0, g=(L0[] -> L1[]) -> L2[], h=(V0 -> L2[]) -> V0}
{a=L0[], f=L0[] -> V0, g=(L0[] -> L1[]) -> L2[], h=(V0 -> V1) -> V0}
{a=L0[], f=L0[] -> V0, g=(L0[] -> L1[]) -> L2[], h=(V1 -> L2[]) -> V0}
{a=L0[], f=L0[] -> V0, g=(L0[] -> L1[]) -> L2[], h=(V1 -> V0) -> V0}
{a=L0[], f=L0[] -> V0, g=(L0[] -> L1[]) -> L2[], h=(V1 -> V2) -> V0}
{a=L0[], f=L0[] -> V0, g=(L0[] -> V0) -> L1[], h=(V0 -> L1[]) -> V0}
{a=L0[], f=L0[] -> V0, g=(L0[] -> V0) -> L1[], h=(V0 -> V1) -> V0}
{a=L0[], f=L0[] -> V0, g=(L0[] -> V0) -> L1[], h=(V1 -> L1[]) -> V0}
{a=L0[], f=L0[] -> V0, g=(L0[] -> V0) -> L1[], h=(V1 -> V0) -> V0}
{a=L0[], f=L0[] -> V0, g=(L0[] -> V0) -> L1[], h=(V1 -> V2) -> V0}
{a=L0[], f=L0[] -> V0, g=(V0 -> L1[]) -> L2[], h=(V0 -> L2[]) -> V0}
{a=L0[], f=L0[] -> V0, g=(V0 -> L1[]) -> L2[], h=(V0 -> V1) -> V0}
{a=L0[], f=L0[] -> V0, g=(V0 -> L1[]) -> L2[], h=(V1 -> L2[]) -> V0}
{a=L0[], f=L0[] -> V0, g=(V0 -> L1[]) -> L2[], h=(V1 -> V0) -> V0}
{a=L0[], f=L0[] -> V0, g=(V0 -> L1[]) -> L2[], h=(V1 -> V2) -> V0}
{a=L0[], f=L0[] -> V0, g=(V0 -> V0) -> L1[], h=(V0 -> L1[]) -> V0}
{a=L0[], f=L0[] -> V0, g=(V0 -> V0) -> L1[], h=(V0 -> V1) -> V0}
{a=L0[], f=L0[] -> V0, g=(V0 -> V0) -> L1[], h=(V1 -> L1[]) -> V0}
{a=L0[], f=L0[] -> V0, g=(V0 -> V0) -> L1[], h=(V1 -> V0) -> V0}
{a=L0[], f=L0[] -> V0, g=(V0 -> V0) -> L1[], h=(V1 -> V2) -> V0}
{a=L0[], f=L0[] -> V0, g=(V0 -> V1) -> L1[], h=(V0 -> L1[]) -> V0}
{a=L0[], f=L0[] -> V0, g=(V0 -> V1) -> L1[], h=(V0 -> V1) -> V0}
{a=L0[], f=L0[] -> V0, g=(V0 -> V1) -> L1[], h=(V1 -> L1[]) -> V0}
{a=L0[], f=L0[] -> V0, g=(V0 -> V1) -> L1[], h=(V1 -> V0) -> V0}
{a=L0[], f=L0[] -> V0, g=(V0 -> V1) -> L1[], h=(V1 -> V2) -> V0}
{a=L0[], f=L0[] -> V0, g=(L0[] -> L1[]) -> L2[], h=V0 -> V0}
{a=L0[], f=L0[] -> V0, g=(L0[] -> V0) -> L1[], h=V0 -> V0}
{a=L0[], f=L0[] -> V0, g=(V0 -> L1[]) -> L2[], h=V0 -> V0}
{a=L0[], f=L0[] -> V0, g=(V0 -> V0) -> L1[], h=V0 -> V0}
{a=L0[], f=L0[] -> V0, g=(V0 -> V1) -> L1[], h=V0 -> V0}
{a=L0[], f=L0[] -> V0, g=(L0[] -> L1[]) -> L2[], h=V1 -> V0}
{a=L0[], f=L0[] -> V0, g=(L0[] -> V0) -> L1[], h=V1 -> V0}
{a=L0[], f=L0[] -> V0, g=(V0 -> L1[]) -> L2[], h=V1 -> V0}
{a=L0[], f=L0[] -> V0, g=(V0 -> V0) -> L1[], h=V1 -> V0}
{a=L0[], f=L0[] -> V0, g=(V0 -> V1) -> L1[], h=V1 -> V0}
{a=L0[], f=V0 -> V0, g=(L1[] -> L2[]) -> L3[], h=(V0 -> L3[]) -> V0}
{a=L0[], f=V0 -> V0, g=(L1[] -> L2[]) -> L3[], h=(V0 -> V1) -> V0}
{a=L0[], f=V0 -> V0, g=(L1[] -> L2[]) -> L3[], h=(V1 -> L3[]) -> V0}
{a=L0[], f=V0 -> V0, g=(L1[] -> L2[]) -> L3[], h=(V1 -> V0) -> V0}
{a=L0[], f=V0 -> V0, g=(L1[] -> L2[]) -> L3[], h=(V1 -> V2) -> V0}
{a=L0[], f=V0 -> V0, g=(L1[] -> V0) -> L2[], h=(V0 -> L2[]) -> V0}
{a=L0[], f=V0 -> V0, g=(L1[] -> V0) -> L2[], h=(V0 -> V1) -> V0}
{a=L0[], f=V0 -> V0, g=(L1[] -> V0) -> L2[], h=(V1 -> L2[]) -> V0}
{a=L0[], f=V0 -> V0, g=(L1[] -> V0) -> L2[], h=(V1 -> V0) -> V0}
{a=L0[], f=V0 -> V0, g=(L1[] -> V0) -> L2[], h=(V1 -> V2) -> V0}
{a=L0[], f=V0 -> V0, g=(V0 -> L1[]) -> L2[], h=(V0 -> L2[]) -> V0}
{a=L0[], f=V0 -> V0, g=(V0 -> L1[]) -> L2[], h=(V0 -> V1) -> V0}
{a=L0[], f=V0 -> V0, g=(V0 -> L1[]) -> L2[], h=(V1 -> L2[]) -> V0}
{a=L0[], f=V0 -> V0, g=(V0 -> L1[]) -> L2[], h=(V1 -> V0) -> V0}
{a=L0[], f=V0 -> V0, g=(V0 -> L1[]) -> L2[], h=(V1 -> V2) -> V0}
{a=L0[], f=V0 -> V0, g=(V0 -> V0) -> L1[], h=(V0 -> L1[]) -> V0}
{a=L0[], f=V0 -> V0, g=(V0 -> V0) -> L1[], h=(V0 -> V1) -> V0}
{a=L0[], f=V0 -> V0, g=(V0 -> V0) -> L1[], h=(V1 -> L1[]) -> V0}
{a=L0[], f=V0 -> V0, g=(V0 -> V0) -> L1[], h=(V1 -> V0) -> V0}
{a=L0[], f=V0 -> V0, g=(V0 -> V0) -> L1[], h=(V1 -> V2) -> V0}
{a=L0[], f=V0 -> V0, g=(V0 -> V1) -> L1[], h=(V0 -> L1[]) -> V0}
{a=L0[], f=V0 -> V0, g=(V0 -> V1) -> L1[], h=(V0 -> V1) -> V0}
{a=L0[], f=V0 -> V0, g=(V0 -> V1) -> L1[], h=(V1 -> L1[]) -> V0}
{a=L0[], f=V0 -> V0, g=(V0 -> V1) -> L1[], h=(V1 -> V0) -> V0}
{a=L0[], f=V0 -> V0, g=(V0 -> V1) -> L1[], h=(V1 -> V2) -> V0}
{a=L0[], f=V0 -> V0, g=(L1[] -> L2[]) -> L3[], h=V0 -> V0}
{a=L0[], f=V0 -> V0, g=(L1[] -> V0) -> L2[], h=V0 -> V0}
{a=L0[], f=V0 -> V0, g=(V0 -> L1[]) -> L2[], h=V0 -> V0}
{a=L0[], f=V0 -> V0, g=(V0 -> V0) -> L1[], h=V0 -> V0}
{a=L0[], f=V0 -> V0, g=(V0 -> V1) -> L1[], h=V0 -> V0}
{a=L0[], f=V0 -> V0, g=(L1[] -> L2[]) -> L3[], h=V1 -> V0}
{a=L0[], f=V0 -> V0, g=(L1[] -> V0) -> L2[], h=V1 -> V0}
{a=L0[], f=V0 -> V0, g=(V0 -> L1[]) -> L2[], h=V1 -> V0}
{a=L0[], f=V0 -> V0, g=(V0 -> V0) -> L1[], h=V1 -> V0}
{a=L0[], f=V0 -> V0, g=(V0 -> V1) -> L1[], h=V1 -> V0}
{a=L0[], f=V1 -> V0, g=(L1[] -> L2[]) -> L3[], h=(V0 -> L3[]) -> V0}
{a=L0[], f=V1 -> V0, g=(L1[] -> L2[]) -> L3[], h=(V0 -> V1) -> V0}
{a=L0[], f=V1 -> V0, g=(L1[] -> L2[]) -> L3[], h=(V1 -> L3[]) -> V0}
{a=L0[], f=V1 -> V0, g=(L1[] -> L2[]) -> L3[], h=(V1 -> V0) -> V0}
{a=L0[], f=V1 -> V0, g=(L1[] -> L2[]) -> L3[], h=(V1 -> V2) -> V0}
{a=L0[], f=V1 -> V0, g=(L1[] -> V0) -> L2[], h=(V0 -> L2[]) -> V0}
{a=L0[], f=V1 -> V0, g=(L1[] -> V0) -> L2[], h=(V0 -> V1) -> V0}
{a=L0[], f=V1 -> V0, g=(L1[] -> V0) -> L2[], h=(V1 -> L2[]) -> V0}
{a=L0[], f=V1 -> V0, g=(L1[] -> V0) -> L2[], h=(V1 -> V0) -> V0}
{a=L0[], f=V1 -> V0, g=(L1[] -> V0) -> L2[], h=(V1 -> V2) -> V0}
{a=L0[], f=V1 -> V0, g=(V0 -> L1[]) -> L2[], h=(V0 -> L2[]) -> V0}
{a=L0[], f=V1 -> V0, g=(V0 -> L1[]) -> L2[], h=(V0 -> V1) -> V0}
{a=L0[], f=V1 -> V0, g=(V0 -> L1[]) -> L2[], h=(V1 -> L2[]) -> V0}
{a=L0[], f=V1 -> V0, g=(V0 -> L1[]) -> L2[], h=(V1 -> V0) -> V0}
{a=L0[], f=V1 -> V0, g=(V0 -> L1[]) -> L2[], h=(V1 -> V2) -> V0}
{a=L0[], f=V1 -> V0, g=(V0 -> V0) -> L1[], h=(V0 -> L1[]) -> V0}
{a=L0[], f=V1 -> V0, g=(V0 -> V0) -> L1[], h=(V0 -> V1) -> V0}
{a=L0[], f=V1 -> V0, g=(V0 -> V0) -> L1[], h=(V1 -> L1[]) -> V0}
{a=L0[], f=V1 -> V0, g=(V0 -> V0) -> L1[], h=(V1 -> V0) -> V0}
{a=L0[], f=V1 -> V0, g=(V0 -> V0) -> L1[], h=(V1 -> V2) -> V0}
{a=L0[], f=V1 -> V0, g=(V0 -> V1) -> L1[], h=(V0 -> L1[]) -> V0}
{a=L0[], f=V1 -> V0, g=(V0 -> V1) -> L1[], h=(V0 -> V1) -> V0}
{a=L0[], f=V1 -> V0, g=(V0 -> V1) -> L1[], h=(V1 -> L1[]) -> V0}
{a=L0[], f=V1 -> V0, g=(V0 -> V1) -> L1[], h=(V1 -> V0) -> V0}
{a=L0[], f=V1 -> V0, g=(V0 -> V1) -> L1[], h=(V1 -> V2) -> V0}
{a=L0[], f=V1 -> V0, g=(L1[] -> L2[]) -> L3[], h=V0 -> V0}
{a=L0[], f=V1 -> V0, g=(L1[] -> V0) -> L2[], h=V0 -> V0}
{a=L0[], f=V1 -> V0, g=(V0 -> L1[]) -> L2[], h=V0 -> V0}
{a=L0[], f=V1 -> V0, g=(V0 -> V0) -> L1[], h=V0 -> V0}
{a=L0[], f=V1 -> V0, g=(V0 -> V1) -> L1[], h=V0 -> V0}
{a=L0[], f=V1 -> V0, g=(L1[] -> L2[]) -> L3[], h=V1 -> V0}
{a=L0[], f=V1 -> V0, g=(L1[] -> V0) -> L2[], h=V1 -> V0}
{a=L0[], f=V1 -> V0, g=(V0 -> L1[]) -> L2[], h=V1 -> V0}
{a=L0[], f=V1 -> V0, g=(V0 -> V0) -> L1[], h=V1 -> V0}
{a=L0[], f=V1 -> V0, g=(V0 -> V1) -> L1[], h=V1 -> V0}
{a=L0[], f=L0[] -> V0, g=(L0[] -> L1[]) -> V0, h=(V0 -> L2[]) -> L3[]}
{a=L0[], f=L0[] -> V0, g=(L0[] -> L1[]) -> V0, h=(V0 -> V0) -> L2[]}
{a=L0[], f=L0[] -> V0, g=(L0[] -> L1[]) -> V0, h=(V0 -> V1) -> L2[]}
{a=L0[], f=L0[] -> V0, g=(L0[] -> V0) -> V0, h=(V0 -> L1[]) -> L2[]}
{a=L0[], f=L0[] -> V0, g=(L0[] -> V0) -> V0, h=(V0 -> V1) -> L1[]}
{a=L0[], f=L0[] -> V0, g=(L0[] -> V1) -> V0, h=(V0 -> L1[]) -> L2[]}
{a=L0[], f=L0[] -> V0, g=(L0[] -> V1) -> V0, h=(V0 -> V0) -> L1[]}
{a=L0[], f=L0[] -> V0, g=(L0[] -> V1) -> V0, h=(V0 -> V1) -> L1[]}
{a=L0[], f=L0[] -> V0, g=(V0 -> L1[]) -> V0, h=(V0 -> L2[]) -> L3[]}
{a=L0[], f=L0[] -> V0, g=(V0 -> L1[]) -> V0, h=(V0 -> V1) -> L2[]}
{a=L0[], f=L0[] -> V0, g=(V0 -> V0) -> V0, h=(V0 -> L1[]) -> L2[]}
{a=L0[], f=L0[] -> V0, g=(V0 -> V0) -> V0, h=(V0 -> V1) -> L1[]}
{a=L0[], f=L0[] -> V0, g=(V0 -> V1) -> V0, h=(V0 -> L1[]) -> L2[]}
{a=L0[], f=L0[] -> V0, g=(V0 -> V1) -> V0, h=(V0 -> V1) -> L1[]}
{a=L0[], f=L0[] -> V0, g=(V1 -> L1[]) -> V0, h=(V0 -> L2[]) -> L3[]}
{a=L0[], f=L0[] -> V0, g=(V1 -> L1[]) -> V0, h=(V0 -> V0) -> L2[]}
{a=L0[], f=L0[] -> V0, g=(V1 -> L1[]) -> V0, h=(V0 -> V1) -> L2[]}
{a=L0[], f=L0[] -> V0, g=(V1 -> V0) -> V0, h=(V0 -> L1[]) -> L2[]}
{a=L0[], f=L0[] -> V0, g=(V1 -> V0) -> V0, h=(V0 -> V1) -> L1[]}
{a=L0[], f=L0[] -> V0, g=(V1 -> V1) -> V0, h=(V0 -> L1[]) -> L2[]}
{a=L0[], f=L0[] -> V0, g=(V1 -> V1) -> V0, h=(V0 -> V0) -> L1[]}
{a=L0[], f=L0[] -> V0, g=(V1 -> V1) -> V0, h=(V0 -> V1) -> L1[]}
{a=L0[], f=L0[] -> V0, g=(V1 -> V2) -> V0, h=(V0 -> L1[]) -> L2[]}
{a=L0[], f=L0[] -> V0, g=(V1 -> V2) -> V0, h=(V0 -> V0) -> L1[]}
{a=L0[], f=L0[] -> V0, g=(V1 -> V2) -> V0, h=(V0 -> V1) -> L1[]}
{a=L0[], f=L0[] -> V0, g=(L0[] -> L1[]) -> V0, h=V0 -> L2[]}
{a=L0[], f=L0[] -> V0, g=(L0[] -> V0) -> V0, h=V0 -> L1[]}
{a=L0[], f=L0[] -> V0, g=(L0[] -> V1) -> V0, h=V0 -> L1[]}
{a=L0[], f=L0[] -> V0, g=(V0 -> L1[]) -> V0, h=V0 -> L2[]}
{a=L0[], f=L0[] -> V0, g=(V0 -> V0) -> V0, h=V0 -> L1[]}
{a=L0[], f=L0[] -> V0, g=(V0 -> V1) -> V0, h=V0 -> L1[]}
{a=L0[], f=L0[] -> V0, g=(V1 -> L1[]) -> V0, h=V0 -> L2[]}
{a=L0[], f=L0[] -> V0, g=(V1 -> V0) -> V0, h=V0 -> L1[]}
{a=L0[], f=L0[] -> V0, g=(V1 -> V1) -> V0, h=V0 -> L1[]}
{a=L0[], f=L0[] -> V0, g=(V1 -> V2) -> V0, h=V0 -> L1[]}
{a=L0[], f=V0 -> V0, g=(L1[] -> L2[]) -> V0, h=(V0 -> L3[]) -> L4[]}
{a=L0[], f=V0 -> V0, g=(L1[] -> L2[]) -> V0, h=(V0 -> V0) -> L3[]}
{a=L0[], f=V0 -> V0, g=(L1[] -> L2[]) -> V0, h=(V0 -> V1) -> L3[]}
{a=L0[], f=V0 -> V0, g=(L1[] -> V0) -> V0, h=(V0 -> L2[]) -> L3[]}
{a=L0[], f=V0 -> V0, g=(L1[] -> V0) -> V0, h=(V0 -> V1) -> L2[]}
{a=L0[], f=V0 -> V0, g=(L1[] -> V1) -> V0, h=(V0 -> L2[]) -> L3[]}
{a=L0[], f=V0 -> V0, g=(L1[] -> V1) -> V0, h=(V0 -> V0) -> L2[]}
{a=L0[], f=V0 -> V0, g=(L1[] -> V1) -> V0, h=(V0 -> V1) -> L2[]}
{a=L0[], f=V0 -> V0, g=(V0 -> L1[]) -> V0, h=(V0 -> L2[]) -> L3[]}
{a=L0[], f=V0 -> V0, g=(V0 -> L1[]) -> V0, h=(V0 -> V1) -> L2[]}
{a=L0[], f=V0 -> V0, g=(V0 -> V0) -> V0, h=(V0 -> L1[]) -> L2[]}
{a=L0[], f=V0 -> V0, g=(V0 -> V0) -> V0, h=(V0 -> V1) -> L1[]}
{a=L0[], f=V0 -> V0, g=(V0 -> V1) -> V0, h=(V0 -> L1[]) -> L2[]}
{a=L0[], f=V0 -> V0, g=(V0 -> V1) -> V0, h=(V0 -> V1) -> L1[]}
{a=L0[], f=V0 -> V0, g=(V1 -> L1[]) -> V0, h=(V0 -> L2[]) -> L3[]}
{a=L0[], f=V0 -> V0, g=(V1 -> L1[]) -> V0, h=(V0 -> V0) -> L2[]}
{a=L0[], f=V0 -> V0, g=(V1 -> L1[]) -> V0, h=(V0 -> V1) -> L2[]}
{a=L0[], f=V0 -> V0, g=(V1 -> V0) -> V0, h=(V0 -> L1[]) -> L2[]}
{a=L0[], f=V0 -> V0, g=(V1 -> V0) -> V0, h=(V0 -> V1) -> L1[]}
{a=L0[], f=V0 -> V0, g=(V1 -> V1) -> V0, h=(V0 -> L1[]) -> L2[]}
{a=L0[], f=V0 -> V0, g=(V1 -> V1) -> V0, h=(V0 -> V0) -> L1[]}
{a=L0[], f=V0 -> V0, g=(V1 -> V1) -> V0, h=(V0 -> V1) -> L1[]}
{a=L0[], f=V0 -> V0, g=(V1 -> V2) -> V0, h=(V0 -> L1[]) -> L2[]}
{a=L0[], f=V0 -> V0, g=(V1 -> V2) -> V0, h=(V0 -> V0) -> L1[]}
{a=L0[], f=V0 -> V0, g=(V1 -> V2) -> V0, h=(V0 -> V1) -> L1[]}
{a=L0[], f=V0 -> V0, g=(L1[] -> L2[]) -> V0, h=V0 -> L3[]}
{a=L0[], f=V0 -> V0, g=(L1[] -> V0) -> V0, h=V0 -> L2[]}
{a=L0[], f=V0 -> V0, g=(L1[] -> V1) -> V0, h=V0 -> L2[]}
{a=L0[], f=V0 -> V0, g=(V0 -> L1[]) -> V0, h=V0 -> L2[]}
{a=L0[], f=V0 -> V0, g=(V0 -> V0) -> V0, h=V0 -> L1[]}
{a=L0[], f=V0 -> V0, g=(V0 -> V1) -> V0, h=V0 -> L1[]}
{a=L0[], f=V0 -> V0, g=(V1 -> L1[]) -> V0, h=V0 -> L2[]}
{a=L0[], f=V0 -> V0, g=(V1 -> V0) -> V0, h=V0 -> L1[]}
{a=L0[], f=V0 -> V0, g=(V1 -> V1) -> V0, h=V0 -> L1[]}
{a=L0[], f=V0 -> V0, g=(V1 -> V2) -> V0, h=V0 -> L1[]}
{a=L0[], f=V1 -> V0, g=(L1[] -> L2[]) -> V0, h=(V0 -> L3[]) -> L4[]}
{a=L0[], f=V1 -> V0, g=(L1[] -> L2[]) -> V0, h=(V0 -> V0) -> L3[]}
{a=L0[], f=V1 -> V0, g=(L1[] -> L2[]) -> V0, h=(V0 -> V1) -> L3[]}
{a=L0[], f=V1 -> V0, g=(L1[] -> V0) -> V0, h=(V0 -> L2[]) -> L3[]}
{a=L0[], f=V1 -> V0, g=(L1[] -> V0) -> V0, h=(V0 -> V1) -> L2[]}
{a=L0[], f=V1 -> V0, g=(L1[] -> V1) -> V0, h=(V0 -> L2[]) -> L3[]}
{a=L0[], f=V1 -> V0, g=(L1[] -> V1) -> V0, h=(V0 -> V0) -> L2[]}
{a=L0[], f=V1 -> V0, g=(L1[] -> V1) -> V0, h=(V0 -> V1) -> L2[]}
{a=L0[], f=V1 -> V0, g=(V0 -> L1[]) -> V0, h=(V0 -> L2[]) -> L3[]}
{a=L0[], f=V1 -> V0, g=(V0 -> L1[]) -> V0, h=(V0 -> V1) -> L2[]}
{a=L0[], f=V1 -> V0, g=(V0 -> V0) -> V0, h=(V0 -> L1[]) -> L2[]}
{a=L0[], f=V1 -> V0, g=(V0 -> V0) -> V0, h=(V0 -> V1) -> L1[]}
{a=L0[], f=V1 -> V0, g=(V0 -> V1) -> V0, h=(V0 -> L1[]) -> L2[]}
{a=L0[], f=V1 -> V0, g=(V0 -> V1) -> V0, h=(V0 -> V1) -> L1[]}
{a=L0[], f=V1 -> V0, g=(V1 -> L1[]) -> V0, h=(V0 -> L2[]) -> L3[]}
{a=L0[], f=V1 -> V0, g=(V1 -> L1[]) -> V0, h=(V0 -> V0) -> L2[]}
{a=L0[], f=V1 -> V0, g=(V1 -> L1[]) -> V0, h=(V0 -> V1) -> L2[]}
{a=L0[], f=V1 -> V0, g=(V1 -> V0) -> V0, h=(V0 -> L1[]) -> L2[]}
{a=L0[], f=V1 -> V0, g=(V1 -> V0) -> V0, h=(V0 -> V1) -> L1[]}
{a=L0[], f=V1 -> V0, g=(V1 -> V1) -> V0, h=(V0 -> L1[]) -> L2[]}
{a=L0[], f=V1 -> V0, g=(V1 -> V1) -> V0, h=(V0 -> V0) -> L1[]}
{a=L0[], f=V1 -> V0, g=(V1 -> V1) -> V0, h=(V0 -> V1) -> L1[]}
{a=L0[], f=V1 -> V0, g=(V1 -> V2) -> V0, h=(V0 -> L1[]) -> L2[]}
{a=L0[], f=V1 -> V0, g=(V1 -> V2) -> V0, h=(V0 -> V0) -> L1[]}
{a=L0[], f=V1 -> V0, g=(V1 -> V2) -> V0, h=(V0 -> V1) -> L1[]}
{a=L0[], f=V1 -> V0, g=(L1[] -> L2[]) -> V0, h=V0 -> L3[]}
{a=L0[], f=V1 -> V0, g=(L1[] -> V0) -> V0, h=V0 -> L2[]}
{a=L0[], f=V1 -> V0, g=(L1[] -> V1) -> V0, h=V0 -> L2[]}
{a=L0[], f=V1 -> V0, g=(V0 -> L1[]) -> V0, h=V0 -> L2[]}
{a=L0[], f=V1 -> V0, g=(V0 -> V0) -> V0, h=V0 -> L1[]}
{a=L0[], f=V1 -> V0, g=(V0 -> V1) -> V0, h=V0 -> L1[]}
{a=L0[], f=V1 -> V0, g=(V1 -> L1[]) -> V0, h=V0 -> L2[]}
{a=L0[], f=V1 -> V0, g=(V1 -> V0) -> V0, h=V0 -> L1[]}
{a=L0[], f=V1 -> V0, g=(V1 -> V1) -> V0, h=V0 -> L1[]}
{a=L0[], f=V1 -> V0, g=(V1 -> V2) -> V0, h=V0 -> L1[]}
{a=L0[], f=L0[] -> V0, g=(L0[] -> L1[]) -> V0, h=(V0 -> L2[]) -> V0}
{a=L0[], f=L0[] -> V0, g=(L0[] -> L1[]) -> V0, h=(V0 -> V0) -> V0}
{a=L0[], f=L0[] -> V0, g=(L0[] -> L1[]) -> V0, h=(V0 -> V1) -> V0}
{a=L0[], f=L0[] -> V0, g=(L0[] -> L1[]) -> V0, h=(V1 -> L2[]) -> V0}
{a=L0[], f=L0[] -> V0, g=(L0[] -> L1[]) -> V0, h=(V1 -> V0) -> V0}
{a=L0[], f=L0[] -> V0, g=(L0[] -> L1[]) -> V0, h=(V1 -> V1) -> V0}
{a=L0[], f=L0[] -> V0, g=(L0[] -> L1[]) -> V0, h=(V1 -> V2) -> V0}
{a=L0[], f=L0[] -> V0, g=(L0[] -> V0) -> V0, h=(V0 -> L1[]) -> V0}
{a=L0[], f=L0[] -> V0, g=(L0[] -> V0) -> V0, h=(V0 -> V1) -> V0}
{a=L0[], f=L0[] -> V0, g=(L0[] -> V0) -> V0, h=(V1 -> L1[]) -> V0}
{a=L0[], f=L0[] -> V0, g=(L0[] -> V0) -> V0, h=(V1 -> V0) -> V0}
{a=L0[], f=L0[] -> V0, g=(L0[] -> V0) -> V0, h=(V1 -> V2) -> V0}
{a=L0[], f=L0[] -> V0, g=(L0[] -> V1) -> V0, h=(V0 -> L1[]) -> V0}
{a=L0[], f=L0[] -> V0, g=(L0[] -> V1) -> V0, h=(V0 -> V0) -> V0}
{a=L0[], f=L0[] -> V0, g=(L0[] -> V1) -> V0, h=(V0 -> V1) -> V0}
{a=L0[], f=L0[] -> V0, g=(L0[] -> V1) -> V0, h=(V1 -> L1[]) -> V0}
{a=L0[], f=L0[] -> V0, g=(L0[] -> V1) -> V0, h=(V1 -> V0) -> V0}
{a=L0[], f=L0[] -> V0, g=(L0[] -> V1) -> V0, h=(V1 -> V1) -> V0}
{a=L0[], f=L0[] -> V0, g=(L0[] -> V1) -> V0, h=(V1 -> V2) -> V0}
{a=L0[], f=L0[] -> V0, g=(V0 -> L1[]) -> V0, h=(V0 -> L2[]) -> V0}
{a=L0[], f=L0[] -> V0, g=(V0 -> L1[]) -> V0, h=(V0 -> V1) -> V0}
{a=L0[], f=L0[] -> V0, g=(V0 -> L1[]) -> V0, h=(V1 -> L2[]) -> V0}
{a=L0[], f=L0[] -> V0, g=(V0 -> L1[]) -> V0, h=(V1 -> V0) -> V0}
{a=L0[], f=L0[] -> V0, g=(V0 -> L1[]) -> V0, h=(V1 -> V2) -> V0}
{a=L0[], f=L0[] -> V0, g=(V0 -> V0) -> V0, h=(V0 -> L1[]) -> V0}
{a=L0[], f=L0[] -> V0, g=(V0 -> V0) -> V0, h=(V0 -> V1) -> V0}
{a=L0[], f=L0[] -> V0, g=(V0 -> V0) -> V0, h=(V1 -> L1[]) -> V0}
{a=L0[], f=L0[] -> V0, g=(V0 -> V0) -> V0, h=(V1 -> V0) -> V0}
{a=L0[], f=L0[] -> V0, g=(V0 -> V0) -> V0, h=(V1 -> V2) -> V0}
{a=L0[], f=L0[] -> V0, g=(V0 -> V1) -> V0, h=(V0 -> L1[]) -> V0}
{a=L0[], f=L0[] -> V0, g=(V0 -> V1) -> V0, h=(V0 -> V1) -> V0}
{a=L0[], f=L0[] -> V0, g=(V0 -> V1) -> V0, h=(V1 -> L1[]) -> V0}
{a=L0[], f=L0[] -> V0, g=(V0 -> V1) -> V0, h=(V1 -> V0) -> V0}
{a=L0[], f=L0[] -> V0, g=(V0 -> V1) -> V0, h=(V1 -> V2) -> V0}
{a=L0[], f=L0[] -> V0, g=(V1 -> L1[]) -> V0, h=(V0 -> L2[]) -> V0}
{a=L0[], f=L0[] -> V0, g=(V1 -> L1[]) -> V0, h=(V0 -> V0) -> V0}
{a=L0[], f=L0[] -> V0, g=(V1 -> L1[]) -> V0, h=(V0 -> V1) -> V0}
{a=L0[], f=L0[] -> V0, g=(V1 -> L1[]) -> V0, h=(V1 -> L2[]) -> V0}
{a=L0[], f=L0[] -> V0, g=(V1 -> L1[]) -> V0, h=(V1 -> V0) -> V0}
{a=L0[], f=L0[] -> V0, g=(V1 -> L1[]) -> V0, h=(V1 -> V1) -> V0}
{a=L0[], f=L0[] -> V0, g=(V1 -> L1[]) -> V0, h=(V1 -> V2) -> V0}
{a=L0[], f=L0[] -> V0, g=(V1 -> V0) -> V0, h=(V0 -> L1[]) -> V0}
{a=L0[], f=L0[] -> V0, g=(V1 -> V0) -> V0, h=(V0 -> V1) -> V0}
{a=L0[], f=L0[] -> V0, g=(V1 -> V0) -> V0, h=(V1 -> L1[]) -> V0}
{a=L0[], f=L0[] -> V0, g=(V1 -> V0) -> V0, h=(V1 -> V0) -> V0}
{a=L0[], f=L0[] -> V0, g=(V1 -> V0) -> V0, h=(V1 -> V2) -> V0}
{a=L0[], f=L0[] -> V0, g=(V1 -> V1) -> V0, h=(V0 -> L1[]) -> V0}
{a=L0[], f=L0[] -> V0, g=(V1 -> V1) -> V0, h=(V0 -> V0) -> V0}
{a=L0[], f=L0[] -> V0, g=(V1 -> V1) -> V0, h=(V0 -> V1) -> V0}
{a=L0[], f=L0[] -> V0, g=(V1 -> V1) -> V0, h=(V1 -> L1[]) -> V0}
{a=L0[], f=L0[] -> V0, g=(V1 -> V1) -> V0, h=(V1 -> V0) -> V0}
{a=L0[], f=L0[] -> V0, g=(V1 -> V1) -> V0, h=(V1 -> V1) -> V0}
{a=L0[], f=L0[] -> V0, g=(V1 -> V1) -> V0, h=(V1 -> V2) -> V0}
{a=L0[], f=L0[] -> V0, g=(V1 -> V2) -> V0, h=(V0 -> L1[]) -> V0}
{a=L0[], f=L0[] -> V0, g=(V1 -> V2) -> V0, h=(V0 -> V0) -> V0}
{a=L0[], f=L0[] -> V0, g=(V1 -> V2) -> V0, h=(V0 -> V1) -> V0}
{a=L0[], f=L0[] -> V0, g=(V1 -> V2) -> V0, h=(V1 -> L1[]) -> V0}
{a=L0[], f=L0[] -> V0, g=(V1 -> V2) -> V0, h=(V1 -> V0) -> V0}
{a=L0[], f=L0[] -> V0, g=(V1 -> V2) -> V0, h=(V1 -> V1) -> V0}
{a=L0[], f=L0[] -> V0, g=(V1 -> V2) -> V0, h=(V1 -> V2) -> V0}
{a=L0[], f=L0[] -> V0, g=(L0[] -> L1[]) -> V0, h=V0 -> V0}
{a=L0[], f=L0[] -> V0, g=(L0[] -> V0) -> V0, h=V0 -> V0}
{a=L0[], f=L0[] -> V0, g=(L0[] -> V1) -> V0, h=V0 -> V0}
{a=L0[], f=L0[] -> V0, g=(V0 -> L1[]) -> V0, h=V0 -> V0}
{a=L0[], f=L0[] -> V0, g=(V0 -> V0) -> V0, h=V0 -> V0}
{a=L0[], f=L0[] -> V0, g=(V0 -> V1) -> V0, h=V0 -> V0}
{a=L0[], f=L0[] -> V0, g=(V1 -> L1[]) -> V0, h=V0 -> V0}
{a=L0[], f=L0[] -> V0, g=(V1 -> V0) -> V0, h=V0 -> V0}
{a=L0[], f=L0[] -> V0, g=(V1 -> V1) -> V0, h=V0 -> V0}
{a=L0[], f=L0[] -> V0, g=(V1 -> V2) -> V0, h=V0 -> V0}
{a=L0[], f=L0[] -> V0, g=(L0[] -> L1[]) -> V0, h=V1 -> V0}
{a=L0[], f=L0[] -> V0, g=(L0[] -> V0) -> V0, h=V1 -> V0}
{a=L0[], f=L0[] -> V0, g=(L0[] -> V1) -> V0, h=V1 -> V0}
{a=L0[], f=L0[] -> V0, g=(V0 -> L1[]) -> V0, h=V1 -> V0}
{a=L0[], f=L0[] -> V0, g=(V0 -> V0) -> V0, h=V1 -> V0}
{a=L0[], f=L0[] -> V0, g=(V0 -> V1) -> V0, h=V1 -> V0}
{a=L0[], f=L0[] -> V0, g=(V1 -> L1[]) -> V0, h=V1 -> V0}
{a=L0[], f=L0[] -> V0, g=(V1 -> V0) -> V0, h=V1 -> V0}
{a=L0[], f=L0[] -> V0, g=(V1 -> V1) -> V0, h=V1 -> V0}
{a=L0[], f=L0[] -> V0, g=(V1 -> V2) -> V0, h=V1 -> V0}
{a=L0[], f=V0 -> V0, g=(L1[] -> L2[]) -> V0, h=(V0 -> L3[]) -> V0}
{a=L0[], f=V0 -> V0, g=(L1[] -> L2[]) -> V0, h=(V0 -> V0) -> V0}
{a=L0[], f=V0 -> V0, g=(L1[] -> L2[]) -> V0, h=(V0 -> V1) -> V0}
{a=L0[], f=V0 -> V0, g=(L1[] -> L2[]) -> V0, h=(V1 -> L3[]) -> V0}
{a=L0[], f=V0 -> V0, g=(L1[] -> L2[]) -> V0, h=(V1 -> V0) -> V0}
{a=L0[], f=V0 -> V0, g=(L1[] -> L2[]) -> V0, h=(V1 -> V1) -> V0}
{a=L0[], f=V0 -> V0, g=(L1[] -> L2[]) -> V0, h=(V1 -> V2) -> V0}
{a=L0[], f=V0 -> V0, g=(L1[] -> V0) -> V0, h=(V0 -> L2[]) -> V0}
{a=L0[], f=V0 -> V0, g=(L1[] -> V0) -> V0, h=(V0 -> V1) -> V0}
{a=L0[], f=V0 -> V0, g=(L1[] -> V0) -> V0, h=(V1 -> L2[]) -> V0}
{a=L0[], f=V0 -> V0, g=(L1[] -> V0) -> V0, h=(V1 -> V0) -> V0}
{a=L0[], f=V0 -> V0, g=(L1[] -> V0) -> V0, h=(V1 -> V2) -> V0}
{a=L0[], f=V0 -> V0, g=(L1[] -> V1) -> V0, h=(V0 -> L2[]) -> V0}
{a=L0[], f=V0 -> V0, g=(L1[] -> V1) -> V0, h=(V0 -> V0) -> V0}
{a=L0[], f=V0 -> V0, g=(L1[] -> V1) -> V0, h=(V0 -> V1) -> V0}
{a=L0[], f=V0 -> V0, g=(L1[] -> V1) -> V0, h=(V1 -> L2[]) -> V0}
{a=L0[], f=V0 -> V0, g=(L1[] -> V1) -> V0, h=(V1 -> V0) -> V0}
{a=L0[], f=V0 -> V0, g=(L1[] -> V1) -> V0, h=(V1 -> V1) -> V0}
{a=L0[], f=V0 -> V0, g=(L1[] -> V1) -> V0, h=(V1 -> V2) -> V0}
{a=L0[], f=V0 -> V0, g=(V0 -> L1[]) -> V0, h=(V0 -> L2[]) -> V0}
{a=L0[], f=V0 -> V0, g=(V0 -> L1[]) -> V0, h=(V0 -> V1) -> V0}
{a=L0[], f=V0 -> V0, g=(V0 -> L1[]) -> V0, h=(V1 -> L2[]) -> V0}
{a=L0[], f=V0 -> V0, g=(V0 -> L1[]) -> V0, h=(V1 -> V0) -> V0}
{a=L0[], f=V0 -> V0, g=(V0 -> L1[]) -> V0, h=(V1 -> V2) -> V0}
{a=L0[], f=V0 -> V0, g=(V0 -> V0) -> V0, h=(V0 -> L1[]) -> V0}
{a=L0[], f=V0 -> V0, g=(V0 -> V0) -> V0, h=(V0 -> V1) -> V0}
{a=L0[], f=V0 -> V0, g=(V0 -> V0) -> V0, h=(V1 -> L1[]) -> V0}
{a=L0[], f=V0 -> V0, g=(V0 -> V0) -> V0, h=(V1 -> V0) -> V0}
{a=L0[], f=V0 -> V0, g=(V0 -> V0) -> V0, h=(V1 -> V2) -> V0}
{a=L0[], f=V0 -> V0, g=(V0 -> V1) -> V0, h=(V0 -> L1[]) -> V0}
{a=L0[], f=V0 -> V0, g=(V0 -> V1) -> V0, h=(V0 -> V1) -> V0}
{a=L0[], f=V0 -> V0, g=(V0 -> V1) -> V0, h=(V1 -> L1[]) -> V0}
{a=L0[], f=V0 -> V0, g=(V0 -> V1) -> V0, h=(V1 -> V0) -> V0}
{a=L0[], f=V0 -> V0, g=(V0 -> V1) -> V0, h=(V1 -> V2) -> V0}
{a=L0[], f=V0 -> V0, g=(V1 -> L1[]) -> V0, h=(V0 -> L2[]) -> V0}
{a=L0[], f=V0 -> V0, g=(V1 -> L1[]) -> V0, h=(V0 -> V0) -> V0}
{a=L0[], f=V0 -> V0, g=(V1 -> L1[]) -> V0, h=(V0 -> V1) -> V0}
{a=L0[], f=V0 -> V0, g=(V1 -> L1[]) -> V0, h=(V1 -> L2[]) -> V0}
{a=L0[], f=V0 -> V0, g=(V1 -> L1[]) -> V0, h=(V1 -> V0) -> V0}
{a=L0[], f=V0 -> V0, g=(V1 -> L1[]) -> V0, h=(V1 -> V1) -> V0}
{a=L0[], f=V0 -> V0, g=(V1 -> L1[]) -> V0, h=(V1 -> V2) -> V0}
{a=L0[], f=V0 -> V0, g=(V1 -> V0) -> V0, h=(V0 -> L1[]) -> V0}
{a=L0[], f=V0 -> V0, g=(V1 -> V0) -> V0, h=(V0 -> V1) -> V0}
{a=L0[], f=V0 -> V0, g=(V1 -> V0) -> V0, h=(V1 -> L1[]) -> V0}
{a=L0[], f=V0 -> V0, g=(V1 -> V0) -> V0, h=(V1 -> V0) -> V0}
{a=L0[], f=V0 -> V0, g=(V1 -> V0) -> V0, h=(V1 -> V2) -> V0}
{a=L0[], f=V0 -> V0, g=(V1 -> V1) -> V0, h=(V0 -> L1[]) -> V0}
{a=L0[], f=V0 -> V0, g=(V1 -> V1) -> V0, h=(V0 -> V0) -> V0}
{a=L0[], f=V0 -> V0, g=(V1 -> V1) -> V0, h=(V0 -> V1) -> V0}
{a=L0[], f=V0 -> V0, g=(V1 -> V1) -> V0, h=(V1 -> L1[]) -> V0}
{a=L0[], f=V0 -> V0, g=(V1 -> V1) -> V0, h=(V1 -> V0) -> V0}
{a=L0[], f=V0 -> V0, g=(V1 -> V1) -> V0, h=(V1 -> V1) -> V0}
{a=L0[], f=V0 -> V0, g=(V1 -> V1) -> V0, h=(V1 -> V2) -> V0}
{a=L0[], f=V0 -> V0, g=(V1 -> V2) -> V0, h=(V0 -> L1[]) -> V0}
{a=L0[], f=V0 -> V0, g=(V1 -> V2) -> V0, h=(V0 -> V0) -> V0}
{a=L0[], f=V0 -> V0, g=(V1 -> V2) -> V0, h=(V0 -> V1) -> V0}
{a=L0[], f=V0 -> V0, g=(V1 -> V2) -> V0, h=(V1 -> L1[]) -> V0}
{a=L0[], f=V0 -> V0, g=(V1 -> V2) -> V0, h=(V1 -> V0) -> V0}
{a=L0[], f=V0 -> V0, g=(V1 -> V2) -> V0, h=(V1 -> V1) -> V0}
{a=L0[], f=V0 -> V0, g=(V1 -> V2) -> V0, h=(V1 -> V2) -> V0}
{a=L0[], f=V0 -> V0, g=(L1[] -> L2[]) -> V0, h=V0 -> V0}
{a=L0[], f=V0 -> V0, g=(L1[] -> V0) -> V0, h=V0 -> V0}
{a=L0[], f=V0 -> V0, g=(L1[] -> V1) -> V0, h=V0 -> V0}
{a=L0[], f=V0 -> V0, g=(V0 -> L1[]) -> V0, h=V0 -> V0}
{a=L0[], f=V0 -> V0, g=(V0 -> V0) -> V0, h=V0 -> V0}
{a=L0[], f=V0 -> V0, g=(V0 -> V1) -> V0, h=V0 -> V0}
{a=L0[], f=V0 -> V0, g=(V1 -> L1[]) -> V0, h=V0 -> V0}
{a=L0[], f=V0 -> V0, g=(V1 -> V0) -> V0, h=V0 -> V0}
{a=L0[], f=V0 -> V0, g=(V1 -> V1) -> V0, h=V0 -> V0}
{a=L0[], f=V0 -> V0, g=(V1 -> V2) -> V0, h=V0 -> V0}
{a=L0[], f=V0 -> V0, g=(L1[] -> L2[]) -> V0, h=V1 -> V0}
{a=L0[], f=V0 -> V0, g=(L1[] -> V0) -> V0, h=V1 -> V0}
{a=L0[], f=V0 -> V0, g=(L1[] -> V1) -> V0, h=V1 -> V0}
{a=L0[], f=V0 -> V0, g=(V0 -> L1[]) -> V0, h=V1 -> V0}
{a=L0[], f=V0 -> V0, g=(V0 -> V0) -> V0, h=V1 -> V0}
{a=L0[], f=V0 -> V0, g=(V0 -> V1) -> V0, h=V1 -> V0}
{a=L0[], f=V0 -> V0, g=(V1 -> L1[]) -> V0, h=V1 -> V0}
{a=L0[], f=V0 -> V0, g=(V1 -> V0) -> V0, h=V1 -> V0}
{a=L0[], f=V0 -> V0, g=(V1 -> V1) -> V0, h=V1 -> V0}
{a=L0[], f=V0 -> V0, g=(V1 -> V2) -> V0, h=V1 -> V0}
{a=L0[], f=V1 -> V0, g=(L1[] -> L2[]) -> V0, h=(V0 -> L3[]) -> V0}
{a=L0[], f=V1 -> V0, g=(L1[] -> L2[]) -> V0, h=(V0 -> V0) -> V0}
{a=L0[], f=V1 -> V0, g=(L1[] -> L2[]) -> V0, h=(V0 -> V1) -> V0}
{a=L0[], f=V1 -> V0, g=(L1[] -> L2[]) -> V0, h=(V1 -> L3[]) -> V0}
{a=L0[], f=V1 -> V0, g=(L1[] -> L2[]) -> V0, h=(V1 -> V0) -> V0}
{a=L0[], f=V1 -> V0, g=(L1[] -> L2[]) -> V0, h=(V1 -> V1) -> V0}
{a=L0[], f=V1 -> V0, g=(L1[] -> L2[]) -> V0, h=(V1 -> V2) -> V0}
{a=L0[], f=V1 -> V0, g=(L1[] -> V0) -> V0, h=(V0 -> L2[]) -> V0}
{a=L0[], f=V1 -> V0, g=(L1[] -> V0) -> V0, h=(V0 -> V1) -> V0}
{a=L0[], f=V1 -> V0, g=(L1[] -> V0) -> V0, h=(V1 -> L2[]) -> V0}
{a=L0[], f=V1 -> V0, g=(L1[] -> V0) -> V0, h=(V1 -> V0) -> V0}
{a=L0[], f=V1 -> V0, g=(L1[] -> V0) -> V0, h=(V1 -> V2) -> V0}
{a=L0[], f=V1 -> V0, g=(L1[] -> V1) -> V0, h=(V0 -> L2[]) -> V0}
{a=L0[], f=V1 -> V0, g=(L1[] -> V1) -> V0, h=(V0 -> V0) -> V0}
{a=L0[], f=V1 -> V0, g=(L1[] -> V1) -> V0, h=(V0 -> V1) -> V0}
{a=L0[], f=V1 -> V0, g=(L1[] -> V1) -> V0, h=(V1 -> L2[]) -> V0}
{a=L0[], f=V1 -> V0, g=(L1[] -> V1) -> V0, h=(V1 -> V0) -> V0}
{a=L0[], f=V1 -> V0, g=(L1[] -> V1) -> V0, h=(V1 -> V1) -> V0}
{a=L0[], f=V1 -> V0, g=(L1[] -> V1) -> V0, h=(V1 -> V2) -> V0}
{a=L0[], f=V1 -> V0, g=(V0 -> L1[]) -> V0, h=(V0 -> L2[]) -> V0}
{a=L0[], f=V1 -> V0, g=(V0 -> L1[]) -> V0, h=(V0 -> V1) -> V0}
{a=L0[], f=V1 -> V0, g=(V0 -> L1[]) -> V0, h=(V1 -> L2[]) -> V0}
{a=L0[], f=V1 -> V0, g=(V0 -> L1[]) -> V0, h=(V1 -> V0) -> V0}
{a=L0[], f=V1 -> V0, g=(V0 -> L1[]) -> V0, h=(V1 -> V2) -> V0}
{a=L0[], f=V1 -> V0, g=(V0 -> V0) -> V0, h=(V0 -> L1[]) -> V0}
{a=L0[], f=V1 -> V0, g=(V0 -> V0) -> V0, h=(V0 -> V1) -> V0}
{a=L0[], f=V1 -> V0, g=(V0 -> V0) -> V0, h=(V1 -> L1[]) -> V0}
{a=L0[], f=V1 -> V0, g=(V0 -> V0) -> V0, h=(V1 -> V0) -> V0}
{a=L0[], f=V1 -> V0, g=(V0 -> V0) -> V0, h=(V1 -> V2) -> V0}
{a=L0[], f=V1 -> V0, g=(V0 -> V1) -> V0, h=(V0 -> L1[]) -> V0}
{a=L0[], f=V1 -> V0, g=(V0 -> V1) -> V0, h=(V0 -> V1) -> V0}
{a=L0[], f=V1 -> V0, g=(V0 -> V1) -> V0, h=(V1 -> L1[]) -> V0}
{a=L0[], f=V1 -> V0, g=(V0 -> V1) -> V0, h=(V1 -> V0) -> V0}
{a=L0[], f=V1 -> V0, g=(V0 -> V1) -> V0, h=(V1 -> V2) -> V0}
{a=L0[], f=V1 -> V0, g=(V1 -> L1[]) -> V0, h=(V0 -> L2[]) -> V0}
{a=L0[], f=V1 -> V0, g=(V1 -> L1[]) -> V0, h=(V0 -> V0) -> V0}
{a=L0[], f=V1 -> V0, g=(V1 -> L1[]) -> V0, h=(V0 -> V1) -> V0}
{a=L0[], f=V1 -> V0, g=(V1 -> L1[]) -> V0, h=(V1 -> L2[]) -> V0}
{a=L0[], f=V1 -> V0, g=(V1 -> L1[]) -> V0, h=(V1 -> V0) -> V0}
{a=L0[], f=V1 -> V0, g=(V1 -> L1[]) -> V0, h=(V1 -> V1) -> V0}
{a=L0[], f=V1 -> V0, g=(V1 -> L1[]) -> V0, h=(V1 -> V2) -> V0}
{a=L0[], f=V1 -> V0, g=(V1 -> V0) -> V0, h=(V0 -> L1[]) -> V0}
{a=L0[], f=V1 -> V0, g=(V1 -> V0) -> V0, h=(V0 -> V1) -> V0}
{a=L0[], f=V1 -> V0, g=(V1 -> V0) -> V0, h=(V1 -> L1[]) -> V0}
{a=L0[], f=V1 -> V0, g=(V1 -> V0) -> V0, h=(V1 -> V0) -> V0}
{a=L0[], f=V1 -> V0, g=(V1 -> V0) -> V0, h=(V1 -> V2) -> V0}
{a=L0[], f=V1 -> V0, g=(V1 -> V1) -> V0, h=(V0 -> L1[]) -> V0}
{a=L0[], f=V1 -> V0, g=(V1 -> V1) -> V0, h=(V0 -> V0) -> V0}
{a=L0[], f=V1 -> V0, g=(V1 -> V1) -> V0, h=(V0 -> V1) -> V0}
{a=L0[], f=V1 -> V0, g=(V1 -> V1) -> V0, h=(V1 -> L1[]) -> V0}
{a=L0[], f=V1 -> V0, g=(V1 -> V1) -> V0, h=(V1 -> V0) -> V0}
{a=L0[], f=V1 -> V0, g=(V1 -> V1) -> V0, h=(V1 -> V1) -> V0}
{a=L0[], f=V1 -> V0, g=(V1 -> V1) -> V0, h=(V1 -> V2) -> V0}
{a=L0[], f=V1 -> V0, g=(V1 -> V2) -> V0, h=(V0 -> L1[]) -> V0}
{a=L0[], f=V1 -> V0, g=(V1 -> V2) -> V0, h=(V0 -> V0) -> V0}
{a=L0[], f=V1 -> V0, g=(V1 -> V2) -> V0, h=(V0 -> V1) -> V0}
{a=L0[], f=V1 -> V0, g=(V1 -> V2) -> V0, h=(V1 -> L1[]) -> V0}
{a=L0[], f=V1 -> V0, g=(V1 -> V2) -> V0, h=(V1 -> V0) -> V0}
{a=L0[], f=V1 -> V0, g=(V1 -> V2) -> V0, h=(V1 -> V1) -> V0}
{a=L0[], f=V1 -> V0, g=(V1 -> V2) -> V0, h=(V1 -> V2) -> V0}
{a=L0[], f=V1 -> V0, g=(L1[] -> L2[]) -> V0, h=V0 -> V0}
{a=L0[], f=V1 -> V0, g=(L1[] -> V0) -> V0, h=V0 -> V0}
{a=L0[], f=V1 -> V0, g=(L1[] -> V1) -> V0, h=V0 -> V0}
{a=L0[], f=V1 -> V0, g=(V0 -> L1[]) -> V0, h=V0 -> V0}
{a=L0[], f=V1 -> V0, g=(V0 -> V0) -> V0, h=V0 -> V0}
{a=L0[], f=V1 -> V0, g=(V0 -> V1) -> V0, h=V0 -> V0}
{a=L0[], f=V1 -> V0, g=(V1 -> L1[]) -> V0, h=V0 -> V0}
{a=L0[], f=V1 -> V0, g=(V1 -> V0) -> V0, h=V0 -> V0}
{a=L0[], f=V1 -> V0, g=(V1 -> V1) -> V0, h=V0 -> V0}
{a=L0[], f=V1 -> V0, g=(V1 -> V2) -> V0, h=V0 -> V0}
{a=L0[], f=V1 -> V0, g=(L1[] -> L2[]) -> V0, h=V1 -> V0}
{a=L0[], f=V1 -> V0, g=(L1[] -> V0) -> V0, h=V1 -> V0}
{a=L0[], f=V1 -> V0, g=(L1[] -> V1) -> V0, h=V1 -> V0}
{a=L0[], f=V1 -> V0, g=(V0 -> L1[]) -> V0, h=V1 -> V0}
{a=L0[], f=V1 -> V0, g=(V0 -> V0) -> V0, h=V1 -> V0}
{a=L0[], f=V1 -> V0, g=(V0 -> V1) -> V0, h=V1 -> V0}
{a=L0[], f=V1 -> V0, g=(V1 -> L1[]) -> V0, h=V1 -> V0}
{a=L0[], f=V1 -> V0, g=(V1 -> V0) -> V0, h=V1 -> V0}
{a=L0[], f=V1 -> V0, g=(V1 -> V1) -> V0, h=V1 -> V0}
{a=L0[], f=V1 -> V0, g=(V1 -> V2) -> V0, h=V1 -> V0}
[14:39:53.635]	BEG Dependency analysis
[14:39:53.636]	END Dependency analysis : 1 ms
[14:39:53.636]	Counts:
Total candidates=1737
[14:39:53.636]	Elapsed time: 51 ms
[14:39:53.636]	BEG Solving for label arities
[14:40:13.639]	Counts so far:
Total candidates=1737
Solver call=339
[14:40:33.875]	Counts so far:
Total candidates=1737
Solver call=631
[14:40:45.636]	END Solving for label arities : 52000 ms
[14:40:45.636]	Counts:
Total candidates=1737
Solver call=821
[14:40:45.636]	Elapsed time: 52051 ms
[14:40:45.643]	END Depth 1 outlining [a, f, g, h] : 52051 ms
[14:40:45.643]	Counts:
Total candidates=1737
Solver call=821
[14:40:45.643]	Elapsed time: 52058 ms
[14:40:45.644]	Concrete seeds: 825
{a=L0[], f=L0[] -> L1[], g=(L0[] -> L1[]) -> L2[], h=(V0 -> L2[]) -> L3[]}
{a=L0[], f=L0[] -> L1[], g=(L0[] -> L1[]) -> L2[], h=(V0 -> V1) -> L3[]}
{a=L0[], f=L0[] -> L1[], g=(L0[] -> V0) -> L2[], h=(V0 -> L2[]) -> L3[]}
{a=L0[], f=L0[] -> L1[], g=(L0[] -> V0) -> L2[], h=(V0 -> V1) -> L3[]}
{a=L0[], f=L0[] -> L1[], g=(V0 -> L1[]) -> L2[], h=(V0 -> L2[]) -> L3[]}
{a=L0[], f=L0[] -> L1[], g=(V0 -> L1[]) -> L2[], h=(V0 -> V1) -> L3[]}
{a=L0[], f=L0[] -> L0[], g=(V0 -> V0) -> L1[], h=(V0 -> L1[]) -> L2[]}
{a=L0[], f=L0[] -> L0[], g=(V0 -> V0) -> L1[], h=(V0 -> V1) -> L2[]}
{a=L0[], f=L0[] -> L1[], g=(V0 -> V1) -> L2[], h=(V0 -> L2[]) -> L3[]}
{a=L0[], f=L0[] -> L1[], g=(V0 -> V1) -> L2[], h=(V0 -> V1) -> L3[]}
{a=L0[], f=L0[] -> L1[], g=(L0[] -> L1[]) -> L2[], h=V0 -> L3[]}
{a=L0[], f=L0[] -> L1[], g=(L0[] -> V0) -> L2[], h=V0 -> L3[]}
{a=L0[], f=L0[] -> L1[], g=(V0 -> L1[]) -> L2[], h=V0 -> L3[]}
{a=L0[], f=L0[] -> L0[], g=(V0 -> V0) -> L1[], h=V0 -> L2[]}
{a=L0[], f=L0[] -> L1[], g=(V0 -> V1) -> L2[], h=V0 -> L3[]}
{a=L0[], f=V0 -> L1[], g=(L2[] -> L1[]) -> L3[], h=(V0 -> L3[]) -> L4[]}
{a=L0[], f=V0 -> L1[], g=(L2[] -> L1[]) -> L3[], h=(V0 -> V1) -> L4[]}
{a=L0[], f=V0 -> L1[], g=(L2[] -> V0) -> L3[], h=(V0 -> L3[]) -> L4[]}
{a=L0[], f=V0 -> L1[], g=(L2[] -> V0) -> L3[], h=(V0 -> V1) -> L4[]}
{a=L0[], f=V0 -> L1[], g=(V0 -> L1[]) -> L2[], h=(V0 -> L2[]) -> L3[]}
{a=L0[], f=V0 -> L1[], g=(V0 -> L1[]) -> L2[], h=(V0 -> V1) -> L3[]}
{a=L0[], f=V0 -> L1[], g=(V0 -> V0) -> L2[], h=(V0 -> L2[]) -> L3[]}
{a=L0[], f=V0 -> L1[], g=(V0 -> V0) -> L2[], h=(V0 -> V1) -> L3[]}
{a=L0[], f=V0 -> L1[], g=(V0 -> V1) -> L2[], h=(V0 -> L2[]) -> L3[]}
{a=L0[], f=V0 -> L1[], g=(V0 -> V1) -> L2[], h=(V0 -> V1) -> L3[]}
{a=L0[], f=V0 -> L1[], g=(L2[] -> L1[]) -> L3[], h=V0 -> L4[]}
{a=L0[], f=V0 -> L1[], g=(L2[] -> V0) -> L3[], h=V0 -> L4[]}
{a=L0[], f=V0 -> L1[], g=(V0 -> L1[]) -> L2[], h=V0 -> L3[]}
{a=L0[], f=V0 -> L1[], g=(V0 -> V0) -> L2[], h=V0 -> L3[]}
{a=L0[], f=V0 -> L1[], g=(V0 -> V1) -> L2[], h=V0 -> L3[]}
{a=L0[], f=L0[] -> L1[], g=(L0[] -> L1[]) -> L2[], h=(V0 -> L2[]) -> V0}
{a=L0[], f=L0[] -> L1[], g=(L0[] -> L1[]) -> L2[], h=(V0 -> V1) -> V0}
{a=L0[], f=L0[] -> L1[], g=(L0[] -> L1[]) -> L2[], h=(V1 -> L2[]) -> V0}
{a=L0[], f=L0[] -> L1[], g=(L0[] -> L1[]) -> L2[], h=(V1 -> V0) -> V0}
{a=L0[], f=L0[] -> L1[], g=(L0[] -> L1[]) -> L2[], h=(V1 -> V2) -> V0}
{a=L0[], f=L0[] -> L1[], g=(L0[] -> V0) -> L2[], h=(V0 -> L2[]) -> V0}
{a=L0[], f=L0[] -> L1[], g=(L0[] -> V0) -> L2[], h=(V0 -> V1) -> V0}
{a=L0[], f=L0[] -> L1[], g=(L0[] -> V0) -> L2[], h=(V1 -> L2[]) -> V0}
{a=L0[], f=L0[] -> L1[], g=(L0[] -> V0) -> L2[], h=(V1 -> V0) -> V0}
{a=L0[], f=L0[] -> L1[], g=(L0[] -> V0) -> L2[], h=(V1 -> V2) -> V0}
{a=L0[], f=L0[] -> L1[], g=(V0 -> L1[]) -> L2[], h=(V0 -> L2[]) -> V0}
{a=L0[], f=L0[] -> L1[], g=(V0 -> L1[]) -> L2[], h=(V0 -> V1) -> V0}
{a=L0[], f=L0[] -> L1[], g=(V0 -> L1[]) -> L2[], h=(V1 -> L2[]) -> V0}
{a=L0[], f=L0[] -> L1[], g=(V0 -> L1[]) -> L2[], h=(V1 -> V0) -> V0}
{a=L0[], f=L0[] -> L1[], g=(V0 -> L1[]) -> L2[], h=(V1 -> V2) -> V0}
{a=L0[], f=L0[] -> L0[], g=(V0 -> V0) -> L1[], h=(V0 -> L1[]) -> V0}
{a=L0[], f=L0[] -> L0[], g=(V0 -> V0) -> L1[], h=(V0 -> V1) -> V0}
{a=L0[], f=L0[] -> L0[], g=(V0 -> V0) -> L1[], h=(V1 -> L1[]) -> V0}
{a=L0[], f=L0[] -> L0[], g=(V0 -> V0) -> L1[], h=(V1 -> V0) -> V0}
{a=L0[], f=L0[] -> L0[], g=(V0 -> V0) -> L1[], h=(V1 -> V2) -> V0}
{a=L0[], f=L0[] -> L1[], g=(V0 -> V1) -> L2[], h=(V0 -> L2[]) -> V0}
{a=L0[], f=L0[] -> L1[], g=(V0 -> V1) -> L2[], h=(V0 -> V1) -> V0}
{a=L0[], f=L0[] -> L1[], g=(V0 -> V1) -> L2[], h=(V1 -> L2[]) -> V0}
{a=L0[], f=L0[] -> L1[], g=(V0 -> V1) -> L2[], h=(V1 -> V0) -> V0}
{a=L0[], f=L0[] -> L1[], g=(V0 -> V1) -> L2[], h=(V1 -> V2) -> V0}
{a=L0[], f=L0[] -> L1[], g=(L0[] -> L1[]) -> L2[], h=V0 -> V0}
{a=L0[], f=L0[] -> L1[], g=(L0[] -> V0) -> L2[], h=V0 -> V0}
{a=L0[], f=L0[] -> L1[], g=(V0 -> L1[]) -> L2[], h=V0 -> V0}
{a=L0[], f=L0[] -> L0[], g=(V0 -> V0) -> L1[], h=V0 -> V0}
{a=L0[], f=L0[] -> L1[], g=(V0 -> V1) -> L2[], h=V0 -> V0}
{a=L0[], f=L0[] -> L1[], g=(L0[] -> L1[]) -> L2[], h=V1 -> V0}
{a=L0[], f=L0[] -> L1[], g=(L0[] -> V0) -> L2[], h=V1 -> V0}
{a=L0[], f=L0[] -> L1[], g=(V0 -> L1[]) -> L2[], h=V1 -> V0}
{a=L0[], f=L0[] -> L0[], g=(V0 -> V0) -> L1[], h=V1 -> V0}
{a=L0[], f=L0[] -> L1[], g=(V0 -> V1) -> L2[], h=V1 -> V0}
{a=L0[], f=V0 -> L1[], g=(L2[] -> L1[]) -> L3[], h=(V0 -> L3[]) -> V0}
{a=L0[], f=V0 -> L1[], g=(L2[] -> L1[]) -> L3[], h=(V0 -> V1) -> V0}
{a=L0[], f=V0 -> L1[], g=(L2[] -> L1[]) -> L3[], h=(V1 -> L3[]) -> V0}
{a=L0[], f=V0 -> L1[], g=(L2[] -> L1[]) -> L3[], h=(V1 -> V0) -> V0}
{a=L0[], f=V0 -> L1[], g=(L2[] -> L1[]) -> L3[], h=(V1 -> V2) -> V0}
{a=L0[], f=V0 -> L1[], g=(L2[] -> V0) -> L3[], h=(V0 -> L3[]) -> V0}
{a=L0[], f=V0 -> L1[], g=(L2[] -> V0) -> L3[], h=(V0 -> V1) -> V0}
{a=L0[], f=V0 -> L1[], g=(L2[] -> V0) -> L3[], h=(V1 -> L3[]) -> V0}
{a=L0[], f=V0 -> L1[], g=(L2[] -> V0) -> L3[], h=(V1 -> V0) -> V0}
{a=L0[], f=V0 -> L1[], g=(L2[] -> V0) -> L3[], h=(V1 -> V2) -> V0}
{a=L0[], f=V0 -> L1[], g=(V0 -> L1[]) -> L2[], h=(V0 -> L2[]) -> V0}
{a=L0[], f=V0 -> L1[], g=(V0 -> L1[]) -> L2[], h=(V0 -> V1) -> V0}
{a=L0[], f=V0 -> L1[], g=(V0 -> L1[]) -> L2[], h=(V1 -> L2[]) -> V0}
{a=L0[], f=V0 -> L1[], g=(V0 -> L1[]) -> L2[], h=(V1 -> V0) -> V0}
{a=L0[], f=V0 -> L1[], g=(V0 -> L1[]) -> L2[], h=(V1 -> V2) -> V0}
{a=L0[], f=V0 -> L1[], g=(V0 -> V0) -> L2[], h=(V0 -> L2[]) -> V0}
{a=L0[], f=V0 -> L1[], g=(V0 -> V0) -> L2[], h=(V0 -> V1) -> V0}
{a=L0[], f=V0 -> L1[], g=(V0 -> V0) -> L2[], h=(V1 -> L2[]) -> V0}
{a=L0[], f=V0 -> L1[], g=(V0 -> V0) -> L2[], h=(V1 -> V0) -> V0}
{a=L0[], f=V0 -> L1[], g=(V0 -> V0) -> L2[], h=(V1 -> V2) -> V0}
{a=L0[], f=V0 -> L1[], g=(V0 -> V1) -> L2[], h=(V0 -> L2[]) -> V0}
{a=L0[], f=V0 -> L1[], g=(V0 -> V1) -> L2[], h=(V0 -> V1) -> V0}
{a=L0[], f=V0 -> L1[], g=(V0 -> V1) -> L2[], h=(V1 -> L2[]) -> V0}
{a=L0[], f=V0 -> L1[], g=(V0 -> V1) -> L2[], h=(V1 -> V0) -> V0}
{a=L0[], f=V0 -> L1[], g=(V0 -> V1) -> L2[], h=(V1 -> V2) -> V0}
{a=L0[], f=V0 -> L1[], g=(L2[] -> L1[]) -> L3[], h=V0 -> V0}
{a=L0[], f=V0 -> L1[], g=(L2[] -> V0) -> L3[], h=V0 -> V0}
{a=L0[], f=V0 -> L1[], g=(V0 -> L1[]) -> L2[], h=V0 -> V0}
{a=L0[], f=V0 -> L1[], g=(V0 -> V0) -> L2[], h=V0 -> V0}
{a=L0[], f=V0 -> L1[], g=(V0 -> V1) -> L2[], h=V0 -> V0}
{a=L0[], f=V0 -> L1[], g=(L2[] -> L1[]) -> L3[], h=V1 -> V0}
{a=L0[], f=V0 -> L1[], g=(L2[] -> V0) -> L3[], h=V1 -> V0}
{a=L0[], f=V0 -> L1[], g=(V0 -> L1[]) -> L2[], h=V1 -> V0}
{a=L0[], f=V0 -> L1[], g=(V0 -> V0) -> L2[], h=V1 -> V0}
{a=L0[], f=V0 -> L1[], g=(V0 -> V1) -> L2[], h=V1 -> V0}
{a=L0[], f=L0[] -> L1[], g=(L0[] -> L1[]) -> V0, h=(V0 -> L2[]) -> L3[]}
{a=L0[], f=L0[] -> L1[], g=(L0[] -> L1[]) -> V0, h=(V0 -> V0) -> L2[]}
{a=L0[], f=L0[] -> L1[], g=(L0[] -> L1[]) -> V0, h=(V0 -> V1) -> L2[]}
{a=L0[], f=L0[] -> L1[], g=(L0[] -> V0) -> V0, h=(V0 -> L2[]) -> L3[]}
{a=L0[], f=L0[] -> L1[], g=(L0[] -> V0) -> V0, h=(V0 -> V1) -> L2[]}
{a=L0[], f=L0[] -> L1[], g=(L0[] -> V1) -> V0, h=(V0 -> L2[]) -> L3[]}
{a=L0[], f=L0[] -> L1[], g=(L0[] -> V1) -> V0, h=(V0 -> V0) -> L2[]}
{a=L0[], f=L0[] -> L1[], g=(L0[] -> V1) -> V0, h=(V0 -> V1) -> L2[]}
{a=L0[], f=L0[] -> L1[], g=(V0 -> L1[]) -> V0, h=(V0 -> L2[]) -> L3[]}
{a=L0[], f=L0[] -> L1[], g=(V0 -> L1[]) -> V0, h=(V0 -> V1) -> L2[]}
{a=L0[], f=L0[] -> L0[], g=(V0 -> V0) -> V0, h=(V0 -> L1[]) -> L2[]}
{a=L0[], f=L0[] -> L0[], g=(V0 -> V0) -> V0, h=(V0 -> V1) -> L1[]}
{a=L0[], f=L0[] -> L1[], g=(V0 -> V1) -> V0, h=(V0 -> L2[]) -> L3[]}
{a=L0[], f=L0[] -> L1[], g=(V0 -> V1) -> V0, h=(V0 -> V1) -> L2[]}
{a=L0[], f=L0[] -> L1[], g=(V1 -> L1[]) -> V0, h=(V0 -> L2[]) -> L3[]}
{a=L0[], f=L0[] -> L1[], g=(V1 -> L1[]) -> V0, h=(V0 -> V0) -> L2[]}
{a=L0[], f=L0[] -> L1[], g=(V1 -> L1[]) -> V0, h=(V0 -> V1) -> L2[]}
{a=L0[], f=L0[] -> L1[], g=(V1 -> V0) -> V0, h=(V0 -> L2[]) -> L3[]}
{a=L0[], f=L0[] -> L1[], g=(V1 -> V0) -> V0, h=(V0 -> V1) -> L2[]}
{a=L0[], f=L0[] -> L0[], g=(V1 -> V1) -> V0, h=(V0 -> L1[]) -> L2[]}
{a=L0[], f=L0[] -> L0[], g=(V1 -> V1) -> V0, h=(V0 -> V0) -> L1[]}
{a=L0[], f=L0[] -> L0[], g=(V1 -> V1) -> V0, h=(V0 -> V1) -> L1[]}
{a=L0[], f=L0[] -> L1[], g=(V1 -> V2) -> V0, h=(V0 -> L2[]) -> L3[]}
{a=L0[], f=L0[] -> L1[], g=(V1 -> V2) -> V0, h=(V0 -> V0) -> L2[]}
{a=L0[], f=L0[] -> L1[], g=(V1 -> V2) -> V0, h=(V0 -> V1) -> L2[]}
{a=L0[], f=L0[] -> L1[], g=(L0[] -> L1[]) -> V0, h=V0 -> L2[]}
{a=L0[], f=L0[] -> L1[], g=(L0[] -> V0) -> V0, h=V0 -> L2[]}
{a=L0[], f=L0[] -> L1[], g=(L0[] -> V1) -> V0, h=V0 -> L2[]}
{a=L0[], f=L0[] -> L1[], g=(V0 -> L1[]) -> V0, h=V0 -> L2[]}
{a=L0[], f=L0[] -> L0[], g=(V0 -> V0) -> V0, h=V0 -> L1[]}
{a=L0[], f=L0[] -> L1[], g=(V0 -> V1) -> V0, h=V0 -> L2[]}
{a=L0[], f=L0[] -> L1[], g=(V1 -> L1[]) -> V0, h=V0 -> L2[]}
{a=L0[], f=L0[] -> L1[], g=(V1 -> V0) -> V0, h=V0 -> L2[]}
{a=L0[], f=L0[] -> L0[], g=(V1 -> V1) -> V0, h=V0 -> L1[]}
{a=L0[], f=L0[] -> L1[], g=(V1 -> V2) -> V0, h=V0 -> L2[]}
{a=L0[], f=V0 -> L1[], g=(L2[] -> L1[]) -> V0, h=(V0 -> L3[]) -> L4[]}
{a=L0[], f=V0 -> L1[], g=(L2[] -> L1[]) -> V0, h=(V0 -> V0) -> L3[]}
{a=L0[], f=V0 -> L1[], g=(L2[] -> L1[]) -> V0, h=(V0 -> V1) -> L3[]}
{a=L0[], f=V0 -> L1[], g=(L2[] -> V0) -> V0, h=(V0 -> L3[]) -> L4[]}
{a=L0[], f=V0 -> L1[], g=(L2[] -> V0) -> V0, h=(V0 -> V1) -> L3[]}
{a=L0[], f=V0 -> L1[], g=(L2[] -> V1) -> V0, h=(V0 -> L3[]) -> L4[]}
{a=L0[], f=V0 -> L1[], g=(L2[] -> V1) -> V0, h=(V0 -> V0) -> L3[]}
{a=L0[], f=V0 -> L1[], g=(L2[] -> V1) -> V0, h=(V0 -> V1) -> L3[]}
{a=L0[], f=V0 -> L1[], g=(V0 -> L1[]) -> V0, h=(V0 -> L2[]) -> L3[]}
{a=L0[], f=V0 -> L1[], g=(V0 -> L1[]) -> V0, h=(V0 -> V1) -> L2[]}
{a=L0[], f=V0 -> L1[], g=(V0 -> V0) -> V0, h=(V0 -> L2[]) -> L3[]}
{a=L0[], f=V0 -> L1[], g=(V0 -> V0) -> V0, h=(V0 -> V1) -> L2[]}
{a=L0[], f=V0 -> L1[], g=(V0 -> V1) -> V0, h=(V0 -> L2[]) -> L3[]}
{a=L0[], f=V0 -> L1[], g=(V0 -> V1) -> V0, h=(V0 -> V1) -> L2[]}
{a=L0[], f=V0 -> L1[], g=(V1 -> L1[]) -> V0, h=(V0 -> L2[]) -> L3[]}
{a=L0[], f=V0 -> L1[], g=(V1 -> L1[]) -> V0, h=(V0 -> V0) -> L2[]}
{a=L0[], f=V0 -> L1[], g=(V1 -> L1[]) -> V0, h=(V0 -> V1) -> L2[]}
{a=L0[], f=V0 -> L1[], g=(V1 -> V0) -> V0, h=(V0 -> L2[]) -> L3[]}
{a=L0[], f=V0 -> L1[], g=(V1 -> V0) -> V0, h=(V0 -> V1) -> L2[]}
{a=L0[], f=V0 -> L1[], g=(V1 -> V1) -> V0, h=(V0 -> L2[]) -> L3[]}
{a=L0[], f=V0 -> L1[], g=(V1 -> V1) -> V0, h=(V0 -> V0) -> L2[]}
{a=L0[], f=V0 -> L1[], g=(V1 -> V1) -> V0, h=(V0 -> V1) -> L2[]}
{a=L0[], f=V0 -> L1[], g=(V1 -> V2) -> V0, h=(V0 -> L2[]) -> L3[]}
{a=L0[], f=V0 -> L1[], g=(V1 -> V2) -> V0, h=(V0 -> V0) -> L2[]}
{a=L0[], f=V0 -> L1[], g=(V1 -> V2) -> V0, h=(V0 -> V1) -> L2[]}
{a=L0[], f=V0 -> L1[], g=(L2[] -> L1[]) -> V0, h=V0 -> L3[]}
{a=L0[], f=V0 -> L1[], g=(L2[] -> V0) -> V0, h=V0 -> L3[]}
{a=L0[], f=V0 -> L1[], g=(L2[] -> V1) -> V0, h=V0 -> L3[]}
{a=L0[], f=V0 -> L1[], g=(V0 -> L1[]) -> V0, h=V0 -> L2[]}
{a=L0[], f=V0 -> L1[], g=(V0 -> V0) -> V0, h=V0 -> L2[]}
{a=L0[], f=V0 -> L1[], g=(V0 -> V1) -> V0, h=V0 -> L2[]}
{a=L0[], f=V0 -> L1[], g=(V1 -> L1[]) -> V0, h=V0 -> L2[]}
{a=L0[], f=V0 -> L1[], g=(V1 -> V0) -> V0, h=V0 -> L2[]}
{a=L0[], f=V0 -> L1[], g=(V1 -> V1) -> V0, h=V0 -> L2[]}
{a=L0[], f=V0 -> L1[], g=(V1 -> V2) -> V0, h=V0 -> L2[]}
{a=L0[], f=L0[] -> L1[], g=(L0[] -> L1[]) -> V0, h=(V0 -> L2[]) -> V0}
{a=L0[], f=L0[] -> L1[], g=(L0[] -> L1[]) -> V0, h=(V0 -> V0) -> V0}
{a=L0[], f=L0[] -> L1[], g=(L0[] -> L1[]) -> V0, h=(V0 -> V1) -> V0}
{a=L0[], f=L0[] -> L1[], g=(L0[] -> L1[]) -> V0, h=(V1 -> L2[]) -> V0}
{a=L0[], f=L0[] -> L1[], g=(L0[] -> L1[]) -> V0, h=(V1 -> V0) -> V0}
{a=L0[], f=L0[] -> L1[], g=(L0[] -> L1[]) -> V0, h=(V1 -> V1) -> V0}
{a=L0[], f=L0[] -> L1[], g=(L0[] -> L1[]) -> V0, h=(V1 -> V2) -> V0}
{a=L0[], f=L0[] -> L1[], g=(L0[] -> V0) -> V0, h=(V0 -> L2[]) -> V0}
{a=L0[], f=L0[] -> L1[], g=(L0[] -> V0) -> V0, h=(V0 -> V1) -> V0}
{a=L0[], f=L0[] -> L1[], g=(L0[] -> V0) -> V0, h=(V1 -> L2[]) -> V0}
{a=L0[], f=L0[] -> L1[], g=(L0[] -> V0) -> V0, h=(V1 -> V0) -> V0}
{a=L0[], f=L0[] -> L1[], g=(L0[] -> V0) -> V0, h=(V1 -> V2) -> V0}
{a=L0[], f=L0[] -> L1[], g=(L0[] -> V1) -> V0, h=(V0 -> L2[]) -> V0}
{a=L0[], f=L0[] -> L1[], g=(L0[] -> V1) -> V0, h=(V0 -> V0) -> V0}
{a=L0[], f=L0[] -> L1[], g=(L0[] -> V1) -> V0, h=(V0 -> V1) -> V0}
{a=L0[], f=L0[] -> L1[], g=(L0[] -> V1) -> V0, h=(V1 -> L2[]) -> V0}
{a=L0[], f=L0[] -> L1[], g=(L0[] -> V1) -> V0, h=(V1 -> V0) -> V0}
{a=L0[], f=L0[] -> L1[], g=(L0[] -> V1) -> V0, h=(V1 -> V1) -> V0}
{a=L0[], f=L0[] -> L1[], g=(L0[] -> V1) -> V0, h=(V1 -> V2) -> V0}
{a=L0[], f=L0[] -> L1[], g=(V0 -> L1[]) -> V0, h=(V0 -> L2[]) -> V0}
{a=L0[], f=L0[] -> L1[], g=(V0 -> L1[]) -> V0, h=(V0 -> V1) -> V0}
{a=L0[], f=L0[] -> L1[], g=(V0 -> L1[]) -> V0, h=(V1 -> L2[]) -> V0}
{a=L0[], f=L0[] -> L1[], g=(V0 -> L1[]) -> V0, h=(V1 -> V0) -> V0}
{a=L0[], f=L0[] -> L1[], g=(V0 -> L1[]) -> V0, h=(V1 -> V2) -> V0}
{a=L0[], f=L0[] -> L0[], g=(V0 -> V0) -> V0, h=(V0 -> L1[]) -> V0}
{a=L0[], f=L0[] -> L0[], g=(V0 -> V0) -> V0, h=(V0 -> V1) -> V0}
{a=L0[], f=L0[] -> L0[], g=(V0 -> V0) -> V0, h=(V1 -> L1[]) -> V0}
{a=L0[], f=L0[] -> L0[], g=(V0 -> V0) -> V0, h=(V1 -> V0) -> V0}
{a=L0[], f=L0[] -> L0[], g=(V0 -> V0) -> V0, h=(V1 -> V2) -> V0}
{a=L0[], f=L0[] -> L1[], g=(V0 -> V1) -> V0, h=(V0 -> L2[]) -> V0}
{a=L0[], f=L0[] -> L1[], g=(V0 -> V1) -> V0, h=(V0 -> V1) -> V0}
{a=L0[], f=L0[] -> L1[], g=(V0 -> V1) -> V0, h=(V1 -> L2[]) -> V0}
{a=L0[], f=L0[] -> L1[], g=(V0 -> V1) -> V0, h=(V1 -> V0) -> V0}
{a=L0[], f=L0[] -> L1[], g=(V0 -> V1) -> V0, h=(V1 -> V2) -> V0}
{a=L0[], f=L0[] -> L1[], g=(V1 -> L1[]) -> V0, h=(V0 -> L2[]) -> V0}
{a=L0[], f=L0[] -> L1[], g=(V1 -> L1[]) -> V0, h=(V0 -> V0) -> V0}
{a=L0[], f=L0[] -> L1[], g=(V1 -> L1[]) -> V0, h=(V0 -> V1) -> V0}
{a=L0[], f=L0[] -> L1[], g=(V1 -> L1[]) -> V0, h=(V1 -> L2[]) -> V0}
{a=L0[], f=L0[] -> L1[], g=(V1 -> L1[]) -> V0, h=(V1 -> V0) -> V0}
{a=L0[], f=L0[] -> L1[], g=(V1 -> L1[]) -> V0, h=(V1 -> V1) -> V0}
{a=L0[], f=L0[] -> L1[], g=(V1 -> L1[]) -> V0, h=(V1 -> V2) -> V0}
{a=L0[], f=L0[] -> L1[], g=(V1 -> V0) -> V0, h=(V0 -> L2[]) -> V0}
{a=L0[], f=L0[] -> L1[], g=(V1 -> V0) -> V0, h=(V0 -> V1) -> V0}
{a=L0[], f=L0[] -> L1[], g=(V1 -> V0) -> V0, h=(V1 -> L2[]) -> V0}
{a=L0[], f=L0[] -> L1[], g=(V1 -> V0) -> V0, h=(V1 -> V0) -> V0}
{a=L0[], f=L0[] -> L1[], g=(V1 -> V0) -> V0, h=(V1 -> V2) -> V0}
{a=L0[], f=L0[] -> L0[], g=(V1 -> V1) -> V0, h=(V0 -> L1[]) -> V0}
{a=L0[], f=L0[] -> L0[], g=(V1 -> V1) -> V0, h=(V0 -> V0) -> V0}
{a=L0[], f=L0[] -> L0[], g=(V1 -> V1) -> V0, h=(V0 -> V1) -> V0}
{a=L0[], f=L0[] -> L0[], g=(V1 -> V1) -> V0, h=(V1 -> L1[]) -> V0}
{a=L0[], f=L0[] -> L0[], g=(V1 -> V1) -> V0, h=(V1 -> V0) -> V0}
{a=L0[], f=L0[] -> L0[], g=(V1 -> V1) -> V0, h=(V1 -> V1) -> V0}
{a=L0[], f=L0[] -> L0[], g=(V1 -> V1) -> V0, h=(V1 -> V2) -> V0}
{a=L0[], f=L0[] -> L1[], g=(V1 -> V2) -> V0, h=(V0 -> L2[]) -> V0}
{a=L0[], f=L0[] -> L1[], g=(V1 -> V2) -> V0, h=(V0 -> V0) -> V0}
{a=L0[], f=L0[] -> L1[], g=(V1 -> V2) -> V0, h=(V0 -> V1) -> V0}
{a=L0[], f=L0[] -> L1[], g=(V1 -> V2) -> V0, h=(V1 -> L2[]) -> V0}
{a=L0[], f=L0[] -> L1[], g=(V1 -> V2) -> V0, h=(V1 -> V0) -> V0}
{a=L0[], f=L0[] -> L1[], g=(V1 -> V2) -> V0, h=(V1 -> V1) -> V0}
{a=L0[], f=L0[] -> L1[], g=(V1 -> V2) -> V0, h=(V1 -> V2) -> V0}
{a=L0[], f=L0[] -> L1[], g=(L0[] -> L1[]) -> V0, h=V0 -> V0}
{a=L0[], f=L0[] -> L1[], g=(L0[] -> V0) -> V0, h=V0 -> V0}
{a=L0[], f=L0[] -> L1[], g=(L0[] -> V1) -> V0, h=V0 -> V0}
{a=L0[], f=L0[] -> L1[], g=(V0 -> L1[]) -> V0, h=V0 -> V0}
{a=L0[], f=L0[] -> L0[], g=(V0 -> V0) -> V0, h=V0 -> V0}
{a=L0[], f=L0[] -> L1[], g=(V0 -> V1) -> V0, h=V0 -> V0}
{a=L0[], f=L0[] -> L1[], g=(V1 -> L1[]) -> V0, h=V0 -> V0}
{a=L0[], f=L0[] -> L1[], g=(V1 -> V0) -> V0, h=V0 -> V0}
{a=L0[], f=L0[] -> L0[], g=(V1 -> V1) -> V0, h=V0 -> V0}
{a=L0[], f=L0[] -> L1[], g=(V1 -> V2) -> V0, h=V0 -> V0}
{a=L0[], f=L0[] -> L1[], g=(L0[] -> L1[]) -> V0, h=V1 -> V0}
{a=L0[], f=L0[] -> L1[], g=(L0[] -> V0) -> V0, h=V1 -> V0}
{a=L0[], f=L0[] -> L1[], g=(L0[] -> V1) -> V0, h=V1 -> V0}
{a=L0[], f=L0[] -> L1[], g=(V0 -> L1[]) -> V0, h=V1 -> V0}
{a=L0[], f=L0[] -> L0[], g=(V0 -> V0) -> V0, h=V1 -> V0}
{a=L0[], f=L0[] -> L1[], g=(V0 -> V1) -> V0, h=V1 -> V0}
{a=L0[], f=L0[] -> L1[], g=(V1 -> L1[]) -> V0, h=V1 -> V0}
{a=L0[], f=L0[] -> L1[], g=(V1 -> V0) -> V0, h=V1 -> V0}
{a=L0[], f=L0[] -> L0[], g=(V1 -> V1) -> V0, h=V1 -> V0}
{a=L0[], f=L0[] -> L1[], g=(V1 -> V2) -> V0, h=V1 -> V0}
{a=L0[], f=V0 -> L1[], g=(L2[] -> L1[]) -> V0, h=(V0 -> L3[]) -> V0}
{a=L0[], f=V0 -> L1[], g=(L2[] -> L1[]) -> V0, h=(V0 -> V0) -> V0}
{a=L0[], f=V0 -> L1[], g=(L2[] -> L1[]) -> V0, h=(V0 -> V1) -> V0}
{a=L0[], f=V0 -> L1[], g=(L2[] -> L1[]) -> V0, h=(V1 -> L3[]) -> V0}
{a=L0[], f=V0 -> L1[], g=(L2[] -> L1[]) -> V0, h=(V1 -> V0) -> V0}
{a=L0[], f=V0 -> L1[], g=(L2[] -> L1[]) -> V0, h=(V1 -> V1) -> V0}
{a=L0[], f=V0 -> L1[], g=(L2[] -> L1[]) -> V0, h=(V1 -> V2) -> V0}
{a=L0[], f=V0 -> L1[], g=(L2[] -> V0) -> V0, h=(V0 -> L3[]) -> V0}
{a=L0[], f=V0 -> L1[], g=(L2[] -> V0) -> V0, h=(V0 -> V1) -> V0}
{a=L0[], f=V0 -> L1[], g=(L2[] -> V0) -> V0, h=(V1 -> L3[]) -> V0}
{a=L0[], f=V0 -> L1[], g=(L2[] -> V0) -> V0, h=(V1 -> V0) -> V0}
{a=L0[], f=V0 -> L1[], g=(L2[] -> V0) -> V0, h=(V1 -> V2) -> V0}
{a=L0[], f=V0 -> L1[], g=(L2[] -> V1) -> V0, h=(V0 -> L3[]) -> V0}
{a=L0[], f=V0 -> L1[], g=(L2[] -> V1) -> V0, h=(V0 -> V0) -> V0}
{a=L0[], f=V0 -> L1[], g=(L2[] -> V1) -> V0, h=(V0 -> V1) -> V0}
{a=L0[], f=V0 -> L1[], g=(L2[] -> V1) -> V0, h=(V1 -> L3[]) -> V0}
{a=L0[], f=V0 -> L1[], g=(L2[] -> V1) -> V0, h=(V1 -> V0) -> V0}
{a=L0[], f=V0 -> L1[], g=(L2[] -> V1) -> V0, h=(V1 -> V1) -> V0}
{a=L0[], f=V0 -> L1[], g=(L2[] -> V1) -> V0, h=(V1 -> V2) -> V0}
{a=L0[], f=V0 -> L1[], g=(V0 -> L1[]) -> V0, h=(V0 -> L2[]) -> V0}
{a=L0[], f=V0 -> L1[], g=(V0 -> L1[]) -> V0, h=(V0 -> V1) -> V0}
{a=L0[], f=V0 -> L1[], g=(V0 -> L1[]) -> V0, h=(V1 -> L2[]) -> V0}
{a=L0[], f=V0 -> L1[], g=(V0 -> L1[]) -> V0, h=(V1 -> V0) -> V0}
{a=L0[], f=V0 -> L1[], g=(V0 -> L1[]) -> V0, h=(V1 -> V2) -> V0}
{a=L0[], f=V0 -> L1[], g=(V0 -> V0) -> V0, h=(V0 -> L2[]) -> V0}
{a=L0[], f=V0 -> L1[], g=(V0 -> V0) -> V0, h=(V0 -> V1) -> V0}
{a=L0[], f=V0 -> L1[], g=(V0 -> V0) -> V0, h=(V1 -> L2[]) -> V0}
{a=L0[], f=V0 -> L1[], g=(V0 -> V0) -> V0, h=(V1 -> V0) -> V0}
{a=L0[], f=V0 -> L1[], g=(V0 -> V0) -> V0, h=(V1 -> V2) -> V0}
{a=L0[], f=V0 -> L1[], g=(V0 -> V1) -> V0, h=(V0 -> L2[]) -> V0}
{a=L0[], f=V0 -> L1[], g=(V0 -> V1) -> V0, h=(V0 -> V1) -> V0}
{a=L0[], f=V0 -> L1[], g=(V0 -> V1) -> V0, h=(V1 -> L2[]) -> V0}
{a=L0[], f=V0 -> L1[], g=(V0 -> V1) -> V0, h=(V1 -> V0) -> V0}
{a=L0[], f=V0 -> L1[], g=(V0 -> V1) -> V0, h=(V1 -> V2) -> V0}
{a=L0[], f=V0 -> L1[], g=(V1 -> L1[]) -> V0, h=(V0 -> L2[]) -> V0}
{a=L0[], f=V0 -> L1[], g=(V1 -> L1[]) -> V0, h=(V0 -> V0) -> V0}
{a=L0[], f=V0 -> L1[], g=(V1 -> L1[]) -> V0, h=(V0 -> V1) -> V0}
{a=L0[], f=V0 -> L1[], g=(V1 -> L1[]) -> V0, h=(V1 -> L2[]) -> V0}
{a=L0[], f=V0 -> L1[], g=(V1 -> L1[]) -> V0, h=(V1 -> V0) -> V0}
{a=L0[], f=V0 -> L1[], g=(V1 -> L1[]) -> V0, h=(V1 -> V1) -> V0}
{a=L0[], f=V0 -> L1[], g=(V1 -> L1[]) -> V0, h=(V1 -> V2) -> V0}
{a=L0[], f=V0 -> L1[], g=(V1 -> V0) -> V0, h=(V0 -> L2[]) -> V0}
{a=L0[], f=V0 -> L1[], g=(V1 -> V0) -> V0, h=(V0 -> V1) -> V0}
{a=L0[], f=V0 -> L1[], g=(V1 -> V0) -> V0, h=(V1 -> L2[]) -> V0}
{a=L0[], f=V0 -> L1[], g=(V1 -> V0) -> V0, h=(V1 -> V0) -> V0}
{a=L0[], f=V0 -> L1[], g=(V1 -> V0) -> V0, h=(V1 -> V2) -> V0}
{a=L0[], f=V0 -> L1[], g=(V1 -> V1) -> V0, h=(V0 -> L2[]) -> V0}
{a=L0[], f=V0 -> L1[], g=(V1 -> V1) -> V0, h=(V0 -> V0) -> V0}
{a=L0[], f=V0 -> L1[], g=(V1 -> V1) -> V0, h=(V0 -> V1) -> V0}
{a=L0[], f=V0 -> L1[], g=(V1 -> V1) -> V0, h=(V1 -> L2[]) -> V0}
{a=L0[], f=V0 -> L1[], g=(V1 -> V1) -> V0, h=(V1 -> V0) -> V0}
{a=L0[], f=V0 -> L1[], g=(V1 -> V1) -> V0, h=(V1 -> V1) -> V0}
{a=L0[], f=V0 -> L1[], g=(V1 -> V1) -> V0, h=(V1 -> V2) -> V0}
{a=L0[], f=V0 -> L1[], g=(V1 -> V2) -> V0, h=(V0 -> L2[]) -> V0}
{a=L0[], f=V0 -> L1[], g=(V1 -> V2) -> V0, h=(V0 -> V0) -> V0}
{a=L0[], f=V0 -> L1[], g=(V1 -> V2) -> V0, h=(V0 -> V1) -> V0}
{a=L0[], f=V0 -> L1[], g=(V1 -> V2) -> V0, h=(V1 -> L2[]) -> V0}
{a=L0[], f=V0 -> L1[], g=(V1 -> V2) -> V0, h=(V1 -> V0) -> V0}
{a=L0[], f=V0 -> L1[], g=(V1 -> V2) -> V0, h=(V1 -> V1) -> V0}
{a=L0[], f=V0 -> L1[], g=(V1 -> V2) -> V0, h=(V1 -> V2) -> V0}
{a=L0[], f=V0 -> L1[], g=(L2[] -> L1[]) -> V0, h=V0 -> V0}
{a=L0[], f=V0 -> L1[], g=(L2[] -> V0) -> V0, h=V0 -> V0}
{a=L0[], f=V0 -> L1[], g=(L2[] -> V1) -> V0, h=V0 -> V0}
{a=L0[], f=V0 -> L1[], g=(V0 -> L1[]) -> V0, h=V0 -> V0}
{a=L0[], f=V0 -> L1[], g=(V0 -> V0) -> V0, h=V0 -> V0}
{a=L0[], f=V0 -> L1[], g=(V0 -> V1) -> V0, h=V0 -> V0}
{a=L0[], f=V0 -> L1[], g=(V1 -> L1[]) -> V0, h=V0 -> V0}
{a=L0[], f=V0 -> L1[], g=(V1 -> V0) -> V0, h=V0 -> V0}
{a=L0[], f=V0 -> L1[], g=(V1 -> V1) -> V0, h=V0 -> V0}
{a=L0[], f=V0 -> L1[], g=(V1 -> V2) -> V0, h=V0 -> V0}
{a=L0[], f=V0 -> L1[], g=(L2[] -> L1[]) -> V0, h=V1 -> V0}
{a=L0[], f=V0 -> L1[], g=(L2[] -> V0) -> V0, h=V1 -> V0}
{a=L0[], f=V0 -> L1[], g=(L2[] -> V1) -> V0, h=V1 -> V0}
{a=L0[], f=V0 -> L1[], g=(V0 -> L1[]) -> V0, h=V1 -> V0}
{a=L0[], f=V0 -> L1[], g=(V0 -> V0) -> V0, h=V1 -> V0}
{a=L0[], f=V0 -> L1[], g=(V0 -> V1) -> V0, h=V1 -> V0}
{a=L0[], f=V0 -> L1[], g=(V1 -> L1[]) -> V0, h=V1 -> V0}
{a=L0[], f=V0 -> L1[], g=(V1 -> V0) -> V0, h=V1 -> V0}
{a=L0[], f=V0 -> L1[], g=(V1 -> V1) -> V0, h=V1 -> V0}
{a=L0[], f=V0 -> L1[], g=(V1 -> V2) -> V0, h=V1 -> V0}
{a=L0[], f=L0[] -> V0, g=(L0[] -> L1[]) -> L2[], h=(V0 -> L2[]) -> L3[]}
{a=L0[], f=L0[] -> V0, g=(L0[] -> L1[]) -> L2[], h=(V0 -> V1) -> L3[]}
{a=L0[], f=L0[] -> V0, g=(L0[] -> V0) -> L1[], h=(V0 -> L1[]) -> L2[]}
{a=L0[], f=L0[] -> V0, g=(L0[] -> V0) -> L1[], h=(V0 -> V1) -> L2[]}
{a=L0[], f=L0[] -> V0, g=(V0 -> L1[]) -> L2[], h=(V0 -> L2[]) -> L3[]}
{a=L0[], f=L0[] -> V0, g=(V0 -> L1[]) -> L2[], h=(V0 -> V1) -> L3[]}
{a=L0[], f=L0[] -> V0, g=(V0 -> V0) -> L1[], h=(V0 -> L1[]) -> L2[]}
{a=L0[], f=L0[] -> V0, g=(V0 -> V0) -> L1[], h=(V0 -> V1) -> L2[]}
{a=L0[], f=L0[] -> V0, g=(V0 -> V1) -> L1[], h=(V0 -> L1[]) -> L2[]}
{a=L0[], f=L0[] -> V0, g=(V0 -> V1) -> L1[], h=(V0 -> V1) -> L2[]}
{a=L0[], f=L0[] -> V0, g=(L0[] -> L1[]) -> L2[], h=V0 -> L3[]}
{a=L0[], f=L0[] -> V0, g=(L0[] -> V0) -> L1[], h=V0 -> L2[]}
{a=L0[], f=L0[] -> V0, g=(V0 -> L1[]) -> L2[], h=V0 -> L3[]}
{a=L0[], f=L0[] -> V0, g=(V0 -> V0) -> L1[], h=V0 -> L2[]}
{a=L0[], f=L0[] -> V0, g=(V0 -> V1) -> L1[], h=V0 -> L2[]}
{a=L0[], f=V0 -> V0, g=(L1[] -> L2[]) -> L3[], h=(V0 -> L3[]) -> L4[]}
{a=L0[], f=V0 -> V0, g=(L1[] -> L2[]) -> L3[], h=(V0 -> V1) -> L4[]}
{a=L0[], f=V0 -> V0, g=(L1[] -> V0) -> L2[], h=(V0 -> L2[]) -> L3[]}
{a=L0[], f=V0 -> V0, g=(L1[] -> V0) -> L2[], h=(V0 -> V1) -> L3[]}
{a=L0[], f=V0 -> V0, g=(V0 -> L1[]) -> L2[], h=(V0 -> L2[]) -> L3[]}
{a=L0[], f=V0 -> V0, g=(V0 -> L1[]) -> L2[], h=(V0 -> V1) -> L3[]}
{a=L0[], f=V0 -> V0, g=(V0 -> V0) -> L1[], h=(V0 -> L1[]) -> L2[]}
{a=L0[], f=V0 -> V0, g=(V0 -> V0) -> L1[], h=(V0 -> V1) -> L2[]}
{a=L0[], f=V0 -> V0, g=(V0 -> V1) -> L1[], h=(V0 -> L1[]) -> L2[]}
{a=L0[], f=V0 -> V0, g=(V0 -> V1) -> L1[], h=(V0 -> V1) -> L2[]}
{a=L0[], f=V0 -> V0, g=(L1[] -> L2[]) -> L3[], h=V0 -> L4[]}
{a=L0[], f=V0 -> V0, g=(L1[] -> V0) -> L2[], h=V0 -> L3[]}
{a=L0[], f=V0 -> V0, g=(V0 -> L1[]) -> L2[], h=V0 -> L3[]}
{a=L0[], f=V0 -> V0, g=(V0 -> V0) -> L1[], h=V0 -> L2[]}
{a=L0[], f=V0 -> V0, g=(V0 -> V1) -> L1[], h=V0 -> L2[]}
{a=L0[], f=V1 -> V0, g=(L1[] -> L2[]) -> L3[], h=(V0 -> L3[]) -> L4[]}
{a=L0[], f=V1 -> V0, g=(L1[] -> L2[]) -> L3[], h=(V0 -> V1) -> L4[]}
{a=L0[], f=V1 -> V0, g=(L1[] -> V0) -> L2[], h=(V0 -> L2[]) -> L3[]}
{a=L0[], f=V1 -> V0, g=(L1[] -> V0) -> L2[], h=(V0 -> V1) -> L3[]}
{a=L0[], f=V1 -> V0, g=(V0 -> L1[]) -> L2[], h=(V0 -> L2[]) -> L3[]}
{a=L0[], f=V1 -> V0, g=(V0 -> L1[]) -> L2[], h=(V0 -> V1) -> L3[]}
{a=L0[], f=V1 -> V0, g=(V0 -> V0) -> L1[], h=(V0 -> L1[]) -> L2[]}
{a=L0[], f=V1 -> V0, g=(V0 -> V0) -> L1[], h=(V0 -> V1) -> L2[]}
{a=L0[], f=V1 -> V0, g=(V0 -> V1) -> L1[], h=(V0 -> L1[]) -> L2[]}
{a=L0[], f=V1 -> V0, g=(V0 -> V1) -> L1[], h=(V0 -> V1) -> L2[]}
{a=L0[], f=V1 -> V0, g=(L1[] -> L2[]) -> L3[], h=V0 -> L4[]}
{a=L0[], f=V1 -> V0, g=(L1[] -> V0) -> L2[], h=V0 -> L3[]}
{a=L0[], f=V1 -> V0, g=(V0 -> L1[]) -> L2[], h=V0 -> L3[]}
{a=L0[], f=V1 -> V0, g=(V0 -> V0) -> L1[], h=V0 -> L2[]}
{a=L0[], f=V1 -> V0, g=(V0 -> V1) -> L1[], h=V0 -> L2[]}
{a=L0[], f=L0[] -> V0, g=(L0[] -> L1[]) -> L2[], h=(V0 -> L2[]) -> V0}
{a=L0[], f=L0[] -> V0, g=(L0[] -> L1[]) -> L2[], h=(V0 -> V1) -> V0}
{a=L0[], f=L0[] -> V0, g=(L0[] -> L1[]) -> L2[], h=(V1 -> L2[]) -> V0}
{a=L0[], f=L0[] -> V0, g=(L0[] -> L1[]) -> L2[], h=(V1 -> V0) -> V0}
{a=L0[], f=L0[] -> V0, g=(L0[] -> L1[]) -> L2[], h=(V1 -> V2) -> V0}
{a=L0[], f=L0[] -> V0, g=(L0[] -> V0) -> L1[], h=(V0 -> L1[]) -> V0}
{a=L0[], f=L0[] -> V0, g=(L0[] -> V0) -> L1[], h=(V0 -> V1) -> V0}
{a=L0[], f=L0[] -> V0, g=(L0[] -> V0) -> L1[], h=(V1 -> L1[]) -> V0}
{a=L0[], f=L0[] -> V0, g=(L0[] -> V0) -> L1[], h=(V1 -> V0) -> V0}
{a=L0[], f=L0[] -> V0, g=(L0[] -> V0) -> L1[], h=(V1 -> V2) -> V0}
{a=L0[], f=L0[] -> V0, g=(V0 -> L1[]) -> L2[], h=(V0 -> L2[]) -> V0}
{a=L0[], f=L0[] -> V0, g=(V0 -> L1[]) -> L2[], h=(V0 -> V1) -> V0}
{a=L0[], f=L0[] -> V0, g=(V0 -> L1[]) -> L2[], h=(V1 -> L2[]) -> V0}
{a=L0[], f=L0[] -> V0, g=(V0 -> L1[]) -> L2[], h=(V1 -> V0) -> V0}
{a=L0[], f=L0[] -> V0, g=(V0 -> L1[]) -> L2[], h=(V1 -> V2) -> V0}
{a=L0[], f=L0[] -> V0, g=(V0 -> V0) -> L1[], h=(V0 -> L1[]) -> V0}
{a=L0[], f=L0[] -> V0, g=(V0 -> V0) -> L1[], h=(V0 -> V1) -> V0}
{a=L0[], f=L0[] -> V0, g=(V0 -> V0) -> L1[], h=(V1 -> L1[]) -> V0}
{a=L0[], f=L0[] -> V0, g=(V0 -> V0) -> L1[], h=(V1 -> V0) -> V0}
{a=L0[], f=L0[] -> V0, g=(V0 -> V0) -> L1[], h=(V1 -> V2) -> V0}
{a=L0[], f=L0[] -> V0, g=(V0 -> V1) -> L1[], h=(V0 -> L1[]) -> V0}
{a=L0[], f=L0[] -> V0, g=(V0 -> V1) -> L1[], h=(V0 -> V1) -> V0}
{a=L0[], f=L0[] -> V0, g=(V0 -> V1) -> L1[], h=(V1 -> L1[]) -> V0}
{a=L0[], f=L0[] -> V0, g=(V0 -> V1) -> L1[], h=(V1 -> V0) -> V0}
{a=L0[], f=L0[] -> V0, g=(V0 -> V1) -> L1[], h=(V1 -> V2) -> V0}
{a=L0[], f=L0[] -> V0, g=(L0[] -> L1[]) -> L2[], h=V0 -> V0}
{a=L0[], f=L0[] -> V0, g=(L0[] -> V0) -> L1[], h=V0 -> V0}
{a=L0[], f=L0[] -> V0, g=(V0 -> L1[]) -> L2[], h=V0 -> V0}
{a=L0[], f=L0[] -> V0, g=(V0 -> V0) -> L1[], h=V0 -> V0}
{a=L0[], f=L0[] -> V0, g=(V0 -> V1) -> L1[], h=V0 -> V0}
{a=L0[], f=L0[] -> V0, g=(L0[] -> L1[]) -> L2[], h=V1 -> V0}
{a=L0[], f=L0[] -> V0, g=(L0[] -> V0) -> L1[], h=V1 -> V0}
{a=L0[], f=L0[] -> V0, g=(V0 -> L1[]) -> L2[], h=V1 -> V0}
{a=L0[], f=L0[] -> V0, g=(V0 -> V0) -> L1[], h=V1 -> V0}
{a=L0[], f=L0[] -> V0, g=(V0 -> V1) -> L1[], h=V1 -> V0}
{a=L0[], f=V0 -> V0, g=(L1[] -> L2[]) -> L3[], h=(V0 -> L3[]) -> V0}
{a=L0[], f=V0 -> V0, g=(L1[] -> L2[]) -> L3[], h=(V0 -> V1) -> V0}
{a=L0[], f=V0 -> V0, g=(L1[] -> L2[]) -> L3[], h=(V1 -> L3[]) -> V0}
{a=L0[], f=V0 -> V0, g=(L1[] -> L2[]) -> L3[], h=(V1 -> V0) -> V0}
{a=L0[], f=V0 -> V0, g=(L1[] -> L2[]) -> L3[], h=(V1 -> V2) -> V0}
{a=L0[], f=V0 -> V0, g=(L1[] -> V0) -> L2[], h=(V0 -> L2[]) -> V0}
{a=L0[], f=V0 -> V0, g=(L1[] -> V0) -> L2[], h=(V0 -> V1) -> V0}
{a=L0[], f=V0 -> V0, g=(L1[] -> V0) -> L2[], h=(V1 -> L2[]) -> V0}
{a=L0[], f=V0 -> V0, g=(L1[] -> V0) -> L2[], h=(V1 -> V0) -> V0}
{a=L0[], f=V0 -> V0, g=(L1[] -> V0) -> L2[], h=(V1 -> V2) -> V0}
{a=L0[], f=V0 -> V0, g=(V0 -> L1[]) -> L2[], h=(V0 -> L2[]) -> V0}
{a=L0[], f=V0 -> V0, g=(V0 -> L1[]) -> L2[], h=(V0 -> V1) -> V0}
{a=L0[], f=V0 -> V0, g=(V0 -> L1[]) -> L2[], h=(V1 -> L2[]) -> V0}
{a=L0[], f=V0 -> V0, g=(V0 -> L1[]) -> L2[], h=(V1 -> V0) -> V0}
{a=L0[], f=V0 -> V0, g=(V0 -> L1[]) -> L2[], h=(V1 -> V2) -> V0}
{a=L0[], f=V0 -> V0, g=(V0 -> V0) -> L1[], h=(V0 -> L1[]) -> V0}
{a=L0[], f=V0 -> V0, g=(V0 -> V0) -> L1[], h=(V0 -> V1) -> V0}
{a=L0[], f=V0 -> V0, g=(V0 -> V0) -> L1[], h=(V1 -> L1[]) -> V0}
{a=L0[], f=V0 -> V0, g=(V0 -> V0) -> L1[], h=(V1 -> V0) -> V0}
{a=L0[], f=V0 -> V0, g=(V0 -> V0) -> L1[], h=(V1 -> V2) -> V0}
{a=L0[], f=V0 -> V0, g=(V0 -> V1) -> L1[], h=(V0 -> L1[]) -> V0}
{a=L0[], f=V0 -> V0, g=(V0 -> V1) -> L1[], h=(V0 -> V1) -> V0}
{a=L0[], f=V0 -> V0, g=(V0 -> V1) -> L1[], h=(V1 -> L1[]) -> V0}
{a=L0[], f=V0 -> V0, g=(V0 -> V1) -> L1[], h=(V1 -> V0) -> V0}
{a=L0[], f=V0 -> V0, g=(V0 -> V1) -> L1[], h=(V1 -> V2) -> V0}
{a=L0[], f=V0 -> V0, g=(L1[] -> L2[]) -> L3[], h=V0 -> V0}
{a=L0[], f=V0 -> V0, g=(L1[] -> V0) -> L2[], h=V0 -> V0}
{a=L0[], f=V0 -> V0, g=(V0 -> L1[]) -> L2[], h=V0 -> V0}
{a=L0[], f=V0 -> V0, g=(V0 -> V0) -> L1[], h=V0 -> V0}
{a=L0[], f=V0 -> V0, g=(V0 -> V1) -> L1[], h=V0 -> V0}
{a=L0[], f=V0 -> V0, g=(L1[] -> L2[]) -> L3[], h=V1 -> V0}
{a=L0[], f=V0 -> V0, g=(L1[] -> V0) -> L2[], h=V1 -> V0}
{a=L0[], f=V0 -> V0, g=(V0 -> L1[]) -> L2[], h=V1 -> V0}
{a=L0[], f=V0 -> V0, g=(V0 -> V0) -> L1[], h=V1 -> V0}
{a=L0[], f=V0 -> V0, g=(V0 -> V1) -> L1[], h=V1 -> V0}
{a=L0[], f=V1 -> V0, g=(L1[] -> L2[]) -> L3[], h=(V0 -> L3[]) -> V0}
{a=L0[], f=V1 -> V0, g=(L1[] -> L2[]) -> L3[], h=(V0 -> V1) -> V0}
{a=L0[], f=V1 -> V0, g=(L1[] -> L2[]) -> L3[], h=(V1 -> L3[]) -> V0}
{a=L0[], f=V1 -> V0, g=(L1[] -> L2[]) -> L3[], h=(V1 -> V0) -> V0}
{a=L0[], f=V1 -> V0, g=(L1[] -> L2[]) -> L3[], h=(V1 -> V2) -> V0}
{a=L0[], f=V1 -> V0, g=(L1[] -> V0) -> L2[], h=(V0 -> L2[]) -> V0}
{a=L0[], f=V1 -> V0, g=(L1[] -> V0) -> L2[], h=(V0 -> V1) -> V0}
{a=L0[], f=V1 -> V0, g=(L1[] -> V0) -> L2[], h=(V1 -> L2[]) -> V0}
{a=L0[], f=V1 -> V0, g=(L1[] -> V0) -> L2[], h=(V1 -> V0) -> V0}
{a=L0[], f=V1 -> V0, g=(L1[] -> V0) -> L2[], h=(V1 -> V2) -> V0}
{a=L0[], f=V1 -> V0, g=(V0 -> L1[]) -> L2[], h=(V0 -> L2[]) -> V0}
{a=L0[], f=V1 -> V0, g=(V0 -> L1[]) -> L2[], h=(V0 -> V1) -> V0}
{a=L0[], f=V1 -> V0, g=(V0 -> L1[]) -> L2[], h=(V1 -> L2[]) -> V0}
{a=L0[], f=V1 -> V0, g=(V0 -> L1[]) -> L2[], h=(V1 -> V0) -> V0}
{a=L0[], f=V1 -> V0, g=(V0 -> L1[]) -> L2[], h=(V1 -> V2) -> V0}
{a=L0[], f=V1 -> V0, g=(V0 -> V0) -> L1[], h=(V0 -> L1[]) -> V0}
{a=L0[], f=V1 -> V0, g=(V0 -> V0) -> L1[], h=(V0 -> V1) -> V0}
{a=L0[], f=V1 -> V0, g=(V0 -> V0) -> L1[], h=(V1 -> L1[]) -> V0}
{a=L0[], f=V1 -> V0, g=(V0 -> V0) -> L1[], h=(V1 -> V0) -> V0}
{a=L0[], f=V1 -> V0, g=(V0 -> V0) -> L1[], h=(V1 -> V2) -> V0}
{a=L0[], f=V1 -> V0, g=(V0 -> V1) -> L1[], h=(V0 -> L1[]) -> V0}
{a=L0[], f=V1 -> V0, g=(V0 -> V1) -> L1[], h=(V0 -> V1) -> V0}
{a=L0[], f=V1 -> V0, g=(V0 -> V1) -> L1[], h=(V1 -> L1[]) -> V0}
{a=L0[], f=V1 -> V0, g=(V0 -> V1) -> L1[], h=(V1 -> V0) -> V0}
{a=L0[], f=V1 -> V0, g=(V0 -> V1) -> L1[], h=(V1 -> V2) -> V0}
{a=L0[], f=V1 -> V0, g=(L1[] -> L2[]) -> L3[], h=V0 -> V0}
{a=L0[], f=V1 -> V0, g=(L1[] -> V0) -> L2[], h=V0 -> V0}
{a=L0[], f=V1 -> V0, g=(V0 -> L1[]) -> L2[], h=V0 -> V0}
{a=L0[], f=V1 -> V0, g=(V0 -> V0) -> L1[], h=V0 -> V0}
{a=L0[], f=V1 -> V0, g=(V0 -> V1) -> L1[], h=V0 -> V0}
{a=L0[], f=V1 -> V0, g=(L1[] -> L2[]) -> L3[], h=V1 -> V0}
{a=L0[], f=V1 -> V0, g=(L1[] -> V0) -> L2[], h=V1 -> V0}
{a=L0[], f=V1 -> V0, g=(V0 -> L1[]) -> L2[], h=V1 -> V0}
{a=L0[], f=V1 -> V0, g=(V0 -> V0) -> L1[], h=V1 -> V0}
{a=L0[], f=V1 -> V0, g=(V0 -> V1) -> L1[], h=V1 -> V0}
{a=L0[], f=L0[] -> V0, g=(L0[] -> L1[]) -> V0, h=(V0 -> L2[]) -> L3[]}
{a=L0[], f=L0[] -> V0, g=(L0[] -> L1[]) -> V0, h=(V0 -> V0) -> L2[]}
{a=L0[], f=L0[] -> V0, g=(L0[] -> L1[]) -> V0, h=(V0 -> V1) -> L2[]}
{a=L0[], f=L0[] -> V0, g=(L0[] -> V0) -> V0, h=(V0 -> L1[]) -> L2[]}
{a=L0[], f=L0[] -> V0, g=(L0[] -> V0) -> V0, h=(V0 -> V1) -> L1[]}
{a=L0[], f=L0[] -> V0, g=(L0[] -> V1) -> V0, h=(V0 -> L1[]) -> L2[]}
{a=L0[], f=L0[] -> V0, g=(L0[] -> V1) -> V0, h=(V0 -> V0) -> L1[]}
{a=L0[], f=L0[] -> V0, g=(L0[] -> V1) -> V0, h=(V0 -> V1) -> L1[]}
{a=L0[], f=L0[] -> V0, g=(V0 -> L1[]) -> V0, h=(V0 -> L2[]) -> L3[]}
{a=L0[], f=L0[] -> V0, g=(V0 -> L1[]) -> V0, h=(V0 -> V1) -> L2[]}
{a=L0[], f=L0[] -> V0, g=(V0 -> V0) -> V0, h=(V0 -> L1[]) -> L2[]}
{a=L0[], f=L0[] -> V0, g=(V0 -> V0) -> V0, h=(V0 -> V1) -> L1[]}
{a=L0[], f=L0[] -> V0, g=(V0 -> V1) -> V0, h=(V0 -> L1[]) -> L2[]}
{a=L0[], f=L0[] -> V0, g=(V0 -> V1) -> V0, h=(V0 -> V1) -> L1[]}
{a=L0[], f=L0[] -> V0, g=(V1 -> L1[]) -> V0, h=(V0 -> L2[]) -> L3[]}
{a=L0[], f=L0[] -> V0, g=(V1 -> L1[]) -> V0, h=(V0 -> V0) -> L2[]}
{a=L0[], f=L0[] -> V0, g=(V1 -> L1[]) -> V0, h=(V0 -> V1) -> L2[]}
{a=L0[], f=L0[] -> V0, g=(V1 -> V0) -> V0, h=(V0 -> L1[]) -> L2[]}
{a=L0[], f=L0[] -> V0, g=(V1 -> V0) -> V0, h=(V0 -> V1) -> L1[]}
{a=L0[], f=L0[] -> V0, g=(V1 -> V1) -> V0, h=(V0 -> L1[]) -> L2[]}
{a=L0[], f=L0[] -> V0, g=(V1 -> V1) -> V0, h=(V0 -> V0) -> L1[]}
{a=L0[], f=L0[] -> V0, g=(V1 -> V1) -> V0, h=(V0 -> V1) -> L1[]}
{a=L0[], f=L0[] -> V0, g=(V1 -> V2) -> V0, h=(V0 -> L1[]) -> L2[]}
{a=L0[], f=L0[] -> V0, g=(V1 -> V2) -> V0, h=(V0 -> V0) -> L1[]}
{a=L0[], f=L0[] -> V0, g=(V1 -> V2) -> V0, h=(V0 -> V1) -> L1[]}
{a=L0[], f=L0[] -> V0, g=(L0[] -> L1[]) -> V0, h=V0 -> L2[]}
{a=L0[], f=L0[] -> V0, g=(L0[] -> V0) -> V0, h=V0 -> L1[]}
{a=L0[], f=L0[] -> V0, g=(L0[] -> V1) -> V0, h=V0 -> L1[]}
{a=L0[], f=L0[] -> V0, g=(V0 -> L1[]) -> V0, h=V0 -> L2[]}
{a=L0[], f=L0[] -> V0, g=(V0 -> V0) -> V0, h=V0 -> L1[]}
{a=L0[], f=L0[] -> V0, g=(V0 -> V1) -> V0, h=V0 -> L1[]}
{a=L0[], f=L0[] -> V0, g=(V1 -> L1[]) -> V0, h=V0 -> L2[]}
{a=L0[], f=L0[] -> V0, g=(V1 -> V0) -> V0, h=V0 -> L1[]}
{a=L0[], f=L0[] -> V0, g=(V1 -> V1) -> V0, h=V0 -> L1[]}
{a=L0[], f=L0[] -> V0, g=(V1 -> V2) -> V0, h=V0 -> L1[]}
{a=L0[], f=V0 -> V0, g=(L1[] -> L2[]) -> V0, h=(V0 -> L3[]) -> L4[]}
{a=L0[], f=V0 -> V0, g=(L1[] -> L2[]) -> V0, h=(V0 -> V0) -> L3[]}
{a=L0[], f=V0 -> V0, g=(L1[] -> L2[]) -> V0, h=(V0 -> V1) -> L3[]}
{a=L0[], f=V0 -> V0, g=(L1[] -> V0) -> V0, h=(V0 -> L2[]) -> L3[]}
{a=L0[], f=V0 -> V0, g=(L1[] -> V0) -> V0, h=(V0 -> V1) -> L2[]}
{a=L0[], f=V0 -> V0, g=(L1[] -> V1) -> V0, h=(V0 -> L2[]) -> L3[]}
{a=L0[], f=V0 -> V0, g=(L1[] -> V1) -> V0, h=(V0 -> V0) -> L2[]}
{a=L0[], f=V0 -> V0, g=(L1[] -> V1) -> V0, h=(V0 -> V1) -> L2[]}
{a=L0[], f=V0 -> V0, g=(V0 -> L1[]) -> V0, h=(V0 -> L2[]) -> L3[]}
{a=L0[], f=V0 -> V0, g=(V0 -> L1[]) -> V0, h=(V0 -> V1) -> L2[]}
{a=L0[], f=V0 -> V0, g=(V0 -> V0) -> V0, h=(V0 -> L1[]) -> L2[]}
{a=L0[], f=V0 -> V0, g=(V0 -> V0) -> V0, h=(V0 -> V1) -> L1[]}
{a=L0[], f=V0 -> V0, g=(V0 -> V1) -> V0, h=(V0 -> L1[]) -> L2[]}
{a=L0[], f=V0 -> V0, g=(V0 -> V1) -> V0, h=(V0 -> V1) -> L1[]}
{a=L0[], f=V0 -> V0, g=(V1 -> L1[]) -> V0, h=(V0 -> L2[]) -> L3[]}
{a=L0[], f=V0 -> V0, g=(V1 -> L1[]) -> V0, h=(V0 -> V0) -> L2[]}
{a=L0[], f=V0 -> V0, g=(V1 -> L1[]) -> V0, h=(V0 -> V1) -> L2[]}
{a=L0[], f=V0 -> V0, g=(V1 -> V0) -> V0, h=(V0 -> L1[]) -> L2[]}
{a=L0[], f=V0 -> V0, g=(V1 -> V0) -> V0, h=(V0 -> V1) -> L1[]}
{a=L0[], f=V0 -> V0, g=(V1 -> V1) -> V0, h=(V0 -> L1[]) -> L2[]}
{a=L0[], f=V0 -> V0, g=(V1 -> V1) -> V0, h=(V0 -> V0) -> L1[]}
{a=L0[], f=V0 -> V0, g=(V1 -> V1) -> V0, h=(V0 -> V1) -> L1[]}
{a=L0[], f=V0 -> V0, g=(V1 -> V2) -> V0, h=(V0 -> L1[]) -> L2[]}
{a=L0[], f=V0 -> V0, g=(V1 -> V2) -> V0, h=(V0 -> V0) -> L1[]}
{a=L0[], f=V0 -> V0, g=(V1 -> V2) -> V0, h=(V0 -> V1) -> L1[]}
{a=L0[], f=V0 -> V0, g=(L1[] -> L2[]) -> V0, h=V0 -> L3[]}
{a=L0[], f=V0 -> V0, g=(L1[] -> V0) -> V0, h=V0 -> L2[]}
{a=L0[], f=V0 -> V0, g=(L1[] -> V1) -> V0, h=V0 -> L2[]}
{a=L0[], f=V0 -> V0, g=(V0 -> L1[]) -> V0, h=V0 -> L2[]}
{a=L0[], f=V0 -> V0, g=(V0 -> V0) -> V0, h=V0 -> L1[]}
{a=L0[], f=V0 -> V0, g=(V0 -> V1) -> V0, h=V0 -> L1[]}
{a=L0[], f=V0 -> V0, g=(V1 -> L1[]) -> V0, h=V0 -> L2[]}
{a=L0[], f=V0 -> V0, g=(V1 -> V0) -> V0, h=V0 -> L1[]}
{a=L0[], f=V0 -> V0, g=(V1 -> V1) -> V0, h=V0 -> L1[]}
{a=L0[], f=V0 -> V0, g=(V1 -> V2) -> V0, h=V0 -> L1[]}
{a=L0[], f=V1 -> V0, g=(L1[] -> L2[]) -> V0, h=(V0 -> L3[]) -> L4[]}
{a=L0[], f=V1 -> V0, g=(L1[] -> L2[]) -> V0, h=(V0 -> V0) -> L3[]}
{a=L0[], f=V1 -> V0, g=(L1[] -> L2[]) -> V0, h=(V0 -> V1) -> L3[]}
{a=L0[], f=V1 -> V0, g=(L1[] -> V0) -> V0, h=(V0 -> L2[]) -> L3[]}
{a=L0[], f=V1 -> V0, g=(L1[] -> V0) -> V0, h=(V0 -> V1) -> L2[]}
{a=L0[], f=V1 -> V0, g=(L1[] -> V1) -> V0, h=(V0 -> L2[]) -> L3[]}
{a=L0[], f=V1 -> V0, g=(L1[] -> V1) -> V0, h=(V0 -> V0) -> L2[]}
{a=L0[], f=V1 -> V0, g=(L1[] -> V1) -> V0, h=(V0 -> V1) -> L2[]}
{a=L0[], f=V1 -> V0, g=(V0 -> L1[]) -> V0, h=(V0 -> L2[]) -> L3[]}
{a=L0[], f=V1 -> V0, g=(V0 -> L1[]) -> V0, h=(V0 -> V1) -> L2[]}
{a=L0[], f=V1 -> V0, g=(V0 -> V0) -> V0, h=(V0 -> L1[]) -> L2[]}
{a=L0[], f=V1 -> V0, g=(V0 -> V0) -> V0, h=(V0 -> V1) -> L1[]}
{a=L0[], f=V1 -> V0, g=(V0 -> V1) -> V0, h=(V0 -> L1[]) -> L2[]}
{a=L0[], f=V1 -> V0, g=(V0 -> V1) -> V0, h=(V0 -> V1) -> L1[]}
{a=L0[], f=V1 -> V0, g=(V1 -> L1[]) -> V0, h=(V0 -> L2[]) -> L3[]}
{a=L0[], f=V1 -> V0, g=(V1 -> L1[]) -> V0, h=(V0 -> V0) -> L2[]}
{a=L0[], f=V1 -> V0, g=(V1 -> L1[]) -> V0, h=(V0 -> V1) -> L2[]}
{a=L0[], f=V1 -> V0, g=(V1 -> V0) -> V0, h=(V0 -> L1[]) -> L2[]}
{a=L0[], f=V1 -> V0, g=(V1 -> V0) -> V0, h=(V0 -> V1) -> L1[]}
{a=L0[], f=V1 -> V0, g=(V1 -> V1) -> V0, h=(V0 -> L1[]) -> L2[]}
{a=L0[], f=V1 -> V0, g=(V1 -> V1) -> V0, h=(V0 -> V0) -> L1[]}
{a=L0[], f=V1 -> V0, g=(V1 -> V1) -> V0, h=(V0 -> V1) -> L1[]}
{a=L0[], f=V1 -> V0, g=(V1 -> V2) -> V0, h=(V0 -> L1[]) -> L2[]}
{a=L0[], f=V1 -> V0, g=(V1 -> V2) -> V0, h=(V0 -> V0) -> L1[]}
{a=L0[], f=V1 -> V0, g=(V1 -> V2) -> V0, h=(V0 -> V1) -> L1[]}
{a=L0[], f=V1 -> V0, g=(L1[] -> L2[]) -> V0, h=V0 -> L3[]}
{a=L0[], f=V1 -> V0, g=(L1[] -> V0) -> V0, h=V0 -> L2[]}
{a=L0[], f=V1 -> V0, g=(L1[] -> V1) -> V0, h=V0 -> L2[]}
{a=L0[], f=V1 -> V0, g=(V0 -> L1[]) -> V0, h=V0 -> L2[]}
{a=L0[], f=V1 -> V0, g=(V0 -> V0) -> V0, h=V0 -> L1[]}
{a=L0[], f=V1 -> V0, g=(V0 -> V1) -> V0, h=V0 -> L1[]}
{a=L0[], f=V1 -> V0, g=(V1 -> L1[]) -> V0, h=V0 -> L2[]}
{a=L0[], f=V1 -> V0, g=(V1 -> V0) -> V0, h=V0 -> L1[]}
{a=L0[], f=V1 -> V0, g=(V1 -> V1) -> V0, h=V0 -> L1[]}
{a=L0[], f=V1 -> V0, g=(V1 -> V2) -> V0, h=V0 -> L1[]}
{a=L0[], f=L0[] -> V0, g=(L0[] -> L1[]) -> V0, h=(V0 -> L2[]) -> V0}
{a=L0[], f=L0[] -> V0, g=(L0[] -> L1[]) -> V0, h=(V0 -> V0) -> V0}
{a=L0[], f=L0[] -> V0, g=(L0[] -> L1[]) -> V0, h=(V0 -> V1) -> V0}
{a=L0[], f=L0[] -> V0, g=(L0[] -> L1[]) -> V0, h=(V1 -> L2[]) -> V0}
{a=L0[], f=L0[] -> V0, g=(L0[] -> L1[]) -> V0, h=(V1 -> V0) -> V0}
{a=L0[], f=L0[] -> V0, g=(L0[] -> L1[]) -> V0, h=(V1 -> V1) -> V0}
{a=L0[], f=L0[] -> V0, g=(L0[] -> L1[]) -> V0, h=(V1 -> V2) -> V0}
{a=L0[], f=L0[] -> V0, g=(L0[] -> V0) -> V0, h=(V0 -> L1[]) -> V0}
{a=L0[], f=L0[] -> V0, g=(L0[] -> V0) -> V0, h=(V0 -> V1) -> V0}
{a=L0[], f=L0[] -> V0, g=(L0[] -> V0) -> V0, h=(V1 -> L1[]) -> V0}
{a=L0[], f=L0[] -> V0, g=(L0[] -> V0) -> V0, h=(V1 -> V0) -> V0}
{a=L0[], f=L0[] -> V0, g=(L0[] -> V0) -> V0, h=(V1 -> V2) -> V0}
{a=L0[], f=L0[] -> V0, g=(L0[] -> V1) -> V0, h=(V0 -> L1[]) -> V0}
{a=L0[], f=L0[] -> V0, g=(L0[] -> V1) -> V0, h=(V0 -> V0) -> V0}
{a=L0[], f=L0[] -> V0, g=(L0[] -> V1) -> V0, h=(V0 -> V1) -> V0}
{a=L0[], f=L0[] -> V0, g=(L0[] -> V1) -> V0, h=(V1 -> L1[]) -> V0}
{a=L0[], f=L0[] -> V0, g=(L0[] -> V1) -> V0, h=(V1 -> V0) -> V0}
{a=L0[], f=L0[] -> V0, g=(L0[] -> V1) -> V0, h=(V1 -> V1) -> V0}
{a=L0[], f=L0[] -> V0, g=(L0[] -> V1) -> V0, h=(V1 -> V2) -> V0}
{a=L0[], f=L0[] -> V0, g=(V0 -> L1[]) -> V0, h=(V0 -> L2[]) -> V0}
{a=L0[], f=L0[] -> V0, g=(V0 -> L1[]) -> V0, h=(V0 -> V1) -> V0}
{a=L0[], f=L0[] -> V0, g=(V0 -> L1[]) -> V0, h=(V1 -> L2[]) -> V0}
{a=L0[], f=L0[] -> V0, g=(V0 -> L1[]) -> V0, h=(V1 -> V0) -> V0}
{a=L0[], f=L0[] -> V0, g=(V0 -> L1[]) -> V0, h=(V1 -> V2) -> V0}
{a=L0[], f=L0[] -> V0, g=(V0 -> V0) -> V0, h=(V0 -> L1[]) -> V0}
{a=L0[], f=L0[] -> V0, g=(V0 -> V0) -> V0, h=(V0 -> V1) -> V0}
{a=L0[], f=L0[] -> V0, g=(V0 -> V0) -> V0, h=(V1 -> L1[]) -> V0}
{a=L0[], f=L0[] -> V0, g=(V0 -> V0) -> V0, h=(V1 -> V0) -> V0}
{a=L0[], f=L0[] -> V0, g=(V0 -> V0) -> V0, h=(V1 -> V2) -> V0}
{a=L0[], f=L0[] -> V0, g=(V0 -> V1) -> V0, h=(V0 -> L1[]) -> V0}
{a=L0[], f=L0[] -> V0, g=(V0 -> V1) -> V0, h=(V0 -> V1) -> V0}
{a=L0[], f=L0[] -> V0, g=(V0 -> V1) -> V0, h=(V1 -> L1[]) -> V0}
{a=L0[], f=L0[] -> V0, g=(V0 -> V1) -> V0, h=(V1 -> V0) -> V0}
{a=L0[], f=L0[] -> V0, g=(V0 -> V1) -> V0, h=(V1 -> V2) -> V0}
{a=L0[], f=L0[] -> V0, g=(V1 -> L1[]) -> V0, h=(V0 -> L2[]) -> V0}
{a=L0[], f=L0[] -> V0, g=(V1 -> L1[]) -> V0, h=(V0 -> V0) -> V0}
{a=L0[], f=L0[] -> V0, g=(V1 -> L1[]) -> V0, h=(V0 -> V1) -> V0}
{a=L0[], f=L0[] -> V0, g=(V1 -> L1[]) -> V0, h=(V1 -> L2[]) -> V0}
{a=L0[], f=L0[] -> V0, g=(V1 -> L1[]) -> V0, h=(V1 -> V0) -> V0}
{a=L0[], f=L0[] -> V0, g=(V1 -> L1[]) -> V0, h=(V1 -> V1) -> V0}
{a=L0[], f=L0[] -> V0, g=(V1 -> L1[]) -> V0, h=(V1 -> V2) -> V0}
{a=L0[], f=L0[] -> V0, g=(V1 -> V0) -> V0, h=(V0 -> L1[]) -> V0}
{a=L0[], f=L0[] -> V0, g=(V1 -> V0) -> V0, h=(V0 -> V1) -> V0}
{a=L0[], f=L0[] -> V0, g=(V1 -> V0) -> V0, h=(V1 -> L1[]) -> V0}
{a=L0[], f=L0[] -> V0, g=(V1 -> V0) -> V0, h=(V1 -> V0) -> V0}
{a=L0[], f=L0[] -> V0, g=(V1 -> V0) -> V0, h=(V1 -> V2) -> V0}
{a=L0[], f=L0[] -> V0, g=(V1 -> V1) -> V0, h=(V0 -> L1[]) -> V0}
{a=L0[], f=L0[] -> V0, g=(V1 -> V1) -> V0, h=(V0 -> V0) -> V0}
{a=L0[], f=L0[] -> V0, g=(V1 -> V1) -> V0, h=(V0 -> V1) -> V0}
{a=L0[], f=L0[] -> V0, g=(V1 -> V1) -> V0, h=(V1 -> L1[]) -> V0}
{a=L0[], f=L0[] -> V0, g=(V1 -> V1) -> V0, h=(V1 -> V0) -> V0}
{a=L0[], f=L0[] -> V0, g=(V1 -> V1) -> V0, h=(V1 -> V1) -> V0}
{a=L0[], f=L0[] -> V0, g=(V1 -> V1) -> V0, h=(V1 -> V2) -> V0}
{a=L0[], f=L0[] -> V0, g=(V1 -> V2) -> V0, h=(V0 -> L1[]) -> V0}
{a=L0[], f=L0[] -> V0, g=(V1 -> V2) -> V0, h=(V0 -> V0) -> V0}
{a=L0[], f=L0[] -> V0, g=(V1 -> V2) -> V0, h=(V0 -> V1) -> V0}
{a=L0[], f=L0[] -> V0, g=(V1 -> V2) -> V0, h=(V1 -> L1[]) -> V0}
{a=L0[], f=L0[] -> V0, g=(V1 -> V2) -> V0, h=(V1 -> V0) -> V0}
{a=L0[], f=L0[] -> V0, g=(V1 -> V2) -> V0, h=(V1 -> V1) -> V0}
{a=L0[], f=L0[] -> V0, g=(V1 -> V2) -> V0, h=(V1 -> V2) -> V0}
{a=L0[], f=L0[] -> V0, g=(L0[] -> L1[]) -> V0, h=V0 -> V0}
{a=L0[], f=L0[] -> V0, g=(L0[] -> V0) -> V0, h=V0 -> V0}
{a=L0[], f=L0[] -> V0, g=(L0[] -> V1) -> V0, h=V0 -> V0}
{a=L0[], f=L0[] -> V0, g=(V0 -> L1[]) -> V0, h=V0 -> V0}
{a=L0[], f=L0[] -> V0, g=(V0 -> V0) -> V0, h=V0 -> V0}
{a=L0[], f=L0[] -> V0, g=(V0 -> V1) -> V0, h=V0 -> V0}
{a=L0[], f=L0[] -> V0, g=(V1 -> L1[]) -> V0, h=V0 -> V0}
{a=L0[], f=L0[] -> V0, g=(V1 -> V0) -> V0, h=V0 -> V0}
{a=L0[], f=L0[] -> V0, g=(V1 -> V1) -> V0, h=V0 -> V0}
{a=L0[], f=L0[] -> V0, g=(V1 -> V2) -> V0, h=V0 -> V0}
{a=L0[], f=L0[] -> V0, g=(L0[] -> L1[]) -> V0, h=V1 -> V0}
{a=L0[], f=L0[] -> V0, g=(L0[] -> V0) -> V0, h=V1 -> V0}
{a=L0[], f=L0[] -> V0, g=(L0[] -> V1) -> V0, h=V1 -> V0}
{a=L0[], f=L0[] -> V0, g=(V0 -> L1[]) -> V0, h=V1 -> V0}
{a=L0[], f=L0[] -> V0, g=(V0 -> V0) -> V0, h=V1 -> V0}
{a=L0[], f=L0[] -> V0, g=(V0 -> V1) -> V0, h=V1 -> V0}
{a=L0[], f=L0[] -> V0, g=(V1 -> L1[]) -> V0, h=V1 -> V0}
{a=L0[], f=L0[] -> V0, g=(V1 -> V0) -> V0, h=V1 -> V0}
{a=L0[], f=L0[] -> V0, g=(V1 -> V1) -> V0, h=V1 -> V0}
{a=L0[], f=L0[] -> V0, g=(V1 -> V2) -> V0, h=V1 -> V0}
{a=L0[], f=V0 -> V0, g=(L1[] -> L2[]) -> V0, h=(V0 -> L3[]) -> V0}
{a=L0[], f=V0 -> V0, g=(L1[] -> L2[]) -> V0, h=(V0 -> V0) -> V0}
{a=L0[], f=V0 -> V0, g=(L1[] -> L2[]) -> V0, h=(V0 -> V1) -> V0}
{a=L0[], f=V0 -> V0, g=(L1[] -> L2[]) -> V0, h=(V1 -> L3[]) -> V0}
{a=L0[], f=V0 -> V0, g=(L1[] -> L2[]) -> V0, h=(V1 -> V0) -> V0}
{a=L0[], f=V0 -> V0, g=(L1[] -> L2[]) -> V0, h=(V1 -> V1) -> V0}
{a=L0[], f=V0 -> V0, g=(L1[] -> L2[]) -> V0, h=(V1 -> V2) -> V0}
{a=L0[], f=V0 -> V0, g=(L1[] -> V0) -> V0, h=(V0 -> L2[]) -> V0}
{a=L0[], f=V0 -> V0, g=(L1[] -> V0) -> V0, h=(V0 -> V1) -> V0}
{a=L0[], f=V0 -> V0, g=(L1[] -> V0) -> V0, h=(V1 -> L2[]) -> V0}
{a=L0[], f=V0 -> V0, g=(L1[] -> V0) -> V0, h=(V1 -> V0) -> V0}
{a=L0[], f=V0 -> V0, g=(L1[] -> V0) -> V0, h=(V1 -> V2) -> V0}
{a=L0[], f=V0 -> V0, g=(L1[] -> V1) -> V0, h=(V0 -> L2[]) -> V0}
{a=L0[], f=V0 -> V0, g=(L1[] -> V1) -> V0, h=(V0 -> V0) -> V0}
{a=L0[], f=V0 -> V0, g=(L1[] -> V1) -> V0, h=(V0 -> V1) -> V0}
{a=L0[], f=V0 -> V0, g=(L1[] -> V1) -> V0, h=(V1 -> L2[]) -> V0}
{a=L0[], f=V0 -> V0, g=(L1[] -> V1) -> V0, h=(V1 -> V0) -> V0}
{a=L0[], f=V0 -> V0, g=(L1[] -> V1) -> V0, h=(V1 -> V1) -> V0}
{a=L0[], f=V0 -> V0, g=(L1[] -> V1) -> V0, h=(V1 -> V2) -> V0}
{a=L0[], f=V0 -> V0, g=(V0 -> L1[]) -> V0, h=(V0 -> L2[]) -> V0}
{a=L0[], f=V0 -> V0, g=(V0 -> L1[]) -> V0, h=(V0 -> V1) -> V0}
{a=L0[], f=V0 -> V0, g=(V0 -> L1[]) -> V0, h=(V1 -> L2[]) -> V0}
{a=L0[], f=V0 -> V0, g=(V0 -> L1[]) -> V0, h=(V1 -> V0) -> V0}
{a=L0[], f=V0 -> V0, g=(V0 -> L1[]) -> V0, h=(V1 -> V2) -> V0}
{a=L0[], f=V0 -> V0, g=(V0 -> V0) -> V0, h=(V0 -> L1[]) -> V0}
{a=L0[], f=V0 -> V0, g=(V0 -> V0) -> V0, h=(V0 -> V1) -> V0}
{a=L0[], f=V0 -> V0, g=(V0 -> V0) -> V0, h=(V1 -> L1[]) -> V0}
{a=L0[], f=V0 -> V0, g=(V0 -> V0) -> V0, h=(V1 -> V0) -> V0}
{a=L0[], f=V0 -> V0, g=(V0 -> V0) -> V0, h=(V1 -> V2) -> V0}
{a=L0[], f=V0 -> V0, g=(V0 -> V1) -> V0, h=(V0 -> L1[]) -> V0}
{a=L0[], f=V0 -> V0, g=(V0 -> V1) -> V0, h=(V0 -> V1) -> V0}
{a=L0[], f=V0 -> V0, g=(V0 -> V1) -> V0, h=(V1 -> L1[]) -> V0}
{a=L0[], f=V0 -> V0, g=(V0 -> V1) -> V0, h=(V1 -> V0) -> V0}
{a=L0[], f=V0 -> V0, g=(V0 -> V1) -> V0, h=(V1 -> V2) -> V0}
{a=L0[], f=V0 -> V0, g=(V1 -> L1[]) -> V0, h=(V0 -> L2[]) -> V0}
{a=L0[], f=V0 -> V0, g=(V1 -> L1[]) -> V0, h=(V0 -> V0) -> V0}
{a=L0[], f=V0 -> V0, g=(V1 -> L1[]) -> V0, h=(V0 -> V1) -> V0}
{a=L0[], f=V0 -> V0, g=(V1 -> L1[]) -> V0, h=(V1 -> L2[]) -> V0}
{a=L0[], f=V0 -> V0, g=(V1 -> L1[]) -> V0, h=(V1 -> V0) -> V0}
{a=L0[], f=V0 -> V0, g=(V1 -> L1[]) -> V0, h=(V1 -> V1) -> V0}
{a=L0[], f=V0 -> V0, g=(V1 -> L1[]) -> V0, h=(V1 -> V2) -> V0}
{a=L0[], f=V0 -> V0, g=(V1 -> V0) -> V0, h=(V0 -> L1[]) -> V0}
{a=L0[], f=V0 -> V0, g=(V1 -> V0) -> V0, h=(V0 -> V1) -> V0}
{a=L0[], f=V0 -> V0, g=(V1 -> V0) -> V0, h=(V1 -> L1[]) -> V0}
{a=L0[], f=V0 -> V0, g=(V1 -> V0) -> V0, h=(V1 -> V0) -> V0}
{a=L0[], f=V0 -> V0, g=(V1 -> V0) -> V0, h=(V1 -> V2) -> V0}
{a=L0[], f=V0 -> V0, g=(V1 -> V1) -> V0, h=(V0 -> L1[]) -> V0}
{a=L0[], f=V0 -> V0, g=(V1 -> V1) -> V0, h=(V0 -> V0) -> V0}
{a=L0[], f=V0 -> V0, g=(V1 -> V1) -> V0, h=(V0 -> V1) -> V0}
{a=L0[], f=V0 -> V0, g=(V1 -> V1) -> V0, h=(V1 -> L1[]) -> V0}
{a=L0[], f=V0 -> V0, g=(V1 -> V1) -> V0, h=(V1 -> V0) -> V0}
{a=L0[], f=V0 -> V0, g=(V1 -> V1) -> V0, h=(V1 -> V1) -> V0}
{a=L0[], f=V0 -> V0, g=(V1 -> V1) -> V0, h=(V1 -> V2) -> V0}
{a=L0[], f=V0 -> V0, g=(V1 -> V2) -> V0, h=(V0 -> L1[]) -> V0}
{a=L0[], f=V0 -> V0, g=(V1 -> V2) -> V0, h=(V0 -> V0) -> V0}
{a=L0[], f=V0 -> V0, g=(V1 -> V2) -> V0, h=(V0 -> V1) -> V0}
{a=L0[], f=V0 -> V0, g=(V1 -> V2) -> V0, h=(V1 -> L1[]) -> V0}
{a=L0[], f=V0 -> V0, g=(V1 -> V2) -> V0, h=(V1 -> V0) -> V0}
{a=L0[], f=V0 -> V0, g=(V1 -> V2) -> V0, h=(V1 -> V1) -> V0}
{a=L0[], f=V0 -> V0, g=(V1 -> V2) -> V0, h=(V1 -> V2) -> V0}
{a=L0[], f=V0 -> V0, g=(L1[] -> L2[]) -> V0, h=V0 -> V0}
{a=L0[], f=V0 -> V0, g=(L1[] -> V0) -> V0, h=V0 -> V0}
{a=L0[], f=V0 -> V0, g=(L1[] -> V1) -> V0, h=V0 -> V0}
{a=L0[], f=V0 -> V0, g=(V0 -> L1[]) -> V0, h=V0 -> V0}
{a=L0[], f=V0 -> V0, g=(V0 -> V0) -> V0, h=V0 -> V0}
{a=L0[], f=V0 -> V0, g=(V0 -> V1) -> V0, h=V0 -> V0}
{a=L0[], f=V0 -> V0, g=(V1 -> L1[]) -> V0, h=V0 -> V0}
{a=L0[], f=V0 -> V0, g=(V1 -> V0) -> V0, h=V0 -> V0}
{a=L0[], f=V0 -> V0, g=(V1 -> V1) -> V0, h=V0 -> V0}
{a=L0[], f=V0 -> V0, g=(V1 -> V2) -> V0, h=V0 -> V0}
{a=L0[], f=V0 -> V0, g=(L1[] -> L2[]) -> V0, h=V1 -> V0}
{a=L0[], f=V0 -> V0, g=(L1[] -> V0) -> V0, h=V1 -> V0}
{a=L0[], f=V0 -> V0, g=(L1[] -> V1) -> V0, h=V1 -> V0}
{a=L0[], f=V0 -> V0, g=(V0 -> L1[]) -> V0, h=V1 -> V0}
{a=L0[], f=V0 -> V0, g=(V0 -> V0) -> V0, h=V1 -> V0}
{a=L0[], f=V0 -> V0, g=(V0 -> V1) -> V0, h=V1 -> V0}
{a=L0[], f=V0 -> V0, g=(V1 -> L1[]) -> V0, h=V1 -> V0}
{a=L0[], f=V0 -> V0, g=(V1 -> V0) -> V0, h=V1 -> V0}
{a=L0[], f=V0 -> V0, g=(V1 -> V1) -> V0, h=V1 -> V0}
{a=L0[], f=V0 -> V0, g=(V1 -> V2) -> V0, h=V1 -> V0}
{a=L0[], f=V1 -> V0, g=(L1[] -> L2[]) -> V0, h=(V0 -> L3[]) -> V0}
{a=L0[], f=V1 -> V0, g=(L1[] -> L2[]) -> V0, h=(V0 -> V0) -> V0}
{a=L0[], f=V1 -> V0, g=(L1[] -> L2[]) -> V0, h=(V0 -> V1) -> V0}
{a=L0[], f=V1 -> V0, g=(L1[] -> L2[]) -> V0, h=(V1 -> L3[]) -> V0}
{a=L0[], f=V1 -> V0, g=(L1[] -> L2[]) -> V0, h=(V1 -> V0) -> V0}
{a=L0[], f=V1 -> V0, g=(L1[] -> L2[]) -> V0, h=(V1 -> V1) -> V0}
{a=L0[], f=V1 -> V0, g=(L1[] -> L2[]) -> V0, h=(V1 -> V2) -> V0}
{a=L0[], f=V1 -> V0, g=(L1[] -> V0) -> V0, h=(V0 -> L2[]) -> V0}
{a=L0[], f=V1 -> V0, g=(L1[] -> V0) -> V0, h=(V0 -> V1) -> V0}
{a=L0[], f=V1 -> V0, g=(L1[] -> V0) -> V0, h=(V1 -> L2[]) -> V0}
{a=L0[], f=V1 -> V0, g=(L1[] -> V0) -> V0, h=(V1 -> V0) -> V0}
{a=L0[], f=V1 -> V0, g=(L1[] -> V0) -> V0, h=(V1 -> V2) -> V0}
{a=L0[], f=V1 -> V0, g=(L1[] -> V1) -> V0, h=(V0 -> L2[]) -> V0}
{a=L0[], f=V1 -> V0, g=(L1[] -> V1) -> V0, h=(V0 -> V0) -> V0}
{a=L0[], f=V1 -> V0, g=(L1[] -> V1) -> V0, h=(V0 -> V1) -> V0}
{a=L0[], f=V1 -> V0, g=(L1[] -> V1) -> V0, h=(V1 -> L2[]) -> V0}
{a=L0[], f=V1 -> V0, g=(L1[] -> V1) -> V0, h=(V1 -> V0) -> V0}
{a=L0[], f=V1 -> V0, g=(L1[] -> V1) -> V0, h=(V1 -> V1) -> V0}
{a=L0[], f=V1 -> V0, g=(L1[] -> V1) -> V0, h=(V1 -> V2) -> V0}
{a=L0[], f=V1 -> V0, g=(V0 -> L1[]) -> V0, h=(V0 -> L2[]) -> V0}
{a=L0[], f=V1 -> V0, g=(V0 -> L1[]) -> V0, h=(V0 -> V1) -> V0}
{a=L0[], f=V1 -> V0, g=(V0 -> L1[]) -> V0, h=(V1 -> L2[]) -> V0}
{a=L0[], f=V1 -> V0, g=(V0 -> L1[]) -> V0, h=(V1 -> V0) -> V0}
{a=L0[], f=V1 -> V0, g=(V0 -> L1[]) -> V0, h=(V1 -> V2) -> V0}
{a=L0[], f=V1 -> V0, g=(V0 -> V0) -> V0, h=(V0 -> L1[]) -> V0}
{a=L0[], f=V1 -> V0, g=(V0 -> V0) -> V0, h=(V0 -> V1) -> V0}
{a=L0[], f=V1 -> V0, g=(V0 -> V0) -> V0, h=(V1 -> L1[]) -> V0}
{a=L0[], f=V1 -> V0, g=(V0 -> V0) -> V0, h=(V1 -> V0) -> V0}
{a=L0[], f=V1 -> V0, g=(V0 -> V0) -> V0, h=(V1 -> V2) -> V0}
{a=L0[], f=V1 -> V0, g=(V0 -> V1) -> V0, h=(V0 -> L1[]) -> V0}
{a=L0[], f=V1 -> V0, g=(V0 -> V1) -> V0, h=(V0 -> V1) -> V0}
{a=L0[], f=V1 -> V0, g=(V0 -> V1) -> V0, h=(V1 -> L1[]) -> V0}
{a=L0[], f=V1 -> V0, g=(V0 -> V1) -> V0, h=(V1 -> V0) -> V0}
{a=L0[], f=V1 -> V0, g=(V0 -> V1) -> V0, h=(V1 -> V2) -> V0}
{a=L0[], f=V1 -> V0, g=(V1 -> L1[]) -> V0, h=(V0 -> L2[]) -> V0}
{a=L0[], f=V1 -> V0, g=(V1 -> L1[]) -> V0, h=(V0 -> V0) -> V0}
{a=L0[], f=V1 -> V0, g=(V1 -> L1[]) -> V0, h=(V0 -> V1) -> V0}
{a=L0[], f=V1 -> V0, g=(V1 -> L1[]) -> V0, h=(V1 -> L2[]) -> V0}
{a=L0[], f=V1 -> V0, g=(V1 -> L1[]) -> V0, h=(V1 -> V0) -> V0}
{a=L0[], f=V1 -> V0, g=(V1 -> L1[]) -> V0, h=(V1 -> V1) -> V0}
{a=L0[], f=V1 -> V0, g=(V1 -> L1[]) -> V0, h=(V1 -> V2) -> V0}
{a=L0[], f=V1 -> V0, g=(V1 -> V0) -> V0, h=(V0 -> L1[]) -> V0}
{a=L0[], f=V1 -> V0, g=(V1 -> V0) -> V0, h=(V0 -> V1) -> V0}
{a=L0[], f=V1 -> V0, g=(V1 -> V0) -> V0, h=(V1 -> L1[]) -> V0}
{a=L0[], f=V1 -> V0, g=(V1 -> V0) -> V0, h=(V1 -> V0) -> V0}
{a=L0[], f=V1 -> V0, g=(V1 -> V0) -> V0, h=(V1 -> V2) -> V0}
{a=L0[], f=V1 -> V0, g=(V1 -> V1) -> V0, h=(V0 -> L1[]) -> V0}
{a=L0[], f=V1 -> V0, g=(V1 -> V1) -> V0, h=(V0 -> V0) -> V0}
{a=L0[], f=V1 -> V0, g=(V1 -> V1) -> V0, h=(V0 -> V1) -> V0}
{a=L0[], f=V1 -> V0, g=(V1 -> V1) -> V0, h=(V1 -> L1[]) -> V0}
{a=L0[], f=V1 -> V0, g=(V1 -> V1) -> V0, h=(V1 -> V0) -> V0}
{a=L0[], f=V1 -> V0, g=(V1 -> V1) -> V0, h=(V1 -> V1) -> V0}
{a=L0[], f=V1 -> V0, g=(V1 -> V1) -> V0, h=(V1 -> V2) -> V0}
{a=L0[], f=V1 -> V0, g=(V1 -> V2) -> V0, h=(V0 -> L1[]) -> V0}
{a=L0[], f=V1 -> V0, g=(V1 -> V2) -> V0, h=(V0 -> V0) -> V0}
{a=L0[], f=V1 -> V0, g=(V1 -> V2) -> V0, h=(V0 -> V1) -> V0}
{a=L0[], f=V1 -> V0, g=(V1 -> V2) -> V0, h=(V1 -> L1[]) -> V0}
{a=L0[], f=V1 -> V0, g=(V1 -> V2) -> V0, h=(V1 -> V0) -> V0}
{a=L0[], f=V1 -> V0, g=(V1 -> V2) -> V0, h=(V1 -> V1) -> V0}
{a=L0[], f=V1 -> V0, g=(V1 -> V2) -> V0, h=(V1 -> V2) -> V0}
{a=L0[], f=V1 -> V0, g=(L1[] -> L2[]) -> V0, h=V0 -> V0}
{a=L0[], f=V1 -> V0, g=(L1[] -> V0) -> V0, h=V0 -> V0}
{a=L0[], f=V1 -> V0, g=(L1[] -> V1) -> V0, h=V0 -> V0}
{a=L0[], f=V1 -> V0, g=(V0 -> L1[]) -> V0, h=V0 -> V0}
{a=L0[], f=V1 -> V0, g=(V0 -> V0) -> V0, h=V0 -> V0}
{a=L0[], f=V1 -> V0, g=(V0 -> V1) -> V0, h=V0 -> V0}
{a=L0[], f=V1 -> V0, g=(V1 -> L1[]) -> V0, h=V0 -> V0}
{a=L0[], f=V1 -> V0, g=(V1 -> V0) -> V0, h=V0 -> V0}
{a=L0[], f=V1 -> V0, g=(V1 -> V1) -> V0, h=V0 -> V0}
{a=L0[], f=V1 -> V0, g=(V1 -> V2) -> V0, h=V0 -> V0}
{a=L0[], f=V1 -> V0, g=(L1[] -> L2[]) -> V0, h=V1 -> V0}
{a=L0[], f=V1 -> V0, g=(L1[] -> V0) -> V0, h=V1 -> V0}
{a=L0[], f=V1 -> V0, g=(L1[] -> V1) -> V0, h=V1 -> V0}
{a=L0[], f=V1 -> V0, g=(V0 -> L1[]) -> V0, h=V1 -> V0}
{a=L0[], f=V1 -> V0, g=(V0 -> V0) -> V0, h=V1 -> V0}
{a=L0[], f=V1 -> V0, g=(V0 -> V1) -> V0, h=V1 -> V0}
{a=L0[], f=V1 -> V0, g=(V1 -> L1[]) -> V0, h=V1 -> V0}
{a=L0[], f=V1 -> V0, g=(V1 -> V0) -> V0, h=V1 -> V0}
{a=L0[], f=V1 -> V0, g=(V1 -> V1) -> V0, h=V1 -> V0}
{a=L0[], f=V1 -> V0, g=(V1 -> V2) -> V0, h=V1 -> V0}
[14:40:45.646]	Max min size: 0
[14:40:45.646]	BEG Depth 1 concretizing [a, f, g, h]
[14:40:45.646]	BEG Size 0 concretizing [a, f, g, h]
[14:40:45.646]	Looking for counterexamples for potential solution {a=L0[], f=L0[] -> L1[], g=(L0[] -> L1[]) -> L2[], h=(V0 -> L2[]) -> L3[]}
[14:40:45.646]	Found no counterexamples
[14:40:45.646]	SOLUTION: {a=L0[], f=L0[] -> L1[], g=(L0[] -> L1[]) -> L2[], h=(V0 -> L2[]) -> L3[]}
[14:40:45.647]	END Size 0 concretizing [a, f, g, h] : 1 ms
[14:40:45.647]	Elapsed time: 52062 ms
[14:40:45.647]	END Depth 1 concretizing [a, f, g, h] : 1 ms
[14:40:45.647]	Elapsed time: 52062 ms
[14:40:45.647]	Counts:
Total candidates=1737
Solver call=821
Seeds=1
[14:40:45.647]	Total time: 52062 ms
