Dict
Running CVC: true
DFSPriority
Eager
Size bound: 20
Depth bound: 4
=====

[15:24:31.089970]	BEG Init search
[15:24:31.134533]	END Init search : 77 ms
[15:24:31.135103]	BEG Compile Init to Elab
[15:24:31.137589]	END Compile Init to Elab : 2 ms
[15:24:31.138086]	BEG Elab search
[15:24:31.178532]	END Elab search : 40 ms
[15:24:31.179352]	BEG Compile Elab to Concrete
[15:24:34.537503]	END Compile Elab to Concrete : 3358 ms
[15:24:34.538248]	BEG Concrete search
[15:24:34.538441]	BEG Depth 2
[15:24:34.538522]	BEG Size 1
[15:24:34.538616]	END Size 1 : 0 ms
[15:24:34.538720]	BEG Size 2
[15:24:34.538799]	END Size 2 : 0 ms
[15:24:34.538873]	BEG Size 3
[15:24:34.538949]	END Size 3 : 0 ms
[15:24:34.539020]	BEG Size 4
[15:24:34.702943]	Trying ff on 0: L0[], 1: L0[], Ebi: L2[☐10, ☐15], Eib: L2[☐20, ☐25], Eii: L2[☐30, ☐35], put: L2[L0[], L0[]] -> V0 -> V1 -> L2[L0[], L0[]], tr: L7[]
[15:24:34.707139]	Trying ff on 0: L0[], 1: L0[], Ebi: L2[☐10, ☐15], Eib: L2[☐20, ☐25], Eii: L2[☐30, ☐35], put: L2[L0[], L7[]] -> V0 -> V1 -> L2[L0[], L7[]], tr: L7[]
[15:24:34.711127]	Trying ff on 0: L0[], 1: L0[], Ebi: L2[☐10, ☐15], Eib: L2[☐20, ☐25], Eii: L2[☐30, ☐35], put: L2[L0[], V0] -> V0 -> V1 -> L2[L0[], V0], tr: L7[]
[15:24:34.713869]	Trying ff on 0: L0[], 1: L0[], Ebi: L2[☐10, ☐15], Eib: L2[☐20, ☐25], Eii: L2[☐30, ☐35], put: L2[L0[], V0] -> V0 -> V1 -> L2[V0, V0], tr: L7[]
[15:24:34.716655]	Trying ff on 0: L0[], 1: L0[], Ebi: L2[☐10, ☐15], Eib: L2[☐20, ☐25], Eii: L2[☐30, ☐35], put: L2[L0[], V1] -> V0 -> V1 -> L2[L0[], V1], tr: L7[]
[15:24:34.719342]	Trying ff on 0: L0[], 1: L0[], Ebi: L2[☐10, ☐15], Eib: L2[☐20, ☐25], Eii: L2[☐30, ☐35], put: L2[L0[], V1] -> V0 -> V1 -> L2[V1, V1], tr: L7[]
[15:24:34.722395]	Trying ff on 0: L0[], 1: L0[], Ebi: L2[☐10, ☐15], Eib: L2[☐20, ☐25], Eii: L2[☐30, ☐35], put: L2[L0[], V2] -> V0 -> V1 -> L2[L0[], L0[]], tr: L7[]
[15:24:34.723611]	Trying ff on 0: L0[], 1: L0[], Ebi: L2[☐10, ☐15], Eib: L2[☐20, ☐25], Eii: L2[☐30, ☐35], put: L2[L0[], V2] -> V0 -> V1 -> L2[L0[], L7[]], tr: L7[]
[15:24:34.724936]	Trying ff on 0: L0[], 1: L0[], Ebi: L2[☐10, ☐15], Eib: L2[☐20, ☐25], Eii: L2[☐30, ☐35], put: L2[L0[], V2] -> V0 -> V1 -> L2[L0[], V0], tr: L7[]
[15:24:34.726232]	Trying ff on 0: L0[], 1: L0[], Ebi: L2[☐10, ☐15], Eib: L2[☐20, ☐25], Eii: L2[☐30, ☐35], put: L2[L0[], V2] -> V0 -> V1 -> L2[L0[], V1], tr: L7[]
[15:24:34.727369]	Trying ff on 0: L0[], 1: L0[], Ebi: L2[☐10, ☐15], Eib: L2[☐20, ☐25], Eii: L2[☐30, ☐35], put: L2[L0[], V2] -> V0 -> V1 -> L2[L0[], V2], tr: L7[]
[15:24:34.729816]	Trying ff on 0: L0[], 1: L0[], Ebi: L2[☐10, ☐15], Eib: L2[☐20, ☐25], Eii: L2[☐30, ☐35], put: L2[L0[], V2] -> V0 -> V1 -> L2[V2, L0[]], tr: L7[]
[15:24:34.731635]	Trying ff on 0: L0[], 1: L0[], Ebi: L2[☐10, ☐15], Eib: L2[☐20, ☐25], Eii: L2[☐30, ☐35], put: L2[L0[], V2] -> V0 -> V1 -> L2[V2, L7[]], tr: L7[]
[15:24:34.733539]	Trying ff on 0: L0[], 1: L0[], Ebi: L2[☐10, ☐15], Eib: L2[☐20, ☐25], Eii: L2[☐30, ☐35], put: L2[L0[], V2] -> V0 -> V1 -> L2[V2, V0], tr: L7[]
[15:24:34.735525]	Trying ff on 0: L0[], 1: L0[], Ebi: L2[☐10, ☐15], Eib: L2[☐20, ☐25], Eii: L2[☐30, ☐35], put: L2[L0[], V2] -> V0 -> V1 -> L2[V2, V1], tr: L7[]
[15:24:34.739847]	Trying ff on 0: L0[], 1: L0[], Ebi: L2[☐10, ☐15], Eib: L2[☐20, ☐25], Eii: L2[☐30, ☐35], put: L2[L0[], V2] -> V0 -> V1 -> L2[V2, V2], tr: L7[]
[15:24:34.748230]	Trying ff on 0: L0[], 1: L0[], Ebi: L2[☐10, ☐15], Eib: L2[☐20, ☐25], Eii: L2[☐30, ☐35], put: L2[L7[], L0[]] -> V0 -> V1 -> L2[L7[], L0[]], tr: L7[]
[15:24:34.752013]	Trying ff on 0: L0[], 1: L0[], Ebi: L2[☐10, ☐15], Eib: L2[☐20, ☐25], Eii: L2[☐30, ☐35], put: L2[L7[], L7[]] -> V0 -> V1 -> L2[L7[], L7[]], tr: L7[]
[15:24:34.755530]	Trying ff on 0: L0[], 1: L0[], Ebi: L2[☐10, ☐15], Eib: L2[☐20, ☐25], Eii: L2[☐30, ☐35], put: L2[L7[], V0] -> V0 -> V1 -> L2[L7[], V0], tr: L7[]
[15:24:34.758251]	Trying ff on 0: L0[], 1: L0[], Ebi: L2[☐10, ☐15], Eib: L2[☐20, ☐25], Eii: L2[☐30, ☐35], put: L2[L7[], V0] -> V0 -> V1 -> L2[V0, V0], tr: L7[]
[15:24:34.760966]	Trying ff on 0: L0[], 1: L0[], Ebi: L2[☐10, ☐15], Eib: L2[☐20, ☐25], Eii: L2[☐30, ☐35], put: L2[L7[], V1] -> V0 -> V1 -> L2[L7[], V1], tr: L7[]
[15:24:34.764036]	Trying ff on 0: L0[], 1: L0[], Ebi: L2[☐10, ☐15], Eib: L2[☐20, ☐25], Eii: L2[☐30, ☐35], put: L2[L7[], V1] -> V0 -> V1 -> L2[V1, V1], tr: L7[]
[15:24:34.767180]	Trying ff on 0: L0[], 1: L0[], Ebi: L2[☐10, ☐15], Eib: L2[☐20, ☐25], Eii: L2[☐30, ☐35], put: L2[L7[], V2] -> V0 -> V1 -> L2[L7[], L0[]], tr: L7[]
[15:24:34.768464]	Trying ff on 0: L0[], 1: L0[], Ebi: L2[☐10, ☐15], Eib: L2[☐20, ☐25], Eii: L2[☐30, ☐35], put: L2[L7[], V2] -> V0 -> V1 -> L2[L7[], L7[]], tr: L7[]
[15:24:34.769617]	Trying ff on 0: L0[], 1: L0[], Ebi: L2[☐10, ☐15], Eib: L2[☐20, ☐25], Eii: L2[☐30, ☐35], put: L2[L7[], V2] -> V0 -> V1 -> L2[L7[], V0], tr: L7[]
[15:24:34.770750]	Trying ff on 0: L0[], 1: L0[], Ebi: L2[☐10, ☐15], Eib: L2[☐20, ☐25], Eii: L2[☐30, ☐35], put: L2[L7[], V2] -> V0 -> V1 -> L2[L7[], V1], tr: L7[]
[15:24:34.771819]	Trying ff on 0: L0[], 1: L0[], Ebi: L2[☐10, ☐15], Eib: L2[☐20, ☐25], Eii: L2[☐30, ☐35], put: L2[L7[], V2] -> V0 -> V1 -> L2[L7[], V2], tr: L7[]
[15:24:34.774352]	Trying ff on 0: L0[], 1: L0[], Ebi: L2[☐10, ☐15], Eib: L2[☐20, ☐25], Eii: L2[☐30, ☐35], put: L2[L7[], V2] -> V0 -> V1 -> L2[V2, L0[]], tr: L7[]
[15:24:34.776034]	Trying ff on 0: L0[], 1: L0[], Ebi: L2[☐10, ☐15], Eib: L2[☐20, ☐25], Eii: L2[☐30, ☐35], put: L2[L7[], V2] -> V0 -> V1 -> L2[V2, L7[]], tr: L7[]
[15:24:34.782204]	Trying ff on 0: L0[], 1: L0[], Ebi: L2[☐10, ☐15], Eib: L2[☐20, ☐25], Eii: L2[☐30, ☐35], put: L2[L7[], V2] -> V0 -> V1 -> L2[V2, V0], tr: L7[]
[15:24:34.784253]	Trying ff on 0: L0[], 1: L0[], Ebi: L2[☐10, ☐15], Eib: L2[☐20, ☐25], Eii: L2[☐30, ☐35], put: L2[L7[], V2] -> V0 -> V1 -> L2[V2, V1], tr: L7[]
[15:24:34.786184]	Trying ff on 0: L0[], 1: L0[], Ebi: L2[☐10, ☐15], Eib: L2[☐20, ☐25], Eii: L2[☐30, ☐35], put: L2[L7[], V2] -> V0 -> V1 -> L2[V2, V2], tr: L7[]
[15:24:34.797334]	Trying ff on 0: L0[], 1: L0[], Ebi: L2[☐10, ☐15], Eib: L2[☐20, ☐25], Eii: L2[☐30, ☐35], put: L2[V0, L0[]] -> V0 -> V1 -> L2[V0, L0[]], tr: L7[]
[15:24:34.800384]	Trying ff on 0: L0[], 1: L0[], Ebi: L2[☐10, ☐15], Eib: L2[☐20, ☐25], Eii: L2[☐30, ☐35], put: L2[V0, L0[]] -> V0 -> V1 -> L2[V0, V0], tr: L7[]
[15:24:34.804700]	Trying ff on 0: L0[], 1: L0[], Ebi: L2[☐10, ☐15], Eib: L2[☐20, ☐25], Eii: L2[☐30, ☐35], put: L2[V0, L7[]] -> V0 -> V1 -> L2[V0, L7[]], tr: L7[]
[15:24:34.806769]	Trying ff on 0: L0[], 1: L0[], Ebi: L2[☐10, ☐15], Eib: L2[☐20, ☐25], Eii: L2[☐30, ☐35], put: L2[V0, L7[]] -> V0 -> V1 -> L2[V0, V0], tr: L7[]
[15:24:34.809607]	Trying ff on 0: L0[], 1: L0[], Ebi: L2[☐10, ☐15], Eib: L2[☐20, ☐25], Eii: L2[☐30, ☐35], put: L2[V0, V0] -> V0 -> V1 -> L2[V0, L0[]], tr: L7[]
[15:24:34.814243]	Trying ff on 0: L0[], 1: L0[], Ebi: L2[☐10, ☐15], Eib: L2[☐20, ☐25], Eii: L2[☐30, ☐35], put: L2[V0, V0] -> V0 -> V1 -> L2[V0, L7[]], tr: L7[]
[15:24:34.818533]	Trying ff on 0: L0[], 1: L0[], Ebi: L2[☐10, ☐15], Eib: L2[☐20, ☐25], Eii: L2[☐30, ☐35], put: L2[V0, V0] -> V0 -> V1 -> L2[V0, V0], tr: L7[]
[15:24:34.820181]	Trying ff on 0: L0[], 1: L0[], Ebi: L2[☐10, ☐15], Eib: L2[☐20, ☐25], Eii: L2[☐30, ☐35], put: L2[V0, V0] -> V0 -> V1 -> L2[V0, V1], tr: L7[]
[15:24:34.827249]	Trying ff on 0: L0[], 1: L0[], Ebi: L2[☐10, ☐15], Eib: L2[☐20, ☐25], Eii: L2[☐30, ☐35], put: L2[V0, V1] -> V0 -> V1 -> L2[V0, V0], tr: L7[]
[15:24:34.829186]	Trying ff on 0: L0[], 1: L0[], Ebi: L2[☐10, ☐15], Eib: L2[☐20, ☐25], Eii: L2[☐30, ☐35], put: L2[V0, V1] -> V0 -> V1 -> L2[V0, V1], tr: L7[]
[15:24:34.836870]	Trying ff on 0: L0[], 1: L0[], Ebi: L2[☐10, ☐15], Eib: L2[☐20, ☐25], Eii: L2[☐30, ☐35], put: L2[V0, V1] -> V0 -> V1 -> L2[V1, V0], tr: L7[]
[15:24:34.842366]	Trying ff on 0: L0[], 1: L0[], Ebi: L2[☐10, ☐15], Eib: L2[☐20, ☐25], Eii: L2[☐30, ☐35], put: L2[V0, V1] -> V0 -> V1 -> L2[V1, V1], tr: L7[]
[15:24:34.846242]	Trying ff on 0: L0[], 1: L0[], Ebi: L2[☐10, ☐15], Eib: L2[☐20, ☐25], Eii: L2[☐30, ☐35], put: L2[V0, V2] -> V0 -> V1 -> L2[V0, L0[]], tr: L7[]
[15:24:34.847512]	Trying ff on 0: L0[], 1: L0[], Ebi: L2[☐10, ☐15], Eib: L2[☐20, ☐25], Eii: L2[☐30, ☐35], put: L2[V0, V2] -> V0 -> V1 -> L2[V0, L7[]], tr: L7[]
[15:24:34.848400]	Trying ff on 0: L0[], 1: L0[], Ebi: L2[☐10, ☐15], Eib: L2[☐20, ☐25], Eii: L2[☐30, ☐35], put: L2[V0, V2] -> V0 -> V1 -> L2[V0, V0], tr: L7[]
[15:24:34.849326]	Trying ff on 0: L0[], 1: L0[], Ebi: L2[☐10, ☐15], Eib: L2[☐20, ☐25], Eii: L2[☐30, ☐35], put: L2[V0, V2] -> V0 -> V1 -> L2[V0, V1], tr: L7[]
[15:24:34.850418]	Trying ff on 0: L0[], 1: L0[], Ebi: L2[☐10, ☐15], Eib: L2[☐20, ☐25], Eii: L2[☐30, ☐35], put: L2[V0, V2] -> V0 -> V1 -> L2[V0, V2], tr: L7[]
[15:24:34.852778]	Trying ff on 0: L0[], 1: L0[], Ebi: L2[☐10, ☐15], Eib: L2[☐20, ☐25], Eii: L2[☐30, ☐35], put: L2[V0, V2] -> V0 -> V1 -> L2[V2, L0[]], tr: L7[]
[15:24:34.854447]	Trying ff on 0: L0[], 1: L0[], Ebi: L2[☐10, ☐15], Eib: L2[☐20, ☐25], Eii: L2[☐30, ☐35], put: L2[V0, V2] -> V0 -> V1 -> L2[V2, L7[]], tr: L7[]
[15:24:34.856360]	Trying ff on 0: L0[], 1: L0[], Ebi: L2[☐10, ☐15], Eib: L2[☐20, ☐25], Eii: L2[☐30, ☐35], put: L2[V0, V2] -> V0 -> V1 -> L2[V2, V0], tr: L7[]
[15:24:34.858072]	Trying ff on 0: L0[], 1: L0[], Ebi: L2[☐10, ☐15], Eib: L2[☐20, ☐25], Eii: L2[☐30, ☐35], put: L2[V0, V2] -> V0 -> V1 -> L2[V2, V1], tr: L7[]
[15:24:34.860118]	Trying ff on 0: L0[], 1: L0[], Ebi: L2[☐10, ☐15], Eib: L2[☐20, ☐25], Eii: L2[☐30, ☐35], put: L2[V0, V2] -> V0 -> V1 -> L2[V2, V2], tr: L7[]
[15:24:34.867694]	Trying ff on 0: L0[], 1: L0[], Ebi: L2[☐10, ☐15], Eib: L2[☐20, ☐25], Eii: L2[☐30, ☐35], put: L2[V1, L0[]] -> V0 -> V1 -> L2[V1, L0[]], tr: L7[]
[15:24:34.869912]	Trying ff on 0: L0[], 1: L0[], Ebi: L2[☐10, ☐15], Eib: L2[☐20, ☐25], Eii: L2[☐30, ☐35], put: L2[V1, L0[]] -> V0 -> V1 -> L2[V1, V1], tr: L7[]
[15:24:34.872671]	Trying ff on 0: L0[], 1: L0[], Ebi: L2[☐10, ☐15], Eib: L2[☐20, ☐25], Eii: L2[☐30, ☐35], put: L2[V1, L7[]] -> V0 -> V1 -> L2[V1, L7[]], tr: L7[]
[15:24:34.874884]	Trying ff on 0: L0[], 1: L0[], Ebi: L2[☐10, ☐15], Eib: L2[☐20, ☐25], Eii: L2[☐30, ☐35], put: L2[V1, L7[]] -> V0 -> V1 -> L2[V1, V1], tr: L7[]
[15:24:34.877371]	Trying ff on 0: L0[], 1: L0[], Ebi: L2[☐10, ☐15], Eib: L2[☐20, ☐25], Eii: L2[☐30, ☐35], put: L2[V1, V0] -> V0 -> V1 -> L2[V0, V0], tr: L7[]
[15:24:34.878481]	Trying ff on 0: L0[], 1: L0[], Ebi: L2[☐10, ☐15], Eib: L2[☐20, ☐25], Eii: L2[☐30, ☐35], put: L2[V1, V0] -> V0 -> V1 -> L2[V0, V1], tr: L7[]
[15:24:34.880158]	Trying ff on 0: L0[], 1: L0[], Ebi: L2[☐10, ☐15], Eib: L2[☐20, ☐25], Eii: L2[☐30, ☐35], put: L2[V1, V0] -> V0 -> V1 -> L2[V1, V0], tr: L7[]
[15:24:34.881785]	Trying ff on 0: L0[], 1: L0[], Ebi: L2[☐10, ☐15], Eib: L2[☐20, ☐25], Eii: L2[☐30, ☐35], put: L2[V1, V0] -> V0 -> V1 -> L2[V1, V1], tr: L7[]
[15:24:34.884334]	Trying ff on 0: L0[], 1: L0[], Ebi: L2[☐10, ☐15], Eib: L2[☐20, ☐25], Eii: L2[☐30, ☐35], put: L2[V1, V1] -> V0 -> V1 -> L2[V1, L0[]], tr: L7[]
[15:24:34.885507]	Trying ff on 0: L0[], 1: L0[], Ebi: L2[☐10, ☐15], Eib: L2[☐20, ☐25], Eii: L2[☐30, ☐35], put: L2[V1, V1] -> V0 -> V1 -> L2[V1, L7[]], tr: L7[]
[15:24:34.886363]	Trying ff on 0: L0[], 1: L0[], Ebi: L2[☐10, ☐15], Eib: L2[☐20, ☐25], Eii: L2[☐30, ☐35], put: L2[V1, V1] -> V0 -> V1 -> L2[V1, V0], tr: L7[]
[15:24:34.887201]	Trying ff on 0: L0[], 1: L0[], Ebi: L2[☐10, ☐15], Eib: L2[☐20, ☐25], Eii: L2[☐30, ☐35], put: L2[V1, V1] -> V0 -> V1 -> L2[V1, V1], tr: L7[]
[15:24:34.890263]	Trying ff on 0: L0[], 1: L0[], Ebi: L2[☐10, ☐15], Eib: L2[☐20, ☐25], Eii: L2[☐30, ☐35], put: L2[V1, V2] -> V0 -> V1 -> L2[V1, L0[]], tr: L7[]
[15:24:34.891336]	Trying ff on 0: L0[], 1: L0[], Ebi: L2[☐10, ☐15], Eib: L2[☐20, ☐25], Eii: L2[☐30, ☐35], put: L2[V1, V2] -> V0 -> V1 -> L2[V1, L7[]], tr: L7[]
[15:24:34.892241]	Trying ff on 0: L0[], 1: L0[], Ebi: L2[☐10, ☐15], Eib: L2[☐20, ☐25], Eii: L2[☐30, ☐35], put: L2[V1, V2] -> V0 -> V1 -> L2[V1, V0], tr: L7[]
[15:24:34.893331]	Trying ff on 0: L0[], 1: L0[], Ebi: L2[☐10, ☐15], Eib: L2[☐20, ☐25], Eii: L2[☐30, ☐35], put: L2[V1, V2] -> V0 -> V1 -> L2[V1, V1], tr: L7[]
[15:24:34.894432]	Trying ff on 0: L0[], 1: L0[], Ebi: L2[☐10, ☐15], Eib: L2[☐20, ☐25], Eii: L2[☐30, ☐35], put: L2[V1, V2] -> V0 -> V1 -> L2[V1, V2], tr: L7[]
[15:24:34.896667]	Trying ff on 0: L0[], 1: L0[], Ebi: L2[☐10, ☐15], Eib: L2[☐20, ☐25], Eii: L2[☐30, ☐35], put: L2[V1, V2] -> V0 -> V1 -> L2[V2, L0[]], tr: L7[]
[15:24:34.898364]	Trying ff on 0: L0[], 1: L0[], Ebi: L2[☐10, ☐15], Eib: L2[☐20, ☐25], Eii: L2[☐30, ☐35], put: L2[V1, V2] -> V0 -> V1 -> L2[V2, L7[]], tr: L7[]
[15:24:34.900190]	Trying ff on 0: L0[], 1: L0[], Ebi: L2[☐10, ☐15], Eib: L2[☐20, ☐25], Eii: L2[☐30, ☐35], put: L2[V1, V2] -> V0 -> V1 -> L2[V2, V0], tr: L7[]
[15:24:34.901884]	Trying ff on 0: L0[], 1: L0[], Ebi: L2[☐10, ☐15], Eib: L2[☐20, ☐25], Eii: L2[☐30, ☐35], put: L2[V1, V2] -> V0 -> V1 -> L2[V2, V1], tr: L7[]
[15:24:34.910969]	Trying ff on 0: L0[], 1: L0[], Ebi: L2[☐10, ☐15], Eib: L2[☐20, ☐25], Eii: L2[☐30, ☐35], put: L2[V1, V2] -> V0 -> V1 -> L2[V2, V2], tr: L7[]
[15:24:34.944668]	Trying ff on 0: L0[], 1: L0[], Ebi: L2[☐10, ☐15], Eib: L2[☐20, ☐25], Eii: L2[☐30, ☐35], put: L2[V2, L0[]] -> V0 -> V1 -> L2[L0[], L0[]], tr: L7[]
[15:24:34.946990]	Trying ff on 0: L0[], 1: L0[], Ebi: L2[☐10, ☐15], Eib: L2[☐20, ☐25], Eii: L2[☐30, ☐35], put: L2[V2, L0[]] -> V0 -> V1 -> L2[L0[], V2], tr: L7[]
[15:24:34.953260]	Trying ff on 0: L0[], 1: L0[], Ebi: L2[☐10, ☐15], Eib: L2[☐20, ☐25], Eii: L2[☐30, ☐35], put: L2[V2, L0[]] -> V0 -> V1 -> L2[L7[], L0[]], tr: L7[]
[15:24:34.954454]	Trying ff on 0: L0[], 1: L0[], Ebi: L2[☐10, ☐15], Eib: L2[☐20, ☐25], Eii: L2[☐30, ☐35], put: L2[V2, L0[]] -> V0 -> V1 -> L2[L7[], V2], tr: L7[]
[15:24:34.956983]	Trying ff on 0: L0[], 1: L0[], Ebi: L2[☐10, ☐15], Eib: L2[☐20, ☐25], Eii: L2[☐30, ☐35], put: L2[V2, L0[]] -> V0 -> V1 -> L2[V0, L0[]], tr: L7[]
[15:24:34.958330]	Trying ff on 0: L0[], 1: L0[], Ebi: L2[☐10, ☐15], Eib: L2[☐20, ☐25], Eii: L2[☐30, ☐35], put: L2[V2, L0[]] -> V0 -> V1 -> L2[V0, V2], tr: L7[]
[15:24:34.962718]	Trying ff on 0: L0[], 1: L0[], Ebi: L2[☐10, ☐15], Eib: L2[☐20, ☐25], Eii: L2[☐30, ☐35], put: L2[V2, L0[]] -> V0 -> V1 -> L2[V1, L0[]], tr: L7[]
[15:24:34.963924]	Trying ff on 0: L0[], 1: L0[], Ebi: L2[☐10, ☐15], Eib: L2[☐20, ☐25], Eii: L2[☐30, ☐35], put: L2[V2, L0[]] -> V0 -> V1 -> L2[V1, V2], tr: L7[]
[15:24:34.966183]	Trying ff on 0: L0[], 1: L0[], Ebi: L2[☐10, ☐15], Eib: L2[☐20, ☐25], Eii: L2[☐30, ☐35], put: L2[V2, L0[]] -> V0 -> V1 -> L2[V2, L0[]], tr: L7[]
[15:24:34.967126]	Trying ff on 0: L0[], 1: L0[], Ebi: L2[☐10, ☐15], Eib: L2[☐20, ☐25], Eii: L2[☐30, ☐35], put: L2[V2, L0[]] -> V0 -> V1 -> L2[V2, V2], tr: L7[]
[15:24:34.971189]	Trying ff on 0: L0[], 1: L0[], Ebi: L2[☐10, ☐15], Eib: L2[☐20, ☐25], Eii: L2[☐30, ☐35], put: L2[V2, L7[]] -> V0 -> V1 -> L2[L0[], L7[]], tr: L7[]
[15:24:34.972207]	Trying ff on 0: L0[], 1: L0[], Ebi: L2[☐10, ☐15], Eib: L2[☐20, ☐25], Eii: L2[☐30, ☐35], put: L2[V2, L7[]] -> V0 -> V1 -> L2[L0[], V2], tr: L7[]
[15:24:34.974422]	Trying ff on 0: L0[], 1: L0[], Ebi: L2[☐10, ☐15], Eib: L2[☐20, ☐25], Eii: L2[☐30, ☐35], put: L2[V2, L7[]] -> V0 -> V1 -> L2[L7[], L7[]], tr: L7[]
[15:24:34.975725]	Trying ff on 0: L0[], 1: L0[], Ebi: L2[☐10, ☐15], Eib: L2[☐20, ☐25], Eii: L2[☐30, ☐35], put: L2[V2, L7[]] -> V0 -> V1 -> L2[L7[], V2], tr: L7[]
[15:24:34.979887]	Trying ff on 0: L0[], 1: L0[], Ebi: L2[☐10, ☐15], Eib: L2[☐20, ☐25], Eii: L2[☐30, ☐35], put: L2[V2, L7[]] -> V0 -> V1 -> L2[V0, L7[]], tr: L7[]
[15:24:34.983944]	Trying ff on 0: L0[], 1: L0[], Ebi: L2[☐10, ☐15], Eib: L2[☐20, ☐25], Eii: L2[☐30, ☐35], put: L2[V2, L7[]] -> V0 -> V1 -> L2[V0, V2], tr: L7[]
[15:24:34.986324]	Trying ff on 0: L0[], 1: L0[], Ebi: L2[☐10, ☐15], Eib: L2[☐20, ☐25], Eii: L2[☐30, ☐35], put: L2[V2, L7[]] -> V0 -> V1 -> L2[V1, L7[]], tr: L7[]
[15:24:34.988364]	Trying ff on 0: L0[], 1: L0[], Ebi: L2[☐10, ☐15], Eib: L2[☐20, ☐25], Eii: L2[☐30, ☐35], put: L2[V2, L7[]] -> V0 -> V1 -> L2[V1, V2], tr: L7[]
[15:24:34.990475]	Trying ff on 0: L0[], 1: L0[], Ebi: L2[☐10, ☐15], Eib: L2[☐20, ☐25], Eii: L2[☐30, ☐35], put: L2[V2, L7[]] -> V0 -> V1 -> L2[V2, L7[]], tr: L7[]
[15:24:34.992516]	Trying ff on 0: L0[], 1: L0[], Ebi: L2[☐10, ☐15], Eib: L2[☐20, ☐25], Eii: L2[☐30, ☐35], put: L2[V2, L7[]] -> V0 -> V1 -> L2[V2, V2], tr: L7[]
[15:24:34.997410]	Trying ff on 0: L0[], 1: L0[], Ebi: L2[☐10, ☐15], Eib: L2[☐20, ☐25], Eii: L2[☐30, ☐35], put: L2[V2, V0] -> V0 -> V1 -> L2[L0[], V0], tr: L7[]
[15:24:34.998547]	Trying ff on 0: L0[], 1: L0[], Ebi: L2[☐10, ☐15], Eib: L2[☐20, ☐25], Eii: L2[☐30, ☐35], put: L2[V2, V0] -> V0 -> V1 -> L2[L0[], V2], tr: L7[]
[15:24:35.000790]	Trying ff on 0: L0[], 1: L0[], Ebi: L2[☐10, ☐15], Eib: L2[☐20, ☐25], Eii: L2[☐30, ☐35], put: L2[V2, V0] -> V0 -> V1 -> L2[L7[], V0], tr: L7[]
[15:24:35.001687]	Trying ff on 0: L0[], 1: L0[], Ebi: L2[☐10, ☐15], Eib: L2[☐20, ☐25], Eii: L2[☐30, ☐35], put: L2[V2, V0] -> V0 -> V1 -> L2[L7[], V2], tr: L7[]
[15:24:35.003628]	Trying ff on 0: L0[], 1: L0[], Ebi: L2[☐10, ☐15], Eib: L2[☐20, ☐25], Eii: L2[☐30, ☐35], put: L2[V2, V0] -> V0 -> V1 -> L2[V0, V0], tr: L7[]
[15:24:35.004478]	Trying ff on 0: L0[], 1: L0[], Ebi: L2[☐10, ☐15], Eib: L2[☐20, ☐25], Eii: L2[☐30, ☐35], put: L2[V2, V0] -> V0 -> V1 -> L2[V0, V2], tr: L7[]
[15:24:35.007058]	Trying ff on 0: L0[], 1: L0[], Ebi: L2[☐10, ☐15], Eib: L2[☐20, ☐25], Eii: L2[☐30, ☐35], put: L2[V2, V0] -> V0 -> V1 -> L2[V1, V0], tr: L7[]
[15:24:35.009057]	Trying ff on 0: L0[], 1: L0[], Ebi: L2[☐10, ☐15], Eib: L2[☐20, ☐25], Eii: L2[☐30, ☐35], put: L2[V2, V0] -> V0 -> V1 -> L2[V1, V2], tr: L7[]
[15:24:35.011384]	Trying ff on 0: L0[], 1: L0[], Ebi: L2[☐10, ☐15], Eib: L2[☐20, ☐25], Eii: L2[☐30, ☐35], put: L2[V2, V0] -> V0 -> V1 -> L2[V2, V0], tr: L7[]
[15:24:35.012440]	Trying ff on 0: L0[], 1: L0[], Ebi: L2[☐10, ☐15], Eib: L2[☐20, ☐25], Eii: L2[☐30, ☐35], put: L2[V2, V0] -> V0 -> V1 -> L2[V2, V2], tr: L7[]
[15:24:35.017215]	Trying ff on 0: L0[], 1: L0[], Ebi: L2[☐10, ☐15], Eib: L2[☐20, ☐25], Eii: L2[☐30, ☐35], put: L2[V2, V1] -> V0 -> V1 -> L2[L0[], V1], tr: L7[]
[15:24:35.018228]	Trying ff on 0: L0[], 1: L0[], Ebi: L2[☐10, ☐15], Eib: L2[☐20, ☐25], Eii: L2[☐30, ☐35], put: L2[V2, V1] -> V0 -> V1 -> L2[L0[], V2], tr: L7[]
[15:24:35.020650]	Trying ff on 0: L0[], 1: L0[], Ebi: L2[☐10, ☐15], Eib: L2[☐20, ☐25], Eii: L2[☐30, ☐35], put: L2[V2, V1] -> V0 -> V1 -> L2[L7[], V1], tr: L7[]
[15:24:35.021553]	Trying ff on 0: L0[], 1: L0[], Ebi: L2[☐10, ☐15], Eib: L2[☐20, ☐25], Eii: L2[☐30, ☐35], put: L2[V2, V1] -> V0 -> V1 -> L2[L7[], V2], tr: L7[]
[15:24:35.023761]	Trying ff on 0: L0[], 1: L0[], Ebi: L2[☐10, ☐15], Eib: L2[☐20, ☐25], Eii: L2[☐30, ☐35], put: L2[V2, V1] -> V0 -> V1 -> L2[V0, V1], tr: L7[]
[15:24:35.024596]	Trying ff on 0: L0[], 1: L0[], Ebi: L2[☐10, ☐15], Eib: L2[☐20, ☐25], Eii: L2[☐30, ☐35], put: L2[V2, V1] -> V0 -> V1 -> L2[V0, V2], tr: L7[]
[15:24:35.026551]	Trying ff on 0: L0[], 1: L0[], Ebi: L2[☐10, ☐15], Eib: L2[☐20, ☐25], Eii: L2[☐30, ☐35], put: L2[V2, V1] -> V0 -> V1 -> L2[V1, V1], tr: L7[]
[15:24:35.027292]	Trying ff on 0: L0[], 1: L0[], Ebi: L2[☐10, ☐15], Eib: L2[☐20, ☐25], Eii: L2[☐30, ☐35], put: L2[V2, V1] -> V0 -> V1 -> L2[V1, V2], tr: L7[]
[15:24:35.029170]	Trying ff on 0: L0[], 1: L0[], Ebi: L2[☐10, ☐15], Eib: L2[☐20, ☐25], Eii: L2[☐30, ☐35], put: L2[V2, V1] -> V0 -> V1 -> L2[V2, V1], tr: L7[]
[15:24:35.029924]	Trying ff on 0: L0[], 1: L0[], Ebi: L2[☐10, ☐15], Eib: L2[☐20, ☐25], Eii: L2[☐30, ☐35], put: L2[V2, V1] -> V0 -> V1 -> L2[V2, V2], tr: L7[]
[15:24:35.034208]	Trying ff on 0: L0[], 1: L0[], Ebi: L2[☐10, ☐15], Eib: L2[☐20, ☐25], Eii: L2[☐30, ☐35], put: L2[V2, V2] -> V0 -> V1 -> L2[L0[], L0[]], tr: L7[]
[15:24:35.035290]	Trying ff on 0: L0[], 1: L0[], Ebi: L2[☐10, ☐15], Eib: L2[☐20, ☐25], Eii: L2[☐30, ☐35], put: L2[V2, V2] -> V0 -> V1 -> L2[L0[], V2], tr: L7[]
[15:24:35.036968]	Trying ff on 0: L0[], 1: L0[], Ebi: L2[☐10, ☐15], Eib: L2[☐20, ☐25], Eii: L2[☐30, ☐35], put: L2[V2, V2] -> V0 -> V1 -> L2[L7[], L7[]], tr: L7[]
[15:24:35.038078]	Trying ff on 0: L0[], 1: L0[], Ebi: L2[☐10, ☐15], Eib: L2[☐20, ☐25], Eii: L2[☐30, ☐35], put: L2[V2, V2] -> V0 -> V1 -> L2[L7[], V2], tr: L7[]
[15:24:35.039306]	Trying ff on 0: L0[], 1: L0[], Ebi: L2[☐10, ☐15], Eib: L2[☐20, ☐25], Eii: L2[☐30, ☐35], put: L2[V2, V2] -> V0 -> V1 -> L2[V0, V0], tr: L7[]
[15:24:35.040095]	Trying ff on 0: L0[], 1: L0[], Ebi: L2[☐10, ☐15], Eib: L2[☐20, ☐25], Eii: L2[☐30, ☐35], put: L2[V2, V2] -> V0 -> V1 -> L2[V0, V2], tr: L7[]
[15:24:35.041184]	Trying ff on 0: L0[], 1: L0[], Ebi: L2[☐10, ☐15], Eib: L2[☐20, ☐25], Eii: L2[☐30, ☐35], put: L2[V2, V2] -> V0 -> V1 -> L2[V1, V1], tr: L7[]
[15:24:35.041589]	Trying ff on 0: L0[], 1: L0[], Ebi: L2[☐10, ☐15], Eib: L2[☐20, ☐25], Eii: L2[☐30, ☐35], put: L2[V2, V2] -> V0 -> V1 -> L2[V1, V2], tr: L7[]
[15:24:35.042505]	Trying ff on 0: L0[], 1: L0[], Ebi: L2[☐10, ☐15], Eib: L2[☐20, ☐25], Eii: L2[☐30, ☐35], put: L2[V2, V2] -> V0 -> V1 -> L2[V2, L0[]], tr: L7[]
[15:24:35.042926]	Trying ff on 0: L0[], 1: L0[], Ebi: L2[☐10, ☐15], Eib: L2[☐20, ☐25], Eii: L2[☐30, ☐35], put: L2[V2, V2] -> V0 -> V1 -> L2[V2, L7[]], tr: L7[]
[15:24:35.043539]	Trying ff on 0: L0[], 1: L0[], Ebi: L2[☐10, ☐15], Eib: L2[☐20, ☐25], Eii: L2[☐30, ☐35], put: L2[V2, V2] -> V0 -> V1 -> L2[V2, V0], tr: L7[]
[15:24:35.044162]	Trying ff on 0: L0[], 1: L0[], Ebi: L2[☐10, ☐15], Eib: L2[☐20, ☐25], Eii: L2[☐30, ☐35], put: L2[V2, V2] -> V0 -> V1 -> L2[V2, V1], tr: L7[]
[15:24:35.044762]	Trying ff on 0: L0[], 1: L0[], Ebi: L2[☐10, ☐15], Eib: L2[☐20, ☐25], Eii: L2[☐30, ☐35], put: L2[V2, V2] -> V0 -> V1 -> L2[V2, V2], tr: L7[]
[15:24:35.050342]	Trying ff on 0: L0[], 1: L0[], Ebi: L2[☐10, ☐15], Eib: L2[☐20, ☐25], Eii: L2[☐30, ☐35], put: L2[V2, V3] -> V0 -> V1 -> L2[L0[], L0[]], tr: L7[]
[15:24:35.050997]	Trying ff on 0: L0[], 1: L0[], Ebi: L2[☐10, ☐15], Eib: L2[☐20, ☐25], Eii: L2[☐30, ☐35], put: L2[V2, V3] -> V0 -> V1 -> L2[L0[], L7[]], tr: L7[]
[15:24:35.051651]	Trying ff on 0: L0[], 1: L0[], Ebi: L2[☐10, ☐15], Eib: L2[☐20, ☐25], Eii: L2[☐30, ☐35], put: L2[V2, V3] -> V0 -> V1 -> L2[L0[], V0], tr: L7[]
[15:24:35.052290]	Trying ff on 0: L0[], 1: L0[], Ebi: L2[☐10, ☐15], Eib: L2[☐20, ☐25], Eii: L2[☐30, ☐35], put: L2[V2, V3] -> V0 -> V1 -> L2[L0[], V1], tr: L7[]
[15:24:35.052867]	Trying ff on 0: L0[], 1: L0[], Ebi: L2[☐10, ☐15], Eib: L2[☐20, ☐25], Eii: L2[☐30, ☐35], put: L2[V2, V3] -> V0 -> V1 -> L2[L0[], V2], tr: L7[]
[15:24:35.053459]	Trying ff on 0: L0[], 1: L0[], Ebi: L2[☐10, ☐15], Eib: L2[☐20, ☐25], Eii: L2[☐30, ☐35], put: L2[V2, V3] -> V0 -> V1 -> L2[L0[], V3], tr: L7[]
[15:24:35.054952]	Trying ff on 0: L0[], 1: L0[], Ebi: L2[☐10, ☐15], Eib: L2[☐20, ☐25], Eii: L2[☐30, ☐35], put: L2[V2, V3] -> V0 -> V1 -> L2[L7[], L0[]], tr: L7[]
[15:24:35.055554]	Trying ff on 0: L0[], 1: L0[], Ebi: L2[☐10, ☐15], Eib: L2[☐20, ☐25], Eii: L2[☐30, ☐35], put: L2[V2, V3] -> V0 -> V1 -> L2[L7[], L7[]], tr: L7[]
[15:24:35.056208]	Trying ff on 0: L0[], 1: L0[], Ebi: L2[☐10, ☐15], Eib: L2[☐20, ☐25], Eii: L2[☐30, ☐35], put: L2[V2, V3] -> V0 -> V1 -> L2[L7[], V0], tr: L7[]
[15:24:35.056875]	Trying ff on 0: L0[], 1: L0[], Ebi: L2[☐10, ☐15], Eib: L2[☐20, ☐25], Eii: L2[☐30, ☐35], put: L2[V2, V3] -> V0 -> V1 -> L2[L7[], V1], tr: L7[]
[15:24:35.057492]	Trying ff on 0: L0[], 1: L0[], Ebi: L2[☐10, ☐15], Eib: L2[☐20, ☐25], Eii: L2[☐30, ☐35], put: L2[V2, V3] -> V0 -> V1 -> L2[L7[], V2], tr: L7[]
[15:24:35.058117]	Trying ff on 0: L0[], 1: L0[], Ebi: L2[☐10, ☐15], Eib: L2[☐20, ☐25], Eii: L2[☐30, ☐35], put: L2[V2, V3] -> V0 -> V1 -> L2[L7[], V3], tr: L7[]
[15:24:35.059858]	Trying ff on 0: L0[], 1: L0[], Ebi: L2[☐10, ☐15], Eib: L2[☐20, ☐25], Eii: L2[☐30, ☐35], put: L2[V2, V3] -> V0 -> V1 -> L2[V0, L0[]], tr: L7[]
[15:24:35.060571]	Trying ff on 0: L0[], 1: L0[], Ebi: L2[☐10, ☐15], Eib: L2[☐20, ☐25], Eii: L2[☐30, ☐35], put: L2[V2, V3] -> V0 -> V1 -> L2[V0, L7[]], tr: L7[]
[15:24:35.061229]	Trying ff on 0: L0[], 1: L0[], Ebi: L2[☐10, ☐15], Eib: L2[☐20, ☐25], Eii: L2[☐30, ☐35], put: L2[V2, V3] -> V0 -> V1 -> L2[V0, V0], tr: L7[]
[15:24:35.062035]	Trying ff on 0: L0[], 1: L0[], Ebi: L2[☐10, ☐15], Eib: L2[☐20, ☐25], Eii: L2[☐30, ☐35], put: L2[V2, V3] -> V0 -> V1 -> L2[V0, V1], tr: L7[]
[15:24:35.062662]	Trying ff on 0: L0[], 1: L0[], Ebi: L2[☐10, ☐15], Eib: L2[☐20, ☐25], Eii: L2[☐30, ☐35], put: L2[V2, V3] -> V0 -> V1 -> L2[V0, V2], tr: L7[]
[15:24:35.063319]	Trying ff on 0: L0[], 1: L0[], Ebi: L2[☐10, ☐15], Eib: L2[☐20, ☐25], Eii: L2[☐30, ☐35], put: L2[V2, V3] -> V0 -> V1 -> L2[V0, V3], tr: L7[]
[15:24:35.065032]	Trying ff on 0: L0[], 1: L0[], Ebi: L2[☐10, ☐15], Eib: L2[☐20, ☐25], Eii: L2[☐30, ☐35], put: L2[V2, V3] -> V0 -> V1 -> L2[V1, L0[]], tr: L7[]
[15:24:35.065771]	Trying ff on 0: L0[], 1: L0[], Ebi: L2[☐10, ☐15], Eib: L2[☐20, ☐25], Eii: L2[☐30, ☐35], put: L2[V2, V3] -> V0 -> V1 -> L2[V1, L7[]], tr: L7[]
[15:24:35.066405]	Trying ff on 0: L0[], 1: L0[], Ebi: L2[☐10, ☐15], Eib: L2[☐20, ☐25], Eii: L2[☐30, ☐35], put: L2[V2, V3] -> V0 -> V1 -> L2[V1, V0], tr: L7[]
[15:24:35.067069]	Trying ff on 0: L0[], 1: L0[], Ebi: L2[☐10, ☐15], Eib: L2[☐20, ☐25], Eii: L2[☐30, ☐35], put: L2[V2, V3] -> V0 -> V1 -> L2[V1, V1], tr: L7[]
[15:24:35.067711]	Trying ff on 0: L0[], 1: L0[], Ebi: L2[☐10, ☐15], Eib: L2[☐20, ☐25], Eii: L2[☐30, ☐35], put: L2[V2, V3] -> V0 -> V1 -> L2[V1, V2], tr: L7[]
[15:24:35.068401]	Trying ff on 0: L0[], 1: L0[], Ebi: L2[☐10, ☐15], Eib: L2[☐20, ☐25], Eii: L2[☐30, ☐35], put: L2[V2, V3] -> V0 -> V1 -> L2[V1, V3], tr: L7[]
[15:24:35.070040]	Trying ff on 0: L0[], 1: L0[], Ebi: L2[☐10, ☐15], Eib: L2[☐20, ☐25], Eii: L2[☐30, ☐35], put: L2[V2, V3] -> V0 -> V1 -> L2[V2, L0[]], tr: L7[]
[15:24:35.070668]	Trying ff on 0: L0[], 1: L0[], Ebi: L2[☐10, ☐15], Eib: L2[☐20, ☐25], Eii: L2[☐30, ☐35], put: L2[V2, V3] -> V0 -> V1 -> L2[V2, L7[]], tr: L7[]
[15:24:35.071275]	Trying ff on 0: L0[], 1: L0[], Ebi: L2[☐10, ☐15], Eib: L2[☐20, ☐25], Eii: L2[☐30, ☐35], put: L2[V2, V3] -> V0 -> V1 -> L2[V2, V0], tr: L7[]
[15:24:35.071860]	Trying ff on 0: L0[], 1: L0[], Ebi: L2[☐10, ☐15], Eib: L2[☐20, ☐25], Eii: L2[☐30, ☐35], put: L2[V2, V3] -> V0 -> V1 -> L2[V2, V1], tr: L7[]
[15:24:35.072403]	Trying ff on 0: L0[], 1: L0[], Ebi: L2[☐10, ☐15], Eib: L2[☐20, ☐25], Eii: L2[☐30, ☐35], put: L2[V2, V3] -> V0 -> V1 -> L2[V2, V2], tr: L7[]
[15:24:35.073152]	Trying ff on 0: L0[], 1: L0[], Ebi: L2[☐10, ☐15], Eib: L2[☐20, ☐25], Eii: L2[☐30, ☐35], put: L2[V2, V3] -> V0 -> V1 -> L2[V2, V3], tr: L7[]
[15:24:35.074807]	Trying ff on 0: L0[], 1: L0[], Ebi: L2[☐10, ☐15], Eib: L2[☐20, ☐25], Eii: L2[☐30, ☐35], put: L2[V2, V3] -> V0 -> V1 -> L2[V3, L0[]], tr: L7[]
[15:24:35.075462]	Trying ff on 0: L0[], 1: L0[], Ebi: L2[☐10, ☐15], Eib: L2[☐20, ☐25], Eii: L2[☐30, ☐35], put: L2[V2, V3] -> V0 -> V1 -> L2[V3, L7[]], tr: L7[]
[15:24:35.076028]	Trying ff on 0: L0[], 1: L0[], Ebi: L2[☐10, ☐15], Eib: L2[☐20, ☐25], Eii: L2[☐30, ☐35], put: L2[V2, V3] -> V0 -> V1 -> L2[V3, V0], tr: L7[]
[15:24:35.076601]	Trying ff on 0: L0[], 1: L0[], Ebi: L2[☐10, ☐15], Eib: L2[☐20, ☐25], Eii: L2[☐30, ☐35], put: L2[V2, V3] -> V0 -> V1 -> L2[V3, V1], tr: L7[]
[15:24:35.077143]	Trying ff on 0: L0[], 1: L0[], Ebi: L2[☐10, ☐15], Eib: L2[☐20, ☐25], Eii: L2[☐30, ☐35], put: L2[V2, V3] -> V0 -> V1 -> L2[V3, V2], tr: L7[]
[15:24:35.077680]	Trying ff on 0: L0[], 1: L0[], Ebi: L2[☐10, ☐15], Eib: L2[☐20, ☐25], Eii: L2[☐30, ☐35], put: L2[V2, V3] -> V0 -> V1 -> L2[V3, V3], tr: L7[]
[15:24:35.080556]	Trying ff on 0: L0[], 1: L0[], Ebi: L2[☐10, ☐15], Eib: L2[☐20, ☐25], Eii: L2[☐30, L0[]], put: L2[☐40, L0[]] -> V0 -> V1 -> L2[L0[], L0[]], tr: L7[]
[15:24:35.081827]	Trying ff on 0: L0[], 1: L0[], Ebi: L2[☐10, ☐15], Eib: L2[☐20, ☐25], Eii: L2[☐30, L0[]], put: L2[☐40, L0[]] -> V0 -> V1 -> L2[L7[], L0[]], tr: L7[]
[15:24:35.082986]	Trying ff on 0: L0[], 1: L0[], Ebi: L2[☐10, ☐15], Eib: L2[☐20, ☐25], Eii: L2[☐30, L0[]], put: L2[☐40, L0[]] -> V0 -> V1 -> L2[V0, L0[]], tr: L7[]
[15:24:35.084127]	Trying ff on 0: L0[], 1: L0[], Ebi: L2[☐10, ☐15], Eib: L2[☐20, ☐25], Eii: L2[☐30, L0[]], put: L2[☐40, L0[]] -> V0 -> V1 -> L2[V1, L0[]], tr: L7[]
[15:24:35.086419]	Trying ff on 0: L0[], 1: L0[], Ebi: L2[☐10, ☐15], Eib: L2[☐20, ☐25], Eii: L2[☐30, L0[]], put: L2[☐40, V0] -> V0 -> V1 -> L2[L0[], V0], tr: L7[]
[15:24:35.087631]	Trying ff on 0: L0[], 1: L0[], Ebi: L2[☐10, ☐15], Eib: L2[☐20, ☐25], Eii: L2[☐30, L0[]], put: L2[☐40, V0] -> V0 -> V1 -> L2[L7[], V0], tr: L7[]
[15:24:35.088715]	Trying ff on 0: L0[], 1: L0[], Ebi: L2[☐10, ☐15], Eib: L2[☐20, ☐25], Eii: L2[☐30, L0[]], put: L2[☐40, V0] -> V0 -> V1 -> L2[V0, V0], tr: L7[]
[15:24:35.089928]	Trying ff on 0: L0[], 1: L0[], Ebi: L2[☐10, ☐15], Eib: L2[☐20, ☐25], Eii: L2[☐30, L0[]], put: L2[☐40, V0] -> V0 -> V1 -> L2[V1, V0], tr: L7[]
[15:24:35.092493]	Trying ff on 0: L0[], 1: L0[], Ebi: L2[☐10, ☐15], Eib: L2[☐20, ☐25], Eii: L2[☐30, L0[]], put: L2[☐40, V1] -> V0 -> V1 -> L2[L0[], V1], tr: L7[]
[15:24:35.093697]	Trying ff on 0: L0[], 1: L0[], Ebi: L2[☐10, ☐15], Eib: L2[☐20, ☐25], Eii: L2[☐30, L0[]], put: L2[☐40, V1] -> V0 -> V1 -> L2[L7[], V1], tr: L7[]
[15:24:35.095035]	Trying ff on 0: L0[], 1: L0[], Ebi: L2[☐10, ☐15], Eib: L2[☐20, ☐25], Eii: L2[☐30, L0[]], put: L2[☐40, V1] -> V0 -> V1 -> L2[V0, V1], tr: L7[]
[15:24:35.096338]	Trying ff on 0: L0[], 1: L0[], Ebi: L2[☐10, ☐15], Eib: L2[☐20, ☐25], Eii: L2[☐30, L0[]], put: L2[☐40, V1] -> V0 -> V1 -> L2[V1, V1], tr: L7[]
[15:24:35.100693]	Trying ff on 0: L0[], 1: L0[], Ebi: L2[☐10, ☐15], Eib: L2[☐20, ☐25], Eii: L2[☐30, L0[]], put: L2[☐40, V2] -> V0 -> V1 -> L2[L0[], L0[]], tr: L7[]
[15:24:35.101276]	Trying ff on 0: L0[], 1: L0[], Ebi: L2[☐10, ☐15], Eib: L2[☐20, ☐25], Eii: L2[☐30, L0[]], put: L2[☐40, V2] -> V0 -> V1 -> L2[L0[], L7[]], tr: L7[]
[15:24:35.101818]	Trying ff on 0: L0[], 1: L0[], Ebi: L2[☐10, ☐15], Eib: L2[☐20, ☐25], Eii: L2[☐30, L0[]], put: L2[☐40, V2] -> V0 -> V1 -> L2[L0[], V0], tr: L7[]
[15:24:35.102391]	Trying ff on 0: L0[], 1: L0[], Ebi: L2[☐10, ☐15], Eib: L2[☐20, ☐25], Eii: L2[☐30, L0[]], put: L2[☐40, V2] -> V0 -> V1 -> L2[L0[], V1], tr: L7[]
[15:24:35.102957]	Trying ff on 0: L0[], 1: L0[], Ebi: L2[☐10, ☐15], Eib: L2[☐20, ☐25], Eii: L2[☐30, L0[]], put: L2[☐40, V2] -> V0 -> V1 -> L2[L0[], V2], tr: L7[]
[15:24:35.104251]	Trying ff on 0: L0[], 1: L0[], Ebi: L2[☐10, ☐15], Eib: L2[☐20, ☐25], Eii: L2[☐30, L0[]], put: L2[☐40, V2] -> V0 -> V1 -> L2[L7[], L0[]], tr: L7[]
[15:24:35.104806]	Trying ff on 0: L0[], 1: L0[], Ebi: L2[☐10, ☐15], Eib: L2[☐20, ☐25], Eii: L2[☐30, L0[]], put: L2[☐40, V2] -> V0 -> V1 -> L2[L7[], L7[]], tr: L7[]
[15:24:35.105382]	Trying ff on 0: L0[], 1: L0[], Ebi: L2[☐10, ☐15], Eib: L2[☐20, ☐25], Eii: L2[☐30, L0[]], put: L2[☐40, V2] -> V0 -> V1 -> L2[L7[], V0], tr: L7[]
[15:24:35.105947]	Trying ff on 0: L0[], 1: L0[], Ebi: L2[☐10, ☐15], Eib: L2[☐20, ☐25], Eii: L2[☐30, L0[]], put: L2[☐40, V2] -> V0 -> V1 -> L2[L7[], V1], tr: L7[]
[15:24:35.106503]	Trying ff on 0: L0[], 1: L0[], Ebi: L2[☐10, ☐15], Eib: L2[☐20, ☐25], Eii: L2[☐30, L0[]], put: L2[☐40, V2] -> V0 -> V1 -> L2[L7[], V2], tr: L7[]
[15:24:35.107854]	Trying ff on 0: L0[], 1: L0[], Ebi: L2[☐10, ☐15], Eib: L2[☐20, ☐25], Eii: L2[☐30, L0[]], put: L2[☐40, V2] -> V0 -> V1 -> L2[V0, L0[]], tr: L7[]
[15:24:35.108422]	Trying ff on 0: L0[], 1: L0[], Ebi: L2[☐10, ☐15], Eib: L2[☐20, ☐25], Eii: L2[☐30, L0[]], put: L2[☐40, V2] -> V0 -> V1 -> L2[V0, L7[]], tr: L7[]
[15:24:35.108971]	Trying ff on 0: L0[], 1: L0[], Ebi: L2[☐10, ☐15], Eib: L2[☐20, ☐25], Eii: L2[☐30, L0[]], put: L2[☐40, V2] -> V0 -> V1 -> L2[V0, V0], tr: L7[]
[15:24:35.109566]	Trying ff on 0: L0[], 1: L0[], Ebi: L2[☐10, ☐15], Eib: L2[☐20, ☐25], Eii: L2[☐30, L0[]], put: L2[☐40, V2] -> V0 -> V1 -> L2[V0, V1], tr: L7[]
[15:24:35.110131]	Trying ff on 0: L0[], 1: L0[], Ebi: L2[☐10, ☐15], Eib: L2[☐20, ☐25], Eii: L2[☐30, L0[]], put: L2[☐40, V2] -> V0 -> V1 -> L2[V0, V2], tr: L7[]
[15:24:35.111603]	Trying ff on 0: L0[], 1: L0[], Ebi: L2[☐10, ☐15], Eib: L2[☐20, ☐25], Eii: L2[☐30, L0[]], put: L2[☐40, V2] -> V0 -> V1 -> L2[V1, L0[]], tr: L7[]
[15:24:35.112222]	Trying ff on 0: L0[], 1: L0[], Ebi: L2[☐10, ☐15], Eib: L2[☐20, ☐25], Eii: L2[☐30, L0[]], put: L2[☐40, V2] -> V0 -> V1 -> L2[V1, L7[]], tr: L7[]
[15:24:35.112802]	Trying ff on 0: L0[], 1: L0[], Ebi: L2[☐10, ☐15], Eib: L2[☐20, ☐25], Eii: L2[☐30, L0[]], put: L2[☐40, V2] -> V0 -> V1 -> L2[V1, V0], tr: L7[]
[15:24:35.113373]	Trying ff on 0: L0[], 1: L0[], Ebi: L2[☐10, ☐15], Eib: L2[☐20, ☐25], Eii: L2[☐30, L0[]], put: L2[☐40, V2] -> V0 -> V1 -> L2[V1, V1], tr: L7[]
[15:24:35.113985]	Trying ff on 0: L0[], 1: L0[], Ebi: L2[☐10, ☐15], Eib: L2[☐20, ☐25], Eii: L2[☐30, L0[]], put: L2[☐40, V2] -> V0 -> V1 -> L2[V1, V2], tr: L7[]
[15:24:35.115446]	Trying ff on 0: L0[], 1: L0[], Ebi: L2[☐10, ☐15], Eib: L2[☐20, ☐25], Eii: L2[☐30, L0[]], put: L2[☐40, V2] -> V0 -> V1 -> L2[V2, L0[]], tr: L7[]
[15:24:35.116070]	Trying ff on 0: L0[], 1: L0[], Ebi: L2[☐10, ☐15], Eib: L2[☐20, ☐25], Eii: L2[☐30, L0[]], put: L2[☐40, V2] -> V0 -> V1 -> L2[V2, L7[]], tr: L7[]
[15:24:35.116656]	Trying ff on 0: L0[], 1: L0[], Ebi: L2[☐10, ☐15], Eib: L2[☐20, ☐25], Eii: L2[☐30, L0[]], put: L2[☐40, V2] -> V0 -> V1 -> L2[V2, V0], tr: L7[]
[15:24:35.117238]	Trying ff on 0: L0[], 1: L0[], Ebi: L2[☐10, ☐15], Eib: L2[☐20, ☐25], Eii: L2[☐30, L0[]], put: L2[☐40, V2] -> V0 -> V1 -> L2[V2, V1], tr: L7[]
[15:24:35.117778]	Trying ff on 0: L0[], 1: L0[], Ebi: L2[☐10, ☐15], Eib: L2[☐20, ☐25], Eii: L2[☐30, L0[]], put: L2[☐40, V2] -> V0 -> V1 -> L2[V2, V2], tr: L7[]
[15:24:35.119078]	Trying ff on 0: L0[], 1: L0[], Ebi: L2[☐10, ☐15], Eib: L2[☐20, ☐25], Eii: L2[☐30, L0[]], put: L2[L0[], L0[]] -> V0 -> V1 -> L2[L0[], _9_], tr: L7[]
[15:24:35.120995]	Trying ff on 0: L0[], 1: L0[], Ebi: L2[☐10, ☐15], Eib: L2[☐20, ☐25], Eii: L2[☐30, L0[]], put: L2[L0[], V0] -> V0 -> V1 -> L2[L0[], _9_], tr: L7[]
[15:24:35.122212]	Trying ff on 0: L0[], 1: L0[], Ebi: L2[☐10, ☐15], Eib: L2[☐20, ☐25], Eii: L2[☐30, L0[]], put: L2[L0[], V0] -> V0 -> V1 -> L2[V0, _9_], tr: L7[]
[15:24:35.123383]	Trying ff on 0: L0[], 1: L0[], Ebi: L2[☐10, ☐15], Eib: L2[☐20, ☐25], Eii: L2[☐30, L0[]], put: L2[L0[], V1] -> V0 -> V1 -> L2[L0[], _9_], tr: L7[]
[15:24:35.124294]	Trying ff on 0: L0[], 1: L0[], Ebi: L2[☐10, ☐15], Eib: L2[☐20, ☐25], Eii: L2[☐30, L0[]], put: L2[L0[], V1] -> V0 -> V1 -> L2[V1, _9_], tr: L7[]
[15:24:35.125360]	Trying ff on 0: L0[], 1: L0[], Ebi: L2[☐10, ☐15], Eib: L2[☐20, ☐25], Eii: L2[☐30, L0[]], put: L2[L0[], V2] -> V0 -> V1 -> L2[L0[], _9_], tr: L7[]
[15:24:35.126192]	Trying ff on 0: L0[], 1: L0[], Ebi: L2[☐10, ☐15], Eib: L2[☐20, ☐25], Eii: L2[☐30, L0[]], put: L2[L0[], V2] -> V0 -> V1 -> L2[V2, _9_], tr: L7[]
[15:24:35.128124]	Trying ff on 0: L0[], 1: L0[], Ebi: L2[☐10, ☐15], Eib: L2[☐20, ☐25], Eii: L2[☐30, L0[]], put: L2[L7[], L0[]] -> V0 -> V1 -> L2[L7[], _9_], tr: L7[]
[15:24:35.129869]	Trying ff on 0: L0[], 1: L0[], Ebi: L2[☐10, ☐15], Eib: L2[☐20, ☐25], Eii: L2[☐30, L0[]], put: L2[L7[], V0] -> V0 -> V1 -> L2[L7[], _9_], tr: L7[]
[15:24:35.131995]	Trying ff on 0: L0[], 1: L0[], Ebi: L2[☐10, ☐15], Eib: L2[☐20, ☐25], Eii: L2[☐30, L0[]], put: L2[L7[], V1] -> V0 -> V1 -> L2[L7[], _9_], tr: L7[]
[15:24:35.133522]	Trying ff on 0: L0[], 1: L0[], Ebi: L2[☐10, ☐15], Eib: L2[☐20, ☐25], Eii: L2[☐30, L0[]], put: L2[L7[], V2] -> V0 -> V1 -> L2[L7[], _9_], tr: L7[]
[15:24:35.135391]	Trying ff on 0: L0[], 1: L0[], Ebi: L2[☐10, ☐15], Eib: L2[☐20, ☐25], Eii: L2[☐30, L0[]], put: L2[V0, L0[]] -> V0 -> V1 -> L2[V0, _9_], tr: L7[]
[15:24:35.137084]	Trying ff on 0: L0[], 1: L0[], Ebi: L2[☐10, ☐15], Eib: L2[☐20, ☐25], Eii: L2[☐30, L0[]], put: L2[V0, V0] -> V0 -> V1 -> L2[V0, _9_], tr: L7[]
[15:24:35.138392]	Trying ff on 0: L0[], 1: L0[], Ebi: L2[☐10, ☐15], Eib: L2[☐20, ☐25], Eii: L2[☐30, L0[]], put: L2[V0, V1] -> V0 -> V1 -> L2[V0, _9_], tr: L7[]
[15:24:35.139229]	Trying ff on 0: L0[], 1: L0[], Ebi: L2[☐10, ☐15], Eib: L2[☐20, ☐25], Eii: L2[☐30, L0[]], put: L2[V0, V1] -> V0 -> V1 -> L2[V1, _9_], tr: L7[]
[15:24:35.140357]	Trying ff on 0: L0[], 1: L0[], Ebi: L2[☐10, ☐15], Eib: L2[☐20, ☐25], Eii: L2[☐30, L0[]], put: L2[V0, V2] -> V0 -> V1 -> L2[V0, _9_], tr: L7[]
[15:24:35.141138]	Trying ff on 0: L0[], 1: L0[], Ebi: L2[☐10, ☐15], Eib: L2[☐20, ☐25], Eii: L2[☐30, L0[]], put: L2[V0, V2] -> V0 -> V1 -> L2[V2, _9_], tr: L7[]
[15:24:35.143267]	Trying ff on 0: L0[], 1: L0[], Ebi: L2[☐10, ☐15], Eib: L2[☐20, ☐25], Eii: L2[☐30, L0[]], put: L2[V1, L0[]] -> V0 -> V1 -> L2[V1, _9_], tr: L7[]
[15:24:35.144909]	Trying ff on 0: L0[], 1: L0[], Ebi: L2[☐10, ☐15], Eib: L2[☐20, ☐25], Eii: L2[☐30, L0[]], put: L2[V1, V0] -> V0 -> V1 -> L2[V0, _9_], tr: L7[]
[15:24:35.145414]	Trying ff on 0: L0[], 1: L0[], Ebi: L2[☐10, ☐15], Eib: L2[☐20, ☐25], Eii: L2[☐30, L0[]], put: L2[V1, V0] -> V0 -> V1 -> L2[V1, _9_], tr: L7[]
[15:24:35.146807]	Trying ff on 0: L0[], 1: L0[], Ebi: L2[☐10, ☐15], Eib: L2[☐20, ☐25], Eii: L2[☐30, L0[]], put: L2[V1, V1] -> V0 -> V1 -> L2[V1, _9_], tr: L7[]
[15:24:35.147733]	Trying ff on 0: L0[], 1: L0[], Ebi: L2[☐10, ☐15], Eib: L2[☐20, ☐25], Eii: L2[☐30, L0[]], put: L2[V1, V2] -> V0 -> V1 -> L2[V1, _9_], tr: L7[]
[15:24:35.148302]	Trying ff on 0: L0[], 1: L0[], Ebi: L2[☐10, ☐15], Eib: L2[☐20, ☐25], Eii: L2[☐30, L0[]], put: L2[V1, V2] -> V0 -> V1 -> L2[V2, _9_], tr: L7[]
[15:24:35.150111]	Trying ff on 0: L0[], 1: L0[], Ebi: L2[☐10, ☐15], Eib: L2[☐20, ☐25], Eii: L2[☐30, L0[]], put: L2[V2, L0[]] -> V0 -> V1 -> L2[☐50, L0[]], tr: L7[]
[15:24:35.150776]	Trying ff on 0: L0[], 1: L0[], Ebi: L2[☐10, ☐15], Eib: L2[☐20, ☐25], Eii: L2[☐30, L0[]], put: L2[V2, L0[]] -> V0 -> V1 -> L2[☐50, V2], tr: L7[]
[15:24:35.151785]	Trying ff on 0: L0[], 1: L0[], Ebi: L2[☐10, ☐15], Eib: L2[☐20, ☐25], Eii: L2[☐30, L0[]], put: L2[V2, L0[]] -> V0 -> V1 -> L2[L0[], _9_], tr: L7[]
[15:24:35.152428]	Trying ff on 0: L0[], 1: L0[], Ebi: L2[☐10, ☐15], Eib: L2[☐20, ☐25], Eii: L2[☐30, L0[]], put: L2[V2, L0[]] -> V0 -> V1 -> L2[L7[], _9_], tr: L7[]
[15:24:35.153055]	Trying ff on 0: L0[], 1: L0[], Ebi: L2[☐10, ☐15], Eib: L2[☐20, ☐25], Eii: L2[☐30, L0[]], put: L2[V2, L0[]] -> V0 -> V1 -> L2[V0, _9_], tr: L7[]
[15:24:35.153676]	Trying ff on 0: L0[], 1: L0[], Ebi: L2[☐10, ☐15], Eib: L2[☐20, ☐25], Eii: L2[☐30, L0[]], put: L2[V2, L0[]] -> V0 -> V1 -> L2[V1, _9_], tr: L7[]
[15:24:35.154017]	Trying ff on 0: L0[], 1: L0[], Ebi: L2[☐10, ☐15], Eib: L2[☐20, ☐25], Eii: L2[☐30, L0[]], put: L2[V2, L0[]] -> V0 -> V1 -> L2[V2, _9_], tr: L7[]
[15:24:35.154806]	Trying ff on 0: L0[], 1: L0[], Ebi: L2[☐10, ☐15], Eib: L2[☐20, ☐25], Eii: L2[☐30, L0[]], put: L2[V2, V0] -> V0 -> V1 -> L2[☐50, V0], tr: L7[]
[15:24:35.155307]	Trying ff on 0: L0[], 1: L0[], Ebi: L2[☐10, ☐15], Eib: L2[☐20, ☐25], Eii: L2[☐30, L0[]], put: L2[V2, V0] -> V0 -> V1 -> L2[☐50, V2], tr: L7[]
[15:24:35.156180]	Trying ff on 0: L0[], 1: L0[], Ebi: L2[☐10, ☐15], Eib: L2[☐20, ☐25], Eii: L2[☐30, L0[]], put: L2[V2, V0] -> V0 -> V1 -> L2[L0[], _9_], tr: L7[]
[15:24:35.156617]	Trying ff on 0: L0[], 1: L0[], Ebi: L2[☐10, ☐15], Eib: L2[☐20, ☐25], Eii: L2[☐30, L0[]], put: L2[V2, V0] -> V0 -> V1 -> L2[L7[], _9_], tr: L7[]
[15:24:35.157136]	Trying ff on 0: L0[], 1: L0[], Ebi: L2[☐10, ☐15], Eib: L2[☐20, ☐25], Eii: L2[☐30, L0[]], put: L2[V2, V0] -> V0 -> V1 -> L2[V0, _9_], tr: L7[]
[15:24:35.157733]	Trying ff on 0: L0[], 1: L0[], Ebi: L2[☐10, ☐15], Eib: L2[☐20, ☐25], Eii: L2[☐30, L0[]], put: L2[V2, V0] -> V0 -> V1 -> L2[V1, _9_], tr: L7[]
[15:24:35.158221]	Trying ff on 0: L0[], 1: L0[], Ebi: L2[☐10, ☐15], Eib: L2[☐20, ☐25], Eii: L2[☐30, L0[]], put: L2[V2, V0] -> V0 -> V1 -> L2[V2, _9_], tr: L7[]
[15:24:35.159483]	Trying ff on 0: L0[], 1: L0[], Ebi: L2[☐10, ☐15], Eib: L2[☐20, ☐25], Eii: L2[☐30, L0[]], put: L2[V2, V1] -> V0 -> V1 -> L2[☐50, V1], tr: L7[]
[15:24:35.160097]	Trying ff on 0: L0[], 1: L0[], Ebi: L2[☐10, ☐15], Eib: L2[☐20, ☐25], Eii: L2[☐30, L0[]], put: L2[V2, V1] -> V0 -> V1 -> L2[☐50, V2], tr: L7[]
[15:24:35.161036]	Trying ff on 0: L0[], 1: L0[], Ebi: L2[☐10, ☐15], Eib: L2[☐20, ☐25], Eii: L2[☐30, L0[]], put: L2[V2, V1] -> V0 -> V1 -> L2[L0[], _9_], tr: L7[]
[15:24:35.161579]	Trying ff on 0: L0[], 1: L0[], Ebi: L2[☐10, ☐15], Eib: L2[☐20, ☐25], Eii: L2[☐30, L0[]], put: L2[V2, V1] -> V0 -> V1 -> L2[L7[], _9_], tr: L7[]
[15:24:35.162291]	Trying ff on 0: L0[], 1: L0[], Ebi: L2[☐10, ☐15], Eib: L2[☐20, ☐25], Eii: L2[☐30, L0[]], put: L2[V2, V1] -> V0 -> V1 -> L2[V0, _9_], tr: L7[]
[15:24:35.162993]	Trying ff on 0: L0[], 1: L0[], Ebi: L2[☐10, ☐15], Eib: L2[☐20, ☐25], Eii: L2[☐30, L0[]], put: L2[V2, V1] -> V0 -> V1 -> L2[V1, _9_], tr: L7[]
[15:24:35.163441]	Trying ff on 0: L0[], 1: L0[], Ebi: L2[☐10, ☐15], Eib: L2[☐20, ☐25], Eii: L2[☐30, L0[]], put: L2[V2, V1] -> V0 -> V1 -> L2[V2, _9_], tr: L7[]
[15:24:35.167654]	Trying ff on 0: L0[], 1: L0[], Ebi: L2[☐10, ☐15], Eib: L2[☐20, ☐25], Eii: L2[☐30, L0[]], put: L2[V2, V2] -> V0 -> V1 -> L2[☐50, L0[]], tr: L7[]
[15:24:35.168142]	Trying ff on 0: L0[], 1: L0[], Ebi: L2[☐10, ☐15], Eib: L2[☐20, ☐25], Eii: L2[☐30, L0[]], put: L2[V2, V2] -> V0 -> V1 -> L2[☐50, L7[]], tr: L7[]
[15:24:35.168511]	Trying ff on 0: L0[], 1: L0[], Ebi: L2[☐10, ☐15], Eib: L2[☐20, ☐25], Eii: L2[☐30, L0[]], put: L2[V2, V2] -> V0 -> V1 -> L2[☐50, V0], tr: L7[]
[15:24:35.168916]	Trying ff on 0: L0[], 1: L0[], Ebi: L2[☐10, ☐15], Eib: L2[☐20, ☐25], Eii: L2[☐30, L0[]], put: L2[V2, V2] -> V0 -> V1 -> L2[☐50, V1], tr: L7[]
[15:24:35.169224]	Trying ff on 0: L0[], 1: L0[], Ebi: L2[☐10, ☐15], Eib: L2[☐20, ☐25], Eii: L2[☐30, L0[]], put: L2[V2, V2] -> V0 -> V1 -> L2[☐50, V2], tr: L7[]
[15:24:35.169541]	Trying ff on 0: L0[], 1: L0[], Ebi: L2[☐10, ☐15], Eib: L2[☐20, ☐25], Eii: L2[☐30, L0[]], put: L2[V2, V2] -> V0 -> V1 -> L2[L0[], _9_], tr: L7[]
[15:24:35.169871]	Trying ff on 0: L0[], 1: L0[], Ebi: L2[☐10, ☐15], Eib: L2[☐20, ☐25], Eii: L2[☐30, L0[]], put: L2[V2, V2] -> V0 -> V1 -> L2[L7[], _9_], tr: L7[]
[15:24:35.170333]	Trying ff on 0: L0[], 1: L0[], Ebi: L2[☐10, ☐15], Eib: L2[☐20, ☐25], Eii: L2[☐30, L0[]], put: L2[V2, V2] -> V0 -> V1 -> L2[V0, _9_], tr: L7[]
[15:24:35.170669]	Trying ff on 0: L0[], 1: L0[], Ebi: L2[☐10, ☐15], Eib: L2[☐20, ☐25], Eii: L2[☐30, L0[]], put: L2[V2, V2] -> V0 -> V1 -> L2[V1, _9_], tr: L7[]
[15:24:35.171013]	Trying ff on 0: L0[], 1: L0[], Ebi: L2[☐10, ☐15], Eib: L2[☐20, ☐25], Eii: L2[☐30, L0[]], put: L2[V2, V2] -> V0 -> V1 -> L2[V2, _9_], tr: L7[]
[15:24:35.171930]	Trying ff on 0: L0[], 1: L0[], Ebi: L2[☐10, ☐15], Eib: L2[☐20, ☐25], Eii: L2[☐30, L0[]], put: L2[V2, V3] -> V0 -> V1 -> L2[☐50, L0[]], tr: L7[]
[15:24:35.172237]	Trying ff on 0: L0[], 1: L0[], Ebi: L2[☐10, ☐15], Eib: L2[☐20, ☐25], Eii: L2[☐30, L0[]], put: L2[V2, V3] -> V0 -> V1 -> L2[☐50, L7[]], tr: L7[]
[15:24:35.172574]	Trying ff on 0: L0[], 1: L0[], Ebi: L2[☐10, ☐15], Eib: L2[☐20, ☐25], Eii: L2[☐30, L0[]], put: L2[V2, V3] -> V0 -> V1 -> L2[☐50, V0], tr: L7[]
[15:24:35.173023]	Trying ff on 0: L0[], 1: L0[], Ebi: L2[☐10, ☐15], Eib: L2[☐20, ☐25], Eii: L2[☐30, L0[]], put: L2[V2, V3] -> V0 -> V1 -> L2[☐50, V1], tr: L7[]
[15:24:35.173446]	Trying ff on 0: L0[], 1: L0[], Ebi: L2[☐10, ☐15], Eib: L2[☐20, ☐25], Eii: L2[☐30, L0[]], put: L2[V2, V3] -> V0 -> V1 -> L2[☐50, V2], tr: L7[]
[15:24:35.173757]	Trying ff on 0: L0[], 1: L0[], Ebi: L2[☐10, ☐15], Eib: L2[☐20, ☐25], Eii: L2[☐30, L0[]], put: L2[V2, V3] -> V0 -> V1 -> L2[☐50, V3], tr: L7[]
[15:24:35.174009]	Trying ff on 0: L0[], 1: L0[], Ebi: L2[☐10, ☐15], Eib: L2[☐20, ☐25], Eii: L2[☐30, L0[]], put: L2[V2, V3] -> V0 -> V1 -> L2[L0[], _9_], tr: L7[]
[15:24:35.174249]	Trying ff on 0: L0[], 1: L0[], Ebi: L2[☐10, ☐15], Eib: L2[☐20, ☐25], Eii: L2[☐30, L0[]], put: L2[V2, V3] -> V0 -> V1 -> L2[L7[], _9_], tr: L7[]
[15:24:35.174534]	Trying ff on 0: L0[], 1: L0[], Ebi: L2[☐10, ☐15], Eib: L2[☐20, ☐25], Eii: L2[☐30, L0[]], put: L2[V2, V3] -> V0 -> V1 -> L2[V0, _9_], tr: L7[]
[15:24:35.174828]	Trying ff on 0: L0[], 1: L0[], Ebi: L2[☐10, ☐15], Eib: L2[☐20, ☐25], Eii: L2[☐30, L0[]], put: L2[V2, V3] -> V0 -> V1 -> L2[V1, _9_], tr: L7[]
[15:24:35.175189]	Trying ff on 0: L0[], 1: L0[], Ebi: L2[☐10, ☐15], Eib: L2[☐20, ☐25], Eii: L2[☐30, L0[]], put: L2[V2, V3] -> V0 -> V1 -> L2[V2, _9_], tr: L7[]
[15:24:35.175652]	Trying ff on 0: L0[], 1: L0[], Ebi: L2[☐10, ☐15], Eib: L2[☐20, ☐25], Eii: L2[☐30, L0[]], put: L2[V2, V3] -> V0 -> V1 -> L2[V3, _9_], tr: L7[]
[15:24:35.177784]	Trying ff on 0: L0[], 1: L0[], Ebi: L2[☐10, ☐15], Eib: L2[☐20, ☐25], Eii: L2[☐30, L7[]], put: L2[☐40, L7[]] -> V0 -> V1 -> L2[L0[], L7[]], tr: L7[]
[15:24:35.178588]	Trying ff on 0: L0[], 1: L0[], Ebi: L2[☐10, ☐15], Eib: L2[☐20, ☐25], Eii: L2[☐30, L7[]], put: L2[☐40, L7[]] -> V0 -> V1 -> L2[L7[], L7[]], tr: L7[]
[15:24:35.179560]	Trying ff on 0: L0[], 1: L0[], Ebi: L2[☐10, ☐15], Eib: L2[☐20, ☐25], Eii: L2[☐30, L7[]], put: L2[☐40, L7[]] -> V0 -> V1 -> L2[V0, L7[]], tr: L7[]
[15:24:35.180312]	Trying ff on 0: L0[], 1: L0[], Ebi: L2[☐10, ☐15], Eib: L2[☐20, ☐25], Eii: L2[☐30, L7[]], put: L2[☐40, L7[]] -> V0 -> V1 -> L2[V1, L7[]], tr: L7[]
[15:24:35.183235]	Trying ff on 0: L0[], 1: L0[], Ebi: L2[☐10, ☐15], Eib: L2[☐20, ☐25], Eii: L2[☐30, L7[]], put: L2[☐40, V2] -> V0 -> V1 -> L2[L0[], L0[]], tr: L7[]
[15:24:35.183566]	Trying ff on 0: L0[], 1: L0[], Ebi: L2[☐10, ☐15], Eib: L2[☐20, ☐25], Eii: L2[☐30, L7[]], put: L2[☐40, V2] -> V0 -> V1 -> L2[L0[], L7[]], tr: L7[]
[15:24:35.183864]	Trying ff on 0: L0[], 1: L0[], Ebi: L2[☐10, ☐15], Eib: L2[☐20, ☐25], Eii: L2[☐30, L7[]], put: L2[☐40, V2] -> V0 -> V1 -> L2[L0[], V0], tr: L7[]
[15:24:35.184159]	Trying ff on 0: L0[], 1: L0[], Ebi: L2[☐10, ☐15], Eib: L2[☐20, ☐25], Eii: L2[☐30, L7[]], put: L2[☐40, V2] -> V0 -> V1 -> L2[L0[], V1], tr: L7[]
[15:24:35.184418]	Trying ff on 0: L0[], 1: L0[], Ebi: L2[☐10, ☐15], Eib: L2[☐20, ☐25], Eii: L2[☐30, L7[]], put: L2[☐40, V2] -> V0 -> V1 -> L2[L0[], V2], tr: L7[]
[15:24:35.185169]	Trying ff on 0: L0[], 1: L0[], Ebi: L2[☐10, ☐15], Eib: L2[☐20, ☐25], Eii: L2[☐30, L7[]], put: L2[☐40, V2] -> V0 -> V1 -> L2[L7[], L0[]], tr: L7[]
[15:24:35.185506]	Trying ff on 0: L0[], 1: L0[], Ebi: L2[☐10, ☐15], Eib: L2[☐20, ☐25], Eii: L2[☐30, L7[]], put: L2[☐40, V2] -> V0 -> V1 -> L2[L7[], L7[]], tr: L7[]
[15:24:35.185844]	Trying ff on 0: L0[], 1: L0[], Ebi: L2[☐10, ☐15], Eib: L2[☐20, ☐25], Eii: L2[☐30, L7[]], put: L2[☐40, V2] -> V0 -> V1 -> L2[L7[], V0], tr: L7[]
[15:24:35.186145]	Trying ff on 0: L0[], 1: L0[], Ebi: L2[☐10, ☐15], Eib: L2[☐20, ☐25], Eii: L2[☐30, L7[]], put: L2[☐40, V2] -> V0 -> V1 -> L2[L7[], V1], tr: L7[]
[15:24:35.186498]	Trying ff on 0: L0[], 1: L0[], Ebi: L2[☐10, ☐15], Eib: L2[☐20, ☐25], Eii: L2[☐30, L7[]], put: L2[☐40, V2] -> V0 -> V1 -> L2[L7[], V2], tr: L7[]
[15:24:35.187351]	Trying ff on 0: L0[], 1: L0[], Ebi: L2[☐10, ☐15], Eib: L2[☐20, ☐25], Eii: L2[☐30, L7[]], put: L2[☐40, V2] -> V0 -> V1 -> L2[V0, L0[]], tr: L7[]
[15:24:35.187810]	Trying ff on 0: L0[], 1: L0[], Ebi: L2[☐10, ☐15], Eib: L2[☐20, ☐25], Eii: L2[☐30, L7[]], put: L2[☐40, V2] -> V0 -> V1 -> L2[V0, L7[]], tr: L7[]
[15:24:35.188185]	Trying ff on 0: L0[], 1: L0[], Ebi: L2[☐10, ☐15], Eib: L2[☐20, ☐25], Eii: L2[☐30, L7[]], put: L2[☐40, V2] -> V0 -> V1 -> L2[V0, V0], tr: L7[]
[15:24:35.188621]	Trying ff on 0: L0[], 1: L0[], Ebi: L2[☐10, ☐15], Eib: L2[☐20, ☐25], Eii: L2[☐30, L7[]], put: L2[☐40, V2] -> V0 -> V1 -> L2[V0, V1], tr: L7[]
[15:24:35.189041]	Trying ff on 0: L0[], 1: L0[], Ebi: L2[☐10, ☐15], Eib: L2[☐20, ☐25], Eii: L2[☐30, L7[]], put: L2[☐40, V2] -> V0 -> V1 -> L2[V0, V2], tr: L7[]
[15:24:35.189983]	Trying ff on 0: L0[], 1: L0[], Ebi: L2[☐10, ☐15], Eib: L2[☐20, ☐25], Eii: L2[☐30, L7[]], put: L2[☐40, V2] -> V0 -> V1 -> L2[V1, L0[]], tr: L7[]
[15:24:35.190455]	Trying ff on 0: L0[], 1: L0[], Ebi: L2[☐10, ☐15], Eib: L2[☐20, ☐25], Eii: L2[☐30, L7[]], put: L2[☐40, V2] -> V0 -> V1 -> L2[V1, L7[]], tr: L7[]
[15:24:35.190926]	Trying ff on 0: L0[], 1: L0[], Ebi: L2[☐10, ☐15], Eib: L2[☐20, ☐25], Eii: L2[☐30, L7[]], put: L2[☐40, V2] -> V0 -> V1 -> L2[V1, V0], tr: L7[]
[15:24:35.191463]	Trying ff on 0: L0[], 1: L0[], Ebi: L2[☐10, ☐15], Eib: L2[☐20, ☐25], Eii: L2[☐30, L7[]], put: L2[☐40, V2] -> V0 -> V1 -> L2[V1, V1], tr: L7[]
[15:24:35.191963]	Trying ff on 0: L0[], 1: L0[], Ebi: L2[☐10, ☐15], Eib: L2[☐20, ☐25], Eii: L2[☐30, L7[]], put: L2[☐40, V2] -> V0 -> V1 -> L2[V1, V2], tr: L7[]
[15:24:35.192990]	Trying ff on 0: L0[], 1: L0[], Ebi: L2[☐10, ☐15], Eib: L2[☐20, ☐25], Eii: L2[☐30, L7[]], put: L2[☐40, V2] -> V0 -> V1 -> L2[V2, L0[]], tr: L7[]
[15:24:35.193573]	Trying ff on 0: L0[], 1: L0[], Ebi: L2[☐10, ☐15], Eib: L2[☐20, ☐25], Eii: L2[☐30, L7[]], put: L2[☐40, V2] -> V0 -> V1 -> L2[V2, L7[]], tr: L7[]
[15:24:35.194089]	Trying ff on 0: L0[], 1: L0[], Ebi: L2[☐10, ☐15], Eib: L2[☐20, ☐25], Eii: L2[☐30, L7[]], put: L2[☐40, V2] -> V0 -> V1 -> L2[V2, V0], tr: L7[]
[15:24:35.194556]	Trying ff on 0: L0[], 1: L0[], Ebi: L2[☐10, ☐15], Eib: L2[☐20, ☐25], Eii: L2[☐30, L7[]], put: L2[☐40, V2] -> V0 -> V1 -> L2[V2, V1], tr: L7[]
[15:24:35.195018]	Trying ff on 0: L0[], 1: L0[], Ebi: L2[☐10, ☐15], Eib: L2[☐20, ☐25], Eii: L2[☐30, L7[]], put: L2[☐40, V2] -> V0 -> V1 -> L2[V2, V2], tr: L7[]
[15:24:35.195867]	Trying ff on 0: L0[], 1: L0[], Ebi: L2[☐10, ☐15], Eib: L2[☐20, ☐25], Eii: L2[☐30, L7[]], put: L2[L0[], L7[]] -> V0 -> V1 -> L2[L0[], _9_], tr: L7[]
[15:24:35.196878]	Trying ff on 0: L0[], 1: L0[], Ebi: L2[☐10, ☐15], Eib: L2[☐20, ☐25], Eii: L2[☐30, L7[]], put: L2[L0[], V2] -> V0 -> V1 -> L2[L0[], _9_], tr: L7[]
[15:24:35.198020]	Trying ff on 0: L0[], 1: L0[], Ebi: L2[☐10, ☐15], Eib: L2[☐20, ☐25], Eii: L2[☐30, L7[]], put: L2[L7[], L7[]] -> V0 -> V1 -> L2[L7[], _9_], tr: L7[]
[15:24:35.199375]	Trying ff on 0: L0[], 1: L0[], Ebi: L2[☐10, ☐15], Eib: L2[☐20, ☐25], Eii: L2[☐30, L7[]], put: L2[L7[], V2] -> V0 -> V1 -> L2[L7[], _9_], tr: L7[]
[15:24:35.199902]	Trying ff on 0: L0[], 1: L0[], Ebi: L2[☐10, ☐15], Eib: L2[☐20, ☐25], Eii: L2[☐30, L7[]], put: L2[L7[], V2] -> V0 -> V1 -> L2[V2, _9_], tr: L7[]
[15:24:35.200902]	Trying ff on 0: L0[], 1: L0[], Ebi: L2[☐10, ☐15], Eib: L2[☐20, ☐25], Eii: L2[☐30, L7[]], put: L2[V0, L7[]] -> V0 -> V1 -> L2[V0, _9_], tr: L7[]
[15:24:35.202003]	Trying ff on 0: L0[], 1: L0[], Ebi: L2[☐10, ☐15], Eib: L2[☐20, ☐25], Eii: L2[☐30, L7[]], put: L2[V0, V0] -> V0 -> V1 -> L2[V0, _9_], tr: L7[]
[15:24:35.202810]	Trying ff on 0: L0[], 1: L0[], Ebi: L2[☐10, ☐15], Eib: L2[☐20, ☐25], Eii: L2[☐30, L7[]], put: L2[V0, V2] -> V0 -> V1 -> L2[V0, _9_], tr: L7[]
[15:24:35.203770]	Trying ff on 0: L0[], 1: L0[], Ebi: L2[☐10, ☐15], Eib: L2[☐20, ☐25], Eii: L2[☐30, L7[]], put: L2[V1, L7[]] -> V0 -> V1 -> L2[V1, _9_], tr: L7[]
[15:24:35.204783]	Trying ff on 0: L0[], 1: L0[], Ebi: L2[☐10, ☐15], Eib: L2[☐20, ☐25], Eii: L2[☐30, L7[]], put: L2[V1, V1] -> V0 -> V1 -> L2[V1, _9_], tr: L7[]
[15:24:35.205454]	Trying ff on 0: L0[], 1: L0[], Ebi: L2[☐10, ☐15], Eib: L2[☐20, ☐25], Eii: L2[☐30, L7[]], put: L2[V1, V2] -> V0 -> V1 -> L2[V1, _9_], tr: L7[]
[15:24:35.206996]	Trying ff on 0: L0[], 1: L0[], Ebi: L2[☐10, ☐15], Eib: L2[☐20, ☐25], Eii: L2[☐30, L7[]], put: L2[V2, L7[]] -> V0 -> V1 -> L2[☐50, L7[]], tr: L7[]
[15:24:35.207610]	Trying ff on 0: L0[], 1: L0[], Ebi: L2[☐10, ☐15], Eib: L2[☐20, ☐25], Eii: L2[☐30, L7[]], put: L2[V2, L7[]] -> V0 -> V1 -> L2[☐50, V2], tr: L7[]
[15:24:35.208262]	Trying ff on 0: L0[], 1: L0[], Ebi: L2[☐10, ☐15], Eib: L2[☐20, ☐25], Eii: L2[☐30, L7[]], put: L2[V2, L7[]] -> V0 -> V1 -> L2[L0[], _9_], tr: L7[]
[15:24:35.208671]	Trying ff on 0: L0[], 1: L0[], Ebi: L2[☐10, ☐15], Eib: L2[☐20, ☐25], Eii: L2[☐30, L7[]], put: L2[V2, L7[]] -> V0 -> V1 -> L2[L7[], _9_], tr: L7[]
[15:24:35.209050]	Trying ff on 0: L0[], 1: L0[], Ebi: L2[☐10, ☐15], Eib: L2[☐20, ☐25], Eii: L2[☐30, L7[]], put: L2[V2, L7[]] -> V0 -> V1 -> L2[V0, _9_], tr: L7[]
[15:24:35.209424]	Trying ff on 0: L0[], 1: L0[], Ebi: L2[☐10, ☐15], Eib: L2[☐20, ☐25], Eii: L2[☐30, L7[]], put: L2[V2, L7[]] -> V0 -> V1 -> L2[V1, _9_], tr: L7[]
[15:24:35.209856]	Trying ff on 0: L0[], 1: L0[], Ebi: L2[☐10, ☐15], Eib: L2[☐20, ☐25], Eii: L2[☐30, L7[]], put: L2[V2, L7[]] -> V0 -> V1 -> L2[V2, _9_], tr: L7[]
[15:24:35.211202]	Trying ff on 0: L0[], 1: L0[], Ebi: L2[☐10, ☐15], Eib: L2[☐20, ☐25], Eii: L2[☐30, L7[]], put: L2[V2, V2] -> V0 -> V1 -> L2[☐50, L0[]], tr: L7[]
[15:24:35.211660]	Trying ff on 0: L0[], 1: L0[], Ebi: L2[☐10, ☐15], Eib: L2[☐20, ☐25], Eii: L2[☐30, L7[]], put: L2[V2, V2] -> V0 -> V1 -> L2[☐50, L7[]], tr: L7[]
[15:24:35.212105]	Trying ff on 0: L0[], 1: L0[], Ebi: L2[☐10, ☐15], Eib: L2[☐20, ☐25], Eii: L2[☐30, L7[]], put: L2[V2, V2] -> V0 -> V1 -> L2[☐50, V0], tr: L7[]
[15:24:35.212568]	Trying ff on 0: L0[], 1: L0[], Ebi: L2[☐10, ☐15], Eib: L2[☐20, ☐25], Eii: L2[☐30, L7[]], put: L2[V2, V2] -> V0 -> V1 -> L2[☐50, V1], tr: L7[]
[15:24:35.213020]	Trying ff on 0: L0[], 1: L0[], Ebi: L2[☐10, ☐15], Eib: L2[☐20, ☐25], Eii: L2[☐30, L7[]], put: L2[V2, V2] -> V0 -> V1 -> L2[☐50, V2], tr: L7[]
[15:24:35.213392]	Trying ff on 0: L0[], 1: L0[], Ebi: L2[☐10, ☐15], Eib: L2[☐20, ☐25], Eii: L2[☐30, L7[]], put: L2[V2, V2] -> V0 -> V1 -> L2[L0[], _9_], tr: L7[]
[15:24:35.213807]	Trying ff on 0: L0[], 1: L0[], Ebi: L2[☐10, ☐15], Eib: L2[☐20, ☐25], Eii: L2[☐30, L7[]], put: L2[V2, V2] -> V0 -> V1 -> L2[L7[], _9_], tr: L7[]
[15:24:35.214261]	Trying ff on 0: L0[], 1: L0[], Ebi: L2[☐10, ☐15], Eib: L2[☐20, ☐25], Eii: L2[☐30, L7[]], put: L2[V2, V2] -> V0 -> V1 -> L2[V0, _9_], tr: L7[]
[15:24:35.214759]	Trying ff on 0: L0[], 1: L0[], Ebi: L2[☐10, ☐15], Eib: L2[☐20, ☐25], Eii: L2[☐30, L7[]], put: L2[V2, V2] -> V0 -> V1 -> L2[V1, _9_], tr: L7[]
[15:24:35.215136]	Trying ff on 0: L0[], 1: L0[], Ebi: L2[☐10, ☐15], Eib: L2[☐20, ☐25], Eii: L2[☐30, L7[]], put: L2[V2, V2] -> V0 -> V1 -> L2[V2, _9_], tr: L7[]
[15:24:35.216433]	Trying ff on 0: L0[], 1: L0[], Ebi: L2[☐10, ☐15], Eib: L2[☐20, ☐25], Eii: L2[☐30, L7[]], put: L2[V2, V3] -> V0 -> V1 -> L2[☐50, L0[]], tr: L7[]
[15:24:35.217019]	Trying ff on 0: L0[], 1: L0[], Ebi: L2[☐10, ☐15], Eib: L2[☐20, ☐25], Eii: L2[☐30, L7[]], put: L2[V2, V3] -> V0 -> V1 -> L2[☐50, L7[]], tr: L7[]
[15:24:35.217586]	Trying ff on 0: L0[], 1: L0[], Ebi: L2[☐10, ☐15], Eib: L2[☐20, ☐25], Eii: L2[☐30, L7[]], put: L2[V2, V3] -> V0 -> V1 -> L2[☐50, V0], tr: L7[]
[15:24:35.218096]	Trying ff on 0: L0[], 1: L0[], Ebi: L2[☐10, ☐15], Eib: L2[☐20, ☐25], Eii: L2[☐30, L7[]], put: L2[V2, V3] -> V0 -> V1 -> L2[☐50, V1], tr: L7[]
[15:24:35.218547]	Trying ff on 0: L0[], 1: L0[], Ebi: L2[☐10, ☐15], Eib: L2[☐20, ☐25], Eii: L2[☐30, L7[]], put: L2[V2, V3] -> V0 -> V1 -> L2[☐50, V2], tr: L7[]
[15:24:35.219017]	Trying ff on 0: L0[], 1: L0[], Ebi: L2[☐10, ☐15], Eib: L2[☐20, ☐25], Eii: L2[☐30, L7[]], put: L2[V2, V3] -> V0 -> V1 -> L2[☐50, V3], tr: L7[]
[15:24:35.219461]	Trying ff on 0: L0[], 1: L0[], Ebi: L2[☐10, ☐15], Eib: L2[☐20, ☐25], Eii: L2[☐30, L7[]], put: L2[V2, V3] -> V0 -> V1 -> L2[L0[], _9_], tr: L7[]
[15:24:35.219972]	Trying ff on 0: L0[], 1: L0[], Ebi: L2[☐10, ☐15], Eib: L2[☐20, ☐25], Eii: L2[☐30, L7[]], put: L2[V2, V3] -> V0 -> V1 -> L2[L7[], _9_], tr: L7[]
[15:24:35.220464]	Trying ff on 0: L0[], 1: L0[], Ebi: L2[☐10, ☐15], Eib: L2[☐20, ☐25], Eii: L2[☐30, L7[]], put: L2[V2, V3] -> V0 -> V1 -> L2[V0, _9_], tr: L7[]
[15:24:35.220961]	Trying ff on 0: L0[], 1: L0[], Ebi: L2[☐10, ☐15], Eib: L2[☐20, ☐25], Eii: L2[☐30, L7[]], put: L2[V2, V3] -> V0 -> V1 -> L2[V1, _9_], tr: L7[]
[15:24:35.221433]	Trying ff on 0: L0[], 1: L0[], Ebi: L2[☐10, ☐15], Eib: L2[☐20, ☐25], Eii: L2[☐30, L7[]], put: L2[V2, V3] -> V0 -> V1 -> L2[V2, _9_], tr: L7[]
[15:24:35.221943]	Trying ff on 0: L0[], 1: L0[], Ebi: L2[☐10, ☐15], Eib: L2[☐20, ☐25], Eii: L2[☐30, L7[]], put: L2[V2, V3] -> V0 -> V1 -> L2[V3, _9_], tr: L7[]
[15:24:35.223552]	Trying ff on 0: L0[], 1: L0[], Ebi: L2[☐10, ☐15], Eib: L2[☐20, ☐25], Eii: L2[L0[], ☐35], put: L2[L0[], ☐45] -> V0 -> V1 -> L2[L0[], L0[]], tr: L7[]
[15:24:35.223980]	Trying ff on 0: L0[], 1: L0[], Ebi: L2[☐10, ☐15], Eib: L2[☐20, ☐25], Eii: L2[L0[], ☐35], put: L2[L0[], ☐45] -> V0 -> V1 -> L2[L0[], L7[]], tr: L7[]
[15:24:35.224340]	Trying ff on 0: L0[], 1: L0[], Ebi: L2[☐10, ☐15], Eib: L2[☐20, ☐25], Eii: L2[L0[], ☐35], put: L2[L0[], ☐45] -> V0 -> V1 -> L2[L0[], V0], tr: L7[]
[15:24:35.224657]	Trying ff on 0: L0[], 1: L0[], Ebi: L2[☐10, ☐15], Eib: L2[☐20, ☐25], Eii: L2[L0[], ☐35], put: L2[L0[], ☐45] -> V0 -> V1 -> L2[L0[], V1], tr: L7[]
[15:24:35.225372]	Trying ff on 0: L0[], 1: L0[], Ebi: L2[☐10, ☐15], Eib: L2[☐20, ☐25], Eii: L2[L0[], ☐35], put: L2[L0[], L0[]] -> V0 -> V1 -> L2[L0[], _9_], tr: L7[]
[15:24:35.226277]	Trying ff on 0: L0[], 1: L0[], Ebi: L2[☐10, ☐15], Eib: L2[☐20, ☐25], Eii: L2[L0[], ☐35], put: L2[L0[], L7[]] -> V0 -> V1 -> L2[L0[], _9_], tr: L7[]
[15:24:35.227097]	Trying ff on 0: L0[], 1: L0[], Ebi: L2[☐10, ☐15], Eib: L2[☐20, ☐25], Eii: L2[L0[], ☐35], put: L2[L0[], V0] -> V0 -> V1 -> L2[L0[], _9_], tr: L7[]
[15:24:35.227588]	Trying ff on 0: L0[], 1: L0[], Ebi: L2[☐10, ☐15], Eib: L2[☐20, ☐25], Eii: L2[L0[], ☐35], put: L2[L0[], V0] -> V0 -> V1 -> L2[V0, _9_], tr: L7[]
[15:24:35.228053]	Trying ff on 0: L0[], 1: L0[], Ebi: L2[☐10, ☐15], Eib: L2[☐20, ☐25], Eii: L2[L0[], ☐35], put: L2[L0[], V1] -> V0 -> V1 -> L2[L0[], _9_], tr: L7[]
[15:24:35.228442]	Trying ff on 0: L0[], 1: L0[], Ebi: L2[☐10, ☐15], Eib: L2[☐20, ☐25], Eii: L2[L0[], ☐35], put: L2[L0[], V1] -> V0 -> V1 -> L2[V1, _9_], tr: L7[]
[15:24:35.228956]	Trying ff on 0: L0[], 1: L0[], Ebi: L2[☐10, ☐15], Eib: L2[☐20, ☐25], Eii: L2[L0[], ☐35], put: L2[L0[], V2] -> V0 -> V1 -> L2[L0[], _9_], tr: L7[]
[15:24:35.229425]	Trying ff on 0: L0[], 1: L0[], Ebi: L2[☐10, ☐15], Eib: L2[☐20, ☐25], Eii: L2[L0[], ☐35], put: L2[L0[], V2] -> V0 -> V1 -> L2[V2, _9_], tr: L7[]
[15:24:35.230611]	Trying ff on 0: L0[], 1: L0[], Ebi: L2[☐10, ☐15], Eib: L2[☐20, ☐25], Eii: L2[L0[], ☐35], put: L2[V0, ☐45] -> V0 -> V1 -> L2[V0, L0[]], tr: L7[]
[15:24:35.230949]	Trying ff on 0: L0[], 1: L0[], Ebi: L2[☐10, ☐15], Eib: L2[☐20, ☐25], Eii: L2[L0[], ☐35], put: L2[V0, ☐45] -> V0 -> V1 -> L2[V0, L7[]], tr: L7[]
[15:24:35.231212]	Trying ff on 0: L0[], 1: L0[], Ebi: L2[☐10, ☐15], Eib: L2[☐20, ☐25], Eii: L2[L0[], ☐35], put: L2[V0, ☐45] -> V0 -> V1 -> L2[V0, V0], tr: L7[]
[15:24:35.231485]	Trying ff on 0: L0[], 1: L0[], Ebi: L2[☐10, ☐15], Eib: L2[☐20, ☐25], Eii: L2[L0[], ☐35], put: L2[V0, ☐45] -> V0 -> V1 -> L2[V0, V1], tr: L7[]
[15:24:35.231954]	Trying ff on 0: L0[], 1: L0[], Ebi: L2[☐10, ☐15], Eib: L2[☐20, ☐25], Eii: L2[L0[], ☐35], put: L2[V0, L0[]] -> V0 -> V1 -> L2[V0, _9_], tr: L7[]
[15:24:35.232687]	Trying ff on 0: L0[], 1: L0[], Ebi: L2[☐10, ☐15], Eib: L2[☐20, ☐25], Eii: L2[L0[], ☐35], put: L2[V0, L7[]] -> V0 -> V1 -> L2[V0, _9_], tr: L7[]
[15:24:35.233385]	Trying ff on 0: L0[], 1: L0[], Ebi: L2[☐10, ☐15], Eib: L2[☐20, ☐25], Eii: L2[L0[], ☐35], put: L2[V0, V0] -> V0 -> V1 -> L2[V0, _9_], tr: L7[]
[15:24:35.233929]	Trying ff on 0: L0[], 1: L0[], Ebi: L2[☐10, ☐15], Eib: L2[☐20, ☐25], Eii: L2[L0[], ☐35], put: L2[V0, V1] -> V0 -> V1 -> L2[V0, _9_], tr: L7[]
[15:24:35.234367]	Trying ff on 0: L0[], 1: L0[], Ebi: L2[☐10, ☐15], Eib: L2[☐20, ☐25], Eii: L2[L0[], ☐35], put: L2[V0, V1] -> V0 -> V1 -> L2[V1, _9_], tr: L7[]
[15:24:35.234892]	Trying ff on 0: L0[], 1: L0[], Ebi: L2[☐10, ☐15], Eib: L2[☐20, ☐25], Eii: L2[L0[], ☐35], put: L2[V0, V2] -> V0 -> V1 -> L2[V0, _9_], tr: L7[]
[15:24:35.235195]	Trying ff on 0: L0[], 1: L0[], Ebi: L2[☐10, ☐15], Eib: L2[☐20, ☐25], Eii: L2[L0[], ☐35], put: L2[V0, V2] -> V0 -> V1 -> L2[V2, _9_], tr: L7[]
[15:24:35.236403]	Trying ff on 0: L0[], 1: L0[], Ebi: L2[☐10, ☐15], Eib: L2[☐20, ☐25], Eii: L2[L0[], ☐35], put: L2[V1, ☐45] -> V0 -> V1 -> L2[V1, L0[]], tr: L7[]
[15:24:35.236779]	Trying ff on 0: L0[], 1: L0[], Ebi: L2[☐10, ☐15], Eib: L2[☐20, ☐25], Eii: L2[L0[], ☐35], put: L2[V1, ☐45] -> V0 -> V1 -> L2[V1, L7[]], tr: L7[]
[15:24:35.237156]	Trying ff on 0: L0[], 1: L0[], Ebi: L2[☐10, ☐15], Eib: L2[☐20, ☐25], Eii: L2[L0[], ☐35], put: L2[V1, ☐45] -> V0 -> V1 -> L2[V1, V0], tr: L7[]
[15:24:35.237493]	Trying ff on 0: L0[], 1: L0[], Ebi: L2[☐10, ☐15], Eib: L2[☐20, ☐25], Eii: L2[L0[], ☐35], put: L2[V1, ☐45] -> V0 -> V1 -> L2[V1, V1], tr: L7[]
[15:24:35.238116]	Trying ff on 0: L0[], 1: L0[], Ebi: L2[☐10, ☐15], Eib: L2[☐20, ☐25], Eii: L2[L0[], ☐35], put: L2[V1, L0[]] -> V0 -> V1 -> L2[V1, _9_], tr: L7[]
[15:24:35.239124]	Trying ff on 0: L0[], 1: L0[], Ebi: L2[☐10, ☐15], Eib: L2[☐20, ☐25], Eii: L2[L0[], ☐35], put: L2[V1, L7[]] -> V0 -> V1 -> L2[V1, _9_], tr: L7[]
[15:24:35.240289]	Trying ff on 0: L0[], 1: L0[], Ebi: L2[☐10, ☐15], Eib: L2[☐20, ☐25], Eii: L2[L0[], ☐35], put: L2[V1, V0] -> V0 -> V1 -> L2[V0, _9_], tr: L7[]
[15:24:35.240856]	Trying ff on 0: L0[], 1: L0[], Ebi: L2[☐10, ☐15], Eib: L2[☐20, ☐25], Eii: L2[L0[], ☐35], put: L2[V1, V0] -> V0 -> V1 -> L2[V1, _9_], tr: L7[]
[15:24:35.241940]	Trying ff on 0: L0[], 1: L0[], Ebi: L2[☐10, ☐15], Eib: L2[☐20, ☐25], Eii: L2[L0[], ☐35], put: L2[V1, V1] -> V0 -> V1 -> L2[V1, _9_], tr: L7[]
[15:24:35.242763]	Trying ff on 0: L0[], 1: L0[], Ebi: L2[☐10, ☐15], Eib: L2[☐20, ☐25], Eii: L2[L0[], ☐35], put: L2[V1, V2] -> V0 -> V1 -> L2[V1, _9_], tr: L7[]
[15:24:35.243227]	Trying ff on 0: L0[], 1: L0[], Ebi: L2[☐10, ☐15], Eib: L2[☐20, ☐25], Eii: L2[L0[], ☐35], put: L2[V1, V2] -> V0 -> V1 -> L2[V2, _9_], tr: L7[]
[15:24:35.245669]	Trying ff on 0: L0[], 1: L0[], Ebi: L2[☐10, ☐15], Eib: L2[☐20, ☐25], Eii: L2[L0[], ☐35], put: L2[V2, ☐45] -> V0 -> V1 -> L2[L0[], L0[]], tr: L7[]
[15:24:35.246007]	Trying ff on 0: L0[], 1: L0[], Ebi: L2[☐10, ☐15], Eib: L2[☐20, ☐25], Eii: L2[L0[], ☐35], put: L2[V2, ☐45] -> V0 -> V1 -> L2[L0[], L7[]], tr: L7[]
[15:24:35.246296]	Trying ff on 0: L0[], 1: L0[], Ebi: L2[☐10, ☐15], Eib: L2[☐20, ☐25], Eii: L2[L0[], ☐35], put: L2[V2, ☐45] -> V0 -> V1 -> L2[L0[], V0], tr: L7[]
[15:24:35.246626]	Trying ff on 0: L0[], 1: L0[], Ebi: L2[☐10, ☐15], Eib: L2[☐20, ☐25], Eii: L2[L0[], ☐35], put: L2[V2, ☐45] -> V0 -> V1 -> L2[L0[], V1], tr: L7[]
[15:24:35.246908]	Trying ff on 0: L0[], 1: L0[], Ebi: L2[☐10, ☐15], Eib: L2[☐20, ☐25], Eii: L2[L0[], ☐35], put: L2[V2, ☐45] -> V0 -> V1 -> L2[L0[], V2], tr: L7[]
[15:24:35.247519]	Trying ff on 0: L0[], 1: L0[], Ebi: L2[☐10, ☐15], Eib: L2[☐20, ☐25], Eii: L2[L0[], ☐35], put: L2[V2, ☐45] -> V0 -> V1 -> L2[L7[], L0[]], tr: L7[]
[15:24:35.247806]	Trying ff on 0: L0[], 1: L0[], Ebi: L2[☐10, ☐15], Eib: L2[☐20, ☐25], Eii: L2[L0[], ☐35], put: L2[V2, ☐45] -> V0 -> V1 -> L2[L7[], L7[]], tr: L7[]
[15:24:35.248083]	Trying ff on 0: L0[], 1: L0[], Ebi: L2[☐10, ☐15], Eib: L2[☐20, ☐25], Eii: L2[L0[], ☐35], put: L2[V2, ☐45] -> V0 -> V1 -> L2[L7[], V0], tr: L7[]
[15:24:35.248358]	Trying ff on 0: L0[], 1: L0[], Ebi: L2[☐10, ☐15], Eib: L2[☐20, ☐25], Eii: L2[L0[], ☐35], put: L2[V2, ☐45] -> V0 -> V1 -> L2[L7[], V1], tr: L7[]
[15:24:35.248611]	Trying ff on 0: L0[], 1: L0[], Ebi: L2[☐10, ☐15], Eib: L2[☐20, ☐25], Eii: L2[L0[], ☐35], put: L2[V2, ☐45] -> V0 -> V1 -> L2[L7[], V2], tr: L7[]
[15:24:35.249238]	Trying ff on 0: L0[], 1: L0[], Ebi: L2[☐10, ☐15], Eib: L2[☐20, ☐25], Eii: L2[L0[], ☐35], put: L2[V2, ☐45] -> V0 -> V1 -> L2[V0, L0[]], tr: L7[]
[15:24:35.249528]	Trying ff on 0: L0[], 1: L0[], Ebi: L2[☐10, ☐15], Eib: L2[☐20, ☐25], Eii: L2[L0[], ☐35], put: L2[V2, ☐45] -> V0 -> V1 -> L2[V0, L7[]], tr: L7[]
[15:24:35.249828]	Trying ff on 0: L0[], 1: L0[], Ebi: L2[☐10, ☐15], Eib: L2[☐20, ☐25], Eii: L2[L0[], ☐35], put: L2[V2, ☐45] -> V0 -> V1 -> L2[V0, V0], tr: L7[]
[15:24:35.250198]	Trying ff on 0: L0[], 1: L0[], Ebi: L2[☐10, ☐15], Eib: L2[☐20, ☐25], Eii: L2[L0[], ☐35], put: L2[V2, ☐45] -> V0 -> V1 -> L2[V0, V1], tr: L7[]
[15:24:35.250553]	Trying ff on 0: L0[], 1: L0[], Ebi: L2[☐10, ☐15], Eib: L2[☐20, ☐25], Eii: L2[L0[], ☐35], put: L2[V2, ☐45] -> V0 -> V1 -> L2[V0, V2], tr: L7[]
[15:24:35.251501]	Trying ff on 0: L0[], 1: L0[], Ebi: L2[☐10, ☐15], Eib: L2[☐20, ☐25], Eii: L2[L0[], ☐35], put: L2[V2, ☐45] -> V0 -> V1 -> L2[V1, L0[]], tr: L7[]
[15:24:35.251965]	Trying ff on 0: L0[], 1: L0[], Ebi: L2[☐10, ☐15], Eib: L2[☐20, ☐25], Eii: L2[L0[], ☐35], put: L2[V2, ☐45] -> V0 -> V1 -> L2[V1, L7[]], tr: L7[]
[15:24:35.252436]	Trying ff on 0: L0[], 1: L0[], Ebi: L2[☐10, ☐15], Eib: L2[☐20, ☐25], Eii: L2[L0[], ☐35], put: L2[V2, ☐45] -> V0 -> V1 -> L2[V1, V0], tr: L7[]
[15:24:35.252863]	Trying ff on 0: L0[], 1: L0[], Ebi: L2[☐10, ☐15], Eib: L2[☐20, ☐25], Eii: L2[L0[], ☐35], put: L2[V2, ☐45] -> V0 -> V1 -> L2[V1, V1], tr: L7[]
[15:24:35.253238]	Trying ff on 0: L0[], 1: L0[], Ebi: L2[☐10, ☐15], Eib: L2[☐20, ☐25], Eii: L2[L0[], ☐35], put: L2[V2, ☐45] -> V0 -> V1 -> L2[V1, V2], tr: L7[]
[15:24:35.254099]	Trying ff on 0: L0[], 1: L0[], Ebi: L2[☐10, ☐15], Eib: L2[☐20, ☐25], Eii: L2[L0[], ☐35], put: L2[V2, ☐45] -> V0 -> V1 -> L2[V2, L0[]], tr: L7[]
[15:24:35.254500]	Trying ff on 0: L0[], 1: L0[], Ebi: L2[☐10, ☐15], Eib: L2[☐20, ☐25], Eii: L2[L0[], ☐35], put: L2[V2, ☐45] -> V0 -> V1 -> L2[V2, L7[]], tr: L7[]
[15:24:35.254971]	Trying ff on 0: L0[], 1: L0[], Ebi: L2[☐10, ☐15], Eib: L2[☐20, ☐25], Eii: L2[L0[], ☐35], put: L2[V2, ☐45] -> V0 -> V1 -> L2[V2, V0], tr: L7[]
[15:24:35.255396]	Trying ff on 0: L0[], 1: L0[], Ebi: L2[☐10, ☐15], Eib: L2[☐20, ☐25], Eii: L2[L0[], ☐35], put: L2[V2, ☐45] -> V0 -> V1 -> L2[V2, V1], tr: L7[]
[15:24:35.255720]	Trying ff on 0: L0[], 1: L0[], Ebi: L2[☐10, ☐15], Eib: L2[☐20, ☐25], Eii: L2[L0[], ☐35], put: L2[V2, ☐45] -> V0 -> V1 -> L2[V2, V2], tr: L7[]
[15:24:35.256511]	Trying ff on 0: L0[], 1: L0[], Ebi: L2[☐10, ☐15], Eib: L2[☐20, ☐25], Eii: L2[L0[], ☐35], put: L2[V2, L0[]] -> V0 -> V1 -> L2[☐50, L0[]], tr: L7[]
[15:24:35.256976]	Trying ff on 0: L0[], 1: L0[], Ebi: L2[☐10, ☐15], Eib: L2[☐20, ☐25], Eii: L2[L0[], ☐35], put: L2[V2, L0[]] -> V0 -> V1 -> L2[☐50, V2], tr: L7[]
[15:24:35.257536]	Trying ff on 0: L0[], 1: L0[], Ebi: L2[☐10, ☐15], Eib: L2[☐20, ☐25], Eii: L2[L0[], ☐35], put: L2[V2, L0[]] -> V0 -> V1 -> L2[L0[], _9_], tr: L7[]
[15:24:35.257885]	Trying ff on 0: L0[], 1: L0[], Ebi: L2[☐10, ☐15], Eib: L2[☐20, ☐25], Eii: L2[L0[], ☐35], put: L2[V2, L0[]] -> V0 -> V1 -> L2[L7[], _9_], tr: L7[]
[15:24:35.258219]	Trying ff on 0: L0[], 1: L0[], Ebi: L2[☐10, ☐15], Eib: L2[☐20, ☐25], Eii: L2[L0[], ☐35], put: L2[V2, L0[]] -> V0 -> V1 -> L2[V0, _9_], tr: L7[]
[15:24:35.258604]	Trying ff on 0: L0[], 1: L0[], Ebi: L2[☐10, ☐15], Eib: L2[☐20, ☐25], Eii: L2[L0[], ☐35], put: L2[V2, L0[]] -> V0 -> V1 -> L2[V1, _9_], tr: L7[]
[15:24:35.258893]	Trying ff on 0: L0[], 1: L0[], Ebi: L2[☐10, ☐15], Eib: L2[☐20, ☐25], Eii: L2[L0[], ☐35], put: L2[V2, L0[]] -> V0 -> V1 -> L2[V2, _9_], tr: L7[]
[15:24:35.259493]	Trying ff on 0: L0[], 1: L0[], Ebi: L2[☐10, ☐15], Eib: L2[☐20, ☐25], Eii: L2[L0[], ☐35], put: L2[V2, L7[]] -> V0 -> V1 -> L2[☐50, L7[]], tr: L7[]
[15:24:35.259941]	Trying ff on 0: L0[], 1: L0[], Ebi: L2[☐10, ☐15], Eib: L2[☐20, ☐25], Eii: L2[L0[], ☐35], put: L2[V2, L7[]] -> V0 -> V1 -> L2[L0[], _9_], tr: L7[]
[15:24:35.260255]	Trying ff on 0: L0[], 1: L0[], Ebi: L2[☐10, ☐15], Eib: L2[☐20, ☐25], Eii: L2[L0[], ☐35], put: L2[V2, L7[]] -> V0 -> V1 -> L2[L7[], _9_], tr: L7[]
[15:24:35.260630]	Trying ff on 0: L0[], 1: L0[], Ebi: L2[☐10, ☐15], Eib: L2[☐20, ☐25], Eii: L2[L0[], ☐35], put: L2[V2, L7[]] -> V0 -> V1 -> L2[V0, _9_], tr: L7[]
[15:24:35.261030]	Trying ff on 0: L0[], 1: L0[], Ebi: L2[☐10, ☐15], Eib: L2[☐20, ☐25], Eii: L2[L0[], ☐35], put: L2[V2, L7[]] -> V0 -> V1 -> L2[V1, _9_], tr: L7[]
[15:24:35.261380]	Trying ff on 0: L0[], 1: L0[], Ebi: L2[☐10, ☐15], Eib: L2[☐20, ☐25], Eii: L2[L0[], ☐35], put: L2[V2, L7[]] -> V0 -> V1 -> L2[V2, _9_], tr: L7[]
[15:24:35.262287]	Trying ff on 0: L0[], 1: L0[], Ebi: L2[☐10, ☐15], Eib: L2[☐20, ☐25], Eii: L2[L0[], ☐35], put: L2[V2, V0] -> V0 -> V1 -> L2[☐50, V0], tr: L7[]
[15:24:35.262749]	Trying ff on 0: L0[], 1: L0[], Ebi: L2[☐10, ☐15], Eib: L2[☐20, ☐25], Eii: L2[L0[], ☐35], put: L2[V2, V0] -> V0 -> V1 -> L2[☐50, V2], tr: L7[]
[15:24:35.263653]	Trying ff on 0: L0[], 1: L0[], Ebi: L2[☐10, ☐15], Eib: L2[☐20, ☐25], Eii: L2[L0[], ☐35], put: L2[V2, V0] -> V0 -> V1 -> L2[L0[], _9_], tr: L7[]
[15:24:35.264337]	Trying ff on 0: L0[], 1: L0[], Ebi: L2[☐10, ☐15], Eib: L2[☐20, ☐25], Eii: L2[L0[], ☐35], put: L2[V2, V0] -> V0 -> V1 -> L2[L7[], _9_], tr: L7[]
[15:24:35.264744]	Trying ff on 0: L0[], 1: L0[], Ebi: L2[☐10, ☐15], Eib: L2[☐20, ☐25], Eii: L2[L0[], ☐35], put: L2[V2, V0] -> V0 -> V1 -> L2[V0, _9_], tr: L7[]
[15:24:35.265165]	Trying ff on 0: L0[], 1: L0[], Ebi: L2[☐10, ☐15], Eib: L2[☐20, ☐25], Eii: L2[L0[], ☐35], put: L2[V2, V0] -> V0 -> V1 -> L2[V1, _9_], tr: L7[]
[15:24:35.265506]	Trying ff on 0: L0[], 1: L0[], Ebi: L2[☐10, ☐15], Eib: L2[☐20, ☐25], Eii: L2[L0[], ☐35], put: L2[V2, V0] -> V0 -> V1 -> L2[V2, _9_], tr: L7[]
[15:24:35.266395]	Trying ff on 0: L0[], 1: L0[], Ebi: L2[☐10, ☐15], Eib: L2[☐20, ☐25], Eii: L2[L0[], ☐35], put: L2[V2, V1] -> V0 -> V1 -> L2[☐50, V1], tr: L7[]
[15:24:35.266832]	Trying ff on 0: L0[], 1: L0[], Ebi: L2[☐10, ☐15], Eib: L2[☐20, ☐25], Eii: L2[L0[], ☐35], put: L2[V2, V1] -> V0 -> V1 -> L2[☐50, V2], tr: L7[]
[15:24:35.267655]	Trying ff on 0: L0[], 1: L0[], Ebi: L2[☐10, ☐15], Eib: L2[☐20, ☐25], Eii: L2[L0[], ☐35], put: L2[V2, V1] -> V0 -> V1 -> L2[L0[], _9_], tr: L7[]
[15:24:35.268114]	Trying ff on 0: L0[], 1: L0[], Ebi: L2[☐10, ☐15], Eib: L2[☐20, ☐25], Eii: L2[L0[], ☐35], put: L2[V2, V1] -> V0 -> V1 -> L2[L7[], _9_], tr: L7[]
[15:24:35.268558]	Trying ff on 0: L0[], 1: L0[], Ebi: L2[☐10, ☐15], Eib: L2[☐20, ☐25], Eii: L2[L0[], ☐35], put: L2[V2, V1] -> V0 -> V1 -> L2[V0, _9_], tr: L7[]
[15:24:35.268995]	Trying ff on 0: L0[], 1: L0[], Ebi: L2[☐10, ☐15], Eib: L2[☐20, ☐25], Eii: L2[L0[], ☐35], put: L2[V2, V1] -> V0 -> V1 -> L2[V1, _9_], tr: L7[]
[15:24:35.269448]	Trying ff on 0: L0[], 1: L0[], Ebi: L2[☐10, ☐15], Eib: L2[☐20, ☐25], Eii: L2[L0[], ☐35], put: L2[V2, V1] -> V0 -> V1 -> L2[V2, _9_], tr: L7[]
[15:24:35.270539]	Trying ff on 0: L0[], 1: L0[], Ebi: L2[☐10, ☐15], Eib: L2[☐20, ☐25], Eii: L2[L0[], ☐35], put: L2[V2, V2] -> V0 -> V1 -> L2[☐50, L0[]], tr: L7[]
[15:24:35.271002]	Trying ff on 0: L0[], 1: L0[], Ebi: L2[☐10, ☐15], Eib: L2[☐20, ☐25], Eii: L2[L0[], ☐35], put: L2[V2, V2] -> V0 -> V1 -> L2[☐50, L7[]], tr: L7[]
[15:24:35.271412]	Trying ff on 0: L0[], 1: L0[], Ebi: L2[☐10, ☐15], Eib: L2[☐20, ☐25], Eii: L2[L0[], ☐35], put: L2[V2, V2] -> V0 -> V1 -> L2[☐50, V0], tr: L7[]
[15:24:35.271827]	Trying ff on 0: L0[], 1: L0[], Ebi: L2[☐10, ☐15], Eib: L2[☐20, ☐25], Eii: L2[L0[], ☐35], put: L2[V2, V2] -> V0 -> V1 -> L2[☐50, V1], tr: L7[]
[15:24:35.272191]	Trying ff on 0: L0[], 1: L0[], Ebi: L2[☐10, ☐15], Eib: L2[☐20, ☐25], Eii: L2[L0[], ☐35], put: L2[V2, V2] -> V0 -> V1 -> L2[☐50, V2], tr: L7[]
[15:24:35.272558]	Trying ff on 0: L0[], 1: L0[], Ebi: L2[☐10, ☐15], Eib: L2[☐20, ☐25], Eii: L2[L0[], ☐35], put: L2[V2, V2] -> V0 -> V1 -> L2[L0[], _9_], tr: L7[]
[15:24:35.272911]	Trying ff on 0: L0[], 1: L0[], Ebi: L2[☐10, ☐15], Eib: L2[☐20, ☐25], Eii: L2[L0[], ☐35], put: L2[V2, V2] -> V0 -> V1 -> L2[L7[], _9_], tr: L7[]
[15:24:35.273284]	Trying ff on 0: L0[], 1: L0[], Ebi: L2[☐10, ☐15], Eib: L2[☐20, ☐25], Eii: L2[L0[], ☐35], put: L2[V2, V2] -> V0 -> V1 -> L2[V0, _9_], tr: L7[]
[15:24:35.273651]	Trying ff on 0: L0[], 1: L0[], Ebi: L2[☐10, ☐15], Eib: L2[☐20, ☐25], Eii: L2[L0[], ☐35], put: L2[V2, V2] -> V0 -> V1 -> L2[V1, _9_], tr: L7[]
[15:24:35.274003]	Trying ff on 0: L0[], 1: L0[], Ebi: L2[☐10, ☐15], Eib: L2[☐20, ☐25], Eii: L2[L0[], ☐35], put: L2[V2, V2] -> V0 -> V1 -> L2[V2, _9_], tr: L7[]
[15:24:35.275200]	Trying ff on 0: L0[], 1: L0[], Ebi: L2[☐10, ☐15], Eib: L2[☐20, ☐25], Eii: L2[L0[], ☐35], put: L2[V2, V3] -> V0 -> V1 -> L2[☐50, L0[]], tr: L7[]
[15:24:35.275611]	Trying ff on 0: L0[], 1: L0[], Ebi: L2[☐10, ☐15], Eib: L2[☐20, ☐25], Eii: L2[L0[], ☐35], put: L2[V2, V3] -> V0 -> V1 -> L2[☐50, L7[]], tr: L7[]
[15:24:35.276007]	Trying ff on 0: L0[], 1: L0[], Ebi: L2[☐10, ☐15], Eib: L2[☐20, ☐25], Eii: L2[L0[], ☐35], put: L2[V2, V3] -> V0 -> V1 -> L2[☐50, V0], tr: L7[]
[15:24:35.276413]	Trying ff on 0: L0[], 1: L0[], Ebi: L2[☐10, ☐15], Eib: L2[☐20, ☐25], Eii: L2[L0[], ☐35], put: L2[V2, V3] -> V0 -> V1 -> L2[☐50, V1], tr: L7[]
[15:24:35.276765]	Trying ff on 0: L0[], 1: L0[], Ebi: L2[☐10, ☐15], Eib: L2[☐20, ☐25], Eii: L2[L0[], ☐35], put: L2[V2, V3] -> V0 -> V1 -> L2[☐50, V2], tr: L7[]
[15:24:35.277143]	Trying ff on 0: L0[], 1: L0[], Ebi: L2[☐10, ☐15], Eib: L2[☐20, ☐25], Eii: L2[L0[], ☐35], put: L2[V2, V3] -> V0 -> V1 -> L2[☐50, V3], tr: L7[]
[15:24:35.277520]	Trying ff on 0: L0[], 1: L0[], Ebi: L2[☐10, ☐15], Eib: L2[☐20, ☐25], Eii: L2[L0[], ☐35], put: L2[V2, V3] -> V0 -> V1 -> L2[L0[], _9_], tr: L7[]
[15:24:35.277889]	Trying ff on 0: L0[], 1: L0[], Ebi: L2[☐10, ☐15], Eib: L2[☐20, ☐25], Eii: L2[L0[], ☐35], put: L2[V2, V3] -> V0 -> V1 -> L2[L7[], _9_], tr: L7[]
[15:24:35.278325]	Trying ff on 0: L0[], 1: L0[], Ebi: L2[☐10, ☐15], Eib: L2[☐20, ☐25], Eii: L2[L0[], ☐35], put: L2[V2, V3] -> V0 -> V1 -> L2[V0, _9_], tr: L7[]
[15:24:35.278763]	Trying ff on 0: L0[], 1: L0[], Ebi: L2[☐10, ☐15], Eib: L2[☐20, ☐25], Eii: L2[L0[], ☐35], put: L2[V2, V3] -> V0 -> V1 -> L2[V1, _9_], tr: L7[]
[15:24:35.279156]	Trying ff on 0: L0[], 1: L0[], Ebi: L2[☐10, ☐15], Eib: L2[☐20, ☐25], Eii: L2[L0[], ☐35], put: L2[V2, V3] -> V0 -> V1 -> L2[V2, _9_], tr: L7[]
[15:24:35.279662]	Trying ff on 0: L0[], 1: L0[], Ebi: L2[☐10, ☐15], Eib: L2[☐20, ☐25], Eii: L2[L0[], ☐35], put: L2[V2, V3] -> V0 -> V1 -> L2[V3, _9_], tr: L7[]
[15:24:35.280510]	Trying ff on 0: L0[], 1: L0[], Ebi: L2[☐10, ☐15], Eib: L2[☐20, ☐25], Eii: L2[L0[], L0[]], put: L2[L0[], L0[]] -> V0 -> V1 -> L2[_8_, _9_], tr: L7[]
[15:24:35.281289]	Trying ff on 0: L0[], 1: L0[], Ebi: L2[☐10, ☐15], Eib: L2[☐20, ☐25], Eii: L2[L0[], L0[]], put: L2[L0[], V0] -> V0 -> V1 -> L2[_8_, _9_], tr: L7[]
[15:24:35.282188]	Trying ff on 0: L0[], 1: L0[], Ebi: L2[☐10, ☐15], Eib: L2[☐20, ☐25], Eii: L2[L0[], L0[]], put: L2[L0[], V1] -> V0 -> V1 -> L2[_8_, _9_], tr: L7[]
[15:24:35.282837]	Trying ff on 0: L0[], 1: L0[], Ebi: L2[☐10, ☐15], Eib: L2[☐20, ☐25], Eii: L2[L0[], L0[]], put: L2[L0[], V2] -> V0 -> V1 -> L2[_8_, _9_], tr: L7[]
[15:24:35.283691]	Trying ff on 0: L0[], 1: L0[], Ebi: L2[☐10, ☐15], Eib: L2[☐20, ☐25], Eii: L2[L0[], L0[]], put: L2[V0, L0[]] -> V0 -> V1 -> L2[_8_, _9_], tr: L7[]
[15:24:35.284420]	Trying ff on 0: L0[], 1: L0[], Ebi: L2[☐10, ☐15], Eib: L2[☐20, ☐25], Eii: L2[L0[], L0[]], put: L2[V0, V0] -> V0 -> V1 -> L2[_8_, _9_], tr: L7[]
[15:24:35.284804]	Trying ff on 0: L0[], 1: L0[], Ebi: L2[☐10, ☐15], Eib: L2[☐20, ☐25], Eii: L2[L0[], L0[]], put: L2[V0, V1] -> V0 -> V1 -> L2[_8_, _9_], tr: L7[]
[15:24:35.285259]	Trying ff on 0: L0[], 1: L0[], Ebi: L2[☐10, ☐15], Eib: L2[☐20, ☐25], Eii: L2[L0[], L0[]], put: L2[V0, V2] -> V0 -> V1 -> L2[_8_, _9_], tr: L7[]
[15:24:35.285851]	Trying ff on 0: L0[], 1: L0[], Ebi: L2[☐10, ☐15], Eib: L2[☐20, ☐25], Eii: L2[L0[], L0[]], put: L2[V1, L0[]] -> V0 -> V1 -> L2[_8_, _9_], tr: L7[]
[15:24:35.286294]	Trying ff on 0: L0[], 1: L0[], Ebi: L2[☐10, ☐15], Eib: L2[☐20, ☐25], Eii: L2[L0[], L0[]], put: L2[V1, V0] -> V0 -> V1 -> L2[_8_, _9_], tr: L7[]
[15:24:35.286719]	Trying ff on 0: L0[], 1: L0[], Ebi: L2[☐10, ☐15], Eib: L2[☐20, ☐25], Eii: L2[L0[], L0[]], put: L2[V1, V1] -> V0 -> V1 -> L2[_8_, _9_], tr: L7[]
[15:24:35.287095]	Trying ff on 0: L0[], 1: L0[], Ebi: L2[☐10, ☐15], Eib: L2[☐20, ☐25], Eii: L2[L0[], L0[]], put: L2[V1, V2] -> V0 -> V1 -> L2[_8_, _9_], tr: L7[]
[15:24:35.287882]	Trying ff on 0: L0[], 1: L0[], Ebi: L2[☐10, ☐15], Eib: L2[☐20, ☐25], Eii: L2[L0[], L0[]], put: L2[V2, L0[]] -> V0 -> V1 -> L2[_8_, _9_], tr: L7[]
[15:24:35.288475]	Trying ff on 0: L0[], 1: L0[], Ebi: L2[☐10, ☐15], Eib: L2[☐20, ☐25], Eii: L2[L0[], L0[]], put: L2[V2, V0] -> V0 -> V1 -> L2[_8_, _9_], tr: L7[]
[15:24:35.289037]	Trying ff on 0: L0[], 1: L0[], Ebi: L2[☐10, ☐15], Eib: L2[☐20, ☐25], Eii: L2[L0[], L0[]], put: L2[V2, V1] -> V0 -> V1 -> L2[_8_, _9_], tr: L7[]
[15:24:35.289567]	Trying ff on 0: L0[], 1: L0[], Ebi: L2[☐10, ☐15], Eib: L2[☐20, ☐25], Eii: L2[L0[], L0[]], put: L2[V2, V2] -> V0 -> V1 -> L2[_8_, _9_], tr: L7[]
[15:24:35.290068]	Trying ff on 0: L0[], 1: L0[], Ebi: L2[☐10, ☐15], Eib: L2[☐20, ☐25], Eii: L2[L0[], L0[]], put: L2[V2, V3] -> V0 -> V1 -> L2[_8_, _9_], tr: L7[]
[15:24:35.291029]	Trying ff on 0: L0[], 1: L0[], Ebi: L2[☐10, ☐15], Eib: L2[☐20, ☐25], Eii: L2[L0[], L7[]], put: L2[L0[], L7[]] -> V0 -> V1 -> L2[_8_, _9_], tr: L7[]
[15:24:35.292232]	Trying ff on 0: L0[], 1: L0[], Ebi: L2[☐10, ☐15], Eib: L2[☐20, ☐25], Eii: L2[L0[], L7[]], put: L2[L0[], V2] -> V0 -> V1 -> L2[_8_, _9_], tr: L7[]
[15:24:35.293323]	Trying ff on 0: L0[], 1: L0[], Ebi: L2[☐10, ☐15], Eib: L2[☐20, ☐25], Eii: L2[L0[], L7[]], put: L2[V0, L7[]] -> V0 -> V1 -> L2[_8_, _9_], tr: L7[]
[15:24:35.294502]	Trying ff on 0: L0[], 1: L0[], Ebi: L2[☐10, ☐15], Eib: L2[☐20, ☐25], Eii: L2[L0[], L7[]], put: L2[V0, V2] -> V0 -> V1 -> L2[_8_, _9_], tr: L7[]
[15:24:35.295360]	Trying ff on 0: L0[], 1: L0[], Ebi: L2[☐10, ☐15], Eib: L2[☐20, ☐25], Eii: L2[L0[], L7[]], put: L2[V1, L7[]] -> V0 -> V1 -> L2[_8_, _9_], tr: L7[]
[15:24:35.296913]	Trying ff on 0: L0[], 1: L0[], Ebi: L2[☐10, ☐15], Eib: L2[☐20, ☐25], Eii: L2[L0[], L7[]], put: L2[V1, V2] -> V0 -> V1 -> L2[_8_, _9_], tr: L7[]
[15:24:35.298059]	Trying ff on 0: L0[], 1: L0[], Ebi: L2[☐10, ☐15], Eib: L2[☐20, ☐25], Eii: L2[L0[], L7[]], put: L2[V2, L7[]] -> V0 -> V1 -> L2[_8_, _9_], tr: L7[]
[15:24:35.299567]	Trying ff on 0: L0[], 1: L0[], Ebi: L2[☐10, ☐15], Eib: L2[☐20, ☐25], Eii: L2[L0[], L7[]], put: L2[V2, V3] -> V0 -> V1 -> L2[_8_, _9_], tr: L7[]
[15:24:35.302311]	Trying ff on 0: L0[], 1: L0[], Ebi: L2[☐10, ☐15], Eib: L2[☐20, ☐25], Eii: L2[L7[], ☐35], put: L2[L7[], ☐45] -> V0 -> V1 -> L2[L7[], L0[]], tr: L7[]
[15:24:35.303070]	Trying ff on 0: L0[], 1: L0[], Ebi: L2[☐10, ☐15], Eib: L2[☐20, ☐25], Eii: L2[L7[], ☐35], put: L2[L7[], ☐45] -> V0 -> V1 -> L2[L7[], L7[]], tr: L7[]
[15:24:35.303864]	Trying ff on 0: L0[], 1: L0[], Ebi: L2[☐10, ☐15], Eib: L2[☐20, ☐25], Eii: L2[L7[], ☐35], put: L2[L7[], ☐45] -> V0 -> V1 -> L2[L7[], V0], tr: L7[]
[15:24:35.304613]	Trying ff on 0: L0[], 1: L0[], Ebi: L2[☐10, ☐15], Eib: L2[☐20, ☐25], Eii: L2[L7[], ☐35], put: L2[L7[], ☐45] -> V0 -> V1 -> L2[L7[], V1], tr: L7[]
[15:24:35.305689]	Trying ff on 0: L0[], 1: L0[], Ebi: L2[☐10, ☐15], Eib: L2[☐20, ☐25], Eii: L2[L7[], ☐35], put: L2[L7[], L0[]] -> V0 -> V1 -> L2[L7[], _9_], tr: L7[]
[15:24:35.307127]	Trying ff on 0: L0[], 1: L0[], Ebi: L2[☐10, ☐15], Eib: L2[☐20, ☐25], Eii: L2[L7[], ☐35], put: L2[L7[], L7[]] -> V0 -> V1 -> L2[L7[], _9_], tr: L7[]
[15:24:35.314881]	Trying ff on 0: L0[], 1: L0[], Ebi: L2[☐10, ☐15], Eib: L2[☐20, ☐25], Eii: L2[L7[], ☐35], put: L2[L7[], V0] -> V0 -> V1 -> L2[L7[], _9_], tr: L7[]
[15:24:35.315471]	Trying ff on 0: L0[], 1: L0[], Ebi: L2[☐10, ☐15], Eib: L2[☐20, ☐25], Eii: L2[L7[], ☐35], put: L2[L7[], V0] -> V0 -> V1 -> L2[V0, _9_], tr: L7[]
[15:24:35.316092]	Trying ff on 0: L0[], 1: L0[], Ebi: L2[☐10, ☐15], Eib: L2[☐20, ☐25], Eii: L2[L7[], ☐35], put: L2[L7[], V1] -> V0 -> V1 -> L2[L7[], _9_], tr: L7[]
[15:24:35.316544]	Trying ff on 0: L0[], 1: L0[], Ebi: L2[☐10, ☐15], Eib: L2[☐20, ☐25], Eii: L2[L7[], ☐35], put: L2[L7[], V1] -> V0 -> V1 -> L2[V1, _9_], tr: L7[]
[15:24:35.317083]	Trying ff on 0: L0[], 1: L0[], Ebi: L2[☐10, ☐15], Eib: L2[☐20, ☐25], Eii: L2[L7[], ☐35], put: L2[L7[], V2] -> V0 -> V1 -> L2[L7[], _9_], tr: L7[]
[15:24:35.317488]	Trying ff on 0: L0[], 1: L0[], Ebi: L2[☐10, ☐15], Eib: L2[☐20, ☐25], Eii: L2[L7[], ☐35], put: L2[L7[], V2] -> V0 -> V1 -> L2[V2, _9_], tr: L7[]
[15:24:35.320353]	Trying ff on 0: L0[], 1: L0[], Ebi: L2[☐10, ☐15], Eib: L2[☐20, ☐25], Eii: L2[L7[], ☐35], put: L2[V2, ☐45] -> V0 -> V1 -> L2[L0[], L0[]], tr: L7[]
[15:24:35.320734]	Trying ff on 0: L0[], 1: L0[], Ebi: L2[☐10, ☐15], Eib: L2[☐20, ☐25], Eii: L2[L7[], ☐35], put: L2[V2, ☐45] -> V0 -> V1 -> L2[L0[], L7[]], tr: L7[]
[15:24:35.321053]	Trying ff on 0: L0[], 1: L0[], Ebi: L2[☐10, ☐15], Eib: L2[☐20, ☐25], Eii: L2[L7[], ☐35], put: L2[V2, ☐45] -> V0 -> V1 -> L2[L0[], V0], tr: L7[]
[15:24:35.321342]	Trying ff on 0: L0[], 1: L0[], Ebi: L2[☐10, ☐15], Eib: L2[☐20, ☐25], Eii: L2[L7[], ☐35], put: L2[V2, ☐45] -> V0 -> V1 -> L2[L0[], V1], tr: L7[]
[15:24:35.321606]	Trying ff on 0: L0[], 1: L0[], Ebi: L2[☐10, ☐15], Eib: L2[☐20, ☐25], Eii: L2[L7[], ☐35], put: L2[V2, ☐45] -> V0 -> V1 -> L2[L0[], V2], tr: L7[]
[15:24:35.322288]	Trying ff on 0: L0[], 1: L0[], Ebi: L2[☐10, ☐15], Eib: L2[☐20, ☐25], Eii: L2[L7[], ☐35], put: L2[V2, ☐45] -> V0 -> V1 -> L2[L7[], L0[]], tr: L7[]
[15:24:35.322585]	Trying ff on 0: L0[], 1: L0[], Ebi: L2[☐10, ☐15], Eib: L2[☐20, ☐25], Eii: L2[L7[], ☐35], put: L2[V2, ☐45] -> V0 -> V1 -> L2[L7[], L7[]], tr: L7[]
[15:24:35.323367]	Trying ff on 0: L0[], 1: L0[], Ebi: L2[☐10, ☐15], Eib: L2[☐20, ☐25], Eii: L2[L7[], ☐35], put: L2[V2, ☐45] -> V0 -> V1 -> L2[L7[], V0], tr: L7[]
[15:24:35.323756]	Trying ff on 0: L0[], 1: L0[], Ebi: L2[☐10, ☐15], Eib: L2[☐20, ☐25], Eii: L2[L7[], ☐35], put: L2[V2, ☐45] -> V0 -> V1 -> L2[L7[], V1], tr: L7[]
[15:24:35.324111]	Trying ff on 0: L0[], 1: L0[], Ebi: L2[☐10, ☐15], Eib: L2[☐20, ☐25], Eii: L2[L7[], ☐35], put: L2[V2, ☐45] -> V0 -> V1 -> L2[L7[], V2], tr: L7[]
[15:24:35.324823]	Trying ff on 0: L0[], 1: L0[], Ebi: L2[☐10, ☐15], Eib: L2[☐20, ☐25], Eii: L2[L7[], ☐35], put: L2[V2, ☐45] -> V0 -> V1 -> L2[V0, L0[]], tr: L7[]
[15:24:35.325171]	Trying ff on 0: L0[], 1: L0[], Ebi: L2[☐10, ☐15], Eib: L2[☐20, ☐25], Eii: L2[L7[], ☐35], put: L2[V2, ☐45] -> V0 -> V1 -> L2[V0, L7[]], tr: L7[]
[15:24:35.325470]	Trying ff on 0: L0[], 1: L0[], Ebi: L2[☐10, ☐15], Eib: L2[☐20, ☐25], Eii: L2[L7[], ☐35], put: L2[V2, ☐45] -> V0 -> V1 -> L2[V0, V0], tr: L7[]
[15:24:35.325780]	Trying ff on 0: L0[], 1: L0[], Ebi: L2[☐10, ☐15], Eib: L2[☐20, ☐25], Eii: L2[L7[], ☐35], put: L2[V2, ☐45] -> V0 -> V1 -> L2[V0, V1], tr: L7[]
[15:24:35.326085]	Trying ff on 0: L0[], 1: L0[], Ebi: L2[☐10, ☐15], Eib: L2[☐20, ☐25], Eii: L2[L7[], ☐35], put: L2[V2, ☐45] -> V0 -> V1 -> L2[V0, V2], tr: L7[]
[15:24:35.326948]	Trying ff on 0: L0[], 1: L0[], Ebi: L2[☐10, ☐15], Eib: L2[☐20, ☐25], Eii: L2[L7[], ☐35], put: L2[V2, ☐45] -> V0 -> V1 -> L2[V1, L0[]], tr: L7[]
[15:24:35.327296]	Trying ff on 0: L0[], 1: L0[], Ebi: L2[☐10, ☐15], Eib: L2[☐20, ☐25], Eii: L2[L7[], ☐35], put: L2[V2, ☐45] -> V0 -> V1 -> L2[V1, L7[]], tr: L7[]
[15:24:35.327621]	Trying ff on 0: L0[], 1: L0[], Ebi: L2[☐10, ☐15], Eib: L2[☐20, ☐25], Eii: L2[L7[], ☐35], put: L2[V2, ☐45] -> V0 -> V1 -> L2[V1, V0], tr: L7[]
[15:24:35.327906]	Trying ff on 0: L0[], 1: L0[], Ebi: L2[☐10, ☐15], Eib: L2[☐20, ☐25], Eii: L2[L7[], ☐35], put: L2[V2, ☐45] -> V0 -> V1 -> L2[V1, V1], tr: L7[]
[15:24:35.328192]	Trying ff on 0: L0[], 1: L0[], Ebi: L2[☐10, ☐15], Eib: L2[☐20, ☐25], Eii: L2[L7[], ☐35], put: L2[V2, ☐45] -> V0 -> V1 -> L2[V1, V2], tr: L7[]
[15:24:35.328875]	Trying ff on 0: L0[], 1: L0[], Ebi: L2[☐10, ☐15], Eib: L2[☐20, ☐25], Eii: L2[L7[], ☐35], put: L2[V2, ☐45] -> V0 -> V1 -> L2[V2, L0[]], tr: L7[]
[15:24:35.329182]	Trying ff on 0: L0[], 1: L0[], Ebi: L2[☐10, ☐15], Eib: L2[☐20, ☐25], Eii: L2[L7[], ☐35], put: L2[V2, ☐45] -> V0 -> V1 -> L2[V2, L7[]], tr: L7[]
[15:24:35.329478]	Trying ff on 0: L0[], 1: L0[], Ebi: L2[☐10, ☐15], Eib: L2[☐20, ☐25], Eii: L2[L7[], ☐35], put: L2[V2, ☐45] -> V0 -> V1 -> L2[V2, V0], tr: L7[]
[15:24:35.329761]	Trying ff on 0: L0[], 1: L0[], Ebi: L2[☐10, ☐15], Eib: L2[☐20, ☐25], Eii: L2[L7[], ☐35], put: L2[V2, ☐45] -> V0 -> V1 -> L2[V2, V1], tr: L7[]
[15:24:35.330013]	Trying ff on 0: L0[], 1: L0[], Ebi: L2[☐10, ☐15], Eib: L2[☐20, ☐25], Eii: L2[L7[], ☐35], put: L2[V2, ☐45] -> V0 -> V1 -> L2[V2, V2], tr: L7[]
[15:24:35.330723]	Trying ff on 0: L0[], 1: L0[], Ebi: L2[☐10, ☐15], Eib: L2[☐20, ☐25], Eii: L2[L7[], ☐35], put: L2[V2, L0[]] -> V0 -> V1 -> L2[☐50, L0[]], tr: L7[]
[15:24:35.331263]	Trying ff on 0: L0[], 1: L0[], Ebi: L2[☐10, ☐15], Eib: L2[☐20, ☐25], Eii: L2[L7[], ☐35], put: L2[V2, L0[]] -> V0 -> V1 -> L2[L0[], _9_], tr: L7[]
[15:24:35.331564]	Trying ff on 0: L0[], 1: L0[], Ebi: L2[☐10, ☐15], Eib: L2[☐20, ☐25], Eii: L2[L7[], ☐35], put: L2[V2, L0[]] -> V0 -> V1 -> L2[L7[], _9_], tr: L7[]
[15:24:35.331887]	Trying ff on 0: L0[], 1: L0[], Ebi: L2[☐10, ☐15], Eib: L2[☐20, ☐25], Eii: L2[L7[], ☐35], put: L2[V2, L0[]] -> V0 -> V1 -> L2[V0, _9_], tr: L7[]
[15:24:35.332220]	Trying ff on 0: L0[], 1: L0[], Ebi: L2[☐10, ☐15], Eib: L2[☐20, ☐25], Eii: L2[L7[], ☐35], put: L2[V2, L0[]] -> V0 -> V1 -> L2[V1, _9_], tr: L7[]
[15:24:35.332524]	Trying ff on 0: L0[], 1: L0[], Ebi: L2[☐10, ☐15], Eib: L2[☐20, ☐25], Eii: L2[L7[], ☐35], put: L2[V2, L0[]] -> V0 -> V1 -> L2[V2, _9_], tr: L7[]
[15:24:35.333248]	Trying ff on 0: L0[], 1: L0[], Ebi: L2[☐10, ☐15], Eib: L2[☐20, ☐25], Eii: L2[L7[], ☐35], put: L2[V2, L7[]] -> V0 -> V1 -> L2[☐50, L7[]], tr: L7[]
[15:24:35.333670]	Trying ff on 0: L0[], 1: L0[], Ebi: L2[☐10, ☐15], Eib: L2[☐20, ☐25], Eii: L2[L7[], ☐35], put: L2[V2, L7[]] -> V0 -> V1 -> L2[☐50, V2], tr: L7[]
[15:24:35.334255]	Trying ff on 0: L0[], 1: L0[], Ebi: L2[☐10, ☐15], Eib: L2[☐20, ☐25], Eii: L2[L7[], ☐35], put: L2[V2, L7[]] -> V0 -> V1 -> L2[L0[], _9_], tr: L7[]
[15:24:35.334564]	Trying ff on 0: L0[], 1: L0[], Ebi: L2[☐10, ☐15], Eib: L2[☐20, ☐25], Eii: L2[L7[], ☐35], put: L2[V2, L7[]] -> V0 -> V1 -> L2[L7[], _9_], tr: L7[]
[15:24:35.334887]	Trying ff on 0: L0[], 1: L0[], Ebi: L2[☐10, ☐15], Eib: L2[☐20, ☐25], Eii: L2[L7[], ☐35], put: L2[V2, L7[]] -> V0 -> V1 -> L2[V0, _9_], tr: L7[]
[15:24:35.335220]	Trying ff on 0: L0[], 1: L0[], Ebi: L2[☐10, ☐15], Eib: L2[☐20, ☐25], Eii: L2[L7[], ☐35], put: L2[V2, L7[]] -> V0 -> V1 -> L2[V1, _9_], tr: L7[]
[15:24:35.335553]	Trying ff on 0: L0[], 1: L0[], Ebi: L2[☐10, ☐15], Eib: L2[☐20, ☐25], Eii: L2[L7[], ☐35], put: L2[V2, L7[]] -> V0 -> V1 -> L2[V2, _9_], tr: L7[]
[15:24:35.336315]	Trying ff on 0: L0[], 1: L0[], Ebi: L2[☐10, ☐15], Eib: L2[☐20, ☐25], Eii: L2[L7[], ☐35], put: L2[V2, V0] -> V0 -> V1 -> L2[☐50, V0], tr: L7[]
[15:24:35.336824]	Trying ff on 0: L0[], 1: L0[], Ebi: L2[☐10, ☐15], Eib: L2[☐20, ☐25], Eii: L2[L7[], ☐35], put: L2[V2, V0] -> V0 -> V1 -> L2[L0[], _9_], tr: L7[]
[15:24:35.337123]	Trying ff on 0: L0[], 1: L0[], Ebi: L2[☐10, ☐15], Eib: L2[☐20, ☐25], Eii: L2[L7[], ☐35], put: L2[V2, V0] -> V0 -> V1 -> L2[L7[], _9_], tr: L7[]
[15:24:35.337441]	Trying ff on 0: L0[], 1: L0[], Ebi: L2[☐10, ☐15], Eib: L2[☐20, ☐25], Eii: L2[L7[], ☐35], put: L2[V2, V0] -> V0 -> V1 -> L2[V0, _9_], tr: L7[]
[15:24:35.337771]	Trying ff on 0: L0[], 1: L0[], Ebi: L2[☐10, ☐15], Eib: L2[☐20, ☐25], Eii: L2[L7[], ☐35], put: L2[V2, V0] -> V0 -> V1 -> L2[V1, _9_], tr: L7[]
[15:24:35.338097]	Trying ff on 0: L0[], 1: L0[], Ebi: L2[☐10, ☐15], Eib: L2[☐20, ☐25], Eii: L2[L7[], ☐35], put: L2[V2, V0] -> V0 -> V1 -> L2[V2, _9_], tr: L7[]
[15:24:35.338902]	Trying ff on 0: L0[], 1: L0[], Ebi: L2[☐10, ☐15], Eib: L2[☐20, ☐25], Eii: L2[L7[], ☐35], put: L2[V2, V1] -> V0 -> V1 -> L2[☐50, V1], tr: L7[]
[15:24:35.339411]	Trying ff on 0: L0[], 1: L0[], Ebi: L2[☐10, ☐15], Eib: L2[☐20, ☐25], Eii: L2[L7[], ☐35], put: L2[V2, V1] -> V0 -> V1 -> L2[L0[], _9_], tr: L7[]
[15:24:35.339704]	Trying ff on 0: L0[], 1: L0[], Ebi: L2[☐10, ☐15], Eib: L2[☐20, ☐25], Eii: L2[L7[], ☐35], put: L2[V2, V1] -> V0 -> V1 -> L2[L7[], _9_], tr: L7[]
[15:24:35.340042]	Trying ff on 0: L0[], 1: L0[], Ebi: L2[☐10, ☐15], Eib: L2[☐20, ☐25], Eii: L2[L7[], ☐35], put: L2[V2, V1] -> V0 -> V1 -> L2[V0, _9_], tr: L7[]
[15:24:35.340375]	Trying ff on 0: L0[], 1: L0[], Ebi: L2[☐10, ☐15], Eib: L2[☐20, ☐25], Eii: L2[L7[], ☐35], put: L2[V2, V1] -> V0 -> V1 -> L2[V1, _9_], tr: L7[]
[15:24:35.340703]	Trying ff on 0: L0[], 1: L0[], Ebi: L2[☐10, ☐15], Eib: L2[☐20, ☐25], Eii: L2[L7[], ☐35], put: L2[V2, V1] -> V0 -> V1 -> L2[V2, _9_], tr: L7[]
[15:24:35.341532]	Trying ff on 0: L0[], 1: L0[], Ebi: L2[☐10, ☐15], Eib: L2[☐20, ☐25], Eii: L2[L7[], ☐35], put: L2[V2, V2] -> V0 -> V1 -> L2[☐50, L0[]], tr: L7[]
[15:24:35.341853]	Trying ff on 0: L0[], 1: L0[], Ebi: L2[☐10, ☐15], Eib: L2[☐20, ☐25], Eii: L2[L7[], ☐35], put: L2[V2, V2] -> V0 -> V1 -> L2[☐50, L7[]], tr: L7[]
[15:24:35.342148]	Trying ff on 0: L0[], 1: L0[], Ebi: L2[☐10, ☐15], Eib: L2[☐20, ☐25], Eii: L2[L7[], ☐35], put: L2[V2, V2] -> V0 -> V1 -> L2[☐50, V0], tr: L7[]
[15:24:35.342428]	Trying ff on 0: L0[], 1: L0[], Ebi: L2[☐10, ☐15], Eib: L2[☐20, ☐25], Eii: L2[L7[], ☐35], put: L2[V2, V2] -> V0 -> V1 -> L2[☐50, V1], tr: L7[]
[15:24:35.342730]	Trying ff on 0: L0[], 1: L0[], Ebi: L2[☐10, ☐15], Eib: L2[☐20, ☐25], Eii: L2[L7[], ☐35], put: L2[V2, V2] -> V0 -> V1 -> L2[☐50, V2], tr: L7[]
[15:24:35.343167]	Trying ff on 0: L0[], 1: L0[], Ebi: L2[☐10, ☐15], Eib: L2[☐20, ☐25], Eii: L2[L7[], ☐35], put: L2[V2, V2] -> V0 -> V1 -> L2[L0[], _9_], tr: L7[]
[15:24:35.343565]	Trying ff on 0: L0[], 1: L0[], Ebi: L2[☐10, ☐15], Eib: L2[☐20, ☐25], Eii: L2[L7[], ☐35], put: L2[V2, V2] -> V0 -> V1 -> L2[L7[], _9_], tr: L7[]
[15:24:35.343988]	Trying ff on 0: L0[], 1: L0[], Ebi: L2[☐10, ☐15], Eib: L2[☐20, ☐25], Eii: L2[L7[], ☐35], put: L2[V2, V2] -> V0 -> V1 -> L2[V0, _9_], tr: L7[]
[15:24:35.344382]	Trying ff on 0: L0[], 1: L0[], Ebi: L2[☐10, ☐15], Eib: L2[☐20, ☐25], Eii: L2[L7[], ☐35], put: L2[V2, V2] -> V0 -> V1 -> L2[V1, _9_], tr: L7[]
[15:24:35.344786]	Trying ff on 0: L0[], 1: L0[], Ebi: L2[☐10, ☐15], Eib: L2[☐20, ☐25], Eii: L2[L7[], ☐35], put: L2[V2, V2] -> V0 -> V1 -> L2[V2, _9_], tr: L7[]
[15:24:35.345809]	Trying ff on 0: L0[], 1: L0[], Ebi: L2[☐10, ☐15], Eib: L2[☐20, ☐25], Eii: L2[L7[], ☐35], put: L2[V2, V3] -> V0 -> V1 -> L2[☐50, L0[]], tr: L7[]
[15:24:35.346238]	Trying ff on 0: L0[], 1: L0[], Ebi: L2[☐10, ☐15], Eib: L2[☐20, ☐25], Eii: L2[L7[], ☐35], put: L2[V2, V3] -> V0 -> V1 -> L2[☐50, L7[]], tr: L7[]
[15:24:35.346659]	Trying ff on 0: L0[], 1: L0[], Ebi: L2[☐10, ☐15], Eib: L2[☐20, ☐25], Eii: L2[L7[], ☐35], put: L2[V2, V3] -> V0 -> V1 -> L2[☐50, V0], tr: L7[]
[15:24:35.347080]	Trying ff on 0: L0[], 1: L0[], Ebi: L2[☐10, ☐15], Eib: L2[☐20, ☐25], Eii: L2[L7[], ☐35], put: L2[V2, V3] -> V0 -> V1 -> L2[☐50, V1], tr: L7[]
[15:24:35.347448]	Trying ff on 0: L0[], 1: L0[], Ebi: L2[☐10, ☐15], Eib: L2[☐20, ☐25], Eii: L2[L7[], ☐35], put: L2[V2, V3] -> V0 -> V1 -> L2[☐50, V2], tr: L7[]
[15:24:35.347853]	Trying ff on 0: L0[], 1: L0[], Ebi: L2[☐10, ☐15], Eib: L2[☐20, ☐25], Eii: L2[L7[], ☐35], put: L2[V2, V3] -> V0 -> V1 -> L2[☐50, V3], tr: L7[]
[15:24:35.348223]	Trying ff on 0: L0[], 1: L0[], Ebi: L2[☐10, ☐15], Eib: L2[☐20, ☐25], Eii: L2[L7[], ☐35], put: L2[V2, V3] -> V0 -> V1 -> L2[L0[], _9_], tr: L7[]
[15:24:35.348574]	Trying ff on 0: L0[], 1: L0[], Ebi: L2[☐10, ☐15], Eib: L2[☐20, ☐25], Eii: L2[L7[], ☐35], put: L2[V2, V3] -> V0 -> V1 -> L2[L7[], _9_], tr: L7[]
[15:24:35.348979]	Trying ff on 0: L0[], 1: L0[], Ebi: L2[☐10, ☐15], Eib: L2[☐20, ☐25], Eii: L2[L7[], ☐35], put: L2[V2, V3] -> V0 -> V1 -> L2[V0, _9_], tr: L7[]
[15:24:35.349391]	Trying ff on 0: L0[], 1: L0[], Ebi: L2[☐10, ☐15], Eib: L2[☐20, ☐25], Eii: L2[L7[], ☐35], put: L2[V2, V3] -> V0 -> V1 -> L2[V1, _9_], tr: L7[]
[15:24:35.349770]	Trying ff on 0: L0[], 1: L0[], Ebi: L2[☐10, ☐15], Eib: L2[☐20, ☐25], Eii: L2[L7[], ☐35], put: L2[V2, V3] -> V0 -> V1 -> L2[V2, _9_], tr: L7[]
[15:24:35.350142]	Trying ff on 0: L0[], 1: L0[], Ebi: L2[☐10, ☐15], Eib: L2[☐20, ☐25], Eii: L2[L7[], ☐35], put: L2[V2, V3] -> V0 -> V1 -> L2[V3, _9_], tr: L7[]
[15:24:35.350792]	Trying ff on 0: L0[], 1: L0[], Ebi: L2[☐10, ☐15], Eib: L2[☐20, ☐25], Eii: L2[L7[], L0[]], put: L2[L7[], L0[]] -> V0 -> V1 -> L2[_8_, _9_], tr: L7[]
[15:24:35.351414]	Trying ff on 0: L0[], 1: L0[], Ebi: L2[☐10, ☐15], Eib: L2[☐20, ☐25], Eii: L2[L7[], L0[]], put: L2[L7[], V0] -> V0 -> V1 -> L2[_8_, _9_], tr: L7[]
[15:24:35.352079]	Trying ff on 0: L0[], 1: L0[], Ebi: L2[☐10, ☐15], Eib: L2[☐20, ☐25], Eii: L2[L7[], L0[]], put: L2[L7[], V1] -> V0 -> V1 -> L2[_8_, _9_], tr: L7[]
[15:24:35.352546]	Trying ff on 0: L0[], 1: L0[], Ebi: L2[☐10, ☐15], Eib: L2[☐20, ☐25], Eii: L2[L7[], L0[]], put: L2[L7[], V2] -> V0 -> V1 -> L2[_8_, _9_], tr: L7[]
[15:24:35.353289]	Trying ff on 0: L0[], 1: L0[], Ebi: L2[☐10, ☐15], Eib: L2[☐20, ☐25], Eii: L2[L7[], L0[]], put: L2[V2, L0[]] -> V0 -> V1 -> L2[_8_, _9_], tr: L7[]
[15:24:35.353784]	Trying ff on 0: L0[], 1: L0[], Ebi: L2[☐10, ☐15], Eib: L2[☐20, ☐25], Eii: L2[L7[], L0[]], put: L2[V2, V0] -> V0 -> V1 -> L2[_8_, _9_], tr: L7[]
[15:24:35.354200]	Trying ff on 0: L0[], 1: L0[], Ebi: L2[☐10, ☐15], Eib: L2[☐20, ☐25], Eii: L2[L7[], L0[]], put: L2[V2, V1] -> V0 -> V1 -> L2[_8_, _9_], tr: L7[]
[15:24:35.354748]	Trying ff on 0: L0[], 1: L0[], Ebi: L2[☐10, ☐15], Eib: L2[☐20, ☐25], Eii: L2[L7[], L0[]], put: L2[V2, V3] -> V0 -> V1 -> L2[_8_, _9_], tr: L7[]
[15:24:35.355452]	Trying ff on 0: L0[], 1: L0[], Ebi: L2[☐10, ☐15], Eib: L2[☐20, ☐25], Eii: L2[L7[], L7[]], put: L2[L7[], L7[]] -> V0 -> V1 -> L2[_8_, _9_], tr: L7[]
[15:24:35.356320]	Trying ff on 0: L0[], 1: L0[], Ebi: L2[☐10, ☐15], Eib: L2[☐20, ☐25], Eii: L2[L7[], L7[]], put: L2[L7[], V2] -> V0 -> V1 -> L2[_8_, _9_], tr: L7[]
[15:24:35.357168]	Trying ff on 0: L0[], 1: L0[], Ebi: L2[☐10, ☐15], Eib: L2[☐20, ☐25], Eii: L2[L7[], L7[]], put: L2[V2, L7[]] -> V0 -> V1 -> L2[_8_, _9_], tr: L7[]
[15:24:35.357869]	Trying ff on 0: L0[], 1: L0[], Ebi: L2[☐10, ☐15], Eib: L2[☐20, ☐25], Eii: L2[L7[], L7[]], put: L2[V2, V2] -> V0 -> V1 -> L2[_8_, _9_], tr: L7[]
[15:24:35.358359]	Trying ff on 0: L0[], 1: L0[], Ebi: L2[☐10, ☐15], Eib: L2[☐20, ☐25], Eii: L2[L7[], L7[]], put: L2[V2, V3] -> V0 -> V1 -> L2[_8_, _9_], tr: L7[]
[15:24:35.359844]	Trying ff on 0: L0[], 1: L0[], Ebi: L2[☐10, ☐15], Eib: L2[☐20, L0[]], Eii: L2[☐30, ☐35], put: L2[☐40, L0[]] -> V0 -> V1 -> L2[L0[], L0[]], tr: L7[]
[15:24:35.360567]	Trying ff on 0: L0[], 1: L0[], Ebi: L2[☐10, ☐15], Eib: L2[☐20, L0[]], Eii: L2[☐30, ☐35], put: L2[☐40, L0[]] -> V0 -> V1 -> L2[L7[], L0[]], tr: L7[]
[15:24:35.361251]	Trying ff on 0: L0[], 1: L0[], Ebi: L2[☐10, ☐15], Eib: L2[☐20, L0[]], Eii: L2[☐30, ☐35], put: L2[☐40, L0[]] -> V0 -> V1 -> L2[V0, L0[]], tr: L7[]
[15:24:35.361906]	Trying ff on 0: L0[], 1: L0[], Ebi: L2[☐10, ☐15], Eib: L2[☐20, L0[]], Eii: L2[☐30, ☐35], put: L2[☐40, L0[]] -> V0 -> V1 -> L2[V1, L0[]], tr: L7[]
[15:24:35.363404]	Trying ff on 0: L0[], 1: L0[], Ebi: L2[☐10, ☐15], Eib: L2[☐20, L0[]], Eii: L2[☐30, ☐35], put: L2[☐40, V0] -> V0 -> V1 -> L2[L0[], V0], tr: L7[]
[15:24:35.364303]	Trying ff on 0: L0[], 1: L0[], Ebi: L2[☐10, ☐15], Eib: L2[☐20, L0[]], Eii: L2[☐30, ☐35], put: L2[☐40, V0] -> V0 -> V1 -> L2[L7[], V0], tr: L7[]
[15:24:35.365049]	Trying ff on 0: L0[], 1: L0[], Ebi: L2[☐10, ☐15], Eib: L2[☐20, L0[]], Eii: L2[☐30, ☐35], put: L2[☐40, V0] -> V0 -> V1 -> L2[V0, V0], tr: L7[]
[15:24:35.365790]	Trying ff on 0: L0[], 1: L0[], Ebi: L2[☐10, ☐15], Eib: L2[☐20, L0[]], Eii: L2[☐30, ☐35], put: L2[☐40, V0] -> V0 -> V1 -> L2[V1, V0], tr: L7[]
[15:24:35.367925]	Trying ff on 0: L0[], 1: L0[], Ebi: L2[☐10, ☐15], Eib: L2[☐20, L0[]], Eii: L2[☐30, ☐35], put: L2[☐40, V2] -> V0 -> V1 -> L2[L0[], L0[]], tr: L7[]
[15:24:35.368443]	Trying ff on 0: L0[], 1: L0[], Ebi: L2[☐10, ☐15], Eib: L2[☐20, L0[]], Eii: L2[☐30, ☐35], put: L2[☐40, V2] -> V0 -> V1 -> L2[L0[], L7[]], tr: L7[]
[15:24:35.368850]	Trying ff on 0: L0[], 1: L0[], Ebi: L2[☐10, ☐15], Eib: L2[☐20, L0[]], Eii: L2[☐30, ☐35], put: L2[☐40, V2] -> V0 -> V1 -> L2[L0[], V0], tr: L7[]
[15:24:35.369249]	Trying ff on 0: L0[], 1: L0[], Ebi: L2[☐10, ☐15], Eib: L2[☐20, L0[]], Eii: L2[☐30, ☐35], put: L2[☐40, V2] -> V0 -> V1 -> L2[L0[], V1], tr: L7[]
[15:24:35.369641]	Trying ff on 0: L0[], 1: L0[], Ebi: L2[☐10, ☐15], Eib: L2[☐20, L0[]], Eii: L2[☐30, ☐35], put: L2[☐40, V2] -> V0 -> V1 -> L2[L0[], V2], tr: L7[]
[15:24:35.370282]	Trying ff on 0: L0[], 1: L0[], Ebi: L2[☐10, ☐15], Eib: L2[☐20, L0[]], Eii: L2[☐30, ☐35], put: L2[☐40, V2] -> V0 -> V1 -> L2[L7[], L0[]], tr: L7[]
[15:24:35.370544]	Trying ff on 0: L0[], 1: L0[], Ebi: L2[☐10, ☐15], Eib: L2[☐20, L0[]], Eii: L2[☐30, ☐35], put: L2[☐40, V2] -> V0 -> V1 -> L2[L7[], L7[]], tr: L7[]
[15:24:35.370827]	Trying ff on 0: L0[], 1: L0[], Ebi: L2[☐10, ☐15], Eib: L2[☐20, L0[]], Eii: L2[☐30, ☐35], put: L2[☐40, V2] -> V0 -> V1 -> L2[L7[], V0], tr: L7[]
[15:24:35.371274]	Trying ff on 0: L0[], 1: L0[], Ebi: L2[☐10, ☐15], Eib: L2[☐20, L0[]], Eii: L2[☐30, ☐35], put: L2[☐40, V2] -> V0 -> V1 -> L2[L7[], V1], tr: L7[]
[15:24:35.371646]	Trying ff on 0: L0[], 1: L0[], Ebi: L2[☐10, ☐15], Eib: L2[☐20, L0[]], Eii: L2[☐30, ☐35], put: L2[☐40, V2] -> V0 -> V1 -> L2[L7[], V2], tr: L7[]
[15:24:35.372302]	Trying ff on 0: L0[], 1: L0[], Ebi: L2[☐10, ☐15], Eib: L2[☐20, L0[]], Eii: L2[☐30, ☐35], put: L2[☐40, V2] -> V0 -> V1 -> L2[V0, L0[]], tr: L7[]
[15:24:35.372591]	Trying ff on 0: L0[], 1: L0[], Ebi: L2[☐10, ☐15], Eib: L2[☐20, L0[]], Eii: L2[☐30, ☐35], put: L2[☐40, V2] -> V0 -> V1 -> L2[V0, L7[]], tr: L7[]
[15:24:35.372830]	Trying ff on 0: L0[], 1: L0[], Ebi: L2[☐10, ☐15], Eib: L2[☐20, L0[]], Eii: L2[☐30, ☐35], put: L2[☐40, V2] -> V0 -> V1 -> L2[V0, V0], tr: L7[]
[15:24:35.373073]	Trying ff on 0: L0[], 1: L0[], Ebi: L2[☐10, ☐15], Eib: L2[☐20, L0[]], Eii: L2[☐30, ☐35], put: L2[☐40, V2] -> V0 -> V1 -> L2[V0, V1], tr: L7[]
[15:24:35.373311]	Trying ff on 0: L0[], 1: L0[], Ebi: L2[☐10, ☐15], Eib: L2[☐20, L0[]], Eii: L2[☐30, ☐35], put: L2[☐40, V2] -> V0 -> V1 -> L2[V0, V2], tr: L7[]
[15:24:35.373926]	Trying ff on 0: L0[], 1: L0[], Ebi: L2[☐10, ☐15], Eib: L2[☐20, L0[]], Eii: L2[☐30, ☐35], put: L2[☐40, V2] -> V0 -> V1 -> L2[V1, L0[]], tr: L7[]
[15:24:35.374189]	Trying ff on 0: L0[], 1: L0[], Ebi: L2[☐10, ☐15], Eib: L2[☐20, L0[]], Eii: L2[☐30, ☐35], put: L2[☐40, V2] -> V0 -> V1 -> L2[V1, L7[]], tr: L7[]
[15:24:35.374454]	Trying ff on 0: L0[], 1: L0[], Ebi: L2[☐10, ☐15], Eib: L2[☐20, L0[]], Eii: L2[☐30, ☐35], put: L2[☐40, V2] -> V0 -> V1 -> L2[V1, V0], tr: L7[]
[15:24:35.374725]	Trying ff on 0: L0[], 1: L0[], Ebi: L2[☐10, ☐15], Eib: L2[☐20, L0[]], Eii: L2[☐30, ☐35], put: L2[☐40, V2] -> V0 -> V1 -> L2[V1, V1], tr: L7[]
[15:24:35.374977]	Trying ff on 0: L0[], 1: L0[], Ebi: L2[☐10, ☐15], Eib: L2[☐20, L0[]], Eii: L2[☐30, ☐35], put: L2[☐40, V2] -> V0 -> V1 -> L2[V1, V2], tr: L7[]
[15:24:35.375551]	Trying ff on 0: L0[], 1: L0[], Ebi: L2[☐10, ☐15], Eib: L2[☐20, L0[]], Eii: L2[☐30, ☐35], put: L2[☐40, V2] -> V0 -> V1 -> L2[V2, L0[]], tr: L7[]
[15:24:35.375971]	Trying ff on 0: L0[], 1: L0[], Ebi: L2[☐10, ☐15], Eib: L2[☐20, L0[]], Eii: L2[☐30, ☐35], put: L2[☐40, V2] -> V0 -> V1 -> L2[V2, L7[]], tr: L7[]
[15:24:35.376427]	Trying ff on 0: L0[], 1: L0[], Ebi: L2[☐10, ☐15], Eib: L2[☐20, L0[]], Eii: L2[☐30, ☐35], put: L2[☐40, V2] -> V0 -> V1 -> L2[V2, V0], tr: L7[]
[15:24:35.376928]	Trying ff on 0: L0[], 1: L0[], Ebi: L2[☐10, ☐15], Eib: L2[☐20, L0[]], Eii: L2[☐30, ☐35], put: L2[☐40, V2] -> V0 -> V1 -> L2[V2, V1], tr: L7[]
[15:24:35.377476]	Trying ff on 0: L0[], 1: L0[], Ebi: L2[☐10, ☐15], Eib: L2[☐20, L0[]], Eii: L2[☐30, ☐35], put: L2[☐40, V2] -> V0 -> V1 -> L2[V2, V2], tr: L7[]
[15:24:35.378064]	Trying ff on 0: L0[], 1: L0[], Ebi: L2[☐10, ☐15], Eib: L2[☐20, L0[]], Eii: L2[☐30, ☐35], put: L2[L0[], L0[]] -> V0 -> V1 -> L2[L0[], _9_], tr: L7[]
[15:24:35.378918]	Trying ff on 0: L0[], 1: L0[], Ebi: L2[☐10, ☐15], Eib: L2[☐20, L0[]], Eii: L2[☐30, ☐35], put: L2[L0[], V0] -> V0 -> V1 -> L2[L0[], _9_], tr: L7[]
[15:24:35.379648]	Trying ff on 0: L0[], 1: L0[], Ebi: L2[☐10, ☐15], Eib: L2[☐20, L0[]], Eii: L2[☐30, ☐35], put: L2[L0[], V0] -> V0 -> V1 -> L2[V0, _9_], tr: L7[]
[15:24:35.380495]	Trying ff on 0: L0[], 1: L0[], Ebi: L2[☐10, ☐15], Eib: L2[☐20, L0[]], Eii: L2[☐30, ☐35], put: L2[L0[], V2] -> V0 -> V1 -> L2[L0[], _9_], tr: L7[]
[15:24:35.381236]	Trying ff on 0: L0[], 1: L0[], Ebi: L2[☐10, ☐15], Eib: L2[☐20, L0[]], Eii: L2[☐30, ☐35], put: L2[L0[], V2] -> V0 -> V1 -> L2[V2, _9_], tr: L7[]
[15:24:35.383020]	Trying ff on 0: L0[], 1: L0[], Ebi: L2[☐10, ☐15], Eib: L2[☐20, L0[]], Eii: L2[☐30, ☐35], put: L2[L7[], L0[]] -> V0 -> V1 -> L2[L7[], _9_], tr: L7[]
[15:24:35.384764]	Trying ff on 0: L0[], 1: L0[], Ebi: L2[☐10, ☐15], Eib: L2[☐20, L0[]], Eii: L2[☐30, ☐35], put: L2[L7[], V0] -> V0 -> V1 -> L2[L7[], _9_], tr: L7[]
[15:24:35.386290]	Trying ff on 0: L0[], 1: L0[], Ebi: L2[☐10, ☐15], Eib: L2[☐20, L0[]], Eii: L2[☐30, ☐35], put: L2[L7[], V2] -> V0 -> V1 -> L2[L7[], _9_], tr: L7[]
[15:24:35.387689]	Trying ff on 0: L0[], 1: L0[], Ebi: L2[☐10, ☐15], Eib: L2[☐20, L0[]], Eii: L2[☐30, ☐35], put: L2[V0, L0[]] -> V0 -> V1 -> L2[V0, _9_], tr: L7[]
[15:24:35.389163]	Trying ff on 0: L0[], 1: L0[], Ebi: L2[☐10, ☐15], Eib: L2[☐20, L0[]], Eii: L2[☐30, ☐35], put: L2[V0, V0] -> V0 -> V1 -> L2[V0, _9_], tr: L7[]
[15:24:35.390070]	Trying ff on 0: L0[], 1: L0[], Ebi: L2[☐10, ☐15], Eib: L2[☐20, L0[]], Eii: L2[☐30, ☐35], put: L2[V0, V2] -> V0 -> V1 -> L2[V0, _9_], tr: L7[]
[15:24:35.390869]	Trying ff on 0: L0[], 1: L0[], Ebi: L2[☐10, ☐15], Eib: L2[☐20, L0[]], Eii: L2[☐30, ☐35], put: L2[V0, V2] -> V0 -> V1 -> L2[V2, _9_], tr: L7[]
[15:24:35.392517]	Trying ff on 0: L0[], 1: L0[], Ebi: L2[☐10, ☐15], Eib: L2[☐20, L0[]], Eii: L2[☐30, ☐35], put: L2[V1, L0[]] -> V0 -> V1 -> L2[V1, _9_], tr: L7[]
[15:24:35.393580]	Trying ff on 0: L0[], 1: L0[], Ebi: L2[☐10, ☐15], Eib: L2[☐20, L0[]], Eii: L2[☐30, ☐35], put: L2[V1, V0] -> V0 -> V1 -> L2[V1, _9_], tr: L7[]
[15:24:35.394544]	Trying ff on 0: L0[], 1: L0[], Ebi: L2[☐10, ☐15], Eib: L2[☐20, L0[]], Eii: L2[☐30, ☐35], put: L2[V1, V1] -> V0 -> V1 -> L2[V1, _9_], tr: L7[]
[15:24:35.395215]	Trying ff on 0: L0[], 1: L0[], Ebi: L2[☐10, ☐15], Eib: L2[☐20, L0[]], Eii: L2[☐30, ☐35], put: L2[V1, V2] -> V0 -> V1 -> L2[V1, _9_], tr: L7[]
[15:24:35.396195]	Trying ff on 0: L0[], 1: L0[], Ebi: L2[☐10, ☐15], Eib: L2[☐20, L0[]], Eii: L2[☐30, ☐35], put: L2[V2, L0[]] -> V0 -> V1 -> L2[☐50, L0[]], tr: L7[]
[15:24:35.396630]	Trying ff on 0: L0[], 1: L0[], Ebi: L2[☐10, ☐15], Eib: L2[☐20, L0[]], Eii: L2[☐30, ☐35], put: L2[V2, L0[]] -> V0 -> V1 -> L2[☐50, V2], tr: L7[]
[15:24:35.397252]	Trying ff on 0: L0[], 1: L0[], Ebi: L2[☐10, ☐15], Eib: L2[☐20, L0[]], Eii: L2[☐30, ☐35], put: L2[V2, L0[]] -> V0 -> V1 -> L2[L0[], _9_], tr: L7[]
[15:24:35.397692]	Trying ff on 0: L0[], 1: L0[], Ebi: L2[☐10, ☐15], Eib: L2[☐20, L0[]], Eii: L2[☐30, ☐35], put: L2[V2, L0[]] -> V0 -> V1 -> L2[L7[], _9_], tr: L7[]
[15:24:35.398129]	Trying ff on 0: L0[], 1: L0[], Ebi: L2[☐10, ☐15], Eib: L2[☐20, L0[]], Eii: L2[☐30, ☐35], put: L2[V2, L0[]] -> V0 -> V1 -> L2[V0, _9_], tr: L7[]
[15:24:35.398575]	Trying ff on 0: L0[], 1: L0[], Ebi: L2[☐10, ☐15], Eib: L2[☐20, L0[]], Eii: L2[☐30, ☐35], put: L2[V2, L0[]] -> V0 -> V1 -> L2[V1, _9_], tr: L7[]
[15:24:35.399028]	Trying ff on 0: L0[], 1: L0[], Ebi: L2[☐10, ☐15], Eib: L2[☐20, L0[]], Eii: L2[☐30, ☐35], put: L2[V2, L0[]] -> V0 -> V1 -> L2[V2, _9_], tr: L7[]
[15:24:35.399930]	Trying ff on 0: L0[], 1: L0[], Ebi: L2[☐10, ☐15], Eib: L2[☐20, L0[]], Eii: L2[☐30, ☐35], put: L2[V2, V0] -> V0 -> V1 -> L2[☐50, V0], tr: L7[]
[15:24:35.400496]	Trying ff on 0: L0[], 1: L0[], Ebi: L2[☐10, ☐15], Eib: L2[☐20, L0[]], Eii: L2[☐30, ☐35], put: L2[V2, V0] -> V0 -> V1 -> L2[☐50, V2], tr: L7[]
[15:24:35.401251]	Trying ff on 0: L0[], 1: L0[], Ebi: L2[☐10, ☐15], Eib: L2[☐20, L0[]], Eii: L2[☐30, ☐35], put: L2[V2, V0] -> V0 -> V1 -> L2[L0[], _9_], tr: L7[]
[15:24:35.401706]	Trying ff on 0: L0[], 1: L0[], Ebi: L2[☐10, ☐15], Eib: L2[☐20, L0[]], Eii: L2[☐30, ☐35], put: L2[V2, V0] -> V0 -> V1 -> L2[L7[], _9_], tr: L7[]
[15:24:35.402032]	Trying ff on 0: L0[], 1: L0[], Ebi: L2[☐10, ☐15], Eib: L2[☐20, L0[]], Eii: L2[☐30, ☐35], put: L2[V2, V0] -> V0 -> V1 -> L2[V0, _9_], tr: L7[]
[15:24:35.402367]	Trying ff on 0: L0[], 1: L0[], Ebi: L2[☐10, ☐15], Eib: L2[☐20, L0[]], Eii: L2[☐30, ☐35], put: L2[V2, V0] -> V0 -> V1 -> L2[V1, _9_], tr: L7[]
[15:24:35.402690]	Trying ff on 0: L0[], 1: L0[], Ebi: L2[☐10, ☐15], Eib: L2[☐20, L0[]], Eii: L2[☐30, ☐35], put: L2[V2, V0] -> V0 -> V1 -> L2[V2, _9_], tr: L7[]
[15:24:35.403629]	Trying ff on 0: L0[], 1: L0[], Ebi: L2[☐10, ☐15], Eib: L2[☐20, L0[]], Eii: L2[☐30, ☐35], put: L2[V2, V2] -> V0 -> V1 -> L2[☐50, L0[]], tr: L7[]
[15:24:35.403963]	Trying ff on 0: L0[], 1: L0[], Ebi: L2[☐10, ☐15], Eib: L2[☐20, L0[]], Eii: L2[☐30, ☐35], put: L2[V2, V2] -> V0 -> V1 -> L2[☐50, L7[]], tr: L7[]
[15:24:35.404289]	Trying ff on 0: L0[], 1: L0[], Ebi: L2[☐10, ☐15], Eib: L2[☐20, L0[]], Eii: L2[☐30, ☐35], put: L2[V2, V2] -> V0 -> V1 -> L2[☐50, V0], tr: L7[]
[15:24:35.404578]	Trying ff on 0: L0[], 1: L0[], Ebi: L2[☐10, ☐15], Eib: L2[☐20, L0[]], Eii: L2[☐30, ☐35], put: L2[V2, V2] -> V0 -> V1 -> L2[☐50, V1], tr: L7[]
[15:24:35.404862]	Trying ff on 0: L0[], 1: L0[], Ebi: L2[☐10, ☐15], Eib: L2[☐20, L0[]], Eii: L2[☐30, ☐35], put: L2[V2, V2] -> V0 -> V1 -> L2[☐50, V2], tr: L7[]
[15:24:35.405126]	Trying ff on 0: L0[], 1: L0[], Ebi: L2[☐10, ☐15], Eib: L2[☐20, L0[]], Eii: L2[☐30, ☐35], put: L2[V2, V2] -> V0 -> V1 -> L2[L0[], _9_], tr: L7[]
[15:24:35.405414]	Trying ff on 0: L0[], 1: L0[], Ebi: L2[☐10, ☐15], Eib: L2[☐20, L0[]], Eii: L2[☐30, ☐35], put: L2[V2, V2] -> V0 -> V1 -> L2[L7[], _9_], tr: L7[]
[15:24:35.405740]	Trying ff on 0: L0[], 1: L0[], Ebi: L2[☐10, ☐15], Eib: L2[☐20, L0[]], Eii: L2[☐30, ☐35], put: L2[V2, V2] -> V0 -> V1 -> L2[V0, _9_], tr: L7[]
[15:24:35.406032]	Trying ff on 0: L0[], 1: L0[], Ebi: L2[☐10, ☐15], Eib: L2[☐20, L0[]], Eii: L2[☐30, ☐35], put: L2[V2, V2] -> V0 -> V1 -> L2[V1, _9_], tr: L7[]
[15:24:35.406328]	Trying ff on 0: L0[], 1: L0[], Ebi: L2[☐10, ☐15], Eib: L2[☐20, L0[]], Eii: L2[☐30, ☐35], put: L2[V2, V2] -> V0 -> V1 -> L2[V2, _9_], tr: L7[]
[15:24:35.407280]	Trying ff on 0: L0[], 1: L0[], Ebi: L2[☐10, ☐15], Eib: L2[☐20, L0[]], Eii: L2[☐30, ☐35], put: L2[V2, V3] -> V0 -> V1 -> L2[☐50, L0[]], tr: L7[]
[15:24:35.407600]	Trying ff on 0: L0[], 1: L0[], Ebi: L2[☐10, ☐15], Eib: L2[☐20, L0[]], Eii: L2[☐30, ☐35], put: L2[V2, V3] -> V0 -> V1 -> L2[☐50, L7[]], tr: L7[]
[15:24:35.407944]	Trying ff on 0: L0[], 1: L0[], Ebi: L2[☐10, ☐15], Eib: L2[☐20, L0[]], Eii: L2[☐30, ☐35], put: L2[V2, V3] -> V0 -> V1 -> L2[☐50, V0], tr: L7[]
[15:24:35.408266]	Trying ff on 0: L0[], 1: L0[], Ebi: L2[☐10, ☐15], Eib: L2[☐20, L0[]], Eii: L2[☐30, ☐35], put: L2[V2, V3] -> V0 -> V1 -> L2[☐50, V1], tr: L7[]
[15:24:35.408561]	Trying ff on 0: L0[], 1: L0[], Ebi: L2[☐10, ☐15], Eib: L2[☐20, L0[]], Eii: L2[☐30, ☐35], put: L2[V2, V3] -> V0 -> V1 -> L2[☐50, V2], tr: L7[]
[15:24:35.408853]	Trying ff on 0: L0[], 1: L0[], Ebi: L2[☐10, ☐15], Eib: L2[☐20, L0[]], Eii: L2[☐30, ☐35], put: L2[V2, V3] -> V0 -> V1 -> L2[☐50, V3], tr: L7[]
[15:24:35.409127]	Trying ff on 0: L0[], 1: L0[], Ebi: L2[☐10, ☐15], Eib: L2[☐20, L0[]], Eii: L2[☐30, ☐35], put: L2[V2, V3] -> V0 -> V1 -> L2[L0[], _9_], tr: L7[]
[15:24:35.409393]	Trying ff on 0: L0[], 1: L0[], Ebi: L2[☐10, ☐15], Eib: L2[☐20, L0[]], Eii: L2[☐30, ☐35], put: L2[V2, V3] -> V0 -> V1 -> L2[L7[], _9_], tr: L7[]
[15:24:35.409700]	Trying ff on 0: L0[], 1: L0[], Ebi: L2[☐10, ☐15], Eib: L2[☐20, L0[]], Eii: L2[☐30, ☐35], put: L2[V2, V3] -> V0 -> V1 -> L2[V0, _9_], tr: L7[]
[15:24:35.410032]	Trying ff on 0: L0[], 1: L0[], Ebi: L2[☐10, ☐15], Eib: L2[☐20, L0[]], Eii: L2[☐30, ☐35], put: L2[V2, V3] -> V0 -> V1 -> L2[V1, _9_], tr: L7[]
[15:24:35.410321]	Trying ff on 0: L0[], 1: L0[], Ebi: L2[☐10, ☐15], Eib: L2[☐20, L0[]], Eii: L2[☐30, ☐35], put: L2[V2, V3] -> V0 -> V1 -> L2[V2, _9_], tr: L7[]
[15:24:35.410635]	Trying ff on 0: L0[], 1: L0[], Ebi: L2[☐10, ☐15], Eib: L2[☐20, L0[]], Eii: L2[☐30, ☐35], put: L2[V2, V3] -> V0 -> V1 -> L2[V3, _9_], tr: L7[]
[15:24:35.411482]	Trying ff on 0: L0[], 1: L0[], Ebi: L2[☐10, ☐15], Eib: L2[☐20, L0[]], Eii: L2[☐30, L0[]], put: L2[☐40, L0[]] -> V0 -> V1 -> L2[☐50, L0[]], tr: L7[]
[15:24:35.411862]	Trying ff on 0: L0[], 1: L0[], Ebi: L2[☐10, ☐15], Eib: L2[☐20, L0[]], Eii: L2[☐30, L0[]], put: L2[☐40, L0[]] -> V0 -> V1 -> L2[L0[], _9_], tr: L7[]
[15:24:35.412115]	Trying ff on 0: L0[], 1: L0[], Ebi: L2[☐10, ☐15], Eib: L2[☐20, L0[]], Eii: L2[☐30, L0[]], put: L2[☐40, L0[]] -> V0 -> V1 -> L2[L7[], _9_], tr: L7[]
[15:24:35.412421]	Trying ff on 0: L0[], 1: L0[], Ebi: L2[☐10, ☐15], Eib: L2[☐20, L0[]], Eii: L2[☐30, L0[]], put: L2[☐40, L0[]] -> V0 -> V1 -> L2[V0, _9_], tr: L7[]
[15:24:35.412682]	Trying ff on 0: L0[], 1: L0[], Ebi: L2[☐10, ☐15], Eib: L2[☐20, L0[]], Eii: L2[☐30, L0[]], put: L2[☐40, L0[]] -> V0 -> V1 -> L2[V1, _9_], tr: L7[]
[15:24:35.413289]	Trying ff on 0: L0[], 1: L0[], Ebi: L2[☐10, ☐15], Eib: L2[☐20, L0[]], Eii: L2[☐30, L0[]], put: L2[☐40, V0] -> V0 -> V1 -> L2[☐50, V0], tr: L7[]
[15:24:35.413606]	Trying ff on 0: L0[], 1: L0[], Ebi: L2[☐10, ☐15], Eib: L2[☐20, L0[]], Eii: L2[☐30, L0[]], put: L2[☐40, V0] -> V0 -> V1 -> L2[L0[], _9_], tr: L7[]
[15:24:35.413871]	Trying ff on 0: L0[], 1: L0[], Ebi: L2[☐10, ☐15], Eib: L2[☐20, L0[]], Eii: L2[☐30, L0[]], put: L2[☐40, V0] -> V0 -> V1 -> L2[L7[], _9_], tr: L7[]
[15:24:35.414138]	Trying ff on 0: L0[], 1: L0[], Ebi: L2[☐10, ☐15], Eib: L2[☐20, L0[]], Eii: L2[☐30, L0[]], put: L2[☐40, V0] -> V0 -> V1 -> L2[V0, _9_], tr: L7[]
[15:24:35.414431]	Trying ff on 0: L0[], 1: L0[], Ebi: L2[☐10, ☐15], Eib: L2[☐20, L0[]], Eii: L2[☐30, L0[]], put: L2[☐40, V0] -> V0 -> V1 -> L2[V1, _9_], tr: L7[]
[15:24:35.415272]	Trying ff on 0: L0[], 1: L0[], Ebi: L2[☐10, ☐15], Eib: L2[☐20, L0[]], Eii: L2[☐30, L0[]], put: L2[☐40, V2] -> V0 -> V1 -> L2[☐50, L0[]], tr: L7[]
[15:24:35.415573]	Trying ff on 0: L0[], 1: L0[], Ebi: L2[☐10, ☐15], Eib: L2[☐20, L0[]], Eii: L2[☐30, L0[]], put: L2[☐40, V2] -> V0 -> V1 -> L2[☐50, L7[]], tr: L7[]
[15:24:35.415850]	Trying ff on 0: L0[], 1: L0[], Ebi: L2[☐10, ☐15], Eib: L2[☐20, L0[]], Eii: L2[☐30, L0[]], put: L2[☐40, V2] -> V0 -> V1 -> L2[☐50, V0], tr: L7[]
[15:24:35.416118]	Trying ff on 0: L0[], 1: L0[], Ebi: L2[☐10, ☐15], Eib: L2[☐20, L0[]], Eii: L2[☐30, L0[]], put: L2[☐40, V2] -> V0 -> V1 -> L2[☐50, V1], tr: L7[]
[15:24:35.416373]	Trying ff on 0: L0[], 1: L0[], Ebi: L2[☐10, ☐15], Eib: L2[☐20, L0[]], Eii: L2[☐30, L0[]], put: L2[☐40, V2] -> V0 -> V1 -> L2[☐50, V2], tr: L7[]
[15:24:35.416614]	Trying ff on 0: L0[], 1: L0[], Ebi: L2[☐10, ☐15], Eib: L2[☐20, L0[]], Eii: L2[☐30, L0[]], put: L2[☐40, V2] -> V0 -> V1 -> L2[L0[], _9_], tr: L7[]
[15:24:35.416901]	Trying ff on 0: L0[], 1: L0[], Ebi: L2[☐10, ☐15], Eib: L2[☐20, L0[]], Eii: L2[☐30, L0[]], put: L2[☐40, V2] -> V0 -> V1 -> L2[L7[], _9_], tr: L7[]
[15:24:35.417194]	Trying ff on 0: L0[], 1: L0[], Ebi: L2[☐10, ☐15], Eib: L2[☐20, L0[]], Eii: L2[☐30, L0[]], put: L2[☐40, V2] -> V0 -> V1 -> L2[V0, _9_], tr: L7[]
[15:24:35.417478]	Trying ff on 0: L0[], 1: L0[], Ebi: L2[☐10, ☐15], Eib: L2[☐20, L0[]], Eii: L2[☐30, L0[]], put: L2[☐40, V2] -> V0 -> V1 -> L2[V1, _9_], tr: L7[]
[15:24:35.417731]	Trying ff on 0: L0[], 1: L0[], Ebi: L2[☐10, ☐15], Eib: L2[☐20, L0[]], Eii: L2[☐30, L0[]], put: L2[☐40, V2] -> V0 -> V1 -> L2[V2, _9_], tr: L7[]
[15:24:35.418195]	Trying ff on 0: L0[], 1: L0[], Ebi: L2[☐10, ☐15], Eib: L2[☐20, L0[]], Eii: L2[☐30, L0[]], put: L2[L0[], L0[]] -> V0 -> V1 -> L2[_8_, _9_], tr: L7[]
[15:24:35.418712]	Trying ff on 0: L0[], 1: L0[], Ebi: L2[☐10, ☐15], Eib: L2[☐20, L0[]], Eii: L2[☐30, L0[]], put: L2[L0[], V0] -> V0 -> V1 -> L2[_8_, _9_], tr: L7[]
[15:24:35.419281]	Trying ff on 0: L0[], 1: L0[], Ebi: L2[☐10, ☐15], Eib: L2[☐20, L0[]], Eii: L2[☐30, L0[]], put: L2[L0[], V2] -> V0 -> V1 -> L2[_8_, _9_], tr: L7[]
[15:24:35.419743]	Trying ff on 0: L0[], 1: L0[], Ebi: L2[☐10, ☐15], Eib: L2[☐20, L0[]], Eii: L2[☐30, L0[]], put: L2[L7[], L0[]] -> V0 -> V1 -> L2[_8_, _9_], tr: L7[]
[15:24:35.420275]	Trying ff on 0: L0[], 1: L0[], Ebi: L2[☐10, ☐15], Eib: L2[☐20, L0[]], Eii: L2[☐30, L0[]], put: L2[L7[], V0] -> V0 -> V1 -> L2[_8_, _9_], tr: L7[]
[15:24:35.420849]	Trying ff on 0: L0[], 1: L0[], Ebi: L2[☐10, ☐15], Eib: L2[☐20, L0[]], Eii: L2[☐30, L0[]], put: L2[L7[], V2] -> V0 -> V1 -> L2[_8_, _9_], tr: L7[]
[15:24:35.421341]	Trying ff on 0: L0[], 1: L0[], Ebi: L2[☐10, ☐15], Eib: L2[☐20, L0[]], Eii: L2[☐30, L0[]], put: L2[V0, L0[]] -> V0 -> V1 -> L2[_8_, _9_], tr: L7[]
[15:24:35.421822]	Trying ff on 0: L0[], 1: L0[], Ebi: L2[☐10, ☐15], Eib: L2[☐20, L0[]], Eii: L2[☐30, L0[]], put: L2[V0, V0] -> V0 -> V1 -> L2[_8_, _9_], tr: L7[]
[15:24:35.422141]	Trying ff on 0: L0[], 1: L0[], Ebi: L2[☐10, ☐15], Eib: L2[☐20, L0[]], Eii: L2[☐30, L0[]], put: L2[V0, V2] -> V0 -> V1 -> L2[_8_, _9_], tr: L7[]
[15:24:35.422602]	Trying ff on 0: L0[], 1: L0[], Ebi: L2[☐10, ☐15], Eib: L2[☐20, L0[]], Eii: L2[☐30, L0[]], put: L2[V1, L0[]] -> V0 -> V1 -> L2[_8_, _9_], tr: L7[]
[15:24:35.423016]	Trying ff on 0: L0[], 1: L0[], Ebi: L2[☐10, ☐15], Eib: L2[☐20, L0[]], Eii: L2[☐30, L0[]], put: L2[V1, V0] -> V0 -> V1 -> L2[_8_, _9_], tr: L7[]
[15:24:35.423353]	Trying ff on 0: L0[], 1: L0[], Ebi: L2[☐10, ☐15], Eib: L2[☐20, L0[]], Eii: L2[☐30, L0[]], put: L2[V1, V1] -> V0 -> V1 -> L2[_8_, _9_], tr: L7[]
[15:24:35.423668]	Trying ff on 0: L0[], 1: L0[], Ebi: L2[☐10, ☐15], Eib: L2[☐20, L0[]], Eii: L2[☐30, L0[]], put: L2[V1, V2] -> V0 -> V1 -> L2[_8_, _9_], tr: L7[]
[15:24:35.424189]	Trying ff on 0: L0[], 1: L0[], Ebi: L2[☐10, ☐15], Eib: L2[☐20, L0[]], Eii: L2[☐30, L0[]], put: L2[V2, L0[]] -> V0 -> V1 -> L2[_8_, _9_], tr: L7[]
[15:24:35.424492]	Trying ff on 0: L0[], 1: L0[], Ebi: L2[☐10, ☐15], Eib: L2[☐20, L0[]], Eii: L2[☐30, L0[]], put: L2[V2, V0] -> V0 -> V1 -> L2[_8_, _9_], tr: L7[]
[15:24:35.424778]	Trying ff on 0: L0[], 1: L0[], Ebi: L2[☐10, ☐15], Eib: L2[☐20, L0[]], Eii: L2[☐30, L0[]], put: L2[V2, V2] -> V0 -> V1 -> L2[_8_, _9_], tr: L7[]
[15:24:35.425077]	Trying ff on 0: L0[], 1: L0[], Ebi: L2[☐10, ☐15], Eib: L2[☐20, L0[]], Eii: L2[☐30, L0[]], put: L2[V2, V3] -> V0 -> V1 -> L2[_8_, _9_], tr: L7[]
[15:24:35.426254]	Trying ff on 0: L0[], 1: L0[], Ebi: L2[☐10, ☐15], Eib: L2[☐20, L0[]], Eii: L2[☐30, L7[]], put: L2[☐40, V2] -> V0 -> V1 -> L2[☐50, L0[]], tr: L7[]
[15:24:35.426534]	Trying ff on 0: L0[], 1: L0[], Ebi: L2[☐10, ☐15], Eib: L2[☐20, L0[]], Eii: L2[☐30, L7[]], put: L2[☐40, V2] -> V0 -> V1 -> L2[☐50, L7[]], tr: L7[]
[15:24:35.426800]	Trying ff on 0: L0[], 1: L0[], Ebi: L2[☐10, ☐15], Eib: L2[☐20, L0[]], Eii: L2[☐30, L7[]], put: L2[☐40, V2] -> V0 -> V1 -> L2[☐50, V0], tr: L7[]
[15:24:35.427072]	Trying ff on 0: L0[], 1: L0[], Ebi: L2[☐10, ☐15], Eib: L2[☐20, L0[]], Eii: L2[☐30, L7[]], put: L2[☐40, V2] -> V0 -> V1 -> L2[☐50, V1], tr: L7[]
[15:24:35.427322]	Trying ff on 0: L0[], 1: L0[], Ebi: L2[☐10, ☐15], Eib: L2[☐20, L0[]], Eii: L2[☐30, L7[]], put: L2[☐40, V2] -> V0 -> V1 -> L2[☐50, V2], tr: L7[]
[15:24:35.427546]	Trying ff on 0: L0[], 1: L0[], Ebi: L2[☐10, ☐15], Eib: L2[☐20, L0[]], Eii: L2[☐30, L7[]], put: L2[☐40, V2] -> V0 -> V1 -> L2[L0[], _9_], tr: L7[]
[15:24:35.427829]	Trying ff on 0: L0[], 1: L0[], Ebi: L2[☐10, ☐15], Eib: L2[☐20, L0[]], Eii: L2[☐30, L7[]], put: L2[☐40, V2] -> V0 -> V1 -> L2[L7[], _9_], tr: L7[]
[15:24:35.428143]	Trying ff on 0: L0[], 1: L0[], Ebi: L2[☐10, ☐15], Eib: L2[☐20, L0[]], Eii: L2[☐30, L7[]], put: L2[☐40, V2] -> V0 -> V1 -> L2[V0, _9_], tr: L7[]
[15:24:35.428411]	Trying ff on 0: L0[], 1: L0[], Ebi: L2[☐10, ☐15], Eib: L2[☐20, L0[]], Eii: L2[☐30, L7[]], put: L2[☐40, V2] -> V0 -> V1 -> L2[V1, _9_], tr: L7[]
[15:24:35.428649]	Trying ff on 0: L0[], 1: L0[], Ebi: L2[☐10, ☐15], Eib: L2[☐20, L0[]], Eii: L2[☐30, L7[]], put: L2[☐40, V2] -> V0 -> V1 -> L2[V2, _9_], tr: L7[]
[15:24:35.429167]	Trying ff on 0: L0[], 1: L0[], Ebi: L2[☐10, ☐15], Eib: L2[☐20, L0[]], Eii: L2[☐30, L7[]], put: L2[L0[], V2] -> V0 -> V1 -> L2[_8_, _9_], tr: L7[]
[15:24:35.429789]	Trying ff on 0: L0[], 1: L0[], Ebi: L2[☐10, ☐15], Eib: L2[☐20, L0[]], Eii: L2[☐30, L7[]], put: L2[L7[], V2] -> V0 -> V1 -> L2[_8_, _9_], tr: L7[]
[15:24:35.430289]	Trying ff on 0: L0[], 1: L0[], Ebi: L2[☐10, ☐15], Eib: L2[☐20, L0[]], Eii: L2[☐30, L7[]], put: L2[V0, V0] -> V0 -> V1 -> L2[_8_, _9_], tr: L7[]
[15:24:35.430646]	Trying ff on 0: L0[], 1: L0[], Ebi: L2[☐10, ☐15], Eib: L2[☐20, L0[]], Eii: L2[☐30, L7[]], put: L2[V0, V2] -> V0 -> V1 -> L2[_8_, _9_], tr: L7[]
[15:24:35.431239]	Trying ff on 0: L0[], 1: L0[], Ebi: L2[☐10, ☐15], Eib: L2[☐20, L0[]], Eii: L2[☐30, L7[]], put: L2[V1, V1] -> V0 -> V1 -> L2[_8_, _9_], tr: L7[]
[15:24:35.431611]	Trying ff on 0: L0[], 1: L0[], Ebi: L2[☐10, ☐15], Eib: L2[☐20, L0[]], Eii: L2[☐30, L7[]], put: L2[V1, V2] -> V0 -> V1 -> L2[_8_, _9_], tr: L7[]
[15:24:35.432251]	Trying ff on 0: L0[], 1: L0[], Ebi: L2[☐10, ☐15], Eib: L2[☐20, L0[]], Eii: L2[☐30, L7[]], put: L2[V2, V2] -> V0 -> V1 -> L2[_8_, _9_], tr: L7[]
[15:24:35.432652]	Trying ff on 0: L0[], 1: L0[], Ebi: L2[☐10, ☐15], Eib: L2[☐20, L0[]], Eii: L2[☐30, L7[]], put: L2[V2, V3] -> V0 -> V1 -> L2[_8_, _9_], tr: L7[]
[15:24:35.433435]	Trying ff on 0: L0[], 1: L0[], Ebi: L2[☐10, ☐15], Eib: L2[☐20, L0[]], Eii: L2[L0[], ☐35], put: L2[L0[], L0[]] -> V0 -> V1 -> L2[_8_, _9_], tr: L7[]
[15:24:35.434043]	Trying ff on 0: L0[], 1: L0[], Ebi: L2[☐10, ☐15], Eib: L2[☐20, L0[]], Eii: L2[L0[], ☐35], put: L2[L0[], V0] -> V0 -> V1 -> L2[_8_, _9_], tr: L7[]
[15:24:35.434916]	Trying ff on 0: L0[], 1: L0[], Ebi: L2[☐10, ☐15], Eib: L2[☐20, L0[]], Eii: L2[L0[], ☐35], put: L2[L0[], V2] -> V0 -> V1 -> L2[_8_, _9_], tr: L7[]
[15:24:35.435724]	Trying ff on 0: L0[], 1: L0[], Ebi: L2[☐10, ☐15], Eib: L2[☐20, L0[]], Eii: L2[L0[], ☐35], put: L2[V0, L0[]] -> V0 -> V1 -> L2[_8_, _9_], tr: L7[]
[15:24:35.436534]	Trying ff on 0: L0[], 1: L0[], Ebi: L2[☐10, ☐15], Eib: L2[☐20, L0[]], Eii: L2[L0[], ☐35], put: L2[V0, V0] -> V0 -> V1 -> L2[_8_, _9_], tr: L7[]
[15:24:35.437108]	Trying ff on 0: L0[], 1: L0[], Ebi: L2[☐10, ☐15], Eib: L2[☐20, L0[]], Eii: L2[L0[], ☐35], put: L2[V0, V2] -> V0 -> V1 -> L2[_8_, _9_], tr: L7[]
[15:24:35.437724]	Trying ff on 0: L0[], 1: L0[], Ebi: L2[☐10, ☐15], Eib: L2[☐20, L0[]], Eii: L2[L0[], ☐35], put: L2[V1, L0[]] -> V0 -> V1 -> L2[_8_, _9_], tr: L7[]
[15:24:35.438297]	Trying ff on 0: L0[], 1: L0[], Ebi: L2[☐10, ☐15], Eib: L2[☐20, L0[]], Eii: L2[L0[], ☐35], put: L2[V1, V0] -> V0 -> V1 -> L2[_8_, _9_], tr: L7[]
[15:24:35.438809]	Trying ff on 0: L0[], 1: L0[], Ebi: L2[☐10, ☐15], Eib: L2[☐20, L0[]], Eii: L2[L0[], ☐35], put: L2[V1, V1] -> V0 -> V1 -> L2[_8_, _9_], tr: L7[]
[15:24:35.439247]	Trying ff on 0: L0[], 1: L0[], Ebi: L2[☐10, ☐15], Eib: L2[☐20, L0[]], Eii: L2[L0[], ☐35], put: L2[V1, V2] -> V0 -> V1 -> L2[_8_, _9_], tr: L7[]
[15:24:35.439886]	Trying ff on 0: L0[], 1: L0[], Ebi: L2[☐10, ☐15], Eib: L2[☐20, L0[]], Eii: L2[L0[], ☐35], put: L2[V2, L0[]] -> V0 -> V1 -> L2[_8_, _9_], tr: L7[]
[15:24:35.440339]	Trying ff on 0: L0[], 1: L0[], Ebi: L2[☐10, ☐15], Eib: L2[☐20, L0[]], Eii: L2[L0[], ☐35], put: L2[V2, V0] -> V0 -> V1 -> L2[_8_, _9_], tr: L7[]
[15:24:35.440740]	Trying ff on 0: L0[], 1: L0[], Ebi: L2[☐10, ☐15], Eib: L2[☐20, L0[]], Eii: L2[L0[], ☐35], put: L2[V2, V2] -> V0 -> V1 -> L2[_8_, _9_], tr: L7[]
[15:24:35.441109]	Trying ff on 0: L0[], 1: L0[], Ebi: L2[☐10, ☐15], Eib: L2[☐20, L0[]], Eii: L2[L0[], ☐35], put: L2[V2, V3] -> V0 -> V1 -> L2[_8_, _9_], tr: L7[]
[15:24:35.441520]	Trying ff on 0: L0[], 1: L0[], Ebi: L2[☐10, ☐15], Eib: L2[☐20, L0[]], Eii: L2[L0[], L0[]], put: L2[L0[], _7_] -> V0 -> V1 -> L2[_8_, _9_], tr: L7[]
[15:24:35.441856]	Trying ff on 0: L0[], 1: L0[], Ebi: L2[☐10, ☐15], Eib: L2[☐20, L0[]], Eii: L2[L0[], L0[]], put: L2[V0, _7_] -> V0 -> V1 -> L2[_8_, _9_], tr: L7[]
[15:24:35.442145]	Trying ff on 0: L0[], 1: L0[], Ebi: L2[☐10, ☐15], Eib: L2[☐20, L0[]], Eii: L2[L0[], L0[]], put: L2[V1, _7_] -> V0 -> V1 -> L2[_8_, _9_], tr: L7[]
[15:24:35.442456]	Trying ff on 0: L0[], 1: L0[], Ebi: L2[☐10, ☐15], Eib: L2[☐20, L0[]], Eii: L2[L0[], L0[]], put: L2[V2, _7_] -> V0 -> V1 -> L2[_8_, _9_], tr: L7[]
[15:24:35.442970]	Trying ff on 0: L0[], 1: L0[], Ebi: L2[☐10, ☐15], Eib: L2[☐20, L0[]], Eii: L2[L0[], L7[]], put: L2[L0[], _7_] -> V0 -> V1 -> L2[_8_, _9_], tr: L7[]
[15:24:35.443372]	Trying ff on 0: L0[], 1: L0[], Ebi: L2[☐10, ☐15], Eib: L2[☐20, L0[]], Eii: L2[L0[], L7[]], put: L2[V0, _7_] -> V0 -> V1 -> L2[_8_, _9_], tr: L7[]
[15:24:35.443709]	Trying ff on 0: L0[], 1: L0[], Ebi: L2[☐10, ☐15], Eib: L2[☐20, L0[]], Eii: L2[L0[], L7[]], put: L2[V1, _7_] -> V0 -> V1 -> L2[_8_, _9_], tr: L7[]
[15:24:35.444050]	Trying ff on 0: L0[], 1: L0[], Ebi: L2[☐10, ☐15], Eib: L2[☐20, L0[]], Eii: L2[L0[], L7[]], put: L2[V2, _7_] -> V0 -> V1 -> L2[_8_, _9_], tr: L7[]
[15:24:35.444894]	Trying ff on 0: L0[], 1: L0[], Ebi: L2[☐10, ☐15], Eib: L2[☐20, L0[]], Eii: L2[L7[], ☐35], put: L2[L7[], L0[]] -> V0 -> V1 -> L2[_8_, _9_], tr: L7[]
[15:24:35.445504]	Trying ff on 0: L0[], 1: L0[], Ebi: L2[☐10, ☐15], Eib: L2[☐20, L0[]], Eii: L2[L7[], ☐35], put: L2[L7[], V0] -> V0 -> V1 -> L2[_8_, _9_], tr: L7[]
[15:24:35.446135]	Trying ff on 0: L0[], 1: L0[], Ebi: L2[☐10, ☐15], Eib: L2[☐20, L0[]], Eii: L2[L7[], ☐35], put: L2[L7[], V2] -> V0 -> V1 -> L2[_8_, _9_], tr: L7[]
[15:24:35.446836]	Trying ff on 0: L0[], 1: L0[], Ebi: L2[☐10, ☐15], Eib: L2[☐20, L0[]], Eii: L2[L7[], ☐35], put: L2[V2, L0[]] -> V0 -> V1 -> L2[_8_, _9_], tr: L7[]
[15:24:35.447196]	Trying ff on 0: L0[], 1: L0[], Ebi: L2[☐10, ☐15], Eib: L2[☐20, L0[]], Eii: L2[L7[], ☐35], put: L2[V2, V0] -> V0 -> V1 -> L2[_8_, _9_], tr: L7[]
[15:24:35.447514]	Trying ff on 0: L0[], 1: L0[], Ebi: L2[☐10, ☐15], Eib: L2[☐20, L0[]], Eii: L2[L7[], ☐35], put: L2[V2, V2] -> V0 -> V1 -> L2[_8_, _9_], tr: L7[]
[15:24:35.447957]	Trying ff on 0: L0[], 1: L0[], Ebi: L2[☐10, ☐15], Eib: L2[☐20, L0[]], Eii: L2[L7[], ☐35], put: L2[V2, V3] -> V0 -> V1 -> L2[_8_, _9_], tr: L7[]
[15:24:35.448422]	Trying ff on 0: L0[], 1: L0[], Ebi: L2[☐10, ☐15], Eib: L2[☐20, L0[]], Eii: L2[L7[], L0[]], put: L2[L7[], _7_] -> V0 -> V1 -> L2[_8_, _9_], tr: L7[]
[15:24:35.448899]	Trying ff on 0: L0[], 1: L0[], Ebi: L2[☐10, ☐15], Eib: L2[☐20, L0[]], Eii: L2[L7[], L0[]], put: L2[V2, _7_] -> V0 -> V1 -> L2[_8_, _9_], tr: L7[]
[15:24:35.449316]	Trying ff on 0: L0[], 1: L0[], Ebi: L2[☐10, ☐15], Eib: L2[☐20, L0[]], Eii: L2[L7[], L7[]], put: L2[L7[], _7_] -> V0 -> V1 -> L2[_8_, _9_], tr: L7[]
[15:24:35.449798]	Trying ff on 0: L0[], 1: L0[], Ebi: L2[☐10, ☐15], Eib: L2[☐20, L0[]], Eii: L2[L7[], L7[]], put: L2[V2, _7_] -> V0 -> V1 -> L2[_8_, _9_], tr: L7[]
[15:24:35.451311]	Trying ff on 0: L0[], 1: L0[], Ebi: L2[☐10, ☐15], Eib: L2[☐20, L7[]], Eii: L2[☐30, ☐35], put: L2[☐40, L7[]] -> V0 -> V1 -> L2[L0[], L7[]], tr: L7[]
[15:24:35.452232]	Trying ff on 0: L0[], 1: L0[], Ebi: L2[☐10, ☐15], Eib: L2[☐20, L7[]], Eii: L2[☐30, ☐35], put: L2[☐40, L7[]] -> V0 -> V1 -> L2[L7[], L7[]], tr: L7[]
[15:24:35.453007]	Trying ff on 0: L0[], 1: L0[], Ebi: L2[☐10, ☐15], Eib: L2[☐20, L7[]], Eii: L2[☐30, ☐35], put: L2[☐40, L7[]] -> V0 -> V1 -> L2[V0, L7[]], tr: L7[]
[15:24:35.453781]	Trying ff on 0: L0[], 1: L0[], Ebi: L2[☐10, ☐15], Eib: L2[☐20, L7[]], Eii: L2[☐30, ☐35], put: L2[☐40, L7[]] -> V0 -> V1 -> L2[V1, L7[]], tr: L7[]
[15:24:35.455177]	Trying ff on 0: L0[], 1: L0[], Ebi: L2[☐10, ☐15], Eib: L2[☐20, L7[]], Eii: L2[☐30, ☐35], put: L2[☐40, V1] -> V0 -> V1 -> L2[L0[], V1], tr: L7[]
[15:24:35.455995]	Trying ff on 0: L0[], 1: L0[], Ebi: L2[☐10, ☐15], Eib: L2[☐20, L7[]], Eii: L2[☐30, ☐35], put: L2[☐40, V1] -> V0 -> V1 -> L2[L7[], V1], tr: L7[]
[15:24:35.456760]	Trying ff on 0: L0[], 1: L0[], Ebi: L2[☐10, ☐15], Eib: L2[☐20, L7[]], Eii: L2[☐30, ☐35], put: L2[☐40, V1] -> V0 -> V1 -> L2[V0, V1], tr: L7[]
[15:24:35.457457]	Trying ff on 0: L0[], 1: L0[], Ebi: L2[☐10, ☐15], Eib: L2[☐20, L7[]], Eii: L2[☐30, ☐35], put: L2[☐40, V1] -> V0 -> V1 -> L2[V1, V1], tr: L7[]
[15:24:35.459734]	Trying ff on 0: L0[], 1: L0[], Ebi: L2[☐10, ☐15], Eib: L2[☐20, L7[]], Eii: L2[☐30, ☐35], put: L2[☐40, V2] -> V0 -> V1 -> L2[L0[], L0[]], tr: L7[]
[15:24:35.460275]	Trying ff on 0: L0[], 1: L0[], Ebi: L2[☐10, ☐15], Eib: L2[☐20, L7[]], Eii: L2[☐30, ☐35], put: L2[☐40, V2] -> V0 -> V1 -> L2[L0[], L7[]], tr: L7[]
[15:24:35.460741]	Trying ff on 0: L0[], 1: L0[], Ebi: L2[☐10, ☐15], Eib: L2[☐20, L7[]], Eii: L2[☐30, ☐35], put: L2[☐40, V2] -> V0 -> V1 -> L2[L0[], V0], tr: L7[]
[15:24:35.461075]	Trying ff on 0: L0[], 1: L0[], Ebi: L2[☐10, ☐15], Eib: L2[☐20, L7[]], Eii: L2[☐30, ☐35], put: L2[☐40, V2] -> V0 -> V1 -> L2[L0[], V1], tr: L7[]
[15:24:35.461382]	Trying ff on 0: L0[], 1: L0[], Ebi: L2[☐10, ☐15], Eib: L2[☐20, L7[]], Eii: L2[☐30, ☐35], put: L2[☐40, V2] -> V0 -> V1 -> L2[L0[], V2], tr: L7[]
[15:24:35.462052]	Trying ff on 0: L0[], 1: L0[], Ebi: L2[☐10, ☐15], Eib: L2[☐20, L7[]], Eii: L2[☐30, ☐35], put: L2[☐40, V2] -> V0 -> V1 -> L2[L7[], L0[]], tr: L7[]
[15:24:35.462368]	Trying ff on 0: L0[], 1: L0[], Ebi: L2[☐10, ☐15], Eib: L2[☐20, L7[]], Eii: L2[☐30, ☐35], put: L2[☐40, V2] -> V0 -> V1 -> L2[L7[], L7[]], tr: L7[]
[15:24:35.462688]	Trying ff on 0: L0[], 1: L0[], Ebi: L2[☐10, ☐15], Eib: L2[☐20, L7[]], Eii: L2[☐30, ☐35], put: L2[☐40, V2] -> V0 -> V1 -> L2[L7[], V0], tr: L7[]
[15:24:35.463055]	Trying ff on 0: L0[], 1: L0[], Ebi: L2[☐10, ☐15], Eib: L2[☐20, L7[]], Eii: L2[☐30, ☐35], put: L2[☐40, V2] -> V0 -> V1 -> L2[L7[], V1], tr: L7[]
[15:24:35.463355]	Trying ff on 0: L0[], 1: L0[], Ebi: L2[☐10, ☐15], Eib: L2[☐20, L7[]], Eii: L2[☐30, ☐35], put: L2[☐40, V2] -> V0 -> V1 -> L2[L7[], V2], tr: L7[]
[15:24:35.464065]	Trying ff on 0: L0[], 1: L0[], Ebi: L2[☐10, ☐15], Eib: L2[☐20, L7[]], Eii: L2[☐30, ☐35], put: L2[☐40, V2] -> V0 -> V1 -> L2[V0, L0[]], tr: L7[]
[15:24:35.464360]	Trying ff on 0: L0[], 1: L0[], Ebi: L2[☐10, ☐15], Eib: L2[☐20, L7[]], Eii: L2[☐30, ☐35], put: L2[☐40, V2] -> V0 -> V1 -> L2[V0, L7[]], tr: L7[]
[15:24:35.464629]	Trying ff on 0: L0[], 1: L0[], Ebi: L2[☐10, ☐15], Eib: L2[☐20, L7[]], Eii: L2[☐30, ☐35], put: L2[☐40, V2] -> V0 -> V1 -> L2[V0, V0], tr: L7[]
[15:24:35.464907]	Trying ff on 0: L0[], 1: L0[], Ebi: L2[☐10, ☐15], Eib: L2[☐20, L7[]], Eii: L2[☐30, ☐35], put: L2[☐40, V2] -> V0 -> V1 -> L2[V0, V1], tr: L7[]
[15:24:35.465198]	Trying ff on 0: L0[], 1: L0[], Ebi: L2[☐10, ☐15], Eib: L2[☐20, L7[]], Eii: L2[☐30, ☐35], put: L2[☐40, V2] -> V0 -> V1 -> L2[V0, V2], tr: L7[]
[15:24:35.465857]	Trying ff on 0: L0[], 1: L0[], Ebi: L2[☐10, ☐15], Eib: L2[☐20, L7[]], Eii: L2[☐30, ☐35], put: L2[☐40, V2] -> V0 -> V1 -> L2[V1, L0[]], tr: L7[]
[15:24:35.466148]	Trying ff on 0: L0[], 1: L0[], Ebi: L2[☐10, ☐15], Eib: L2[☐20, L7[]], Eii: L2[☐30, ☐35], put: L2[☐40, V2] -> V0 -> V1 -> L2[V1, L7[]], tr: L7[]
[15:24:35.466417]	Trying ff on 0: L0[], 1: L0[], Ebi: L2[☐10, ☐15], Eib: L2[☐20, L7[]], Eii: L2[☐30, ☐35], put: L2[☐40, V2] -> V0 -> V1 -> L2[V1, V0], tr: L7[]
[15:24:35.466702]	Trying ff on 0: L0[], 1: L0[], Ebi: L2[☐10, ☐15], Eib: L2[☐20, L7[]], Eii: L2[☐30, ☐35], put: L2[☐40, V2] -> V0 -> V1 -> L2[V1, V1], tr: L7[]
[15:24:35.466976]	Trying ff on 0: L0[], 1: L0[], Ebi: L2[☐10, ☐15], Eib: L2[☐20, L7[]], Eii: L2[☐30, ☐35], put: L2[☐40, V2] -> V0 -> V1 -> L2[V1, V2], tr: L7[]
[15:24:35.467597]	Trying ff on 0: L0[], 1: L0[], Ebi: L2[☐10, ☐15], Eib: L2[☐20, L7[]], Eii: L2[☐30, ☐35], put: L2[☐40, V2] -> V0 -> V1 -> L2[V2, L0[]], tr: L7[]
[15:24:35.467887]	Trying ff on 0: L0[], 1: L0[], Ebi: L2[☐10, ☐15], Eib: L2[☐20, L7[]], Eii: L2[☐30, ☐35], put: L2[☐40, V2] -> V0 -> V1 -> L2[V2, L7[]], tr: L7[]
[15:24:35.468143]	Trying ff on 0: L0[], 1: L0[], Ebi: L2[☐10, ☐15], Eib: L2[☐20, L7[]], Eii: L2[☐30, ☐35], put: L2[☐40, V2] -> V0 -> V1 -> L2[V2, V0], tr: L7[]
[15:24:35.468420]	Trying ff on 0: L0[], 1: L0[], Ebi: L2[☐10, ☐15], Eib: L2[☐20, L7[]], Eii: L2[☐30, ☐35], put: L2[☐40, V2] -> V0 -> V1 -> L2[V2, V1], tr: L7[]
[15:24:35.468675]	Trying ff on 0: L0[], 1: L0[], Ebi: L2[☐10, ☐15], Eib: L2[☐20, L7[]], Eii: L2[☐30, ☐35], put: L2[☐40, V2] -> V0 -> V1 -> L2[V2, V2], tr: L7[]
[15:24:35.469241]	Trying ff on 0: L0[], 1: L0[], Ebi: L2[☐10, ☐15], Eib: L2[☐20, L7[]], Eii: L2[☐30, ☐35], put: L2[L0[], L7[]] -> V0 -> V1 -> L2[L0[], _9_], tr: L7[]
[15:24:35.470062]	Trying ff on 0: L0[], 1: L0[], Ebi: L2[☐10, ☐15], Eib: L2[☐20, L7[]], Eii: L2[☐30, ☐35], put: L2[L0[], V1] -> V0 -> V1 -> L2[L0[], _9_], tr: L7[]
[15:24:35.470763]	Trying ff on 0: L0[], 1: L0[], Ebi: L2[☐10, ☐15], Eib: L2[☐20, L7[]], Eii: L2[☐30, ☐35], put: L2[L0[], V2] -> V0 -> V1 -> L2[L0[], _9_], tr: L7[]
[15:24:35.471479]	Trying ff on 0: L0[], 1: L0[], Ebi: L2[☐10, ☐15], Eib: L2[☐20, L7[]], Eii: L2[☐30, ☐35], put: L2[L7[], L7[]] -> V0 -> V1 -> L2[L7[], _9_], tr: L7[]
[15:24:35.472307]	Trying ff on 0: L0[], 1: L0[], Ebi: L2[☐10, ☐15], Eib: L2[☐20, L7[]], Eii: L2[☐30, ☐35], put: L2[L7[], V1] -> V0 -> V1 -> L2[L7[], _9_], tr: L7[]
[15:24:35.472718]	Trying ff on 0: L0[], 1: L0[], Ebi: L2[☐10, ☐15], Eib: L2[☐20, L7[]], Eii: L2[☐30, ☐35], put: L2[L7[], V1] -> V0 -> V1 -> L2[V1, _9_], tr: L7[]
[15:24:35.473190]	Trying ff on 0: L0[], 1: L0[], Ebi: L2[☐10, ☐15], Eib: L2[☐20, L7[]], Eii: L2[☐30, ☐35], put: L2[L7[], V2] -> V0 -> V1 -> L2[L7[], _9_], tr: L7[]
[15:24:35.473565]	Trying ff on 0: L0[], 1: L0[], Ebi: L2[☐10, ☐15], Eib: L2[☐20, L7[]], Eii: L2[☐30, ☐35], put: L2[L7[], V2] -> V0 -> V1 -> L2[V2, _9_], tr: L7[]
[15:24:35.474469]	Trying ff on 0: L0[], 1: L0[], Ebi: L2[☐10, ☐15], Eib: L2[☐20, L7[]], Eii: L2[☐30, ☐35], put: L2[V0, L7[]] -> V0 -> V1 -> L2[V0, _9_], tr: L7[]
[15:24:35.475276]	Trying ff on 0: L0[], 1: L0[], Ebi: L2[☐10, ☐15], Eib: L2[☐20, L7[]], Eii: L2[☐30, ☐35], put: L2[V0, V0] -> V0 -> V1 -> L2[V0, _9_], tr: L7[]
[15:24:35.476025]	Trying ff on 0: L0[], 1: L0[], Ebi: L2[☐10, ☐15], Eib: L2[☐20, L7[]], Eii: L2[☐30, ☐35], put: L2[V0, V1] -> V0 -> V1 -> L2[V0, _9_], tr: L7[]
[15:24:35.476873]	Trying ff on 0: L0[], 1: L0[], Ebi: L2[☐10, ☐15], Eib: L2[☐20, L7[]], Eii: L2[☐30, ☐35], put: L2[V0, V2] -> V0 -> V1 -> L2[V0, _9_], tr: L7[]
[15:24:35.477836]	Trying ff on 0: L0[], 1: L0[], Ebi: L2[☐10, ☐15], Eib: L2[☐20, L7[]], Eii: L2[☐30, ☐35], put: L2[V1, L7[]] -> V0 -> V1 -> L2[V1, _9_], tr: L7[]
[15:24:35.478832]	Trying ff on 0: L0[], 1: L0[], Ebi: L2[☐10, ☐15], Eib: L2[☐20, L7[]], Eii: L2[☐30, ☐35], put: L2[V1, V1] -> V0 -> V1 -> L2[V1, _9_], tr: L7[]
[15:24:35.479630]	Trying ff on 0: L0[], 1: L0[], Ebi: L2[☐10, ☐15], Eib: L2[☐20, L7[]], Eii: L2[☐30, ☐35], put: L2[V1, V2] -> V0 -> V1 -> L2[V1, _9_], tr: L7[]
[15:24:35.480152]	Trying ff on 0: L0[], 1: L0[], Ebi: L2[☐10, ☐15], Eib: L2[☐20, L7[]], Eii: L2[☐30, ☐35], put: L2[V1, V2] -> V0 -> V1 -> L2[V2, _9_], tr: L7[]
[15:24:35.481485]	Trying ff on 0: L0[], 1: L0[], Ebi: L2[☐10, ☐15], Eib: L2[☐20, L7[]], Eii: L2[☐30, ☐35], put: L2[V2, L7[]] -> V0 -> V1 -> L2[☐50, L7[]], tr: L7[]
[15:24:35.481940]	Trying ff on 0: L0[], 1: L0[], Ebi: L2[☐10, ☐15], Eib: L2[☐20, L7[]], Eii: L2[☐30, ☐35], put: L2[V2, L7[]] -> V0 -> V1 -> L2[☐50, V2], tr: L7[]
[15:24:35.482502]	Trying ff on 0: L0[], 1: L0[], Ebi: L2[☐10, ☐15], Eib: L2[☐20, L7[]], Eii: L2[☐30, ☐35], put: L2[V2, L7[]] -> V0 -> V1 -> L2[L0[], _9_], tr: L7[]
[15:24:35.482817]	Trying ff on 0: L0[], 1: L0[], Ebi: L2[☐10, ☐15], Eib: L2[☐20, L7[]], Eii: L2[☐30, ☐35], put: L2[V2, L7[]] -> V0 -> V1 -> L2[L7[], _9_], tr: L7[]
[15:24:35.483233]	Trying ff on 0: L0[], 1: L0[], Ebi: L2[☐10, ☐15], Eib: L2[☐20, L7[]], Eii: L2[☐30, ☐35], put: L2[V2, L7[]] -> V0 -> V1 -> L2[V0, _9_], tr: L7[]
[15:24:35.483648]	Trying ff on 0: L0[], 1: L0[], Ebi: L2[☐10, ☐15], Eib: L2[☐20, L7[]], Eii: L2[☐30, ☐35], put: L2[V2, L7[]] -> V0 -> V1 -> L2[V1, _9_], tr: L7[]
[15:24:35.484043]	Trying ff on 0: L0[], 1: L0[], Ebi: L2[☐10, ☐15], Eib: L2[☐20, L7[]], Eii: L2[☐30, ☐35], put: L2[V2, L7[]] -> V0 -> V1 -> L2[V2, _9_], tr: L7[]
[15:24:35.484979]	Trying ff on 0: L0[], 1: L0[], Ebi: L2[☐10, ☐15], Eib: L2[☐20, L7[]], Eii: L2[☐30, ☐35], put: L2[V2, V1] -> V0 -> V1 -> L2[☐50, V1], tr: L7[]
[15:24:35.485318]	Trying ff on 0: L0[], 1: L0[], Ebi: L2[☐10, ☐15], Eib: L2[☐20, L7[]], Eii: L2[☐30, ☐35], put: L2[V2, V1] -> V0 -> V1 -> L2[☐50, V2], tr: L7[]
[15:24:35.485951]	Trying ff on 0: L0[], 1: L0[], Ebi: L2[☐10, ☐15], Eib: L2[☐20, L7[]], Eii: L2[☐30, ☐35], put: L2[V2, V1] -> V0 -> V1 -> L2[L0[], _9_], tr: L7[]
[15:24:35.486265]	Trying ff on 0: L0[], 1: L0[], Ebi: L2[☐10, ☐15], Eib: L2[☐20, L7[]], Eii: L2[☐30, ☐35], put: L2[V2, V1] -> V0 -> V1 -> L2[L7[], _9_], tr: L7[]
[15:24:35.486565]	Trying ff on 0: L0[], 1: L0[], Ebi: L2[☐10, ☐15], Eib: L2[☐20, L7[]], Eii: L2[☐30, ☐35], put: L2[V2, V1] -> V0 -> V1 -> L2[V0, _9_], tr: L7[]
[15:24:35.486866]	Trying ff on 0: L0[], 1: L0[], Ebi: L2[☐10, ☐15], Eib: L2[☐20, L7[]], Eii: L2[☐30, ☐35], put: L2[V2, V1] -> V0 -> V1 -> L2[V1, _9_], tr: L7[]
[15:24:35.487190]	Trying ff on 0: L0[], 1: L0[], Ebi: L2[☐10, ☐15], Eib: L2[☐20, L7[]], Eii: L2[☐30, ☐35], put: L2[V2, V1] -> V0 -> V1 -> L2[V2, _9_], tr: L7[]
[15:24:35.487960]	Trying ff on 0: L0[], 1: L0[], Ebi: L2[☐10, ☐15], Eib: L2[☐20, L7[]], Eii: L2[☐30, ☐35], put: L2[V2, V2] -> V0 -> V1 -> L2[☐50, L0[]], tr: L7[]
[15:24:35.488315]	Trying ff on 0: L0[], 1: L0[], Ebi: L2[☐10, ☐15], Eib: L2[☐20, L7[]], Eii: L2[☐30, ☐35], put: L2[V2, V2] -> V0 -> V1 -> L2[☐50, L7[]], tr: L7[]
[15:24:35.488613]	Trying ff on 0: L0[], 1: L0[], Ebi: L2[☐10, ☐15], Eib: L2[☐20, L7[]], Eii: L2[☐30, ☐35], put: L2[V2, V2] -> V0 -> V1 -> L2[☐50, V0], tr: L7[]
[15:24:35.488908]	Trying ff on 0: L0[], 1: L0[], Ebi: L2[☐10, ☐15], Eib: L2[☐20, L7[]], Eii: L2[☐30, ☐35], put: L2[V2, V2] -> V0 -> V1 -> L2[☐50, V1], tr: L7[]
[15:24:35.489155]	Trying ff on 0: L0[], 1: L0[], Ebi: L2[☐10, ☐15], Eib: L2[☐20, L7[]], Eii: L2[☐30, ☐35], put: L2[V2, V2] -> V0 -> V1 -> L2[☐50, V2], tr: L7[]
[15:24:35.489438]	Trying ff on 0: L0[], 1: L0[], Ebi: L2[☐10, ☐15], Eib: L2[☐20, L7[]], Eii: L2[☐30, ☐35], put: L2[V2, V2] -> V0 -> V1 -> L2[L0[], _9_], tr: L7[]
[15:24:35.489710]	Trying ff on 0: L0[], 1: L0[], Ebi: L2[☐10, ☐15], Eib: L2[☐20, L7[]], Eii: L2[☐30, ☐35], put: L2[V2, V2] -> V0 -> V1 -> L2[L7[], _9_], tr: L7[]
[15:24:35.489988]	Trying ff on 0: L0[], 1: L0[], Ebi: L2[☐10, ☐15], Eib: L2[☐20, L7[]], Eii: L2[☐30, ☐35], put: L2[V2, V2] -> V0 -> V1 -> L2[V0, _9_], tr: L7[]
[15:24:35.490251]	Trying ff on 0: L0[], 1: L0[], Ebi: L2[☐10, ☐15], Eib: L2[☐20, L7[]], Eii: L2[☐30, ☐35], put: L2[V2, V2] -> V0 -> V1 -> L2[V1, _9_], tr: L7[]
[15:24:35.490518]	Trying ff on 0: L0[], 1: L0[], Ebi: L2[☐10, ☐15], Eib: L2[☐20, L7[]], Eii: L2[☐30, ☐35], put: L2[V2, V2] -> V0 -> V1 -> L2[V2, _9_], tr: L7[]
[15:24:35.491410]	Trying ff on 0: L0[], 1: L0[], Ebi: L2[☐10, ☐15], Eib: L2[☐20, L7[]], Eii: L2[☐30, ☐35], put: L2[V2, V3] -> V0 -> V1 -> L2[☐50, L0[]], tr: L7[]
[15:24:35.491727]	Trying ff on 0: L0[], 1: L0[], Ebi: L2[☐10, ☐15], Eib: L2[☐20, L7[]], Eii: L2[☐30, ☐35], put: L2[V2, V3] -> V0 -> V1 -> L2[☐50, L7[]], tr: L7[]
[15:24:35.492016]	Trying ff on 0: L0[], 1: L0[], Ebi: L2[☐10, ☐15], Eib: L2[☐20, L7[]], Eii: L2[☐30, ☐35], put: L2[V2, V3] -> V0 -> V1 -> L2[☐50, V0], tr: L7[]
[15:24:35.492303]	Trying ff on 0: L0[], 1: L0[], Ebi: L2[☐10, ☐15], Eib: L2[☐20, L7[]], Eii: L2[☐30, ☐35], put: L2[V2, V3] -> V0 -> V1 -> L2[☐50, V1], tr: L7[]
[15:24:35.492570]	Trying ff on 0: L0[], 1: L0[], Ebi: L2[☐10, ☐15], Eib: L2[☐20, L7[]], Eii: L2[☐30, ☐35], put: L2[V2, V3] -> V0 -> V1 -> L2[☐50, V2], tr: L7[]
[15:24:35.492852]	Trying ff on 0: L0[], 1: L0[], Ebi: L2[☐10, ☐15], Eib: L2[☐20, L7[]], Eii: L2[☐30, ☐35], put: L2[V2, V3] -> V0 -> V1 -> L2[☐50, V3], tr: L7[]
[15:24:35.493111]	Trying ff on 0: L0[], 1: L0[], Ebi: L2[☐10, ☐15], Eib: L2[☐20, L7[]], Eii: L2[☐30, ☐35], put: L2[V2, V3] -> V0 -> V1 -> L2[L0[], _9_], tr: L7[]
[15:24:35.493365]	Trying ff on 0: L0[], 1: L0[], Ebi: L2[☐10, ☐15], Eib: L2[☐20, L7[]], Eii: L2[☐30, ☐35], put: L2[V2, V3] -> V0 -> V1 -> L2[L7[], _9_], tr: L7[]
[15:24:35.493663]	Trying ff on 0: L0[], 1: L0[], Ebi: L2[☐10, ☐15], Eib: L2[☐20, L7[]], Eii: L2[☐30, ☐35], put: L2[V2, V3] -> V0 -> V1 -> L2[V0, _9_], tr: L7[]
[15:24:35.493960]	Trying ff on 0: L0[], 1: L0[], Ebi: L2[☐10, ☐15], Eib: L2[☐20, L7[]], Eii: L2[☐30, ☐35], put: L2[V2, V3] -> V0 -> V1 -> L2[V1, _9_], tr: L7[]
[15:24:35.494249]	Trying ff on 0: L0[], 1: L0[], Ebi: L2[☐10, ☐15], Eib: L2[☐20, L7[]], Eii: L2[☐30, ☐35], put: L2[V2, V3] -> V0 -> V1 -> L2[V2, _9_], tr: L7[]
[15:24:35.494536]	Trying ff on 0: L0[], 1: L0[], Ebi: L2[☐10, ☐15], Eib: L2[☐20, L7[]], Eii: L2[☐30, ☐35], put: L2[V2, V3] -> V0 -> V1 -> L2[V3, _9_], tr: L7[]
[15:24:35.495483]	Trying ff on 0: L0[], 1: L0[], Ebi: L2[☐10, ☐15], Eib: L2[☐20, L7[]], Eii: L2[☐30, L0[]], put: L2[☐40, V1] -> V0 -> V1 -> L2[☐50, V1], tr: L7[]
[15:24:35.495818]	Trying ff on 0: L0[], 1: L0[], Ebi: L2[☐10, ☐15], Eib: L2[☐20, L7[]], Eii: L2[☐30, L0[]], put: L2[☐40, V1] -> V0 -> V1 -> L2[L0[], _9_], tr: L7[]
[15:24:35.496091]	Trying ff on 0: L0[], 1: L0[], Ebi: L2[☐10, ☐15], Eib: L2[☐20, L7[]], Eii: L2[☐30, L0[]], put: L2[☐40, V1] -> V0 -> V1 -> L2[L7[], _9_], tr: L7[]
[15:24:35.496390]	Trying ff on 0: L0[], 1: L0[], Ebi: L2[☐10, ☐15], Eib: L2[☐20, L7[]], Eii: L2[☐30, L0[]], put: L2[☐40, V1] -> V0 -> V1 -> L2[V0, _9_], tr: L7[]
[15:24:35.496640]	Trying ff on 0: L0[], 1: L0[], Ebi: L2[☐10, ☐15], Eib: L2[☐20, L7[]], Eii: L2[☐30, L0[]], put: L2[☐40, V1] -> V0 -> V1 -> L2[V1, _9_], tr: L7[]
[15:24:35.497389]	Trying ff on 0: L0[], 1: L0[], Ebi: L2[☐10, ☐15], Eib: L2[☐20, L7[]], Eii: L2[☐30, L0[]], put: L2[☐40, V2] -> V0 -> V1 -> L2[☐50, L0[]], tr: L7[]
[15:24:35.497648]	Trying ff on 0: L0[], 1: L0[], Ebi: L2[☐10, ☐15], Eib: L2[☐20, L7[]], Eii: L2[☐30, L0[]], put: L2[☐40, V2] -> V0 -> V1 -> L2[☐50, L7[]], tr: L7[]
[15:24:35.497930]	Trying ff on 0: L0[], 1: L0[], Ebi: L2[☐10, ☐15], Eib: L2[☐20, L7[]], Eii: L2[☐30, L0[]], put: L2[☐40, V2] -> V0 -> V1 -> L2[☐50, V0], tr: L7[]
[15:24:35.498203]	Trying ff on 0: L0[], 1: L0[], Ebi: L2[☐10, ☐15], Eib: L2[☐20, L7[]], Eii: L2[☐30, L0[]], put: L2[☐40, V2] -> V0 -> V1 -> L2[☐50, V1], tr: L7[]
[15:24:35.498459]	Trying ff on 0: L0[], 1: L0[], Ebi: L2[☐10, ☐15], Eib: L2[☐20, L7[]], Eii: L2[☐30, L0[]], put: L2[☐40, V2] -> V0 -> V1 -> L2[☐50, V2], tr: L7[]
[15:24:35.498719]	Trying ff on 0: L0[], 1: L0[], Ebi: L2[☐10, ☐15], Eib: L2[☐20, L7[]], Eii: L2[☐30, L0[]], put: L2[☐40, V2] -> V0 -> V1 -> L2[L0[], _9_], tr: L7[]
[15:24:35.499131]	Trying ff on 0: L0[], 1: L0[], Ebi: L2[☐10, ☐15], Eib: L2[☐20, L7[]], Eii: L2[☐30, L0[]], put: L2[☐40, V2] -> V0 -> V1 -> L2[L7[], _9_], tr: L7[]
[15:24:35.499416]	Trying ff on 0: L0[], 1: L0[], Ebi: L2[☐10, ☐15], Eib: L2[☐20, L7[]], Eii: L2[☐30, L0[]], put: L2[☐40, V2] -> V0 -> V1 -> L2[V0, _9_], tr: L7[]
[15:24:35.499689]	Trying ff on 0: L0[], 1: L0[], Ebi: L2[☐10, ☐15], Eib: L2[☐20, L7[]], Eii: L2[☐30, L0[]], put: L2[☐40, V2] -> V0 -> V1 -> L2[V1, _9_], tr: L7[]
[15:24:35.499942]	Trying ff on 0: L0[], 1: L0[], Ebi: L2[☐10, ☐15], Eib: L2[☐20, L7[]], Eii: L2[☐30, L0[]], put: L2[☐40, V2] -> V0 -> V1 -> L2[V2, _9_], tr: L7[]
[15:24:35.500366]	Trying ff on 0: L0[], 1: L0[], Ebi: L2[☐10, ☐15], Eib: L2[☐20, L7[]], Eii: L2[☐30, L0[]], put: L2[L0[], V1] -> V0 -> V1 -> L2[_8_, _9_], tr: L7[]
[15:24:35.500735]	Trying ff on 0: L0[], 1: L0[], Ebi: L2[☐10, ☐15], Eib: L2[☐20, L7[]], Eii: L2[☐30, L0[]], put: L2[L0[], V2] -> V0 -> V1 -> L2[_8_, _9_], tr: L7[]
[15:24:35.501174]	Trying ff on 0: L0[], 1: L0[], Ebi: L2[☐10, ☐15], Eib: L2[☐20, L7[]], Eii: L2[☐30, L0[]], put: L2[L7[], V1] -> V0 -> V1 -> L2[_8_, _9_], tr: L7[]
[15:24:35.501527]	Trying ff on 0: L0[], 1: L0[], Ebi: L2[☐10, ☐15], Eib: L2[☐20, L7[]], Eii: L2[☐30, L0[]], put: L2[L7[], V2] -> V0 -> V1 -> L2[_8_, _9_], tr: L7[]
[15:24:35.501960]	Trying ff on 0: L0[], 1: L0[], Ebi: L2[☐10, ☐15], Eib: L2[☐20, L7[]], Eii: L2[☐30, L0[]], put: L2[V0, V0] -> V0 -> V1 -> L2[_8_, _9_], tr: L7[]
[15:24:35.502268]	Trying ff on 0: L0[], 1: L0[], Ebi: L2[☐10, ☐15], Eib: L2[☐20, L7[]], Eii: L2[☐30, L0[]], put: L2[V0, V1] -> V0 -> V1 -> L2[_8_, _9_], tr: L7[]
[15:24:35.502628]	Trying ff on 0: L0[], 1: L0[], Ebi: L2[☐10, ☐15], Eib: L2[☐20, L7[]], Eii: L2[☐30, L0[]], put: L2[V0, V2] -> V0 -> V1 -> L2[_8_, _9_], tr: L7[]
[15:24:35.503116]	Trying ff on 0: L0[], 1: L0[], Ebi: L2[☐10, ☐15], Eib: L2[☐20, L7[]], Eii: L2[☐30, L0[]], put: L2[V1, V1] -> V0 -> V1 -> L2[_8_, _9_], tr: L7[]
[15:24:35.503460]	Trying ff on 0: L0[], 1: L0[], Ebi: L2[☐10, ☐15], Eib: L2[☐20, L7[]], Eii: L2[☐30, L0[]], put: L2[V1, V2] -> V0 -> V1 -> L2[_8_, _9_], tr: L7[]
[15:24:35.503977]	Trying ff on 0: L0[], 1: L0[], Ebi: L2[☐10, ☐15], Eib: L2[☐20, L7[]], Eii: L2[☐30, L0[]], put: L2[V2, V1] -> V0 -> V1 -> L2[_8_, _9_], tr: L7[]
[15:24:35.504241]	Trying ff on 0: L0[], 1: L0[], Ebi: L2[☐10, ☐15], Eib: L2[☐20, L7[]], Eii: L2[☐30, L0[]], put: L2[V2, V2] -> V0 -> V1 -> L2[_8_, _9_], tr: L7[]
[15:24:35.504559]	Trying ff on 0: L0[], 1: L0[], Ebi: L2[☐10, ☐15], Eib: L2[☐20, L7[]], Eii: L2[☐30, L0[]], put: L2[V2, V3] -> V0 -> V1 -> L2[_8_, _9_], tr: L7[]
[15:24:35.505367]	Trying ff on 0: L0[], 1: L0[], Ebi: L2[☐10, ☐15], Eib: L2[☐20, L7[]], Eii: L2[☐30, L7[]], put: L2[☐40, L7[]] -> V0 -> V1 -> L2[☐50, L7[]], tr: L7[]
[15:24:35.505732]	Trying ff on 0: L0[], 1: L0[], Ebi: L2[☐10, ☐15], Eib: L2[☐20, L7[]], Eii: L2[☐30, L7[]], put: L2[☐40, L7[]] -> V0 -> V1 -> L2[L0[], _9_], tr: L7[]
[15:24:35.506044]	Trying ff on 0: L0[], 1: L0[], Ebi: L2[☐10, ☐15], Eib: L2[☐20, L7[]], Eii: L2[☐30, L7[]], put: L2[☐40, L7[]] -> V0 -> V1 -> L2[L7[], _9_], tr: L7[]
[15:24:35.506322]	Trying ff on 0: L0[], 1: L0[], Ebi: L2[☐10, ☐15], Eib: L2[☐20, L7[]], Eii: L2[☐30, L7[]], put: L2[☐40, L7[]] -> V0 -> V1 -> L2[V0, _9_], tr: L7[]
[15:24:35.506581]	Trying ff on 0: L0[], 1: L0[], Ebi: L2[☐10, ☐15], Eib: L2[☐20, L7[]], Eii: L2[☐30, L7[]], put: L2[☐40, L7[]] -> V0 -> V1 -> L2[V1, _9_], tr: L7[]
[15:24:35.507497]	Trying ff on 0: L0[], 1: L0[], Ebi: L2[☐10, ☐15], Eib: L2[☐20, L7[]], Eii: L2[☐30, L7[]], put: L2[☐40, V2] -> V0 -> V1 -> L2[☐50, L0[]], tr: L7[]
[15:24:35.507780]	Trying ff on 0: L0[], 1: L0[], Ebi: L2[☐10, ☐15], Eib: L2[☐20, L7[]], Eii: L2[☐30, L7[]], put: L2[☐40, V2] -> V0 -> V1 -> L2[☐50, L7[]], tr: L7[]
[15:24:35.508039]	Trying ff on 0: L0[], 1: L0[], Ebi: L2[☐10, ☐15], Eib: L2[☐20, L7[]], Eii: L2[☐30, L7[]], put: L2[☐40, V2] -> V0 -> V1 -> L2[☐50, V0], tr: L7[]
[15:24:35.508306]	Trying ff on 0: L0[], 1: L0[], Ebi: L2[☐10, ☐15], Eib: L2[☐20, L7[]], Eii: L2[☐30, L7[]], put: L2[☐40, V2] -> V0 -> V1 -> L2[☐50, V1], tr: L7[]
[15:24:35.508568]	Trying ff on 0: L0[], 1: L0[], Ebi: L2[☐10, ☐15], Eib: L2[☐20, L7[]], Eii: L2[☐30, L7[]], put: L2[☐40, V2] -> V0 -> V1 -> L2[☐50, V2], tr: L7[]
[15:24:35.508802]	Trying ff on 0: L0[], 1: L0[], Ebi: L2[☐10, ☐15], Eib: L2[☐20, L7[]], Eii: L2[☐30, L7[]], put: L2[☐40, V2] -> V0 -> V1 -> L2[L0[], _9_], tr: L7[]
[15:24:35.509071]	Trying ff on 0: L0[], 1: L0[], Ebi: L2[☐10, ☐15], Eib: L2[☐20, L7[]], Eii: L2[☐30, L7[]], put: L2[☐40, V2] -> V0 -> V1 -> L2[L7[], _9_], tr: L7[]
[15:24:35.509373]	Trying ff on 0: L0[], 1: L0[], Ebi: L2[☐10, ☐15], Eib: L2[☐20, L7[]], Eii: L2[☐30, L7[]], put: L2[☐40, V2] -> V0 -> V1 -> L2[V0, _9_], tr: L7[]
[15:24:35.509661]	Trying ff on 0: L0[], 1: L0[], Ebi: L2[☐10, ☐15], Eib: L2[☐20, L7[]], Eii: L2[☐30, L7[]], put: L2[☐40, V2] -> V0 -> V1 -> L2[V1, _9_], tr: L7[]
[15:24:35.509926]	Trying ff on 0: L0[], 1: L0[], Ebi: L2[☐10, ☐15], Eib: L2[☐20, L7[]], Eii: L2[☐30, L7[]], put: L2[☐40, V2] -> V0 -> V1 -> L2[V2, _9_], tr: L7[]
[15:24:35.510356]	Trying ff on 0: L0[], 1: L0[], Ebi: L2[☐10, ☐15], Eib: L2[☐20, L7[]], Eii: L2[☐30, L7[]], put: L2[L0[], L7[]] -> V0 -> V1 -> L2[_8_, _9_], tr: L7[]
[15:24:35.511128]	Trying ff on 0: L0[], 1: L0[], Ebi: L2[☐10, ☐15], Eib: L2[☐20, L7[]], Eii: L2[☐30, L7[]], put: L2[L0[], V2] -> V0 -> V1 -> L2[_8_, _9_], tr: L7[]
[15:24:35.511744]	Trying ff on 0: L0[], 1: L0[], Ebi: L2[☐10, ☐15], Eib: L2[☐20, L7[]], Eii: L2[☐30, L7[]], put: L2[L7[], L7[]] -> V0 -> V1 -> L2[_8_, _9_], tr: L7[]
[15:24:35.512437]	Trying ff on 0: L0[], 1: L0[], Ebi: L2[☐10, ☐15], Eib: L2[☐20, L7[]], Eii: L2[☐30, L7[]], put: L2[L7[], V2] -> V0 -> V1 -> L2[_8_, _9_], tr: L7[]
[15:24:35.513107]	Trying ff on 0: L0[], 1: L0[], Ebi: L2[☐10, ☐15], Eib: L2[☐20, L7[]], Eii: L2[☐30, L7[]], put: L2[V0, L7[]] -> V0 -> V1 -> L2[_8_, _9_], tr: L7[]
[15:24:35.513804]	Trying ff on 0: L0[], 1: L0[], Ebi: L2[☐10, ☐15], Eib: L2[☐20, L7[]], Eii: L2[☐30, L7[]], put: L2[V0, V0] -> V0 -> V1 -> L2[_8_, _9_], tr: L7[]
[15:24:35.514211]	Trying ff on 0: L0[], 1: L0[], Ebi: L2[☐10, ☐15], Eib: L2[☐20, L7[]], Eii: L2[☐30, L7[]], put: L2[V0, V2] -> V0 -> V1 -> L2[_8_, _9_], tr: L7[]
[15:24:35.514729]	Trying ff on 0: L0[], 1: L0[], Ebi: L2[☐10, ☐15], Eib: L2[☐20, L7[]], Eii: L2[☐30, L7[]], put: L2[V1, L7[]] -> V0 -> V1 -> L2[_8_, _9_], tr: L7[]
[15:24:35.515190]	Trying ff on 0: L0[], 1: L0[], Ebi: L2[☐10, ☐15], Eib: L2[☐20, L7[]], Eii: L2[☐30, L7[]], put: L2[V1, V1] -> V0 -> V1 -> L2[_8_, _9_], tr: L7[]
[15:24:35.515487]	Trying ff on 0: L0[], 1: L0[], Ebi: L2[☐10, ☐15], Eib: L2[☐20, L7[]], Eii: L2[☐30, L7[]], put: L2[V1, V2] -> V0 -> V1 -> L2[_8_, _9_], tr: L7[]
[15:24:35.515986]	Trying ff on 0: L0[], 1: L0[], Ebi: L2[☐10, ☐15], Eib: L2[☐20, L7[]], Eii: L2[☐30, L7[]], put: L2[V2, L7[]] -> V0 -> V1 -> L2[_8_, _9_], tr: L7[]
[15:24:35.516398]	Trying ff on 0: L0[], 1: L0[], Ebi: L2[☐10, ☐15], Eib: L2[☐20, L7[]], Eii: L2[☐30, L7[]], put: L2[V2, V2] -> V0 -> V1 -> L2[_8_, _9_], tr: L7[]
[15:24:35.516875]	Trying ff on 0: L0[], 1: L0[], Ebi: L2[☐10, ☐15], Eib: L2[☐20, L7[]], Eii: L2[☐30, L7[]], put: L2[V2, V3] -> V0 -> V1 -> L2[_8_, _9_], tr: L7[]
[15:24:35.517711]	Trying ff on 0: L0[], 1: L0[], Ebi: L2[☐10, ☐15], Eib: L2[☐20, L7[]], Eii: L2[L0[], ☐35], put: L2[L0[], L7[]] -> V0 -> V1 -> L2[_8_, _9_], tr: L7[]
[15:24:35.518338]	Trying ff on 0: L0[], 1: L0[], Ebi: L2[☐10, ☐15], Eib: L2[☐20, L7[]], Eii: L2[L0[], ☐35], put: L2[L0[], V1] -> V0 -> V1 -> L2[_8_, _9_], tr: L7[]
[15:24:35.518718]	Trying ff on 0: L0[], 1: L0[], Ebi: L2[☐10, ☐15], Eib: L2[☐20, L7[]], Eii: L2[L0[], ☐35], put: L2[L0[], V2] -> V0 -> V1 -> L2[_8_, _9_], tr: L7[]
[15:24:35.519154]	Trying ff on 0: L0[], 1: L0[], Ebi: L2[☐10, ☐15], Eib: L2[☐20, L7[]], Eii: L2[L0[], ☐35], put: L2[V0, L7[]] -> V0 -> V1 -> L2[_8_, _9_], tr: L7[]
[15:24:35.519652]	Trying ff on 0: L0[], 1: L0[], Ebi: L2[☐10, ☐15], Eib: L2[☐20, L7[]], Eii: L2[L0[], ☐35], put: L2[V0, V0] -> V0 -> V1 -> L2[_8_, _9_], tr: L7[]
[15:24:35.519923]	Trying ff on 0: L0[], 1: L0[], Ebi: L2[☐10, ☐15], Eib: L2[☐20, L7[]], Eii: L2[L0[], ☐35], put: L2[V0, V1] -> V0 -> V1 -> L2[_8_, _9_], tr: L7[]
[15:24:35.520249]	Trying ff on 0: L0[], 1: L0[], Ebi: L2[☐10, ☐15], Eib: L2[☐20, L7[]], Eii: L2[L0[], ☐35], put: L2[V0, V2] -> V0 -> V1 -> L2[_8_, _9_], tr: L7[]
[15:24:35.520676]	Trying ff on 0: L0[], 1: L0[], Ebi: L2[☐10, ☐15], Eib: L2[☐20, L7[]], Eii: L2[L0[], ☐35], put: L2[V1, L7[]] -> V0 -> V1 -> L2[_8_, _9_], tr: L7[]
[15:24:35.521062]	Trying ff on 0: L0[], 1: L0[], Ebi: L2[☐10, ☐15], Eib: L2[☐20, L7[]], Eii: L2[L0[], ☐35], put: L2[V1, V1] -> V0 -> V1 -> L2[_8_, _9_], tr: L7[]
[15:24:35.521341]	Trying ff on 0: L0[], 1: L0[], Ebi: L2[☐10, ☐15], Eib: L2[☐20, L7[]], Eii: L2[L0[], ☐35], put: L2[V1, V2] -> V0 -> V1 -> L2[_8_, _9_], tr: L7[]
[15:24:35.521785]	Trying ff on 0: L0[], 1: L0[], Ebi: L2[☐10, ☐15], Eib: L2[☐20, L7[]], Eii: L2[L0[], ☐35], put: L2[V2, L7[]] -> V0 -> V1 -> L2[_8_, _9_], tr: L7[]
[15:24:35.522125]	Trying ff on 0: L0[], 1: L0[], Ebi: L2[☐10, ☐15], Eib: L2[☐20, L7[]], Eii: L2[L0[], ☐35], put: L2[V2, V1] -> V0 -> V1 -> L2[_8_, _9_], tr: L7[]
[15:24:35.522382]	Trying ff on 0: L0[], 1: L0[], Ebi: L2[☐10, ☐15], Eib: L2[☐20, L7[]], Eii: L2[L0[], ☐35], put: L2[V2, V2] -> V0 -> V1 -> L2[_8_, _9_], tr: L7[]
[15:24:35.522663]	Trying ff on 0: L0[], 1: L0[], Ebi: L2[☐10, ☐15], Eib: L2[☐20, L7[]], Eii: L2[L0[], ☐35], put: L2[V2, V3] -> V0 -> V1 -> L2[_8_, _9_], tr: L7[]
[15:24:35.523024]	Trying ff on 0: L0[], 1: L0[], Ebi: L2[☐10, ☐15], Eib: L2[☐20, L7[]], Eii: L2[L0[], L0[]], put: L2[L0[], _7_] -> V0 -> V1 -> L2[_8_, _9_], tr: L7[]
[15:24:35.523293]	Trying ff on 0: L0[], 1: L0[], Ebi: L2[☐10, ☐15], Eib: L2[☐20, L7[]], Eii: L2[L0[], L0[]], put: L2[V0, _7_] -> V0 -> V1 -> L2[_8_, _9_], tr: L7[]
[15:24:35.523543]	Trying ff on 0: L0[], 1: L0[], Ebi: L2[☐10, ☐15], Eib: L2[☐20, L7[]], Eii: L2[L0[], L0[]], put: L2[V1, _7_] -> V0 -> V1 -> L2[_8_, _9_], tr: L7[]
[15:24:35.523798]	Trying ff on 0: L0[], 1: L0[], Ebi: L2[☐10, ☐15], Eib: L2[☐20, L7[]], Eii: L2[L0[], L0[]], put: L2[V2, _7_] -> V0 -> V1 -> L2[_8_, _9_], tr: L7[]
[15:24:35.524181]	Trying ff on 0: L0[], 1: L0[], Ebi: L2[☐10, ☐15], Eib: L2[☐20, L7[]], Eii: L2[L0[], L7[]], put: L2[L0[], _7_] -> V0 -> V1 -> L2[_8_, _9_], tr: L7[]
[15:24:35.524487]	Trying ff on 0: L0[], 1: L0[], Ebi: L2[☐10, ☐15], Eib: L2[☐20, L7[]], Eii: L2[L0[], L7[]], put: L2[V0, _7_] -> V0 -> V1 -> L2[_8_, _9_], tr: L7[]
[15:24:35.524769]	Trying ff on 0: L0[], 1: L0[], Ebi: L2[☐10, ☐15], Eib: L2[☐20, L7[]], Eii: L2[L0[], L7[]], put: L2[V1, _7_] -> V0 -> V1 -> L2[_8_, _9_], tr: L7[]
[15:24:35.525028]	Trying ff on 0: L0[], 1: L0[], Ebi: L2[☐10, ☐15], Eib: L2[☐20, L7[]], Eii: L2[L0[], L7[]], put: L2[V2, _7_] -> V0 -> V1 -> L2[_8_, _9_], tr: L7[]
[15:24:35.525679]	Trying ff on 0: L0[], 1: L0[], Ebi: L2[☐10, ☐15], Eib: L2[☐20, L7[]], Eii: L2[L7[], ☐35], put: L2[L7[], L7[]] -> V0 -> V1 -> L2[_8_, _9_], tr: L7[]
[15:24:35.526186]	Trying ff on 0: L0[], 1: L0[], Ebi: L2[☐10, ☐15], Eib: L2[☐20, L7[]], Eii: L2[L7[], ☐35], put: L2[L7[], V1] -> V0 -> V1 -> L2[_8_, _9_], tr: L7[]
[15:24:35.526528]	Trying ff on 0: L0[], 1: L0[], Ebi: L2[☐10, ☐15], Eib: L2[☐20, L7[]], Eii: L2[L7[], ☐35], put: L2[L7[], V2] -> V0 -> V1 -> L2[_8_, _9_], tr: L7[]
[15:24:35.527163]	Trying ff on 0: L0[], 1: L0[], Ebi: L2[☐10, ☐15], Eib: L2[☐20, L7[]], Eii: L2[L7[], ☐35], put: L2[V2, L7[]] -> V0 -> V1 -> L2[_8_, _9_], tr: L7[]
[15:24:35.527523]	Trying ff on 0: L0[], 1: L0[], Ebi: L2[☐10, ☐15], Eib: L2[☐20, L7[]], Eii: L2[L7[], ☐35], put: L2[V2, V1] -> V0 -> V1 -> L2[_8_, _9_], tr: L7[]
[15:24:35.527788]	Trying ff on 0: L0[], 1: L0[], Ebi: L2[☐10, ☐15], Eib: L2[☐20, L7[]], Eii: L2[L7[], ☐35], put: L2[V2, V2] -> V0 -> V1 -> L2[_8_, _9_], tr: L7[]
[15:24:35.528071]	Trying ff on 0: L0[], 1: L0[], Ebi: L2[☐10, ☐15], Eib: L2[☐20, L7[]], Eii: L2[L7[], ☐35], put: L2[V2, V3] -> V0 -> V1 -> L2[_8_, _9_], tr: L7[]
[15:24:35.528406]	Trying ff on 0: L0[], 1: L0[], Ebi: L2[☐10, ☐15], Eib: L2[☐20, L7[]], Eii: L2[L7[], L0[]], put: L2[L7[], _7_] -> V0 -> V1 -> L2[_8_, _9_], tr: L7[]
[15:24:35.528804]	Trying ff on 0: L0[], 1: L0[], Ebi: L2[☐10, ☐15], Eib: L2[☐20, L7[]], Eii: L2[L7[], L0[]], put: L2[V2, _7_] -> V0 -> V1 -> L2[_8_, _9_], tr: L7[]
[15:24:35.529185]	Trying ff on 0: L0[], 1: L0[], Ebi: L2[☐10, ☐15], Eib: L2[☐20, L7[]], Eii: L2[L7[], L7[]], put: L2[L7[], _7_] -> V0 -> V1 -> L2[_8_, _9_], tr: L7[]
[15:24:35.529631]	Trying ff on 0: L0[], 1: L0[], Ebi: L2[☐10, ☐15], Eib: L2[☐20, L7[]], Eii: L2[L7[], L7[]], put: L2[V2, _7_] -> V0 -> V1 -> L2[_8_, _9_], tr: L7[]
[15:24:35.530933]	Trying ff on 0: L0[], 1: L0[], Ebi: L2[☐10, ☐15], Eib: L2[L0[], ☐25], Eii: L2[☐30, ☐35], put: L2[L0[], ☐45] -> V0 -> V1 -> L2[L0[], L0[]], tr: L7[]
[15:24:35.531207]	Trying ff on 0: L0[], 1: L0[], Ebi: L2[☐10, ☐15], Eib: L2[L0[], ☐25], Eii: L2[☐30, ☐35], put: L2[L0[], ☐45] -> V0 -> V1 -> L2[L0[], L7[]], tr: L7[]
[15:24:35.531468]	Trying ff on 0: L0[], 1: L0[], Ebi: L2[☐10, ☐15], Eib: L2[L0[], ☐25], Eii: L2[☐30, ☐35], put: L2[L0[], ☐45] -> V0 -> V1 -> L2[L0[], V0], tr: L7[]
[15:24:35.531681]	Trying ff on 0: L0[], 1: L0[], Ebi: L2[☐10, ☐15], Eib: L2[L0[], ☐25], Eii: L2[☐30, ☐35], put: L2[L0[], ☐45] -> V0 -> V1 -> L2[L0[], V1], tr: L7[]
[15:24:35.532103]	Trying ff on 0: L0[], 1: L0[], Ebi: L2[☐10, ☐15], Eib: L2[L0[], ☐25], Eii: L2[☐30, ☐35], put: L2[L0[], L0[]] -> V0 -> V1 -> L2[L0[], _9_], tr: L7[]
[15:24:35.532803]	Trying ff on 0: L0[], 1: L0[], Ebi: L2[☐10, ☐15], Eib: L2[L0[], ☐25], Eii: L2[☐30, ☐35], put: L2[L0[], L7[]] -> V0 -> V1 -> L2[L0[], _9_], tr: L7[]
[15:24:35.533514]	Trying ff on 0: L0[], 1: L0[], Ebi: L2[☐10, ☐15], Eib: L2[L0[], ☐25], Eii: L2[☐30, ☐35], put: L2[L0[], V0] -> V0 -> V1 -> L2[L0[], _9_], tr: L7[]
[15:24:35.533994]	Trying ff on 0: L0[], 1: L0[], Ebi: L2[☐10, ☐15], Eib: L2[L0[], ☐25], Eii: L2[☐30, ☐35], put: L2[L0[], V0] -> V0 -> V1 -> L2[V0, _9_], tr: L7[]
[15:24:35.534525]	Trying ff on 0: L0[], 1: L0[], Ebi: L2[☐10, ☐15], Eib: L2[L0[], ☐25], Eii: L2[☐30, ☐35], put: L2[L0[], V1] -> V0 -> V1 -> L2[L0[], _9_], tr: L7[]
[15:24:35.534962]	Trying ff on 0: L0[], 1: L0[], Ebi: L2[☐10, ☐15], Eib: L2[L0[], ☐25], Eii: L2[☐30, ☐35], put: L2[L0[], V1] -> V0 -> V1 -> L2[V1, _9_], tr: L7[]
[15:24:35.535435]	Trying ff on 0: L0[], 1: L0[], Ebi: L2[☐10, ☐15], Eib: L2[L0[], ☐25], Eii: L2[☐30, ☐35], put: L2[L0[], V2] -> V0 -> V1 -> L2[L0[], _9_], tr: L7[]
[15:24:35.535780]	Trying ff on 0: L0[], 1: L0[], Ebi: L2[☐10, ☐15], Eib: L2[L0[], ☐25], Eii: L2[☐30, ☐35], put: L2[L0[], V2] -> V0 -> V1 -> L2[V2, _9_], tr: L7[]
[15:24:35.536913]	Trying ff on 0: L0[], 1: L0[], Ebi: L2[☐10, ☐15], Eib: L2[L0[], ☐25], Eii: L2[☐30, ☐35], put: L2[V0, ☐45] -> V0 -> V1 -> L2[V0, L0[]], tr: L7[]
[15:24:35.537215]	Trying ff on 0: L0[], 1: L0[], Ebi: L2[☐10, ☐15], Eib: L2[L0[], ☐25], Eii: L2[☐30, ☐35], put: L2[V0, ☐45] -> V0 -> V1 -> L2[V0, L7[]], tr: L7[]
[15:24:35.537488]	Trying ff on 0: L0[], 1: L0[], Ebi: L2[☐10, ☐15], Eib: L2[L0[], ☐25], Eii: L2[☐30, ☐35], put: L2[V0, ☐45] -> V0 -> V1 -> L2[V0, V0], tr: L7[]
[15:24:35.537836]	Trying ff on 0: L0[], 1: L0[], Ebi: L2[☐10, ☐15], Eib: L2[L0[], ☐25], Eii: L2[☐30, ☐35], put: L2[V0, ☐45] -> V0 -> V1 -> L2[V0, V1], tr: L7[]
[15:24:35.538284]	Trying ff on 0: L0[], 1: L0[], Ebi: L2[☐10, ☐15], Eib: L2[L0[], ☐25], Eii: L2[☐30, ☐35], put: L2[V0, L0[]] -> V0 -> V1 -> L2[V0, _9_], tr: L7[]
[15:24:35.539051]	Trying ff on 0: L0[], 1: L0[], Ebi: L2[☐10, ☐15], Eib: L2[L0[], ☐25], Eii: L2[☐30, ☐35], put: L2[V0, L7[]] -> V0 -> V1 -> L2[V0, _9_], tr: L7[]
[15:24:35.539776]	Trying ff on 0: L0[], 1: L0[], Ebi: L2[☐10, ☐15], Eib: L2[L0[], ☐25], Eii: L2[☐30, ☐35], put: L2[V0, V0] -> V0 -> V1 -> L2[V0, _9_], tr: L7[]
[15:24:35.540328]	Trying ff on 0: L0[], 1: L0[], Ebi: L2[☐10, ☐15], Eib: L2[L0[], ☐25], Eii: L2[☐30, ☐35], put: L2[V0, V1] -> V0 -> V1 -> L2[V0, _9_], tr: L7[]
[15:24:35.540707]	Trying ff on 0: L0[], 1: L0[], Ebi: L2[☐10, ☐15], Eib: L2[L0[], ☐25], Eii: L2[☐30, ☐35], put: L2[V0, V1] -> V0 -> V1 -> L2[V1, _9_], tr: L7[]
[15:24:35.541180]	Trying ff on 0: L0[], 1: L0[], Ebi: L2[☐10, ☐15], Eib: L2[L0[], ☐25], Eii: L2[☐30, ☐35], put: L2[V0, V2] -> V0 -> V1 -> L2[V0, _9_], tr: L7[]
[15:24:35.541504]	Trying ff on 0: L0[], 1: L0[], Ebi: L2[☐10, ☐15], Eib: L2[L0[], ☐25], Eii: L2[☐30, ☐35], put: L2[V0, V2] -> V0 -> V1 -> L2[V2, _9_], tr: L7[]
[15:24:35.543807]	Trying ff on 0: L0[], 1: L0[], Ebi: L2[☐10, ☐15], Eib: L2[L0[], ☐25], Eii: L2[☐30, ☐35], put: L2[V2, ☐45] -> V0 -> V1 -> L2[L0[], L0[]], tr: L7[]
[15:24:35.544130]	Trying ff on 0: L0[], 1: L0[], Ebi: L2[☐10, ☐15], Eib: L2[L0[], ☐25], Eii: L2[☐30, ☐35], put: L2[V2, ☐45] -> V0 -> V1 -> L2[L0[], L7[]], tr: L7[]
[15:24:35.544427]	Trying ff on 0: L0[], 1: L0[], Ebi: L2[☐10, ☐15], Eib: L2[L0[], ☐25], Eii: L2[☐30, ☐35], put: L2[V2, ☐45] -> V0 -> V1 -> L2[L0[], V0], tr: L7[]
[15:24:35.544683]	Trying ff on 0: L0[], 1: L0[], Ebi: L2[☐10, ☐15], Eib: L2[L0[], ☐25], Eii: L2[☐30, ☐35], put: L2[V2, ☐45] -> V0 -> V1 -> L2[L0[], V1], tr: L7[]
[15:24:35.544915]	Trying ff on 0: L0[], 1: L0[], Ebi: L2[☐10, ☐15], Eib: L2[L0[], ☐25], Eii: L2[☐30, ☐35], put: L2[V2, ☐45] -> V0 -> V1 -> L2[L0[], V2], tr: L7[]
[15:24:35.545499]	Trying ff on 0: L0[], 1: L0[], Ebi: L2[☐10, ☐15], Eib: L2[L0[], ☐25], Eii: L2[☐30, ☐35], put: L2[V2, ☐45] -> V0 -> V1 -> L2[L7[], L0[]], tr: L7[]
[15:24:35.545755]	Trying ff on 0: L0[], 1: L0[], Ebi: L2[☐10, ☐15], Eib: L2[L0[], ☐25], Eii: L2[☐30, ☐35], put: L2[V2, ☐45] -> V0 -> V1 -> L2[L7[], L7[]], tr: L7[]
[15:24:35.546018]	Trying ff on 0: L0[], 1: L0[], Ebi: L2[☐10, ☐15], Eib: L2[L0[], ☐25], Eii: L2[☐30, ☐35], put: L2[V2, ☐45] -> V0 -> V1 -> L2[L7[], V0], tr: L7[]
[15:24:35.546267]	Trying ff on 0: L0[], 1: L0[], Ebi: L2[☐10, ☐15], Eib: L2[L0[], ☐25], Eii: L2[☐30, ☐35], put: L2[V2, ☐45] -> V0 -> V1 -> L2[L7[], V1], tr: L7[]
[15:24:35.546506]	Trying ff on 0: L0[], 1: L0[], Ebi: L2[☐10, ☐15], Eib: L2[L0[], ☐25], Eii: L2[☐30, ☐35], put: L2[V2, ☐45] -> V0 -> V1 -> L2[L7[], V2], tr: L7[]
[15:24:35.547124]	Trying ff on 0: L0[], 1: L0[], Ebi: L2[☐10, ☐15], Eib: L2[L0[], ☐25], Eii: L2[☐30, ☐35], put: L2[V2, ☐45] -> V0 -> V1 -> L2[V0, L0[]], tr: L7[]
[15:24:35.547425]	Trying ff on 0: L0[], 1: L0[], Ebi: L2[☐10, ☐15], Eib: L2[L0[], ☐25], Eii: L2[☐30, ☐35], put: L2[V2, ☐45] -> V0 -> V1 -> L2[V0, L7[]], tr: L7[]
[15:24:35.547691]	Trying ff on 0: L0[], 1: L0[], Ebi: L2[☐10, ☐15], Eib: L2[L0[], ☐25], Eii: L2[☐30, ☐35], put: L2[V2, ☐45] -> V0 -> V1 -> L2[V0, V0], tr: L7[]
[15:24:35.547934]	Trying ff on 0: L0[], 1: L0[], Ebi: L2[☐10, ☐15], Eib: L2[L0[], ☐25], Eii: L2[☐30, ☐35], put: L2[V2, ☐45] -> V0 -> V1 -> L2[V0, V1], tr: L7[]
[15:24:35.548171]	Trying ff on 0: L0[], 1: L0[], Ebi: L2[☐10, ☐15], Eib: L2[L0[], ☐25], Eii: L2[☐30, ☐35], put: L2[V2, ☐45] -> V0 -> V1 -> L2[V0, V2], tr: L7[]
[15:24:35.548799]	Trying ff on 0: L0[], 1: L0[], Ebi: L2[☐10, ☐15], Eib: L2[L0[], ☐25], Eii: L2[☐30, ☐35], put: L2[V2, ☐45] -> V0 -> V1 -> L2[V1, L0[]], tr: L7[]
[15:24:35.549075]	Trying ff on 0: L0[], 1: L0[], Ebi: L2[☐10, ☐15], Eib: L2[L0[], ☐25], Eii: L2[☐30, ☐35], put: L2[V2, ☐45] -> V0 -> V1 -> L2[V1, L7[]], tr: L7[]
[15:24:35.549354]	Trying ff on 0: L0[], 1: L0[], Ebi: L2[☐10, ☐15], Eib: L2[L0[], ☐25], Eii: L2[☐30, ☐35], put: L2[V2, ☐45] -> V0 -> V1 -> L2[V1, V0], tr: L7[]
[15:24:35.549581]	Trying ff on 0: L0[], 1: L0[], Ebi: L2[☐10, ☐15], Eib: L2[L0[], ☐25], Eii: L2[☐30, ☐35], put: L2[V2, ☐45] -> V0 -> V1 -> L2[V1, V1], tr: L7[]
[15:24:35.549804]	Trying ff on 0: L0[], 1: L0[], Ebi: L2[☐10, ☐15], Eib: L2[L0[], ☐25], Eii: L2[☐30, ☐35], put: L2[V2, ☐45] -> V0 -> V1 -> L2[V1, V2], tr: L7[]
[15:24:35.550349]	Trying ff on 0: L0[], 1: L0[], Ebi: L2[☐10, ☐15], Eib: L2[L0[], ☐25], Eii: L2[☐30, ☐35], put: L2[V2, ☐45] -> V0 -> V1 -> L2[V2, L0[]], tr: L7[]
[15:24:35.550598]	Trying ff on 0: L0[], 1: L0[], Ebi: L2[☐10, ☐15], Eib: L2[L0[], ☐25], Eii: L2[☐30, ☐35], put: L2[V2, ☐45] -> V0 -> V1 -> L2[V2, L7[]], tr: L7[]
[15:24:35.550869]	Trying ff on 0: L0[], 1: L0[], Ebi: L2[☐10, ☐15], Eib: L2[L0[], ☐25], Eii: L2[☐30, ☐35], put: L2[V2, ☐45] -> V0 -> V1 -> L2[V2, V0], tr: L7[]
[15:24:35.551112]	Trying ff on 0: L0[], 1: L0[], Ebi: L2[☐10, ☐15], Eib: L2[L0[], ☐25], Eii: L2[☐30, ☐35], put: L2[V2, ☐45] -> V0 -> V1 -> L2[V2, V1], tr: L7[]
[15:24:35.551332]	Trying ff on 0: L0[], 1: L0[], Ebi: L2[☐10, ☐15], Eib: L2[L0[], ☐25], Eii: L2[☐30, ☐35], put: L2[V2, ☐45] -> V0 -> V1 -> L2[V2, V2], tr: L7[]
[15:24:35.551926]	Trying ff on 0: L0[], 1: L0[], Ebi: L2[☐10, ☐15], Eib: L2[L0[], ☐25], Eii: L2[☐30, ☐35], put: L2[V2, L0[]] -> V0 -> V1 -> L2[☐50, L0[]], tr: L7[]
[15:24:35.552295]	Trying ff on 0: L0[], 1: L0[], Ebi: L2[☐10, ☐15], Eib: L2[L0[], ☐25], Eii: L2[☐30, ☐35], put: L2[V2, L0[]] -> V0 -> V1 -> L2[☐50, V2], tr: L7[]
[15:24:35.552782]	Trying ff on 0: L0[], 1: L0[], Ebi: L2[☐10, ☐15], Eib: L2[L0[], ☐25], Eii: L2[☐30, ☐35], put: L2[V2, L0[]] -> V0 -> V1 -> L2[L0[], _9_], tr: L7[]
[15:24:35.553034]	Trying ff on 0: L0[], 1: L0[], Ebi: L2[☐10, ☐15], Eib: L2[L0[], ☐25], Eii: L2[☐30, ☐35], put: L2[V2, L0[]] -> V0 -> V1 -> L2[L7[], _9_], tr: L7[]
[15:24:35.553312]	Trying ff on 0: L0[], 1: L0[], Ebi: L2[☐10, ☐15], Eib: L2[L0[], ☐25], Eii: L2[☐30, ☐35], put: L2[V2, L0[]] -> V0 -> V1 -> L2[V0, _9_], tr: L7[]
[15:24:35.553579]	Trying ff on 0: L0[], 1: L0[], Ebi: L2[☐10, ☐15], Eib: L2[L0[], ☐25], Eii: L2[☐30, ☐35], put: L2[V2, L0[]] -> V0 -> V1 -> L2[V1, _9_], tr: L7[]
[15:24:35.553825]	Trying ff on 0: L0[], 1: L0[], Ebi: L2[☐10, ☐15], Eib: L2[L0[], ☐25], Eii: L2[☐30, ☐35], put: L2[V2, L0[]] -> V0 -> V1 -> L2[V2, _9_], tr: L7[]
[15:24:35.554442]	Trying ff on 0: L0[], 1: L0[], Ebi: L2[☐10, ☐15], Eib: L2[L0[], ☐25], Eii: L2[☐30, ☐35], put: L2[V2, L7[]] -> V0 -> V1 -> L2[☐50, L7[]], tr: L7[]
[15:24:35.554808]	Trying ff on 0: L0[], 1: L0[], Ebi: L2[☐10, ☐15], Eib: L2[L0[], ☐25], Eii: L2[☐30, ☐35], put: L2[V2, L7[]] -> V0 -> V1 -> L2[L0[], _9_], tr: L7[]
[15:24:35.555073]	Trying ff on 0: L0[], 1: L0[], Ebi: L2[☐10, ☐15], Eib: L2[L0[], ☐25], Eii: L2[☐30, ☐35], put: L2[V2, L7[]] -> V0 -> V1 -> L2[L7[], _9_], tr: L7[]
[15:24:35.555340]	Trying ff on 0: L0[], 1: L0[], Ebi: L2[☐10, ☐15], Eib: L2[L0[], ☐25], Eii: L2[☐30, ☐35], put: L2[V2, L7[]] -> V0 -> V1 -> L2[V0, _9_], tr: L7[]
[15:24:35.555604]	Trying ff on 0: L0[], 1: L0[], Ebi: L2[☐10, ☐15], Eib: L2[L0[], ☐25], Eii: L2[☐30, ☐35], put: L2[V2, L7[]] -> V0 -> V1 -> L2[V1, _9_], tr: L7[]
[15:24:35.555851]	Trying ff on 0: L0[], 1: L0[], Ebi: L2[☐10, ☐15], Eib: L2[L0[], ☐25], Eii: L2[☐30, ☐35], put: L2[V2, L7[]] -> V0 -> V1 -> L2[V2, _9_], tr: L7[]
[15:24:35.556487]	Trying ff on 0: L0[], 1: L0[], Ebi: L2[☐10, ☐15], Eib: L2[L0[], ☐25], Eii: L2[☐30, ☐35], put: L2[V2, V0] -> V0 -> V1 -> L2[☐50, V0], tr: L7[]
[15:24:35.556784]	Trying ff on 0: L0[], 1: L0[], Ebi: L2[☐10, ☐15], Eib: L2[L0[], ☐25], Eii: L2[☐30, ☐35], put: L2[V2, V0] -> V0 -> V1 -> L2[☐50, V2], tr: L7[]
[15:24:35.557288]	Trying ff on 0: L0[], 1: L0[], Ebi: L2[☐10, ☐15], Eib: L2[L0[], ☐25], Eii: L2[☐30, ☐35], put: L2[V2, V0] -> V0 -> V1 -> L2[L0[], _9_], tr: L7[]
[15:24:35.557541]	Trying ff on 0: L0[], 1: L0[], Ebi: L2[☐10, ☐15], Eib: L2[L0[], ☐25], Eii: L2[☐30, ☐35], put: L2[V2, V0] -> V0 -> V1 -> L2[L7[], _9_], tr: L7[]
[15:24:35.557803]	Trying ff on 0: L0[], 1: L0[], Ebi: L2[☐10, ☐15], Eib: L2[L0[], ☐25], Eii: L2[☐30, ☐35], put: L2[V2, V0] -> V0 -> V1 -> L2[V0, _9_], tr: L7[]
[15:24:35.558075]	Trying ff on 0: L0[], 1: L0[], Ebi: L2[☐10, ☐15], Eib: L2[L0[], ☐25], Eii: L2[☐30, ☐35], put: L2[V2, V0] -> V0 -> V1 -> L2[V1, _9_], tr: L7[]
[15:24:35.558335]	Trying ff on 0: L0[], 1: L0[], Ebi: L2[☐10, ☐15], Eib: L2[L0[], ☐25], Eii: L2[☐30, ☐35], put: L2[V2, V0] -> V0 -> V1 -> L2[V2, _9_], tr: L7[]
[15:24:35.558947]	Trying ff on 0: L0[], 1: L0[], Ebi: L2[☐10, ☐15], Eib: L2[L0[], ☐25], Eii: L2[☐30, ☐35], put: L2[V2, V1] -> V0 -> V1 -> L2[☐50, V1], tr: L7[]
[15:24:35.559257]	Trying ff on 0: L0[], 1: L0[], Ebi: L2[☐10, ☐15], Eib: L2[L0[], ☐25], Eii: L2[☐30, ☐35], put: L2[V2, V1] -> V0 -> V1 -> L2[L0[], _9_], tr: L7[]
[15:24:35.559550]	Trying ff on 0: L0[], 1: L0[], Ebi: L2[☐10, ☐15], Eib: L2[L0[], ☐25], Eii: L2[☐30, ☐35], put: L2[V2, V1] -> V0 -> V1 -> L2[L7[], _9_], tr: L7[]
[15:24:35.559841]	Trying ff on 0: L0[], 1: L0[], Ebi: L2[☐10, ☐15], Eib: L2[L0[], ☐25], Eii: L2[☐30, ☐35], put: L2[V2, V1] -> V0 -> V1 -> L2[V0, _9_], tr: L7[]
[15:24:35.560125]	Trying ff on 0: L0[], 1: L0[], Ebi: L2[☐10, ☐15], Eib: L2[L0[], ☐25], Eii: L2[☐30, ☐35], put: L2[V2, V1] -> V0 -> V1 -> L2[V1, _9_], tr: L7[]
[15:24:35.560413]	Trying ff on 0: L0[], 1: L0[], Ebi: L2[☐10, ☐15], Eib: L2[L0[], ☐25], Eii: L2[☐30, ☐35], put: L2[V2, V1] -> V0 -> V1 -> L2[V2, _9_], tr: L7[]
[15:24:35.561134]	Trying ff on 0: L0[], 1: L0[], Ebi: L2[☐10, ☐15], Eib: L2[L0[], ☐25], Eii: L2[☐30, ☐35], put: L2[V2, V2] -> V0 -> V1 -> L2[☐50, L0[]], tr: L7[]
[15:24:35.561547]	Trying ff on 0: L0[], 1: L0[], Ebi: L2[☐10, ☐15], Eib: L2[L0[], ☐25], Eii: L2[☐30, ☐35], put: L2[V2, V2] -> V0 -> V1 -> L2[☐50, L7[]], tr: L7[]
[15:24:35.561929]	Trying ff on 0: L0[], 1: L0[], Ebi: L2[☐10, ☐15], Eib: L2[L0[], ☐25], Eii: L2[☐30, ☐35], put: L2[V2, V2] -> V0 -> V1 -> L2[☐50, V0], tr: L7[]
[15:24:35.562323]	Trying ff on 0: L0[], 1: L0[], Ebi: L2[☐10, ☐15], Eib: L2[L0[], ☐25], Eii: L2[☐30, ☐35], put: L2[V2, V2] -> V0 -> V1 -> L2[☐50, V1], tr: L7[]
[15:24:35.562670]	Trying ff on 0: L0[], 1: L0[], Ebi: L2[☐10, ☐15], Eib: L2[L0[], ☐25], Eii: L2[☐30, ☐35], put: L2[V2, V2] -> V0 -> V1 -> L2[☐50, V2], tr: L7[]
[15:24:35.563040]	Trying ff on 0: L0[], 1: L0[], Ebi: L2[☐10, ☐15], Eib: L2[L0[], ☐25], Eii: L2[☐30, ☐35], put: L2[V2, V2] -> V0 -> V1 -> L2[L0[], _9_], tr: L7[]
[15:24:35.563379]	Trying ff on 0: L0[], 1: L0[], Ebi: L2[☐10, ☐15], Eib: L2[L0[], ☐25], Eii: L2[☐30, ☐35], put: L2[V2, V2] -> V0 -> V1 -> L2[L7[], _9_], tr: L7[]
[15:24:35.563665]	Trying ff on 0: L0[], 1: L0[], Ebi: L2[☐10, ☐15], Eib: L2[L0[], ☐25], Eii: L2[☐30, ☐35], put: L2[V2, V2] -> V0 -> V1 -> L2[V0, _9_], tr: L7[]
[15:24:35.563909]	Trying ff on 0: L0[], 1: L0[], Ebi: L2[☐10, ☐15], Eib: L2[L0[], ☐25], Eii: L2[☐30, ☐35], put: L2[V2, V2] -> V0 -> V1 -> L2[V1, _9_], tr: L7[]
[15:24:35.564138]	Trying ff on 0: L0[], 1: L0[], Ebi: L2[☐10, ☐15], Eib: L2[L0[], ☐25], Eii: L2[☐30, ☐35], put: L2[V2, V2] -> V0 -> V1 -> L2[V2, _9_], tr: L7[]
[15:24:35.564935]	Trying ff on 0: L0[], 1: L0[], Ebi: L2[☐10, ☐15], Eib: L2[L0[], ☐25], Eii: L2[☐30, ☐35], put: L2[V2, V3] -> V0 -> V1 -> L2[☐50, L0[]], tr: L7[]
[15:24:35.565184]	Trying ff on 0: L0[], 1: L0[], Ebi: L2[☐10, ☐15], Eib: L2[L0[], ☐25], Eii: L2[☐30, ☐35], put: L2[V2, V3] -> V0 -> V1 -> L2[☐50, L7[]], tr: L7[]
[15:24:35.565448]	Trying ff on 0: L0[], 1: L0[], Ebi: L2[☐10, ☐15], Eib: L2[L0[], ☐25], Eii: L2[☐30, ☐35], put: L2[V2, V3] -> V0 -> V1 -> L2[☐50, V0], tr: L7[]
[15:24:35.565716]	Trying ff on 0: L0[], 1: L0[], Ebi: L2[☐10, ☐15], Eib: L2[L0[], ☐25], Eii: L2[☐30, ☐35], put: L2[V2, V3] -> V0 -> V1 -> L2[☐50, V1], tr: L7[]
[15:24:35.565953]	Trying ff on 0: L0[], 1: L0[], Ebi: L2[☐10, ☐15], Eib: L2[L0[], ☐25], Eii: L2[☐30, ☐35], put: L2[V2, V3] -> V0 -> V1 -> L2[☐50, V2], tr: L7[]
[15:24:35.566203]	Trying ff on 0: L0[], 1: L0[], Ebi: L2[☐10, ☐15], Eib: L2[L0[], ☐25], Eii: L2[☐30, ☐35], put: L2[V2, V3] -> V0 -> V1 -> L2[☐50, V3], tr: L7[]
[15:24:35.566429]	Trying ff on 0: L0[], 1: L0[], Ebi: L2[☐10, ☐15], Eib: L2[L0[], ☐25], Eii: L2[☐30, ☐35], put: L2[V2, V3] -> V0 -> V1 -> L2[L0[], _9_], tr: L7[]
[15:24:35.566651]	Trying ff on 0: L0[], 1: L0[], Ebi: L2[☐10, ☐15], Eib: L2[L0[], ☐25], Eii: L2[☐30, ☐35], put: L2[V2, V3] -> V0 -> V1 -> L2[L7[], _9_], tr: L7[]
[15:24:35.566936]	Trying ff on 0: L0[], 1: L0[], Ebi: L2[☐10, ☐15], Eib: L2[L0[], ☐25], Eii: L2[☐30, ☐35], put: L2[V2, V3] -> V0 -> V1 -> L2[V0, _9_], tr: L7[]
[15:24:35.567206]	Trying ff on 0: L0[], 1: L0[], Ebi: L2[☐10, ☐15], Eib: L2[L0[], ☐25], Eii: L2[☐30, ☐35], put: L2[V2, V3] -> V0 -> V1 -> L2[V1, _9_], tr: L7[]
[15:24:35.567439]	Trying ff on 0: L0[], 1: L0[], Ebi: L2[☐10, ☐15], Eib: L2[L0[], ☐25], Eii: L2[☐30, ☐35], put: L2[V2, V3] -> V0 -> V1 -> L2[V2, _9_], tr: L7[]
[15:24:35.567687]	Trying ff on 0: L0[], 1: L0[], Ebi: L2[☐10, ☐15], Eib: L2[L0[], ☐25], Eii: L2[☐30, ☐35], put: L2[V2, V3] -> V0 -> V1 -> L2[V3, _9_], tr: L7[]
[15:24:35.568141]	Trying ff on 0: L0[], 1: L0[], Ebi: L2[☐10, ☐15], Eib: L2[L0[], ☐25], Eii: L2[☐30, L0[]], put: L2[L0[], L0[]] -> V0 -> V1 -> L2[_8_, _9_], tr: L7[]
[15:24:35.568569]	Trying ff on 0: L0[], 1: L0[], Ebi: L2[☐10, ☐15], Eib: L2[L0[], ☐25], Eii: L2[☐30, L0[]], put: L2[L0[], V0] -> V0 -> V1 -> L2[_8_, _9_], tr: L7[]
[15:24:35.569010]	Trying ff on 0: L0[], 1: L0[], Ebi: L2[☐10, ☐15], Eib: L2[L0[], ☐25], Eii: L2[☐30, L0[]], put: L2[L0[], V1] -> V0 -> V1 -> L2[_8_, _9_], tr: L7[]
[15:24:35.569307]	Trying ff on 0: L0[], 1: L0[], Ebi: L2[☐10, ☐15], Eib: L2[L0[], ☐25], Eii: L2[☐30, L0[]], put: L2[L0[], V2] -> V0 -> V1 -> L2[_8_, _9_], tr: L7[]
[15:24:35.569710]	Trying ff on 0: L0[], 1: L0[], Ebi: L2[☐10, ☐15], Eib: L2[L0[], ☐25], Eii: L2[☐30, L0[]], put: L2[V0, L0[]] -> V0 -> V1 -> L2[_8_, _9_], tr: L7[]
[15:24:35.570181]	Trying ff on 0: L0[], 1: L0[], Ebi: L2[☐10, ☐15], Eib: L2[L0[], ☐25], Eii: L2[☐30, L0[]], put: L2[V0, V0] -> V0 -> V1 -> L2[_8_, _9_], tr: L7[]
[15:24:35.570469]	Trying ff on 0: L0[], 1: L0[], Ebi: L2[☐10, ☐15], Eib: L2[L0[], ☐25], Eii: L2[☐30, L0[]], put: L2[V0, V1] -> V0 -> V1 -> L2[_8_, _9_], tr: L7[]
[15:24:35.570796]	Trying ff on 0: L0[], 1: L0[], Ebi: L2[☐10, ☐15], Eib: L2[L0[], ☐25], Eii: L2[☐30, L0[]], put: L2[V0, V2] -> V0 -> V1 -> L2[_8_, _9_], tr: L7[]
[15:24:35.571228]	Trying ff on 0: L0[], 1: L0[], Ebi: L2[☐10, ☐15], Eib: L2[L0[], ☐25], Eii: L2[☐30, L0[]], put: L2[V2, L0[]] -> V0 -> V1 -> L2[_8_, _9_], tr: L7[]
[15:24:35.571494]	Trying ff on 0: L0[], 1: L0[], Ebi: L2[☐10, ☐15], Eib: L2[L0[], ☐25], Eii: L2[☐30, L0[]], put: L2[V2, V0] -> V0 -> V1 -> L2[_8_, _9_], tr: L7[]
[15:24:35.571734]	Trying ff on 0: L0[], 1: L0[], Ebi: L2[☐10, ☐15], Eib: L2[L0[], ☐25], Eii: L2[☐30, L0[]], put: L2[V2, V1] -> V0 -> V1 -> L2[_8_, _9_], tr: L7[]
[15:24:35.571944]	Trying ff on 0: L0[], 1: L0[], Ebi: L2[☐10, ☐15], Eib: L2[L0[], ☐25], Eii: L2[☐30, L0[]], put: L2[V2, V2] -> V0 -> V1 -> L2[_8_, _9_], tr: L7[]
[15:24:35.572188]	Trying ff on 0: L0[], 1: L0[], Ebi: L2[☐10, ☐15], Eib: L2[L0[], ☐25], Eii: L2[☐30, L0[]], put: L2[V2, V3] -> V0 -> V1 -> L2[_8_, _9_], tr: L7[]
[15:24:35.572629]	Trying ff on 0: L0[], 1: L0[], Ebi: L2[☐10, ☐15], Eib: L2[L0[], ☐25], Eii: L2[☐30, L7[]], put: L2[L0[], L7[]] -> V0 -> V1 -> L2[_8_, _9_], tr: L7[]
[15:24:35.573209]	Trying ff on 0: L0[], 1: L0[], Ebi: L2[☐10, ☐15], Eib: L2[L0[], ☐25], Eii: L2[☐30, L7[]], put: L2[L0[], V2] -> V0 -> V1 -> L2[_8_, _9_], tr: L7[]
[15:24:35.573597]	Trying ff on 0: L0[], 1: L0[], Ebi: L2[☐10, ☐15], Eib: L2[L0[], ☐25], Eii: L2[☐30, L7[]], put: L2[V0, L7[]] -> V0 -> V1 -> L2[_8_, _9_], tr: L7[]
[15:24:35.574042]	Trying ff on 0: L0[], 1: L0[], Ebi: L2[☐10, ☐15], Eib: L2[L0[], ☐25], Eii: L2[☐30, L7[]], put: L2[V0, V0] -> V0 -> V1 -> L2[_8_, _9_], tr: L7[]
[15:24:35.574375]	Trying ff on 0: L0[], 1: L0[], Ebi: L2[☐10, ☐15], Eib: L2[L0[], ☐25], Eii: L2[☐30, L7[]], put: L2[V0, V2] -> V0 -> V1 -> L2[_8_, _9_], tr: L7[]
[15:24:35.574857]	Trying ff on 0: L0[], 1: L0[], Ebi: L2[☐10, ☐15], Eib: L2[L0[], ☐25], Eii: L2[☐30, L7[]], put: L2[V2, L7[]] -> V0 -> V1 -> L2[_8_, _9_], tr: L7[]
[15:24:35.575286]	Trying ff on 0: L0[], 1: L0[], Ebi: L2[☐10, ☐15], Eib: L2[L0[], ☐25], Eii: L2[☐30, L7[]], put: L2[V2, V2] -> V0 -> V1 -> L2[_8_, _9_], tr: L7[]
[15:24:35.575550]	Trying ff on 0: L0[], 1: L0[], Ebi: L2[☐10, ☐15], Eib: L2[L0[], ☐25], Eii: L2[☐30, L7[]], put: L2[V2, V3] -> V0 -> V1 -> L2[_8_, _9_], tr: L7[]
[15:24:35.576256]	Trying ff on 0: L0[], 1: L0[], Ebi: L2[☐10, ☐15], Eib: L2[L0[], ☐25], Eii: L2[L0[], ☐35], put: L2[L0[], ☐45] -> V0 -> V1 -> L2[L0[], _9_], tr: L7[]
[15:24:35.576587]	Trying ff on 0: L0[], 1: L0[], Ebi: L2[☐10, ☐15], Eib: L2[L0[], ☐25], Eii: L2[L0[], ☐35], put: L2[L0[], L0[]] -> V0 -> V1 -> L2[_8_, _9_], tr: L7[]
[15:24:35.577014]	Trying ff on 0: L0[], 1: L0[], Ebi: L2[☐10, ☐15], Eib: L2[L0[], ☐25], Eii: L2[L0[], ☐35], put: L2[L0[], L7[]] -> V0 -> V1 -> L2[_8_, _9_], tr: L7[]
[15:24:35.577455]	Trying ff on 0: L0[], 1: L0[], Ebi: L2[☐10, ☐15], Eib: L2[L0[], ☐25], Eii: L2[L0[], ☐35], put: L2[L0[], V0] -> V0 -> V1 -> L2[_8_, _9_], tr: L7[]
[15:24:35.577912]	Trying ff on 0: L0[], 1: L0[], Ebi: L2[☐10, ☐15], Eib: L2[L0[], ☐25], Eii: L2[L0[], ☐35], put: L2[L0[], V1] -> V0 -> V1 -> L2[_8_, _9_], tr: L7[]
[15:24:35.578263]	Trying ff on 0: L0[], 1: L0[], Ebi: L2[☐10, ☐15], Eib: L2[L0[], ☐25], Eii: L2[L0[], ☐35], put: L2[L0[], V2] -> V0 -> V1 -> L2[_8_, _9_], tr: L7[]
[15:24:35.578848]	Trying ff on 0: L0[], 1: L0[], Ebi: L2[☐10, ☐15], Eib: L2[L0[], ☐25], Eii: L2[L0[], ☐35], put: L2[V0, ☐45] -> V0 -> V1 -> L2[V0, _9_], tr: L7[]
[15:24:35.579143]	Trying ff on 0: L0[], 1: L0[], Ebi: L2[☐10, ☐15], Eib: L2[L0[], ☐25], Eii: L2[L0[], ☐35], put: L2[V0, L0[]] -> V0 -> V1 -> L2[_8_, _9_], tr: L7[]
[15:24:35.579635]	Trying ff on 0: L0[], 1: L0[], Ebi: L2[☐10, ☐15], Eib: L2[L0[], ☐25], Eii: L2[L0[], ☐35], put: L2[V0, L7[]] -> V0 -> V1 -> L2[_8_, _9_], tr: L7[]
[15:24:35.580134]	Trying ff on 0: L0[], 1: L0[], Ebi: L2[☐10, ☐15], Eib: L2[L0[], ☐25], Eii: L2[L0[], ☐35], put: L2[V0, V0] -> V0 -> V1 -> L2[_8_, _9_], tr: L7[]
[15:24:35.580434]	Trying ff on 0: L0[], 1: L0[], Ebi: L2[☐10, ☐15], Eib: L2[L0[], ☐25], Eii: L2[L0[], ☐35], put: L2[V0, V1] -> V0 -> V1 -> L2[_8_, _9_], tr: L7[]
[15:24:35.580770]	Trying ff on 0: L0[], 1: L0[], Ebi: L2[☐10, ☐15], Eib: L2[L0[], ☐25], Eii: L2[L0[], ☐35], put: L2[V0, V2] -> V0 -> V1 -> L2[_8_, _9_], tr: L7[]
[15:24:35.581632]	Trying ff on 0: L0[], 1: L0[], Ebi: L2[☐10, ☐15], Eib: L2[L0[], ☐25], Eii: L2[L0[], ☐35], put: L2[V2, ☐45] -> V0 -> V1 -> L2[☐50, L0[]], tr: L7[]
[15:24:35.581893]	Trying ff on 0: L0[], 1: L0[], Ebi: L2[☐10, ☐15], Eib: L2[L0[], ☐25], Eii: L2[L0[], ☐35], put: L2[V2, ☐45] -> V0 -> V1 -> L2[☐50, L7[]], tr: L7[]
[15:24:35.582143]	Trying ff on 0: L0[], 1: L0[], Ebi: L2[☐10, ☐15], Eib: L2[L0[], ☐25], Eii: L2[L0[], ☐35], put: L2[V2, ☐45] -> V0 -> V1 -> L2[☐50, V0], tr: L7[]
[15:24:35.582418]	Trying ff on 0: L0[], 1: L0[], Ebi: L2[☐10, ☐15], Eib: L2[L0[], ☐25], Eii: L2[L0[], ☐35], put: L2[V2, ☐45] -> V0 -> V1 -> L2[☐50, V1], tr: L7[]
[15:24:35.582649]	Trying ff on 0: L0[], 1: L0[], Ebi: L2[☐10, ☐15], Eib: L2[L0[], ☐25], Eii: L2[L0[], ☐35], put: L2[V2, ☐45] -> V0 -> V1 -> L2[☐50, V2], tr: L7[]
[15:24:35.582904]	Trying ff on 0: L0[], 1: L0[], Ebi: L2[☐10, ☐15], Eib: L2[L0[], ☐25], Eii: L2[L0[], ☐35], put: L2[V2, ☐45] -> V0 -> V1 -> L2[L0[], _9_], tr: L7[]
[15:24:35.583142]	Trying ff on 0: L0[], 1: L0[], Ebi: L2[☐10, ☐15], Eib: L2[L0[], ☐25], Eii: L2[L0[], ☐35], put: L2[V2, ☐45] -> V0 -> V1 -> L2[L7[], _9_], tr: L7[]
[15:24:35.583378]	Trying ff on 0: L0[], 1: L0[], Ebi: L2[☐10, ☐15], Eib: L2[L0[], ☐25], Eii: L2[L0[], ☐35], put: L2[V2, ☐45] -> V0 -> V1 -> L2[V0, _9_], tr: L7[]
[15:24:35.583613]	Trying ff on 0: L0[], 1: L0[], Ebi: L2[☐10, ☐15], Eib: L2[L0[], ☐25], Eii: L2[L0[], ☐35], put: L2[V2, ☐45] -> V0 -> V1 -> L2[V1, _9_], tr: L7[]
[15:24:35.583826]	Trying ff on 0: L0[], 1: L0[], Ebi: L2[☐10, ☐15], Eib: L2[L0[], ☐25], Eii: L2[L0[], ☐35], put: L2[V2, ☐45] -> V0 -> V1 -> L2[V2, _9_], tr: L7[]
[15:24:35.584031]	Trying ff on 0: L0[], 1: L0[], Ebi: L2[☐10, ☐15], Eib: L2[L0[], ☐25], Eii: L2[L0[], ☐35], put: L2[V2, L0[]] -> V0 -> V1 -> L2[_8_, _9_], tr: L7[]
[15:24:35.584301]	Trying ff on 0: L0[], 1: L0[], Ebi: L2[☐10, ☐15], Eib: L2[L0[], ☐25], Eii: L2[L0[], ☐35], put: L2[V2, L7[]] -> V0 -> V1 -> L2[_8_, _9_], tr: L7[]
[15:24:35.584550]	Trying ff on 0: L0[], 1: L0[], Ebi: L2[☐10, ☐15], Eib: L2[L0[], ☐25], Eii: L2[L0[], ☐35], put: L2[V2, V0] -> V0 -> V1 -> L2[_8_, _9_], tr: L7[]
[15:24:35.584791]	Trying ff on 0: L0[], 1: L0[], Ebi: L2[☐10, ☐15], Eib: L2[L0[], ☐25], Eii: L2[L0[], ☐35], put: L2[V2, V1] -> V0 -> V1 -> L2[_8_, _9_], tr: L7[]
[15:24:35.585016]	Trying ff on 0: L0[], 1: L0[], Ebi: L2[☐10, ☐15], Eib: L2[L0[], ☐25], Eii: L2[L0[], ☐35], put: L2[V2, V2] -> V0 -> V1 -> L2[_8_, _9_], tr: L7[]
[15:24:35.585282]	Trying ff on 0: L0[], 1: L0[], Ebi: L2[☐10, ☐15], Eib: L2[L0[], ☐25], Eii: L2[L0[], ☐35], put: L2[V2, V3] -> V0 -> V1 -> L2[_8_, _9_], tr: L7[]
[15:24:35.585597]	Trying ff on 0: L0[], 1: L0[], Ebi: L2[☐10, ☐15], Eib: L2[L0[], ☐25], Eii: L2[L0[], L0[]], put: L2[L0[], _7_] -> V0 -> V1 -> L2[_8_, _9_], tr: L7[]
[15:24:35.585883]	Trying ff on 0: L0[], 1: L0[], Ebi: L2[☐10, ☐15], Eib: L2[L0[], ☐25], Eii: L2[L0[], L0[]], put: L2[V0, _7_] -> V0 -> V1 -> L2[_8_, _9_], tr: L7[]
[15:24:35.586195]	Trying ff on 0: L0[], 1: L0[], Ebi: L2[☐10, ☐15], Eib: L2[L0[], ☐25], Eii: L2[L0[], L0[]], put: L2[V2, _7_] -> V0 -> V1 -> L2[_8_, _9_], tr: L7[]
[15:24:35.586621]	Trying ff on 0: L0[], 1: L0[], Ebi: L2[☐10, ☐15], Eib: L2[L0[], ☐25], Eii: L2[L0[], L7[]], put: L2[L0[], _7_] -> V0 -> V1 -> L2[_8_, _9_], tr: L7[]
[15:24:35.586922]	Trying ff on 0: L0[], 1: L0[], Ebi: L2[☐10, ☐15], Eib: L2[L0[], ☐25], Eii: L2[L0[], L7[]], put: L2[V0, _7_] -> V0 -> V1 -> L2[_8_, _9_], tr: L7[]
[15:24:35.587205]	Trying ff on 0: L0[], 1: L0[], Ebi: L2[☐10, ☐15], Eib: L2[L0[], ☐25], Eii: L2[L0[], L7[]], put: L2[V2, _7_] -> V0 -> V1 -> L2[_8_, _9_], tr: L7[]
[15:24:35.588472]	Trying ff on 0: L0[], 1: L0[], Ebi: L2[☐10, ☐15], Eib: L2[L0[], ☐25], Eii: L2[L7[], ☐35], put: L2[V2, ☐45] -> V0 -> V1 -> L2[☐50, L0[]], tr: L7[]
[15:24:35.588780]	Trying ff on 0: L0[], 1: L0[], Ebi: L2[☐10, ☐15], Eib: L2[L0[], ☐25], Eii: L2[L7[], ☐35], put: L2[V2, ☐45] -> V0 -> V1 -> L2[☐50, L7[]], tr: L7[]
[15:24:35.589053]	Trying ff on 0: L0[], 1: L0[], Ebi: L2[☐10, ☐15], Eib: L2[L0[], ☐25], Eii: L2[L7[], ☐35], put: L2[V2, ☐45] -> V0 -> V1 -> L2[☐50, V0], tr: L7[]
[15:24:35.589358]	Trying ff on 0: L0[], 1: L0[], Ebi: L2[☐10, ☐15], Eib: L2[L0[], ☐25], Eii: L2[L7[], ☐35], put: L2[V2, ☐45] -> V0 -> V1 -> L2[☐50, V1], tr: L7[]
[15:24:35.589612]	Trying ff on 0: L0[], 1: L0[], Ebi: L2[☐10, ☐15], Eib: L2[L0[], ☐25], Eii: L2[L7[], ☐35], put: L2[V2, ☐45] -> V0 -> V1 -> L2[☐50, V2], tr: L7[]
[15:24:35.589849]	Trying ff on 0: L0[], 1: L0[], Ebi: L2[☐10, ☐15], Eib: L2[L0[], ☐25], Eii: L2[L7[], ☐35], put: L2[V2, ☐45] -> V0 -> V1 -> L2[L0[], _9_], tr: L7[]
[15:24:35.590080]	Trying ff on 0: L0[], 1: L0[], Ebi: L2[☐10, ☐15], Eib: L2[L0[], ☐25], Eii: L2[L7[], ☐35], put: L2[V2, ☐45] -> V0 -> V1 -> L2[L7[], _9_], tr: L7[]
[15:24:35.590351]	Trying ff on 0: L0[], 1: L0[], Ebi: L2[☐10, ☐15], Eib: L2[L0[], ☐25], Eii: L2[L7[], ☐35], put: L2[V2, ☐45] -> V0 -> V1 -> L2[V0, _9_], tr: L7[]
[15:24:35.590613]	Trying ff on 0: L0[], 1: L0[], Ebi: L2[☐10, ☐15], Eib: L2[L0[], ☐25], Eii: L2[L7[], ☐35], put: L2[V2, ☐45] -> V0 -> V1 -> L2[V1, _9_], tr: L7[]
[15:24:35.590873]	Trying ff on 0: L0[], 1: L0[], Ebi: L2[☐10, ☐15], Eib: L2[L0[], ☐25], Eii: L2[L7[], ☐35], put: L2[V2, ☐45] -> V0 -> V1 -> L2[V2, _9_], tr: L7[]
[15:24:35.591106]	Trying ff on 0: L0[], 1: L0[], Ebi: L2[☐10, ☐15], Eib: L2[L0[], ☐25], Eii: L2[L7[], ☐35], put: L2[V2, L0[]] -> V0 -> V1 -> L2[_8_, _9_], tr: L7[]
[15:24:35.591397]	Trying ff on 0: L0[], 1: L0[], Ebi: L2[☐10, ☐15], Eib: L2[L0[], ☐25], Eii: L2[L7[], ☐35], put: L2[V2, L7[]] -> V0 -> V1 -> L2[_8_, _9_], tr: L7[]
[15:24:35.591664]	Trying ff on 0: L0[], 1: L0[], Ebi: L2[☐10, ☐15], Eib: L2[L0[], ☐25], Eii: L2[L7[], ☐35], put: L2[V2, V0] -> V0 -> V1 -> L2[_8_, _9_], tr: L7[]
[15:24:35.591931]	Trying ff on 0: L0[], 1: L0[], Ebi: L2[☐10, ☐15], Eib: L2[L0[], ☐25], Eii: L2[L7[], ☐35], put: L2[V2, V1] -> V0 -> V1 -> L2[_8_, _9_], tr: L7[]
[15:24:35.592172]	Trying ff on 0: L0[], 1: L0[], Ebi: L2[☐10, ☐15], Eib: L2[L0[], ☐25], Eii: L2[L7[], ☐35], put: L2[V2, V2] -> V0 -> V1 -> L2[_8_, _9_], tr: L7[]
[15:24:35.592431]	Trying ff on 0: L0[], 1: L0[], Ebi: L2[☐10, ☐15], Eib: L2[L0[], ☐25], Eii: L2[L7[], ☐35], put: L2[V2, V3] -> V0 -> V1 -> L2[_8_, _9_], tr: L7[]
[15:24:35.592901]	Trying ff on 0: L0[], 1: L0[], Ebi: L2[☐10, ☐15], Eib: L2[L0[], ☐25], Eii: L2[L7[], L0[]], put: L2[V2, _7_] -> V0 -> V1 -> L2[_8_, _9_], tr: L7[]
[15:24:35.593413]	Trying ff on 0: L0[], 1: L0[], Ebi: L2[☐10, ☐15], Eib: L2[L0[], ☐25], Eii: L2[L7[], L7[]], put: L2[V2, _7_] -> V0 -> V1 -> L2[_8_, _9_], tr: L7[]
[15:24:35.594135]	Trying ff on 0: L0[], 1: L0[], Ebi: L2[☐10, ☐15], Eib: L2[L0[], L0[]], Eii: L2[☐30, ☐35], put: L2[L0[], L0[]] -> V0 -> V1 -> L2[_8_, _9_], tr: L7[]
[15:24:35.594638]	Trying ff on 0: L0[], 1: L0[], Ebi: L2[☐10, ☐15], Eib: L2[L0[], L0[]], Eii: L2[☐30, ☐35], put: L2[L0[], V0] -> V0 -> V1 -> L2[_8_, _9_], tr: L7[]
[15:24:35.595188]	Trying ff on 0: L0[], 1: L0[], Ebi: L2[☐10, ☐15], Eib: L2[L0[], L0[]], Eii: L2[☐30, ☐35], put: L2[L0[], V2] -> V0 -> V1 -> L2[_8_, _9_], tr: L7[]
[15:24:35.595636]	Trying ff on 0: L0[], 1: L0[], Ebi: L2[☐10, ☐15], Eib: L2[L0[], L0[]], Eii: L2[☐30, ☐35], put: L2[V0, L0[]] -> V0 -> V1 -> L2[_8_, _9_], tr: L7[]
[15:24:35.596120]	Trying ff on 0: L0[], 1: L0[], Ebi: L2[☐10, ☐15], Eib: L2[L0[], L0[]], Eii: L2[☐30, ☐35], put: L2[V0, V0] -> V0 -> V1 -> L2[_8_, _9_], tr: L7[]
[15:24:35.596470]	Trying ff on 0: L0[], 1: L0[], Ebi: L2[☐10, ☐15], Eib: L2[L0[], L0[]], Eii: L2[☐30, ☐35], put: L2[V0, V2] -> V0 -> V1 -> L2[_8_, _9_], tr: L7[]
[15:24:35.596965]	Trying ff on 0: L0[], 1: L0[], Ebi: L2[☐10, ☐15], Eib: L2[L0[], L0[]], Eii: L2[☐30, ☐35], put: L2[V2, L0[]] -> V0 -> V1 -> L2[_8_, _9_], tr: L7[]
[15:24:35.597250]	Trying ff on 0: L0[], 1: L0[], Ebi: L2[☐10, ☐15], Eib: L2[L0[], L0[]], Eii: L2[☐30, ☐35], put: L2[V2, V0] -> V0 -> V1 -> L2[_8_, _9_], tr: L7[]
[15:24:35.597534]	Trying ff on 0: L0[], 1: L0[], Ebi: L2[☐10, ☐15], Eib: L2[L0[], L0[]], Eii: L2[☐30, ☐35], put: L2[V2, V2] -> V0 -> V1 -> L2[_8_, _9_], tr: L7[]
[15:24:35.597791]	Trying ff on 0: L0[], 1: L0[], Ebi: L2[☐10, ☐15], Eib: L2[L0[], L0[]], Eii: L2[☐30, ☐35], put: L2[V2, V3] -> V0 -> V1 -> L2[_8_, _9_], tr: L7[]
[15:24:35.598139]	Trying ff on 0: L0[], 1: L0[], Ebi: L2[☐10, ☐15], Eib: L2[L0[], L0[]], Eii: L2[☐30, L0[]], put: L2[L0[], _7_] -> V0 -> V1 -> L2[_8_, _9_], tr: L7[]
[15:24:35.598439]	Trying ff on 0: L0[], 1: L0[], Ebi: L2[☐10, ☐15], Eib: L2[L0[], L0[]], Eii: L2[☐30, L0[]], put: L2[V0, _7_] -> V0 -> V1 -> L2[_8_, _9_], tr: L7[]
[15:24:35.598761]	Trying ff on 0: L0[], 1: L0[], Ebi: L2[☐10, ☐15], Eib: L2[L0[], L0[]], Eii: L2[☐30, L0[]], put: L2[V2, _7_] -> V0 -> V1 -> L2[_8_, _9_], tr: L7[]
[15:24:35.599157]	Trying ff on 0: L0[], 1: L0[], Ebi: L2[☐10, ☐15], Eib: L2[L0[], L0[]], Eii: L2[☐30, L7[]], put: L2[L0[], _7_] -> V0 -> V1 -> L2[_8_, _9_], tr: L7[]
[15:24:35.599442]	Trying ff on 0: L0[], 1: L0[], Ebi: L2[☐10, ☐15], Eib: L2[L0[], L0[]], Eii: L2[☐30, L7[]], put: L2[V0, _7_] -> V0 -> V1 -> L2[_8_, _9_], tr: L7[]
[15:24:35.599746]	Trying ff on 0: L0[], 1: L0[], Ebi: L2[☐10, ☐15], Eib: L2[L0[], L0[]], Eii: L2[☐30, L7[]], put: L2[V2, _7_] -> V0 -> V1 -> L2[_8_, _9_], tr: L7[]
[15:24:35.600264]	Trying ff on 0: L0[], 1: L0[], Ebi: L2[☐10, ☐15], Eib: L2[L0[], L0[]], Eii: L2[L0[], ☐35], put: L2[L0[], _7_] -> V0 -> V1 -> L2[_8_, _9_], tr: L7[]
[15:24:35.600547]	Trying ff on 0: L0[], 1: L0[], Ebi: L2[☐10, ☐15], Eib: L2[L0[], L0[]], Eii: L2[L0[], ☐35], put: L2[V0, _7_] -> V0 -> V1 -> L2[_8_, _9_], tr: L7[]
[15:24:35.600841]	Trying ff on 0: L0[], 1: L0[], Ebi: L2[☐10, ☐15], Eib: L2[L0[], L0[]], Eii: L2[L0[], ☐35], put: L2[V2, _7_] -> V0 -> V1 -> L2[_8_, _9_], tr: L7[]
[15:24:35.601054]	Trying ff on 0: L0[], 1: L0[], Ebi: L2[☐10, ☐15], Eib: L2[L0[], L0[]], Eii: L2[L0[], L0[]], put: L2[_6_, _7_] -> V0 -> V1 -> L2[_8_, _9_], tr: L7[]
[15:24:35.601294]	Trying ff on 0: L0[], 1: L0[], Ebi: L2[☐10, ☐15], Eib: L2[L0[], L0[]], Eii: L2[L0[], L7[]], put: L2[_6_, _7_] -> V0 -> V1 -> L2[_8_, _9_], tr: L7[]
[15:24:35.601942]	Trying ff on 0: L0[], 1: L0[], Ebi: L2[☐10, ☐15], Eib: L2[L0[], L0[]], Eii: L2[L7[], ☐35], put: L2[V2, _7_] -> V0 -> V1 -> L2[_8_, _9_], tr: L7[]
[15:24:35.602184]	Trying ff on 0: L0[], 1: L0[], Ebi: L2[☐10, ☐15], Eib: L2[L0[], L0[]], Eii: L2[L7[], L0[]], put: L2[_6_, _7_] -> V0 -> V1 -> L2[_8_, _9_], tr: L7[]
[15:24:35.602406]	Trying ff on 0: L0[], 1: L0[], Ebi: L2[☐10, ☐15], Eib: L2[L0[], L0[]], Eii: L2[L7[], L7[]], put: L2[_6_, _7_] -> V0 -> V1 -> L2[_8_, _9_], tr: L7[]
[15:24:35.603184]	Trying ff on 0: L0[], 1: L0[], Ebi: L2[☐10, ☐15], Eib: L2[L0[], L7[]], Eii: L2[☐30, ☐35], put: L2[L0[], L7[]] -> V0 -> V1 -> L2[_8_, _9_], tr: L7[]
[15:24:35.603750]	Trying ff on 0: L0[], 1: L0[], Ebi: L2[☐10, ☐15], Eib: L2[L0[], L7[]], Eii: L2[☐30, ☐35], put: L2[L0[], V1] -> V0 -> V1 -> L2[_8_, _9_], tr: L7[]
[15:24:35.604153]	Trying ff on 0: L0[], 1: L0[], Ebi: L2[☐10, ☐15], Eib: L2[L0[], L7[]], Eii: L2[☐30, ☐35], put: L2[L0[], V2] -> V0 -> V1 -> L2[_8_, _9_], tr: L7[]
[15:24:35.604615]	Trying ff on 0: L0[], 1: L0[], Ebi: L2[☐10, ☐15], Eib: L2[L0[], L7[]], Eii: L2[☐30, ☐35], put: L2[V0, L7[]] -> V0 -> V1 -> L2[_8_, _9_], tr: L7[]
[15:24:35.605189]	Trying ff on 0: L0[], 1: L0[], Ebi: L2[☐10, ☐15], Eib: L2[L0[], L7[]], Eii: L2[☐30, ☐35], put: L2[V0, V1] -> V0 -> V1 -> L2[_8_, _9_], tr: L7[]
[15:24:35.605554]	Trying ff on 0: L0[], 1: L0[], Ebi: L2[☐10, ☐15], Eib: L2[L0[], L7[]], Eii: L2[☐30, ☐35], put: L2[V0, V2] -> V0 -> V1 -> L2[_8_, _9_], tr: L7[]
[15:24:35.606054]	Trying ff on 0: L0[], 1: L0[], Ebi: L2[☐10, ☐15], Eib: L2[L0[], L7[]], Eii: L2[☐30, ☐35], put: L2[V2, L7[]] -> V0 -> V1 -> L2[_8_, _9_], tr: L7[]
[15:24:35.606377]	Trying ff on 0: L0[], 1: L0[], Ebi: L2[☐10, ☐15], Eib: L2[L0[], L7[]], Eii: L2[☐30, ☐35], put: L2[V2, V1] -> V0 -> V1 -> L2[_8_, _9_], tr: L7[]
[15:24:35.606655]	Trying ff on 0: L0[], 1: L0[], Ebi: L2[☐10, ☐15], Eib: L2[L0[], L7[]], Eii: L2[☐30, ☐35], put: L2[V2, V3] -> V0 -> V1 -> L2[_8_, _9_], tr: L7[]
[15:24:35.607001]	Trying ff on 0: L0[], 1: L0[], Ebi: L2[☐10, ☐15], Eib: L2[L0[], L7[]], Eii: L2[☐30, L0[]], put: L2[L0[], _7_] -> V0 -> V1 -> L2[_8_, _9_], tr: L7[]
[15:24:35.607254]	Trying ff on 0: L0[], 1: L0[], Ebi: L2[☐10, ☐15], Eib: L2[L0[], L7[]], Eii: L2[☐30, L0[]], put: L2[V0, _7_] -> V0 -> V1 -> L2[_8_, _9_], tr: L7[]
[15:24:35.607533]	Trying ff on 0: L0[], 1: L0[], Ebi: L2[☐10, ☐15], Eib: L2[L0[], L7[]], Eii: L2[☐30, L0[]], put: L2[V2, _7_] -> V0 -> V1 -> L2[_8_, _9_], tr: L7[]
[15:24:35.607904]	Trying ff on 0: L0[], 1: L0[], Ebi: L2[☐10, ☐15], Eib: L2[L0[], L7[]], Eii: L2[☐30, L7[]], put: L2[L0[], _7_] -> V0 -> V1 -> L2[_8_, _9_], tr: L7[]
[15:24:35.608186]	Trying ff on 0: L0[], 1: L0[], Ebi: L2[☐10, ☐15], Eib: L2[L0[], L7[]], Eii: L2[☐30, L7[]], put: L2[V0, _7_] -> V0 -> V1 -> L2[_8_, _9_], tr: L7[]
[15:24:35.608484]	Trying ff on 0: L0[], 1: L0[], Ebi: L2[☐10, ☐15], Eib: L2[L0[], L7[]], Eii: L2[☐30, L7[]], put: L2[V2, _7_] -> V0 -> V1 -> L2[_8_, _9_], tr: L7[]
[15:24:35.609001]	Trying ff on 0: L0[], 1: L0[], Ebi: L2[☐10, ☐15], Eib: L2[L0[], L7[]], Eii: L2[L0[], ☐35], put: L2[L0[], _7_] -> V0 -> V1 -> L2[_8_, _9_], tr: L7[]
[15:24:35.609271]	Trying ff on 0: L0[], 1: L0[], Ebi: L2[☐10, ☐15], Eib: L2[L0[], L7[]], Eii: L2[L0[], ☐35], put: L2[V0, _7_] -> V0 -> V1 -> L2[_8_, _9_], tr: L7[]
[15:24:35.609545]	Trying ff on 0: L0[], 1: L0[], Ebi: L2[☐10, ☐15], Eib: L2[L0[], L7[]], Eii: L2[L0[], ☐35], put: L2[V2, _7_] -> V0 -> V1 -> L2[_8_, _9_], tr: L7[]
[15:24:35.609746]	Trying ff on 0: L0[], 1: L0[], Ebi: L2[☐10, ☐15], Eib: L2[L0[], L7[]], Eii: L2[L0[], L0[]], put: L2[_6_, _7_] -> V0 -> V1 -> L2[_8_, _9_], tr: L7[]
[15:24:35.609953]	Trying ff on 0: L0[], 1: L0[], Ebi: L2[☐10, ☐15], Eib: L2[L0[], L7[]], Eii: L2[L0[], L7[]], put: L2[_6_, _7_] -> V0 -> V1 -> L2[_8_, _9_], tr: L7[]
[15:24:35.610622]	Trying ff on 0: L0[], 1: L0[], Ebi: L2[☐10, ☐15], Eib: L2[L0[], L7[]], Eii: L2[L7[], ☐35], put: L2[V2, _7_] -> V0 -> V1 -> L2[_8_, _9_], tr: L7[]
[15:24:35.610862]	Trying ff on 0: L0[], 1: L0[], Ebi: L2[☐10, ☐15], Eib: L2[L0[], L7[]], Eii: L2[L7[], L0[]], put: L2[_6_, _7_] -> V0 -> V1 -> L2[_8_, _9_], tr: L7[]
[15:24:35.611064]	Trying ff on 0: L0[], 1: L0[], Ebi: L2[☐10, ☐15], Eib: L2[L0[], L7[]], Eii: L2[L7[], L7[]], put: L2[_6_, _7_] -> V0 -> V1 -> L2[_8_, _9_], tr: L7[]
[15:24:35.612355]	Trying ff on 0: L0[], 1: L0[], Ebi: L2[☐10, ☐15], Eib: L2[L7[], ☐25], Eii: L2[☐30, ☐35], put: L2[L7[], ☐45] -> V0 -> V1 -> L2[L7[], L0[]], tr: L7[]
[15:24:35.612657]	Trying ff on 0: L0[], 1: L0[], Ebi: L2[☐10, ☐15], Eib: L2[L7[], ☐25], Eii: L2[☐30, ☐35], put: L2[L7[], ☐45] -> V0 -> V1 -> L2[L7[], L7[]], tr: L7[]
[15:24:35.612913]	Trying ff on 0: L0[], 1: L0[], Ebi: L2[☐10, ☐15], Eib: L2[L7[], ☐25], Eii: L2[☐30, ☐35], put: L2[L7[], ☐45] -> V0 -> V1 -> L2[L7[], V0], tr: L7[]
[15:24:35.613146]	Trying ff on 0: L0[], 1: L0[], Ebi: L2[☐10, ☐15], Eib: L2[L7[], ☐25], Eii: L2[☐30, ☐35], put: L2[L7[], ☐45] -> V0 -> V1 -> L2[L7[], V1], tr: L7[]
[15:24:35.613602]	Trying ff on 0: L0[], 1: L0[], Ebi: L2[☐10, ☐15], Eib: L2[L7[], ☐25], Eii: L2[☐30, ☐35], put: L2[L7[], L0[]] -> V0 -> V1 -> L2[L7[], _9_], tr: L7[]
[15:24:35.614335]	Trying ff on 0: L0[], 1: L0[], Ebi: L2[☐10, ☐15], Eib: L2[L7[], ☐25], Eii: L2[☐30, ☐35], put: L2[L7[], L7[]] -> V0 -> V1 -> L2[L7[], _9_], tr: L7[]
[15:24:35.615110]	Trying ff on 0: L0[], 1: L0[], Ebi: L2[☐10, ☐15], Eib: L2[L7[], ☐25], Eii: L2[☐30, ☐35], put: L2[L7[], V0] -> V0 -> V1 -> L2[L7[], _9_], tr: L7[]
[15:24:35.615619]	Trying ff on 0: L0[], 1: L0[], Ebi: L2[☐10, ☐15], Eib: L2[L7[], ☐25], Eii: L2[☐30, ☐35], put: L2[L7[], V0] -> V0 -> V1 -> L2[V0, _9_], tr: L7[]
[15:24:35.616166]	Trying ff on 0: L0[], 1: L0[], Ebi: L2[☐10, ☐15], Eib: L2[L7[], ☐25], Eii: L2[☐30, ☐35], put: L2[L7[], V1] -> V0 -> V1 -> L2[L7[], _9_], tr: L7[]
[15:24:35.616516]	Trying ff on 0: L0[], 1: L0[], Ebi: L2[☐10, ☐15], Eib: L2[L7[], ☐25], Eii: L2[☐30, ☐35], put: L2[L7[], V1] -> V0 -> V1 -> L2[V1, _9_], tr: L7[]
[15:24:35.616968]	Trying ff on 0: L0[], 1: L0[], Ebi: L2[☐10, ☐15], Eib: L2[L7[], ☐25], Eii: L2[☐30, ☐35], put: L2[L7[], V2] -> V0 -> V1 -> L2[L7[], _9_], tr: L7[]
[15:24:35.617337]	Trying ff on 0: L0[], 1: L0[], Ebi: L2[☐10, ☐15], Eib: L2[L7[], ☐25], Eii: L2[☐30, ☐35], put: L2[L7[], V2] -> V0 -> V1 -> L2[V2, _9_], tr: L7[]
[15:24:35.618622]	Trying ff on 0: L0[], 1: L0[], Ebi: L2[☐10, ☐15], Eib: L2[L7[], ☐25], Eii: L2[☐30, ☐35], put: L2[V1, ☐45] -> V0 -> V1 -> L2[V1, L0[]], tr: L7[]
[15:24:35.618961]	Trying ff on 0: L0[], 1: L0[], Ebi: L2[☐10, ☐15], Eib: L2[L7[], ☐25], Eii: L2[☐30, ☐35], put: L2[V1, ☐45] -> V0 -> V1 -> L2[V1, L7[]], tr: L7[]
[15:24:35.619247]	Trying ff on 0: L0[], 1: L0[], Ebi: L2[☐10, ☐15], Eib: L2[L7[], ☐25], Eii: L2[☐30, ☐35], put: L2[V1, ☐45] -> V0 -> V1 -> L2[V1, V0], tr: L7[]
[15:24:35.619510]	Trying ff on 0: L0[], 1: L0[], Ebi: L2[☐10, ☐15], Eib: L2[L7[], ☐25], Eii: L2[☐30, ☐35], put: L2[V1, ☐45] -> V0 -> V1 -> L2[V1, V1], tr: L7[]
[15:24:35.620084]	Trying ff on 0: L0[], 1: L0[], Ebi: L2[☐10, ☐15], Eib: L2[L7[], ☐25], Eii: L2[☐30, ☐35], put: L2[V1, L0[]] -> V0 -> V1 -> L2[V1, _9_], tr: L7[]
[15:24:35.621004]	Trying ff on 0: L0[], 1: L0[], Ebi: L2[☐10, ☐15], Eib: L2[L7[], ☐25], Eii: L2[☐30, ☐35], put: L2[V1, L7[]] -> V0 -> V1 -> L2[V1, _9_], tr: L7[]
[15:24:35.621822]	Trying ff on 0: L0[], 1: L0[], Ebi: L2[☐10, ☐15], Eib: L2[L7[], ☐25], Eii: L2[☐30, ☐35], put: L2[V1, V0] -> V0 -> V1 -> L2[V0, _9_], tr: L7[]
[15:24:35.622150]	Trying ff on 0: L0[], 1: L0[], Ebi: L2[☐10, ☐15], Eib: L2[L7[], ☐25], Eii: L2[☐30, ☐35], put: L2[V1, V0] -> V0 -> V1 -> L2[V1, _9_], tr: L7[]
[15:24:35.622997]	Trying ff on 0: L0[], 1: L0[], Ebi: L2[☐10, ☐15], Eib: L2[L7[], ☐25], Eii: L2[☐30, ☐35], put: L2[V1, V1] -> V0 -> V1 -> L2[V1, _9_], tr: L7[]
[15:24:35.623608]	Trying ff on 0: L0[], 1: L0[], Ebi: L2[☐10, ☐15], Eib: L2[L7[], ☐25], Eii: L2[☐30, ☐35], put: L2[V1, V2] -> V0 -> V1 -> L2[V1, _9_], tr: L7[]
[15:24:35.623967]	Trying ff on 0: L0[], 1: L0[], Ebi: L2[☐10, ☐15], Eib: L2[L7[], ☐25], Eii: L2[☐30, ☐35], put: L2[V1, V2] -> V0 -> V1 -> L2[V2, _9_], tr: L7[]
[15:24:35.626542]	Trying ff on 0: L0[], 1: L0[], Ebi: L2[☐10, ☐15], Eib: L2[L7[], ☐25], Eii: L2[☐30, ☐35], put: L2[V2, ☐45] -> V0 -> V1 -> L2[L0[], L0[]], tr: L7[]
[15:24:35.626879]	Trying ff on 0: L0[], 1: L0[], Ebi: L2[☐10, ☐15], Eib: L2[L7[], ☐25], Eii: L2[☐30, ☐35], put: L2[V2, ☐45] -> V0 -> V1 -> L2[L0[], L7[]], tr: L7[]
[15:24:35.627209]	Trying ff on 0: L0[], 1: L0[], Ebi: L2[☐10, ☐15], Eib: L2[L7[], ☐25], Eii: L2[☐30, ☐35], put: L2[V2, ☐45] -> V0 -> V1 -> L2[L0[], V0], tr: L7[]
[15:24:35.627512]	Trying ff on 0: L0[], 1: L0[], Ebi: L2[☐10, ☐15], Eib: L2[L7[], ☐25], Eii: L2[☐30, ☐35], put: L2[V2, ☐45] -> V0 -> V1 -> L2[L0[], V1], tr: L7[]
[15:24:35.627762]	Trying ff on 0: L0[], 1: L0[], Ebi: L2[☐10, ☐15], Eib: L2[L7[], ☐25], Eii: L2[☐30, ☐35], put: L2[V2, ☐45] -> V0 -> V1 -> L2[L0[], V2], tr: L7[]
[15:24:35.628391]	Trying ff on 0: L0[], 1: L0[], Ebi: L2[☐10, ☐15], Eib: L2[L7[], ☐25], Eii: L2[☐30, ☐35], put: L2[V2, ☐45] -> V0 -> V1 -> L2[L7[], L0[]], tr: L7[]
[15:24:35.628684]	Trying ff on 0: L0[], 1: L0[], Ebi: L2[☐10, ☐15], Eib: L2[L7[], ☐25], Eii: L2[☐30, ☐35], put: L2[V2, ☐45] -> V0 -> V1 -> L2[L7[], L7[]], tr: L7[]
[15:24:35.629]	Trying ff on 0: L0[], 1: L0[], Ebi: L2[☐10, ☐15], Eib: L2[L7[], ☐25], Eii: L2[☐30, ☐35], put: L2[V2, ☐45] -> V0 -> V1 -> L2[L7[], V0], tr: L7[]
[15:24:35.629346]	Trying ff on 0: L0[], 1: L0[], Ebi: L2[☐10, ☐15], Eib: L2[L7[], ☐25], Eii: L2[☐30, ☐35], put: L2[V2, ☐45] -> V0 -> V1 -> L2[L7[], V1], tr: L7[]
[15:24:35.629628]	Trying ff on 0: L0[], 1: L0[], Ebi: L2[☐10, ☐15], Eib: L2[L7[], ☐25], Eii: L2[☐30, ☐35], put: L2[V2, ☐45] -> V0 -> V1 -> L2[L7[], V2], tr: L7[]
[15:24:35.630308]	Trying ff on 0: L0[], 1: L0[], Ebi: L2[☐10, ☐15], Eib: L2[L7[], ☐25], Eii: L2[☐30, ☐35], put: L2[V2, ☐45] -> V0 -> V1 -> L2[V0, L0[]], tr: L7[]
[15:24:35.630618]	Trying ff on 0: L0[], 1: L0[], Ebi: L2[☐10, ☐15], Eib: L2[L7[], ☐25], Eii: L2[☐30, ☐35], put: L2[V2, ☐45] -> V0 -> V1 -> L2[V0, L7[]], tr: L7[]
[15:24:35.630918]	Trying ff on 0: L0[], 1: L0[], Ebi: L2[☐10, ☐15], Eib: L2[L7[], ☐25], Eii: L2[☐30, ☐35], put: L2[V2, ☐45] -> V0 -> V1 -> L2[V0, V0], tr: L7[]
[15:24:35.631201]	Trying ff on 0: L0[], 1: L0[], Ebi: L2[☐10, ☐15], Eib: L2[L7[], ☐25], Eii: L2[☐30, ☐35], put: L2[V2, ☐45] -> V0 -> V1 -> L2[V0, V1], tr: L7[]
[15:24:35.631461]	Trying ff on 0: L0[], 1: L0[], Ebi: L2[☐10, ☐15], Eib: L2[L7[], ☐25], Eii: L2[☐30, ☐35], put: L2[V2, ☐45] -> V0 -> V1 -> L2[V0, V2], tr: L7[]
[15:24:35.632161]	Trying ff on 0: L0[], 1: L0[], Ebi: L2[☐10, ☐15], Eib: L2[L7[], ☐25], Eii: L2[☐30, ☐35], put: L2[V2, ☐45] -> V0 -> V1 -> L2[V1, L0[]], tr: L7[]
[15:24:35.632484]	Trying ff on 0: L0[], 1: L0[], Ebi: L2[☐10, ☐15], Eib: L2[L7[], ☐25], Eii: L2[☐30, ☐35], put: L2[V2, ☐45] -> V0 -> V1 -> L2[V1, L7[]], tr: L7[]
[15:24:35.632779]	Trying ff on 0: L0[], 1: L0[], Ebi: L2[☐10, ☐15], Eib: L2[L7[], ☐25], Eii: L2[☐30, ☐35], put: L2[V2, ☐45] -> V0 -> V1 -> L2[V1, V0], tr: L7[]
[15:24:35.633050]	Trying ff on 0: L0[], 1: L0[], Ebi: L2[☐10, ☐15], Eib: L2[L7[], ☐25], Eii: L2[☐30, ☐35], put: L2[V2, ☐45] -> V0 -> V1 -> L2[V1, V1], tr: L7[]
[15:24:35.633316]	Trying ff on 0: L0[], 1: L0[], Ebi: L2[☐10, ☐15], Eib: L2[L7[], ☐25], Eii: L2[☐30, ☐35], put: L2[V2, ☐45] -> V0 -> V1 -> L2[V1, V2], tr: L7[]
[15:24:35.633960]	Trying ff on 0: L0[], 1: L0[], Ebi: L2[☐10, ☐15], Eib: L2[L7[], ☐25], Eii: L2[☐30, ☐35], put: L2[V2, ☐45] -> V0 -> V1 -> L2[V2, L0[]], tr: L7[]
[15:24:35.634252]	Trying ff on 0: L0[], 1: L0[], Ebi: L2[☐10, ☐15], Eib: L2[L7[], ☐25], Eii: L2[☐30, ☐35], put: L2[V2, ☐45] -> V0 -> V1 -> L2[V2, L7[]], tr: L7[]
[15:24:35.634534]	Trying ff on 0: L0[], 1: L0[], Ebi: L2[☐10, ☐15], Eib: L2[L7[], ☐25], Eii: L2[☐30, ☐35], put: L2[V2, ☐45] -> V0 -> V1 -> L2[V2, V0], tr: L7[]
[15:24:35.634811]	Trying ff on 0: L0[], 1: L0[], Ebi: L2[☐10, ☐15], Eib: L2[L7[], ☐25], Eii: L2[☐30, ☐35], put: L2[V2, ☐45] -> V0 -> V1 -> L2[V2, V1], tr: L7[]
[15:24:35.635051]	Trying ff on 0: L0[], 1: L0[], Ebi: L2[☐10, ☐15], Eib: L2[L7[], ☐25], Eii: L2[☐30, ☐35], put: L2[V2, ☐45] -> V0 -> V1 -> L2[V2, V2], tr: L7[]
[15:24:35.635713]	Trying ff on 0: L0[], 1: L0[], Ebi: L2[☐10, ☐15], Eib: L2[L7[], ☐25], Eii: L2[☐30, ☐35], put: L2[V2, L0[]] -> V0 -> V1 -> L2[☐50, L0[]], tr: L7[]
[15:24:35.636129]	Trying ff on 0: L0[], 1: L0[], Ebi: L2[☐10, ☐15], Eib: L2[L7[], ☐25], Eii: L2[☐30, ☐35], put: L2[V2, L0[]] -> V0 -> V1 -> L2[L0[], _9_], tr: L7[]
[15:24:35.636423]	Trying ff on 0: L0[], 1: L0[], Ebi: L2[☐10, ☐15], Eib: L2[L7[], ☐25], Eii: L2[☐30, ☐35], put: L2[V2, L0[]] -> V0 -> V1 -> L2[L7[], _9_], tr: L7[]
[15:24:35.636704]	Trying ff on 0: L0[], 1: L0[], Ebi: L2[☐10, ☐15], Eib: L2[L7[], ☐25], Eii: L2[☐30, ☐35], put: L2[V2, L0[]] -> V0 -> V1 -> L2[V0, _9_], tr: L7[]
[15:24:35.636984]	Trying ff on 0: L0[], 1: L0[], Ebi: L2[☐10, ☐15], Eib: L2[L7[], ☐25], Eii: L2[☐30, ☐35], put: L2[V2, L0[]] -> V0 -> V1 -> L2[V1, _9_], tr: L7[]
[15:24:35.637254]	Trying ff on 0: L0[], 1: L0[], Ebi: L2[☐10, ☐15], Eib: L2[L7[], ☐25], Eii: L2[☐30, ☐35], put: L2[V2, L0[]] -> V0 -> V1 -> L2[V2, _9_], tr: L7[]
[15:24:35.637891]	Trying ff on 0: L0[], 1: L0[], Ebi: L2[☐10, ☐15], Eib: L2[L7[], ☐25], Eii: L2[☐30, ☐35], put: L2[V2, L7[]] -> V0 -> V1 -> L2[☐50, L7[]], tr: L7[]
[15:24:35.638279]	Trying ff on 0: L0[], 1: L0[], Ebi: L2[☐10, ☐15], Eib: L2[L7[], ☐25], Eii: L2[☐30, ☐35], put: L2[V2, L7[]] -> V0 -> V1 -> L2[☐50, V2], tr: L7[]
[15:24:35.638785]	Trying ff on 0: L0[], 1: L0[], Ebi: L2[☐10, ☐15], Eib: L2[L7[], ☐25], Eii: L2[☐30, ☐35], put: L2[V2, L7[]] -> V0 -> V1 -> L2[L0[], _9_], tr: L7[]
[15:24:35.639040]	Trying ff on 0: L0[], 1: L0[], Ebi: L2[☐10, ☐15], Eib: L2[L7[], ☐25], Eii: L2[☐30, ☐35], put: L2[V2, L7[]] -> V0 -> V1 -> L2[L7[], _9_], tr: L7[]
[15:24:35.639313]	Trying ff on 0: L0[], 1: L0[], Ebi: L2[☐10, ☐15], Eib: L2[L7[], ☐25], Eii: L2[☐30, ☐35], put: L2[V2, L7[]] -> V0 -> V1 -> L2[V0, _9_], tr: L7[]
[15:24:35.639578]	Trying ff on 0: L0[], 1: L0[], Ebi: L2[☐10, ☐15], Eib: L2[L7[], ☐25], Eii: L2[☐30, ☐35], put: L2[V2, L7[]] -> V0 -> V1 -> L2[V1, _9_], tr: L7[]
[15:24:35.639826]	Trying ff on 0: L0[], 1: L0[], Ebi: L2[☐10, ☐15], Eib: L2[L7[], ☐25], Eii: L2[☐30, ☐35], put: L2[V2, L7[]] -> V0 -> V1 -> L2[V2, _9_], tr: L7[]
[15:24:35.640492]	Trying ff on 0: L0[], 1: L0[], Ebi: L2[☐10, ☐15], Eib: L2[L7[], ☐25], Eii: L2[☐30, ☐35], put: L2[V2, V0] -> V0 -> V1 -> L2[☐50, V0], tr: L7[]
[15:24:35.640810]	Trying ff on 0: L0[], 1: L0[], Ebi: L2[☐10, ☐15], Eib: L2[L7[], ☐25], Eii: L2[☐30, ☐35], put: L2[V2, V0] -> V0 -> V1 -> L2[L0[], _9_], tr: L7[]
[15:24:35.641049]	Trying ff on 0: L0[], 1: L0[], Ebi: L2[☐10, ☐15], Eib: L2[L7[], ☐25], Eii: L2[☐30, ☐35], put: L2[V2, V0] -> V0 -> V1 -> L2[L7[], _9_], tr: L7[]
[15:24:35.641357]	Trying ff on 0: L0[], 1: L0[], Ebi: L2[☐10, ☐15], Eib: L2[L7[], ☐25], Eii: L2[☐30, ☐35], put: L2[V2, V0] -> V0 -> V1 -> L2[V0, _9_], tr: L7[]
[15:24:35.641624]	Trying ff on 0: L0[], 1: L0[], Ebi: L2[☐10, ☐15], Eib: L2[L7[], ☐25], Eii: L2[☐30, ☐35], put: L2[V2, V0] -> V0 -> V1 -> L2[V1, _9_], tr: L7[]
[15:24:35.641875]	Trying ff on 0: L0[], 1: L0[], Ebi: L2[☐10, ☐15], Eib: L2[L7[], ☐25], Eii: L2[☐30, ☐35], put: L2[V2, V0] -> V0 -> V1 -> L2[V2, _9_], tr: L7[]
[15:24:35.642584]	Trying ff on 0: L0[], 1: L0[], Ebi: L2[☐10, ☐15], Eib: L2[L7[], ☐25], Eii: L2[☐30, ☐35], put: L2[V2, V1] -> V0 -> V1 -> L2[☐50, V1], tr: L7[]
[15:24:35.642895]	Trying ff on 0: L0[], 1: L0[], Ebi: L2[☐10, ☐15], Eib: L2[L7[], ☐25], Eii: L2[☐30, ☐35], put: L2[V2, V1] -> V0 -> V1 -> L2[☐50, V2], tr: L7[]
[15:24:35.643453]	Trying ff on 0: L0[], 1: L0[], Ebi: L2[☐10, ☐15], Eib: L2[L7[], ☐25], Eii: L2[☐30, ☐35], put: L2[V2, V1] -> V0 -> V1 -> L2[L0[], _9_], tr: L7[]
[15:24:35.643718]	Trying ff on 0: L0[], 1: L0[], Ebi: L2[☐10, ☐15], Eib: L2[L7[], ☐25], Eii: L2[☐30, ☐35], put: L2[V2, V1] -> V0 -> V1 -> L2[L7[], _9_], tr: L7[]
[15:24:35.644005]	Trying ff on 0: L0[], 1: L0[], Ebi: L2[☐10, ☐15], Eib: L2[L7[], ☐25], Eii: L2[☐30, ☐35], put: L2[V2, V1] -> V0 -> V1 -> L2[V0, _9_], tr: L7[]
[15:24:35.644272]	Trying ff on 0: L0[], 1: L0[], Ebi: L2[☐10, ☐15], Eib: L2[L7[], ☐25], Eii: L2[☐30, ☐35], put: L2[V2, V1] -> V0 -> V1 -> L2[V1, _9_], tr: L7[]
[15:24:35.644516]	Trying ff on 0: L0[], 1: L0[], Ebi: L2[☐10, ☐15], Eib: L2[L7[], ☐25], Eii: L2[☐30, ☐35], put: L2[V2, V1] -> V0 -> V1 -> L2[V2, _9_], tr: L7[]
[15:24:35.645218]	Trying ff on 0: L0[], 1: L0[], Ebi: L2[☐10, ☐15], Eib: L2[L7[], ☐25], Eii: L2[☐30, ☐35], put: L2[V2, V2] -> V0 -> V1 -> L2[☐50, L0[]], tr: L7[]
[15:24:35.645484]	Trying ff on 0: L0[], 1: L0[], Ebi: L2[☐10, ☐15], Eib: L2[L7[], ☐25], Eii: L2[☐30, ☐35], put: L2[V2, V2] -> V0 -> V1 -> L2[☐50, L7[]], tr: L7[]
[15:24:35.645738]	Trying ff on 0: L0[], 1: L0[], Ebi: L2[☐10, ☐15], Eib: L2[L7[], ☐25], Eii: L2[☐30, ☐35], put: L2[V2, V2] -> V0 -> V1 -> L2[☐50, V0], tr: L7[]
[15:24:35.645985]	Trying ff on 0: L0[], 1: L0[], Ebi: L2[☐10, ☐15], Eib: L2[L7[], ☐25], Eii: L2[☐30, ☐35], put: L2[V2, V2] -> V0 -> V1 -> L2[☐50, V1], tr: L7[]
[15:24:35.646229]	Trying ff on 0: L0[], 1: L0[], Ebi: L2[☐10, ☐15], Eib: L2[L7[], ☐25], Eii: L2[☐30, ☐35], put: L2[V2, V2] -> V0 -> V1 -> L2[☐50, V2], tr: L7[]
[15:24:35.646481]	Trying ff on 0: L0[], 1: L0[], Ebi: L2[☐10, ☐15], Eib: L2[L7[], ☐25], Eii: L2[☐30, ☐35], put: L2[V2, V2] -> V0 -> V1 -> L2[L0[], _9_], tr: L7[]
[15:24:35.646717]	Trying ff on 0: L0[], 1: L0[], Ebi: L2[☐10, ☐15], Eib: L2[L7[], ☐25], Eii: L2[☐30, ☐35], put: L2[V2, V2] -> V0 -> V1 -> L2[L7[], _9_], tr: L7[]
[15:24:35.646963]	Trying ff on 0: L0[], 1: L0[], Ebi: L2[☐10, ☐15], Eib: L2[L7[], ☐25], Eii: L2[☐30, ☐35], put: L2[V2, V2] -> V0 -> V1 -> L2[V0, _9_], tr: L7[]
[15:24:35.647204]	Trying ff on 0: L0[], 1: L0[], Ebi: L2[☐10, ☐15], Eib: L2[L7[], ☐25], Eii: L2[☐30, ☐35], put: L2[V2, V2] -> V0 -> V1 -> L2[V1, _9_], tr: L7[]
[15:24:35.647437]	Trying ff on 0: L0[], 1: L0[], Ebi: L2[☐10, ☐15], Eib: L2[L7[], ☐25], Eii: L2[☐30, ☐35], put: L2[V2, V2] -> V0 -> V1 -> L2[V2, _9_], tr: L7[]
[15:24:35.648261]	Trying ff on 0: L0[], 1: L0[], Ebi: L2[☐10, ☐15], Eib: L2[L7[], ☐25], Eii: L2[☐30, ☐35], put: L2[V2, V3] -> V0 -> V1 -> L2[☐50, L0[]], tr: L7[]
[15:24:35.648518]	Trying ff on 0: L0[], 1: L0[], Ebi: L2[☐10, ☐15], Eib: L2[L7[], ☐25], Eii: L2[☐30, ☐35], put: L2[V2, V3] -> V0 -> V1 -> L2[☐50, L7[]], tr: L7[]
[15:24:35.648782]	Trying ff on 0: L0[], 1: L0[], Ebi: L2[☐10, ☐15], Eib: L2[L7[], ☐25], Eii: L2[☐30, ☐35], put: L2[V2, V3] -> V0 -> V1 -> L2[☐50, V0], tr: L7[]
[15:24:35.649064]	Trying ff on 0: L0[], 1: L0[], Ebi: L2[☐10, ☐15], Eib: L2[L7[], ☐25], Eii: L2[☐30, ☐35], put: L2[V2, V3] -> V0 -> V1 -> L2[☐50, V1], tr: L7[]
[15:24:35.649310]	Trying ff on 0: L0[], 1: L0[], Ebi: L2[☐10, ☐15], Eib: L2[L7[], ☐25], Eii: L2[☐30, ☐35], put: L2[V2, V3] -> V0 -> V1 -> L2[☐50, V2], tr: L7[]
[15:24:35.649558]	Trying ff on 0: L0[], 1: L0[], Ebi: L2[☐10, ☐15], Eib: L2[L7[], ☐25], Eii: L2[☐30, ☐35], put: L2[V2, V3] -> V0 -> V1 -> L2[☐50, V3], tr: L7[]
[15:24:35.649794]	Trying ff on 0: L0[], 1: L0[], Ebi: L2[☐10, ☐15], Eib: L2[L7[], ☐25], Eii: L2[☐30, ☐35], put: L2[V2, V3] -> V0 -> V1 -> L2[L0[], _9_], tr: L7[]
[15:24:35.650021]	Trying ff on 0: L0[], 1: L0[], Ebi: L2[☐10, ☐15], Eib: L2[L7[], ☐25], Eii: L2[☐30, ☐35], put: L2[V2, V3] -> V0 -> V1 -> L2[L7[], _9_], tr: L7[]
[15:24:35.650284]	Trying ff on 0: L0[], 1: L0[], Ebi: L2[☐10, ☐15], Eib: L2[L7[], ☐25], Eii: L2[☐30, ☐35], put: L2[V2, V3] -> V0 -> V1 -> L2[V0, _9_], tr: L7[]
[15:24:35.650535]	Trying ff on 0: L0[], 1: L0[], Ebi: L2[☐10, ☐15], Eib: L2[L7[], ☐25], Eii: L2[☐30, ☐35], put: L2[V2, V3] -> V0 -> V1 -> L2[V1, _9_], tr: L7[]
[15:24:35.650776]	Trying ff on 0: L0[], 1: L0[], Ebi: L2[☐10, ☐15], Eib: L2[L7[], ☐25], Eii: L2[☐30, ☐35], put: L2[V2, V3] -> V0 -> V1 -> L2[V2, _9_], tr: L7[]
[15:24:35.651035]	Trying ff on 0: L0[], 1: L0[], Ebi: L2[☐10, ☐15], Eib: L2[L7[], ☐25], Eii: L2[☐30, ☐35], put: L2[V2, V3] -> V0 -> V1 -> L2[V3, _9_], tr: L7[]
[15:24:35.651518]	Trying ff on 0: L0[], 1: L0[], Ebi: L2[☐10, ☐15], Eib: L2[L7[], ☐25], Eii: L2[☐30, L0[]], put: L2[L7[], L0[]] -> V0 -> V1 -> L2[_8_, _9_], tr: L7[]
[15:24:35.656275]	Trying ff on 0: L0[], 1: L0[], Ebi: L2[☐10, ☐15], Eib: L2[L7[], ☐25], Eii: L2[☐30, L0[]], put: L2[L7[], V0] -> V0 -> V1 -> L2[_8_, _9_], tr: L7[]
[15:24:35.656840]	Trying ff on 0: L0[], 1: L0[], Ebi: L2[☐10, ☐15], Eib: L2[L7[], ☐25], Eii: L2[☐30, L0[]], put: L2[L7[], V1] -> V0 -> V1 -> L2[_8_, _9_], tr: L7[]
[15:24:35.657136]	Trying ff on 0: L0[], 1: L0[], Ebi: L2[☐10, ☐15], Eib: L2[L7[], ☐25], Eii: L2[☐30, L0[]], put: L2[L7[], V2] -> V0 -> V1 -> L2[_8_, _9_], tr: L7[]
[15:24:35.657566]	Trying ff on 0: L0[], 1: L0[], Ebi: L2[☐10, ☐15], Eib: L2[L7[], ☐25], Eii: L2[☐30, L0[]], put: L2[V1, L0[]] -> V0 -> V1 -> L2[_8_, _9_], tr: L7[]
[15:24:35.657870]	Trying ff on 0: L0[], 1: L0[], Ebi: L2[☐10, ☐15], Eib: L2[L7[], ☐25], Eii: L2[☐30, L0[]], put: L2[V1, V0] -> V0 -> V1 -> L2[_8_, _9_], tr: L7[]
[15:24:35.658229]	Trying ff on 0: L0[], 1: L0[], Ebi: L2[☐10, ☐15], Eib: L2[L7[], ☐25], Eii: L2[☐30, L0[]], put: L2[V1, V1] -> V0 -> V1 -> L2[_8_, _9_], tr: L7[]
[15:24:35.658544]	Trying ff on 0: L0[], 1: L0[], Ebi: L2[☐10, ☐15], Eib: L2[L7[], ☐25], Eii: L2[☐30, L0[]], put: L2[V1, V2] -> V0 -> V1 -> L2[_8_, _9_], tr: L7[]
[15:24:35.658948]	Trying ff on 0: L0[], 1: L0[], Ebi: L2[☐10, ☐15], Eib: L2[L7[], ☐25], Eii: L2[☐30, L0[]], put: L2[V2, L0[]] -> V0 -> V1 -> L2[_8_, _9_], tr: L7[]
[15:24:35.659196]	Trying ff on 0: L0[], 1: L0[], Ebi: L2[☐10, ☐15], Eib: L2[L7[], ☐25], Eii: L2[☐30, L0[]], put: L2[V2, V0] -> V0 -> V1 -> L2[_8_, _9_], tr: L7[]
[15:24:35.659417]	Trying ff on 0: L0[], 1: L0[], Ebi: L2[☐10, ☐15], Eib: L2[L7[], ☐25], Eii: L2[☐30, L0[]], put: L2[V2, V1] -> V0 -> V1 -> L2[_8_, _9_], tr: L7[]
[15:24:35.659676]	Trying ff on 0: L0[], 1: L0[], Ebi: L2[☐10, ☐15], Eib: L2[L7[], ☐25], Eii: L2[☐30, L0[]], put: L2[V2, V2] -> V0 -> V1 -> L2[_8_, _9_], tr: L7[]
[15:24:35.659910]	Trying ff on 0: L0[], 1: L0[], Ebi: L2[☐10, ☐15], Eib: L2[L7[], ☐25], Eii: L2[☐30, L0[]], put: L2[V2, V3] -> V0 -> V1 -> L2[_8_, _9_], tr: L7[]
[15:24:35.660337]	Trying ff on 0: L0[], 1: L0[], Ebi: L2[☐10, ☐15], Eib: L2[L7[], ☐25], Eii: L2[☐30, L7[]], put: L2[L7[], L7[]] -> V0 -> V1 -> L2[_8_, _9_], tr: L7[]
[15:24:35.660903]	Trying ff on 0: L0[], 1: L0[], Ebi: L2[☐10, ☐15], Eib: L2[L7[], ☐25], Eii: L2[☐30, L7[]], put: L2[L7[], V2] -> V0 -> V1 -> L2[_8_, _9_], tr: L7[]
[15:24:35.661375]	Trying ff on 0: L0[], 1: L0[], Ebi: L2[☐10, ☐15], Eib: L2[L7[], ☐25], Eii: L2[☐30, L7[]], put: L2[V1, L7[]] -> V0 -> V1 -> L2[_8_, _9_], tr: L7[]
[15:24:35.661791]	Trying ff on 0: L0[], 1: L0[], Ebi: L2[☐10, ☐15], Eib: L2[L7[], ☐25], Eii: L2[☐30, L7[]], put: L2[V1, V1] -> V0 -> V1 -> L2[_8_, _9_], tr: L7[]
[15:24:35.661947]	Trying ff on 0: L0[], 1: L0[], Ebi: L2[☐10, ☐15], Eib: L2[L7[], ☐25], Eii: L2[☐30, L7[]], put: L2[V1, V2] -> V0 -> V1 -> L2[_8_, _9_], tr: L7[]
[15:24:35.662269]	Trying ff on 0: L0[], 1: L0[], Ebi: L2[☐10, ☐15], Eib: L2[L7[], ☐25], Eii: L2[☐30, L7[]], put: L2[V2, L7[]] -> V0 -> V1 -> L2[_8_, _9_], tr: L7[]
[15:24:35.662533]	Trying ff on 0: L0[], 1: L0[], Ebi: L2[☐10, ☐15], Eib: L2[L7[], ☐25], Eii: L2[☐30, L7[]], put: L2[V2, V2] -> V0 -> V1 -> L2[_8_, _9_], tr: L7[]
[15:24:35.662694]	Trying ff on 0: L0[], 1: L0[], Ebi: L2[☐10, ☐15], Eib: L2[L7[], ☐25], Eii: L2[☐30, L7[]], put: L2[V2, V3] -> V0 -> V1 -> L2[_8_, _9_], tr: L7[]
[15:24:35.663260]	Trying ff on 0: L0[], 1: L0[], Ebi: L2[☐10, ☐15], Eib: L2[L7[], ☐25], Eii: L2[L0[], ☐35], put: L2[V1, ☐45] -> V0 -> V1 -> L2[V1, _9_], tr: L7[]
[15:24:35.663441]	Trying ff on 0: L0[], 1: L0[], Ebi: L2[☐10, ☐15], Eib: L2[L7[], ☐25], Eii: L2[L0[], ☐35], put: L2[V1, L0[]] -> V0 -> V1 -> L2[_8_, _9_], tr: L7[]
[15:24:35.663665]	Trying ff on 0: L0[], 1: L0[], Ebi: L2[☐10, ☐15], Eib: L2[L7[], ☐25], Eii: L2[L0[], ☐35], put: L2[V1, L7[]] -> V0 -> V1 -> L2[_8_, _9_], tr: L7[]
[15:24:35.663866]	Trying ff on 0: L0[], 1: L0[], Ebi: L2[☐10, ☐15], Eib: L2[L7[], ☐25], Eii: L2[L0[], ☐35], put: L2[V1, V0] -> V0 -> V1 -> L2[_8_, _9_], tr: L7[]
[15:24:35.664051]	Trying ff on 0: L0[], 1: L0[], Ebi: L2[☐10, ☐15], Eib: L2[L7[], ☐25], Eii: L2[L0[], ☐35], put: L2[V1, V1] -> V0 -> V1 -> L2[_8_, _9_], tr: L7[]
[15:24:35.664220]	Trying ff on 0: L0[], 1: L0[], Ebi: L2[☐10, ☐15], Eib: L2[L7[], ☐25], Eii: L2[L0[], ☐35], put: L2[V1, V2] -> V0 -> V1 -> L2[_8_, _9_], tr: L7[]
[15:24:35.664734]	Trying ff on 0: L0[], 1: L0[], Ebi: L2[☐10, ☐15], Eib: L2[L7[], ☐25], Eii: L2[L0[], ☐35], put: L2[V2, ☐45] -> V0 -> V1 -> L2[☐50, L0[]], tr: L7[]
[15:24:35.664932]	Trying ff on 0: L0[], 1: L0[], Ebi: L2[☐10, ☐15], Eib: L2[L7[], ☐25], Eii: L2[L0[], ☐35], put: L2[V2, ☐45] -> V0 -> V1 -> L2[☐50, L7[]], tr: L7[]
[15:24:35.665165]	Trying ff on 0: L0[], 1: L0[], Ebi: L2[☐10, ☐15], Eib: L2[L7[], ☐25], Eii: L2[L0[], ☐35], put: L2[V2, ☐45] -> V0 -> V1 -> L2[☐50, V0], tr: L7[]
[15:24:35.665396]	Trying ff on 0: L0[], 1: L0[], Ebi: L2[☐10, ☐15], Eib: L2[L7[], ☐25], Eii: L2[L0[], ☐35], put: L2[V2, ☐45] -> V0 -> V1 -> L2[☐50, V1], tr: L7[]
[15:24:35.665711]	Trying ff on 0: L0[], 1: L0[], Ebi: L2[☐10, ☐15], Eib: L2[L7[], ☐25], Eii: L2[L0[], ☐35], put: L2[V2, ☐45] -> V0 -> V1 -> L2[☐50, V2], tr: L7[]
[15:24:35.665894]	Trying ff on 0: L0[], 1: L0[], Ebi: L2[☐10, ☐15], Eib: L2[L7[], ☐25], Eii: L2[L0[], ☐35], put: L2[V2, ☐45] -> V0 -> V1 -> L2[L0[], _9_], tr: L7[]
[15:24:35.666037]	Trying ff on 0: L0[], 1: L0[], Ebi: L2[☐10, ☐15], Eib: L2[L7[], ☐25], Eii: L2[L0[], ☐35], put: L2[V2, ☐45] -> V0 -> V1 -> L2[L7[], _9_], tr: L7[]
[15:24:35.666192]	Trying ff on 0: L0[], 1: L0[], Ebi: L2[☐10, ☐15], Eib: L2[L7[], ☐25], Eii: L2[L0[], ☐35], put: L2[V2, ☐45] -> V0 -> V1 -> L2[V0, _9_], tr: L7[]
[15:24:35.666352]	Trying ff on 0: L0[], 1: L0[], Ebi: L2[☐10, ☐15], Eib: L2[L7[], ☐25], Eii: L2[L0[], ☐35], put: L2[V2, ☐45] -> V0 -> V1 -> L2[V1, _9_], tr: L7[]
[15:24:35.666557]	Trying ff on 0: L0[], 1: L0[], Ebi: L2[☐10, ☐15], Eib: L2[L7[], ☐25], Eii: L2[L0[], ☐35], put: L2[V2, ☐45] -> V0 -> V1 -> L2[V2, _9_], tr: L7[]
[15:24:35.666746]	Trying ff on 0: L0[], 1: L0[], Ebi: L2[☐10, ☐15], Eib: L2[L7[], ☐25], Eii: L2[L0[], ☐35], put: L2[V2, L0[]] -> V0 -> V1 -> L2[_8_, _9_], tr: L7[]
[15:24:35.667029]	Trying ff on 0: L0[], 1: L0[], Ebi: L2[☐10, ☐15], Eib: L2[L7[], ☐25], Eii: L2[L0[], ☐35], put: L2[V2, L7[]] -> V0 -> V1 -> L2[_8_, _9_], tr: L7[]
[15:24:35.667212]	Trying ff on 0: L0[], 1: L0[], Ebi: L2[☐10, ☐15], Eib: L2[L7[], ☐25], Eii: L2[L0[], ☐35], put: L2[V2, V0] -> V0 -> V1 -> L2[_8_, _9_], tr: L7[]
[15:24:35.667374]	Trying ff on 0: L0[], 1: L0[], Ebi: L2[☐10, ☐15], Eib: L2[L7[], ☐25], Eii: L2[L0[], ☐35], put: L2[V2, V1] -> V0 -> V1 -> L2[_8_, _9_], tr: L7[]
[15:24:35.667526]	Trying ff on 0: L0[], 1: L0[], Ebi: L2[☐10, ☐15], Eib: L2[L7[], ☐25], Eii: L2[L0[], ☐35], put: L2[V2, V2] -> V0 -> V1 -> L2[_8_, _9_], tr: L7[]
[15:24:35.667690]	Trying ff on 0: L0[], 1: L0[], Ebi: L2[☐10, ☐15], Eib: L2[L7[], ☐25], Eii: L2[L0[], ☐35], put: L2[V2, V3] -> V0 -> V1 -> L2[_8_, _9_], tr: L7[]
[15:24:35.667918]	Trying ff on 0: L0[], 1: L0[], Ebi: L2[☐10, ☐15], Eib: L2[L7[], ☐25], Eii: L2[L0[], L0[]], put: L2[V1, _7_] -> V0 -> V1 -> L2[_8_, _9_], tr: L7[]
[15:24:35.668095]	Trying ff on 0: L0[], 1: L0[], Ebi: L2[☐10, ☐15], Eib: L2[L7[], ☐25], Eii: L2[L0[], L0[]], put: L2[V2, _7_] -> V0 -> V1 -> L2[_8_, _9_], tr: L7[]
[15:24:35.668354]	Trying ff on 0: L0[], 1: L0[], Ebi: L2[☐10, ☐15], Eib: L2[L7[], ☐25], Eii: L2[L0[], L7[]], put: L2[V1, _7_] -> V0 -> V1 -> L2[_8_, _9_], tr: L7[]
[15:24:35.668532]	Trying ff on 0: L0[], 1: L0[], Ebi: L2[☐10, ☐15], Eib: L2[L7[], ☐25], Eii: L2[L0[], L7[]], put: L2[V2, _7_] -> V0 -> V1 -> L2[_8_, _9_], tr: L7[]
[15:24:35.669276]	Trying ff on 0: L0[], 1: L0[], Ebi: L2[☐10, ☐15], Eib: L2[L7[], ☐25], Eii: L2[L7[], ☐35], put: L2[L7[], ☐45] -> V0 -> V1 -> L2[L7[], _9_], tr: L7[]
[15:24:35.669606]	Trying ff on 0: L0[], 1: L0[], Ebi: L2[☐10, ☐15], Eib: L2[L7[], ☐25], Eii: L2[L7[], ☐35], put: L2[L7[], L0[]] -> V0 -> V1 -> L2[_8_, _9_], tr: L7[]
[15:24:35.669933]	Trying ff on 0: L0[], 1: L0[], Ebi: L2[☐10, ☐15], Eib: L2[L7[], ☐25], Eii: L2[L7[], ☐35], put: L2[L7[], L7[]] -> V0 -> V1 -> L2[_8_, _9_], tr: L7[]
[15:24:35.670223]	Trying ff on 0: L0[], 1: L0[], Ebi: L2[☐10, ☐15], Eib: L2[L7[], ☐25], Eii: L2[L7[], ☐35], put: L2[L7[], V0] -> V0 -> V1 -> L2[_8_, _9_], tr: L7[]
[15:24:35.670526]	Trying ff on 0: L0[], 1: L0[], Ebi: L2[☐10, ☐15], Eib: L2[L7[], ☐25], Eii: L2[L7[], ☐35], put: L2[L7[], V1] -> V0 -> V1 -> L2[_8_, _9_], tr: L7[]
[15:24:35.670815]	Trying ff on 0: L0[], 1: L0[], Ebi: L2[☐10, ☐15], Eib: L2[L7[], ☐25], Eii: L2[L7[], ☐35], put: L2[L7[], V2] -> V0 -> V1 -> L2[_8_, _9_], tr: L7[]
[15:24:35.671665]	Trying ff on 0: L0[], 1: L0[], Ebi: L2[☐10, ☐15], Eib: L2[L7[], ☐25], Eii: L2[L7[], ☐35], put: L2[V2, ☐45] -> V0 -> V1 -> L2[☐50, L0[]], tr: L7[]
[15:24:35.671944]	Trying ff on 0: L0[], 1: L0[], Ebi: L2[☐10, ☐15], Eib: L2[L7[], ☐25], Eii: L2[L7[], ☐35], put: L2[V2, ☐45] -> V0 -> V1 -> L2[☐50, L7[]], tr: L7[]
[15:24:35.672206]	Trying ff on 0: L0[], 1: L0[], Ebi: L2[☐10, ☐15], Eib: L2[L7[], ☐25], Eii: L2[L7[], ☐35], put: L2[V2, ☐45] -> V0 -> V1 -> L2[☐50, V0], tr: L7[]
[15:24:35.672415]	Trying ff on 0: L0[], 1: L0[], Ebi: L2[☐10, ☐15], Eib: L2[L7[], ☐25], Eii: L2[L7[], ☐35], put: L2[V2, ☐45] -> V0 -> V1 -> L2[☐50, V1], tr: L7[]
[15:24:35.672587]	Trying ff on 0: L0[], 1: L0[], Ebi: L2[☐10, ☐15], Eib: L2[L7[], ☐25], Eii: L2[L7[], ☐35], put: L2[V2, ☐45] -> V0 -> V1 -> L2[☐50, V2], tr: L7[]
[15:24:35.672753]	Trying ff on 0: L0[], 1: L0[], Ebi: L2[☐10, ☐15], Eib: L2[L7[], ☐25], Eii: L2[L7[], ☐35], put: L2[V2, ☐45] -> V0 -> V1 -> L2[L0[], _9_], tr: L7[]
[15:24:35.673032]	Trying ff on 0: L0[], 1: L0[], Ebi: L2[☐10, ☐15], Eib: L2[L7[], ☐25], Eii: L2[L7[], ☐35], put: L2[V2, ☐45] -> V0 -> V1 -> L2[L7[], _9_], tr: L7[]
[15:24:35.673288]	Trying ff on 0: L0[], 1: L0[], Ebi: L2[☐10, ☐15], Eib: L2[L7[], ☐25], Eii: L2[L7[], ☐35], put: L2[V2, ☐45] -> V0 -> V1 -> L2[V0, _9_], tr: L7[]
[15:24:35.673503]	Trying ff on 0: L0[], 1: L0[], Ebi: L2[☐10, ☐15], Eib: L2[L7[], ☐25], Eii: L2[L7[], ☐35], put: L2[V2, ☐45] -> V0 -> V1 -> L2[V1, _9_], tr: L7[]
[15:24:35.673658]	Trying ff on 0: L0[], 1: L0[], Ebi: L2[☐10, ☐15], Eib: L2[L7[], ☐25], Eii: L2[L7[], ☐35], put: L2[V2, ☐45] -> V0 -> V1 -> L2[V2, _9_], tr: L7[]
[15:24:35.673813]	Trying ff on 0: L0[], 1: L0[], Ebi: L2[☐10, ☐15], Eib: L2[L7[], ☐25], Eii: L2[L7[], ☐35], put: L2[V2, L0[]] -> V0 -> V1 -> L2[_8_, _9_], tr: L7[]
[15:24:35.674030]	Trying ff on 0: L0[], 1: L0[], Ebi: L2[☐10, ☐15], Eib: L2[L7[], ☐25], Eii: L2[L7[], ☐35], put: L2[V2, L7[]] -> V0 -> V1 -> L2[_8_, _9_], tr: L7[]
[15:24:35.674211]	Trying ff on 0: L0[], 1: L0[], Ebi: L2[☐10, ☐15], Eib: L2[L7[], ☐25], Eii: L2[L7[], ☐35], put: L2[V2, V0] -> V0 -> V1 -> L2[_8_, _9_], tr: L7[]
[15:24:35.674464]	Trying ff on 0: L0[], 1: L0[], Ebi: L2[☐10, ☐15], Eib: L2[L7[], ☐25], Eii: L2[L7[], ☐35], put: L2[V2, V1] -> V0 -> V1 -> L2[_8_, _9_], tr: L7[]
[15:24:35.674626]	Trying ff on 0: L0[], 1: L0[], Ebi: L2[☐10, ☐15], Eib: L2[L7[], ☐25], Eii: L2[L7[], ☐35], put: L2[V2, V2] -> V0 -> V1 -> L2[_8_, _9_], tr: L7[]
[15:24:35.674803]	Trying ff on 0: L0[], 1: L0[], Ebi: L2[☐10, ☐15], Eib: L2[L7[], ☐25], Eii: L2[L7[], ☐35], put: L2[V2, V3] -> V0 -> V1 -> L2[_8_, _9_], tr: L7[]
[15:24:35.675082]	Trying ff on 0: L0[], 1: L0[], Ebi: L2[☐10, ☐15], Eib: L2[L7[], ☐25], Eii: L2[L7[], L0[]], put: L2[L7[], _7_] -> V0 -> V1 -> L2[_8_, _9_], tr: L7[]
[15:24:35.675389]	Trying ff on 0: L0[], 1: L0[], Ebi: L2[☐10, ☐15], Eib: L2[L7[], ☐25], Eii: L2[L7[], L0[]], put: L2[V2, _7_] -> V0 -> V1 -> L2[_8_, _9_], tr: L7[]
[15:24:35.675623]	Trying ff on 0: L0[], 1: L0[], Ebi: L2[☐10, ☐15], Eib: L2[L7[], ☐25], Eii: L2[L7[], L7[]], put: L2[L7[], _7_] -> V0 -> V1 -> L2[_8_, _9_], tr: L7[]
[15:24:35.675843]	Trying ff on 0: L0[], 1: L0[], Ebi: L2[☐10, ☐15], Eib: L2[L7[], ☐25], Eii: L2[L7[], L7[]], put: L2[V2, _7_] -> V0 -> V1 -> L2[_8_, _9_], tr: L7[]
[15:24:35.676334]	Trying ff on 0: L0[], 1: L0[], Ebi: L2[☐10, ☐15], Eib: L2[L7[], L0[]], Eii: L2[☐30, ☐35], put: L2[L7[], L0[]] -> V0 -> V1 -> L2[_8_, _9_], tr: L7[]
[15:24:35.676618]	Trying ff on 0: L0[], 1: L0[], Ebi: L2[☐10, ☐15], Eib: L2[L7[], L0[]], Eii: L2[☐30, ☐35], put: L2[L7[], V0] -> V0 -> V1 -> L2[_8_, _9_], tr: L7[]
[15:24:35.676987]	Trying ff on 0: L0[], 1: L0[], Ebi: L2[☐10, ☐15], Eib: L2[L7[], L0[]], Eii: L2[☐30, ☐35], put: L2[L7[], V2] -> V0 -> V1 -> L2[_8_, _9_], tr: L7[]
[15:24:35.677282]	Trying ff on 0: L0[], 1: L0[], Ebi: L2[☐10, ☐15], Eib: L2[L7[], L0[]], Eii: L2[☐30, ☐35], put: L2[V1, L0[]] -> V0 -> V1 -> L2[_8_, _9_], tr: L7[]
[15:24:35.677477]	Trying ff on 0: L0[], 1: L0[], Ebi: L2[☐10, ☐15], Eib: L2[L7[], L0[]], Eii: L2[☐30, ☐35], put: L2[V1, V0] -> V0 -> V1 -> L2[_8_, _9_], tr: L7[]
[15:24:35.677670]	Trying ff on 0: L0[], 1: L0[], Ebi: L2[☐10, ☐15], Eib: L2[L7[], L0[]], Eii: L2[☐30, ☐35], put: L2[V1, V2] -> V0 -> V1 -> L2[_8_, _9_], tr: L7[]
[15:24:35.677940]	Trying ff on 0: L0[], 1: L0[], Ebi: L2[☐10, ☐15], Eib: L2[L7[], L0[]], Eii: L2[☐30, ☐35], put: L2[V2, L0[]] -> V0 -> V1 -> L2[_8_, _9_], tr: L7[]
[15:24:35.678109]	Trying ff on 0: L0[], 1: L0[], Ebi: L2[☐10, ☐15], Eib: L2[L7[], L0[]], Eii: L2[☐30, ☐35], put: L2[V2, V0] -> V0 -> V1 -> L2[_8_, _9_], tr: L7[]
[15:24:35.678303]	Trying ff on 0: L0[], 1: L0[], Ebi: L2[☐10, ☐15], Eib: L2[L7[], L0[]], Eii: L2[☐30, ☐35], put: L2[V2, V3] -> V0 -> V1 -> L2[_8_, _9_], tr: L7[]
[15:24:35.678498]	Trying ff on 0: L0[], 1: L0[], Ebi: L2[☐10, ☐15], Eib: L2[L7[], L0[]], Eii: L2[☐30, L0[]], put: L2[L7[], _7_] -> V0 -> V1 -> L2[_8_, _9_], tr: L7[]
[15:24:35.678758]	Trying ff on 0: L0[], 1: L0[], Ebi: L2[☐10, ☐15], Eib: L2[L7[], L0[]], Eii: L2[☐30, L0[]], put: L2[V1, _7_] -> V0 -> V1 -> L2[_8_, _9_], tr: L7[]
[15:24:35.678948]	Trying ff on 0: L0[], 1: L0[], Ebi: L2[☐10, ☐15], Eib: L2[L7[], L0[]], Eii: L2[☐30, L0[]], put: L2[V2, _7_] -> V0 -> V1 -> L2[_8_, _9_], tr: L7[]
[15:24:35.679183]	Trying ff on 0: L0[], 1: L0[], Ebi: L2[☐10, ☐15], Eib: L2[L7[], L0[]], Eii: L2[☐30, L7[]], put: L2[L7[], _7_] -> V0 -> V1 -> L2[_8_, _9_], tr: L7[]
[15:24:35.679373]	Trying ff on 0: L0[], 1: L0[], Ebi: L2[☐10, ☐15], Eib: L2[L7[], L0[]], Eii: L2[☐30, L7[]], put: L2[V1, _7_] -> V0 -> V1 -> L2[_8_, _9_], tr: L7[]
[15:24:35.679546]	Trying ff on 0: L0[], 1: L0[], Ebi: L2[☐10, ☐15], Eib: L2[L7[], L0[]], Eii: L2[☐30, L7[]], put: L2[V2, _7_] -> V0 -> V1 -> L2[_8_, _9_], tr: L7[]
[15:24:35.679860]	Trying ff on 0: L0[], 1: L0[], Ebi: L2[☐10, ☐15], Eib: L2[L7[], L0[]], Eii: L2[L0[], ☐35], put: L2[V1, _7_] -> V0 -> V1 -> L2[_8_, _9_], tr: L7[]
[15:24:35.680037]	Trying ff on 0: L0[], 1: L0[], Ebi: L2[☐10, ☐15], Eib: L2[L7[], L0[]], Eii: L2[L0[], ☐35], put: L2[V2, _7_] -> V0 -> V1 -> L2[_8_, _9_], tr: L7[]
[15:24:35.680191]	Trying ff on 0: L0[], 1: L0[], Ebi: L2[☐10, ☐15], Eib: L2[L7[], L0[]], Eii: L2[L0[], L0[]], put: L2[_6_, _7_] -> V0 -> V1 -> L2[_8_, _9_], tr: L7[]
[15:24:35.680408]	Trying ff on 0: L0[], 1: L0[], Ebi: L2[☐10, ☐15], Eib: L2[L7[], L0[]], Eii: L2[L0[], L7[]], put: L2[_6_, _7_] -> V0 -> V1 -> L2[_8_, _9_], tr: L7[]
[15:24:35.680813]	Trying ff on 0: L0[], 1: L0[], Ebi: L2[☐10, ☐15], Eib: L2[L7[], L0[]], Eii: L2[L7[], ☐35], put: L2[L7[], _7_] -> V0 -> V1 -> L2[_8_, _9_], tr: L7[]
[15:24:35.681172]	Trying ff on 0: L0[], 1: L0[], Ebi: L2[☐10, ☐15], Eib: L2[L7[], L0[]], Eii: L2[L7[], ☐35], put: L2[V2, _7_] -> V0 -> V1 -> L2[_8_, _9_], tr: L7[]
[15:24:35.681344]	Trying ff on 0: L0[], 1: L0[], Ebi: L2[☐10, ☐15], Eib: L2[L7[], L0[]], Eii: L2[L7[], L0[]], put: L2[_6_, _7_] -> V0 -> V1 -> L2[_8_, _9_], tr: L7[]
[15:24:35.681507]	Trying ff on 0: L0[], 1: L0[], Ebi: L2[☐10, ☐15], Eib: L2[L7[], L0[]], Eii: L2[L7[], L7[]], put: L2[_6_, _7_] -> V0 -> V1 -> L2[_8_, _9_], tr: L7[]
[15:24:35.682035]	Trying ff on 0: L0[], 1: L0[], Ebi: L2[☐10, ☐15], Eib: L2[L7[], L7[]], Eii: L2[☐30, ☐35], put: L2[L7[], L7[]] -> V0 -> V1 -> L2[_8_, _9_], tr: L7[]
[15:24:35.682359]	Trying ff on 0: L0[], 1: L0[], Ebi: L2[☐10, ☐15], Eib: L2[L7[], L7[]], Eii: L2[☐30, ☐35], put: L2[L7[], V1] -> V0 -> V1 -> L2[_8_, _9_], tr: L7[]
[15:24:35.682580]	Trying ff on 0: L0[], 1: L0[], Ebi: L2[☐10, ☐15], Eib: L2[L7[], L7[]], Eii: L2[☐30, ☐35], put: L2[L7[], V2] -> V0 -> V1 -> L2[_8_, _9_], tr: L7[]
[15:24:35.682869]	Trying ff on 0: L0[], 1: L0[], Ebi: L2[☐10, ☐15], Eib: L2[L7[], L7[]], Eii: L2[☐30, ☐35], put: L2[V1, L7[]] -> V0 -> V1 -> L2[_8_, _9_], tr: L7[]
[15:24:35.683092]	Trying ff on 0: L0[], 1: L0[], Ebi: L2[☐10, ☐15], Eib: L2[L7[], L7[]], Eii: L2[☐30, ☐35], put: L2[V1, V1] -> V0 -> V1 -> L2[_8_, _9_], tr: L7[]
[15:24:35.683320]	Trying ff on 0: L0[], 1: L0[], Ebi: L2[☐10, ☐15], Eib: L2[L7[], L7[]], Eii: L2[☐30, ☐35], put: L2[V1, V2] -> V0 -> V1 -> L2[_8_, _9_], tr: L7[]
[15:24:35.683718]	Trying ff on 0: L0[], 1: L0[], Ebi: L2[☐10, ☐15], Eib: L2[L7[], L7[]], Eii: L2[☐30, ☐35], put: L2[V2, L7[]] -> V0 -> V1 -> L2[_8_, _9_], tr: L7[]
[15:24:35.683980]	Trying ff on 0: L0[], 1: L0[], Ebi: L2[☐10, ☐15], Eib: L2[L7[], L7[]], Eii: L2[☐30, ☐35], put: L2[V2, V1] -> V0 -> V1 -> L2[_8_, _9_], tr: L7[]
[15:24:35.684241]	Trying ff on 0: L0[], 1: L0[], Ebi: L2[☐10, ☐15], Eib: L2[L7[], L7[]], Eii: L2[☐30, ☐35], put: L2[V2, V2] -> V0 -> V1 -> L2[_8_, _9_], tr: L7[]
[15:24:35.684466]	Trying ff on 0: L0[], 1: L0[], Ebi: L2[☐10, ☐15], Eib: L2[L7[], L7[]], Eii: L2[☐30, ☐35], put: L2[V2, V3] -> V0 -> V1 -> L2[_8_, _9_], tr: L7[]
[15:24:35.684728]	Trying ff on 0: L0[], 1: L0[], Ebi: L2[☐10, ☐15], Eib: L2[L7[], L7[]], Eii: L2[☐30, L0[]], put: L2[L7[], _7_] -> V0 -> V1 -> L2[_8_, _9_], tr: L7[]
[15:24:35.684954]	Trying ff on 0: L0[], 1: L0[], Ebi: L2[☐10, ☐15], Eib: L2[L7[], L7[]], Eii: L2[☐30, L0[]], put: L2[V1, _7_] -> V0 -> V1 -> L2[_8_, _9_], tr: L7[]
[15:24:35.685167]	Trying ff on 0: L0[], 1: L0[], Ebi: L2[☐10, ☐15], Eib: L2[L7[], L7[]], Eii: L2[☐30, L0[]], put: L2[V2, _7_] -> V0 -> V1 -> L2[_8_, _9_], tr: L7[]
[15:24:35.685443]	Trying ff on 0: L0[], 1: L0[], Ebi: L2[☐10, ☐15], Eib: L2[L7[], L7[]], Eii: L2[☐30, L7[]], put: L2[L7[], _7_] -> V0 -> V1 -> L2[_8_, _9_], tr: L7[]
[15:24:35.685678]	Trying ff on 0: L0[], 1: L0[], Ebi: L2[☐10, ☐15], Eib: L2[L7[], L7[]], Eii: L2[☐30, L7[]], put: L2[V1, _7_] -> V0 -> V1 -> L2[_8_, _9_], tr: L7[]
[15:24:35.685851]	Trying ff on 0: L0[], 1: L0[], Ebi: L2[☐10, ☐15], Eib: L2[L7[], L7[]], Eii: L2[☐30, L7[]], put: L2[V2, _7_] -> V0 -> V1 -> L2[_8_, _9_], tr: L7[]
[15:24:35.686159]	Trying ff on 0: L0[], 1: L0[], Ebi: L2[☐10, ☐15], Eib: L2[L7[], L7[]], Eii: L2[L0[], ☐35], put: L2[V1, _7_] -> V0 -> V1 -> L2[_8_, _9_], tr: L7[]
[15:24:35.686326]	Trying ff on 0: L0[], 1: L0[], Ebi: L2[☐10, ☐15], Eib: L2[L7[], L7[]], Eii: L2[L0[], ☐35], put: L2[V2, _7_] -> V0 -> V1 -> L2[_8_, _9_], tr: L7[]
[15:24:35.686485]	Trying ff on 0: L0[], 1: L0[], Ebi: L2[☐10, ☐15], Eib: L2[L7[], L7[]], Eii: L2[L0[], L0[]], put: L2[_6_, _7_] -> V0 -> V1 -> L2[_8_, _9_], tr: L7[]
[15:24:35.686652]	Trying ff on 0: L0[], 1: L0[], Ebi: L2[☐10, ☐15], Eib: L2[L7[], L7[]], Eii: L2[L0[], L7[]], put: L2[_6_, _7_] -> V0 -> V1 -> L2[_8_, _9_], tr: L7[]
[15:24:35.686962]	Trying ff on 0: L0[], 1: L0[], Ebi: L2[☐10, ☐15], Eib: L2[L7[], L7[]], Eii: L2[L7[], ☐35], put: L2[L7[], _7_] -> V0 -> V1 -> L2[_8_, _9_], tr: L7[]
[15:24:35.687193]	Trying ff on 0: L0[], 1: L0[], Ebi: L2[☐10, ☐15], Eib: L2[L7[], L7[]], Eii: L2[L7[], ☐35], put: L2[V2, _7_] -> V0 -> V1 -> L2[_8_, _9_], tr: L7[]
[15:24:35.687339]	Trying ff on 0: L0[], 1: L0[], Ebi: L2[☐10, ☐15], Eib: L2[L7[], L7[]], Eii: L2[L7[], L0[]], put: L2[_6_, _7_] -> V0 -> V1 -> L2[_8_, _9_], tr: L7[]
[15:24:35.687507]	Trying ff on 0: L0[], 1: L0[], Ebi: L2[☐10, ☐15], Eib: L2[L7[], L7[]], Eii: L2[L7[], L7[]], put: L2[_6_, _7_] -> V0 -> V1 -> L2[_8_, _9_], tr: L7[]
[15:24:35.688599]	Trying ff on 0: L0[], 1: L0[], Ebi: L2[☐10, L0[]], Eib: L2[☐20, ☐25], Eii: L2[☐30, ☐35], put: L2[☐40, L0[]] -> V0 -> V1 -> L2[L0[], L0[]], tr: L7[]
[15:24:35.688942]	Trying ff on 0: L0[], 1: L0[], Ebi: L2[☐10, L0[]], Eib: L2[☐20, ☐25], Eii: L2[☐30, ☐35], put: L2[☐40, L0[]] -> V0 -> V1 -> L2[L7[], L0[]], tr: L7[]
[15:24:35.689352]	Trying ff on 0: L0[], 1: L0[], Ebi: L2[☐10, L0[]], Eib: L2[☐20, ☐25], Eii: L2[☐30, ☐35], put: L2[☐40, L0[]] -> V0 -> V1 -> L2[V0, L0[]], tr: L7[]
[15:24:35.689655]	Trying ff on 0: L0[], 1: L0[], Ebi: L2[☐10, L0[]], Eib: L2[☐20, ☐25], Eii: L2[☐30, ☐35], put: L2[☐40, L0[]] -> V0 -> V1 -> L2[V1, L0[]], tr: L7[]
[15:24:35.690264]	Trying ff on 0: L0[], 1: L0[], Ebi: L2[☐10, L0[]], Eib: L2[☐20, ☐25], Eii: L2[☐30, ☐35], put: L2[☐40, V1] -> V0 -> V1 -> L2[L0[], V1], tr: L7[]
[15:24:35.690587]	Trying ff on 0: L0[], 1: L0[], Ebi: L2[☐10, L0[]], Eib: L2[☐20, ☐25], Eii: L2[☐30, ☐35], put: L2[☐40, V1] -> V0 -> V1 -> L2[L7[], V1], tr: L7[]
[15:24:35.690982]	Trying ff on 0: L0[], 1: L0[], Ebi: L2[☐10, L0[]], Eib: L2[☐20, ☐25], Eii: L2[☐30, ☐35], put: L2[☐40, V1] -> V0 -> V1 -> L2[V0, V1], tr: L7[]
[15:24:35.691267]	Trying ff on 0: L0[], 1: L0[], Ebi: L2[☐10, L0[]], Eib: L2[☐20, ☐25], Eii: L2[☐30, ☐35], put: L2[☐40, V1] -> V0 -> V1 -> L2[V1, V1], tr: L7[]
[15:24:35.692803]	Trying ff on 0: L0[], 1: L0[], Ebi: L2[☐10, L0[]], Eib: L2[☐20, ☐25], Eii: L2[☐30, ☐35], put: L2[☐40, V2] -> V0 -> V1 -> L2[L0[], L0[]], tr: L7[]
[15:24:35.693069]	Trying ff on 0: L0[], 1: L0[], Ebi: L2[☐10, L0[]], Eib: L2[☐20, ☐25], Eii: L2[☐30, ☐35], put: L2[☐40, V2] -> V0 -> V1 -> L2[L0[], L7[]], tr: L7[]
[15:24:35.693302]	Trying ff on 0: L0[], 1: L0[], Ebi: L2[☐10, L0[]], Eib: L2[☐20, ☐25], Eii: L2[☐30, ☐35], put: L2[☐40, V2] -> V0 -> V1 -> L2[L0[], V0], tr: L7[]
[15:24:35.693528]	Trying ff on 0: L0[], 1: L0[], Ebi: L2[☐10, L0[]], Eib: L2[☐20, ☐25], Eii: L2[☐30, ☐35], put: L2[☐40, V2] -> V0 -> V1 -> L2[L0[], V1], tr: L7[]
[15:24:35.693739]	Trying ff on 0: L0[], 1: L0[], Ebi: L2[☐10, L0[]], Eib: L2[☐20, ☐25], Eii: L2[☐30, ☐35], put: L2[☐40, V2] -> V0 -> V1 -> L2[L0[], V2], tr: L7[]
[15:24:35.694208]	Trying ff on 0: L0[], 1: L0[], Ebi: L2[☐10, L0[]], Eib: L2[☐20, ☐25], Eii: L2[☐30, ☐35], put: L2[☐40, V2] -> V0 -> V1 -> L2[L7[], L0[]], tr: L7[]
[15:24:35.694432]	Trying ff on 0: L0[], 1: L0[], Ebi: L2[☐10, L0[]], Eib: L2[☐20, ☐25], Eii: L2[☐30, ☐35], put: L2[☐40, V2] -> V0 -> V1 -> L2[L7[], L7[]], tr: L7[]
[15:24:35.694666]	Trying ff on 0: L0[], 1: L0[], Ebi: L2[☐10, L0[]], Eib: L2[☐20, ☐25], Eii: L2[☐30, ☐35], put: L2[☐40, V2] -> V0 -> V1 -> L2[L7[], V0], tr: L7[]
[15:24:35.694874]	Trying ff on 0: L0[], 1: L0[], Ebi: L2[☐10, L0[]], Eib: L2[☐20, ☐25], Eii: L2[☐30, ☐35], put: L2[☐40, V2] -> V0 -> V1 -> L2[L7[], V1], tr: L7[]
[15:24:35.695191]	Trying ff on 0: L0[], 1: L0[], Ebi: L2[☐10, L0[]], Eib: L2[☐20, ☐25], Eii: L2[☐30, ☐35], put: L2[☐40, V2] -> V0 -> V1 -> L2[L7[], V2], tr: L7[]
[15:24:35.695620]	Trying ff on 0: L0[], 1: L0[], Ebi: L2[☐10, L0[]], Eib: L2[☐20, ☐25], Eii: L2[☐30, ☐35], put: L2[☐40, V2] -> V0 -> V1 -> L2[V0, L0[]], tr: L7[]
[15:24:35.695796]	Trying ff on 0: L0[], 1: L0[], Ebi: L2[☐10, L0[]], Eib: L2[☐20, ☐25], Eii: L2[☐30, ☐35], put: L2[☐40, V2] -> V0 -> V1 -> L2[V0, L7[]], tr: L7[]
[15:24:35.695950]	Trying ff on 0: L0[], 1: L0[], Ebi: L2[☐10, L0[]], Eib: L2[☐20, ☐25], Eii: L2[☐30, ☐35], put: L2[☐40, V2] -> V0 -> V1 -> L2[V0, V0], tr: L7[]
[15:24:35.696111]	Trying ff on 0: L0[], 1: L0[], Ebi: L2[☐10, L0[]], Eib: L2[☐20, ☐25], Eii: L2[☐30, ☐35], put: L2[☐40, V2] -> V0 -> V1 -> L2[V0, V1], tr: L7[]
[15:24:35.696266]	Trying ff on 0: L0[], 1: L0[], Ebi: L2[☐10, L0[]], Eib: L2[☐20, ☐25], Eii: L2[☐30, ☐35], put: L2[☐40, V2] -> V0 -> V1 -> L2[V0, V2], tr: L7[]
[15:24:35.696855]	Trying ff on 0: L0[], 1: L0[], Ebi: L2[☐10, L0[]], Eib: L2[☐20, ☐25], Eii: L2[☐30, ☐35], put: L2[☐40, V2] -> V0 -> V1 -> L2[V1, L0[]], tr: L7[]
[15:24:35.697089]	Trying ff on 0: L0[], 1: L0[], Ebi: L2[☐10, L0[]], Eib: L2[☐20, ☐25], Eii: L2[☐30, ☐35], put: L2[☐40, V2] -> V0 -> V1 -> L2[V1, L7[]], tr: L7[]
[15:24:35.697256]	Trying ff on 0: L0[], 1: L0[], Ebi: L2[☐10, L0[]], Eib: L2[☐20, ☐25], Eii: L2[☐30, ☐35], put: L2[☐40, V2] -> V0 -> V1 -> L2[V1, V0], tr: L7[]
[15:24:35.697458]	Trying ff on 0: L0[], 1: L0[], Ebi: L2[☐10, L0[]], Eib: L2[☐20, ☐25], Eii: L2[☐30, ☐35], put: L2[☐40, V2] -> V0 -> V1 -> L2[V1, V1], tr: L7[]
[15:24:35.697624]	Trying ff on 0: L0[], 1: L0[], Ebi: L2[☐10, L0[]], Eib: L2[☐20, ☐25], Eii: L2[☐30, ☐35], put: L2[☐40, V2] -> V0 -> V1 -> L2[V1, V2], tr: L7[]
[15:24:35.697979]	Trying ff on 0: L0[], 1: L0[], Ebi: L2[☐10, L0[]], Eib: L2[☐20, ☐25], Eii: L2[☐30, ☐35], put: L2[☐40, V2] -> V0 -> V1 -> L2[V2, L0[]], tr: L7[]
[15:24:35.698150]	Trying ff on 0: L0[], 1: L0[], Ebi: L2[☐10, L0[]], Eib: L2[☐20, ☐25], Eii: L2[☐30, ☐35], put: L2[☐40, V2] -> V0 -> V1 -> L2[V2, L7[]], tr: L7[]
[15:24:35.698424]	Trying ff on 0: L0[], 1: L0[], Ebi: L2[☐10, L0[]], Eib: L2[☐20, ☐25], Eii: L2[☐30, ☐35], put: L2[☐40, V2] -> V0 -> V1 -> L2[V2, V0], tr: L7[]
[15:24:35.698641]	Trying ff on 0: L0[], 1: L0[], Ebi: L2[☐10, L0[]], Eib: L2[☐20, ☐25], Eii: L2[☐30, ☐35], put: L2[☐40, V2] -> V0 -> V1 -> L2[V2, V1], tr: L7[]
[15:24:35.698902]	Trying ff on 0: L0[], 1: L0[], Ebi: L2[☐10, L0[]], Eib: L2[☐20, ☐25], Eii: L2[☐30, ☐35], put: L2[☐40, V2] -> V0 -> V1 -> L2[V2, V2], tr: L7[]
[15:24:35.699342]	Trying ff on 0: L0[], 1: L0[], Ebi: L2[☐10, L0[]], Eib: L2[☐20, ☐25], Eii: L2[☐30, ☐35], put: L2[L0[], L0[]] -> V0 -> V1 -> L2[L0[], _9_], tr: L7[]
[15:24:35.699816]	Trying ff on 0: L0[], 1: L0[], Ebi: L2[☐10, L0[]], Eib: L2[☐20, ☐25], Eii: L2[☐30, ☐35], put: L2[L0[], V1] -> V0 -> V1 -> L2[L0[], _9_], tr: L7[]
[15:24:35.700055]	Trying ff on 0: L0[], 1: L0[], Ebi: L2[☐10, L0[]], Eib: L2[☐20, ☐25], Eii: L2[☐30, ☐35], put: L2[L0[], V1] -> V0 -> V1 -> L2[V1, _9_], tr: L7[]
[15:24:35.700332]	Trying ff on 0: L0[], 1: L0[], Ebi: L2[☐10, L0[]], Eib: L2[☐20, ☐25], Eii: L2[☐30, ☐35], put: L2[L0[], V2] -> V0 -> V1 -> L2[L0[], _9_], tr: L7[]
[15:24:35.700548]	Trying ff on 0: L0[], 1: L0[], Ebi: L2[☐10, L0[]], Eib: L2[☐20, ☐25], Eii: L2[☐30, ☐35], put: L2[L0[], V2] -> V0 -> V1 -> L2[V2, _9_], tr: L7[]
[15:24:35.701194]	Trying ff on 0: L0[], 1: L0[], Ebi: L2[☐10, L0[]], Eib: L2[☐20, ☐25], Eii: L2[☐30, ☐35], put: L2[L7[], L0[]] -> V0 -> V1 -> L2[L7[], _9_], tr: L7[]
[15:24:35.701831]	Trying ff on 0: L0[], 1: L0[], Ebi: L2[☐10, L0[]], Eib: L2[☐20, ☐25], Eii: L2[☐30, ☐35], put: L2[L7[], V1] -> V0 -> V1 -> L2[L7[], _9_], tr: L7[]
[15:24:35.702205]	Trying ff on 0: L0[], 1: L0[], Ebi: L2[☐10, L0[]], Eib: L2[☐20, ☐25], Eii: L2[☐30, ☐35], put: L2[L7[], V2] -> V0 -> V1 -> L2[L7[], _9_], tr: L7[]
[15:24:35.702857]	Trying ff on 0: L0[], 1: L0[], Ebi: L2[☐10, L0[]], Eib: L2[☐20, ☐25], Eii: L2[☐30, ☐35], put: L2[V0, L0[]] -> V0 -> V1 -> L2[V0, _9_], tr: L7[]
[15:24:35.703286]	Trying ff on 0: L0[], 1: L0[], Ebi: L2[☐10, L0[]], Eib: L2[☐20, ☐25], Eii: L2[☐30, ☐35], put: L2[V0, V0] -> V0 -> V1 -> L2[V0, _9_], tr: L7[]
[15:24:35.703595]	Trying ff on 0: L0[], 1: L0[], Ebi: L2[☐10, L0[]], Eib: L2[☐20, ☐25], Eii: L2[☐30, ☐35], put: L2[V0, V1] -> V0 -> V1 -> L2[V0, _9_], tr: L7[]
[15:24:35.704092]	Trying ff on 0: L0[], 1: L0[], Ebi: L2[☐10, L0[]], Eib: L2[☐20, ☐25], Eii: L2[☐30, ☐35], put: L2[V0, V2] -> V0 -> V1 -> L2[V0, _9_], tr: L7[]
[15:24:35.704578]	Trying ff on 0: L0[], 1: L0[], Ebi: L2[☐10, L0[]], Eib: L2[☐20, ☐25], Eii: L2[☐30, ☐35], put: L2[V1, L0[]] -> V0 -> V1 -> L2[V1, _9_], tr: L7[]
[15:24:35.705112]	Trying ff on 0: L0[], 1: L0[], Ebi: L2[☐10, L0[]], Eib: L2[☐20, ☐25], Eii: L2[☐30, ☐35], put: L2[V1, V1] -> V0 -> V1 -> L2[V1, _9_], tr: L7[]
[15:24:35.705444]	Trying ff on 0: L0[], 1: L0[], Ebi: L2[☐10, L0[]], Eib: L2[☐20, ☐25], Eii: L2[☐30, ☐35], put: L2[V1, V2] -> V0 -> V1 -> L2[V1, _9_], tr: L7[]
[15:24:35.705708]	Trying ff on 0: L0[], 1: L0[], Ebi: L2[☐10, L0[]], Eib: L2[☐20, ☐25], Eii: L2[☐30, ☐35], put: L2[V1, V2] -> V0 -> V1 -> L2[V2, _9_], tr: L7[]
[15:24:35.706443]	Trying ff on 0: L0[], 1: L0[], Ebi: L2[☐10, L0[]], Eib: L2[☐20, ☐25], Eii: L2[☐30, ☐35], put: L2[V2, L0[]] -> V0 -> V1 -> L2[☐50, L0[]], tr: L7[]
[15:24:35.706772]	Trying ff on 0: L0[], 1: L0[], Ebi: L2[☐10, L0[]], Eib: L2[☐20, ☐25], Eii: L2[☐30, ☐35], put: L2[V2, L0[]] -> V0 -> V1 -> L2[☐50, V2], tr: L7[]
[15:24:35.707102]	Trying ff on 0: L0[], 1: L0[], Ebi: L2[☐10, L0[]], Eib: L2[☐20, ☐25], Eii: L2[☐30, ☐35], put: L2[V2, L0[]] -> V0 -> V1 -> L2[L0[], _9_], tr: L7[]
[15:24:35.707277]	Trying ff on 0: L0[], 1: L0[], Ebi: L2[☐10, L0[]], Eib: L2[☐20, ☐25], Eii: L2[☐30, ☐35], put: L2[V2, L0[]] -> V0 -> V1 -> L2[L7[], _9_], tr: L7[]
[15:24:35.707459]	Trying ff on 0: L0[], 1: L0[], Ebi: L2[☐10, L0[]], Eib: L2[☐20, ☐25], Eii: L2[☐30, ☐35], put: L2[V2, L0[]] -> V0 -> V1 -> L2[V0, _9_], tr: L7[]
[15:24:35.707659]	Trying ff on 0: L0[], 1: L0[], Ebi: L2[☐10, L0[]], Eib: L2[☐20, ☐25], Eii: L2[☐30, ☐35], put: L2[V2, L0[]] -> V0 -> V1 -> L2[V1, _9_], tr: L7[]
[15:24:35.707831]	Trying ff on 0: L0[], 1: L0[], Ebi: L2[☐10, L0[]], Eib: L2[☐20, ☐25], Eii: L2[☐30, ☐35], put: L2[V2, L0[]] -> V0 -> V1 -> L2[V2, _9_], tr: L7[]
[15:24:35.708552]	Trying ff on 0: L0[], 1: L0[], Ebi: L2[☐10, L0[]], Eib: L2[☐20, ☐25], Eii: L2[☐30, ☐35], put: L2[V2, V1] -> V0 -> V1 -> L2[☐50, V1], tr: L7[]
[15:24:35.708866]	Trying ff on 0: L0[], 1: L0[], Ebi: L2[☐10, L0[]], Eib: L2[☐20, ☐25], Eii: L2[☐30, ☐35], put: L2[V2, V1] -> V0 -> V1 -> L2[☐50, V2], tr: L7[]
[15:24:35.709387]	Trying ff on 0: L0[], 1: L0[], Ebi: L2[☐10, L0[]], Eib: L2[☐20, ☐25], Eii: L2[☐30, ☐35], put: L2[V2, V1] -> V0 -> V1 -> L2[L0[], _9_], tr: L7[]
[15:24:35.709611]	Trying ff on 0: L0[], 1: L0[], Ebi: L2[☐10, L0[]], Eib: L2[☐20, ☐25], Eii: L2[☐30, ☐35], put: L2[V2, V1] -> V0 -> V1 -> L2[L7[], _9_], tr: L7[]
[15:24:35.709979]	Trying ff on 0: L0[], 1: L0[], Ebi: L2[☐10, L0[]], Eib: L2[☐20, ☐25], Eii: L2[☐30, ☐35], put: L2[V2, V1] -> V0 -> V1 -> L2[V0, _9_], tr: L7[]
[15:24:35.710256]	Trying ff on 0: L0[], 1: L0[], Ebi: L2[☐10, L0[]], Eib: L2[☐20, ☐25], Eii: L2[☐30, ☐35], put: L2[V2, V1] -> V0 -> V1 -> L2[V1, _9_], tr: L7[]
[15:24:35.710467]	Trying ff on 0: L0[], 1: L0[], Ebi: L2[☐10, L0[]], Eib: L2[☐20, ☐25], Eii: L2[☐30, ☐35], put: L2[V2, V1] -> V0 -> V1 -> L2[V2, _9_], tr: L7[]
[15:24:35.711127]	Trying ff on 0: L0[], 1: L0[], Ebi: L2[☐10, L0[]], Eib: L2[☐20, ☐25], Eii: L2[☐30, ☐35], put: L2[V2, V2] -> V0 -> V1 -> L2[☐50, L0[]], tr: L7[]
[15:24:35.711401]	Trying ff on 0: L0[], 1: L0[], Ebi: L2[☐10, L0[]], Eib: L2[☐20, ☐25], Eii: L2[☐30, ☐35], put: L2[V2, V2] -> V0 -> V1 -> L2[☐50, L7[]], tr: L7[]
[15:24:35.711657]	Trying ff on 0: L0[], 1: L0[], Ebi: L2[☐10, L0[]], Eib: L2[☐20, ☐25], Eii: L2[☐30, ☐35], put: L2[V2, V2] -> V0 -> V1 -> L2[☐50, V0], tr: L7[]
[15:24:35.711923]	Trying ff on 0: L0[], 1: L0[], Ebi: L2[☐10, L0[]], Eib: L2[☐20, ☐25], Eii: L2[☐30, ☐35], put: L2[V2, V2] -> V0 -> V1 -> L2[☐50, V1], tr: L7[]
[15:24:35.712161]	Trying ff on 0: L0[], 1: L0[], Ebi: L2[☐10, L0[]], Eib: L2[☐20, ☐25], Eii: L2[☐30, ☐35], put: L2[V2, V2] -> V0 -> V1 -> L2[☐50, V2], tr: L7[]
[15:24:35.712414]	Trying ff on 0: L0[], 1: L0[], Ebi: L2[☐10, L0[]], Eib: L2[☐20, ☐25], Eii: L2[☐30, ☐35], put: L2[V2, V2] -> V0 -> V1 -> L2[L0[], _9_], tr: L7[]
[15:24:35.712670]	Trying ff on 0: L0[], 1: L0[], Ebi: L2[☐10, L0[]], Eib: L2[☐20, ☐25], Eii: L2[☐30, ☐35], put: L2[V2, V2] -> V0 -> V1 -> L2[L7[], _9_], tr: L7[]
[15:24:35.712925]	Trying ff on 0: L0[], 1: L0[], Ebi: L2[☐10, L0[]], Eib: L2[☐20, ☐25], Eii: L2[☐30, ☐35], put: L2[V2, V2] -> V0 -> V1 -> L2[V0, _9_], tr: L7[]
[15:24:35.713213]	Trying ff on 0: L0[], 1: L0[], Ebi: L2[☐10, L0[]], Eib: L2[☐20, ☐25], Eii: L2[☐30, ☐35], put: L2[V2, V2] -> V0 -> V1 -> L2[V1, _9_], tr: L7[]
[15:24:35.713437]	Trying ff on 0: L0[], 1: L0[], Ebi: L2[☐10, L0[]], Eib: L2[☐20, ☐25], Eii: L2[☐30, ☐35], put: L2[V2, V2] -> V0 -> V1 -> L2[V2, _9_], tr: L7[]
[15:24:35.714219]	Trying ff on 0: L0[], 1: L0[], Ebi: L2[☐10, L0[]], Eib: L2[☐20, ☐25], Eii: L2[☐30, ☐35], put: L2[V2, V3] -> V0 -> V1 -> L2[☐50, L0[]], tr: L7[]
[15:24:35.714474]	Trying ff on 0: L0[], 1: L0[], Ebi: L2[☐10, L0[]], Eib: L2[☐20, ☐25], Eii: L2[☐30, ☐35], put: L2[V2, V3] -> V0 -> V1 -> L2[☐50, L7[]], tr: L7[]
[15:24:35.714759]	Trying ff on 0: L0[], 1: L0[], Ebi: L2[☐10, L0[]], Eib: L2[☐20, ☐25], Eii: L2[☐30, ☐35], put: L2[V2, V3] -> V0 -> V1 -> L2[☐50, V0], tr: L7[]
[15:24:35.715017]	Trying ff on 0: L0[], 1: L0[], Ebi: L2[☐10, L0[]], Eib: L2[☐20, ☐25], Eii: L2[☐30, ☐35], put: L2[V2, V3] -> V0 -> V1 -> L2[☐50, V1], tr: L7[]
[15:24:35.715254]	Trying ff on 0: L0[], 1: L0[], Ebi: L2[☐10, L0[]], Eib: L2[☐20, ☐25], Eii: L2[☐30, ☐35], put: L2[V2, V3] -> V0 -> V1 -> L2[☐50, V2], tr: L7[]
[15:24:35.715522]	Trying ff on 0: L0[], 1: L0[], Ebi: L2[☐10, L0[]], Eib: L2[☐20, ☐25], Eii: L2[☐30, ☐35], put: L2[V2, V3] -> V0 -> V1 -> L2[☐50, V3], tr: L7[]
[15:24:35.715736]	Trying ff on 0: L0[], 1: L0[], Ebi: L2[☐10, L0[]], Eib: L2[☐20, ☐25], Eii: L2[☐30, ☐35], put: L2[V2, V3] -> V0 -> V1 -> L2[L0[], _9_], tr: L7[]
[15:24:35.715978]	Trying ff on 0: L0[], 1: L0[], Ebi: L2[☐10, L0[]], Eib: L2[☐20, ☐25], Eii: L2[☐30, ☐35], put: L2[V2, V3] -> V0 -> V1 -> L2[L7[], _9_], tr: L7[]
[15:24:35.716246]	Trying ff on 0: L0[], 1: L0[], Ebi: L2[☐10, L0[]], Eib: L2[☐20, ☐25], Eii: L2[☐30, ☐35], put: L2[V2, V3] -> V0 -> V1 -> L2[V0, _9_], tr: L7[]
[15:24:35.716528]	Trying ff on 0: L0[], 1: L0[], Ebi: L2[☐10, L0[]], Eib: L2[☐20, ☐25], Eii: L2[☐30, ☐35], put: L2[V2, V3] -> V0 -> V1 -> L2[V1, _9_], tr: L7[]
[15:24:35.716969]	Trying ff on 0: L0[], 1: L0[], Ebi: L2[☐10, L0[]], Eib: L2[☐20, ☐25], Eii: L2[☐30, ☐35], put: L2[V2, V3] -> V0 -> V1 -> L2[V2, _9_], tr: L7[]
[15:24:35.717314]	Trying ff on 0: L0[], 1: L0[], Ebi: L2[☐10, L0[]], Eib: L2[☐20, ☐25], Eii: L2[☐30, ☐35], put: L2[V2, V3] -> V0 -> V1 -> L2[V3, _9_], tr: L7[]
[15:24:35.718065]	Trying ff on 0: L0[], 1: L0[], Ebi: L2[☐10, L0[]], Eib: L2[☐20, ☐25], Eii: L2[☐30, L0[]], put: L2[☐40, L0[]] -> V0 -> V1 -> L2[☐50, L0[]], tr: L7[]
[15:24:35.718401]	Trying ff on 0: L0[], 1: L0[], Ebi: L2[☐10, L0[]], Eib: L2[☐20, ☐25], Eii: L2[☐30, L0[]], put: L2[☐40, L0[]] -> V0 -> V1 -> L2[L0[], _9_], tr: L7[]
[15:24:35.718711]	Trying ff on 0: L0[], 1: L0[], Ebi: L2[☐10, L0[]], Eib: L2[☐20, ☐25], Eii: L2[☐30, L0[]], put: L2[☐40, L0[]] -> V0 -> V1 -> L2[L7[], _9_], tr: L7[]
[15:24:35.718959]	Trying ff on 0: L0[], 1: L0[], Ebi: L2[☐10, L0[]], Eib: L2[☐20, ☐25], Eii: L2[☐30, L0[]], put: L2[☐40, L0[]] -> V0 -> V1 -> L2[V0, _9_], tr: L7[]
[15:24:35.720588]	Trying ff on 0: L0[], 1: L0[], Ebi: L2[☐10, L0[]], Eib: L2[☐20, ☐25], Eii: L2[☐30, L0[]], put: L2[☐40, L0[]] -> V0 -> V1 -> L2[V1, _9_], tr: L7[]
[15:24:35.721380]	Trying ff on 0: L0[], 1: L0[], Ebi: L2[☐10, L0[]], Eib: L2[☐20, ☐25], Eii: L2[☐30, L0[]], put: L2[☐40, V1] -> V0 -> V1 -> L2[☐50, V1], tr: L7[]
[15:24:35.721652]	Trying ff on 0: L0[], 1: L0[], Ebi: L2[☐10, L0[]], Eib: L2[☐20, ☐25], Eii: L2[☐30, L0[]], put: L2[☐40, V1] -> V0 -> V1 -> L2[L0[], _9_], tr: L7[]
[15:24:35.721904]	Trying ff on 0: L0[], 1: L0[], Ebi: L2[☐10, L0[]], Eib: L2[☐20, ☐25], Eii: L2[☐30, L0[]], put: L2[☐40, V1] -> V0 -> V1 -> L2[L7[], _9_], tr: L7[]
[15:24:35.722202]	Trying ff on 0: L0[], 1: L0[], Ebi: L2[☐10, L0[]], Eib: L2[☐20, ☐25], Eii: L2[☐30, L0[]], put: L2[☐40, V1] -> V0 -> V1 -> L2[V0, _9_], tr: L7[]
[15:24:35.722447]	Trying ff on 0: L0[], 1: L0[], Ebi: L2[☐10, L0[]], Eib: L2[☐20, ☐25], Eii: L2[☐30, L0[]], put: L2[☐40, V1] -> V0 -> V1 -> L2[V1, _9_], tr: L7[]
[15:24:35.723209]	Trying ff on 0: L0[], 1: L0[], Ebi: L2[☐10, L0[]], Eib: L2[☐20, ☐25], Eii: L2[☐30, L0[]], put: L2[☐40, V2] -> V0 -> V1 -> L2[☐50, L0[]], tr: L7[]
[15:24:35.723471]	Trying ff on 0: L0[], 1: L0[], Ebi: L2[☐10, L0[]], Eib: L2[☐20, ☐25], Eii: L2[☐30, L0[]], put: L2[☐40, V2] -> V0 -> V1 -> L2[☐50, L7[]], tr: L7[]
[15:24:35.723701]	Trying ff on 0: L0[], 1: L0[], Ebi: L2[☐10, L0[]], Eib: L2[☐20, ☐25], Eii: L2[☐30, L0[]], put: L2[☐40, V2] -> V0 -> V1 -> L2[☐50, V0], tr: L7[]
[15:24:35.723928]	Trying ff on 0: L0[], 1: L0[], Ebi: L2[☐10, L0[]], Eib: L2[☐20, ☐25], Eii: L2[☐30, L0[]], put: L2[☐40, V2] -> V0 -> V1 -> L2[☐50, V1], tr: L7[]
[15:24:35.724173]	Trying ff on 0: L0[], 1: L0[], Ebi: L2[☐10, L0[]], Eib: L2[☐20, ☐25], Eii: L2[☐30, L0[]], put: L2[☐40, V2] -> V0 -> V1 -> L2[☐50, V2], tr: L7[]
[15:24:35.724418]	Trying ff on 0: L0[], 1: L0[], Ebi: L2[☐10, L0[]], Eib: L2[☐20, ☐25], Eii: L2[☐30, L0[]], put: L2[☐40, V2] -> V0 -> V1 -> L2[L0[], _9_], tr: L7[]
[15:24:35.724756]	Trying ff on 0: L0[], 1: L0[], Ebi: L2[☐10, L0[]], Eib: L2[☐20, ☐25], Eii: L2[☐30, L0[]], put: L2[☐40, V2] -> V0 -> V1 -> L2[L7[], _9_], tr: L7[]
[15:24:35.725008]	Trying ff on 0: L0[], 1: L0[], Ebi: L2[☐10, L0[]], Eib: L2[☐20, ☐25], Eii: L2[☐30, L0[]], put: L2[☐40, V2] -> V0 -> V1 -> L2[V0, _9_], tr: L7[]
[15:24:35.725257]	Trying ff on 0: L0[], 1: L0[], Ebi: L2[☐10, L0[]], Eib: L2[☐20, ☐25], Eii: L2[☐30, L0[]], put: L2[☐40, V2] -> V0 -> V1 -> L2[V1, _9_], tr: L7[]
[15:24:35.725429]	Trying ff on 0: L0[], 1: L0[], Ebi: L2[☐10, L0[]], Eib: L2[☐20, ☐25], Eii: L2[☐30, L0[]], put: L2[☐40, V2] -> V0 -> V1 -> L2[V2, _9_], tr: L7[]
[15:24:35.725667]	Trying ff on 0: L0[], 1: L0[], Ebi: L2[☐10, L0[]], Eib: L2[☐20, ☐25], Eii: L2[☐30, L0[]], put: L2[L0[], L0[]] -> V0 -> V1 -> L2[_8_, _9_], tr: L7[]
[15:24:35.726081]	Trying ff on 0: L0[], 1: L0[], Ebi: L2[☐10, L0[]], Eib: L2[☐20, ☐25], Eii: L2[☐30, L0[]], put: L2[L0[], V1] -> V0 -> V1 -> L2[_8_, _9_], tr: L7[]
[15:24:35.726389]	Trying ff on 0: L0[], 1: L0[], Ebi: L2[☐10, L0[]], Eib: L2[☐20, ☐25], Eii: L2[☐30, L0[]], put: L2[L0[], V2] -> V0 -> V1 -> L2[_8_, _9_], tr: L7[]
[15:24:35.726795]	Trying ff on 0: L0[], 1: L0[], Ebi: L2[☐10, L0[]], Eib: L2[☐20, ☐25], Eii: L2[☐30, L0[]], put: L2[L7[], L0[]] -> V0 -> V1 -> L2[_8_, _9_], tr: L7[]
[15:24:35.727183]	Trying ff on 0: L0[], 1: L0[], Ebi: L2[☐10, L0[]], Eib: L2[☐20, ☐25], Eii: L2[☐30, L0[]], put: L2[L7[], V1] -> V0 -> V1 -> L2[_8_, _9_], tr: L7[]
[15:24:35.727466]	Trying ff on 0: L0[], 1: L0[], Ebi: L2[☐10, L0[]], Eib: L2[☐20, ☐25], Eii: L2[☐30, L0[]], put: L2[L7[], V2] -> V0 -> V1 -> L2[_8_, _9_], tr: L7[]
[15:24:35.727940]	Trying ff on 0: L0[], 1: L0[], Ebi: L2[☐10, L0[]], Eib: L2[☐20, ☐25], Eii: L2[☐30, L0[]], put: L2[V0, L0[]] -> V0 -> V1 -> L2[_8_, _9_], tr: L7[]
[15:24:35.728494]	Trying ff on 0: L0[], 1: L0[], Ebi: L2[☐10, L0[]], Eib: L2[☐20, ☐25], Eii: L2[☐30, L0[]], put: L2[V0, V0] -> V0 -> V1 -> L2[_8_, _9_], tr: L7[]
[15:24:35.728809]	Trying ff on 0: L0[], 1: L0[], Ebi: L2[☐10, L0[]], Eib: L2[☐20, ☐25], Eii: L2[☐30, L0[]], put: L2[V0, V1] -> V0 -> V1 -> L2[_8_, _9_], tr: L7[]
[15:24:35.729139]	Trying ff on 0: L0[], 1: L0[], Ebi: L2[☐10, L0[]], Eib: L2[☐20, ☐25], Eii: L2[☐30, L0[]], put: L2[V0, V2] -> V0 -> V1 -> L2[_8_, _9_], tr: L7[]
[15:24:35.729596]	Trying ff on 0: L0[], 1: L0[], Ebi: L2[☐10, L0[]], Eib: L2[☐20, ☐25], Eii: L2[☐30, L0[]], put: L2[V1, L0[]] -> V0 -> V1 -> L2[_8_, _9_], tr: L7[]
[15:24:35.729973]	Trying ff on 0: L0[], 1: L0[], Ebi: L2[☐10, L0[]], Eib: L2[☐20, ☐25], Eii: L2[☐30, L0[]], put: L2[V1, V1] -> V0 -> V1 -> L2[_8_, _9_], tr: L7[]
[15:24:35.730258]	Trying ff on 0: L0[], 1: L0[], Ebi: L2[☐10, L0[]], Eib: L2[☐20, ☐25], Eii: L2[☐30, L0[]], put: L2[V1, V2] -> V0 -> V1 -> L2[_8_, _9_], tr: L7[]
[15:24:35.730759]	Trying ff on 0: L0[], 1: L0[], Ebi: L2[☐10, L0[]], Eib: L2[☐20, ☐25], Eii: L2[☐30, L0[]], put: L2[V2, L0[]] -> V0 -> V1 -> L2[_8_, _9_], tr: L7[]
[15:24:35.731144]	Trying ff on 0: L0[], 1: L0[], Ebi: L2[☐10, L0[]], Eib: L2[☐20, ☐25], Eii: L2[☐30, L0[]], put: L2[V2, V1] -> V0 -> V1 -> L2[_8_, _9_], tr: L7[]
[15:24:35.731387]	Trying ff on 0: L0[], 1: L0[], Ebi: L2[☐10, L0[]], Eib: L2[☐20, ☐25], Eii: L2[☐30, L0[]], put: L2[V2, V2] -> V0 -> V1 -> L2[_8_, _9_], tr: L7[]
[15:24:35.731668]	Trying ff on 0: L0[], 1: L0[], Ebi: L2[☐10, L0[]], Eib: L2[☐20, ☐25], Eii: L2[☐30, L0[]], put: L2[V2, V3] -> V0 -> V1 -> L2[_8_, _9_], tr: L7[]
[15:24:35.732821]	Trying ff on 0: L0[], 1: L0[], Ebi: L2[☐10, L0[]], Eib: L2[☐20, ☐25], Eii: L2[☐30, L7[]], put: L2[☐40, V2] -> V0 -> V1 -> L2[☐50, L0[]], tr: L7[]
[15:24:35.733081]	Trying ff on 0: L0[], 1: L0[], Ebi: L2[☐10, L0[]], Eib: L2[☐20, ☐25], Eii: L2[☐30, L7[]], put: L2[☐40, V2] -> V0 -> V1 -> L2[☐50, L7[]], tr: L7[]
[15:24:35.733373]	Trying ff on 0: L0[], 1: L0[], Ebi: L2[☐10, L0[]], Eib: L2[☐20, ☐25], Eii: L2[☐30, L7[]], put: L2[☐40, V2] -> V0 -> V1 -> L2[☐50, V0], tr: L7[]
[15:24:35.733646]	Trying ff on 0: L0[], 1: L0[], Ebi: L2[☐10, L0[]], Eib: L2[☐20, ☐25], Eii: L2[☐30, L7[]], put: L2[☐40, V2] -> V0 -> V1 -> L2[☐50, V1], tr: L7[]
[15:24:35.733829]	Trying ff on 0: L0[], 1: L0[], Ebi: L2[☐10, L0[]], Eib: L2[☐20, ☐25], Eii: L2[☐30, L7[]], put: L2[☐40, V2] -> V0 -> V1 -> L2[☐50, V2], tr: L7[]
[15:24:35.733967]	Trying ff on 0: L0[], 1: L0[], Ebi: L2[☐10, L0[]], Eib: L2[☐20, ☐25], Eii: L2[☐30, L7[]], put: L2[☐40, V2] -> V0 -> V1 -> L2[L0[], _9_], tr: L7[]
[15:24:35.734126]	Trying ff on 0: L0[], 1: L0[], Ebi: L2[☐10, L0[]], Eib: L2[☐20, ☐25], Eii: L2[☐30, L7[]], put: L2[☐40, V2] -> V0 -> V1 -> L2[L7[], _9_], tr: L7[]
[15:24:35.734315]	Trying ff on 0: L0[], 1: L0[], Ebi: L2[☐10, L0[]], Eib: L2[☐20, ☐25], Eii: L2[☐30, L7[]], put: L2[☐40, V2] -> V0 -> V1 -> L2[V0, _9_], tr: L7[]
[15:24:35.734463]	Trying ff on 0: L0[], 1: L0[], Ebi: L2[☐10, L0[]], Eib: L2[☐20, ☐25], Eii: L2[☐30, L7[]], put: L2[☐40, V2] -> V0 -> V1 -> L2[V1, _9_], tr: L7[]
[15:24:35.734614]	Trying ff on 0: L0[], 1: L0[], Ebi: L2[☐10, L0[]], Eib: L2[☐20, ☐25], Eii: L2[☐30, L7[]], put: L2[☐40, V2] -> V0 -> V1 -> L2[V2, _9_], tr: L7[]
[15:24:35.735125]	Trying ff on 0: L0[], 1: L0[], Ebi: L2[☐10, L0[]], Eib: L2[☐20, ☐25], Eii: L2[☐30, L7[]], put: L2[L0[], V2] -> V0 -> V1 -> L2[_8_, _9_], tr: L7[]
[15:24:35.735751]	Trying ff on 0: L0[], 1: L0[], Ebi: L2[☐10, L0[]], Eib: L2[☐20, ☐25], Eii: L2[☐30, L7[]], put: L2[L7[], V2] -> V0 -> V1 -> L2[_8_, _9_], tr: L7[]
[15:24:35.736120]	Trying ff on 0: L0[], 1: L0[], Ebi: L2[☐10, L0[]], Eib: L2[☐20, ☐25], Eii: L2[☐30, L7[]], put: L2[V0, V0] -> V0 -> V1 -> L2[_8_, _9_], tr: L7[]
[15:24:35.736397]	Trying ff on 0: L0[], 1: L0[], Ebi: L2[☐10, L0[]], Eib: L2[☐20, ☐25], Eii: L2[☐30, L7[]], put: L2[V0, V2] -> V0 -> V1 -> L2[_8_, _9_], tr: L7[]
[15:24:35.736718]	Trying ff on 0: L0[], 1: L0[], Ebi: L2[☐10, L0[]], Eib: L2[☐20, ☐25], Eii: L2[☐30, L7[]], put: L2[V1, V1] -> V0 -> V1 -> L2[_8_, _9_], tr: L7[]
[15:24:35.736920]	Trying ff on 0: L0[], 1: L0[], Ebi: L2[☐10, L0[]], Eib: L2[☐20, ☐25], Eii: L2[☐30, L7[]], put: L2[V1, V2] -> V0 -> V1 -> L2[_8_, _9_], tr: L7[]
[15:24:35.737306]	Trying ff on 0: L0[], 1: L0[], Ebi: L2[☐10, L0[]], Eib: L2[☐20, ☐25], Eii: L2[☐30, L7[]], put: L2[V2, V2] -> V0 -> V1 -> L2[_8_, _9_], tr: L7[]
[15:24:35.737565]	Trying ff on 0: L0[], 1: L0[], Ebi: L2[☐10, L0[]], Eib: L2[☐20, ☐25], Eii: L2[☐30, L7[]], put: L2[V2, V3] -> V0 -> V1 -> L2[_8_, _9_], tr: L7[]
[15:24:35.738110]	Trying ff on 0: L0[], 1: L0[], Ebi: L2[☐10, L0[]], Eib: L2[☐20, ☐25], Eii: L2[L0[], ☐35], put: L2[L0[], L0[]] -> V0 -> V1 -> L2[_8_, _9_], tr: L7[]
[15:24:35.738484]	Trying ff on 0: L0[], 1: L0[], Ebi: L2[☐10, L0[]], Eib: L2[☐20, ☐25], Eii: L2[L0[], ☐35], put: L2[L0[], V1] -> V0 -> V1 -> L2[_8_, _9_], tr: L7[]
[15:24:35.738794]	Trying ff on 0: L0[], 1: L0[], Ebi: L2[☐10, L0[]], Eib: L2[☐20, ☐25], Eii: L2[L0[], ☐35], put: L2[L0[], V2] -> V0 -> V1 -> L2[_8_, _9_], tr: L7[]
[15:24:35.739214]	Trying ff on 0: L0[], 1: L0[], Ebi: L2[☐10, L0[]], Eib: L2[☐20, ☐25], Eii: L2[L0[], ☐35], put: L2[V0, L0[]] -> V0 -> V1 -> L2[_8_, _9_], tr: L7[]
[15:24:35.739788]	Trying ff on 0: L0[], 1: L0[], Ebi: L2[☐10, L0[]], Eib: L2[☐20, ☐25], Eii: L2[L0[], ☐35], put: L2[V0, V0] -> V0 -> V1 -> L2[_8_, _9_], tr: L7[]
[15:24:35.740079]	Trying ff on 0: L0[], 1: L0[], Ebi: L2[☐10, L0[]], Eib: L2[☐20, ☐25], Eii: L2[L0[], ☐35], put: L2[V0, V1] -> V0 -> V1 -> L2[_8_, _9_], tr: L7[]
[15:24:35.740425]	Trying ff on 0: L0[], 1: L0[], Ebi: L2[☐10, L0[]], Eib: L2[☐20, ☐25], Eii: L2[L0[], ☐35], put: L2[V0, V2] -> V0 -> V1 -> L2[_8_, _9_], tr: L7[]
[15:24:35.740921]	Trying ff on 0: L0[], 1: L0[], Ebi: L2[☐10, L0[]], Eib: L2[☐20, ☐25], Eii: L2[L0[], ☐35], put: L2[V1, L0[]] -> V0 -> V1 -> L2[_8_, _9_], tr: L7[]
[15:24:35.741293]	Trying ff on 0: L0[], 1: L0[], Ebi: L2[☐10, L0[]], Eib: L2[☐20, ☐25], Eii: L2[L0[], ☐35], put: L2[V1, V1] -> V0 -> V1 -> L2[_8_, _9_], tr: L7[]
[15:24:35.741569]	Trying ff on 0: L0[], 1: L0[], Ebi: L2[☐10, L0[]], Eib: L2[☐20, ☐25], Eii: L2[L0[], ☐35], put: L2[V1, V2] -> V0 -> V1 -> L2[_8_, _9_], tr: L7[]
[15:24:35.742]	Trying ff on 0: L0[], 1: L0[], Ebi: L2[☐10, L0[]], Eib: L2[☐20, ☐25], Eii: L2[L0[], ☐35], put: L2[V2, L0[]] -> V0 -> V1 -> L2[_8_, _9_], tr: L7[]
[15:24:35.742336]	Trying ff on 0: L0[], 1: L0[], Ebi: L2[☐10, L0[]], Eib: L2[☐20, ☐25], Eii: L2[L0[], ☐35], put: L2[V2, V1] -> V0 -> V1 -> L2[_8_, _9_], tr: L7[]
[15:24:35.742615]	Trying ff on 0: L0[], 1: L0[], Ebi: L2[☐10, L0[]], Eib: L2[☐20, ☐25], Eii: L2[L0[], ☐35], put: L2[V2, V2] -> V0 -> V1 -> L2[_8_, _9_], tr: L7[]
[15:24:35.742893]	Trying ff on 0: L0[], 1: L0[], Ebi: L2[☐10, L0[]], Eib: L2[☐20, ☐25], Eii: L2[L0[], ☐35], put: L2[V2, V3] -> V0 -> V1 -> L2[_8_, _9_], tr: L7[]
[15:24:35.743258]	Trying ff on 0: L0[], 1: L0[], Ebi: L2[☐10, L0[]], Eib: L2[☐20, ☐25], Eii: L2[L0[], L0[]], put: L2[L0[], _7_] -> V0 -> V1 -> L2[_8_, _9_], tr: L7[]
[15:24:35.743547]	Trying ff on 0: L0[], 1: L0[], Ebi: L2[☐10, L0[]], Eib: L2[☐20, ☐25], Eii: L2[L0[], L0[]], put: L2[V0, _7_] -> V0 -> V1 -> L2[_8_, _9_], tr: L7[]
[15:24:35.743795]	Trying ff on 0: L0[], 1: L0[], Ebi: L2[☐10, L0[]], Eib: L2[☐20, ☐25], Eii: L2[L0[], L0[]], put: L2[V1, _7_] -> V0 -> V1 -> L2[_8_, _9_], tr: L7[]
[15:24:35.744058]	Trying ff on 0: L0[], 1: L0[], Ebi: L2[☐10, L0[]], Eib: L2[☐20, ☐25], Eii: L2[L0[], L0[]], put: L2[V2, _7_] -> V0 -> V1 -> L2[_8_, _9_], tr: L7[]
[15:24:35.744396]	Trying ff on 0: L0[], 1: L0[], Ebi: L2[☐10, L0[]], Eib: L2[☐20, ☐25], Eii: L2[L0[], L7[]], put: L2[L0[], _7_] -> V0 -> V1 -> L2[_8_, _9_], tr: L7[]
[15:24:35.744626]	Trying ff on 0: L0[], 1: L0[], Ebi: L2[☐10, L0[]], Eib: L2[☐20, ☐25], Eii: L2[L0[], L7[]], put: L2[V0, _7_] -> V0 -> V1 -> L2[_8_, _9_], tr: L7[]
[15:24:35.744861]	Trying ff on 0: L0[], 1: L0[], Ebi: L2[☐10, L0[]], Eib: L2[☐20, ☐25], Eii: L2[L0[], L7[]], put: L2[V1, _7_] -> V0 -> V1 -> L2[_8_, _9_], tr: L7[]
[15:24:35.745102]	Trying ff on 0: L0[], 1: L0[], Ebi: L2[☐10, L0[]], Eib: L2[☐20, ☐25], Eii: L2[L0[], L7[]], put: L2[V2, _7_] -> V0 -> V1 -> L2[_8_, _9_], tr: L7[]
[15:24:35.745708]	Trying ff on 0: L0[], 1: L0[], Ebi: L2[☐10, L0[]], Eib: L2[☐20, ☐25], Eii: L2[L7[], ☐35], put: L2[L7[], L0[]] -> V0 -> V1 -> L2[_8_, _9_], tr: L7[]
[15:24:35.746259]	Trying ff on 0: L0[], 1: L0[], Ebi: L2[☐10, L0[]], Eib: L2[☐20, ☐25], Eii: L2[L7[], ☐35], put: L2[L7[], V1] -> V0 -> V1 -> L2[_8_, _9_], tr: L7[]
[15:24:35.746581]	Trying ff on 0: L0[], 1: L0[], Ebi: L2[☐10, L0[]], Eib: L2[☐20, ☐25], Eii: L2[L7[], ☐35], put: L2[L7[], V2] -> V0 -> V1 -> L2[_8_, _9_], tr: L7[]
[15:24:35.747252]	Trying ff on 0: L0[], 1: L0[], Ebi: L2[☐10, L0[]], Eib: L2[☐20, ☐25], Eii: L2[L7[], ☐35], put: L2[V2, L0[]] -> V0 -> V1 -> L2[_8_, _9_], tr: L7[]
[15:24:35.747594]	Trying ff on 0: L0[], 1: L0[], Ebi: L2[☐10, L0[]], Eib: L2[☐20, ☐25], Eii: L2[L7[], ☐35], put: L2[V2, V1] -> V0 -> V1 -> L2[_8_, _9_], tr: L7[]
[15:24:35.747825]	Trying ff on 0: L0[], 1: L0[], Ebi: L2[☐10, L0[]], Eib: L2[☐20, ☐25], Eii: L2[L7[], ☐35], put: L2[V2, V2] -> V0 -> V1 -> L2[_8_, _9_], tr: L7[]
[15:24:35.748139]	Trying ff on 0: L0[], 1: L0[], Ebi: L2[☐10, L0[]], Eib: L2[☐20, ☐25], Eii: L2[L7[], ☐35], put: L2[V2, V3] -> V0 -> V1 -> L2[_8_, _9_], tr: L7[]
[15:24:35.748467]	Trying ff on 0: L0[], 1: L0[], Ebi: L2[☐10, L0[]], Eib: L2[☐20, ☐25], Eii: L2[L7[], L0[]], put: L2[L7[], _7_] -> V0 -> V1 -> L2[_8_, _9_], tr: L7[]
[15:24:35.748887]	Trying ff on 0: L0[], 1: L0[], Ebi: L2[☐10, L0[]], Eib: L2[☐20, ☐25], Eii: L2[L7[], L0[]], put: L2[V2, _7_] -> V0 -> V1 -> L2[_8_, _9_], tr: L7[]
[15:24:35.749281]	Trying ff on 0: L0[], 1: L0[], Ebi: L2[☐10, L0[]], Eib: L2[☐20, ☐25], Eii: L2[L7[], L7[]], put: L2[L7[], _7_] -> V0 -> V1 -> L2[_8_, _9_], tr: L7[]
[15:24:35.749665]	Trying ff on 0: L0[], 1: L0[], Ebi: L2[☐10, L0[]], Eib: L2[☐20, ☐25], Eii: L2[L7[], L7[]], put: L2[V2, _7_] -> V0 -> V1 -> L2[_8_, _9_], tr: L7[]
[15:24:35.750719]	Trying ff on 0: L0[], 1: L0[], Ebi: L2[☐10, L0[]], Eib: L2[☐20, L0[]], Eii: L2[☐30, ☐35], put: L2[☐40, L0[]] -> V0 -> V1 -> L2[☐50, L0[]], tr: L7[]
[15:24:35.751046]	Trying ff on 0: L0[], 1: L0[], Ebi: L2[☐10, L0[]], Eib: L2[☐20, L0[]], Eii: L2[☐30, ☐35], put: L2[☐40, L0[]] -> V0 -> V1 -> L2[L0[], _9_], tr: L7[]
[15:24:35.751296]	Trying ff on 0: L0[], 1: L0[], Ebi: L2[☐10, L0[]], Eib: L2[☐20, L0[]], Eii: L2[☐30, ☐35], put: L2[☐40, L0[]] -> V0 -> V1 -> L2[L7[], _9_], tr: L7[]
[15:24:35.751540]	Trying ff on 0: L0[], 1: L0[], Ebi: L2[☐10, L0[]], Eib: L2[☐20, L0[]], Eii: L2[☐30, ☐35], put: L2[☐40, L0[]] -> V0 -> V1 -> L2[V0, _9_], tr: L7[]
[15:24:35.751769]	Trying ff on 0: L0[], 1: L0[], Ebi: L2[☐10, L0[]], Eib: L2[☐20, L0[]], Eii: L2[☐30, ☐35], put: L2[☐40, L0[]] -> V0 -> V1 -> L2[V1, _9_], tr: L7[]
[15:24:35.752587]	Trying ff on 0: L0[], 1: L0[], Ebi: L2[☐10, L0[]], Eib: L2[☐20, L0[]], Eii: L2[☐30, ☐35], put: L2[☐40, V2] -> V0 -> V1 -> L2[☐50, L0[]], tr: L7[]
[15:24:35.752809]	Trying ff on 0: L0[], 1: L0[], Ebi: L2[☐10, L0[]], Eib: L2[☐20, L0[]], Eii: L2[☐30, ☐35], put: L2[☐40, V2] -> V0 -> V1 -> L2[☐50, L7[]], tr: L7[]
[15:24:35.753040]	Trying ff on 0: L0[], 1: L0[], Ebi: L2[☐10, L0[]], Eib: L2[☐20, L0[]], Eii: L2[☐30, ☐35], put: L2[☐40, V2] -> V0 -> V1 -> L2[☐50, V0], tr: L7[]
[15:24:35.753268]	Trying ff on 0: L0[], 1: L0[], Ebi: L2[☐10, L0[]], Eib: L2[☐20, L0[]], Eii: L2[☐30, ☐35], put: L2[☐40, V2] -> V0 -> V1 -> L2[☐50, V1], tr: L7[]
[15:24:35.753482]	Trying ff on 0: L0[], 1: L0[], Ebi: L2[☐10, L0[]], Eib: L2[☐20, L0[]], Eii: L2[☐30, ☐35], put: L2[☐40, V2] -> V0 -> V1 -> L2[☐50, V2], tr: L7[]
[15:24:35.753692]	Trying ff on 0: L0[], 1: L0[], Ebi: L2[☐10, L0[]], Eib: L2[☐20, L0[]], Eii: L2[☐30, ☐35], put: L2[☐40, V2] -> V0 -> V1 -> L2[L0[], _9_], tr: L7[]
[15:24:35.753979]	Trying ff on 0: L0[], 1: L0[], Ebi: L2[☐10, L0[]], Eib: L2[☐20, L0[]], Eii: L2[☐30, ☐35], put: L2[☐40, V2] -> V0 -> V1 -> L2[L7[], _9_], tr: L7[]
[15:24:35.754277]	Trying ff on 0: L0[], 1: L0[], Ebi: L2[☐10, L0[]], Eib: L2[☐20, L0[]], Eii: L2[☐30, ☐35], put: L2[☐40, V2] -> V0 -> V1 -> L2[V0, _9_], tr: L7[]
[15:24:35.754497]	Trying ff on 0: L0[], 1: L0[], Ebi: L2[☐10, L0[]], Eib: L2[☐20, L0[]], Eii: L2[☐30, ☐35], put: L2[☐40, V2] -> V0 -> V1 -> L2[V1, _9_], tr: L7[]
[15:24:35.754718]	Trying ff on 0: L0[], 1: L0[], Ebi: L2[☐10, L0[]], Eib: L2[☐20, L0[]], Eii: L2[☐30, ☐35], put: L2[☐40, V2] -> V0 -> V1 -> L2[V2, _9_], tr: L7[]
[15:24:35.755076]	Trying ff on 0: L0[], 1: L0[], Ebi: L2[☐10, L0[]], Eib: L2[☐20, L0[]], Eii: L2[☐30, ☐35], put: L2[L0[], L0[]] -> V0 -> V1 -> L2[_8_, _9_], tr: L7[]
[15:24:35.755641]	Trying ff on 0: L0[], 1: L0[], Ebi: L2[☐10, L0[]], Eib: L2[☐20, L0[]], Eii: L2[☐30, ☐35], put: L2[L0[], V2] -> V0 -> V1 -> L2[_8_, _9_], tr: L7[]
[15:24:35.756081]	Trying ff on 0: L0[], 1: L0[], Ebi: L2[☐10, L0[]], Eib: L2[☐20, L0[]], Eii: L2[☐30, ☐35], put: L2[L7[], L0[]] -> V0 -> V1 -> L2[_8_, _9_], tr: L7[]
[15:24:35.756677]	Trying ff on 0: L0[], 1: L0[], Ebi: L2[☐10, L0[]], Eib: L2[☐20, L0[]], Eii: L2[☐30, ☐35], put: L2[L7[], V2] -> V0 -> V1 -> L2[_8_, _9_], tr: L7[]
[15:24:35.757139]	Trying ff on 0: L0[], 1: L0[], Ebi: L2[☐10, L0[]], Eib: L2[☐20, L0[]], Eii: L2[☐30, ☐35], put: L2[V0, L0[]] -> V0 -> V1 -> L2[_8_, _9_], tr: L7[]
[15:24:35.757655]	Trying ff on 0: L0[], 1: L0[], Ebi: L2[☐10, L0[]], Eib: L2[☐20, L0[]], Eii: L2[☐30, ☐35], put: L2[V0, V0] -> V0 -> V1 -> L2[_8_, _9_], tr: L7[]
[15:24:35.757964]	Trying ff on 0: L0[], 1: L0[], Ebi: L2[☐10, L0[]], Eib: L2[☐20, L0[]], Eii: L2[☐30, ☐35], put: L2[V0, V2] -> V0 -> V1 -> L2[_8_, _9_], tr: L7[]
[15:24:35.758395]	Trying ff on 0: L0[], 1: L0[], Ebi: L2[☐10, L0[]], Eib: L2[☐20, L0[]], Eii: L2[☐30, ☐35], put: L2[V1, L0[]] -> V0 -> V1 -> L2[_8_, _9_], tr: L7[]
[15:24:35.758794]	Trying ff on 0: L0[], 1: L0[], Ebi: L2[☐10, L0[]], Eib: L2[☐20, L0[]], Eii: L2[☐30, ☐35], put: L2[V1, V1] -> V0 -> V1 -> L2[_8_, _9_], tr: L7[]
[15:24:35.759042]	Trying ff on 0: L0[], 1: L0[], Ebi: L2[☐10, L0[]], Eib: L2[☐20, L0[]], Eii: L2[☐30, ☐35], put: L2[V1, V2] -> V0 -> V1 -> L2[_8_, _9_], tr: L7[]
[15:24:35.759486]	Trying ff on 0: L0[], 1: L0[], Ebi: L2[☐10, L0[]], Eib: L2[☐20, L0[]], Eii: L2[☐30, ☐35], put: L2[V2, L0[]] -> V0 -> V1 -> L2[_8_, _9_], tr: L7[]
[15:24:35.759802]	Trying ff on 0: L0[], 1: L0[], Ebi: L2[☐10, L0[]], Eib: L2[☐20, L0[]], Eii: L2[☐30, ☐35], put: L2[V2, V2] -> V0 -> V1 -> L2[_8_, _9_], tr: L7[]
[15:24:35.760096]	Trying ff on 0: L0[], 1: L0[], Ebi: L2[☐10, L0[]], Eib: L2[☐20, L0[]], Eii: L2[☐30, ☐35], put: L2[V2, V3] -> V0 -> V1 -> L2[_8_, _9_], tr: L7[]
[15:24:35.760541]	Trying ff on 0: L0[], 1: L0[], Ebi: L2[☐10, L0[]], Eib: L2[☐20, L0[]], Eii: L2[☐30, L0[]], put: L2[☐40, L0[]] -> V0 -> V1 -> L2[_8_, _9_], tr: L7[]
[15:24:35.760871]	Trying ff on 0: L0[], 1: L0[], Ebi: L2[☐10, L0[]], Eib: L2[☐20, L0[]], Eii: L2[☐30, L0[]], put: L2[☐40, V2] -> V0 -> V1 -> L2[_8_, _9_], tr: L7[]
[15:24:35.761049]	Trying ff on 0: L0[], 1: L0[], Ebi: L2[☐10, L0[]], Eib: L2[☐20, L0[]], Eii: L2[☐30, L0[]], put: L2[L0[], _7_] -> V0 -> V1 -> L2[_8_, _9_], tr: L7[]
[15:24:35.761455]	Trying ff on 0: L0[], 1: L0[], Ebi: L2[☐10, L0[]], Eib: L2[☐20, L0[]], Eii: L2[☐30, L0[]], put: L2[L7[], _7_] -> V0 -> V1 -> L2[_8_, _9_], tr: L7[]
[15:24:35.761816]	Trying ff on 0: L0[], 1: L0[], Ebi: L2[☐10, L0[]], Eib: L2[☐20, L0[]], Eii: L2[☐30, L0[]], put: L2[V0, _7_] -> V0 -> V1 -> L2[_8_, _9_], tr: L7[]
[15:24:35.762169]	Trying ff on 0: L0[], 1: L0[], Ebi: L2[☐10, L0[]], Eib: L2[☐20, L0[]], Eii: L2[☐30, L0[]], put: L2[V1, _7_] -> V0 -> V1 -> L2[_8_, _9_], tr: L7[]
[15:24:35.762573]	Trying ff on 0: L0[], 1: L0[], Ebi: L2[☐10, L0[]], Eib: L2[☐20, L0[]], Eii: L2[☐30, L0[]], put: L2[V2, _7_] -> V0 -> V1 -> L2[_8_, _9_], tr: L7[]
[15:24:35.763190]	Trying ff on 0: L0[], 1: L0[], Ebi: L2[☐10, L0[]], Eib: L2[☐20, L0[]], Eii: L2[☐30, L7[]], put: L2[☐40, V2] -> V0 -> V1 -> L2[_8_, _9_], tr: L7[]
[15:24:35.763375]	Trying ff on 0: L0[], 1: L0[], Ebi: L2[☐10, L0[]], Eib: L2[☐20, L0[]], Eii: L2[☐30, L7[]], put: L2[L0[], _7_] -> V0 -> V1 -> L2[_8_, _9_], tr: L7[]
[15:24:35.763667]	Trying ff on 0: L0[], 1: L0[], Ebi: L2[☐10, L0[]], Eib: L2[☐20, L0[]], Eii: L2[☐30, L7[]], put: L2[L7[], _7_] -> V0 -> V1 -> L2[_8_, _9_], tr: L7[]
[15:24:35.763974]	Trying ff on 0: L0[], 1: L0[], Ebi: L2[☐10, L0[]], Eib: L2[☐20, L0[]], Eii: L2[☐30, L7[]], put: L2[V0, _7_] -> V0 -> V1 -> L2[_8_, _9_], tr: L7[]
[15:24:35.764267]	Trying ff on 0: L0[], 1: L0[], Ebi: L2[☐10, L0[]], Eib: L2[☐20, L0[]], Eii: L2[☐30, L7[]], put: L2[V1, _7_] -> V0 -> V1 -> L2[_8_, _9_], tr: L7[]
[15:24:35.764549]	Trying ff on 0: L0[], 1: L0[], Ebi: L2[☐10, L0[]], Eib: L2[☐20, L0[]], Eii: L2[☐30, L7[]], put: L2[V2, _7_] -> V0 -> V1 -> L2[_8_, _9_], tr: L7[]
[15:24:35.765025]	Trying ff on 0: L0[], 1: L0[], Ebi: L2[☐10, L0[]], Eib: L2[☐20, L0[]], Eii: L2[L0[], ☐35], put: L2[L0[], _7_] -> V0 -> V1 -> L2[_8_, _9_], tr: L7[]
[15:24:35.765273]	Trying ff on 0: L0[], 1: L0[], Ebi: L2[☐10, L0[]], Eib: L2[☐20, L0[]], Eii: L2[L0[], ☐35], put: L2[V0, _7_] -> V0 -> V1 -> L2[_8_, _9_], tr: L7[]
[15:24:35.765507]	Trying ff on 0: L0[], 1: L0[], Ebi: L2[☐10, L0[]], Eib: L2[☐20, L0[]], Eii: L2[L0[], ☐35], put: L2[V1, _7_] -> V0 -> V1 -> L2[_8_, _9_], tr: L7[]
[15:24:35.765743]	Trying ff on 0: L0[], 1: L0[], Ebi: L2[☐10, L0[]], Eib: L2[☐20, L0[]], Eii: L2[L0[], ☐35], put: L2[V2, _7_] -> V0 -> V1 -> L2[_8_, _9_], tr: L7[]
[15:24:35.765923]	Trying ff on 0: L0[], 1: L0[], Ebi: L2[☐10, L0[]], Eib: L2[☐20, L0[]], Eii: L2[L0[], L0[]], put: L2[_6_, _7_] -> V0 -> V1 -> L2[_8_, _9_], tr: L7[]
[15:24:35.766139]	Trying ff on 0: L0[], 1: L0[], Ebi: L2[☐10, L0[]], Eib: L2[☐20, L0[]], Eii: L2[L0[], L7[]], put: L2[_6_, _7_] -> V0 -> V1 -> L2[_8_, _9_], tr: L7[]
[15:24:35.766624]	Trying ff on 0: L0[], 1: L0[], Ebi: L2[☐10, L0[]], Eib: L2[☐20, L0[]], Eii: L2[L7[], ☐35], put: L2[L7[], _7_] -> V0 -> V1 -> L2[_8_, _9_], tr: L7[]
[15:24:35.767066]	Trying ff on 0: L0[], 1: L0[], Ebi: L2[☐10, L0[]], Eib: L2[☐20, L0[]], Eii: L2[L7[], ☐35], put: L2[V2, _7_] -> V0 -> V1 -> L2[_8_, _9_], tr: L7[]
[15:24:35.767258]	Trying ff on 0: L0[], 1: L0[], Ebi: L2[☐10, L0[]], Eib: L2[☐20, L0[]], Eii: L2[L7[], L0[]], put: L2[_6_, _7_] -> V0 -> V1 -> L2[_8_, _9_], tr: L7[]
[15:24:35.767480]	Trying ff on 0: L0[], 1: L0[], Ebi: L2[☐10, L0[]], Eib: L2[☐20, L0[]], Eii: L2[L7[], L7[]], put: L2[_6_, _7_] -> V0 -> V1 -> L2[_8_, _9_], tr: L7[]
[15:24:35.768525]	Trying ff on 0: L0[], 1: L0[], Ebi: L2[☐10, L0[]], Eib: L2[☐20, L7[]], Eii: L2[☐30, ☐35], put: L2[☐40, V1] -> V0 -> V1 -> L2[☐50, V1], tr: L7[]
[15:24:35.768776]	Trying ff on 0: L0[], 1: L0[], Ebi: L2[☐10, L0[]], Eib: L2[☐20, L7[]], Eii: L2[☐30, ☐35], put: L2[☐40, V1] -> V0 -> V1 -> L2[L0[], _9_], tr: L7[]
[15:24:35.769022]	Trying ff on 0: L0[], 1: L0[], Ebi: L2[☐10, L0[]], Eib: L2[☐20, L7[]], Eii: L2[☐30, ☐35], put: L2[☐40, V1] -> V0 -> V1 -> L2[L7[], _9_], tr: L7[]
[15:24:35.769287]	Trying ff on 0: L0[], 1: L0[], Ebi: L2[☐10, L0[]], Eib: L2[☐20, L7[]], Eii: L2[☐30, ☐35], put: L2[☐40, V1] -> V0 -> V1 -> L2[V0, _9_], tr: L7[]
[15:24:35.769521]	Trying ff on 0: L0[], 1: L0[], Ebi: L2[☐10, L0[]], Eib: L2[☐20, L7[]], Eii: L2[☐30, ☐35], put: L2[☐40, V1] -> V0 -> V1 -> L2[V1, _9_], tr: L7[]
[15:24:35.770226]	Trying ff on 0: L0[], 1: L0[], Ebi: L2[☐10, L0[]], Eib: L2[☐20, L7[]], Eii: L2[☐30, ☐35], put: L2[☐40, V2] -> V0 -> V1 -> L2[☐50, L0[]], tr: L7[]
[15:24:35.770466]	Trying ff on 0: L0[], 1: L0[], Ebi: L2[☐10, L0[]], Eib: L2[☐20, L7[]], Eii: L2[☐30, ☐35], put: L2[☐40, V2] -> V0 -> V1 -> L2[☐50, L7[]], tr: L7[]
[15:24:35.770741]	Trying ff on 0: L0[], 1: L0[], Ebi: L2[☐10, L0[]], Eib: L2[☐20, L7[]], Eii: L2[☐30, ☐35], put: L2[☐40, V2] -> V0 -> V1 -> L2[☐50, V0], tr: L7[]
[15:24:35.770979]	Trying ff on 0: L0[], 1: L0[], Ebi: L2[☐10, L0[]], Eib: L2[☐20, L7[]], Eii: L2[☐30, ☐35], put: L2[☐40, V2] -> V0 -> V1 -> L2[☐50, V1], tr: L7[]
[15:24:35.771192]	Trying ff on 0: L0[], 1: L0[], Ebi: L2[☐10, L0[]], Eib: L2[☐20, L7[]], Eii: L2[☐30, ☐35], put: L2[☐40, V2] -> V0 -> V1 -> L2[☐50, V2], tr: L7[]
[15:24:35.771412]	Trying ff on 0: L0[], 1: L0[], Ebi: L2[☐10, L0[]], Eib: L2[☐20, L7[]], Eii: L2[☐30, ☐35], put: L2[☐40, V2] -> V0 -> V1 -> L2[L0[], _9_], tr: L7[]
[15:24:35.771669]	Trying ff on 0: L0[], 1: L0[], Ebi: L2[☐10, L0[]], Eib: L2[☐20, L7[]], Eii: L2[☐30, ☐35], put: L2[☐40, V2] -> V0 -> V1 -> L2[L7[], _9_], tr: L7[]
[15:24:35.771937]	Trying ff on 0: L0[], 1: L0[], Ebi: L2[☐10, L0[]], Eib: L2[☐20, L7[]], Eii: L2[☐30, ☐35], put: L2[☐40, V2] -> V0 -> V1 -> L2[V0, _9_], tr: L7[]
[15:24:35.772176]	Trying ff on 0: L0[], 1: L0[], Ebi: L2[☐10, L0[]], Eib: L2[☐20, L7[]], Eii: L2[☐30, ☐35], put: L2[☐40, V2] -> V0 -> V1 -> L2[V1, _9_], tr: L7[]
[15:24:35.772407]	Trying ff on 0: L0[], 1: L0[], Ebi: L2[☐10, L0[]], Eib: L2[☐20, L7[]], Eii: L2[☐30, ☐35], put: L2[☐40, V2] -> V0 -> V1 -> L2[V2, _9_], tr: L7[]
[15:24:35.772830]	Trying ff on 0: L0[], 1: L0[], Ebi: L2[☐10, L0[]], Eib: L2[☐20, L7[]], Eii: L2[☐30, ☐35], put: L2[L0[], V1] -> V0 -> V1 -> L2[_8_, _9_], tr: L7[]
[15:24:35.773209]	Trying ff on 0: L0[], 1: L0[], Ebi: L2[☐10, L0[]], Eib: L2[☐20, L7[]], Eii: L2[☐30, ☐35], put: L2[L0[], V2] -> V0 -> V1 -> L2[_8_, _9_], tr: L7[]
[15:24:35.773678]	Trying ff on 0: L0[], 1: L0[], Ebi: L2[☐10, L0[]], Eib: L2[☐20, L7[]], Eii: L2[☐30, ☐35], put: L2[L7[], V1] -> V0 -> V1 -> L2[_8_, _9_], tr: L7[]
[15:24:35.774031]	Trying ff on 0: L0[], 1: L0[], Ebi: L2[☐10, L0[]], Eib: L2[☐20, L7[]], Eii: L2[☐30, ☐35], put: L2[L7[], V2] -> V0 -> V1 -> L2[_8_, _9_], tr: L7[]
[15:24:35.774480]	Trying ff on 0: L0[], 1: L0[], Ebi: L2[☐10, L0[]], Eib: L2[☐20, L7[]], Eii: L2[☐30, ☐35], put: L2[V0, V0] -> V0 -> V1 -> L2[_8_, _9_], tr: L7[]
[15:24:35.774815]	Trying ff on 0: L0[], 1: L0[], Ebi: L2[☐10, L0[]], Eib: L2[☐20, L7[]], Eii: L2[☐30, ☐35], put: L2[V0, V1] -> V0 -> V1 -> L2[_8_, _9_], tr: L7[]
[15:24:35.775214]	Trying ff on 0: L0[], 1: L0[], Ebi: L2[☐10, L0[]], Eib: L2[☐20, L7[]], Eii: L2[☐30, ☐35], put: L2[V0, V2] -> V0 -> V1 -> L2[_8_, _9_], tr: L7[]
[15:24:35.775625]	Trying ff on 0: L0[], 1: L0[], Ebi: L2[☐10, L0[]], Eib: L2[☐20, L7[]], Eii: L2[☐30, ☐35], put: L2[V1, V1] -> V0 -> V1 -> L2[_8_, _9_], tr: L7[]
[15:24:35.775923]	Trying ff on 0: L0[], 1: L0[], Ebi: L2[☐10, L0[]], Eib: L2[☐20, L7[]], Eii: L2[☐30, ☐35], put: L2[V1, V2] -> V0 -> V1 -> L2[_8_, _9_], tr: L7[]
[15:24:35.776299]	Trying ff on 0: L0[], 1: L0[], Ebi: L2[☐10, L0[]], Eib: L2[☐20, L7[]], Eii: L2[☐30, ☐35], put: L2[V2, V1] -> V0 -> V1 -> L2[_8_, _9_], tr: L7[]
[15:24:35.776497]	Trying ff on 0: L0[], 1: L0[], Ebi: L2[☐10, L0[]], Eib: L2[☐20, L7[]], Eii: L2[☐30, ☐35], put: L2[V2, V2] -> V0 -> V1 -> L2[_8_, _9_], tr: L7[]
[15:24:35.776749]	Trying ff on 0: L0[], 1: L0[], Ebi: L2[☐10, L0[]], Eib: L2[☐20, L7[]], Eii: L2[☐30, ☐35], put: L2[V2, V3] -> V0 -> V1 -> L2[_8_, _9_], tr: L7[]
[15:24:35.777280]	Trying ff on 0: L0[], 1: L0[], Ebi: L2[☐10, L0[]], Eib: L2[☐20, L7[]], Eii: L2[☐30, L0[]], put: L2[☐40, V1] -> V0 -> V1 -> L2[_8_, _9_], tr: L7[]
[15:24:35.777695]	Trying ff on 0: L0[], 1: L0[], Ebi: L2[☐10, L0[]], Eib: L2[☐20, L7[]], Eii: L2[☐30, L0[]], put: L2[☐40, V2] -> V0 -> V1 -> L2[_8_, _9_], tr: L7[]
[15:24:35.777955]	Trying ff on 0: L0[], 1: L0[], Ebi: L2[☐10, L0[]], Eib: L2[☐20, L7[]], Eii: L2[☐30, L0[]], put: L2[L0[], _7_] -> V0 -> V1 -> L2[_8_, _9_], tr: L7[]
[15:24:35.778357]	Trying ff on 0: L0[], 1: L0[], Ebi: L2[☐10, L0[]], Eib: L2[☐20, L7[]], Eii: L2[☐30, L0[]], put: L2[L7[], _7_] -> V0 -> V1 -> L2[_8_, _9_], tr: L7[]
[15:24:35.778739]	Trying ff on 0: L0[], 1: L0[], Ebi: L2[☐10, L0[]], Eib: L2[☐20, L7[]], Eii: L2[☐30, L0[]], put: L2[V0, _7_] -> V0 -> V1 -> L2[_8_, _9_], tr: L7[]
[15:24:35.779076]	Trying ff on 0: L0[], 1: L0[], Ebi: L2[☐10, L0[]], Eib: L2[☐20, L7[]], Eii: L2[☐30, L0[]], put: L2[V1, _7_] -> V0 -> V1 -> L2[_8_, _9_], tr: L7[]
[15:24:35.779388]	Trying ff on 0: L0[], 1: L0[], Ebi: L2[☐10, L0[]], Eib: L2[☐20, L7[]], Eii: L2[☐30, L0[]], put: L2[V2, _7_] -> V0 -> V1 -> L2[_8_, _9_], tr: L7[]
[15:24:35.780087]	Trying ff on 0: L0[], 1: L0[], Ebi: L2[☐10, L0[]], Eib: L2[☐20, L7[]], Eii: L2[☐30, L7[]], put: L2[☐40, V2] -> V0 -> V1 -> L2[_8_, _9_], tr: L7[]
[15:24:35.780342]	Trying ff on 0: L0[], 1: L0[], Ebi: L2[☐10, L0[]], Eib: L2[☐20, L7[]], Eii: L2[☐30, L7[]], put: L2[L0[], _7_] -> V0 -> V1 -> L2[_8_, _9_], tr: L7[]
[15:24:35.780631]	Trying ff on 0: L0[], 1: L0[], Ebi: L2[☐10, L0[]], Eib: L2[☐20, L7[]], Eii: L2[☐30, L7[]], put: L2[L7[], _7_] -> V0 -> V1 -> L2[_8_, _9_], tr: L7[]
[15:24:35.780915]	Trying ff on 0: L0[], 1: L0[], Ebi: L2[☐10, L0[]], Eib: L2[☐20, L7[]], Eii: L2[☐30, L7[]], put: L2[V0, _7_] -> V0 -> V1 -> L2[_8_, _9_], tr: L7[]
[15:24:35.781179]	Trying ff on 0: L0[], 1: L0[], Ebi: L2[☐10, L0[]], Eib: L2[☐20, L7[]], Eii: L2[☐30, L7[]], put: L2[V1, _7_] -> V0 -> V1 -> L2[_8_, _9_], tr: L7[]
[15:24:35.781439]	Trying ff on 0: L0[], 1: L0[], Ebi: L2[☐10, L0[]], Eib: L2[☐20, L7[]], Eii: L2[☐30, L7[]], put: L2[V2, _7_] -> V0 -> V1 -> L2[_8_, _9_], tr: L7[]
[15:24:35.781871]	Trying ff on 0: L0[], 1: L0[], Ebi: L2[☐10, L0[]], Eib: L2[☐20, L7[]], Eii: L2[L0[], ☐35], put: L2[L0[], _7_] -> V0 -> V1 -> L2[_8_, _9_], tr: L7[]
[15:24:35.782077]	Trying ff on 0: L0[], 1: L0[], Ebi: L2[☐10, L0[]], Eib: L2[☐20, L7[]], Eii: L2[L0[], ☐35], put: L2[V0, _7_] -> V0 -> V1 -> L2[_8_, _9_], tr: L7[]
[15:24:35.782244]	Trying ff on 0: L0[], 1: L0[], Ebi: L2[☐10, L0[]], Eib: L2[☐20, L7[]], Eii: L2[L0[], ☐35], put: L2[V1, _7_] -> V0 -> V1 -> L2[_8_, _9_], tr: L7[]
[15:24:35.782459]	Trying ff on 0: L0[], 1: L0[], Ebi: L2[☐10, L0[]], Eib: L2[☐20, L7[]], Eii: L2[L0[], ☐35], put: L2[V2, _7_] -> V0 -> V1 -> L2[_8_, _9_], tr: L7[]
[15:24:35.782643]	Trying ff on 0: L0[], 1: L0[], Ebi: L2[☐10, L0[]], Eib: L2[☐20, L7[]], Eii: L2[L0[], L0[]], put: L2[_6_, _7_] -> V0 -> V1 -> L2[_8_, _9_], tr: L7[]
[15:24:35.782809]	Trying ff on 0: L0[], 1: L0[], Ebi: L2[☐10, L0[]], Eib: L2[☐20, L7[]], Eii: L2[L0[], L7[]], put: L2[_6_, _7_] -> V0 -> V1 -> L2[_8_, _9_], tr: L7[]
[15:24:35.783129]	Trying ff on 0: L0[], 1: L0[], Ebi: L2[☐10, L0[]], Eib: L2[☐20, L7[]], Eii: L2[L7[], ☐35], put: L2[L7[], _7_] -> V0 -> V1 -> L2[_8_, _9_], tr: L7[]
[15:24:35.783453]	Trying ff on 0: L0[], 1: L0[], Ebi: L2[☐10, L0[]], Eib: L2[☐20, L7[]], Eii: L2[L7[], ☐35], put: L2[V2, _7_] -> V0 -> V1 -> L2[_8_, _9_], tr: L7[]
[15:24:35.783649]	Trying ff on 0: L0[], 1: L0[], Ebi: L2[☐10, L0[]], Eib: L2[☐20, L7[]], Eii: L2[L7[], L0[]], put: L2[_6_, _7_] -> V0 -> V1 -> L2[_8_, _9_], tr: L7[]
[15:24:35.783807]	Trying ff on 0: L0[], 1: L0[], Ebi: L2[☐10, L0[]], Eib: L2[☐20, L7[]], Eii: L2[L7[], L7[]], put: L2[_6_, _7_] -> V0 -> V1 -> L2[_8_, _9_], tr: L7[]
[15:24:35.784501]	Trying ff on 0: L0[], 1: L0[], Ebi: L2[☐10, L0[]], Eib: L2[L0[], ☐25], Eii: L2[☐30, ☐35], put: L2[L0[], L0[]] -> V0 -> V1 -> L2[_8_, _9_], tr: L7[]
[15:24:35.784988]	Trying ff on 0: L0[], 1: L0[], Ebi: L2[☐10, L0[]], Eib: L2[L0[], ☐25], Eii: L2[☐30, ☐35], put: L2[L0[], V1] -> V0 -> V1 -> L2[_8_, _9_], tr: L7[]
[15:24:35.785361]	Trying ff on 0: L0[], 1: L0[], Ebi: L2[☐10, L0[]], Eib: L2[L0[], ☐25], Eii: L2[☐30, ☐35], put: L2[L0[], V2] -> V0 -> V1 -> L2[_8_, _9_], tr: L7[]
[15:24:35.785786]	Trying ff on 0: L0[], 1: L0[], Ebi: L2[☐10, L0[]], Eib: L2[L0[], ☐25], Eii: L2[☐30, ☐35], put: L2[V0, L0[]] -> V0 -> V1 -> L2[_8_, _9_], tr: L7[]
[15:24:35.786284]	Trying ff on 0: L0[], 1: L0[], Ebi: L2[☐10, L0[]], Eib: L2[L0[], ☐25], Eii: L2[☐30, ☐35], put: L2[V0, V0] -> V0 -> V1 -> L2[_8_, _9_], tr: L7[]
[15:24:35.786561]	Trying ff on 0: L0[], 1: L0[], Ebi: L2[☐10, L0[]], Eib: L2[L0[], ☐25], Eii: L2[☐30, ☐35], put: L2[V0, V1] -> V0 -> V1 -> L2[_8_, _9_], tr: L7[]
[15:24:35.786895]	Trying ff on 0: L0[], 1: L0[], Ebi: L2[☐10, L0[]], Eib: L2[L0[], ☐25], Eii: L2[☐30, ☐35], put: L2[V0, V2] -> V0 -> V1 -> L2[_8_, _9_], tr: L7[]
[15:24:35.787368]	Trying ff on 0: L0[], 1: L0[], Ebi: L2[☐10, L0[]], Eib: L2[L0[], ☐25], Eii: L2[☐30, ☐35], put: L2[V2, L0[]] -> V0 -> V1 -> L2[_8_, _9_], tr: L7[]
[15:24:35.787798]	Trying ff on 0: L0[], 1: L0[], Ebi: L2[☐10, L0[]], Eib: L2[L0[], ☐25], Eii: L2[☐30, ☐35], put: L2[V2, V1] -> V0 -> V1 -> L2[_8_, _9_], tr: L7[]
[15:24:35.788235]	Trying ff on 0: L0[], 1: L0[], Ebi: L2[☐10, L0[]], Eib: L2[L0[], ☐25], Eii: L2[☐30, ☐35], put: L2[V2, V2] -> V0 -> V1 -> L2[_8_, _9_], tr: L7[]
[15:24:35.788667]	Trying ff on 0: L0[], 1: L0[], Ebi: L2[☐10, L0[]], Eib: L2[L0[], ☐25], Eii: L2[☐30, ☐35], put: L2[V2, V3] -> V0 -> V1 -> L2[_8_, _9_], tr: L7[]
[15:24:35.789190]	Trying ff on 0: L0[], 1: L0[], Ebi: L2[☐10, L0[]], Eib: L2[L0[], ☐25], Eii: L2[☐30, L0[]], put: L2[L0[], _7_] -> V0 -> V1 -> L2[_8_, _9_], tr: L7[]
[15:24:35.789621]	Trying ff on 0: L0[], 1: L0[], Ebi: L2[☐10, L0[]], Eib: L2[L0[], ☐25], Eii: L2[☐30, L0[]], put: L2[V0, _7_] -> V0 -> V1 -> L2[_8_, _9_], tr: L7[]
[15:24:35.790004]	Trying ff on 0: L0[], 1: L0[], Ebi: L2[☐10, L0[]], Eib: L2[L0[], ☐25], Eii: L2[☐30, L0[]], put: L2[V2, _7_] -> V0 -> V1 -> L2[_8_, _9_], tr: L7[]
[15:24:35.790459]	Trying ff on 0: L0[], 1: L0[], Ebi: L2[☐10, L0[]], Eib: L2[L0[], ☐25], Eii: L2[☐30, L7[]], put: L2[L0[], _7_] -> V0 -> V1 -> L2[_8_, _9_], tr: L7[]
[15:24:35.790795]	Trying ff on 0: L0[], 1: L0[], Ebi: L2[☐10, L0[]], Eib: L2[L0[], ☐25], Eii: L2[☐30, L7[]], put: L2[V0, _7_] -> V0 -> V1 -> L2[_8_, _9_], tr: L7[]
[15:24:35.791140]	Trying ff on 0: L0[], 1: L0[], Ebi: L2[☐10, L0[]], Eib: L2[L0[], ☐25], Eii: L2[☐30, L7[]], put: L2[V2, _7_] -> V0 -> V1 -> L2[_8_, _9_], tr: L7[]
[15:24:35.791695]	Trying ff on 0: L0[], 1: L0[], Ebi: L2[☐10, L0[]], Eib: L2[L0[], ☐25], Eii: L2[L0[], ☐35], put: L2[L0[], _7_] -> V0 -> V1 -> L2[_8_, _9_], tr: L7[]
[15:24:35.792110]	Trying ff on 0: L0[], 1: L0[], Ebi: L2[☐10, L0[]], Eib: L2[L0[], ☐25], Eii: L2[L0[], ☐35], put: L2[V0, _7_] -> V0 -> V1 -> L2[_8_, _9_], tr: L7[]
[15:24:35.792464]	Trying ff on 0: L0[], 1: L0[], Ebi: L2[☐10, L0[]], Eib: L2[L0[], ☐25], Eii: L2[L0[], ☐35], put: L2[V2, _7_] -> V0 -> V1 -> L2[_8_, _9_], tr: L7[]
[15:24:35.792697]	Trying ff on 0: L0[], 1: L0[], Ebi: L2[☐10, L0[]], Eib: L2[L0[], ☐25], Eii: L2[L0[], L0[]], put: L2[_6_, _7_] -> V0 -> V1 -> L2[_8_, _9_], tr: L7[]
[15:24:35.792946]	Trying ff on 0: L0[], 1: L0[], Ebi: L2[☐10, L0[]], Eib: L2[L0[], ☐25], Eii: L2[L0[], L7[]], put: L2[_6_, _7_] -> V0 -> V1 -> L2[_8_, _9_], tr: L7[]
[15:24:35.793662]	Trying ff on 0: L0[], 1: L0[], Ebi: L2[☐10, L0[]], Eib: L2[L0[], ☐25], Eii: L2[L7[], ☐35], put: L2[V2, _7_] -> V0 -> V1 -> L2[_8_, _9_], tr: L7[]
[15:24:35.793923]	Trying ff on 0: L0[], 1: L0[], Ebi: L2[☐10, L0[]], Eib: L2[L0[], ☐25], Eii: L2[L7[], L0[]], put: L2[_6_, _7_] -> V0 -> V1 -> L2[_8_, _9_], tr: L7[]
[15:24:35.794155]	Trying ff on 0: L0[], 1: L0[], Ebi: L2[☐10, L0[]], Eib: L2[L0[], ☐25], Eii: L2[L7[], L7[]], put: L2[_6_, _7_] -> V0 -> V1 -> L2[_8_, _9_], tr: L7[]
[15:24:35.794807]	Trying ff on 0: L0[], 1: L0[], Ebi: L2[☐10, L0[]], Eib: L2[L0[], L0[]], Eii: L2[☐30, ☐35], put: L2[L0[], _7_] -> V0 -> V1 -> L2[_8_, _9_], tr: L7[]
[15:24:35.795103]	Trying ff on 0: L0[], 1: L0[], Ebi: L2[☐10, L0[]], Eib: L2[L0[], L0[]], Eii: L2[☐30, ☐35], put: L2[V0, _7_] -> V0 -> V1 -> L2[_8_, _9_], tr: L7[]
[15:24:35.795416]	Trying ff on 0: L0[], 1: L0[], Ebi: L2[☐10, L0[]], Eib: L2[L0[], L0[]], Eii: L2[☐30, ☐35], put: L2[V2, _7_] -> V0 -> V1 -> L2[_8_, _9_], tr: L7[]
[15:24:35.795660]	Trying ff on 0: L0[], 1: L0[], Ebi: L2[☐10, L0[]], Eib: L2[L0[], L0[]], Eii: L2[☐30, L0[]], put: L2[_6_, _7_] -> V0 -> V1 -> L2[_8_, _9_], tr: L7[]
[15:24:35.795892]	Trying ff on 0: L0[], 1: L0[], Ebi: L2[☐10, L0[]], Eib: L2[L0[], L0[]], Eii: L2[☐30, L7[]], put: L2[_6_, _7_] -> V0 -> V1 -> L2[_8_, _9_], tr: L7[]
[15:24:35.796098]	Trying ff on 0: L0[], 1: L0[], Ebi: L2[☐10, L0[]], Eib: L2[L0[], L0[]], Eii: L2[L0[], _5_], put: L2[_6_, _7_] -> V0 -> V1 -> L2[_8_, _9_], tr: L7[]
[15:24:35.796334]	Trying ff on 0: L0[], 1: L0[], Ebi: L2[☐10, L0[]], Eib: L2[L0[], L0[]], Eii: L2[L7[], _5_], put: L2[_6_, _7_] -> V0 -> V1 -> L2[_8_, _9_], tr: L7[]
[15:24:35.796988]	Trying ff on 0: L0[], 1: L0[], Ebi: L2[☐10, L0[]], Eib: L2[L0[], L7[]], Eii: L2[☐30, ☐35], put: L2[L0[], _7_] -> V0 -> V1 -> L2[_8_, _9_], tr: L7[]
[15:24:35.797270]	Trying ff on 0: L0[], 1: L0[], Ebi: L2[☐10, L0[]], Eib: L2[L0[], L7[]], Eii: L2[☐30, ☐35], put: L2[V0, _7_] -> V0 -> V1 -> L2[_8_, _9_], tr: L7[]
[15:24:35.797569]	Trying ff on 0: L0[], 1: L0[], Ebi: L2[☐10, L0[]], Eib: L2[L0[], L7[]], Eii: L2[☐30, ☐35], put: L2[V2, _7_] -> V0 -> V1 -> L2[_8_, _9_], tr: L7[]
[15:24:35.797776]	Trying ff on 0: L0[], 1: L0[], Ebi: L2[☐10, L0[]], Eib: L2[L0[], L7[]], Eii: L2[☐30, L0[]], put: L2[_6_, _7_] -> V0 -> V1 -> L2[_8_, _9_], tr: L7[]
[15:24:35.798]	Trying ff on 0: L0[], 1: L0[], Ebi: L2[☐10, L0[]], Eib: L2[L0[], L7[]], Eii: L2[☐30, L7[]], put: L2[_6_, _7_] -> V0 -> V1 -> L2[_8_, _9_], tr: L7[]
[15:24:35.798214]	Trying ff on 0: L0[], 1: L0[], Ebi: L2[☐10, L0[]], Eib: L2[L0[], L7[]], Eii: L2[L0[], _5_], put: L2[_6_, _7_] -> V0 -> V1 -> L2[_8_, _9_], tr: L7[]
[15:24:35.798423]	Trying ff on 0: L0[], 1: L0[], Ebi: L2[☐10, L0[]], Eib: L2[L0[], L7[]], Eii: L2[L7[], _5_], put: L2[_6_, _7_] -> V0 -> V1 -> L2[_8_, _9_], tr: L7[]
[15:24:35.799339]	Trying ff on 0: L0[], 1: L0[], Ebi: L2[☐10, L0[]], Eib: L2[L7[], ☐25], Eii: L2[☐30, ☐35], put: L2[L7[], L0[]] -> V0 -> V1 -> L2[_8_, _9_], tr: L7[]
[15:24:35.799957]	Trying ff on 0: L0[], 1: L0[], Ebi: L2[☐10, L0[]], Eib: L2[L7[], ☐25], Eii: L2[☐30, ☐35], put: L2[L7[], V1] -> V0 -> V1 -> L2[_8_, _9_], tr: L7[]
[15:24:35.800275]	Trying ff on 0: L0[], 1: L0[], Ebi: L2[☐10, L0[]], Eib: L2[L7[], ☐25], Eii: L2[☐30, ☐35], put: L2[L7[], V2] -> V0 -> V1 -> L2[_8_, _9_], tr: L7[]
[15:24:35.800704]	Trying ff on 0: L0[], 1: L0[], Ebi: L2[☐10, L0[]], Eib: L2[L7[], ☐25], Eii: L2[☐30, ☐35], put: L2[V1, L0[]] -> V0 -> V1 -> L2[_8_, _9_], tr: L7[]
[15:24:35.801089]	Trying ff on 0: L0[], 1: L0[], Ebi: L2[☐10, L0[]], Eib: L2[L7[], ☐25], Eii: L2[☐30, ☐35], put: L2[V1, V1] -> V0 -> V1 -> L2[_8_, _9_], tr: L7[]
[15:24:35.801377]	Trying ff on 0: L0[], 1: L0[], Ebi: L2[☐10, L0[]], Eib: L2[L7[], ☐25], Eii: L2[☐30, ☐35], put: L2[V1, V2] -> V0 -> V1 -> L2[_8_, _9_], tr: L7[]
[15:24:35.801801]	Trying ff on 0: L0[], 1: L0[], Ebi: L2[☐10, L0[]], Eib: L2[L7[], ☐25], Eii: L2[☐30, ☐35], put: L2[V2, L0[]] -> V0 -> V1 -> L2[_8_, _9_], tr: L7[]
[15:24:35.802162]	Trying ff on 0: L0[], 1: L0[], Ebi: L2[☐10, L0[]], Eib: L2[L7[], ☐25], Eii: L2[☐30, ☐35], put: L2[V2, V1] -> V0 -> V1 -> L2[_8_, _9_], tr: L7[]
[15:24:35.802353]	Trying ff on 0: L0[], 1: L0[], Ebi: L2[☐10, L0[]], Eib: L2[L7[], ☐25], Eii: L2[☐30, ☐35], put: L2[V2, V2] -> V0 -> V1 -> L2[_8_, _9_], tr: L7[]
[15:24:35.802600]	Trying ff on 0: L0[], 1: L0[], Ebi: L2[☐10, L0[]], Eib: L2[L7[], ☐25], Eii: L2[☐30, ☐35], put: L2[V2, V3] -> V0 -> V1 -> L2[_8_, _9_], tr: L7[]
[15:24:35.802892]	Trying ff on 0: L0[], 1: L0[], Ebi: L2[☐10, L0[]], Eib: L2[L7[], ☐25], Eii: L2[☐30, L0[]], put: L2[L7[], _7_] -> V0 -> V1 -> L2[_8_, _9_], tr: L7[]
[15:24:35.803135]	Trying ff on 0: L0[], 1: L0[], Ebi: L2[☐10, L0[]], Eib: L2[L7[], ☐25], Eii: L2[☐30, L0[]], put: L2[V1, _7_] -> V0 -> V1 -> L2[_8_, _9_], tr: L7[]
[15:24:35.803333]	Trying ff on 0: L0[], 1: L0[], Ebi: L2[☐10, L0[]], Eib: L2[L7[], ☐25], Eii: L2[☐30, L0[]], put: L2[V2, _7_] -> V0 -> V1 -> L2[_8_, _9_], tr: L7[]
[15:24:35.803586]	Trying ff on 0: L0[], 1: L0[], Ebi: L2[☐10, L0[]], Eib: L2[L7[], ☐25], Eii: L2[☐30, L7[]], put: L2[L7[], _7_] -> V0 -> V1 -> L2[_8_, _9_], tr: L7[]
[15:24:35.803791]	Trying ff on 0: L0[], 1: L0[], Ebi: L2[☐10, L0[]], Eib: L2[L7[], ☐25], Eii: L2[☐30, L7[]], put: L2[V1, _7_] -> V0 -> V1 -> L2[_8_, _9_], tr: L7[]
[15:24:35.803960]	Trying ff on 0: L0[], 1: L0[], Ebi: L2[☐10, L0[]], Eib: L2[L7[], ☐25], Eii: L2[☐30, L7[]], put: L2[V2, _7_] -> V0 -> V1 -> L2[_8_, _9_], tr: L7[]
[15:24:35.804281]	Trying ff on 0: L0[], 1: L0[], Ebi: L2[☐10, L0[]], Eib: L2[L7[], ☐25], Eii: L2[L0[], ☐35], put: L2[V1, _7_] -> V0 -> V1 -> L2[_8_, _9_], tr: L7[]
[15:24:35.804485]	Trying ff on 0: L0[], 1: L0[], Ebi: L2[☐10, L0[]], Eib: L2[L7[], ☐25], Eii: L2[L0[], ☐35], put: L2[V2, _7_] -> V0 -> V1 -> L2[_8_, _9_], tr: L7[]
[15:24:35.804662]	Trying ff on 0: L0[], 1: L0[], Ebi: L2[☐10, L0[]], Eib: L2[L7[], ☐25], Eii: L2[L0[], L0[]], put: L2[_6_, _7_] -> V0 -> V1 -> L2[_8_, _9_], tr: L7[]
[15:24:35.804878]	Trying ff on 0: L0[], 1: L0[], Ebi: L2[☐10, L0[]], Eib: L2[L7[], ☐25], Eii: L2[L0[], L7[]], put: L2[_6_, _7_] -> V0 -> V1 -> L2[_8_, _9_], tr: L7[]
[15:24:35.805296]	Trying ff on 0: L0[], 1: L0[], Ebi: L2[☐10, L0[]], Eib: L2[L7[], ☐25], Eii: L2[L7[], ☐35], put: L2[L7[], _7_] -> V0 -> V1 -> L2[_8_, _9_], tr: L7[]
[15:24:35.805697]	Trying ff on 0: L0[], 1: L0[], Ebi: L2[☐10, L0[]], Eib: L2[L7[], ☐25], Eii: L2[L7[], ☐35], put: L2[V2, _7_] -> V0 -> V1 -> L2[_8_, _9_], tr: L7[]
[15:24:35.805934]	Trying ff on 0: L0[], 1: L0[], Ebi: L2[☐10, L0[]], Eib: L2[L7[], ☐25], Eii: L2[L7[], L0[]], put: L2[_6_, _7_] -> V0 -> V1 -> L2[_8_, _9_], tr: L7[]
[15:24:35.806187]	Trying ff on 0: L0[], 1: L0[], Ebi: L2[☐10, L0[]], Eib: L2[L7[], ☐25], Eii: L2[L7[], L7[]], put: L2[_6_, _7_] -> V0 -> V1 -> L2[_8_, _9_], tr: L7[]
[15:24:35.806818]	Trying ff on 0: L0[], 1: L0[], Ebi: L2[☐10, L0[]], Eib: L2[L7[], L0[]], Eii: L2[☐30, ☐35], put: L2[L7[], _7_] -> V0 -> V1 -> L2[_8_, _9_], tr: L7[]
[15:24:35.807047]	Trying ff on 0: L0[], 1: L0[], Ebi: L2[☐10, L0[]], Eib: L2[L7[], L0[]], Eii: L2[☐30, ☐35], put: L2[V1, _7_] -> V0 -> V1 -> L2[_8_, _9_], tr: L7[]
[15:24:35.807301]	Trying ff on 0: L0[], 1: L0[], Ebi: L2[☐10, L0[]], Eib: L2[L7[], L0[]], Eii: L2[☐30, ☐35], put: L2[V2, _7_] -> V0 -> V1 -> L2[_8_, _9_], tr: L7[]
[15:24:35.807572]	Trying ff on 0: L0[], 1: L0[], Ebi: L2[☐10, L0[]], Eib: L2[L7[], L0[]], Eii: L2[☐30, L0[]], put: L2[_6_, _7_] -> V0 -> V1 -> L2[_8_, _9_], tr: L7[]
[15:24:35.807769]	Trying ff on 0: L0[], 1: L0[], Ebi: L2[☐10, L0[]], Eib: L2[L7[], L0[]], Eii: L2[☐30, L7[]], put: L2[_6_, _7_] -> V0 -> V1 -> L2[_8_, _9_], tr: L7[]
[15:24:35.807936]	Trying ff on 0: L0[], 1: L0[], Ebi: L2[☐10, L0[]], Eib: L2[L7[], L0[]], Eii: L2[L0[], _5_], put: L2[_6_, _7_] -> V0 -> V1 -> L2[_8_, _9_], tr: L7[]
[15:24:35.808086]	Trying ff on 0: L0[], 1: L0[], Ebi: L2[☐10, L0[]], Eib: L2[L7[], L0[]], Eii: L2[L7[], _5_], put: L2[_6_, _7_] -> V0 -> V1 -> L2[_8_, _9_], tr: L7[]
[15:24:35.808718]	Trying ff on 0: L0[], 1: L0[], Ebi: L2[☐10, L0[]], Eib: L2[L7[], L7[]], Eii: L2[☐30, ☐35], put: L2[L7[], _7_] -> V0 -> V1 -> L2[_8_, _9_], tr: L7[]
[15:24:35.809067]	Trying ff on 0: L0[], 1: L0[], Ebi: L2[☐10, L0[]], Eib: L2[L7[], L7[]], Eii: L2[☐30, ☐35], put: L2[V1, _7_] -> V0 -> V1 -> L2[_8_, _9_], tr: L7[]
[15:24:35.809284]	Trying ff on 0: L0[], 1: L0[], Ebi: L2[☐10, L0[]], Eib: L2[L7[], L7[]], Eii: L2[☐30, ☐35], put: L2[V2, _7_] -> V0 -> V1 -> L2[_8_, _9_], tr: L7[]
[15:24:35.809440]	Trying ff on 0: L0[], 1: L0[], Ebi: L2[☐10, L0[]], Eib: L2[L7[], L7[]], Eii: L2[☐30, L0[]], put: L2[_6_, _7_] -> V0 -> V1 -> L2[_8_, _9_], tr: L7[]
[15:24:35.809687]	Trying ff on 0: L0[], 1: L0[], Ebi: L2[☐10, L0[]], Eib: L2[L7[], L7[]], Eii: L2[☐30, L7[]], put: L2[_6_, _7_] -> V0 -> V1 -> L2[_8_, _9_], tr: L7[]
[15:24:35.809904]	Trying ff on 0: L0[], 1: L0[], Ebi: L2[☐10, L0[]], Eib: L2[L7[], L7[]], Eii: L2[L0[], _5_], put: L2[_6_, _7_] -> V0 -> V1 -> L2[_8_, _9_], tr: L7[]
[15:24:35.810071]	Trying ff on 0: L0[], 1: L0[], Ebi: L2[☐10, L0[]], Eib: L2[L7[], L7[]], Eii: L2[L7[], _5_], put: L2[_6_, _7_] -> V0 -> V1 -> L2[_8_, _9_], tr: L7[]
[15:24:35.811241]	Trying ff on 0: L0[], 1: L0[], Ebi: L2[☐10, L7[]], Eib: L2[☐20, ☐25], Eii: L2[☐30, ☐35], put: L2[☐40, L7[]] -> V0 -> V1 -> L2[L0[], L7[]], tr: L7[]
[15:24:35.811793]	Trying ff on 0: L0[], 1: L0[], Ebi: L2[☐10, L7[]], Eib: L2[☐20, ☐25], Eii: L2[☐30, ☐35], put: L2[☐40, L7[]] -> V0 -> V1 -> L2[L7[], L7[]], tr: L7[]
[15:24:35.812311]	Trying ff on 0: L0[], 1: L0[], Ebi: L2[☐10, L7[]], Eib: L2[☐20, ☐25], Eii: L2[☐30, ☐35], put: L2[☐40, L7[]] -> V0 -> V1 -> L2[V0, L7[]], tr: L7[]
[15:24:35.812908]	Trying ff on 0: L0[], 1: L0[], Ebi: L2[☐10, L7[]], Eib: L2[☐20, ☐25], Eii: L2[☐30, ☐35], put: L2[☐40, L7[]] -> V0 -> V1 -> L2[V1, L7[]], tr: L7[]
[15:24:35.814148]	Trying ff on 0: L0[], 1: L0[], Ebi: L2[☐10, L7[]], Eib: L2[☐20, ☐25], Eii: L2[☐30, ☐35], put: L2[☐40, V0] -> V0 -> V1 -> L2[L0[], V0], tr: L7[]
[15:24:35.814624]	Trying ff on 0: L0[], 1: L0[], Ebi: L2[☐10, L7[]], Eib: L2[☐20, ☐25], Eii: L2[☐30, ☐35], put: L2[☐40, V0] -> V0 -> V1 -> L2[L7[], V0], tr: L7[]
[15:24:35.815015]	Trying ff on 0: L0[], 1: L0[], Ebi: L2[☐10, L7[]], Eib: L2[☐20, ☐25], Eii: L2[☐30, ☐35], put: L2[☐40, V0] -> V0 -> V1 -> L2[V0, V0], tr: L7[]
[15:24:35.815444]	Trying ff on 0: L0[], 1: L0[], Ebi: L2[☐10, L7[]], Eib: L2[☐20, ☐25], Eii: L2[☐30, ☐35], put: L2[☐40, V0] -> V0 -> V1 -> L2[V1, V0], tr: L7[]
[15:24:35.816969]	Trying ff on 0: L0[], 1: L0[], Ebi: L2[☐10, L7[]], Eib: L2[☐20, ☐25], Eii: L2[☐30, ☐35], put: L2[☐40, V2] -> V0 -> V1 -> L2[L0[], L0[]], tr: L7[]
[15:24:35.817315]	Trying ff on 0: L0[], 1: L0[], Ebi: L2[☐10, L7[]], Eib: L2[☐20, ☐25], Eii: L2[☐30, ☐35], put: L2[☐40, V2] -> V0 -> V1 -> L2[L0[], L7[]], tr: L7[]
[15:24:35.817563]	Trying ff on 0: L0[], 1: L0[], Ebi: L2[☐10, L7[]], Eib: L2[☐20, ☐25], Eii: L2[☐30, ☐35], put: L2[☐40, V2] -> V0 -> V1 -> L2[L0[], V0], tr: L7[]
[15:24:35.817855]	Trying ff on 0: L0[], 1: L0[], Ebi: L2[☐10, L7[]], Eib: L2[☐20, ☐25], Eii: L2[☐30, ☐35], put: L2[☐40, V2] -> V0 -> V1 -> L2[L0[], V1], tr: L7[]
[15:24:35.818118]	Trying ff on 0: L0[], 1: L0[], Ebi: L2[☐10, L7[]], Eib: L2[☐20, ☐25], Eii: L2[☐30, ☐35], put: L2[☐40, V2] -> V0 -> V1 -> L2[L0[], V2], tr: L7[]
[15:24:35.818538]	Trying ff on 0: L0[], 1: L0[], Ebi: L2[☐10, L7[]], Eib: L2[☐20, ☐25], Eii: L2[☐30, ☐35], put: L2[☐40, V2] -> V0 -> V1 -> L2[L7[], L0[]], tr: L7[]
[15:24:35.818747]	Trying ff on 0: L0[], 1: L0[], Ebi: L2[☐10, L7[]], Eib: L2[☐20, ☐25], Eii: L2[☐30, ☐35], put: L2[☐40, V2] -> V0 -> V1 -> L2[L7[], L7[]], tr: L7[]
[15:24:35.818989]	Trying ff on 0: L0[], 1: L0[], Ebi: L2[☐10, L7[]], Eib: L2[☐20, ☐25], Eii: L2[☐30, ☐35], put: L2[☐40, V2] -> V0 -> V1 -> L2[L7[], V0], tr: L7[]
[15:24:35.819184]	Trying ff on 0: L0[], 1: L0[], Ebi: L2[☐10, L7[]], Eib: L2[☐20, ☐25], Eii: L2[☐30, ☐35], put: L2[☐40, V2] -> V0 -> V1 -> L2[L7[], V1], tr: L7[]
[15:24:35.819368]	Trying ff on 0: L0[], 1: L0[], Ebi: L2[☐10, L7[]], Eib: L2[☐20, ☐25], Eii: L2[☐30, ☐35], put: L2[☐40, V2] -> V0 -> V1 -> L2[L7[], V2], tr: L7[]
[15:24:35.819808]	Trying ff on 0: L0[], 1: L0[], Ebi: L2[☐10, L7[]], Eib: L2[☐20, ☐25], Eii: L2[☐30, ☐35], put: L2[☐40, V2] -> V0 -> V1 -> L2[V0, L0[]], tr: L7[]
[15:24:35.819994]	Trying ff on 0: L0[], 1: L0[], Ebi: L2[☐10, L7[]], Eib: L2[☐20, ☐25], Eii: L2[☐30, ☐35], put: L2[☐40, V2] -> V0 -> V1 -> L2[V0, L7[]], tr: L7[]
[15:24:35.820160]	Trying ff on 0: L0[], 1: L0[], Ebi: L2[☐10, L7[]], Eib: L2[☐20, ☐25], Eii: L2[☐30, ☐35], put: L2[☐40, V2] -> V0 -> V1 -> L2[V0, V0], tr: L7[]
[15:24:35.820384]	Trying ff on 0: L0[], 1: L0[], Ebi: L2[☐10, L7[]], Eib: L2[☐20, ☐25], Eii: L2[☐30, ☐35], put: L2[☐40, V2] -> V0 -> V1 -> L2[V0, V1], tr: L7[]
[15:24:35.820553]	Trying ff on 0: L0[], 1: L0[], Ebi: L2[☐10, L7[]], Eib: L2[☐20, ☐25], Eii: L2[☐30, ☐35], put: L2[☐40, V2] -> V0 -> V1 -> L2[V0, V2], tr: L7[]
[15:24:35.820956]	Trying ff on 0: L0[], 1: L0[], Ebi: L2[☐10, L7[]], Eib: L2[☐20, ☐25], Eii: L2[☐30, ☐35], put: L2[☐40, V2] -> V0 -> V1 -> L2[V1, L0[]], tr: L7[]
[15:24:35.821125]	Trying ff on 0: L0[], 1: L0[], Ebi: L2[☐10, L7[]], Eib: L2[☐20, ☐25], Eii: L2[☐30, ☐35], put: L2[☐40, V2] -> V0 -> V1 -> L2[V1, L7[]], tr: L7[]
[15:24:35.821307]	Trying ff on 0: L0[], 1: L0[], Ebi: L2[☐10, L7[]], Eib: L2[☐20, ☐25], Eii: L2[☐30, ☐35], put: L2[☐40, V2] -> V0 -> V1 -> L2[V1, V0], tr: L7[]
[15:24:35.821473]	Trying ff on 0: L0[], 1: L0[], Ebi: L2[☐10, L7[]], Eib: L2[☐20, ☐25], Eii: L2[☐30, ☐35], put: L2[☐40, V2] -> V0 -> V1 -> L2[V1, V1], tr: L7[]
[15:24:35.821693]	Trying ff on 0: L0[], 1: L0[], Ebi: L2[☐10, L7[]], Eib: L2[☐20, ☐25], Eii: L2[☐30, ☐35], put: L2[☐40, V2] -> V0 -> V1 -> L2[V1, V2], tr: L7[]
[15:24:35.822061]	Trying ff on 0: L0[], 1: L0[], Ebi: L2[☐10, L7[]], Eib: L2[☐20, ☐25], Eii: L2[☐30, ☐35], put: L2[☐40, V2] -> V0 -> V1 -> L2[V2, L0[]], tr: L7[]
[15:24:35.822233]	Trying ff on 0: L0[], 1: L0[], Ebi: L2[☐10, L7[]], Eib: L2[☐20, ☐25], Eii: L2[☐30, ☐35], put: L2[☐40, V2] -> V0 -> V1 -> L2[V2, L7[]], tr: L7[]
[15:24:35.822406]	Trying ff on 0: L0[], 1: L0[], Ebi: L2[☐10, L7[]], Eib: L2[☐20, ☐25], Eii: L2[☐30, ☐35], put: L2[☐40, V2] -> V0 -> V1 -> L2[V2, V0], tr: L7[]
[15:24:35.822582]	Trying ff on 0: L0[], 1: L0[], Ebi: L2[☐10, L7[]], Eib: L2[☐20, ☐25], Eii: L2[☐30, ☐35], put: L2[☐40, V2] -> V0 -> V1 -> L2[V2, V1], tr: L7[]
[15:24:35.822780]	Trying ff on 0: L0[], 1: L0[], Ebi: L2[☐10, L7[]], Eib: L2[☐20, ☐25], Eii: L2[☐30, ☐35], put: L2[☐40, V2] -> V0 -> V1 -> L2[V2, V2], tr: L7[]
[15:24:35.823105]	Trying ff on 0: L0[], 1: L0[], Ebi: L2[☐10, L7[]], Eib: L2[☐20, ☐25], Eii: L2[☐30, ☐35], put: L2[L0[], L7[]] -> V0 -> V1 -> L2[L0[], _9_], tr: L7[]
[15:24:35.823558]	Trying ff on 0: L0[], 1: L0[], Ebi: L2[☐10, L7[]], Eib: L2[☐20, ☐25], Eii: L2[☐30, ☐35], put: L2[L0[], V0] -> V0 -> V1 -> L2[L0[], _9_], tr: L7[]
[15:24:35.824073]	Trying ff on 0: L0[], 1: L0[], Ebi: L2[☐10, L7[]], Eib: L2[☐20, ☐25], Eii: L2[☐30, ☐35], put: L2[L0[], V2] -> V0 -> V1 -> L2[L0[], _9_], tr: L7[]
[15:24:35.824488]	Trying ff on 0: L0[], 1: L0[], Ebi: L2[☐10, L7[]], Eib: L2[☐20, ☐25], Eii: L2[☐30, ☐35], put: L2[L7[], L7[]] -> V0 -> V1 -> L2[L7[], _9_], tr: L7[]
[15:24:35.824924]	Trying ff on 0: L0[], 1: L0[], Ebi: L2[☐10, L7[]], Eib: L2[☐20, ☐25], Eii: L2[☐30, ☐35], put: L2[L7[], V0] -> V0 -> V1 -> L2[L7[], _9_], tr: L7[]
[15:24:35.825236]	Trying ff on 0: L0[], 1: L0[], Ebi: L2[☐10, L7[]], Eib: L2[☐20, ☐25], Eii: L2[☐30, ☐35], put: L2[L7[], V0] -> V0 -> V1 -> L2[V0, _9_], tr: L7[]
[15:24:35.825584]	Trying ff on 0: L0[], 1: L0[], Ebi: L2[☐10, L7[]], Eib: L2[☐20, ☐25], Eii: L2[☐30, ☐35], put: L2[L7[], V2] -> V0 -> V1 -> L2[L7[], _9_], tr: L7[]
[15:24:35.825820]	Trying ff on 0: L0[], 1: L0[], Ebi: L2[☐10, L7[]], Eib: L2[☐20, ☐25], Eii: L2[☐30, ☐35], put: L2[L7[], V2] -> V0 -> V1 -> L2[V2, _9_], tr: L7[]
[15:24:35.826335]	Trying ff on 0: L0[], 1: L0[], Ebi: L2[☐10, L7[]], Eib: L2[☐20, ☐25], Eii: L2[☐30, ☐35], put: L2[V0, L7[]] -> V0 -> V1 -> L2[V0, _9_], tr: L7[]
[15:24:35.826786]	Trying ff on 0: L0[], 1: L0[], Ebi: L2[☐10, L7[]], Eib: L2[☐20, ☐25], Eii: L2[☐30, ☐35], put: L2[V0, V0] -> V0 -> V1 -> L2[V0, _9_], tr: L7[]
[15:24:35.827151]	Trying ff on 0: L0[], 1: L0[], Ebi: L2[☐10, L7[]], Eib: L2[☐20, ☐25], Eii: L2[☐30, ☐35], put: L2[V0, V2] -> V0 -> V1 -> L2[V0, _9_], tr: L7[]
[15:24:35.827402]	Trying ff on 0: L0[], 1: L0[], Ebi: L2[☐10, L7[]], Eib: L2[☐20, ☐25], Eii: L2[☐30, ☐35], put: L2[V0, V2] -> V0 -> V1 -> L2[V2, _9_], tr: L7[]
[15:24:35.827974]	Trying ff on 0: L0[], 1: L0[], Ebi: L2[☐10, L7[]], Eib: L2[☐20, ☐25], Eii: L2[☐30, ☐35], put: L2[V1, L7[]] -> V0 -> V1 -> L2[V1, _9_], tr: L7[]
[15:24:35.828453]	Trying ff on 0: L0[], 1: L0[], Ebi: L2[☐10, L7[]], Eib: L2[☐20, ☐25], Eii: L2[☐30, ☐35], put: L2[V1, V0] -> V0 -> V1 -> L2[V1, _9_], tr: L7[]
[15:24:35.828936]	Trying ff on 0: L0[], 1: L0[], Ebi: L2[☐10, L7[]], Eib: L2[☐20, ☐25], Eii: L2[☐30, ☐35], put: L2[V1, V1] -> V0 -> V1 -> L2[V1, _9_], tr: L7[]
[15:24:35.829291]	Trying ff on 0: L0[], 1: L0[], Ebi: L2[☐10, L7[]], Eib: L2[☐20, ☐25], Eii: L2[☐30, ☐35], put: L2[V1, V2] -> V0 -> V1 -> L2[V1, _9_], tr: L7[]
[15:24:35.829841]	Trying ff on 0: L0[], 1: L0[], Ebi: L2[☐10, L7[]], Eib: L2[☐20, ☐25], Eii: L2[☐30, ☐35], put: L2[V2, L7[]] -> V0 -> V1 -> L2[☐50, L7[]], tr: L7[]
[15:24:35.830114]	Trying ff on 0: L0[], 1: L0[], Ebi: L2[☐10, L7[]], Eib: L2[☐20, ☐25], Eii: L2[☐30, ☐35], put: L2[V2, L7[]] -> V0 -> V1 -> L2[☐50, V2], tr: L7[]
[15:24:35.830627]	Trying ff on 0: L0[], 1: L0[], Ebi: L2[☐10, L7[]], Eib: L2[☐20, ☐25], Eii: L2[☐30, ☐35], put: L2[V2, L7[]] -> V0 -> V1 -> L2[L0[], _9_], tr: L7[]
[15:24:35.830845]	Trying ff on 0: L0[], 1: L0[], Ebi: L2[☐10, L7[]], Eib: L2[☐20, ☐25], Eii: L2[☐30, ☐35], put: L2[V2, L7[]] -> V0 -> V1 -> L2[L7[], _9_], tr: L7[]
[15:24:35.831034]	Trying ff on 0: L0[], 1: L0[], Ebi: L2[☐10, L7[]], Eib: L2[☐20, ☐25], Eii: L2[☐30, ☐35], put: L2[V2, L7[]] -> V0 -> V1 -> L2[V0, _9_], tr: L7[]
[15:24:35.831235]	Trying ff on 0: L0[], 1: L0[], Ebi: L2[☐10, L7[]], Eib: L2[☐20, ☐25], Eii: L2[☐30, ☐35], put: L2[V2, L7[]] -> V0 -> V1 -> L2[V1, _9_], tr: L7[]
[15:24:35.831477]	Trying ff on 0: L0[], 1: L0[], Ebi: L2[☐10, L7[]], Eib: L2[☐20, ☐25], Eii: L2[☐30, ☐35], put: L2[V2, L7[]] -> V0 -> V1 -> L2[V2, _9_], tr: L7[]
[15:24:35.832163]	Trying ff on 0: L0[], 1: L0[], Ebi: L2[☐10, L7[]], Eib: L2[☐20, ☐25], Eii: L2[☐30, ☐35], put: L2[V2, V0] -> V0 -> V1 -> L2[☐50, V0], tr: L7[]
[15:24:35.832463]	Trying ff on 0: L0[], 1: L0[], Ebi: L2[☐10, L7[]], Eib: L2[☐20, ☐25], Eii: L2[☐30, ☐35], put: L2[V2, V0] -> V0 -> V1 -> L2[☐50, V2], tr: L7[]
[15:24:35.832939]	Trying ff on 0: L0[], 1: L0[], Ebi: L2[☐10, L7[]], Eib: L2[☐20, ☐25], Eii: L2[☐30, ☐35], put: L2[V2, V0] -> V0 -> V1 -> L2[L0[], _9_], tr: L7[]
[15:24:35.833163]	Trying ff on 0: L0[], 1: L0[], Ebi: L2[☐10, L7[]], Eib: L2[☐20, ☐25], Eii: L2[☐30, ☐35], put: L2[V2, V0] -> V0 -> V1 -> L2[L7[], _9_], tr: L7[]
[15:24:35.833416]	Trying ff on 0: L0[], 1: L0[], Ebi: L2[☐10, L7[]], Eib: L2[☐20, ☐25], Eii: L2[☐30, ☐35], put: L2[V2, V0] -> V0 -> V1 -> L2[V0, _9_], tr: L7[]
[15:24:35.833635]	Trying ff on 0: L0[], 1: L0[], Ebi: L2[☐10, L7[]], Eib: L2[☐20, ☐25], Eii: L2[☐30, ☐35], put: L2[V2, V0] -> V0 -> V1 -> L2[V1, _9_], tr: L7[]
[15:24:35.833825]	Trying ff on 0: L0[], 1: L0[], Ebi: L2[☐10, L7[]], Eib: L2[☐20, ☐25], Eii: L2[☐30, ☐35], put: L2[V2, V0] -> V0 -> V1 -> L2[V2, _9_], tr: L7[]
[15:24:35.834346]	Trying ff on 0: L0[], 1: L0[], Ebi: L2[☐10, L7[]], Eib: L2[☐20, ☐25], Eii: L2[☐30, ☐35], put: L2[V2, V2] -> V0 -> V1 -> L2[☐50, L0[]], tr: L7[]
[15:24:35.834575]	Trying ff on 0: L0[], 1: L0[], Ebi: L2[☐10, L7[]], Eib: L2[☐20, ☐25], Eii: L2[☐30, ☐35], put: L2[V2, V2] -> V0 -> V1 -> L2[☐50, L7[]], tr: L7[]
[15:24:35.834798]	Trying ff on 0: L0[], 1: L0[], Ebi: L2[☐10, L7[]], Eib: L2[☐20, ☐25], Eii: L2[☐30, ☐35], put: L2[V2, V2] -> V0 -> V1 -> L2[☐50, V0], tr: L7[]
[15:24:35.834989]	Trying ff on 0: L0[], 1: L0[], Ebi: L2[☐10, L7[]], Eib: L2[☐20, ☐25], Eii: L2[☐30, ☐35], put: L2[V2, V2] -> V0 -> V1 -> L2[☐50, V1], tr: L7[]
[15:24:35.835162]	Trying ff on 0: L0[], 1: L0[], Ebi: L2[☐10, L7[]], Eib: L2[☐20, ☐25], Eii: L2[☐30, ☐35], put: L2[V2, V2] -> V0 -> V1 -> L2[☐50, V2], tr: L7[]
[15:24:35.835377]	Trying ff on 0: L0[], 1: L0[], Ebi: L2[☐10, L7[]], Eib: L2[☐20, ☐25], Eii: L2[☐30, ☐35], put: L2[V2, V2] -> V0 -> V1 -> L2[L0[], _9_], tr: L7[]
[15:24:35.835568]	Trying ff on 0: L0[], 1: L0[], Ebi: L2[☐10, L7[]], Eib: L2[☐20, ☐25], Eii: L2[☐30, ☐35], put: L2[V2, V2] -> V0 -> V1 -> L2[L7[], _9_], tr: L7[]
[15:24:35.835762]	Trying ff on 0: L0[], 1: L0[], Ebi: L2[☐10, L7[]], Eib: L2[☐20, ☐25], Eii: L2[☐30, ☐35], put: L2[V2, V2] -> V0 -> V1 -> L2[V0, _9_], tr: L7[]
[15:24:35.835999]	Trying ff on 0: L0[], 1: L0[], Ebi: L2[☐10, L7[]], Eib: L2[☐20, ☐25], Eii: L2[☐30, ☐35], put: L2[V2, V2] -> V0 -> V1 -> L2[V1, _9_], tr: L7[]
[15:24:35.836222]	Trying ff on 0: L0[], 1: L0[], Ebi: L2[☐10, L7[]], Eib: L2[☐20, ☐25], Eii: L2[☐30, ☐35], put: L2[V2, V2] -> V0 -> V1 -> L2[V2, _9_], tr: L7[]
[15:24:35.836765]	Trying ff on 0: L0[], 1: L0[], Ebi: L2[☐10, L7[]], Eib: L2[☐20, ☐25], Eii: L2[☐30, ☐35], put: L2[V2, V3] -> V0 -> V1 -> L2[☐50, L0[]], tr: L7[]
[15:24:35.836979]	Trying ff on 0: L0[], 1: L0[], Ebi: L2[☐10, L7[]], Eib: L2[☐20, ☐25], Eii: L2[☐30, ☐35], put: L2[V2, V3] -> V0 -> V1 -> L2[☐50, L7[]], tr: L7[]
[15:24:35.837250]	Trying ff on 0: L0[], 1: L0[], Ebi: L2[☐10, L7[]], Eib: L2[☐20, ☐25], Eii: L2[☐30, ☐35], put: L2[V2, V3] -> V0 -> V1 -> L2[☐50, V0], tr: L7[]
[15:24:35.837527]	Trying ff on 0: L0[], 1: L0[], Ebi: L2[☐10, L7[]], Eib: L2[☐20, ☐25], Eii: L2[☐30, ☐35], put: L2[V2, V3] -> V0 -> V1 -> L2[☐50, V1], tr: L7[]
[15:24:35.837770]	Trying ff on 0: L0[], 1: L0[], Ebi: L2[☐10, L7[]], Eib: L2[☐20, ☐25], Eii: L2[☐30, ☐35], put: L2[V2, V3] -> V0 -> V1 -> L2[☐50, V2], tr: L7[]
[15:24:35.838047]	Trying ff on 0: L0[], 1: L0[], Ebi: L2[☐10, L7[]], Eib: L2[☐20, ☐25], Eii: L2[☐30, ☐35], put: L2[V2, V3] -> V0 -> V1 -> L2[☐50, V3], tr: L7[]
[15:24:35.838292]	Trying ff on 0: L0[], 1: L0[], Ebi: L2[☐10, L7[]], Eib: L2[☐20, ☐25], Eii: L2[☐30, ☐35], put: L2[V2, V3] -> V0 -> V1 -> L2[L0[], _9_], tr: L7[]
[15:24:35.838541]	Trying ff on 0: L0[], 1: L0[], Ebi: L2[☐10, L7[]], Eib: L2[☐20, ☐25], Eii: L2[☐30, ☐35], put: L2[V2, V3] -> V0 -> V1 -> L2[L7[], _9_], tr: L7[]
[15:24:35.838852]	Trying ff on 0: L0[], 1: L0[], Ebi: L2[☐10, L7[]], Eib: L2[☐20, ☐25], Eii: L2[☐30, ☐35], put: L2[V2, V3] -> V0 -> V1 -> L2[V0, _9_], tr: L7[]
[15:24:35.839098]	Trying ff on 0: L0[], 1: L0[], Ebi: L2[☐10, L7[]], Eib: L2[☐20, ☐25], Eii: L2[☐30, ☐35], put: L2[V2, V3] -> V0 -> V1 -> L2[V1, _9_], tr: L7[]
[15:24:35.839268]	Trying ff on 0: L0[], 1: L0[], Ebi: L2[☐10, L7[]], Eib: L2[☐20, ☐25], Eii: L2[☐30, ☐35], put: L2[V2, V3] -> V0 -> V1 -> L2[V2, _9_], tr: L7[]
[15:24:35.839476]	Trying ff on 0: L0[], 1: L0[], Ebi: L2[☐10, L7[]], Eib: L2[☐20, ☐25], Eii: L2[☐30, ☐35], put: L2[V2, V3] -> V0 -> V1 -> L2[V3, _9_], tr: L7[]
[15:24:35.840067]	Trying ff on 0: L0[], 1: L0[], Ebi: L2[☐10, L7[]], Eib: L2[☐20, ☐25], Eii: L2[☐30, L0[]], put: L2[☐40, V0] -> V0 -> V1 -> L2[☐50, V0], tr: L7[]
[15:24:35.840339]	Trying ff on 0: L0[], 1: L0[], Ebi: L2[☐10, L7[]], Eib: L2[☐20, ☐25], Eii: L2[☐30, L0[]], put: L2[☐40, V0] -> V0 -> V1 -> L2[L0[], _9_], tr: L7[]
[15:24:35.840519]	Trying ff on 0: L0[], 1: L0[], Ebi: L2[☐10, L7[]], Eib: L2[☐20, ☐25], Eii: L2[☐30, L0[]], put: L2[☐40, V0] -> V0 -> V1 -> L2[L7[], _9_], tr: L7[]
[15:24:35.840729]	Trying ff on 0: L0[], 1: L0[], Ebi: L2[☐10, L7[]], Eib: L2[☐20, ☐25], Eii: L2[☐30, L0[]], put: L2[☐40, V0] -> V0 -> V1 -> L2[V0, _9_], tr: L7[]
[15:24:35.840932]	Trying ff on 0: L0[], 1: L0[], Ebi: L2[☐10, L7[]], Eib: L2[☐20, ☐25], Eii: L2[☐30, L0[]], put: L2[☐40, V0] -> V0 -> V1 -> L2[V1, _9_], tr: L7[]
[15:24:35.841606]	Trying ff on 0: L0[], 1: L0[], Ebi: L2[☐10, L7[]], Eib: L2[☐20, ☐25], Eii: L2[☐30, L0[]], put: L2[☐40, V2] -> V0 -> V1 -> L2[☐50, L0[]], tr: L7[]
[15:24:35.841801]	Trying ff on 0: L0[], 1: L0[], Ebi: L2[☐10, L7[]], Eib: L2[☐20, ☐25], Eii: L2[☐30, L0[]], put: L2[☐40, V2] -> V0 -> V1 -> L2[☐50, L7[]], tr: L7[]
[15:24:35.841970]	Trying ff on 0: L0[], 1: L0[], Ebi: L2[☐10, L7[]], Eib: L2[☐20, ☐25], Eii: L2[☐30, L0[]], put: L2[☐40, V2] -> V0 -> V1 -> L2[☐50, V0], tr: L7[]
[15:24:35.842136]	Trying ff on 0: L0[], 1: L0[], Ebi: L2[☐10, L7[]], Eib: L2[☐20, ☐25], Eii: L2[☐30, L0[]], put: L2[☐40, V2] -> V0 -> V1 -> L2[☐50, V1], tr: L7[]
[15:24:35.842281]	Trying ff on 0: L0[], 1: L0[], Ebi: L2[☐10, L7[]], Eib: L2[☐20, ☐25], Eii: L2[☐30, L0[]], put: L2[☐40, V2] -> V0 -> V1 -> L2[☐50, V2], tr: L7[]
[15:24:35.842464]	Trying ff on 0: L0[], 1: L0[], Ebi: L2[☐10, L7[]], Eib: L2[☐20, ☐25], Eii: L2[☐30, L0[]], put: L2[☐40, V2] -> V0 -> V1 -> L2[L0[], _9_], tr: L7[]
[15:24:35.842687]	Trying ff on 0: L0[], 1: L0[], Ebi: L2[☐10, L7[]], Eib: L2[☐20, ☐25], Eii: L2[☐30, L0[]], put: L2[☐40, V2] -> V0 -> V1 -> L2[L7[], _9_], tr: L7[]
[15:24:35.842872]	Trying ff on 0: L0[], 1: L0[], Ebi: L2[☐10, L7[]], Eib: L2[☐20, ☐25], Eii: L2[☐30, L0[]], put: L2[☐40, V2] -> V0 -> V1 -> L2[V0, _9_], tr: L7[]
[15:24:35.843033]	Trying ff on 0: L0[], 1: L0[], Ebi: L2[☐10, L7[]], Eib: L2[☐20, ☐25], Eii: L2[☐30, L0[]], put: L2[☐40, V2] -> V0 -> V1 -> L2[V1, _9_], tr: L7[]
[15:24:35.843186]	Trying ff on 0: L0[], 1: L0[], Ebi: L2[☐10, L7[]], Eib: L2[☐20, ☐25], Eii: L2[☐30, L0[]], put: L2[☐40, V2] -> V0 -> V1 -> L2[V2, _9_], tr: L7[]
[15:24:35.843413]	Trying ff on 0: L0[], 1: L0[], Ebi: L2[☐10, L7[]], Eib: L2[☐20, ☐25], Eii: L2[☐30, L0[]], put: L2[L0[], V0] -> V0 -> V1 -> L2[_8_, _9_], tr: L7[]
[15:24:35.843766]	Trying ff on 0: L0[], 1: L0[], Ebi: L2[☐10, L7[]], Eib: L2[☐20, ☐25], Eii: L2[☐30, L0[]], put: L2[L0[], V2] -> V0 -> V1 -> L2[_8_, _9_], tr: L7[]
[15:24:35.844010]	Trying ff on 0: L0[], 1: L0[], Ebi: L2[☐10, L7[]], Eib: L2[☐20, ☐25], Eii: L2[☐30, L0[]], put: L2[L7[], V0] -> V0 -> V1 -> L2[_8_, _9_], tr: L7[]
[15:24:35.844339]	Trying ff on 0: L0[], 1: L0[], Ebi: L2[☐10, L7[]], Eib: L2[☐20, ☐25], Eii: L2[☐30, L0[]], put: L2[L7[], V2] -> V0 -> V1 -> L2[_8_, _9_], tr: L7[]
[15:24:35.844591]	Trying ff on 0: L0[], 1: L0[], Ebi: L2[☐10, L7[]], Eib: L2[☐20, ☐25], Eii: L2[☐30, L0[]], put: L2[V0, V0] -> V0 -> V1 -> L2[_8_, _9_], tr: L7[]
[15:24:35.844814]	Trying ff on 0: L0[], 1: L0[], Ebi: L2[☐10, L7[]], Eib: L2[☐20, ☐25], Eii: L2[☐30, L0[]], put: L2[V0, V2] -> V0 -> V1 -> L2[_8_, _9_], tr: L7[]
[15:24:35.845157]	Trying ff on 0: L0[], 1: L0[], Ebi: L2[☐10, L7[]], Eib: L2[☐20, ☐25], Eii: L2[☐30, L0[]], put: L2[V1, V0] -> V0 -> V1 -> L2[_8_, _9_], tr: L7[]
[15:24:35.845416]	Trying ff on 0: L0[], 1: L0[], Ebi: L2[☐10, L7[]], Eib: L2[☐20, ☐25], Eii: L2[☐30, L0[]], put: L2[V1, V1] -> V0 -> V1 -> L2[_8_, _9_], tr: L7[]
[15:24:35.845708]	Trying ff on 0: L0[], 1: L0[], Ebi: L2[☐10, L7[]], Eib: L2[☐20, ☐25], Eii: L2[☐30, L0[]], put: L2[V1, V2] -> V0 -> V1 -> L2[_8_, _9_], tr: L7[]
[15:24:35.846119]	Trying ff on 0: L0[], 1: L0[], Ebi: L2[☐10, L7[]], Eib: L2[☐20, ☐25], Eii: L2[☐30, L0[]], put: L2[V2, V0] -> V0 -> V1 -> L2[_8_, _9_], tr: L7[]
[15:24:35.846432]	Trying ff on 0: L0[], 1: L0[], Ebi: L2[☐10, L7[]], Eib: L2[☐20, ☐25], Eii: L2[☐30, L0[]], put: L2[V2, V2] -> V0 -> V1 -> L2[_8_, _9_], tr: L7[]
[15:24:35.846720]	Trying ff on 0: L0[], 1: L0[], Ebi: L2[☐10, L7[]], Eib: L2[☐20, ☐25], Eii: L2[☐30, L0[]], put: L2[V2, V3] -> V0 -> V1 -> L2[_8_, _9_], tr: L7[]
[15:24:35.847443]	Trying ff on 0: L0[], 1: L0[], Ebi: L2[☐10, L7[]], Eib: L2[☐20, ☐25], Eii: L2[☐30, L7[]], put: L2[☐40, L7[]] -> V0 -> V1 -> L2[☐50, L7[]], tr: L7[]
[15:24:35.847699]	Trying ff on 0: L0[], 1: L0[], Ebi: L2[☐10, L7[]], Eib: L2[☐20, ☐25], Eii: L2[☐30, L7[]], put: L2[☐40, L7[]] -> V0 -> V1 -> L2[L0[], _9_], tr: L7[]
[15:24:35.847914]	Trying ff on 0: L0[], 1: L0[], Ebi: L2[☐10, L7[]], Eib: L2[☐20, ☐25], Eii: L2[☐30, L7[]], put: L2[☐40, L7[]] -> V0 -> V1 -> L2[L7[], _9_], tr: L7[]
[15:24:35.848133]	Trying ff on 0: L0[], 1: L0[], Ebi: L2[☐10, L7[]], Eib: L2[☐20, ☐25], Eii: L2[☐30, L7[]], put: L2[☐40, L7[]] -> V0 -> V1 -> L2[V0, _9_], tr: L7[]
[15:24:35.848344]	Trying ff on 0: L0[], 1: L0[], Ebi: L2[☐10, L7[]], Eib: L2[☐20, ☐25], Eii: L2[☐30, L7[]], put: L2[☐40, L7[]] -> V0 -> V1 -> L2[V1, _9_], tr: L7[]
[15:24:35.849149]	Trying ff on 0: L0[], 1: L0[], Ebi: L2[☐10, L7[]], Eib: L2[☐20, ☐25], Eii: L2[☐30, L7[]], put: L2[☐40, V2] -> V0 -> V1 -> L2[☐50, L0[]], tr: L7[]
[15:24:35.849394]	Trying ff on 0: L0[], 1: L0[], Ebi: L2[☐10, L7[]], Eib: L2[☐20, ☐25], Eii: L2[☐30, L7[]], put: L2[☐40, V2] -> V0 -> V1 -> L2[☐50, L7[]], tr: L7[]
[15:24:35.849629]	Trying ff on 0: L0[], 1: L0[], Ebi: L2[☐10, L7[]], Eib: L2[☐20, ☐25], Eii: L2[☐30, L7[]], put: L2[☐40, V2] -> V0 -> V1 -> L2[☐50, V0], tr: L7[]
[15:24:35.849816]	Trying ff on 0: L0[], 1: L0[], Ebi: L2[☐10, L7[]], Eib: L2[☐20, ☐25], Eii: L2[☐30, L7[]], put: L2[☐40, V2] -> V0 -> V1 -> L2[☐50, V1], tr: L7[]
[15:24:35.849994]	Trying ff on 0: L0[], 1: L0[], Ebi: L2[☐10, L7[]], Eib: L2[☐20, ☐25], Eii: L2[☐30, L7[]], put: L2[☐40, V2] -> V0 -> V1 -> L2[☐50, V2], tr: L7[]
[15:24:35.850167]	Trying ff on 0: L0[], 1: L0[], Ebi: L2[☐10, L7[]], Eib: L2[☐20, ☐25], Eii: L2[☐30, L7[]], put: L2[☐40, V2] -> V0 -> V1 -> L2[L0[], _9_], tr: L7[]
[15:24:35.850477]	Trying ff on 0: L0[], 1: L0[], Ebi: L2[☐10, L7[]], Eib: L2[☐20, ☐25], Eii: L2[☐30, L7[]], put: L2[☐40, V2] -> V0 -> V1 -> L2[L7[], _9_], tr: L7[]
[15:24:35.850836]	Trying ff on 0: L0[], 1: L0[], Ebi: L2[☐10, L7[]], Eib: L2[☐20, ☐25], Eii: L2[☐30, L7[]], put: L2[☐40, V2] -> V0 -> V1 -> L2[V0, _9_], tr: L7[]
[15:24:35.851106]	Trying ff on 0: L0[], 1: L0[], Ebi: L2[☐10, L7[]], Eib: L2[☐20, ☐25], Eii: L2[☐30, L7[]], put: L2[☐40, V2] -> V0 -> V1 -> L2[V1, _9_], tr: L7[]
[15:24:35.851303]	Trying ff on 0: L0[], 1: L0[], Ebi: L2[☐10, L7[]], Eib: L2[☐20, ☐25], Eii: L2[☐30, L7[]], put: L2[☐40, V2] -> V0 -> V1 -> L2[V2, _9_], tr: L7[]
[15:24:35.851634]	Trying ff on 0: L0[], 1: L0[], Ebi: L2[☐10, L7[]], Eib: L2[☐20, ☐25], Eii: L2[☐30, L7[]], put: L2[L0[], L7[]] -> V0 -> V1 -> L2[_8_, _9_], tr: L7[]
[15:24:35.852107]	Trying ff on 0: L0[], 1: L0[], Ebi: L2[☐10, L7[]], Eib: L2[☐20, ☐25], Eii: L2[☐30, L7[]], put: L2[L0[], V2] -> V0 -> V1 -> L2[_8_, _9_], tr: L7[]
[15:24:35.852433]	Trying ff on 0: L0[], 1: L0[], Ebi: L2[☐10, L7[]], Eib: L2[☐20, ☐25], Eii: L2[☐30, L7[]], put: L2[L7[], L7[]] -> V0 -> V1 -> L2[_8_, _9_], tr: L7[]
[15:24:35.852850]	Trying ff on 0: L0[], 1: L0[], Ebi: L2[☐10, L7[]], Eib: L2[☐20, ☐25], Eii: L2[☐30, L7[]], put: L2[L7[], V2] -> V0 -> V1 -> L2[_8_, _9_], tr: L7[]
[15:24:35.853199]	Trying ff on 0: L0[], 1: L0[], Ebi: L2[☐10, L7[]], Eib: L2[☐20, ☐25], Eii: L2[☐30, L7[]], put: L2[V0, L7[]] -> V0 -> V1 -> L2[_8_, _9_], tr: L7[]
[15:24:35.853597]	Trying ff on 0: L0[], 1: L0[], Ebi: L2[☐10, L7[]], Eib: L2[☐20, ☐25], Eii: L2[☐30, L7[]], put: L2[V0, V0] -> V0 -> V1 -> L2[_8_, _9_], tr: L7[]
[15:24:35.853895]	Trying ff on 0: L0[], 1: L0[], Ebi: L2[☐10, L7[]], Eib: L2[☐20, ☐25], Eii: L2[☐30, L7[]], put: L2[V0, V2] -> V0 -> V1 -> L2[_8_, _9_], tr: L7[]
[15:24:35.854226]	Trying ff on 0: L0[], 1: L0[], Ebi: L2[☐10, L7[]], Eib: L2[☐20, ☐25], Eii: L2[☐30, L7[]], put: L2[V1, L7[]] -> V0 -> V1 -> L2[_8_, _9_], tr: L7[]
[15:24:35.854529]	Trying ff on 0: L0[], 1: L0[], Ebi: L2[☐10, L7[]], Eib: L2[☐20, ☐25], Eii: L2[☐30, L7[]], put: L2[V1, V1] -> V0 -> V1 -> L2[_8_, _9_], tr: L7[]
[15:24:35.854787]	Trying ff on 0: L0[], 1: L0[], Ebi: L2[☐10, L7[]], Eib: L2[☐20, ☐25], Eii: L2[☐30, L7[]], put: L2[V1, V2] -> V0 -> V1 -> L2[_8_, _9_], tr: L7[]
[15:24:35.855124]	Trying ff on 0: L0[], 1: L0[], Ebi: L2[☐10, L7[]], Eib: L2[☐20, ☐25], Eii: L2[☐30, L7[]], put: L2[V2, L7[]] -> V0 -> V1 -> L2[_8_, _9_], tr: L7[]
[15:24:35.855446]	Trying ff on 0: L0[], 1: L0[], Ebi: L2[☐10, L7[]], Eib: L2[☐20, ☐25], Eii: L2[☐30, L7[]], put: L2[V2, V2] -> V0 -> V1 -> L2[_8_, _9_], tr: L7[]
[15:24:35.855672]	Trying ff on 0: L0[], 1: L0[], Ebi: L2[☐10, L7[]], Eib: L2[☐20, ☐25], Eii: L2[☐30, L7[]], put: L2[V2, V3] -> V0 -> V1 -> L2[_8_, _9_], tr: L7[]
[15:24:35.856107]	Trying ff on 0: L0[], 1: L0[], Ebi: L2[☐10, L7[]], Eib: L2[☐20, ☐25], Eii: L2[L0[], ☐35], put: L2[L0[], L7[]] -> V0 -> V1 -> L2[_8_, _9_], tr: L7[]
[15:24:35.856511]	Trying ff on 0: L0[], 1: L0[], Ebi: L2[☐10, L7[]], Eib: L2[☐20, ☐25], Eii: L2[L0[], ☐35], put: L2[L0[], V0] -> V0 -> V1 -> L2[_8_, _9_], tr: L7[]
[15:24:35.856966]	Trying ff on 0: L0[], 1: L0[], Ebi: L2[☐10, L7[]], Eib: L2[☐20, ☐25], Eii: L2[L0[], ☐35], put: L2[L0[], V2] -> V0 -> V1 -> L2[_8_, _9_], tr: L7[]
[15:24:35.857333]	Trying ff on 0: L0[], 1: L0[], Ebi: L2[☐10, L7[]], Eib: L2[☐20, ☐25], Eii: L2[L0[], ☐35], put: L2[V0, L7[]] -> V0 -> V1 -> L2[_8_, _9_], tr: L7[]
[15:24:35.857709]	Trying ff on 0: L0[], 1: L0[], Ebi: L2[☐10, L7[]], Eib: L2[☐20, ☐25], Eii: L2[L0[], ☐35], put: L2[V0, V0] -> V0 -> V1 -> L2[_8_, _9_], tr: L7[]
[15:24:35.857988]	Trying ff on 0: L0[], 1: L0[], Ebi: L2[☐10, L7[]], Eib: L2[☐20, ☐25], Eii: L2[L0[], ☐35], put: L2[V0, V2] -> V0 -> V1 -> L2[_8_, _9_], tr: L7[]
[15:24:35.858298]	Trying ff on 0: L0[], 1: L0[], Ebi: L2[☐10, L7[]], Eib: L2[☐20, ☐25], Eii: L2[L0[], ☐35], put: L2[V1, L7[]] -> V0 -> V1 -> L2[_8_, _9_], tr: L7[]
[15:24:35.858626]	Trying ff on 0: L0[], 1: L0[], Ebi: L2[☐10, L7[]], Eib: L2[☐20, ☐25], Eii: L2[L0[], ☐35], put: L2[V1, V0] -> V0 -> V1 -> L2[_8_, _9_], tr: L7[]
[15:24:35.858906]	Trying ff on 0: L0[], 1: L0[], Ebi: L2[☐10, L7[]], Eib: L2[☐20, ☐25], Eii: L2[L0[], ☐35], put: L2[V1, V1] -> V0 -> V1 -> L2[_8_, _9_], tr: L7[]
[15:24:35.859119]	Trying ff on 0: L0[], 1: L0[], Ebi: L2[☐10, L7[]], Eib: L2[☐20, ☐25], Eii: L2[L0[], ☐35], put: L2[V1, V2] -> V0 -> V1 -> L2[_8_, _9_], tr: L7[]
[15:24:35.859416]	Trying ff on 0: L0[], 1: L0[], Ebi: L2[☐10, L7[]], Eib: L2[☐20, ☐25], Eii: L2[L0[], ☐35], put: L2[V2, L7[]] -> V0 -> V1 -> L2[_8_, _9_], tr: L7[]
[15:24:35.859611]	Trying ff on 0: L0[], 1: L0[], Ebi: L2[☐10, L7[]], Eib: L2[☐20, ☐25], Eii: L2[L0[], ☐35], put: L2[V2, V0] -> V0 -> V1 -> L2[_8_, _9_], tr: L7[]
[15:24:35.859814]	Trying ff on 0: L0[], 1: L0[], Ebi: L2[☐10, L7[]], Eib: L2[☐20, ☐25], Eii: L2[L0[], ☐35], put: L2[V2, V2] -> V0 -> V1 -> L2[_8_, _9_], tr: L7[]
[15:24:35.859995]	Trying ff on 0: L0[], 1: L0[], Ebi: L2[☐10, L7[]], Eib: L2[☐20, ☐25], Eii: L2[L0[], ☐35], put: L2[V2, V3] -> V0 -> V1 -> L2[_8_, _9_], tr: L7[]
[15:24:35.860213]	Trying ff on 0: L0[], 1: L0[], Ebi: L2[☐10, L7[]], Eib: L2[☐20, ☐25], Eii: L2[L0[], L0[]], put: L2[L0[], _7_] -> V0 -> V1 -> L2[_8_, _9_], tr: L7[]
[15:24:35.860391]	Trying ff on 0: L0[], 1: L0[], Ebi: L2[☐10, L7[]], Eib: L2[☐20, ☐25], Eii: L2[L0[], L0[]], put: L2[V0, _7_] -> V0 -> V1 -> L2[_8_, _9_], tr: L7[]
[15:24:35.860627]	Trying ff on 0: L0[], 1: L0[], Ebi: L2[☐10, L7[]], Eib: L2[☐20, ☐25], Eii: L2[L0[], L0[]], put: L2[V1, _7_] -> V0 -> V1 -> L2[_8_, _9_], tr: L7[]
[15:24:35.860856]	Trying ff on 0: L0[], 1: L0[], Ebi: L2[☐10, L7[]], Eib: L2[☐20, ☐25], Eii: L2[L0[], L0[]], put: L2[V2, _7_] -> V0 -> V1 -> L2[_8_, _9_], tr: L7[]
[15:24:35.861189]	Trying ff on 0: L0[], 1: L0[], Ebi: L2[☐10, L7[]], Eib: L2[☐20, ☐25], Eii: L2[L0[], L7[]], put: L2[L0[], _7_] -> V0 -> V1 -> L2[_8_, _9_], tr: L7[]
[15:24:35.861425]	Trying ff on 0: L0[], 1: L0[], Ebi: L2[☐10, L7[]], Eib: L2[☐20, ☐25], Eii: L2[L0[], L7[]], put: L2[V0, _7_] -> V0 -> V1 -> L2[_8_, _9_], tr: L7[]
[15:24:35.861608]	Trying ff on 0: L0[], 1: L0[], Ebi: L2[☐10, L7[]], Eib: L2[☐20, ☐25], Eii: L2[L0[], L7[]], put: L2[V1, _7_] -> V0 -> V1 -> L2[_8_, _9_], tr: L7[]
[15:24:35.861847]	Trying ff on 0: L0[], 1: L0[], Ebi: L2[☐10, L7[]], Eib: L2[☐20, ☐25], Eii: L2[L0[], L7[]], put: L2[V2, _7_] -> V0 -> V1 -> L2[_8_, _9_], tr: L7[]
[15:24:35.862384]	Trying ff on 0: L0[], 1: L0[], Ebi: L2[☐10, L7[]], Eib: L2[☐20, ☐25], Eii: L2[L7[], ☐35], put: L2[L7[], L7[]] -> V0 -> V1 -> L2[_8_, _9_], tr: L7[]
[15:24:35.862882]	Trying ff on 0: L0[], 1: L0[], Ebi: L2[☐10, L7[]], Eib: L2[☐20, ☐25], Eii: L2[L7[], ☐35], put: L2[L7[], V0] -> V0 -> V1 -> L2[_8_, _9_], tr: L7[]
[15:24:35.863311]	Trying ff on 0: L0[], 1: L0[], Ebi: L2[☐10, L7[]], Eib: L2[☐20, ☐25], Eii: L2[L7[], ☐35], put: L2[L7[], V2] -> V0 -> V1 -> L2[_8_, _9_], tr: L7[]
[15:24:35.863730]	Trying ff on 0: L0[], 1: L0[], Ebi: L2[☐10, L7[]], Eib: L2[☐20, ☐25], Eii: L2[L7[], ☐35], put: L2[V2, L7[]] -> V0 -> V1 -> L2[_8_, _9_], tr: L7[]
[15:24:35.863914]	Trying ff on 0: L0[], 1: L0[], Ebi: L2[☐10, L7[]], Eib: L2[☐20, ☐25], Eii: L2[L7[], ☐35], put: L2[V2, V0] -> V0 -> V1 -> L2[_8_, _9_], tr: L7[]
[15:24:35.864113]	Trying ff on 0: L0[], 1: L0[], Ebi: L2[☐10, L7[]], Eib: L2[☐20, ☐25], Eii: L2[L7[], ☐35], put: L2[V2, V2] -> V0 -> V1 -> L2[_8_, _9_], tr: L7[]
[15:24:35.864290]	Trying ff on 0: L0[], 1: L0[], Ebi: L2[☐10, L7[]], Eib: L2[☐20, ☐25], Eii: L2[L7[], ☐35], put: L2[V2, V3] -> V0 -> V1 -> L2[_8_, _9_], tr: L7[]
[15:24:35.864508]	Trying ff on 0: L0[], 1: L0[], Ebi: L2[☐10, L7[]], Eib: L2[☐20, ☐25], Eii: L2[L7[], L0[]], put: L2[L7[], _7_] -> V0 -> V1 -> L2[_8_, _9_], tr: L7[]
[15:24:35.864818]	Trying ff on 0: L0[], 1: L0[], Ebi: L2[☐10, L7[]], Eib: L2[☐20, ☐25], Eii: L2[L7[], L0[]], put: L2[V2, _7_] -> V0 -> V1 -> L2[_8_, _9_], tr: L7[]
[15:24:35.865131]	Trying ff on 0: L0[], 1: L0[], Ebi: L2[☐10, L7[]], Eib: L2[☐20, ☐25], Eii: L2[L7[], L7[]], put: L2[L7[], _7_] -> V0 -> V1 -> L2[_8_, _9_], tr: L7[]
[15:24:35.865543]	Trying ff on 0: L0[], 1: L0[], Ebi: L2[☐10, L7[]], Eib: L2[☐20, ☐25], Eii: L2[L7[], L7[]], put: L2[V2, _7_] -> V0 -> V1 -> L2[_8_, _9_], tr: L7[]
[15:24:35.866510]	Trying ff on 0: L0[], 1: L0[], Ebi: L2[☐10, L7[]], Eib: L2[☐20, L0[]], Eii: L2[☐30, ☐35], put: L2[☐40, V0] -> V0 -> V1 -> L2[☐50, V0], tr: L7[]
[15:24:35.866745]	Trying ff on 0: L0[], 1: L0[], Ebi: L2[☐10, L7[]], Eib: L2[☐20, L0[]], Eii: L2[☐30, ☐35], put: L2[☐40, V0] -> V0 -> V1 -> L2[L0[], _9_], tr: L7[]
[15:24:35.866975]	Trying ff on 0: L0[], 1: L0[], Ebi: L2[☐10, L7[]], Eib: L2[☐20, L0[]], Eii: L2[☐30, ☐35], put: L2[☐40, V0] -> V0 -> V1 -> L2[L7[], _9_], tr: L7[]
[15:24:35.867178]	Trying ff on 0: L0[], 1: L0[], Ebi: L2[☐10, L7[]], Eib: L2[☐20, L0[]], Eii: L2[☐30, ☐35], put: L2[☐40, V0] -> V0 -> V1 -> L2[V0, _9_], tr: L7[]
[15:24:35.867342]	Trying ff on 0: L0[], 1: L0[], Ebi: L2[☐10, L7[]], Eib: L2[☐20, L0[]], Eii: L2[☐30, ☐35], put: L2[☐40, V0] -> V0 -> V1 -> L2[V1, _9_], tr: L7[]
[15:24:35.867814]	Trying ff on 0: L0[], 1: L0[], Ebi: L2[☐10, L7[]], Eib: L2[☐20, L0[]], Eii: L2[☐30, ☐35], put: L2[☐40, V2] -> V0 -> V1 -> L2[☐50, L0[]], tr: L7[]
[15:24:35.867982]	Trying ff on 0: L0[], 1: L0[], Ebi: L2[☐10, L7[]], Eib: L2[☐20, L0[]], Eii: L2[☐30, ☐35], put: L2[☐40, V2] -> V0 -> V1 -> L2[☐50, L7[]], tr: L7[]
[15:24:35.868146]	Trying ff on 0: L0[], 1: L0[], Ebi: L2[☐10, L7[]], Eib: L2[☐20, L0[]], Eii: L2[☐30, ☐35], put: L2[☐40, V2] -> V0 -> V1 -> L2[☐50, V0], tr: L7[]
[15:24:35.868320]	Trying ff on 0: L0[], 1: L0[], Ebi: L2[☐10, L7[]], Eib: L2[☐20, L0[]], Eii: L2[☐30, ☐35], put: L2[☐40, V2] -> V0 -> V1 -> L2[☐50, V1], tr: L7[]
[15:24:35.868530]	Trying ff on 0: L0[], 1: L0[], Ebi: L2[☐10, L7[]], Eib: L2[☐20, L0[]], Eii: L2[☐30, ☐35], put: L2[☐40, V2] -> V0 -> V1 -> L2[☐50, V2], tr: L7[]
[15:24:35.868684]	Trying ff on 0: L0[], 1: L0[], Ebi: L2[☐10, L7[]], Eib: L2[☐20, L0[]], Eii: L2[☐30, ☐35], put: L2[☐40, V2] -> V0 -> V1 -> L2[L0[], _9_], tr: L7[]
[15:24:35.868903]	Trying ff on 0: L0[], 1: L0[], Ebi: L2[☐10, L7[]], Eib: L2[☐20, L0[]], Eii: L2[☐30, ☐35], put: L2[☐40, V2] -> V0 -> V1 -> L2[L7[], _9_], tr: L7[]
[15:24:35.869085]	Trying ff on 0: L0[], 1: L0[], Ebi: L2[☐10, L7[]], Eib: L2[☐20, L0[]], Eii: L2[☐30, ☐35], put: L2[☐40, V2] -> V0 -> V1 -> L2[V0, _9_], tr: L7[]
[15:24:35.869254]	Trying ff on 0: L0[], 1: L0[], Ebi: L2[☐10, L7[]], Eib: L2[☐20, L0[]], Eii: L2[☐30, ☐35], put: L2[☐40, V2] -> V0 -> V1 -> L2[V1, _9_], tr: L7[]
[15:24:35.869463]	Trying ff on 0: L0[], 1: L0[], Ebi: L2[☐10, L7[]], Eib: L2[☐20, L0[]], Eii: L2[☐30, ☐35], put: L2[☐40, V2] -> V0 -> V1 -> L2[V2, _9_], tr: L7[]
[15:24:35.869787]	Trying ff on 0: L0[], 1: L0[], Ebi: L2[☐10, L7[]], Eib: L2[☐20, L0[]], Eii: L2[☐30, ☐35], put: L2[L0[], V0] -> V0 -> V1 -> L2[_8_, _9_], tr: L7[]
[15:24:35.870134]	Trying ff on 0: L0[], 1: L0[], Ebi: L2[☐10, L7[]], Eib: L2[☐20, L0[]], Eii: L2[☐30, ☐35], put: L2[L0[], V2] -> V0 -> V1 -> L2[_8_, _9_], tr: L7[]
[15:24:35.870386]	Trying ff on 0: L0[], 1: L0[], Ebi: L2[☐10, L7[]], Eib: L2[☐20, L0[]], Eii: L2[☐30, ☐35], put: L2[L7[], V0] -> V0 -> V1 -> L2[_8_, _9_], tr: L7[]
[15:24:35.870725]	Trying ff on 0: L0[], 1: L0[], Ebi: L2[☐10, L7[]], Eib: L2[☐20, L0[]], Eii: L2[☐30, ☐35], put: L2[L7[], V2] -> V0 -> V1 -> L2[_8_, _9_], tr: L7[]
[15:24:35.870984]	Trying ff on 0: L0[], 1: L0[], Ebi: L2[☐10, L7[]], Eib: L2[☐20, L0[]], Eii: L2[☐30, ☐35], put: L2[V0, V0] -> V0 -> V1 -> L2[_8_, _9_], tr: L7[]
[15:24:35.871189]	Trying ff on 0: L0[], 1: L0[], Ebi: L2[☐10, L7[]], Eib: L2[☐20, L0[]], Eii: L2[☐30, ☐35], put: L2[V0, V2] -> V0 -> V1 -> L2[_8_, _9_], tr: L7[]
[15:24:35.871470]	Trying ff on 0: L0[], 1: L0[], Ebi: L2[☐10, L7[]], Eib: L2[☐20, L0[]], Eii: L2[☐30, ☐35], put: L2[V1, V0] -> V0 -> V1 -> L2[_8_, _9_], tr: L7[]
[15:24:35.871677]	Trying ff on 0: L0[], 1: L0[], Ebi: L2[☐10, L7[]], Eib: L2[☐20, L0[]], Eii: L2[☐30, ☐35], put: L2[V1, V1] -> V0 -> V1 -> L2[_8_, _9_], tr: L7[]
[15:24:35.871845]	Trying ff on 0: L0[], 1: L0[], Ebi: L2[☐10, L7[]], Eib: L2[☐20, L0[]], Eii: L2[☐30, ☐35], put: L2[V1, V2] -> V0 -> V1 -> L2[_8_, _9_], tr: L7[]
[15:24:35.872122]	Trying ff on 0: L0[], 1: L0[], Ebi: L2[☐10, L7[]], Eib: L2[☐20, L0[]], Eii: L2[☐30, ☐35], put: L2[V2, V0] -> V0 -> V1 -> L2[_8_, _9_], tr: L7[]
[15:24:35.872294]	Trying ff on 0: L0[], 1: L0[], Ebi: L2[☐10, L7[]], Eib: L2[☐20, L0[]], Eii: L2[☐30, ☐35], put: L2[V2, V2] -> V0 -> V1 -> L2[_8_, _9_], tr: L7[]
[15:24:35.872468]	Trying ff on 0: L0[], 1: L0[], Ebi: L2[☐10, L7[]], Eib: L2[☐20, L0[]], Eii: L2[☐30, ☐35], put: L2[V2, V3] -> V0 -> V1 -> L2[_8_, _9_], tr: L7[]
[15:24:35.872780]	Trying ff on 0: L0[], 1: L0[], Ebi: L2[☐10, L7[]], Eib: L2[☐20, L0[]], Eii: L2[☐30, L0[]], put: L2[☐40, V0] -> V0 -> V1 -> L2[_8_, _9_], tr: L7[]
[15:24:35.872950]	Trying ff on 0: L0[], 1: L0[], Ebi: L2[☐10, L7[]], Eib: L2[☐20, L0[]], Eii: L2[☐30, L0[]], put: L2[☐40, V2] -> V0 -> V1 -> L2[_8_, _9_], tr: L7[]
[15:24:35.873118]	Trying ff on 0: L0[], 1: L0[], Ebi: L2[☐10, L7[]], Eib: L2[☐20, L0[]], Eii: L2[☐30, L0[]], put: L2[L0[], _7_] -> V0 -> V1 -> L2[_8_, _9_], tr: L7[]
[15:24:35.873534]	Trying ff on 0: L0[], 1: L0[], Ebi: L2[☐10, L7[]], Eib: L2[☐20, L0[]], Eii: L2[☐30, L0[]], put: L2[L7[], _7_] -> V0 -> V1 -> L2[_8_, _9_], tr: L7[]
[15:24:35.873938]	Trying ff on 0: L0[], 1: L0[], Ebi: L2[☐10, L7[]], Eib: L2[☐20, L0[]], Eii: L2[☐30, L0[]], put: L2[V0, _7_] -> V0 -> V1 -> L2[_8_, _9_], tr: L7[]
[15:24:35.874234]	Trying ff on 0: L0[], 1: L0[], Ebi: L2[☐10, L7[]], Eib: L2[☐20, L0[]], Eii: L2[☐30, L0[]], put: L2[V1, _7_] -> V0 -> V1 -> L2[_8_, _9_], tr: L7[]
[15:24:35.874435]	Trying ff on 0: L0[], 1: L0[], Ebi: L2[☐10, L7[]], Eib: L2[☐20, L0[]], Eii: L2[☐30, L0[]], put: L2[V2, _7_] -> V0 -> V1 -> L2[_8_, _9_], tr: L7[]
[15:24:35.874903]	Trying ff on 0: L0[], 1: L0[], Ebi: L2[☐10, L7[]], Eib: L2[☐20, L0[]], Eii: L2[☐30, L7[]], put: L2[☐40, V2] -> V0 -> V1 -> L2[_8_, _9_], tr: L7[]
[15:24:35.875035]	Trying ff on 0: L0[], 1: L0[], Ebi: L2[☐10, L7[]], Eib: L2[☐20, L0[]], Eii: L2[☐30, L7[]], put: L2[L0[], _7_] -> V0 -> V1 -> L2[_8_, _9_], tr: L7[]
[15:24:35.875248]	Trying ff on 0: L0[], 1: L0[], Ebi: L2[☐10, L7[]], Eib: L2[☐20, L0[]], Eii: L2[☐30, L7[]], put: L2[L7[], _7_] -> V0 -> V1 -> L2[_8_, _9_], tr: L7[]
[15:24:35.875482]	Trying ff on 0: L0[], 1: L0[], Ebi: L2[☐10, L7[]], Eib: L2[☐20, L0[]], Eii: L2[☐30, L7[]], put: L2[V0, _7_] -> V0 -> V1 -> L2[_8_, _9_], tr: L7[]
[15:24:35.875799]	Trying ff on 0: L0[], 1: L0[], Ebi: L2[☐10, L7[]], Eib: L2[☐20, L0[]], Eii: L2[☐30, L7[]], put: L2[V1, _7_] -> V0 -> V1 -> L2[_8_, _9_], tr: L7[]
[15:24:35.876098]	Trying ff on 0: L0[], 1: L0[], Ebi: L2[☐10, L7[]], Eib: L2[☐20, L0[]], Eii: L2[☐30, L7[]], put: L2[V2, _7_] -> V0 -> V1 -> L2[_8_, _9_], tr: L7[]
[15:24:35.876587]	Trying ff on 0: L0[], 1: L0[], Ebi: L2[☐10, L7[]], Eib: L2[☐20, L0[]], Eii: L2[L0[], ☐35], put: L2[L0[], _7_] -> V0 -> V1 -> L2[_8_, _9_], tr: L7[]
[15:24:35.876856]	Trying ff on 0: L0[], 1: L0[], Ebi: L2[☐10, L7[]], Eib: L2[☐20, L0[]], Eii: L2[L0[], ☐35], put: L2[V0, _7_] -> V0 -> V1 -> L2[_8_, _9_], tr: L7[]
[15:24:35.877093]	Trying ff on 0: L0[], 1: L0[], Ebi: L2[☐10, L7[]], Eib: L2[☐20, L0[]], Eii: L2[L0[], ☐35], put: L2[V1, _7_] -> V0 -> V1 -> L2[_8_, _9_], tr: L7[]
[15:24:35.877323]	Trying ff on 0: L0[], 1: L0[], Ebi: L2[☐10, L7[]], Eib: L2[☐20, L0[]], Eii: L2[L0[], ☐35], put: L2[V2, _7_] -> V0 -> V1 -> L2[_8_, _9_], tr: L7[]
[15:24:35.877509]	Trying ff on 0: L0[], 1: L0[], Ebi: L2[☐10, L7[]], Eib: L2[☐20, L0[]], Eii: L2[L0[], L0[]], put: L2[_6_, _7_] -> V0 -> V1 -> L2[_8_, _9_], tr: L7[]
[15:24:35.877743]	Trying ff on 0: L0[], 1: L0[], Ebi: L2[☐10, L7[]], Eib: L2[☐20, L0[]], Eii: L2[L0[], L7[]], put: L2[_6_, _7_] -> V0 -> V1 -> L2[_8_, _9_], tr: L7[]
[15:24:35.878209]	Trying ff on 0: L0[], 1: L0[], Ebi: L2[☐10, L7[]], Eib: L2[☐20, L0[]], Eii: L2[L7[], ☐35], put: L2[L7[], _7_] -> V0 -> V1 -> L2[_8_, _9_], tr: L7[]
[15:24:35.878495]	Trying ff on 0: L0[], 1: L0[], Ebi: L2[☐10, L7[]], Eib: L2[☐20, L0[]], Eii: L2[L7[], ☐35], put: L2[V2, _7_] -> V0 -> V1 -> L2[_8_, _9_], tr: L7[]
[15:24:35.878610]	Trying ff on 0: L0[], 1: L0[], Ebi: L2[☐10, L7[]], Eib: L2[☐20, L0[]], Eii: L2[L7[], L0[]], put: L2[_6_, _7_] -> V0 -> V1 -> L2[_8_, _9_], tr: L7[]
[15:24:35.878755]	Trying ff on 0: L0[], 1: L0[], Ebi: L2[☐10, L7[]], Eib: L2[☐20, L0[]], Eii: L2[L7[], L7[]], put: L2[_6_, _7_] -> V0 -> V1 -> L2[_8_, _9_], tr: L7[]
[15:24:35.879377]	Trying ff on 0: L0[], 1: L0[], Ebi: L2[☐10, L7[]], Eib: L2[☐20, L7[]], Eii: L2[☐30, ☐35], put: L2[☐40, L7[]] -> V0 -> V1 -> L2[☐50, L7[]], tr: L7[]
[15:24:35.879547]	Trying ff on 0: L0[], 1: L0[], Ebi: L2[☐10, L7[]], Eib: L2[☐20, L7[]], Eii: L2[☐30, ☐35], put: L2[☐40, L7[]] -> V0 -> V1 -> L2[L0[], _9_], tr: L7[]
[15:24:35.879686]	Trying ff on 0: L0[], 1: L0[], Ebi: L2[☐10, L7[]], Eib: L2[☐20, L7[]], Eii: L2[☐30, ☐35], put: L2[☐40, L7[]] -> V0 -> V1 -> L2[L7[], _9_], tr: L7[]
[15:24:35.879827]	Trying ff on 0: L0[], 1: L0[], Ebi: L2[☐10, L7[]], Eib: L2[☐20, L7[]], Eii: L2[☐30, ☐35], put: L2[☐40, L7[]] -> V0 -> V1 -> L2[V0, _9_], tr: L7[]
[15:24:35.879974]	Trying ff on 0: L0[], 1: L0[], Ebi: L2[☐10, L7[]], Eib: L2[☐20, L7[]], Eii: L2[☐30, ☐35], put: L2[☐40, L7[]] -> V0 -> V1 -> L2[V1, _9_], tr: L7[]
[15:24:35.880438]	Trying ff on 0: L0[], 1: L0[], Ebi: L2[☐10, L7[]], Eib: L2[☐20, L7[]], Eii: L2[☐30, ☐35], put: L2[☐40, V2] -> V0 -> V1 -> L2[☐50, L0[]], tr: L7[]
[15:24:35.880575]	Trying ff on 0: L0[], 1: L0[], Ebi: L2[☐10, L7[]], Eib: L2[☐20, L7[]], Eii: L2[☐30, ☐35], put: L2[☐40, V2] -> V0 -> V1 -> L2[☐50, L7[]], tr: L7[]
[15:24:35.880717]	Trying ff on 0: L0[], 1: L0[], Ebi: L2[☐10, L7[]], Eib: L2[☐20, L7[]], Eii: L2[☐30, ☐35], put: L2[☐40, V2] -> V0 -> V1 -> L2[☐50, V0], tr: L7[]
[15:24:35.880864]	Trying ff on 0: L0[], 1: L0[], Ebi: L2[☐10, L7[]], Eib: L2[☐20, L7[]], Eii: L2[☐30, ☐35], put: L2[☐40, V2] -> V0 -> V1 -> L2[☐50, V1], tr: L7[]
[15:24:35.880996]	Trying ff on 0: L0[], 1: L0[], Ebi: L2[☐10, L7[]], Eib: L2[☐20, L7[]], Eii: L2[☐30, ☐35], put: L2[☐40, V2] -> V0 -> V1 -> L2[☐50, V2], tr: L7[]
[15:24:35.881122]	Trying ff on 0: L0[], 1: L0[], Ebi: L2[☐10, L7[]], Eib: L2[☐20, L7[]], Eii: L2[☐30, ☐35], put: L2[☐40, V2] -> V0 -> V1 -> L2[L0[], _9_], tr: L7[]
[15:24:35.881261]	Trying ff on 0: L0[], 1: L0[], Ebi: L2[☐10, L7[]], Eib: L2[☐20, L7[]], Eii: L2[☐30, ☐35], put: L2[☐40, V2] -> V0 -> V1 -> L2[L7[], _9_], tr: L7[]
[15:24:35.881444]	Trying ff on 0: L0[], 1: L0[], Ebi: L2[☐10, L7[]], Eib: L2[☐20, L7[]], Eii: L2[☐30, ☐35], put: L2[☐40, V2] -> V0 -> V1 -> L2[V0, _9_], tr: L7[]
[15:24:35.881606]	Trying ff on 0: L0[], 1: L0[], Ebi: L2[☐10, L7[]], Eib: L2[☐20, L7[]], Eii: L2[☐30, ☐35], put: L2[☐40, V2] -> V0 -> V1 -> L2[V1, _9_], tr: L7[]
[15:24:35.881753]	Trying ff on 0: L0[], 1: L0[], Ebi: L2[☐10, L7[]], Eib: L2[☐20, L7[]], Eii: L2[☐30, ☐35], put: L2[☐40, V2] -> V0 -> V1 -> L2[V2, _9_], tr: L7[]
[15:24:35.881968]	Trying ff on 0: L0[], 1: L0[], Ebi: L2[☐10, L7[]], Eib: L2[☐20, L7[]], Eii: L2[☐30, ☐35], put: L2[L0[], L7[]] -> V0 -> V1 -> L2[_8_, _9_], tr: L7[]
[15:24:35.882309]	Trying ff on 0: L0[], 1: L0[], Ebi: L2[☐10, L7[]], Eib: L2[☐20, L7[]], Eii: L2[☐30, ☐35], put: L2[L0[], V2] -> V0 -> V1 -> L2[_8_, _9_], tr: L7[]
[15:24:35.882540]	Trying ff on 0: L0[], 1: L0[], Ebi: L2[☐10, L7[]], Eib: L2[☐20, L7[]], Eii: L2[☐30, ☐35], put: L2[L7[], L7[]] -> V0 -> V1 -> L2[_8_, _9_], tr: L7[]
[15:24:35.882915]	Trying ff on 0: L0[], 1: L0[], Ebi: L2[☐10, L7[]], Eib: L2[☐20, L7[]], Eii: L2[☐30, ☐35], put: L2[L7[], V2] -> V0 -> V1 -> L2[_8_, _9_], tr: L7[]
[15:24:35.883177]	Trying ff on 0: L0[], 1: L0[], Ebi: L2[☐10, L7[]], Eib: L2[☐20, L7[]], Eii: L2[☐30, ☐35], put: L2[V0, L7[]] -> V0 -> V1 -> L2[_8_, _9_], tr: L7[]
[15:24:35.883466]	Trying ff on 0: L0[], 1: L0[], Ebi: L2[☐10, L7[]], Eib: L2[☐20, L7[]], Eii: L2[☐30, ☐35], put: L2[V0, V0] -> V0 -> V1 -> L2[_8_, _9_], tr: L7[]
[15:24:35.883669]	Trying ff on 0: L0[], 1: L0[], Ebi: L2[☐10, L7[]], Eib: L2[☐20, L7[]], Eii: L2[☐30, ☐35], put: L2[V0, V2] -> V0 -> V1 -> L2[_8_, _9_], tr: L7[]
[15:24:35.883928]	Trying ff on 0: L0[], 1: L0[], Ebi: L2[☐10, L7[]], Eib: L2[☐20, L7[]], Eii: L2[☐30, ☐35], put: L2[V1, L7[]] -> V0 -> V1 -> L2[_8_, _9_], tr: L7[]
[15:24:35.884129]	Trying ff on 0: L0[], 1: L0[], Ebi: L2[☐10, L7[]], Eib: L2[☐20, L7[]], Eii: L2[☐30, ☐35], put: L2[V1, V1] -> V0 -> V1 -> L2[_8_, _9_], tr: L7[]
[15:24:35.884302]	Trying ff on 0: L0[], 1: L0[], Ebi: L2[☐10, L7[]], Eib: L2[☐20, L7[]], Eii: L2[☐30, ☐35], put: L2[V1, V2] -> V0 -> V1 -> L2[_8_, _9_], tr: L7[]
[15:24:35.884558]	Trying ff on 0: L0[], 1: L0[], Ebi: L2[☐10, L7[]], Eib: L2[☐20, L7[]], Eii: L2[☐30, ☐35], put: L2[V2, L7[]] -> V0 -> V1 -> L2[_8_, _9_], tr: L7[]
[15:24:35.884809]	Trying ff on 0: L0[], 1: L0[], Ebi: L2[☐10, L7[]], Eib: L2[☐20, L7[]], Eii: L2[☐30, ☐35], put: L2[V2, V2] -> V0 -> V1 -> L2[_8_, _9_], tr: L7[]
[15:24:35.884969]	Trying ff on 0: L0[], 1: L0[], Ebi: L2[☐10, L7[]], Eib: L2[☐20, L7[]], Eii: L2[☐30, ☐35], put: L2[V2, V3] -> V0 -> V1 -> L2[_8_, _9_], tr: L7[]
[15:24:35.885335]	Trying ff on 0: L0[], 1: L0[], Ebi: L2[☐10, L7[]], Eib: L2[☐20, L7[]], Eii: L2[☐30, L0[]], put: L2[☐40, V2] -> V0 -> V1 -> L2[_8_, _9_], tr: L7[]
[15:24:35.885452]	Trying ff on 0: L0[], 1: L0[], Ebi: L2[☐10, L7[]], Eib: L2[☐20, L7[]], Eii: L2[☐30, L0[]], put: L2[L0[], _7_] -> V0 -> V1 -> L2[_8_, _9_], tr: L7[]
[15:24:35.885652]	Trying ff on 0: L0[], 1: L0[], Ebi: L2[☐10, L7[]], Eib: L2[☐20, L7[]], Eii: L2[☐30, L0[]], put: L2[L7[], _7_] -> V0 -> V1 -> L2[_8_, _9_], tr: L7[]
[15:24:35.885824]	Trying ff on 0: L0[], 1: L0[], Ebi: L2[☐10, L7[]], Eib: L2[☐20, L7[]], Eii: L2[☐30, L0[]], put: L2[V0, _7_] -> V0 -> V1 -> L2[_8_, _9_], tr: L7[]
[15:24:35.885990]	Trying ff on 0: L0[], 1: L0[], Ebi: L2[☐10, L7[]], Eib: L2[☐20, L7[]], Eii: L2[☐30, L0[]], put: L2[V1, _7_] -> V0 -> V1 -> L2[_8_, _9_], tr: L7[]
[15:24:35.886208]	Trying ff on 0: L0[], 1: L0[], Ebi: L2[☐10, L7[]], Eib: L2[☐20, L7[]], Eii: L2[☐30, L0[]], put: L2[V2, _7_] -> V0 -> V1 -> L2[_8_, _9_], tr: L7[]
[15:24:35.886492]	Trying ff on 0: L0[], 1: L0[], Ebi: L2[☐10, L7[]], Eib: L2[☐20, L7[]], Eii: L2[☐30, L7[]], put: L2[☐40, L7[]] -> V0 -> V1 -> L2[_8_, _9_], tr: L7[]
[15:24:35.886742]	Trying ff on 0: L0[], 1: L0[], Ebi: L2[☐10, L7[]], Eib: L2[☐20, L7[]], Eii: L2[☐30, L7[]], put: L2[☐40, V2] -> V0 -> V1 -> L2[_8_, _9_], tr: L7[]
[15:24:35.886859]	Trying ff on 0: L0[], 1: L0[], Ebi: L2[☐10, L7[]], Eib: L2[☐20, L7[]], Eii: L2[☐30, L7[]], put: L2[L0[], _7_] -> V0 -> V1 -> L2[_8_, _9_], tr: L7[]
[15:24:35.887033]	Trying ff on 0: L0[], 1: L0[], Ebi: L2[☐10, L7[]], Eib: L2[☐20, L7[]], Eii: L2[☐30, L7[]], put: L2[L7[], _7_] -> V0 -> V1 -> L2[_8_, _9_], tr: L7[]
[15:24:35.887214]	Trying ff on 0: L0[], 1: L0[], Ebi: L2[☐10, L7[]], Eib: L2[☐20, L7[]], Eii: L2[☐30, L7[]], put: L2[V0, _7_] -> V0 -> V1 -> L2[_8_, _9_], tr: L7[]
[15:24:35.887395]	Trying ff on 0: L0[], 1: L0[], Ebi: L2[☐10, L7[]], Eib: L2[☐20, L7[]], Eii: L2[☐30, L7[]], put: L2[V1, _7_] -> V0 -> V1 -> L2[_8_, _9_], tr: L7[]
[15:24:35.887577]	Trying ff on 0: L0[], 1: L0[], Ebi: L2[☐10, L7[]], Eib: L2[☐20, L7[]], Eii: L2[☐30, L7[]], put: L2[V2, _7_] -> V0 -> V1 -> L2[_8_, _9_], tr: L7[]
[15:24:35.887969]	Trying ff on 0: L0[], 1: L0[], Ebi: L2[☐10, L7[]], Eib: L2[☐20, L7[]], Eii: L2[L0[], ☐35], put: L2[L0[], _7_] -> V0 -> V1 -> L2[_8_, _9_], tr: L7[]
[15:24:35.888193]	Trying ff on 0: L0[], 1: L0[], Ebi: L2[☐10, L7[]], Eib: L2[☐20, L7[]], Eii: L2[L0[], ☐35], put: L2[V0, _7_] -> V0 -> V1 -> L2[_8_, _9_], tr: L7[]
[15:24:35.888407]	Trying ff on 0: L0[], 1: L0[], Ebi: L2[☐10, L7[]], Eib: L2[☐20, L7[]], Eii: L2[L0[], ☐35], put: L2[V1, _7_] -> V0 -> V1 -> L2[_8_, _9_], tr: L7[]
[15:24:35.888557]	Trying ff on 0: L0[], 1: L0[], Ebi: L2[☐10, L7[]], Eib: L2[☐20, L7[]], Eii: L2[L0[], ☐35], put: L2[V2, _7_] -> V0 -> V1 -> L2[_8_, _9_], tr: L7[]
[15:24:35.888675]	Trying ff on 0: L0[], 1: L0[], Ebi: L2[☐10, L7[]], Eib: L2[☐20, L7[]], Eii: L2[L0[], L0[]], put: L2[_6_, _7_] -> V0 -> V1 -> L2[_8_, _9_], tr: L7[]
[15:24:35.888798]	Trying ff on 0: L0[], 1: L0[], Ebi: L2[☐10, L7[]], Eib: L2[☐20, L7[]], Eii: L2[L0[], L7[]], put: L2[_6_, _7_] -> V0 -> V1 -> L2[_8_, _9_], tr: L7[]
[15:24:35.889197]	Trying ff on 0: L0[], 1: L0[], Ebi: L2[☐10, L7[]], Eib: L2[☐20, L7[]], Eii: L2[L7[], ☐35], put: L2[L7[], _7_] -> V0 -> V1 -> L2[_8_, _9_], tr: L7[]
[15:24:35.889440]	Trying ff on 0: L0[], 1: L0[], Ebi: L2[☐10, L7[]], Eib: L2[☐20, L7[]], Eii: L2[L7[], ☐35], put: L2[V2, _7_] -> V0 -> V1 -> L2[_8_, _9_], tr: L7[]
[15:24:35.889596]	Trying ff on 0: L0[], 1: L0[], Ebi: L2[☐10, L7[]], Eib: L2[☐20, L7[]], Eii: L2[L7[], L0[]], put: L2[_6_, _7_] -> V0 -> V1 -> L2[_8_, _9_], tr: L7[]
[15:24:35.889759]	Trying ff on 0: L0[], 1: L0[], Ebi: L2[☐10, L7[]], Eib: L2[☐20, L7[]], Eii: L2[L7[], L7[]], put: L2[_6_, _7_] -> V0 -> V1 -> L2[_8_, _9_], tr: L7[]
[15:24:35.890221]	Trying ff on 0: L0[], 1: L0[], Ebi: L2[☐10, L7[]], Eib: L2[L0[], ☐25], Eii: L2[☐30, ☐35], put: L2[L0[], L7[]] -> V0 -> V1 -> L2[_8_, _9_], tr: L7[]
[15:24:35.890486]	Trying ff on 0: L0[], 1: L0[], Ebi: L2[☐10, L7[]], Eib: L2[L0[], ☐25], Eii: L2[☐30, ☐35], put: L2[L0[], V0] -> V0 -> V1 -> L2[_8_, _9_], tr: L7[]
[15:24:35.890843]	Trying ff on 0: L0[], 1: L0[], Ebi: L2[☐10, L7[]], Eib: L2[L0[], ☐25], Eii: L2[☐30, ☐35], put: L2[L0[], V2] -> V0 -> V1 -> L2[_8_, _9_], tr: L7[]
[15:24:35.891077]	Trying ff on 0: L0[], 1: L0[], Ebi: L2[☐10, L7[]], Eib: L2[L0[], ☐25], Eii: L2[☐30, ☐35], put: L2[V0, L7[]] -> V0 -> V1 -> L2[_8_, _9_], tr: L7[]
[15:24:35.891341]	Trying ff on 0: L0[], 1: L0[], Ebi: L2[☐10, L7[]], Eib: L2[L0[], ☐25], Eii: L2[☐30, ☐35], put: L2[V0, V0] -> V0 -> V1 -> L2[_8_, _9_], tr: L7[]
[15:24:35.891529]	Trying ff on 0: L0[], 1: L0[], Ebi: L2[☐10, L7[]], Eib: L2[L0[], ☐25], Eii: L2[☐30, ☐35], put: L2[V0, V2] -> V0 -> V1 -> L2[_8_, _9_], tr: L7[]
[15:24:35.891783]	Trying ff on 0: L0[], 1: L0[], Ebi: L2[☐10, L7[]], Eib: L2[L0[], ☐25], Eii: L2[☐30, ☐35], put: L2[V2, L7[]] -> V0 -> V1 -> L2[_8_, _9_], tr: L7[]
[15:24:35.891938]	Trying ff on 0: L0[], 1: L0[], Ebi: L2[☐10, L7[]], Eib: L2[L0[], ☐25], Eii: L2[☐30, ☐35], put: L2[V2, V0] -> V0 -> V1 -> L2[_8_, _9_], tr: L7[]
[15:24:35.892108]	Trying ff on 0: L0[], 1: L0[], Ebi: L2[☐10, L7[]], Eib: L2[L0[], ☐25], Eii: L2[☐30, ☐35], put: L2[V2, V2] -> V0 -> V1 -> L2[_8_, _9_], tr: L7[]
[15:24:35.892260]	Trying ff on 0: L0[], 1: L0[], Ebi: L2[☐10, L7[]], Eib: L2[L0[], ☐25], Eii: L2[☐30, ☐35], put: L2[V2, V3] -> V0 -> V1 -> L2[_8_, _9_], tr: L7[]
[15:24:35.892439]	Trying ff on 0: L0[], 1: L0[], Ebi: L2[☐10, L7[]], Eib: L2[L0[], ☐25], Eii: L2[☐30, L0[]], put: L2[L0[], _7_] -> V0 -> V1 -> L2[_8_, _9_], tr: L7[]
[15:24:35.892582]	Trying ff on 0: L0[], 1: L0[], Ebi: L2[☐10, L7[]], Eib: L2[L0[], ☐25], Eii: L2[☐30, L0[]], put: L2[V0, _7_] -> V0 -> V1 -> L2[_8_, _9_], tr: L7[]
[15:24:35.892789]	Trying ff on 0: L0[], 1: L0[], Ebi: L2[☐10, L7[]], Eib: L2[L0[], ☐25], Eii: L2[☐30, L0[]], put: L2[V2, _7_] -> V0 -> V1 -> L2[_8_, _9_], tr: L7[]
[15:24:35.893052]	Trying ff on 0: L0[], 1: L0[], Ebi: L2[☐10, L7[]], Eib: L2[L0[], ☐25], Eii: L2[☐30, L7[]], put: L2[L0[], _7_] -> V0 -> V1 -> L2[_8_, _9_], tr: L7[]
[15:24:35.893266]	Trying ff on 0: L0[], 1: L0[], Ebi: L2[☐10, L7[]], Eib: L2[L0[], ☐25], Eii: L2[☐30, L7[]], put: L2[V0, _7_] -> V0 -> V1 -> L2[_8_, _9_], tr: L7[]
[15:24:35.893494]	Trying ff on 0: L0[], 1: L0[], Ebi: L2[☐10, L7[]], Eib: L2[L0[], ☐25], Eii: L2[☐30, L7[]], put: L2[V2, _7_] -> V0 -> V1 -> L2[_8_, _9_], tr: L7[]
[15:24:35.893891]	Trying ff on 0: L0[], 1: L0[], Ebi: L2[☐10, L7[]], Eib: L2[L0[], ☐25], Eii: L2[L0[], ☐35], put: L2[L0[], _7_] -> V0 -> V1 -> L2[_8_, _9_], tr: L7[]
[15:24:35.894106]	Trying ff on 0: L0[], 1: L0[], Ebi: L2[☐10, L7[]], Eib: L2[L0[], ☐25], Eii: L2[L0[], ☐35], put: L2[V0, _7_] -> V0 -> V1 -> L2[_8_, _9_], tr: L7[]
[15:24:35.894273]	Trying ff on 0: L0[], 1: L0[], Ebi: L2[☐10, L7[]], Eib: L2[L0[], ☐25], Eii: L2[L0[], ☐35], put: L2[V2, _7_] -> V0 -> V1 -> L2[_8_, _9_], tr: L7[]
[15:24:35.894398]	Trying ff on 0: L0[], 1: L0[], Ebi: L2[☐10, L7[]], Eib: L2[L0[], ☐25], Eii: L2[L0[], L0[]], put: L2[_6_, _7_] -> V0 -> V1 -> L2[_8_, _9_], tr: L7[]
[15:24:35.894554]	Trying ff on 0: L0[], 1: L0[], Ebi: L2[☐10, L7[]], Eib: L2[L0[], ☐25], Eii: L2[L0[], L7[]], put: L2[_6_, _7_] -> V0 -> V1 -> L2[_8_, _9_], tr: L7[]
[15:24:35.894963]	Trying ff on 0: L0[], 1: L0[], Ebi: L2[☐10, L7[]], Eib: L2[L0[], ☐25], Eii: L2[L7[], ☐35], put: L2[V2, _7_] -> V0 -> V1 -> L2[_8_, _9_], tr: L7[]
[15:24:35.895085]	Trying ff on 0: L0[], 1: L0[], Ebi: L2[☐10, L7[]], Eib: L2[L0[], ☐25], Eii: L2[L7[], L0[]], put: L2[_6_, _7_] -> V0 -> V1 -> L2[_8_, _9_], tr: L7[]
[15:24:35.895196]	Trying ff on 0: L0[], 1: L0[], Ebi: L2[☐10, L7[]], Eib: L2[L0[], ☐25], Eii: L2[L7[], L7[]], put: L2[_6_, _7_] -> V0 -> V1 -> L2[_8_, _9_], tr: L7[]
[15:24:35.895670]	Trying ff on 0: L0[], 1: L0[], Ebi: L2[☐10, L7[]], Eib: L2[L0[], L0[]], Eii: L2[☐30, ☐35], put: L2[L0[], _7_] -> V0 -> V1 -> L2[_8_, _9_], tr: L7[]
[15:24:35.895835]	Trying ff on 0: L0[], 1: L0[], Ebi: L2[☐10, L7[]], Eib: L2[L0[], L0[]], Eii: L2[☐30, ☐35], put: L2[V0, _7_] -> V0 -> V1 -> L2[_8_, _9_], tr: L7[]
[15:24:35.896003]	Trying ff on 0: L0[], 1: L0[], Ebi: L2[☐10, L7[]], Eib: L2[L0[], L0[]], Eii: L2[☐30, ☐35], put: L2[V2, _7_] -> V0 -> V1 -> L2[_8_, _9_], tr: L7[]
[15:24:35.896113]	Trying ff on 0: L0[], 1: L0[], Ebi: L2[☐10, L7[]], Eib: L2[L0[], L0[]], Eii: L2[☐30, L0[]], put: L2[_6_, _7_] -> V0 -> V1 -> L2[_8_, _9_], tr: L7[]
[15:24:35.896265]	Trying ff on 0: L0[], 1: L0[], Ebi: L2[☐10, L7[]], Eib: L2[L0[], L0[]], Eii: L2[☐30, L7[]], put: L2[_6_, _7_] -> V0 -> V1 -> L2[_8_, _9_], tr: L7[]
[15:24:35.896387]	Trying ff on 0: L0[], 1: L0[], Ebi: L2[☐10, L7[]], Eib: L2[L0[], L0[]], Eii: L2[L0[], _5_], put: L2[_6_, _7_] -> V0 -> V1 -> L2[_8_, _9_], tr: L7[]
[15:24:35.896543]	Trying ff on 0: L0[], 1: L0[], Ebi: L2[☐10, L7[]], Eib: L2[L0[], L0[]], Eii: L2[L7[], _5_], put: L2[_6_, _7_] -> V0 -> V1 -> L2[_8_, _9_], tr: L7[]
[15:24:35.897018]	Trying ff on 0: L0[], 1: L0[], Ebi: L2[☐10, L7[]], Eib: L2[L0[], L7[]], Eii: L2[☐30, ☐35], put: L2[L0[], _7_] -> V0 -> V1 -> L2[_8_, _9_], tr: L7[]
[15:24:35.897182]	Trying ff on 0: L0[], 1: L0[], Ebi: L2[☐10, L7[]], Eib: L2[L0[], L7[]], Eii: L2[☐30, ☐35], put: L2[V0, _7_] -> V0 -> V1 -> L2[_8_, _9_], tr: L7[]
[15:24:35.897398]	Trying ff on 0: L0[], 1: L0[], Ebi: L2[☐10, L7[]], Eib: L2[L0[], L7[]], Eii: L2[☐30, ☐35], put: L2[V2, _7_] -> V0 -> V1 -> L2[_8_, _9_], tr: L7[]
[15:24:35.897536]	Trying ff on 0: L0[], 1: L0[], Ebi: L2[☐10, L7[]], Eib: L2[L0[], L7[]], Eii: L2[☐30, L0[]], put: L2[_6_, _7_] -> V0 -> V1 -> L2[_8_, _9_], tr: L7[]
[15:24:35.897689]	Trying ff on 0: L0[], 1: L0[], Ebi: L2[☐10, L7[]], Eib: L2[L0[], L7[]], Eii: L2[☐30, L7[]], put: L2[_6_, _7_] -> V0 -> V1 -> L2[_8_, _9_], tr: L7[]
[15:24:35.897821]	Trying ff on 0: L0[], 1: L0[], Ebi: L2[☐10, L7[]], Eib: L2[L0[], L7[]], Eii: L2[L0[], _5_], put: L2[_6_, _7_] -> V0 -> V1 -> L2[_8_, _9_], tr: L7[]
[15:24:35.897947]	Trying ff on 0: L0[], 1: L0[], Ebi: L2[☐10, L7[]], Eib: L2[L0[], L7[]], Eii: L2[L7[], _5_], put: L2[_6_, _7_] -> V0 -> V1 -> L2[_8_, _9_], tr: L7[]
[15:24:35.898435]	Trying ff on 0: L0[], 1: L0[], Ebi: L2[☐10, L7[]], Eib: L2[L7[], ☐25], Eii: L2[☐30, ☐35], put: L2[L7[], L7[]] -> V0 -> V1 -> L2[_8_, _9_], tr: L7[]
[15:24:35.898780]	Trying ff on 0: L0[], 1: L0[], Ebi: L2[☐10, L7[]], Eib: L2[L7[], ☐25], Eii: L2[☐30, ☐35], put: L2[L7[], V0] -> V0 -> V1 -> L2[_8_, _9_], tr: L7[]
[15:24:35.899092]	Trying ff on 0: L0[], 1: L0[], Ebi: L2[☐10, L7[]], Eib: L2[L7[], ☐25], Eii: L2[☐30, ☐35], put: L2[L7[], V2] -> V0 -> V1 -> L2[_8_, _9_], tr: L7[]
[15:24:35.899357]	Trying ff on 0: L0[], 1: L0[], Ebi: L2[☐10, L7[]], Eib: L2[L7[], ☐25], Eii: L2[☐30, ☐35], put: L2[V1, L7[]] -> V0 -> V1 -> L2[_8_, _9_], tr: L7[]
[15:24:35.899548]	Trying ff on 0: L0[], 1: L0[], Ebi: L2[☐10, L7[]], Eib: L2[L7[], ☐25], Eii: L2[☐30, ☐35], put: L2[V1, V0] -> V0 -> V1 -> L2[_8_, _9_], tr: L7[]
[15:24:35.899721]	Trying ff on 0: L0[], 1: L0[], Ebi: L2[☐10, L7[]], Eib: L2[L7[], ☐25], Eii: L2[☐30, ☐35], put: L2[V1, V1] -> V0 -> V1 -> L2[_8_, _9_], tr: L7[]
[15:24:35.899874]	Trying ff on 0: L0[], 1: L0[], Ebi: L2[☐10, L7[]], Eib: L2[L7[], ☐25], Eii: L2[☐30, ☐35], put: L2[V1, V2] -> V0 -> V1 -> L2[_8_, _9_], tr: L7[]
[15:24:35.900128]	Trying ff on 0: L0[], 1: L0[], Ebi: L2[☐10, L7[]], Eib: L2[L7[], ☐25], Eii: L2[☐30, ☐35], put: L2[V2, L7[]] -> V0 -> V1 -> L2[_8_, _9_], tr: L7[]
[15:24:35.900318]	Trying ff on 0: L0[], 1: L0[], Ebi: L2[☐10, L7[]], Eib: L2[L7[], ☐25], Eii: L2[☐30, ☐35], put: L2[V2, V0] -> V0 -> V1 -> L2[_8_, _9_], tr: L7[]
[15:24:35.900500]	Trying ff on 0: L0[], 1: L0[], Ebi: L2[☐10, L7[]], Eib: L2[L7[], ☐25], Eii: L2[☐30, ☐35], put: L2[V2, V2] -> V0 -> V1 -> L2[_8_, _9_], tr: L7[]
[15:24:35.900729]	Trying ff on 0: L0[], 1: L0[], Ebi: L2[☐10, L7[]], Eib: L2[L7[], ☐25], Eii: L2[☐30, ☐35], put: L2[V2, V3] -> V0 -> V1 -> L2[_8_, _9_], tr: L7[]
[15:24:35.901015]	Trying ff on 0: L0[], 1: L0[], Ebi: L2[☐10, L7[]], Eib: L2[L7[], ☐25], Eii: L2[☐30, L0[]], put: L2[L7[], _7_] -> V0 -> V1 -> L2[_8_, _9_], tr: L7[]
[15:24:35.901242]	Trying ff on 0: L0[], 1: L0[], Ebi: L2[☐10, L7[]], Eib: L2[L7[], ☐25], Eii: L2[☐30, L0[]], put: L2[V1, _7_] -> V0 -> V1 -> L2[_8_, _9_], tr: L7[]
[15:24:35.901447]	Trying ff on 0: L0[], 1: L0[], Ebi: L2[☐10, L7[]], Eib: L2[L7[], ☐25], Eii: L2[☐30, L0[]], put: L2[V2, _7_] -> V0 -> V1 -> L2[_8_, _9_], tr: L7[]
[15:24:35.901742]	Trying ff on 0: L0[], 1: L0[], Ebi: L2[☐10, L7[]], Eib: L2[L7[], ☐25], Eii: L2[☐30, L7[]], put: L2[L7[], _7_] -> V0 -> V1 -> L2[_8_, _9_], tr: L7[]
[15:24:35.901924]	Trying ff on 0: L0[], 1: L0[], Ebi: L2[☐10, L7[]], Eib: L2[L7[], ☐25], Eii: L2[☐30, L7[]], put: L2[V1, _7_] -> V0 -> V1 -> L2[_8_, _9_], tr: L7[]
[15:24:35.902086]	Trying ff on 0: L0[], 1: L0[], Ebi: L2[☐10, L7[]], Eib: L2[L7[], ☐25], Eii: L2[☐30, L7[]], put: L2[V2, _7_] -> V0 -> V1 -> L2[_8_, _9_], tr: L7[]
[15:24:35.902397]	Trying ff on 0: L0[], 1: L0[], Ebi: L2[☐10, L7[]], Eib: L2[L7[], ☐25], Eii: L2[L0[], ☐35], put: L2[V1, _7_] -> V0 -> V1 -> L2[_8_, _9_], tr: L7[]
[15:24:35.902597]	Trying ff on 0: L0[], 1: L0[], Ebi: L2[☐10, L7[]], Eib: L2[L7[], ☐25], Eii: L2[L0[], ☐35], put: L2[V2, _7_] -> V0 -> V1 -> L2[_8_, _9_], tr: L7[]
[15:24:35.902740]	Trying ff on 0: L0[], 1: L0[], Ebi: L2[☐10, L7[]], Eib: L2[L7[], ☐25], Eii: L2[L0[], L0[]], put: L2[_6_, _7_] -> V0 -> V1 -> L2[_8_, _9_], tr: L7[]
[15:24:35.902866]	Trying ff on 0: L0[], 1: L0[], Ebi: L2[☐10, L7[]], Eib: L2[L7[], ☐25], Eii: L2[L0[], L7[]], put: L2[_6_, _7_] -> V0 -> V1 -> L2[_8_, _9_], tr: L7[]
[15:24:35.903154]	Trying ff on 0: L0[], 1: L0[], Ebi: L2[☐10, L7[]], Eib: L2[L7[], ☐25], Eii: L2[L7[], ☐35], put: L2[L7[], _7_] -> V0 -> V1 -> L2[_8_, _9_], tr: L7[]
[15:24:35.903363]	Trying ff on 0: L0[], 1: L0[], Ebi: L2[☐10, L7[]], Eib: L2[L7[], ☐25], Eii: L2[L7[], ☐35], put: L2[V2, _7_] -> V0 -> V1 -> L2[_8_, _9_], tr: L7[]
[15:24:35.903484]	Trying ff on 0: L0[], 1: L0[], Ebi: L2[☐10, L7[]], Eib: L2[L7[], ☐25], Eii: L2[L7[], L0[]], put: L2[_6_, _7_] -> V0 -> V1 -> L2[_8_, _9_], tr: L7[]
[15:24:35.903617]	Trying ff on 0: L0[], 1: L0[], Ebi: L2[☐10, L7[]], Eib: L2[L7[], ☐25], Eii: L2[L7[], L7[]], put: L2[_6_, _7_] -> V0 -> V1 -> L2[_8_, _9_], tr: L7[]
[15:24:35.904128]	Trying ff on 0: L0[], 1: L0[], Ebi: L2[☐10, L7[]], Eib: L2[L7[], L0[]], Eii: L2[☐30, ☐35], put: L2[L7[], _7_] -> V0 -> V1 -> L2[_8_, _9_], tr: L7[]
[15:24:35.912054]	Trying ff on 0: L0[], 1: L0[], Ebi: L2[☐10, L7[]], Eib: L2[L7[], L0[]], Eii: L2[☐30, ☐35], put: L2[V1, _7_] -> V0 -> V1 -> L2[_8_, _9_], tr: L7[]
[15:24:35.912401]	Trying ff on 0: L0[], 1: L0[], Ebi: L2[☐10, L7[]], Eib: L2[L7[], L0[]], Eii: L2[☐30, ☐35], put: L2[V2, _7_] -> V0 -> V1 -> L2[_8_, _9_], tr: L7[]
[15:24:35.912596]	Trying ff on 0: L0[], 1: L0[], Ebi: L2[☐10, L7[]], Eib: L2[L7[], L0[]], Eii: L2[☐30, L0[]], put: L2[_6_, _7_] -> V0 -> V1 -> L2[_8_, _9_], tr: L7[]
[15:24:35.912800]	Trying ff on 0: L0[], 1: L0[], Ebi: L2[☐10, L7[]], Eib: L2[L7[], L0[]], Eii: L2[☐30, L7[]], put: L2[_6_, _7_] -> V0 -> V1 -> L2[_8_, _9_], tr: L7[]
[15:24:35.912977]	Trying ff on 0: L0[], 1: L0[], Ebi: L2[☐10, L7[]], Eib: L2[L7[], L0[]], Eii: L2[L0[], _5_], put: L2[_6_, _7_] -> V0 -> V1 -> L2[_8_, _9_], tr: L7[]
[15:24:35.913132]	Trying ff on 0: L0[], 1: L0[], Ebi: L2[☐10, L7[]], Eib: L2[L7[], L0[]], Eii: L2[L7[], _5_], put: L2[_6_, _7_] -> V0 -> V1 -> L2[_8_, _9_], tr: L7[]
[15:24:35.913682]	Trying ff on 0: L0[], 1: L0[], Ebi: L2[☐10, L7[]], Eib: L2[L7[], L7[]], Eii: L2[☐30, ☐35], put: L2[L7[], _7_] -> V0 -> V1 -> L2[_8_, _9_], tr: L7[]
[15:24:35.914001]	Trying ff on 0: L0[], 1: L0[], Ebi: L2[☐10, L7[]], Eib: L2[L7[], L7[]], Eii: L2[☐30, ☐35], put: L2[V1, _7_] -> V0 -> V1 -> L2[_8_, _9_], tr: L7[]
[15:24:35.914248]	Trying ff on 0: L0[], 1: L0[], Ebi: L2[☐10, L7[]], Eib: L2[L7[], L7[]], Eii: L2[☐30, ☐35], put: L2[V2, _7_] -> V0 -> V1 -> L2[_8_, _9_], tr: L7[]
[15:24:35.914461]	Trying ff on 0: L0[], 1: L0[], Ebi: L2[☐10, L7[]], Eib: L2[L7[], L7[]], Eii: L2[☐30, L0[]], put: L2[_6_, _7_] -> V0 -> V1 -> L2[_8_, _9_], tr: L7[]
[15:24:35.914637]	Trying ff on 0: L0[], 1: L0[], Ebi: L2[☐10, L7[]], Eib: L2[L7[], L7[]], Eii: L2[☐30, L7[]], put: L2[_6_, _7_] -> V0 -> V1 -> L2[_8_, _9_], tr: L7[]
[15:24:35.914851]	Trying ff on 0: L0[], 1: L0[], Ebi: L2[☐10, L7[]], Eib: L2[L7[], L7[]], Eii: L2[L0[], _5_], put: L2[_6_, _7_] -> V0 -> V1 -> L2[_8_, _9_], tr: L7[]
[15:24:35.915038]	Trying ff on 0: L0[], 1: L0[], Ebi: L2[☐10, L7[]], Eib: L2[L7[], L7[]], Eii: L2[L7[], _5_], put: L2[_6_, _7_] -> V0 -> V1 -> L2[_8_, _9_], tr: L7[]
[15:24:35.916443]	Trying ff on 0: L0[], 1: L0[], Ebi: L2[L0[], ☐15], Eib: L2[☐20, ☐25], Eii: L2[☐30, ☐35], put: L2[L0[], ☐45] -> V0 -> V1 -> L2[L0[], L0[]], tr: L7[]
[15:24:35.916720]	Trying ff on 0: L0[], 1: L0[], Ebi: L2[L0[], ☐15], Eib: L2[☐20, ☐25], Eii: L2[☐30, ☐35], put: L2[L0[], ☐45] -> V0 -> V1 -> L2[L0[], L7[]], tr: L7[]
[15:24:35.916941]	Trying ff on 0: L0[], 1: L0[], Ebi: L2[L0[], ☐15], Eib: L2[☐20, ☐25], Eii: L2[☐30, ☐35], put: L2[L0[], ☐45] -> V0 -> V1 -> L2[L0[], V0], tr: L7[]
[15:24:35.917146]	Trying ff on 0: L0[], 1: L0[], Ebi: L2[L0[], ☐15], Eib: L2[☐20, ☐25], Eii: L2[☐30, ☐35], put: L2[L0[], ☐45] -> V0 -> V1 -> L2[L0[], V1], tr: L7[]
[15:24:35.917653]	Trying ff on 0: L0[], 1: L0[], Ebi: L2[L0[], ☐15], Eib: L2[☐20, ☐25], Eii: L2[☐30, ☐35], put: L2[L0[], L0[]] -> V0 -> V1 -> L2[L0[], _9_], tr: L7[]
[15:24:35.918540]	Trying ff on 0: L0[], 1: L0[], Ebi: L2[L0[], ☐15], Eib: L2[☐20, ☐25], Eii: L2[☐30, ☐35], put: L2[L0[], L7[]] -> V0 -> V1 -> L2[L0[], _9_], tr: L7[]
[15:24:35.919264]	Trying ff on 0: L0[], 1: L0[], Ebi: L2[L0[], ☐15], Eib: L2[☐20, ☐25], Eii: L2[☐30, ☐35], put: L2[L0[], V0] -> V0 -> V1 -> L2[L0[], _9_], tr: L7[]
[15:24:35.919725]	Trying ff on 0: L0[], 1: L0[], Ebi: L2[L0[], ☐15], Eib: L2[☐20, ☐25], Eii: L2[☐30, ☐35], put: L2[L0[], V0] -> V0 -> V1 -> L2[V0, _9_], tr: L7[]
[15:24:35.920188]	Trying ff on 0: L0[], 1: L0[], Ebi: L2[L0[], ☐15], Eib: L2[☐20, ☐25], Eii: L2[☐30, ☐35], put: L2[L0[], V1] -> V0 -> V1 -> L2[L0[], _9_], tr: L7[]
[15:24:35.920549]	Trying ff on 0: L0[], 1: L0[], Ebi: L2[L0[], ☐15], Eib: L2[☐20, ☐25], Eii: L2[☐30, ☐35], put: L2[L0[], V1] -> V0 -> V1 -> L2[V1, _9_], tr: L7[]
[15:24:35.921]	Trying ff on 0: L0[], 1: L0[], Ebi: L2[L0[], ☐15], Eib: L2[☐20, ☐25], Eii: L2[☐30, ☐35], put: L2[L0[], V2] -> V0 -> V1 -> L2[L0[], _9_], tr: L7[]
[15:24:35.921338]	Trying ff on 0: L0[], 1: L0[], Ebi: L2[L0[], ☐15], Eib: L2[☐20, ☐25], Eii: L2[☐30, ☐35], put: L2[L0[], V2] -> V0 -> V1 -> L2[V2, _9_], tr: L7[]
[15:24:35.922064]	Trying ff on 0: L0[], 1: L0[], Ebi: L2[L0[], ☐15], Eib: L2[☐20, ☐25], Eii: L2[☐30, ☐35], put: L2[V1, ☐45] -> V0 -> V1 -> L2[V1, L0[]], tr: L7[]
[15:24:35.922248]	Trying ff on 0: L0[], 1: L0[], Ebi: L2[L0[], ☐15], Eib: L2[☐20, ☐25], Eii: L2[☐30, ☐35], put: L2[V1, ☐45] -> V0 -> V1 -> L2[V1, L7[]], tr: L7[]
[15:24:35.922434]	Trying ff on 0: L0[], 1: L0[], Ebi: L2[L0[], ☐15], Eib: L2[☐20, ☐25], Eii: L2[☐30, ☐35], put: L2[V1, ☐45] -> V0 -> V1 -> L2[V1, V0], tr: L7[]
[15:24:35.922593]	Trying ff on 0: L0[], 1: L0[], Ebi: L2[L0[], ☐15], Eib: L2[☐20, ☐25], Eii: L2[☐30, ☐35], put: L2[V1, ☐45] -> V0 -> V1 -> L2[V1, V1], tr: L7[]
[15:24:35.922947]	Trying ff on 0: L0[], 1: L0[], Ebi: L2[L0[], ☐15], Eib: L2[☐20, ☐25], Eii: L2[☐30, ☐35], put: L2[V1, L0[]] -> V0 -> V1 -> L2[V1, _9_], tr: L7[]
[15:24:35.923371]	Trying ff on 0: L0[], 1: L0[], Ebi: L2[L0[], ☐15], Eib: L2[☐20, ☐25], Eii: L2[☐30, ☐35], put: L2[V1, L7[]] -> V0 -> V1 -> L2[V1, _9_], tr: L7[]
[15:24:35.923776]	Trying ff on 0: L0[], 1: L0[], Ebi: L2[L0[], ☐15], Eib: L2[☐20, ☐25], Eii: L2[☐30, ☐35], put: L2[V1, V0] -> V0 -> V1 -> L2[V0, _9_], tr: L7[]
[15:24:35.923950]	Trying ff on 0: L0[], 1: L0[], Ebi: L2[L0[], ☐15], Eib: L2[☐20, ☐25], Eii: L2[☐30, ☐35], put: L2[V1, V0] -> V0 -> V1 -> L2[V1, _9_], tr: L7[]
[15:24:35.924441]	Trying ff on 0: L0[], 1: L0[], Ebi: L2[L0[], ☐15], Eib: L2[☐20, ☐25], Eii: L2[☐30, ☐35], put: L2[V1, V1] -> V0 -> V1 -> L2[V1, _9_], tr: L7[]
[15:24:35.924755]	Trying ff on 0: L0[], 1: L0[], Ebi: L2[L0[], ☐15], Eib: L2[☐20, ☐25], Eii: L2[☐30, ☐35], put: L2[V1, V2] -> V0 -> V1 -> L2[V1, _9_], tr: L7[]
[15:24:35.924943]	Trying ff on 0: L0[], 1: L0[], Ebi: L2[L0[], ☐15], Eib: L2[☐20, ☐25], Eii: L2[☐30, ☐35], put: L2[V1, V2] -> V0 -> V1 -> L2[V2, _9_], tr: L7[]
[15:24:35.926234]	Trying ff on 0: L0[], 1: L0[], Ebi: L2[L0[], ☐15], Eib: L2[☐20, ☐25], Eii: L2[☐30, ☐35], put: L2[V2, ☐45] -> V0 -> V1 -> L2[L0[], L0[]], tr: L7[]
[15:24:35.926442]	Trying ff on 0: L0[], 1: L0[], Ebi: L2[L0[], ☐15], Eib: L2[☐20, ☐25], Eii: L2[☐30, ☐35], put: L2[V2, ☐45] -> V0 -> V1 -> L2[L0[], L7[]], tr: L7[]
[15:24:35.926635]	Trying ff on 0: L0[], 1: L0[], Ebi: L2[L0[], ☐15], Eib: L2[☐20, ☐25], Eii: L2[☐30, ☐35], put: L2[V2, ☐45] -> V0 -> V1 -> L2[L0[], V0], tr: L7[]
[15:24:35.926823]	Trying ff on 0: L0[], 1: L0[], Ebi: L2[L0[], ☐15], Eib: L2[☐20, ☐25], Eii: L2[☐30, ☐35], put: L2[V2, ☐45] -> V0 -> V1 -> L2[L0[], V1], tr: L7[]
[15:24:35.926981]	Trying ff on 0: L0[], 1: L0[], Ebi: L2[L0[], ☐15], Eib: L2[☐20, ☐25], Eii: L2[☐30, ☐35], put: L2[V2, ☐45] -> V0 -> V1 -> L2[L0[], V2], tr: L7[]
[15:24:35.927468]	Trying ff on 0: L0[], 1: L0[], Ebi: L2[L0[], ☐15], Eib: L2[☐20, ☐25], Eii: L2[☐30, ☐35], put: L2[V2, ☐45] -> V0 -> V1 -> L2[L7[], L0[]], tr: L7[]
[15:24:35.927636]	Trying ff on 0: L0[], 1: L0[], Ebi: L2[L0[], ☐15], Eib: L2[☐20, ☐25], Eii: L2[☐30, ☐35], put: L2[V2, ☐45] -> V0 -> V1 -> L2[L7[], L7[]], tr: L7[]
[15:24:35.927878]	Trying ff on 0: L0[], 1: L0[], Ebi: L2[L0[], ☐15], Eib: L2[☐20, ☐25], Eii: L2[☐30, ☐35], put: L2[V2, ☐45] -> V0 -> V1 -> L2[L7[], V0], tr: L7[]
[15:24:35.928048]	Trying ff on 0: L0[], 1: L0[], Ebi: L2[L0[], ☐15], Eib: L2[☐20, ☐25], Eii: L2[☐30, ☐35], put: L2[V2, ☐45] -> V0 -> V1 -> L2[L7[], V1], tr: L7[]
[15:24:35.928241]	Trying ff on 0: L0[], 1: L0[], Ebi: L2[L0[], ☐15], Eib: L2[☐20, ☐25], Eii: L2[☐30, ☐35], put: L2[V2, ☐45] -> V0 -> V1 -> L2[L7[], V2], tr: L7[]
[15:24:35.928627]	Trying ff on 0: L0[], 1: L0[], Ebi: L2[L0[], ☐15], Eib: L2[☐20, ☐25], Eii: L2[☐30, ☐35], put: L2[V2, ☐45] -> V0 -> V1 -> L2[V0, L0[]], tr: L7[]
[15:24:35.928796]	Trying ff on 0: L0[], 1: L0[], Ebi: L2[L0[], ☐15], Eib: L2[☐20, ☐25], Eii: L2[☐30, ☐35], put: L2[V2, ☐45] -> V0 -> V1 -> L2[V0, L7[]], tr: L7[]
[15:24:35.928968]	Trying ff on 0: L0[], 1: L0[], Ebi: L2[L0[], ☐15], Eib: L2[☐20, ☐25], Eii: L2[☐30, ☐35], put: L2[V2, ☐45] -> V0 -> V1 -> L2[V0, V0], tr: L7[]
[15:24:35.929133]	Trying ff on 0: L0[], 1: L0[], Ebi: L2[L0[], ☐15], Eib: L2[☐20, ☐25], Eii: L2[☐30, ☐35], put: L2[V2, ☐45] -> V0 -> V1 -> L2[V0, V1], tr: L7[]
[15:24:35.929303]	Trying ff on 0: L0[], 1: L0[], Ebi: L2[L0[], ☐15], Eib: L2[☐20, ☐25], Eii: L2[☐30, ☐35], put: L2[V2, ☐45] -> V0 -> V1 -> L2[V0, V2], tr: L7[]
[15:24:35.929684]	Trying ff on 0: L0[], 1: L0[], Ebi: L2[L0[], ☐15], Eib: L2[☐20, ☐25], Eii: L2[☐30, ☐35], put: L2[V2, ☐45] -> V0 -> V1 -> L2[V1, L0[]], tr: L7[]
[15:24:35.929860]	Trying ff on 0: L0[], 1: L0[], Ebi: L2[L0[], ☐15], Eib: L2[☐20, ☐25], Eii: L2[☐30, ☐35], put: L2[V2, ☐45] -> V0 -> V1 -> L2[V1, L7[]], tr: L7[]
[15:24:35.930033]	Trying ff on 0: L0[], 1: L0[], Ebi: L2[L0[], ☐15], Eib: L2[☐20, ☐25], Eii: L2[☐30, ☐35], put: L2[V2, ☐45] -> V0 -> V1 -> L2[V1, V0], tr: L7[]
[15:24:35.930240]	Trying ff on 0: L0[], 1: L0[], Ebi: L2[L0[], ☐15], Eib: L2[☐20, ☐25], Eii: L2[☐30, ☐35], put: L2[V2, ☐45] -> V0 -> V1 -> L2[V1, V1], tr: L7[]
[15:24:35.930446]	Trying ff on 0: L0[], 1: L0[], Ebi: L2[L0[], ☐15], Eib: L2[☐20, ☐25], Eii: L2[☐30, ☐35], put: L2[V2, ☐45] -> V0 -> V1 -> L2[V1, V2], tr: L7[]
[15:24:35.930838]	Trying ff on 0: L0[], 1: L0[], Ebi: L2[L0[], ☐15], Eib: L2[☐20, ☐25], Eii: L2[☐30, ☐35], put: L2[V2, ☐45] -> V0 -> V1 -> L2[V2, L0[]], tr: L7[]
[15:24:35.931014]	Trying ff on 0: L0[], 1: L0[], Ebi: L2[L0[], ☐15], Eib: L2[☐20, ☐25], Eii: L2[☐30, ☐35], put: L2[V2, ☐45] -> V0 -> V1 -> L2[V2, L7[]], tr: L7[]
[15:24:35.931188]	Trying ff on 0: L0[], 1: L0[], Ebi: L2[L0[], ☐15], Eib: L2[☐20, ☐25], Eii: L2[☐30, ☐35], put: L2[V2, ☐45] -> V0 -> V1 -> L2[V2, V0], tr: L7[]
[15:24:35.931351]	Trying ff on 0: L0[], 1: L0[], Ebi: L2[L0[], ☐15], Eib: L2[☐20, ☐25], Eii: L2[☐30, ☐35], put: L2[V2, ☐45] -> V0 -> V1 -> L2[V2, V1], tr: L7[]
[15:24:35.931498]	Trying ff on 0: L0[], 1: L0[], Ebi: L2[L0[], ☐15], Eib: L2[☐20, ☐25], Eii: L2[☐30, ☐35], put: L2[V2, ☐45] -> V0 -> V1 -> L2[V2, V2], tr: L7[]
[15:24:35.931878]	Trying ff on 0: L0[], 1: L0[], Ebi: L2[L0[], ☐15], Eib: L2[☐20, ☐25], Eii: L2[☐30, ☐35], put: L2[V2, L0[]] -> V0 -> V1 -> L2[☐50, L0[]], tr: L7[]
[15:24:35.932105]	Trying ff on 0: L0[], 1: L0[], Ebi: L2[L0[], ☐15], Eib: L2[☐20, ☐25], Eii: L2[☐30, ☐35], put: L2[V2, L0[]] -> V0 -> V1 -> L2[☐50, V2], tr: L7[]
[15:24:35.932510]	Trying ff on 0: L0[], 1: L0[], Ebi: L2[L0[], ☐15], Eib: L2[☐20, ☐25], Eii: L2[☐30, ☐35], put: L2[V2, L0[]] -> V0 -> V1 -> L2[L0[], _9_], tr: L7[]
[15:24:35.932746]	Trying ff on 0: L0[], 1: L0[], Ebi: L2[L0[], ☐15], Eib: L2[☐20, ☐25], Eii: L2[☐30, ☐35], put: L2[V2, L0[]] -> V0 -> V1 -> L2[L7[], _9_], tr: L7[]
[15:24:35.932984]	Trying ff on 0: L0[], 1: L0[], Ebi: L2[L0[], ☐15], Eib: L2[☐20, ☐25], Eii: L2[☐30, ☐35], put: L2[V2, L0[]] -> V0 -> V1 -> L2[V0, _9_], tr: L7[]
[15:24:35.933219]	Trying ff on 0: L0[], 1: L0[], Ebi: L2[L0[], ☐15], Eib: L2[☐20, ☐25], Eii: L2[☐30, ☐35], put: L2[V2, L0[]] -> V0 -> V1 -> L2[V1, _9_], tr: L7[]
[15:24:35.933487]	Trying ff on 0: L0[], 1: L0[], Ebi: L2[L0[], ☐15], Eib: L2[☐20, ☐25], Eii: L2[☐30, ☐35], put: L2[V2, L0[]] -> V0 -> V1 -> L2[V2, _9_], tr: L7[]
[15:24:35.934037]	Trying ff on 0: L0[], 1: L0[], Ebi: L2[L0[], ☐15], Eib: L2[☐20, ☐25], Eii: L2[☐30, ☐35], put: L2[V2, L7[]] -> V0 -> V1 -> L2[☐50, L7[]], tr: L7[]
[15:24:35.934294]	Trying ff on 0: L0[], 1: L0[], Ebi: L2[L0[], ☐15], Eib: L2[☐20, ☐25], Eii: L2[☐30, ☐35], put: L2[V2, L7[]] -> V0 -> V1 -> L2[L0[], _9_], tr: L7[]
[15:24:35.934456]	Trying ff on 0: L0[], 1: L0[], Ebi: L2[L0[], ☐15], Eib: L2[☐20, ☐25], Eii: L2[☐30, ☐35], put: L2[V2, L7[]] -> V0 -> V1 -> L2[L7[], _9_], tr: L7[]
[15:24:35.934694]	Trying ff on 0: L0[], 1: L0[], Ebi: L2[L0[], ☐15], Eib: L2[☐20, ☐25], Eii: L2[☐30, ☐35], put: L2[V2, L7[]] -> V0 -> V1 -> L2[V0, _9_], tr: L7[]
[15:24:35.934884]	Trying ff on 0: L0[], 1: L0[], Ebi: L2[L0[], ☐15], Eib: L2[☐20, ☐25], Eii: L2[☐30, ☐35], put: L2[V2, L7[]] -> V0 -> V1 -> L2[V1, _9_], tr: L7[]
[15:24:35.935052]	Trying ff on 0: L0[], 1: L0[], Ebi: L2[L0[], ☐15], Eib: L2[☐20, ☐25], Eii: L2[☐30, ☐35], put: L2[V2, L7[]] -> V0 -> V1 -> L2[V2, _9_], tr: L7[]
[15:24:35.935464]	Trying ff on 0: L0[], 1: L0[], Ebi: L2[L0[], ☐15], Eib: L2[☐20, ☐25], Eii: L2[☐30, ☐35], put: L2[V2, V0] -> V0 -> V1 -> L2[☐50, V0], tr: L7[]
[15:24:35.935695]	Trying ff on 0: L0[], 1: L0[], Ebi: L2[L0[], ☐15], Eib: L2[☐20, ☐25], Eii: L2[☐30, ☐35], put: L2[V2, V0] -> V0 -> V1 -> L2[L0[], _9_], tr: L7[]
[15:24:35.935858]	Trying ff on 0: L0[], 1: L0[], Ebi: L2[L0[], ☐15], Eib: L2[☐20, ☐25], Eii: L2[☐30, ☐35], put: L2[V2, V0] -> V0 -> V1 -> L2[L7[], _9_], tr: L7[]
[15:24:35.936035]	Trying ff on 0: L0[], 1: L0[], Ebi: L2[L0[], ☐15], Eib: L2[☐20, ☐25], Eii: L2[☐30, ☐35], put: L2[V2, V0] -> V0 -> V1 -> L2[V0, _9_], tr: L7[]
[15:24:35.936213]	Trying ff on 0: L0[], 1: L0[], Ebi: L2[L0[], ☐15], Eib: L2[☐20, ☐25], Eii: L2[☐30, ☐35], put: L2[V2, V0] -> V0 -> V1 -> L2[V1, _9_], tr: L7[]
[15:24:35.936431]	Trying ff on 0: L0[], 1: L0[], Ebi: L2[L0[], ☐15], Eib: L2[☐20, ☐25], Eii: L2[☐30, ☐35], put: L2[V2, V0] -> V0 -> V1 -> L2[V2, _9_], tr: L7[]
[15:24:35.937046]	Trying ff on 0: L0[], 1: L0[], Ebi: L2[L0[], ☐15], Eib: L2[☐20, ☐25], Eii: L2[☐30, ☐35], put: L2[V2, V1] -> V0 -> V1 -> L2[☐50, V1], tr: L7[]
[15:24:35.937239]	Trying ff on 0: L0[], 1: L0[], Ebi: L2[L0[], ☐15], Eib: L2[☐20, ☐25], Eii: L2[☐30, ☐35], put: L2[V2, V1] -> V0 -> V1 -> L2[☐50, V2], tr: L7[]
[15:24:35.937573]	Trying ff on 0: L0[], 1: L0[], Ebi: L2[L0[], ☐15], Eib: L2[☐20, ☐25], Eii: L2[☐30, ☐35], put: L2[V2, V1] -> V0 -> V1 -> L2[L0[], _9_], tr: L7[]
[15:24:35.937792]	Trying ff on 0: L0[], 1: L0[], Ebi: L2[L0[], ☐15], Eib: L2[☐20, ☐25], Eii: L2[☐30, ☐35], put: L2[V2, V1] -> V0 -> V1 -> L2[L7[], _9_], tr: L7[]
[15:24:35.938]	Trying ff on 0: L0[], 1: L0[], Ebi: L2[L0[], ☐15], Eib: L2[☐20, ☐25], Eii: L2[☐30, ☐35], put: L2[V2, V1] -> V0 -> V1 -> L2[V0, _9_], tr: L7[]
[15:24:35.938177]	Trying ff on 0: L0[], 1: L0[], Ebi: L2[L0[], ☐15], Eib: L2[☐20, ☐25], Eii: L2[☐30, ☐35], put: L2[V2, V1] -> V0 -> V1 -> L2[V1, _9_], tr: L7[]
[15:24:35.938341]	Trying ff on 0: L0[], 1: L0[], Ebi: L2[L0[], ☐15], Eib: L2[☐20, ☐25], Eii: L2[☐30, ☐35], put: L2[V2, V1] -> V0 -> V1 -> L2[V2, _9_], tr: L7[]
[15:24:35.938883]	Trying ff on 0: L0[], 1: L0[], Ebi: L2[L0[], ☐15], Eib: L2[☐20, ☐25], Eii: L2[☐30, ☐35], put: L2[V2, V2] -> V0 -> V1 -> L2[☐50, L0[]], tr: L7[]
[15:24:35.939055]	Trying ff on 0: L0[], 1: L0[], Ebi: L2[L0[], ☐15], Eib: L2[☐20, ☐25], Eii: L2[☐30, ☐35], put: L2[V2, V2] -> V0 -> V1 -> L2[☐50, L7[]], tr: L7[]
[15:24:35.939227]	Trying ff on 0: L0[], 1: L0[], Ebi: L2[L0[], ☐15], Eib: L2[☐20, ☐25], Eii: L2[☐30, ☐35], put: L2[V2, V2] -> V0 -> V1 -> L2[☐50, V0], tr: L7[]
[15:24:35.939403]	Trying ff on 0: L0[], 1: L0[], Ebi: L2[L0[], ☐15], Eib: L2[☐20, ☐25], Eii: L2[☐30, ☐35], put: L2[V2, V2] -> V0 -> V1 -> L2[☐50, V1], tr: L7[]
[15:24:35.939603]	Trying ff on 0: L0[], 1: L0[], Ebi: L2[L0[], ☐15], Eib: L2[☐20, ☐25], Eii: L2[☐30, ☐35], put: L2[V2, V2] -> V0 -> V1 -> L2[☐50, V2], tr: L7[]
[15:24:35.939801]	Trying ff on 0: L0[], 1: L0[], Ebi: L2[L0[], ☐15], Eib: L2[☐20, ☐25], Eii: L2[☐30, ☐35], put: L2[V2, V2] -> V0 -> V1 -> L2[L0[], _9_], tr: L7[]
[15:24:35.939959]	Trying ff on 0: L0[], 1: L0[], Ebi: L2[L0[], ☐15], Eib: L2[☐20, ☐25], Eii: L2[☐30, ☐35], put: L2[V2, V2] -> V0 -> V1 -> L2[L7[], _9_], tr: L7[]
[15:24:35.940130]	Trying ff on 0: L0[], 1: L0[], Ebi: L2[L0[], ☐15], Eib: L2[☐20, ☐25], Eii: L2[☐30, ☐35], put: L2[V2, V2] -> V0 -> V1 -> L2[V0, _9_], tr: L7[]
[15:24:35.940343]	Trying ff on 0: L0[], 1: L0[], Ebi: L2[L0[], ☐15], Eib: L2[☐20, ☐25], Eii: L2[☐30, ☐35], put: L2[V2, V2] -> V0 -> V1 -> L2[V1, _9_], tr: L7[]
[15:24:35.940545]	Trying ff on 0: L0[], 1: L0[], Ebi: L2[L0[], ☐15], Eib: L2[☐20, ☐25], Eii: L2[☐30, ☐35], put: L2[V2, V2] -> V0 -> V1 -> L2[V2, _9_], tr: L7[]
[15:24:35.941048]	Trying ff on 0: L0[], 1: L0[], Ebi: L2[L0[], ☐15], Eib: L2[☐20, ☐25], Eii: L2[☐30, ☐35], put: L2[V2, V3] -> V0 -> V1 -> L2[☐50, L0[]], tr: L7[]
[15:24:35.941205]	Trying ff on 0: L0[], 1: L0[], Ebi: L2[L0[], ☐15], Eib: L2[☐20, ☐25], Eii: L2[☐30, ☐35], put: L2[V2, V3] -> V0 -> V1 -> L2[☐50, L7[]], tr: L7[]
[15:24:35.941440]	Trying ff on 0: L0[], 1: L0[], Ebi: L2[L0[], ☐15], Eib: L2[☐20, ☐25], Eii: L2[☐30, ☐35], put: L2[V2, V3] -> V0 -> V1 -> L2[☐50, V0], tr: L7[]
[15:24:35.941683]	Trying ff on 0: L0[], 1: L0[], Ebi: L2[L0[], ☐15], Eib: L2[☐20, ☐25], Eii: L2[☐30, ☐35], put: L2[V2, V3] -> V0 -> V1 -> L2[☐50, V1], tr: L7[]
[15:24:35.941848]	Trying ff on 0: L0[], 1: L0[], Ebi: L2[L0[], ☐15], Eib: L2[☐20, ☐25], Eii: L2[☐30, ☐35], put: L2[V2, V3] -> V0 -> V1 -> L2[☐50, V2], tr: L7[]
[15:24:35.942017]	Trying ff on 0: L0[], 1: L0[], Ebi: L2[L0[], ☐15], Eib: L2[☐20, ☐25], Eii: L2[☐30, ☐35], put: L2[V2, V3] -> V0 -> V1 -> L2[☐50, V3], tr: L7[]
[15:24:35.942171]	Trying ff on 0: L0[], 1: L0[], Ebi: L2[L0[], ☐15], Eib: L2[☐20, ☐25], Eii: L2[☐30, ☐35], put: L2[V2, V3] -> V0 -> V1 -> L2[L0[], _9_], tr: L7[]
[15:24:35.942352]	Trying ff on 0: L0[], 1: L0[], Ebi: L2[L0[], ☐15], Eib: L2[☐20, ☐25], Eii: L2[☐30, ☐35], put: L2[V2, V3] -> V0 -> V1 -> L2[L7[], _9_], tr: L7[]
[15:24:35.942586]	Trying ff on 0: L0[], 1: L0[], Ebi: L2[L0[], ☐15], Eib: L2[☐20, ☐25], Eii: L2[☐30, ☐35], put: L2[V2, V3] -> V0 -> V1 -> L2[V0, _9_], tr: L7[]
[15:24:35.942790]	Trying ff on 0: L0[], 1: L0[], Ebi: L2[L0[], ☐15], Eib: L2[☐20, ☐25], Eii: L2[☐30, ☐35], put: L2[V2, V3] -> V0 -> V1 -> L2[V1, _9_], tr: L7[]
[15:24:35.943001]	Trying ff on 0: L0[], 1: L0[], Ebi: L2[L0[], ☐15], Eib: L2[☐20, ☐25], Eii: L2[☐30, ☐35], put: L2[V2, V3] -> V0 -> V1 -> L2[V2, _9_], tr: L7[]
[15:24:35.943232]	Trying ff on 0: L0[], 1: L0[], Ebi: L2[L0[], ☐15], Eib: L2[☐20, ☐25], Eii: L2[☐30, ☐35], put: L2[V2, V3] -> V0 -> V1 -> L2[V3, _9_], tr: L7[]
[15:24:35.943719]	Trying ff on 0: L0[], 1: L0[], Ebi: L2[L0[], ☐15], Eib: L2[☐20, ☐25], Eii: L2[☐30, L0[]], put: L2[L0[], L0[]] -> V0 -> V1 -> L2[_8_, _9_], tr: L7[]
[15:24:35.944084]	Trying ff on 0: L0[], 1: L0[], Ebi: L2[L0[], ☐15], Eib: L2[☐20, ☐25], Eii: L2[☐30, L0[]], put: L2[L0[], V0] -> V0 -> V1 -> L2[_8_, _9_], tr: L7[]
[15:24:35.944516]	Trying ff on 0: L0[], 1: L0[], Ebi: L2[L0[], ☐15], Eib: L2[☐20, ☐25], Eii: L2[☐30, L0[]], put: L2[L0[], V1] -> V0 -> V1 -> L2[_8_, _9_], tr: L7[]
[15:24:35.944797]	Trying ff on 0: L0[], 1: L0[], Ebi: L2[L0[], ☐15], Eib: L2[☐20, ☐25], Eii: L2[☐30, L0[]], put: L2[L0[], V2] -> V0 -> V1 -> L2[_8_, _9_], tr: L7[]
[15:24:35.945249]	Trying ff on 0: L0[], 1: L0[], Ebi: L2[L0[], ☐15], Eib: L2[☐20, ☐25], Eii: L2[☐30, L0[]], put: L2[V1, L0[]] -> V0 -> V1 -> L2[_8_, _9_], tr: L7[]
[15:24:35.945547]	Trying ff on 0: L0[], 1: L0[], Ebi: L2[L0[], ☐15], Eib: L2[☐20, ☐25], Eii: L2[☐30, L0[]], put: L2[V1, V0] -> V0 -> V1 -> L2[_8_, _9_], tr: L7[]
[15:24:35.945795]	Trying ff on 0: L0[], 1: L0[], Ebi: L2[L0[], ☐15], Eib: L2[☐20, ☐25], Eii: L2[☐30, L0[]], put: L2[V1, V1] -> V0 -> V1 -> L2[_8_, _9_], tr: L7[]
[15:24:35.946091]	Trying ff on 0: L0[], 1: L0[], Ebi: L2[L0[], ☐15], Eib: L2[☐20, ☐25], Eii: L2[☐30, L0[]], put: L2[V1, V2] -> V0 -> V1 -> L2[_8_, _9_], tr: L7[]
[15:24:35.946370]	Trying ff on 0: L0[], 1: L0[], Ebi: L2[L0[], ☐15], Eib: L2[☐20, ☐25], Eii: L2[☐30, L0[]], put: L2[V2, L0[]] -> V0 -> V1 -> L2[_8_, _9_], tr: L7[]
[15:24:35.946515]	Trying ff on 0: L0[], 1: L0[], Ebi: L2[L0[], ☐15], Eib: L2[☐20, ☐25], Eii: L2[☐30, L0[]], put: L2[V2, V0] -> V0 -> V1 -> L2[_8_, _9_], tr: L7[]
[15:24:35.946654]	Trying ff on 0: L0[], 1: L0[], Ebi: L2[L0[], ☐15], Eib: L2[☐20, ☐25], Eii: L2[☐30, L0[]], put: L2[V2, V1] -> V0 -> V1 -> L2[_8_, _9_], tr: L7[]
[15:24:35.946799]	Trying ff on 0: L0[], 1: L0[], Ebi: L2[L0[], ☐15], Eib: L2[☐20, ☐25], Eii: L2[☐30, L0[]], put: L2[V2, V2] -> V0 -> V1 -> L2[_8_, _9_], tr: L7[]
[15:24:35.946943]	Trying ff on 0: L0[], 1: L0[], Ebi: L2[L0[], ☐15], Eib: L2[☐20, ☐25], Eii: L2[☐30, L0[]], put: L2[V2, V3] -> V0 -> V1 -> L2[_8_, _9_], tr: L7[]
[15:24:35.947227]	Trying ff on 0: L0[], 1: L0[], Ebi: L2[L0[], ☐15], Eib: L2[☐20, ☐25], Eii: L2[☐30, L7[]], put: L2[L0[], L7[]] -> V0 -> V1 -> L2[_8_, _9_], tr: L7[]
[15:24:35.947567]	Trying ff on 0: L0[], 1: L0[], Ebi: L2[L0[], ☐15], Eib: L2[☐20, ☐25], Eii: L2[☐30, L7[]], put: L2[L0[], V2] -> V0 -> V1 -> L2[_8_, _9_], tr: L7[]
[15:24:35.947828]	Trying ff on 0: L0[], 1: L0[], Ebi: L2[L0[], ☐15], Eib: L2[☐20, ☐25], Eii: L2[☐30, L7[]], put: L2[V1, L7[]] -> V0 -> V1 -> L2[_8_, _9_], tr: L7[]
[15:24:35.948037]	Trying ff on 0: L0[], 1: L0[], Ebi: L2[L0[], ☐15], Eib: L2[☐20, ☐25], Eii: L2[☐30, L7[]], put: L2[V1, V1] -> V0 -> V1 -> L2[_8_, _9_], tr: L7[]
[15:24:35.948171]	Trying ff on 0: L0[], 1: L0[], Ebi: L2[L0[], ☐15], Eib: L2[☐20, ☐25], Eii: L2[☐30, L7[]], put: L2[V1, V2] -> V0 -> V1 -> L2[_8_, _9_], tr: L7[]
[15:24:35.948429]	Trying ff on 0: L0[], 1: L0[], Ebi: L2[L0[], ☐15], Eib: L2[☐20, ☐25], Eii: L2[☐30, L7[]], put: L2[V2, L7[]] -> V0 -> V1 -> L2[_8_, _9_], tr: L7[]
[15:24:35.948668]	Trying ff on 0: L0[], 1: L0[], Ebi: L2[L0[], ☐15], Eib: L2[☐20, ☐25], Eii: L2[☐30, L7[]], put: L2[V2, V2] -> V0 -> V1 -> L2[_8_, _9_], tr: L7[]
[15:24:35.948804]	Trying ff on 0: L0[], 1: L0[], Ebi: L2[L0[], ☐15], Eib: L2[☐20, ☐25], Eii: L2[☐30, L7[]], put: L2[V2, V3] -> V0 -> V1 -> L2[_8_, _9_], tr: L7[]
[15:24:35.949229]	Trying ff on 0: L0[], 1: L0[], Ebi: L2[L0[], ☐15], Eib: L2[☐20, ☐25], Eii: L2[L0[], ☐35], put: L2[L0[], ☐45] -> V0 -> V1 -> L2[L0[], _9_], tr: L7[]
[15:24:35.949385]	Trying ff on 0: L0[], 1: L0[], Ebi: L2[L0[], ☐15], Eib: L2[☐20, ☐25], Eii: L2[L0[], ☐35], put: L2[L0[], L0[]] -> V0 -> V1 -> L2[_8_, _9_], tr: L7[]
[15:24:35.949598]	Trying ff on 0: L0[], 1: L0[], Ebi: L2[L0[], ☐15], Eib: L2[☐20, ☐25], Eii: L2[L0[], ☐35], put: L2[L0[], L7[]] -> V0 -> V1 -> L2[_8_, _9_], tr: L7[]
[15:24:35.949845]	Trying ff on 0: L0[], 1: L0[], Ebi: L2[L0[], ☐15], Eib: L2[☐20, ☐25], Eii: L2[L0[], ☐35], put: L2[L0[], V0] -> V0 -> V1 -> L2[_8_, _9_], tr: L7[]
[15:24:35.950137]	Trying ff on 0: L0[], 1: L0[], Ebi: L2[L0[], ☐15], Eib: L2[☐20, ☐25], Eii: L2[L0[], ☐35], put: L2[L0[], V1] -> V0 -> V1 -> L2[_8_, _9_], tr: L7[]
[15:24:35.950329]	Trying ff on 0: L0[], 1: L0[], Ebi: L2[L0[], ☐15], Eib: L2[☐20, ☐25], Eii: L2[L0[], ☐35], put: L2[L0[], V2] -> V0 -> V1 -> L2[_8_, _9_], tr: L7[]
[15:24:35.950820]	Trying ff on 0: L0[], 1: L0[], Ebi: L2[L0[], ☐15], Eib: L2[☐20, ☐25], Eii: L2[L0[], ☐35], put: L2[V1, ☐45] -> V0 -> V1 -> L2[V1, _9_], tr: L7[]
[15:24:35.950973]	Trying ff on 0: L0[], 1: L0[], Ebi: L2[L0[], ☐15], Eib: L2[☐20, ☐25], Eii: L2[L0[], ☐35], put: L2[V1, L0[]] -> V0 -> V1 -> L2[_8_, _9_], tr: L7[]
[15:24:35.951172]	Trying ff on 0: L0[], 1: L0[], Ebi: L2[L0[], ☐15], Eib: L2[☐20, ☐25], Eii: L2[L0[], ☐35], put: L2[V1, L7[]] -> V0 -> V1 -> L2[_8_, _9_], tr: L7[]
[15:24:35.951364]	Trying ff on 0: L0[], 1: L0[], Ebi: L2[L0[], ☐15], Eib: L2[☐20, ☐25], Eii: L2[L0[], ☐35], put: L2[V1, V0] -> V0 -> V1 -> L2[_8_, _9_], tr: L7[]
[15:24:35.951583]	Trying ff on 0: L0[], 1: L0[], Ebi: L2[L0[], ☐15], Eib: L2[☐20, ☐25], Eii: L2[L0[], ☐35], put: L2[V1, V1] -> V0 -> V1 -> L2[_8_, _9_], tr: L7[]
[15:24:35.951755]	Trying ff on 0: L0[], 1: L0[], Ebi: L2[L0[], ☐15], Eib: L2[☐20, ☐25], Eii: L2[L0[], ☐35], put: L2[V1, V2] -> V0 -> V1 -> L2[_8_, _9_], tr: L7[]
[15:24:35.952279]	Trying ff on 0: L0[], 1: L0[], Ebi: L2[L0[], ☐15], Eib: L2[☐20, ☐25], Eii: L2[L0[], ☐35], put: L2[V2, ☐45] -> V0 -> V1 -> L2[☐50, L0[]], tr: L7[]
[15:24:35.952441]	Trying ff on 0: L0[], 1: L0[], Ebi: L2[L0[], ☐15], Eib: L2[☐20, ☐25], Eii: L2[L0[], ☐35], put: L2[V2, ☐45] -> V0 -> V1 -> L2[☐50, L7[]], tr: L7[]
[15:24:35.952662]	Trying ff on 0: L0[], 1: L0[], Ebi: L2[L0[], ☐15], Eib: L2[☐20, ☐25], Eii: L2[L0[], ☐35], put: L2[V2, ☐45] -> V0 -> V1 -> L2[☐50, V0], tr: L7[]
[15:24:35.952825]	Trying ff on 0: L0[], 1: L0[], Ebi: L2[L0[], ☐15], Eib: L2[☐20, ☐25], Eii: L2[L0[], ☐35], put: L2[V2, ☐45] -> V0 -> V1 -> L2[☐50, V1], tr: L7[]
[15:24:35.952973]	Trying ff on 0: L0[], 1: L0[], Ebi: L2[L0[], ☐15], Eib: L2[☐20, ☐25], Eii: L2[L0[], ☐35], put: L2[V2, ☐45] -> V0 -> V1 -> L2[☐50, V2], tr: L7[]
[15:24:35.953124]	Trying ff on 0: L0[], 1: L0[], Ebi: L2[L0[], ☐15], Eib: L2[☐20, ☐25], Eii: L2[L0[], ☐35], put: L2[V2, ☐45] -> V0 -> V1 -> L2[L0[], _9_], tr: L7[]
[15:24:35.953318]	Trying ff on 0: L0[], 1: L0[], Ebi: L2[L0[], ☐15], Eib: L2[☐20, ☐25], Eii: L2[L0[], ☐35], put: L2[V2, ☐45] -> V0 -> V1 -> L2[L7[], _9_], tr: L7[]
[15:24:35.953518]	Trying ff on 0: L0[], 1: L0[], Ebi: L2[L0[], ☐15], Eib: L2[☐20, ☐25], Eii: L2[L0[], ☐35], put: L2[V2, ☐45] -> V0 -> V1 -> L2[V0, _9_], tr: L7[]
[15:24:35.953726]	Trying ff on 0: L0[], 1: L0[], Ebi: L2[L0[], ☐15], Eib: L2[☐20, ☐25], Eii: L2[L0[], ☐35], put: L2[V2, ☐45] -> V0 -> V1 -> L2[V1, _9_], tr: L7[]
[15:24:35.953891]	Trying ff on 0: L0[], 1: L0[], Ebi: L2[L0[], ☐15], Eib: L2[☐20, ☐25], Eii: L2[L0[], ☐35], put: L2[V2, ☐45] -> V0 -> V1 -> L2[V2, _9_], tr: L7[]
[15:24:35.954101]	Trying ff on 0: L0[], 1: L0[], Ebi: L2[L0[], ☐15], Eib: L2[☐20, ☐25], Eii: L2[L0[], ☐35], put: L2[V2, L0[]] -> V0 -> V1 -> L2[_8_, _9_], tr: L7[]
[15:24:35.954278]	Trying ff on 0: L0[], 1: L0[], Ebi: L2[L0[], ☐15], Eib: L2[☐20, ☐25], Eii: L2[L0[], ☐35], put: L2[V2, L7[]] -> V0 -> V1 -> L2[_8_, _9_], tr: L7[]
[15:24:35.954513]	Trying ff on 0: L0[], 1: L0[], Ebi: L2[L0[], ☐15], Eib: L2[☐20, ☐25], Eii: L2[L0[], ☐35], put: L2[V2, V0] -> V0 -> V1 -> L2[_8_, _9_], tr: L7[]
[15:24:35.954752]	Trying ff on 0: L0[], 1: L0[], Ebi: L2[L0[], ☐15], Eib: L2[☐20, ☐25], Eii: L2[L0[], ☐35], put: L2[V2, V1] -> V0 -> V1 -> L2[_8_, _9_], tr: L7[]
[15:24:35.954943]	Trying ff on 0: L0[], 1: L0[], Ebi: L2[L0[], ☐15], Eib: L2[☐20, ☐25], Eii: L2[L0[], ☐35], put: L2[V2, V2] -> V0 -> V1 -> L2[_8_, _9_], tr: L7[]
[15:24:35.955176]	Trying ff on 0: L0[], 1: L0[], Ebi: L2[L0[], ☐15], Eib: L2[☐20, ☐25], Eii: L2[L0[], ☐35], put: L2[V2, V3] -> V0 -> V1 -> L2[_8_, _9_], tr: L7[]
[15:24:35.955462]	Trying ff on 0: L0[], 1: L0[], Ebi: L2[L0[], ☐15], Eib: L2[☐20, ☐25], Eii: L2[L0[], L0[]], put: L2[L0[], _7_] -> V0 -> V1 -> L2[_8_, _9_], tr: L7[]
[15:24:35.955716]	Trying ff on 0: L0[], 1: L0[], Ebi: L2[L0[], ☐15], Eib: L2[☐20, ☐25], Eii: L2[L0[], L0[]], put: L2[V1, _7_] -> V0 -> V1 -> L2[_8_, _9_], tr: L7[]
[15:24:35.955959]	Trying ff on 0: L0[], 1: L0[], Ebi: L2[L0[], ☐15], Eib: L2[☐20, ☐25], Eii: L2[L0[], L0[]], put: L2[V2, _7_] -> V0 -> V1 -> L2[_8_, _9_], tr: L7[]
[15:24:35.956260]	Trying ff on 0: L0[], 1: L0[], Ebi: L2[L0[], ☐15], Eib: L2[☐20, ☐25], Eii: L2[L0[], L7[]], put: L2[L0[], _7_] -> V0 -> V1 -> L2[_8_, _9_], tr: L7[]
[15:24:35.956499]	Trying ff on 0: L0[], 1: L0[], Ebi: L2[L0[], ☐15], Eib: L2[☐20, ☐25], Eii: L2[L0[], L7[]], put: L2[V1, _7_] -> V0 -> V1 -> L2[_8_, _9_], tr: L7[]
[15:24:35.956678]	Trying ff on 0: L0[], 1: L0[], Ebi: L2[L0[], ☐15], Eib: L2[☐20, ☐25], Eii: L2[L0[], L7[]], put: L2[V2, _7_] -> V0 -> V1 -> L2[_8_, _9_], tr: L7[]
[15:24:35.957509]	Trying ff on 0: L0[], 1: L0[], Ebi: L2[L0[], ☐15], Eib: L2[☐20, ☐25], Eii: L2[L7[], ☐35], put: L2[V2, ☐45] -> V0 -> V1 -> L2[☐50, L0[]], tr: L7[]
[15:24:35.957772]	Trying ff on 0: L0[], 1: L0[], Ebi: L2[L0[], ☐15], Eib: L2[☐20, ☐25], Eii: L2[L7[], ☐35], put: L2[V2, ☐45] -> V0 -> V1 -> L2[☐50, L7[]], tr: L7[]
[15:24:35.957981]	Trying ff on 0: L0[], 1: L0[], Ebi: L2[L0[], ☐15], Eib: L2[☐20, ☐25], Eii: L2[L7[], ☐35], put: L2[V2, ☐45] -> V0 -> V1 -> L2[☐50, V0], tr: L7[]
[15:24:35.958257]	Trying ff on 0: L0[], 1: L0[], Ebi: L2[L0[], ☐15], Eib: L2[☐20, ☐25], Eii: L2[L7[], ☐35], put: L2[V2, ☐45] -> V0 -> V1 -> L2[☐50, V1], tr: L7[]
[15:24:35.958497]	Trying ff on 0: L0[], 1: L0[], Ebi: L2[L0[], ☐15], Eib: L2[☐20, ☐25], Eii: L2[L7[], ☐35], put: L2[V2, ☐45] -> V0 -> V1 -> L2[☐50, V2], tr: L7[]
[15:24:35.958890]	Trying ff on 0: L0[], 1: L0[], Ebi: L2[L0[], ☐15], Eib: L2[☐20, ☐25], Eii: L2[L7[], ☐35], put: L2[V2, ☐45] -> V0 -> V1 -> L2[L0[], _9_], tr: L7[]
[15:24:35.959105]	Trying ff on 0: L0[], 1: L0[], Ebi: L2[L0[], ☐15], Eib: L2[☐20, ☐25], Eii: L2[L7[], ☐35], put: L2[V2, ☐45] -> V0 -> V1 -> L2[L7[], _9_], tr: L7[]
[15:24:35.959297]	Trying ff on 0: L0[], 1: L0[], Ebi: L2[L0[], ☐15], Eib: L2[☐20, ☐25], Eii: L2[L7[], ☐35], put: L2[V2, ☐45] -> V0 -> V1 -> L2[V0, _9_], tr: L7[]
[15:24:35.959549]	Trying ff on 0: L0[], 1: L0[], Ebi: L2[L0[], ☐15], Eib: L2[☐20, ☐25], Eii: L2[L7[], ☐35], put: L2[V2, ☐45] -> V0 -> V1 -> L2[V1, _9_], tr: L7[]
[15:24:35.959735]	Trying ff on 0: L0[], 1: L0[], Ebi: L2[L0[], ☐15], Eib: L2[☐20, ☐25], Eii: L2[L7[], ☐35], put: L2[V2, ☐45] -> V0 -> V1 -> L2[V2, _9_], tr: L7[]
[15:24:35.959905]	Trying ff on 0: L0[], 1: L0[], Ebi: L2[L0[], ☐15], Eib: L2[☐20, ☐25], Eii: L2[L7[], ☐35], put: L2[V2, L0[]] -> V0 -> V1 -> L2[_8_, _9_], tr: L7[]
[15:24:35.960204]	Trying ff on 0: L0[], 1: L0[], Ebi: L2[L0[], ☐15], Eib: L2[☐20, ☐25], Eii: L2[L7[], ☐35], put: L2[V2, L7[]] -> V0 -> V1 -> L2[_8_, _9_], tr: L7[]
[15:24:35.960493]	Trying ff on 0: L0[], 1: L0[], Ebi: L2[L0[], ☐15], Eib: L2[☐20, ☐25], Eii: L2[L7[], ☐35], put: L2[V2, V0] -> V0 -> V1 -> L2[_8_, _9_], tr: L7[]
[15:24:35.960722]	Trying ff on 0: L0[], 1: L0[], Ebi: L2[L0[], ☐15], Eib: L2[☐20, ☐25], Eii: L2[L7[], ☐35], put: L2[V2, V1] -> V0 -> V1 -> L2[_8_, _9_], tr: L7[]
[15:24:35.960918]	Trying ff on 0: L0[], 1: L0[], Ebi: L2[L0[], ☐15], Eib: L2[☐20, ☐25], Eii: L2[L7[], ☐35], put: L2[V2, V2] -> V0 -> V1 -> L2[_8_, _9_], tr: L7[]
[15:24:35.961189]	Trying ff on 0: L0[], 1: L0[], Ebi: L2[L0[], ☐15], Eib: L2[☐20, ☐25], Eii: L2[L7[], ☐35], put: L2[V2, V3] -> V0 -> V1 -> L2[_8_, _9_], tr: L7[]
[15:24:35.961706]	Trying ff on 0: L0[], 1: L0[], Ebi: L2[L0[], ☐15], Eib: L2[☐20, ☐25], Eii: L2[L7[], L0[]], put: L2[V2, _7_] -> V0 -> V1 -> L2[_8_, _9_], tr: L7[]
[15:24:35.962215]	Trying ff on 0: L0[], 1: L0[], Ebi: L2[L0[], ☐15], Eib: L2[☐20, ☐25], Eii: L2[L7[], L7[]], put: L2[V2, _7_] -> V0 -> V1 -> L2[_8_, _9_], tr: L7[]
[15:24:35.962953]	Trying ff on 0: L0[], 1: L0[], Ebi: L2[L0[], ☐15], Eib: L2[☐20, L0[]], Eii: L2[☐30, ☐35], put: L2[L0[], L0[]] -> V0 -> V1 -> L2[_8_, _9_], tr: L7[]
[15:24:35.963407]	Trying ff on 0: L0[], 1: L0[], Ebi: L2[L0[], ☐15], Eib: L2[☐20, L0[]], Eii: L2[☐30, ☐35], put: L2[L0[], V0] -> V0 -> V1 -> L2[_8_, _9_], tr: L7[]
[15:24:35.963851]	Trying ff on 0: L0[], 1: L0[], Ebi: L2[L0[], ☐15], Eib: L2[☐20, L0[]], Eii: L2[☐30, ☐35], put: L2[L0[], V2] -> V0 -> V1 -> L2[_8_, _9_], tr: L7[]
[15:24:35.964220]	Trying ff on 0: L0[], 1: L0[], Ebi: L2[L0[], ☐15], Eib: L2[☐20, L0[]], Eii: L2[☐30, ☐35], put: L2[V1, L0[]] -> V0 -> V1 -> L2[_8_, _9_], tr: L7[]
[15:24:35.964470]	Trying ff on 0: L0[], 1: L0[], Ebi: L2[L0[], ☐15], Eib: L2[☐20, L0[]], Eii: L2[☐30, ☐35], put: L2[V1, V0] -> V0 -> V1 -> L2[_8_, _9_], tr: L7[]
[15:24:35.964694]	Trying ff on 0: L0[], 1: L0[], Ebi: L2[L0[], ☐15], Eib: L2[☐20, L0[]], Eii: L2[☐30, ☐35], put: L2[V1, V1] -> V0 -> V1 -> L2[_8_, _9_], tr: L7[]
[15:24:35.964935]	Trying ff on 0: L0[], 1: L0[], Ebi: L2[L0[], ☐15], Eib: L2[☐20, L0[]], Eii: L2[☐30, ☐35], put: L2[V1, V2] -> V0 -> V1 -> L2[_8_, _9_], tr: L7[]
[15:24:35.965381]	Trying ff on 0: L0[], 1: L0[], Ebi: L2[L0[], ☐15], Eib: L2[☐20, L0[]], Eii: L2[☐30, ☐35], put: L2[V2, L0[]] -> V0 -> V1 -> L2[_8_, _9_], tr: L7[]
[15:24:35.965681]	Trying ff on 0: L0[], 1: L0[], Ebi: L2[L0[], ☐15], Eib: L2[☐20, L0[]], Eii: L2[☐30, ☐35], put: L2[V2, V0] -> V0 -> V1 -> L2[_8_, _9_], tr: L7[]
[15:24:35.965953]	Trying ff on 0: L0[], 1: L0[], Ebi: L2[L0[], ☐15], Eib: L2[☐20, L0[]], Eii: L2[☐30, ☐35], put: L2[V2, V2] -> V0 -> V1 -> L2[_8_, _9_], tr: L7[]
[15:24:35.966183]	Trying ff on 0: L0[], 1: L0[], Ebi: L2[L0[], ☐15], Eib: L2[☐20, L0[]], Eii: L2[☐30, ☐35], put: L2[V2, V3] -> V0 -> V1 -> L2[_8_, _9_], tr: L7[]
[15:24:35.966474]	Trying ff on 0: L0[], 1: L0[], Ebi: L2[L0[], ☐15], Eib: L2[☐20, L0[]], Eii: L2[☐30, L0[]], put: L2[L0[], _7_] -> V0 -> V1 -> L2[_8_, _9_], tr: L7[]
[15:24:35.966823]	Trying ff on 0: L0[], 1: L0[], Ebi: L2[L0[], ☐15], Eib: L2[☐20, L0[]], Eii: L2[☐30, L0[]], put: L2[V1, _7_] -> V0 -> V1 -> L2[_8_, _9_], tr: L7[]
[15:24:35.967074]	Trying ff on 0: L0[], 1: L0[], Ebi: L2[L0[], ☐15], Eib: L2[☐20, L0[]], Eii: L2[☐30, L0[]], put: L2[V2, _7_] -> V0 -> V1 -> L2[_8_, _9_], tr: L7[]
[15:24:35.967370]	Trying ff on 0: L0[], 1: L0[], Ebi: L2[L0[], ☐15], Eib: L2[☐20, L0[]], Eii: L2[☐30, L7[]], put: L2[L0[], _7_] -> V0 -> V1 -> L2[_8_, _9_], tr: L7[]
[15:24:35.967636]	Trying ff on 0: L0[], 1: L0[], Ebi: L2[L0[], ☐15], Eib: L2[☐20, L0[]], Eii: L2[☐30, L7[]], put: L2[V1, _7_] -> V0 -> V1 -> L2[_8_, _9_], tr: L7[]
[15:24:35.967835]	Trying ff on 0: L0[], 1: L0[], Ebi: L2[L0[], ☐15], Eib: L2[☐20, L0[]], Eii: L2[☐30, L7[]], put: L2[V2, _7_] -> V0 -> V1 -> L2[_8_, _9_], tr: L7[]
[15:24:35.968177]	Trying ff on 0: L0[], 1: L0[], Ebi: L2[L0[], ☐15], Eib: L2[☐20, L0[]], Eii: L2[L0[], ☐35], put: L2[L0[], _7_] -> V0 -> V1 -> L2[_8_, _9_], tr: L7[]
[15:24:35.968400]	Trying ff on 0: L0[], 1: L0[], Ebi: L2[L0[], ☐15], Eib: L2[☐20, L0[]], Eii: L2[L0[], ☐35], put: L2[V1, _7_] -> V0 -> V1 -> L2[_8_, _9_], tr: L7[]
[15:24:35.968588]	Trying ff on 0: L0[], 1: L0[], Ebi: L2[L0[], ☐15], Eib: L2[☐20, L0[]], Eii: L2[L0[], ☐35], put: L2[V2, _7_] -> V0 -> V1 -> L2[_8_, _9_], tr: L7[]
[15:24:35.968737]	Trying ff on 0: L0[], 1: L0[], Ebi: L2[L0[], ☐15], Eib: L2[☐20, L0[]], Eii: L2[L0[], L0[]], put: L2[_6_, _7_] -> V0 -> V1 -> L2[_8_, _9_], tr: L7[]
[15:24:35.968947]	Trying ff on 0: L0[], 1: L0[], Ebi: L2[L0[], ☐15], Eib: L2[☐20, L0[]], Eii: L2[L0[], L7[]], put: L2[_6_, _7_] -> V0 -> V1 -> L2[_8_, _9_], tr: L7[]
[15:24:35.969624]	Trying ff on 0: L0[], 1: L0[], Ebi: L2[L0[], ☐15], Eib: L2[☐20, L0[]], Eii: L2[L7[], ☐35], put: L2[V2, _7_] -> V0 -> V1 -> L2[_8_, _9_], tr: L7[]
[15:24:35.969805]	Trying ff on 0: L0[], 1: L0[], Ebi: L2[L0[], ☐15], Eib: L2[☐20, L0[]], Eii: L2[L7[], L0[]], put: L2[_6_, _7_] -> V0 -> V1 -> L2[_8_, _9_], tr: L7[]
[15:24:35.969958]	Trying ff on 0: L0[], 1: L0[], Ebi: L2[L0[], ☐15], Eib: L2[☐20, L0[]], Eii: L2[L7[], L7[]], put: L2[_6_, _7_] -> V0 -> V1 -> L2[_8_, _9_], tr: L7[]
[15:24:35.970416]	Trying ff on 0: L0[], 1: L0[], Ebi: L2[L0[], ☐15], Eib: L2[☐20, L7[]], Eii: L2[☐30, ☐35], put: L2[L0[], L7[]] -> V0 -> V1 -> L2[_8_, _9_], tr: L7[]
[15:24:35.970800]	Trying ff on 0: L0[], 1: L0[], Ebi: L2[L0[], ☐15], Eib: L2[☐20, L7[]], Eii: L2[☐30, ☐35], put: L2[L0[], V1] -> V0 -> V1 -> L2[_8_, _9_], tr: L7[]
[15:24:35.971034]	Trying ff on 0: L0[], 1: L0[], Ebi: L2[L0[], ☐15], Eib: L2[☐20, L7[]], Eii: L2[☐30, ☐35], put: L2[L0[], V2] -> V0 -> V1 -> L2[_8_, _9_], tr: L7[]
[15:24:35.971357]	Trying ff on 0: L0[], 1: L0[], Ebi: L2[L0[], ☐15], Eib: L2[☐20, L7[]], Eii: L2[☐30, ☐35], put: L2[V1, L7[]] -> V0 -> V1 -> L2[_8_, _9_], tr: L7[]
[15:24:35.971585]	Trying ff on 0: L0[], 1: L0[], Ebi: L2[L0[], ☐15], Eib: L2[☐20, L7[]], Eii: L2[☐30, ☐35], put: L2[V1, V1] -> V0 -> V1 -> L2[_8_, _9_], tr: L7[]
[15:24:35.971776]	Trying ff on 0: L0[], 1: L0[], Ebi: L2[L0[], ☐15], Eib: L2[☐20, L7[]], Eii: L2[☐30, ☐35], put: L2[V1, V2] -> V0 -> V1 -> L2[_8_, _9_], tr: L7[]
[15:24:35.972055]	Trying ff on 0: L0[], 1: L0[], Ebi: L2[L0[], ☐15], Eib: L2[☐20, L7[]], Eii: L2[☐30, ☐35], put: L2[V2, L7[]] -> V0 -> V1 -> L2[_8_, _9_], tr: L7[]
[15:24:35.972262]	Trying ff on 0: L0[], 1: L0[], Ebi: L2[L0[], ☐15], Eib: L2[☐20, L7[]], Eii: L2[☐30, ☐35], put: L2[V2, V1] -> V0 -> V1 -> L2[_8_, _9_], tr: L7[]
[15:24:35.972445]	Trying ff on 0: L0[], 1: L0[], Ebi: L2[L0[], ☐15], Eib: L2[☐20, L7[]], Eii: L2[☐30, ☐35], put: L2[V2, V2] -> V0 -> V1 -> L2[_8_, _9_], tr: L7[]
[15:24:35.972691]	Trying ff on 0: L0[], 1: L0[], Ebi: L2[L0[], ☐15], Eib: L2[☐20, L7[]], Eii: L2[☐30, ☐35], put: L2[V2, V3] -> V0 -> V1 -> L2[_8_, _9_], tr: L7[]
[15:24:35.972915]	Trying ff on 0: L0[], 1: L0[], Ebi: L2[L0[], ☐15], Eib: L2[☐20, L7[]], Eii: L2[☐30, L0[]], put: L2[L0[], _7_] -> V0 -> V1 -> L2[_8_, _9_], tr: L7[]
[15:24:35.973132]	Trying ff on 0: L0[], 1: L0[], Ebi: L2[L0[], ☐15], Eib: L2[☐20, L7[]], Eii: L2[☐30, L0[]], put: L2[V1, _7_] -> V0 -> V1 -> L2[_8_, _9_], tr: L7[]
[15:24:35.973358]	Trying ff on 0: L0[], 1: L0[], Ebi: L2[L0[], ☐15], Eib: L2[☐20, L7[]], Eii: L2[☐30, L0[]], put: L2[V2, _7_] -> V0 -> V1 -> L2[_8_, _9_], tr: L7[]
[15:24:35.973670]	Trying ff on 0: L0[], 1: L0[], Ebi: L2[L0[], ☐15], Eib: L2[☐20, L7[]], Eii: L2[☐30, L7[]], put: L2[L0[], _7_] -> V0 -> V1 -> L2[_8_, _9_], tr: L7[]
[15:24:35.973963]	Trying ff on 0: L0[], 1: L0[], Ebi: L2[L0[], ☐15], Eib: L2[☐20, L7[]], Eii: L2[☐30, L7[]], put: L2[V1, _7_] -> V0 -> V1 -> L2[_8_, _9_], tr: L7[]
[15:24:35.974216]	Trying ff on 0: L0[], 1: L0[], Ebi: L2[L0[], ☐15], Eib: L2[☐20, L7[]], Eii: L2[☐30, L7[]], put: L2[V2, _7_] -> V0 -> V1 -> L2[_8_, _9_], tr: L7[]
[15:24:35.974672]	Trying ff on 0: L0[], 1: L0[], Ebi: L2[L0[], ☐15], Eib: L2[☐20, L7[]], Eii: L2[L0[], ☐35], put: L2[L0[], _7_] -> V0 -> V1 -> L2[_8_, _9_], tr: L7[]
[15:24:35.974898]	Trying ff on 0: L0[], 1: L0[], Ebi: L2[L0[], ☐15], Eib: L2[☐20, L7[]], Eii: L2[L0[], ☐35], put: L2[V1, _7_] -> V0 -> V1 -> L2[_8_, _9_], tr: L7[]
[15:24:35.975071]	Trying ff on 0: L0[], 1: L0[], Ebi: L2[L0[], ☐15], Eib: L2[☐20, L7[]], Eii: L2[L0[], ☐35], put: L2[V2, _7_] -> V0 -> V1 -> L2[_8_, _9_], tr: L7[]
[15:24:35.975251]	Trying ff on 0: L0[], 1: L0[], Ebi: L2[L0[], ☐15], Eib: L2[☐20, L7[]], Eii: L2[L0[], L0[]], put: L2[_6_, _7_] -> V0 -> V1 -> L2[_8_, _9_], tr: L7[]
[15:24:35.975437]	Trying ff on 0: L0[], 1: L0[], Ebi: L2[L0[], ☐15], Eib: L2[☐20, L7[]], Eii: L2[L0[], L7[]], put: L2[_6_, _7_] -> V0 -> V1 -> L2[_8_, _9_], tr: L7[]
[15:24:35.975832]	Trying ff on 0: L0[], 1: L0[], Ebi: L2[L0[], ☐15], Eib: L2[☐20, L7[]], Eii: L2[L7[], ☐35], put: L2[V2, _7_] -> V0 -> V1 -> L2[_8_, _9_], tr: L7[]
[15:24:35.975946]	Trying ff on 0: L0[], 1: L0[], Ebi: L2[L0[], ☐15], Eib: L2[☐20, L7[]], Eii: L2[L7[], L0[]], put: L2[_6_, _7_] -> V0 -> V1 -> L2[_8_, _9_], tr: L7[]
[15:24:35.976051]	Trying ff on 0: L0[], 1: L0[], Ebi: L2[L0[], ☐15], Eib: L2[☐20, L7[]], Eii: L2[L7[], L7[]], put: L2[_6_, _7_] -> V0 -> V1 -> L2[_8_, _9_], tr: L7[]
[15:24:35.976600]	Trying ff on 0: L0[], 1: L0[], Ebi: L2[L0[], ☐15], Eib: L2[L0[], ☐25], Eii: L2[☐30, ☐35], put: L2[L0[], ☐45] -> V0 -> V1 -> L2[L0[], _9_], tr: L7[]
[15:24:35.976770]	Trying ff on 0: L0[], 1: L0[], Ebi: L2[L0[], ☐15], Eib: L2[L0[], ☐25], Eii: L2[☐30, ☐35], put: L2[L0[], L0[]] -> V0 -> V1 -> L2[_8_, _9_], tr: L7[]
[15:24:35.977010]	Trying ff on 0: L0[], 1: L0[], Ebi: L2[L0[], ☐15], Eib: L2[L0[], ☐25], Eii: L2[☐30, ☐35], put: L2[L0[], L7[]] -> V0 -> V1 -> L2[_8_, _9_], tr: L7[]
[15:24:35.977251]	Trying ff on 0: L0[], 1: L0[], Ebi: L2[L0[], ☐15], Eib: L2[L0[], ☐25], Eii: L2[☐30, ☐35], put: L2[L0[], V0] -> V0 -> V1 -> L2[_8_, _9_], tr: L7[]
[15:24:35.977518]	Trying ff on 0: L0[], 1: L0[], Ebi: L2[L0[], ☐15], Eib: L2[L0[], ☐25], Eii: L2[☐30, ☐35], put: L2[L0[], V1] -> V0 -> V1 -> L2[_8_, _9_], tr: L7[]
[15:24:35.977689]	Trying ff on 0: L0[], 1: L0[], Ebi: L2[L0[], ☐15], Eib: L2[L0[], ☐25], Eii: L2[☐30, ☐35], put: L2[L0[], V2] -> V0 -> V1 -> L2[_8_, _9_], tr: L7[]
[15:24:35.978249]	Trying ff on 0: L0[], 1: L0[], Ebi: L2[L0[], ☐15], Eib: L2[L0[], ☐25], Eii: L2[☐30, ☐35], put: L2[V2, ☐45] -> V0 -> V1 -> L2[☐50, L0[]], tr: L7[]
[15:24:35.978397]	Trying ff on 0: L0[], 1: L0[], Ebi: L2[L0[], ☐15], Eib: L2[L0[], ☐25], Eii: L2[☐30, ☐35], put: L2[V2, ☐45] -> V0 -> V1 -> L2[☐50, L7[]], tr: L7[]
[15:24:35.978552]	Trying ff on 0: L0[], 1: L0[], Ebi: L2[L0[], ☐15], Eib: L2[L0[], ☐25], Eii: L2[☐30, ☐35], put: L2[V2, ☐45] -> V0 -> V1 -> L2[☐50, V0], tr: L7[]
[15:24:35.978725]	Trying ff on 0: L0[], 1: L0[], Ebi: L2[L0[], ☐15], Eib: L2[L0[], ☐25], Eii: L2[☐30, ☐35], put: L2[V2, ☐45] -> V0 -> V1 -> L2[☐50, V1], tr: L7[]
[15:24:35.978864]	Trying ff on 0: L0[], 1: L0[], Ebi: L2[L0[], ☐15], Eib: L2[L0[], ☐25], Eii: L2[☐30, ☐35], put: L2[V2, ☐45] -> V0 -> V1 -> L2[☐50, V2], tr: L7[]
[15:24:35.979009]	Trying ff on 0: L0[], 1: L0[], Ebi: L2[L0[], ☐15], Eib: L2[L0[], ☐25], Eii: L2[☐30, ☐35], put: L2[V2, ☐45] -> V0 -> V1 -> L2[L0[], _9_], tr: L7[]
[15:24:35.979138]	Trying ff on 0: L0[], 1: L0[], Ebi: L2[L0[], ☐15], Eib: L2[L0[], ☐25], Eii: L2[☐30, ☐35], put: L2[V2, ☐45] -> V0 -> V1 -> L2[L7[], _9_], tr: L7[]
[15:24:35.979280]	Trying ff on 0: L0[], 1: L0[], Ebi: L2[L0[], ☐15], Eib: L2[L0[], ☐25], Eii: L2[☐30, ☐35], put: L2[V2, ☐45] -> V0 -> V1 -> L2[V0, _9_], tr: L7[]
[15:24:35.979433]	Trying ff on 0: L0[], 1: L0[], Ebi: L2[L0[], ☐15], Eib: L2[L0[], ☐25], Eii: L2[☐30, ☐35], put: L2[V2, ☐45] -> V0 -> V1 -> L2[V1, _9_], tr: L7[]
[15:24:35.979560]	Trying ff on 0: L0[], 1: L0[], Ebi: L2[L0[], ☐15], Eib: L2[L0[], ☐25], Eii: L2[☐30, ☐35], put: L2[V2, ☐45] -> V0 -> V1 -> L2[V2, _9_], tr: L7[]
[15:24:35.979698]	Trying ff on 0: L0[], 1: L0[], Ebi: L2[L0[], ☐15], Eib: L2[L0[], ☐25], Eii: L2[☐30, ☐35], put: L2[V2, L0[]] -> V0 -> V1 -> L2[_8_, _9_], tr: L7[]
[15:24:35.979837]	Trying ff on 0: L0[], 1: L0[], Ebi: L2[L0[], ☐15], Eib: L2[L0[], ☐25], Eii: L2[☐30, ☐35], put: L2[V2, L7[]] -> V0 -> V1 -> L2[_8_, _9_], tr: L7[]
[15:24:35.979981]	Trying ff on 0: L0[], 1: L0[], Ebi: L2[L0[], ☐15], Eib: L2[L0[], ☐25], Eii: L2[☐30, ☐35], put: L2[V2, V0] -> V0 -> V1 -> L2[_8_, _9_], tr: L7[]
[15:24:35.980128]	Trying ff on 0: L0[], 1: L0[], Ebi: L2[L0[], ☐15], Eib: L2[L0[], ☐25], Eii: L2[☐30, ☐35], put: L2[V2, V1] -> V0 -> V1 -> L2[_8_, _9_], tr: L7[]
[15:24:35.980264]	Trying ff on 0: L0[], 1: L0[], Ebi: L2[L0[], ☐15], Eib: L2[L0[], ☐25], Eii: L2[☐30, ☐35], put: L2[V2, V2] -> V0 -> V1 -> L2[_8_, _9_], tr: L7[]
[15:24:35.980410]	Trying ff on 0: L0[], 1: L0[], Ebi: L2[L0[], ☐15], Eib: L2[L0[], ☐25], Eii: L2[☐30, ☐35], put: L2[V2, V3] -> V0 -> V1 -> L2[_8_, _9_], tr: L7[]
[15:24:35.980589]	Trying ff on 0: L0[], 1: L0[], Ebi: L2[L0[], ☐15], Eib: L2[L0[], ☐25], Eii: L2[☐30, L0[]], put: L2[L0[], _7_] -> V0 -> V1 -> L2[_8_, _9_], tr: L7[]
[15:24:35.980780]	Trying ff on 0: L0[], 1: L0[], Ebi: L2[L0[], ☐15], Eib: L2[L0[], ☐25], Eii: L2[☐30, L0[]], put: L2[V2, _7_] -> V0 -> V1 -> L2[_8_, _9_], tr: L7[]
[15:24:35.980970]	Trying ff on 0: L0[], 1: L0[], Ebi: L2[L0[], ☐15], Eib: L2[L0[], ☐25], Eii: L2[☐30, L7[]], put: L2[L0[], _7_] -> V0 -> V1 -> L2[_8_, _9_], tr: L7[]
[15:24:35.981176]	Trying ff on 0: L0[], 1: L0[], Ebi: L2[L0[], ☐15], Eib: L2[L0[], ☐25], Eii: L2[☐30, L7[]], put: L2[V2, _7_] -> V0 -> V1 -> L2[_8_, _9_], tr: L7[]
[15:24:35.981467]	Trying ff on 0: L0[], 1: L0[], Ebi: L2[L0[], ☐15], Eib: L2[L0[], ☐25], Eii: L2[L0[], ☐35], put: L2[L0[], _7_] -> V0 -> V1 -> L2[_8_, _9_], tr: L7[]
[15:24:35.981657]	Trying ff on 0: L0[], 1: L0[], Ebi: L2[L0[], ☐15], Eib: L2[L0[], ☐25], Eii: L2[L0[], ☐35], put: L2[V2, _7_] -> V0 -> V1 -> L2[_8_, _9_], tr: L7[]
[15:24:35.981768]	Trying ff on 0: L0[], 1: L0[], Ebi: L2[L0[], ☐15], Eib: L2[L0[], ☐25], Eii: L2[L0[], L0[]], put: L2[_6_, _7_] -> V0 -> V1 -> L2[_8_, _9_], tr: L7[]
[15:24:35.981924]	Trying ff on 0: L0[], 1: L0[], Ebi: L2[L0[], ☐15], Eib: L2[L0[], ☐25], Eii: L2[L0[], L7[]], put: L2[_6_, _7_] -> V0 -> V1 -> L2[_8_, _9_], tr: L7[]
[15:24:35.982269]	Trying ff on 0: L0[], 1: L0[], Ebi: L2[L0[], ☐15], Eib: L2[L0[], ☐25], Eii: L2[L7[], ☐35], put: L2[V2, _7_] -> V0 -> V1 -> L2[_8_, _9_], tr: L7[]
[15:24:35.982385]	Trying ff on 0: L0[], 1: L0[], Ebi: L2[L0[], ☐15], Eib: L2[L0[], ☐25], Eii: L2[L7[], L0[]], put: L2[_6_, _7_] -> V0 -> V1 -> L2[_8_, _9_], tr: L7[]
[15:24:35.982509]	Trying ff on 0: L0[], 1: L0[], Ebi: L2[L0[], ☐15], Eib: L2[L0[], ☐25], Eii: L2[L7[], L7[]], put: L2[_6_, _7_] -> V0 -> V1 -> L2[_8_, _9_], tr: L7[]
[15:24:35.982878]	Trying ff on 0: L0[], 1: L0[], Ebi: L2[L0[], ☐15], Eib: L2[L0[], L0[]], Eii: L2[☐30, ☐35], put: L2[L0[], _7_] -> V0 -> V1 -> L2[_8_, _9_], tr: L7[]
[15:24:35.983083]	Trying ff on 0: L0[], 1: L0[], Ebi: L2[L0[], ☐15], Eib: L2[L0[], L0[]], Eii: L2[☐30, ☐35], put: L2[V2, _7_] -> V0 -> V1 -> L2[_8_, _9_], tr: L7[]
[15:24:35.983205]	Trying ff on 0: L0[], 1: L0[], Ebi: L2[L0[], ☐15], Eib: L2[L0[], L0[]], Eii: L2[☐30, L0[]], put: L2[_6_, _7_] -> V0 -> V1 -> L2[_8_, _9_], tr: L7[]
[15:24:35.983336]	Trying ff on 0: L0[], 1: L0[], Ebi: L2[L0[], ☐15], Eib: L2[L0[], L0[]], Eii: L2[☐30, L7[]], put: L2[_6_, _7_] -> V0 -> V1 -> L2[_8_, _9_], tr: L7[]
[15:24:35.983457]	Trying ff on 0: L0[], 1: L0[], Ebi: L2[L0[], ☐15], Eib: L2[L0[], L0[]], Eii: L2[L0[], _5_], put: L2[_6_, _7_] -> V0 -> V1 -> L2[_8_, _9_], tr: L7[]
[15:24:35.983631]	Trying ff on 0: L0[], 1: L0[], Ebi: L2[L0[], ☐15], Eib: L2[L0[], L0[]], Eii: L2[L7[], _5_], put: L2[_6_, _7_] -> V0 -> V1 -> L2[_8_, _9_], tr: L7[]
[15:24:35.983977]	Trying ff on 0: L0[], 1: L0[], Ebi: L2[L0[], ☐15], Eib: L2[L0[], L7[]], Eii: L2[☐30, ☐35], put: L2[L0[], _7_] -> V0 -> V1 -> L2[_8_, _9_], tr: L7[]
[15:24:35.984196]	Trying ff on 0: L0[], 1: L0[], Ebi: L2[L0[], ☐15], Eib: L2[L0[], L7[]], Eii: L2[☐30, ☐35], put: L2[V2, _7_] -> V0 -> V1 -> L2[_8_, _9_], tr: L7[]
[15:24:35.984333]	Trying ff on 0: L0[], 1: L0[], Ebi: L2[L0[], ☐15], Eib: L2[L0[], L7[]], Eii: L2[☐30, L0[]], put: L2[_6_, _7_] -> V0 -> V1 -> L2[_8_, _9_], tr: L7[]
[15:24:35.984487]	Trying ff on 0: L0[], 1: L0[], Ebi: L2[L0[], ☐15], Eib: L2[L0[], L7[]], Eii: L2[☐30, L7[]], put: L2[_6_, _7_] -> V0 -> V1 -> L2[_8_, _9_], tr: L7[]
[15:24:35.984618]	Trying ff on 0: L0[], 1: L0[], Ebi: L2[L0[], ☐15], Eib: L2[L0[], L7[]], Eii: L2[L0[], _5_], put: L2[_6_, _7_] -> V0 -> V1 -> L2[_8_, _9_], tr: L7[]
[15:24:35.984745]	Trying ff on 0: L0[], 1: L0[], Ebi: L2[L0[], ☐15], Eib: L2[L0[], L7[]], Eii: L2[L7[], _5_], put: L2[_6_, _7_] -> V0 -> V1 -> L2[_8_, _9_], tr: L7[]
[15:24:35.985345]	Trying ff on 0: L0[], 1: L0[], Ebi: L2[L0[], ☐15], Eib: L2[L7[], ☐25], Eii: L2[☐30, ☐35], put: L2[V1, ☐45] -> V0 -> V1 -> L2[V1, _9_], tr: L7[]
[15:24:35.985490]	Trying ff on 0: L0[], 1: L0[], Ebi: L2[L0[], ☐15], Eib: L2[L7[], ☐25], Eii: L2[☐30, ☐35], put: L2[V1, L0[]] -> V0 -> V1 -> L2[_8_, _9_], tr: L7[]
[15:24:35.985678]	Trying ff on 0: L0[], 1: L0[], Ebi: L2[L0[], ☐15], Eib: L2[L7[], ☐25], Eii: L2[☐30, ☐35], put: L2[V1, L7[]] -> V0 -> V1 -> L2[_8_, _9_], tr: L7[]
[15:24:35.985910]	Trying ff on 0: L0[], 1: L0[], Ebi: L2[L0[], ☐15], Eib: L2[L7[], ☐25], Eii: L2[☐30, ☐35], put: L2[V1, V0] -> V0 -> V1 -> L2[_8_, _9_], tr: L7[]
[15:24:35.986083]	Trying ff on 0: L0[], 1: L0[], Ebi: L2[L0[], ☐15], Eib: L2[L7[], ☐25], Eii: L2[☐30, ☐35], put: L2[V1, V1] -> V0 -> V1 -> L2[_8_, _9_], tr: L7[]
[15:24:35.986238]	Trying ff on 0: L0[], 1: L0[], Ebi: L2[L0[], ☐15], Eib: L2[L7[], ☐25], Eii: L2[☐30, ☐35], put: L2[V1, V2] -> V0 -> V1 -> L2[_8_, _9_], tr: L7[]
[15:24:35.986866]	Trying ff on 0: L0[], 1: L0[], Ebi: L2[L0[], ☐15], Eib: L2[L7[], ☐25], Eii: L2[☐30, ☐35], put: L2[V2, ☐45] -> V0 -> V1 -> L2[☐50, L0[]], tr: L7[]
[15:24:35.987020]	Trying ff on 0: L0[], 1: L0[], Ebi: L2[L0[], ☐15], Eib: L2[L7[], ☐25], Eii: L2[☐30, ☐35], put: L2[V2, ☐45] -> V0 -> V1 -> L2[☐50, L7[]], tr: L7[]
[15:24:35.987178]	Trying ff on 0: L0[], 1: L0[], Ebi: L2[L0[], ☐15], Eib: L2[L7[], ☐25], Eii: L2[☐30, ☐35], put: L2[V2, ☐45] -> V0 -> V1 -> L2[☐50, V0], tr: L7[]
[15:24:35.987326]	Trying ff on 0: L0[], 1: L0[], Ebi: L2[L0[], ☐15], Eib: L2[L7[], ☐25], Eii: L2[☐30, ☐35], put: L2[V2, ☐45] -> V0 -> V1 -> L2[☐50, V1], tr: L7[]
[15:24:35.987463]	Trying ff on 0: L0[], 1: L0[], Ebi: L2[L0[], ☐15], Eib: L2[L7[], ☐25], Eii: L2[☐30, ☐35], put: L2[V2, ☐45] -> V0 -> V1 -> L2[☐50, V2], tr: L7[]
[15:24:35.987644]	Trying ff on 0: L0[], 1: L0[], Ebi: L2[L0[], ☐15], Eib: L2[L7[], ☐25], Eii: L2[☐30, ☐35], put: L2[V2, ☐45] -> V0 -> V1 -> L2[L0[], _9_], tr: L7[]
[15:24:35.987781]	Trying ff on 0: L0[], 1: L0[], Ebi: L2[L0[], ☐15], Eib: L2[L7[], ☐25], Eii: L2[☐30, ☐35], put: L2[V2, ☐45] -> V0 -> V1 -> L2[L7[], _9_], tr: L7[]
[15:24:35.987924]	Trying ff on 0: L0[], 1: L0[], Ebi: L2[L0[], ☐15], Eib: L2[L7[], ☐25], Eii: L2[☐30, ☐35], put: L2[V2, ☐45] -> V0 -> V1 -> L2[V0, _9_], tr: L7[]
[15:24:35.988114]	Trying ff on 0: L0[], 1: L0[], Ebi: L2[L0[], ☐15], Eib: L2[L7[], ☐25], Eii: L2[☐30, ☐35], put: L2[V2, ☐45] -> V0 -> V1 -> L2[V1, _9_], tr: L7[]
[15:24:35.988309]	Trying ff on 0: L0[], 1: L0[], Ebi: L2[L0[], ☐15], Eib: L2[L7[], ☐25], Eii: L2[☐30, ☐35], put: L2[V2, ☐45] -> V0 -> V1 -> L2[V2, _9_], tr: L7[]
[15:24:35.988452]	Trying ff on 0: L0[], 1: L0[], Ebi: L2[L0[], ☐15], Eib: L2[L7[], ☐25], Eii: L2[☐30, ☐35], put: L2[V2, L0[]] -> V0 -> V1 -> L2[_8_, _9_], tr: L7[]
[15:24:35.988604]	Trying ff on 0: L0[], 1: L0[], Ebi: L2[L0[], ☐15], Eib: L2[L7[], ☐25], Eii: L2[☐30, ☐35], put: L2[V2, L7[]] -> V0 -> V1 -> L2[_8_, _9_], tr: L7[]
[15:24:35.988757]	Trying ff on 0: L0[], 1: L0[], Ebi: L2[L0[], ☐15], Eib: L2[L7[], ☐25], Eii: L2[☐30, ☐35], put: L2[V2, V0] -> V0 -> V1 -> L2[_8_, _9_], tr: L7[]
[15:24:35.988986]	Trying ff on 0: L0[], 1: L0[], Ebi: L2[L0[], ☐15], Eib: L2[L7[], ☐25], Eii: L2[☐30, ☐35], put: L2[V2, V1] -> V0 -> V1 -> L2[_8_, _9_], tr: L7[]
[15:24:35.989172]	Trying ff on 0: L0[], 1: L0[], Ebi: L2[L0[], ☐15], Eib: L2[L7[], ☐25], Eii: L2[☐30, ☐35], put: L2[V2, V2] -> V0 -> V1 -> L2[_8_, _9_], tr: L7[]
[15:24:35.989377]	Trying ff on 0: L0[], 1: L0[], Ebi: L2[L0[], ☐15], Eib: L2[L7[], ☐25], Eii: L2[☐30, ☐35], put: L2[V2, V3] -> V0 -> V1 -> L2[_8_, _9_], tr: L7[]
[15:24:35.989675]	Trying ff on 0: L0[], 1: L0[], Ebi: L2[L0[], ☐15], Eib: L2[L7[], ☐25], Eii: L2[☐30, L0[]], put: L2[V1, _7_] -> V0 -> V1 -> L2[_8_, _9_], tr: L7[]
[15:24:35.989832]	Trying ff on 0: L0[], 1: L0[], Ebi: L2[L0[], ☐15], Eib: L2[L7[], ☐25], Eii: L2[☐30, L0[]], put: L2[V2, _7_] -> V0 -> V1 -> L2[_8_, _9_], tr: L7[]
[15:24:35.990060]	Trying ff on 0: L0[], 1: L0[], Ebi: L2[L0[], ☐15], Eib: L2[L7[], ☐25], Eii: L2[☐30, L7[]], put: L2[V1, _7_] -> V0 -> V1 -> L2[_8_, _9_], tr: L7[]
[15:24:35.990206]	Trying ff on 0: L0[], 1: L0[], Ebi: L2[L0[], ☐15], Eib: L2[L7[], ☐25], Eii: L2[☐30, L7[]], put: L2[V2, _7_] -> V0 -> V1 -> L2[_8_, _9_], tr: L7[]
[15:24:35.990495]	Trying ff on 0: L0[], 1: L0[], Ebi: L2[L0[], ☐15], Eib: L2[L7[], ☐25], Eii: L2[L0[], ☐35], put: L2[V1, _7_] -> V0 -> V1 -> L2[_8_, _9_], tr: L7[]
[15:24:35.990664]	Trying ff on 0: L0[], 1: L0[], Ebi: L2[L0[], ☐15], Eib: L2[L7[], ☐25], Eii: L2[L0[], ☐35], put: L2[V2, _7_] -> V0 -> V1 -> L2[_8_, _9_], tr: L7[]
[15:24:35.990797]	Trying ff on 0: L0[], 1: L0[], Ebi: L2[L0[], ☐15], Eib: L2[L7[], ☐25], Eii: L2[L0[], L0[]], put: L2[_6_, _7_] -> V0 -> V1 -> L2[_8_, _9_], tr: L7[]
[15:24:35.990917]	Trying ff on 0: L0[], 1: L0[], Ebi: L2[L0[], ☐15], Eib: L2[L7[], ☐25], Eii: L2[L0[], L7[]], put: L2[_6_, _7_] -> V0 -> V1 -> L2[_8_, _9_], tr: L7[]
[15:24:35.991255]	Trying ff on 0: L0[], 1: L0[], Ebi: L2[L0[], ☐15], Eib: L2[L7[], ☐25], Eii: L2[L7[], ☐35], put: L2[V2, _7_] -> V0 -> V1 -> L2[_8_, _9_], tr: L7[]
[15:24:35.991363]	Trying ff on 0: L0[], 1: L0[], Ebi: L2[L0[], ☐15], Eib: L2[L7[], ☐25], Eii: L2[L7[], L0[]], put: L2[_6_, _7_] -> V0 -> V1 -> L2[_8_, _9_], tr: L7[]
[15:24:35.991482]	Trying ff on 0: L0[], 1: L0[], Ebi: L2[L0[], ☐15], Eib: L2[L7[], ☐25], Eii: L2[L7[], L7[]], put: L2[_6_, _7_] -> V0 -> V1 -> L2[_8_, _9_], tr: L7[]
[15:24:35.991836]	Trying ff on 0: L0[], 1: L0[], Ebi: L2[L0[], ☐15], Eib: L2[L7[], L0[]], Eii: L2[☐30, ☐35], put: L2[V1, _7_] -> V0 -> V1 -> L2[_8_, _9_], tr: L7[]
[15:24:35.991987]	Trying ff on 0: L0[], 1: L0[], Ebi: L2[L0[], ☐15], Eib: L2[L7[], L0[]], Eii: L2[☐30, ☐35], put: L2[V2, _7_] -> V0 -> V1 -> L2[_8_, _9_], tr: L7[]
[15:24:35.992138]	Trying ff on 0: L0[], 1: L0[], Ebi: L2[L0[], ☐15], Eib: L2[L7[], L0[]], Eii: L2[☐30, L0[]], put: L2[_6_, _7_] -> V0 -> V1 -> L2[_8_, _9_], tr: L7[]
[15:24:35.992268]	Trying ff on 0: L0[], 1: L0[], Ebi: L2[L0[], ☐15], Eib: L2[L7[], L0[]], Eii: L2[☐30, L7[]], put: L2[_6_, _7_] -> V0 -> V1 -> L2[_8_, _9_], tr: L7[]
[15:24:35.992377]	Trying ff on 0: L0[], 1: L0[], Ebi: L2[L0[], ☐15], Eib: L2[L7[], L0[]], Eii: L2[L0[], _5_], put: L2[_6_, _7_] -> V0 -> V1 -> L2[_8_, _9_], tr: L7[]
[15:24:35.992496]	Trying ff on 0: L0[], 1: L0[], Ebi: L2[L0[], ☐15], Eib: L2[L7[], L0[]], Eii: L2[L7[], _5_], put: L2[_6_, _7_] -> V0 -> V1 -> L2[_8_, _9_], tr: L7[]
[15:24:35.993026]	Trying ff on 0: L0[], 1: L0[], Ebi: L2[L0[], ☐15], Eib: L2[L7[], L7[]], Eii: L2[☐30, ☐35], put: L2[V1, _7_] -> V0 -> V1 -> L2[_8_, _9_], tr: L7[]
[15:24:35.993195]	Trying ff on 0: L0[], 1: L0[], Ebi: L2[L0[], ☐15], Eib: L2[L7[], L7[]], Eii: L2[☐30, ☐35], put: L2[V2, _7_] -> V0 -> V1 -> L2[_8_, _9_], tr: L7[]
[15:24:35.993309]	Trying ff on 0: L0[], 1: L0[], Ebi: L2[L0[], ☐15], Eib: L2[L7[], L7[]], Eii: L2[☐30, L0[]], put: L2[_6_, _7_] -> V0 -> V1 -> L2[_8_, _9_], tr: L7[]
[15:24:35.993452]	Trying ff on 0: L0[], 1: L0[], Ebi: L2[L0[], ☐15], Eib: L2[L7[], L7[]], Eii: L2[☐30, L7[]], put: L2[_6_, _7_] -> V0 -> V1 -> L2[_8_, _9_], tr: L7[]
[15:24:35.993633]	Trying ff on 0: L0[], 1: L0[], Ebi: L2[L0[], ☐15], Eib: L2[L7[], L7[]], Eii: L2[L0[], _5_], put: L2[_6_, _7_] -> V0 -> V1 -> L2[_8_, _9_], tr: L7[]
[15:24:35.993761]	Trying ff on 0: L0[], 1: L0[], Ebi: L2[L0[], ☐15], Eib: L2[L7[], L7[]], Eii: L2[L7[], _5_], put: L2[_6_, _7_] -> V0 -> V1 -> L2[_8_, _9_], tr: L7[]
[15:24:35.994550]	Trying ff on 0: L0[], 1: L0[], Ebi: L2[L0[], L0[]], Eib: L2[☐20, ☐25], Eii: L2[☐30, ☐35], put: L2[L0[], L0[]] -> V0 -> V1 -> L2[_8_, _9_], tr: L7[]
[15:24:35.994885]	Trying ff on 0: L0[], 1: L0[], Ebi: L2[L0[], L0[]], Eib: L2[☐20, ☐25], Eii: L2[☐30, ☐35], put: L2[L0[], V1] -> V0 -> V1 -> L2[_8_, _9_], tr: L7[]
[15:24:35.995070]	Trying ff on 0: L0[], 1: L0[], Ebi: L2[L0[], L0[]], Eib: L2[☐20, ☐25], Eii: L2[☐30, ☐35], put: L2[L0[], V2] -> V0 -> V1 -> L2[_8_, _9_], tr: L7[]
[15:24:35.995339]	Trying ff on 0: L0[], 1: L0[], Ebi: L2[L0[], L0[]], Eib: L2[☐20, ☐25], Eii: L2[☐30, ☐35], put: L2[V1, L0[]] -> V0 -> V1 -> L2[_8_, _9_], tr: L7[]
[15:24:35.995559]	Trying ff on 0: L0[], 1: L0[], Ebi: L2[L0[], L0[]], Eib: L2[☐20, ☐25], Eii: L2[☐30, ☐35], put: L2[V1, V1] -> V0 -> V1 -> L2[_8_, _9_], tr: L7[]
[15:24:35.995717]	Trying ff on 0: L0[], 1: L0[], Ebi: L2[L0[], L0[]], Eib: L2[☐20, ☐25], Eii: L2[☐30, ☐35], put: L2[V1, V2] -> V0 -> V1 -> L2[_8_, _9_], tr: L7[]
[15:24:35.995956]	Trying ff on 0: L0[], 1: L0[], Ebi: L2[L0[], L0[]], Eib: L2[☐20, ☐25], Eii: L2[☐30, ☐35], put: L2[V2, L0[]] -> V0 -> V1 -> L2[_8_, _9_], tr: L7[]
[15:24:35.996148]	Trying ff on 0: L0[], 1: L0[], Ebi: L2[L0[], L0[]], Eib: L2[☐20, ☐25], Eii: L2[☐30, ☐35], put: L2[V2, V1] -> V0 -> V1 -> L2[_8_, _9_], tr: L7[]
[15:24:35.996284]	Trying ff on 0: L0[], 1: L0[], Ebi: L2[L0[], L0[]], Eib: L2[☐20, ☐25], Eii: L2[☐30, ☐35], put: L2[V2, V2] -> V0 -> V1 -> L2[_8_, _9_], tr: L7[]
[15:24:35.996429]	Trying ff on 0: L0[], 1: L0[], Ebi: L2[L0[], L0[]], Eib: L2[☐20, ☐25], Eii: L2[☐30, ☐35], put: L2[V2, V3] -> V0 -> V1 -> L2[_8_, _9_], tr: L7[]
[15:24:35.996677]	Trying ff on 0: L0[], 1: L0[], Ebi: L2[L0[], L0[]], Eib: L2[☐20, ☐25], Eii: L2[☐30, L0[]], put: L2[L0[], _7_] -> V0 -> V1 -> L2[_8_, _9_], tr: L7[]
[15:24:35.996875]	Trying ff on 0: L0[], 1: L0[], Ebi: L2[L0[], L0[]], Eib: L2[☐20, ☐25], Eii: L2[☐30, L0[]], put: L2[V1, _7_] -> V0 -> V1 -> L2[_8_, _9_], tr: L7[]
[15:24:35.997026]	Trying ff on 0: L0[], 1: L0[], Ebi: L2[L0[], L0[]], Eib: L2[☐20, ☐25], Eii: L2[☐30, L0[]], put: L2[V2, _7_] -> V0 -> V1 -> L2[_8_, _9_], tr: L7[]
[15:24:35.997296]	Trying ff on 0: L0[], 1: L0[], Ebi: L2[L0[], L0[]], Eib: L2[☐20, ☐25], Eii: L2[☐30, L7[]], put: L2[L0[], _7_] -> V0 -> V1 -> L2[_8_, _9_], tr: L7[]
[15:24:35.997475]	Trying ff on 0: L0[], 1: L0[], Ebi: L2[L0[], L0[]], Eib: L2[☐20, ☐25], Eii: L2[☐30, L7[]], put: L2[V1, _7_] -> V0 -> V1 -> L2[_8_, _9_], tr: L7[]
[15:24:35.997663]	Trying ff on 0: L0[], 1: L0[], Ebi: L2[L0[], L0[]], Eib: L2[☐20, ☐25], Eii: L2[☐30, L7[]], put: L2[V2, _7_] -> V0 -> V1 -> L2[_8_, _9_], tr: L7[]
[15:24:35.997928]	Trying ff on 0: L0[], 1: L0[], Ebi: L2[L0[], L0[]], Eib: L2[☐20, ☐25], Eii: L2[L0[], ☐35], put: L2[L0[], _7_] -> V0 -> V1 -> L2[_8_, _9_], tr: L7[]
[15:24:35.998113]	Trying ff on 0: L0[], 1: L0[], Ebi: L2[L0[], L0[]], Eib: L2[☐20, ☐25], Eii: L2[L0[], ☐35], put: L2[V1, _7_] -> V0 -> V1 -> L2[_8_, _9_], tr: L7[]
[15:24:35.998256]	Trying ff on 0: L0[], 1: L0[], Ebi: L2[L0[], L0[]], Eib: L2[☐20, ☐25], Eii: L2[L0[], ☐35], put: L2[V2, _7_] -> V0 -> V1 -> L2[_8_, _9_], tr: L7[]
[15:24:35.998371]	Trying ff on 0: L0[], 1: L0[], Ebi: L2[L0[], L0[]], Eib: L2[☐20, ☐25], Eii: L2[L0[], L0[]], put: L2[_6_, _7_] -> V0 -> V1 -> L2[_8_, _9_], tr: L7[]
[15:24:35.998537]	Trying ff on 0: L0[], 1: L0[], Ebi: L2[L0[], L0[]], Eib: L2[☐20, ☐25], Eii: L2[L0[], L7[]], put: L2[_6_, _7_] -> V0 -> V1 -> L2[_8_, _9_], tr: L7[]
[15:24:35.999079]	Trying ff on 0: L0[], 1: L0[], Ebi: L2[L0[], L0[]], Eib: L2[☐20, ☐25], Eii: L2[L7[], ☐35], put: L2[V2, _7_] -> V0 -> V1 -> L2[_8_, _9_], tr: L7[]
[15:24:35.999243]	Trying ff on 0: L0[], 1: L0[], Ebi: L2[L0[], L0[]], Eib: L2[☐20, ☐25], Eii: L2[L7[], L0[]], put: L2[_6_, _7_] -> V0 -> V1 -> L2[_8_, _9_], tr: L7[]
[15:24:35.999364]	Trying ff on 0: L0[], 1: L0[], Ebi: L2[L0[], L0[]], Eib: L2[☐20, ☐25], Eii: L2[L7[], L7[]], put: L2[_6_, _7_] -> V0 -> V1 -> L2[_8_, _9_], tr: L7[]
[15:24:35.999804]	Trying ff on 0: L0[], 1: L0[], Ebi: L2[L0[], L0[]], Eib: L2[☐20, L0[]], Eii: L2[☐30, ☐35], put: L2[L0[], _7_] -> V0 -> V1 -> L2[_8_, _9_], tr: L7[]
[15:24:35.999992]	Trying ff on 0: L0[], 1: L0[], Ebi: L2[L0[], L0[]], Eib: L2[☐20, L0[]], Eii: L2[☐30, ☐35], put: L2[V1, _7_] -> V0 -> V1 -> L2[_8_, _9_], tr: L7[]
[15:24:36.000140]	Trying ff on 0: L0[], 1: L0[], Ebi: L2[L0[], L0[]], Eib: L2[☐20, L0[]], Eii: L2[☐30, ☐35], put: L2[V2, _7_] -> V0 -> V1 -> L2[_8_, _9_], tr: L7[]
[15:24:36.000285]	Trying ff on 0: L0[], 1: L0[], Ebi: L2[L0[], L0[]], Eib: L2[☐20, L0[]], Eii: L2[☐30, L0[]], put: L2[_6_, _7_] -> V0 -> V1 -> L2[_8_, _9_], tr: L7[]
[15:24:36.000419]	Trying ff on 0: L0[], 1: L0[], Ebi: L2[L0[], L0[]], Eib: L2[☐20, L0[]], Eii: L2[☐30, L7[]], put: L2[_6_, _7_] -> V0 -> V1 -> L2[_8_, _9_], tr: L7[]
[15:24:36.000571]	Trying ff on 0: L0[], 1: L0[], Ebi: L2[L0[], L0[]], Eib: L2[☐20, L0[]], Eii: L2[L0[], _5_], put: L2[_6_, _7_] -> V0 -> V1 -> L2[_8_, _9_], tr: L7[]
[15:24:36.000742]	Trying ff on 0: L0[], 1: L0[], Ebi: L2[L0[], L0[]], Eib: L2[☐20, L0[]], Eii: L2[L7[], _5_], put: L2[_6_, _7_] -> V0 -> V1 -> L2[_8_, _9_], tr: L7[]
[15:24:36.001083]	Trying ff on 0: L0[], 1: L0[], Ebi: L2[L0[], L0[]], Eib: L2[☐20, L7[]], Eii: L2[☐30, ☐35], put: L2[L0[], _7_] -> V0 -> V1 -> L2[_8_, _9_], tr: L7[]
[15:24:36.001260]	Trying ff on 0: L0[], 1: L0[], Ebi: L2[L0[], L0[]], Eib: L2[☐20, L7[]], Eii: L2[☐30, ☐35], put: L2[V1, _7_] -> V0 -> V1 -> L2[_8_, _9_], tr: L7[]
[15:24:36.001402]	Trying ff on 0: L0[], 1: L0[], Ebi: L2[L0[], L0[]], Eib: L2[☐20, L7[]], Eii: L2[☐30, ☐35], put: L2[V2, _7_] -> V0 -> V1 -> L2[_8_, _9_], tr: L7[]
[15:24:36.001512]	Trying ff on 0: L0[], 1: L0[], Ebi: L2[L0[], L0[]], Eib: L2[☐20, L7[]], Eii: L2[☐30, L0[]], put: L2[_6_, _7_] -> V0 -> V1 -> L2[_8_, _9_], tr: L7[]
[15:24:36.001702]	Trying ff on 0: L0[], 1: L0[], Ebi: L2[L0[], L0[]], Eib: L2[☐20, L7[]], Eii: L2[☐30, L7[]], put: L2[_6_, _7_] -> V0 -> V1 -> L2[_8_, _9_], tr: L7[]
[15:24:36.001866]	Trying ff on 0: L0[], 1: L0[], Ebi: L2[L0[], L0[]], Eib: L2[☐20, L7[]], Eii: L2[L0[], _5_], put: L2[_6_, _7_] -> V0 -> V1 -> L2[_8_, _9_], tr: L7[]
[15:24:36.001996]	Trying ff on 0: L0[], 1: L0[], Ebi: L2[L0[], L0[]], Eib: L2[☐20, L7[]], Eii: L2[L7[], _5_], put: L2[_6_, _7_] -> V0 -> V1 -> L2[_8_, _9_], tr: L7[]
[15:24:36.002383]	Trying ff on 0: L0[], 1: L0[], Ebi: L2[L0[], L0[]], Eib: L2[L0[], ☐25], Eii: L2[☐30, ☐35], put: L2[L0[], _7_] -> V0 -> V1 -> L2[_8_, _9_], tr: L7[]
[15:24:36.002579]	Trying ff on 0: L0[], 1: L0[], Ebi: L2[L0[], L0[]], Eib: L2[L0[], ☐25], Eii: L2[☐30, ☐35], put: L2[V2, _7_] -> V0 -> V1 -> L2[_8_, _9_], tr: L7[]
[15:24:36.002728]	Trying ff on 0: L0[], 1: L0[], Ebi: L2[L0[], L0[]], Eib: L2[L0[], ☐25], Eii: L2[☐30, L0[]], put: L2[_6_, _7_] -> V0 -> V1 -> L2[_8_, _9_], tr: L7[]
[15:24:36.002863]	Trying ff on 0: L0[], 1: L0[], Ebi: L2[L0[], L0[]], Eib: L2[L0[], ☐25], Eii: L2[☐30, L7[]], put: L2[_6_, _7_] -> V0 -> V1 -> L2[_8_, _9_], tr: L7[]
[15:24:36.002980]	Trying ff on 0: L0[], 1: L0[], Ebi: L2[L0[], L0[]], Eib: L2[L0[], ☐25], Eii: L2[L0[], _5_], put: L2[_6_, _7_] -> V0 -> V1 -> L2[_8_, _9_], tr: L7[]
[15:24:36.003105]	Trying ff on 0: L0[], 1: L0[], Ebi: L2[L0[], L0[]], Eib: L2[L0[], ☐25], Eii: L2[L7[], _5_], put: L2[_6_, _7_] -> V0 -> V1 -> L2[_8_, _9_], tr: L7[]
[15:24:36.003269]	Trying ff on 0: L0[], 1: L0[], Ebi: L2[L0[], L0[]], Eib: L2[L0[], L0[]], Eii: L2[_4_, _5_], put: L2[_6_, _7_] -> V0 -> V1 -> L2[_8_, _9_], tr: L7[]
[15:24:36.003404]	Trying ff on 0: L0[], 1: L0[], Ebi: L2[L0[], L0[]], Eib: L2[L0[], L7[]], Eii: L2[_4_, _5_], put: L2[_6_, _7_] -> V0 -> V1 -> L2[_8_, _9_], tr: L7[]
[15:24:36.004023]	Trying ff on 0: L0[], 1: L0[], Ebi: L2[L0[], L0[]], Eib: L2[L7[], ☐25], Eii: L2[☐30, ☐35], put: L2[V1, _7_] -> V0 -> V1 -> L2[_8_, _9_], tr: L7[]
[15:24:36.004226]	Trying ff on 0: L0[], 1: L0[], Ebi: L2[L0[], L0[]], Eib: L2[L7[], ☐25], Eii: L2[☐30, ☐35], put: L2[V2, _7_] -> V0 -> V1 -> L2[_8_, _9_], tr: L7[]
[15:24:36.004354]	Trying ff on 0: L0[], 1: L0[], Ebi: L2[L0[], L0[]], Eib: L2[L7[], ☐25], Eii: L2[☐30, L0[]], put: L2[_6_, _7_] -> V0 -> V1 -> L2[_8_, _9_], tr: L7[]
[15:24:36.004473]	Trying ff on 0: L0[], 1: L0[], Ebi: L2[L0[], L0[]], Eib: L2[L7[], ☐25], Eii: L2[☐30, L7[]], put: L2[_6_, _7_] -> V0 -> V1 -> L2[_8_, _9_], tr: L7[]
[15:24:36.004581]	Trying ff on 0: L0[], 1: L0[], Ebi: L2[L0[], L0[]], Eib: L2[L7[], ☐25], Eii: L2[L0[], _5_], put: L2[_6_, _7_] -> V0 -> V1 -> L2[_8_, _9_], tr: L7[]
[15:24:36.004727]	Trying ff on 0: L0[], 1: L0[], Ebi: L2[L0[], L0[]], Eib: L2[L7[], ☐25], Eii: L2[L7[], _5_], put: L2[_6_, _7_] -> V0 -> V1 -> L2[_8_, _9_], tr: L7[]
[15:24:36.004885]	Trying ff on 0: L0[], 1: L0[], Ebi: L2[L0[], L0[]], Eib: L2[L7[], L0[]], Eii: L2[_4_, _5_], put: L2[_6_, _7_] -> V0 -> V1 -> L2[_8_, _9_], tr: L7[]
[15:24:36.005051]	Trying ff on 0: L0[], 1: L0[], Ebi: L2[L0[], L0[]], Eib: L2[L7[], L7[]], Eii: L2[_4_, _5_], put: L2[_6_, _7_] -> V0 -> V1 -> L2[_8_, _9_], tr: L7[]
[15:24:36.005815]	Trying ff on 0: L0[], 1: L0[], Ebi: L2[L0[], L7[]], Eib: L2[☐20, ☐25], Eii: L2[☐30, ☐35], put: L2[L0[], L7[]] -> V0 -> V1 -> L2[_8_, _9_], tr: L7[]
[15:24:36.006082]	Trying ff on 0: L0[], 1: L0[], Ebi: L2[L0[], L7[]], Eib: L2[☐20, ☐25], Eii: L2[☐30, ☐35], put: L2[L0[], V0] -> V0 -> V1 -> L2[_8_, _9_], tr: L7[]
[15:24:36.006387]	Trying ff on 0: L0[], 1: L0[], Ebi: L2[L0[], L7[]], Eib: L2[☐20, ☐25], Eii: L2[☐30, ☐35], put: L2[L0[], V2] -> V0 -> V1 -> L2[_8_, _9_], tr: L7[]
[15:24:36.006748]	Trying ff on 0: L0[], 1: L0[], Ebi: L2[L0[], L7[]], Eib: L2[☐20, ☐25], Eii: L2[☐30, ☐35], put: L2[V1, L7[]] -> V0 -> V1 -> L2[_8_, _9_], tr: L7[]
[15:24:36.006940]	Trying ff on 0: L0[], 1: L0[], Ebi: L2[L0[], L7[]], Eib: L2[☐20, ☐25], Eii: L2[☐30, ☐35], put: L2[V1, V0] -> V0 -> V1 -> L2[_8_, _9_], tr: L7[]
[15:24:36.007140]	Trying ff on 0: L0[], 1: L0[], Ebi: L2[L0[], L7[]], Eib: L2[☐20, ☐25], Eii: L2[☐30, ☐35], put: L2[V1, V2] -> V0 -> V1 -> L2[_8_, _9_], tr: L7[]
[15:24:36.007385]	Trying ff on 0: L0[], 1: L0[], Ebi: L2[L0[], L7[]], Eib: L2[☐20, ☐25], Eii: L2[☐30, ☐35], put: L2[V2, L7[]] -> V0 -> V1 -> L2[_8_, _9_], tr: L7[]
[15:24:36.007548]	Trying ff on 0: L0[], 1: L0[], Ebi: L2[L0[], L7[]], Eib: L2[☐20, ☐25], Eii: L2[☐30, ☐35], put: L2[V2, V0] -> V0 -> V1 -> L2[_8_, _9_], tr: L7[]
[15:24:36.007766]	Trying ff on 0: L0[], 1: L0[], Ebi: L2[L0[], L7[]], Eib: L2[☐20, ☐25], Eii: L2[☐30, ☐35], put: L2[V2, V3] -> V0 -> V1 -> L2[_8_, _9_], tr: L7[]
[15:24:36.007949]	Trying ff on 0: L0[], 1: L0[], Ebi: L2[L0[], L7[]], Eib: L2[☐20, ☐25], Eii: L2[☐30, L0[]], put: L2[L0[], _7_] -> V0 -> V1 -> L2[_8_, _9_], tr: L7[]
[15:24:36.008185]	Trying ff on 0: L0[], 1: L0[], Ebi: L2[L0[], L7[]], Eib: L2[☐20, ☐25], Eii: L2[☐30, L0[]], put: L2[V1, _7_] -> V0 -> V1 -> L2[_8_, _9_], tr: L7[]
[15:24:36.008377]	Trying ff on 0: L0[], 1: L0[], Ebi: L2[L0[], L7[]], Eib: L2[☐20, ☐25], Eii: L2[☐30, L0[]], put: L2[V2, _7_] -> V0 -> V1 -> L2[_8_, _9_], tr: L7[]
[15:24:36.008576]	Trying ff on 0: L0[], 1: L0[], Ebi: L2[L0[], L7[]], Eib: L2[☐20, ☐25], Eii: L2[☐30, L7[]], put: L2[L0[], _7_] -> V0 -> V1 -> L2[_8_, _9_], tr: L7[]
[15:24:36.008772]	Trying ff on 0: L0[], 1: L0[], Ebi: L2[L0[], L7[]], Eib: L2[☐20, ☐25], Eii: L2[☐30, L7[]], put: L2[V1, _7_] -> V0 -> V1 -> L2[_8_, _9_], tr: L7[]
[15:24:36.008938]	Trying ff on 0: L0[], 1: L0[], Ebi: L2[L0[], L7[]], Eib: L2[☐20, ☐25], Eii: L2[☐30, L7[]], put: L2[V2, _7_] -> V0 -> V1 -> L2[_8_, _9_], tr: L7[]
[15:24:36.009314]	Trying ff on 0: L0[], 1: L0[], Ebi: L2[L0[], L7[]], Eib: L2[☐20, ☐25], Eii: L2[L0[], ☐35], put: L2[L0[], _7_] -> V0 -> V1 -> L2[_8_, _9_], tr: L7[]
[15:24:36.009514]	Trying ff on 0: L0[], 1: L0[], Ebi: L2[L0[], L7[]], Eib: L2[☐20, ☐25], Eii: L2[L0[], ☐35], put: L2[V1, _7_] -> V0 -> V1 -> L2[_8_, _9_], tr: L7[]
[15:24:36.009664]	Trying ff on 0: L0[], 1: L0[], Ebi: L2[L0[], L7[]], Eib: L2[☐20, ☐25], Eii: L2[L0[], ☐35], put: L2[V2, _7_] -> V0 -> V1 -> L2[_8_, _9_], tr: L7[]
[15:24:36.009778]	Trying ff on 0: L0[], 1: L0[], Ebi: L2[L0[], L7[]], Eib: L2[☐20, ☐25], Eii: L2[L0[], L0[]], put: L2[_6_, _7_] -> V0 -> V1 -> L2[_8_, _9_], tr: L7[]
[15:24:36.009930]	Trying ff on 0: L0[], 1: L0[], Ebi: L2[L0[], L7[]], Eib: L2[☐20, ☐25], Eii: L2[L0[], L7[]], put: L2[_6_, _7_] -> V0 -> V1 -> L2[_8_, _9_], tr: L7[]
[15:24:36.010462]	Trying ff on 0: L0[], 1: L0[], Ebi: L2[L0[], L7[]], Eib: L2[☐20, ☐25], Eii: L2[L7[], ☐35], put: L2[V2, _7_] -> V0 -> V1 -> L2[_8_, _9_], tr: L7[]
[15:24:36.010590]	Trying ff on 0: L0[], 1: L0[], Ebi: L2[L0[], L7[]], Eib: L2[☐20, ☐25], Eii: L2[L7[], L0[]], put: L2[_6_, _7_] -> V0 -> V1 -> L2[_8_, _9_], tr: L7[]
[15:24:36.010727]	Trying ff on 0: L0[], 1: L0[], Ebi: L2[L0[], L7[]], Eib: L2[☐20, ☐25], Eii: L2[L7[], L7[]], put: L2[_6_, _7_] -> V0 -> V1 -> L2[_8_, _9_], tr: L7[]
[15:24:36.011069]	Trying ff on 0: L0[], 1: L0[], Ebi: L2[L0[], L7[]], Eib: L2[☐20, L0[]], Eii: L2[☐30, ☐35], put: L2[L0[], _7_] -> V0 -> V1 -> L2[_8_, _9_], tr: L7[]
[15:24:36.011255]	Trying ff on 0: L0[], 1: L0[], Ebi: L2[L0[], L7[]], Eib: L2[☐20, L0[]], Eii: L2[☐30, ☐35], put: L2[V1, _7_] -> V0 -> V1 -> L2[_8_, _9_], tr: L7[]
[15:24:36.011396]	Trying ff on 0: L0[], 1: L0[], Ebi: L2[L0[], L7[]], Eib: L2[☐20, L0[]], Eii: L2[☐30, ☐35], put: L2[V2, _7_] -> V0 -> V1 -> L2[_8_, _9_], tr: L7[]
[15:24:36.011502]	Trying ff on 0: L0[], 1: L0[], Ebi: L2[L0[], L7[]], Eib: L2[☐20, L0[]], Eii: L2[☐30, L0[]], put: L2[_6_, _7_] -> V0 -> V1 -> L2[_8_, _9_], tr: L7[]
[15:24:36.011629]	Trying ff on 0: L0[], 1: L0[], Ebi: L2[L0[], L7[]], Eib: L2[☐20, L0[]], Eii: L2[☐30, L7[]], put: L2[_6_, _7_] -> V0 -> V1 -> L2[_8_, _9_], tr: L7[]
[15:24:36.011778]	Trying ff on 0: L0[], 1: L0[], Ebi: L2[L0[], L7[]], Eib: L2[☐20, L0[]], Eii: L2[L0[], _5_], put: L2[_6_, _7_] -> V0 -> V1 -> L2[_8_, _9_], tr: L7[]
[15:24:36.011907]	Trying ff on 0: L0[], 1: L0[], Ebi: L2[L0[], L7[]], Eib: L2[☐20, L0[]], Eii: L2[L7[], _5_], put: L2[_6_, _7_] -> V0 -> V1 -> L2[_8_, _9_], tr: L7[]
[15:24:36.012247]	Trying ff on 0: L0[], 1: L0[], Ebi: L2[L0[], L7[]], Eib: L2[☐20, L7[]], Eii: L2[☐30, ☐35], put: L2[L0[], _7_] -> V0 -> V1 -> L2[_8_, _9_], tr: L7[]
[15:24:36.012430]	Trying ff on 0: L0[], 1: L0[], Ebi: L2[L0[], L7[]], Eib: L2[☐20, L7[]], Eii: L2[☐30, ☐35], put: L2[V1, _7_] -> V0 -> V1 -> L2[_8_, _9_], tr: L7[]
[15:24:36.012577]	Trying ff on 0: L0[], 1: L0[], Ebi: L2[L0[], L7[]], Eib: L2[☐20, L7[]], Eii: L2[☐30, ☐35], put: L2[V2, _7_] -> V0 -> V1 -> L2[_8_, _9_], tr: L7[]
[15:24:36.012690]	Trying ff on 0: L0[], 1: L0[], Ebi: L2[L0[], L7[]], Eib: L2[☐20, L7[]], Eii: L2[☐30, L0[]], put: L2[_6_, _7_] -> V0 -> V1 -> L2[_8_, _9_], tr: L7[]
[15:24:36.012819]	Trying ff on 0: L0[], 1: L0[], Ebi: L2[L0[], L7[]], Eib: L2[☐20, L7[]], Eii: L2[☐30, L7[]], put: L2[_6_, _7_] -> V0 -> V1 -> L2[_8_, _9_], tr: L7[]
[15:24:36.012988]	Trying ff on 0: L0[], 1: L0[], Ebi: L2[L0[], L7[]], Eib: L2[☐20, L7[]], Eii: L2[L0[], _5_], put: L2[_6_, _7_] -> V0 -> V1 -> L2[_8_, _9_], tr: L7[]
[15:24:36.013158]	Trying ff on 0: L0[], 1: L0[], Ebi: L2[L0[], L7[]], Eib: L2[☐20, L7[]], Eii: L2[L7[], _5_], put: L2[_6_, _7_] -> V0 -> V1 -> L2[_8_, _9_], tr: L7[]
[15:24:36.013736]	Trying ff on 0: L0[], 1: L0[], Ebi: L2[L0[], L7[]], Eib: L2[L0[], ☐25], Eii: L2[☐30, ☐35], put: L2[L0[], _7_] -> V0 -> V1 -> L2[_8_, _9_], tr: L7[]
[15:24:36.013942]	Trying ff on 0: L0[], 1: L0[], Ebi: L2[L0[], L7[]], Eib: L2[L0[], ☐25], Eii: L2[☐30, ☐35], put: L2[V2, _7_] -> V0 -> V1 -> L2[_8_, _9_], tr: L7[]
[15:24:36.014058]	Trying ff on 0: L0[], 1: L0[], Ebi: L2[L0[], L7[]], Eib: L2[L0[], ☐25], Eii: L2[☐30, L0[]], put: L2[_6_, _7_] -> V0 -> V1 -> L2[_8_, _9_], tr: L7[]
[15:24:36.014196]	Trying ff on 0: L0[], 1: L0[], Ebi: L2[L0[], L7[]], Eib: L2[L0[], ☐25], Eii: L2[☐30, L7[]], put: L2[_6_, _7_] -> V0 -> V1 -> L2[_8_, _9_], tr: L7[]
[15:24:36.014336]	Trying ff on 0: L0[], 1: L0[], Ebi: L2[L0[], L7[]], Eib: L2[L0[], ☐25], Eii: L2[L0[], _5_], put: L2[_6_, _7_] -> V0 -> V1 -> L2[_8_, _9_], tr: L7[]
[15:24:36.014500]	Trying ff on 0: L0[], 1: L0[], Ebi: L2[L0[], L7[]], Eib: L2[L0[], ☐25], Eii: L2[L7[], _5_], put: L2[_6_, _7_] -> V0 -> V1 -> L2[_8_, _9_], tr: L7[]
[15:24:36.014655]	Trying ff on 0: L0[], 1: L0[], Ebi: L2[L0[], L7[]], Eib: L2[L0[], L0[]], Eii: L2[_4_, _5_], put: L2[_6_, _7_] -> V0 -> V1 -> L2[_8_, _9_], tr: L7[]
[15:24:36.014788]	Trying ff on 0: L0[], 1: L0[], Ebi: L2[L0[], L7[]], Eib: L2[L0[], L7[]], Eii: L2[_4_, _5_], put: L2[_6_, _7_] -> V0 -> V1 -> L2[_8_, _9_], tr: L7[]
[15:24:36.015200]	Trying ff on 0: L0[], 1: L0[], Ebi: L2[L0[], L7[]], Eib: L2[L7[], ☐25], Eii: L2[☐30, ☐35], put: L2[V1, _7_] -> V0 -> V1 -> L2[_8_, _9_], tr: L7[]
[15:24:36.015350]	Trying ff on 0: L0[], 1: L0[], Ebi: L2[L0[], L7[]], Eib: L2[L7[], ☐25], Eii: L2[☐30, ☐35], put: L2[V2, _7_] -> V0 -> V1 -> L2[_8_, _9_], tr: L7[]
[15:24:36.015470]	Trying ff on 0: L0[], 1: L0[], Ebi: L2[L0[], L7[]], Eib: L2[L7[], ☐25], Eii: L2[☐30, L0[]], put: L2[_6_, _7_] -> V0 -> V1 -> L2[_8_, _9_], tr: L7[]
[15:24:36.015577]	Trying ff on 0: L0[], 1: L0[], Ebi: L2[L0[], L7[]], Eib: L2[L7[], ☐25], Eii: L2[☐30, L7[]], put: L2[_6_, _7_] -> V0 -> V1 -> L2[_8_, _9_], tr: L7[]
[15:24:36.015694]	Trying ff on 0: L0[], 1: L0[], Ebi: L2[L0[], L7[]], Eib: L2[L7[], ☐25], Eii: L2[L0[], _5_], put: L2[_6_, _7_] -> V0 -> V1 -> L2[_8_, _9_], tr: L7[]
[15:24:36.015836]	Trying ff on 0: L0[], 1: L0[], Ebi: L2[L0[], L7[]], Eib: L2[L7[], ☐25], Eii: L2[L7[], _5_], put: L2[_6_, _7_] -> V0 -> V1 -> L2[_8_, _9_], tr: L7[]
[15:24:36.015988]	Trying ff on 0: L0[], 1: L0[], Ebi: L2[L0[], L7[]], Eib: L2[L7[], L0[]], Eii: L2[_4_, _5_], put: L2[_6_, _7_] -> V0 -> V1 -> L2[_8_, _9_], tr: L7[]
[15:24:36.016101]	Trying ff on 0: L0[], 1: L0[], Ebi: L2[L0[], L7[]], Eib: L2[L7[], L7[]], Eii: L2[_4_, _5_], put: L2[_6_, _7_] -> V0 -> V1 -> L2[_8_, _9_], tr: L7[]
[15:24:36.016857]	Trying ff on 0: L0[], 1: L0[], Ebi: L2[L7[], ☐15], Eib: L2[☐20, ☐25], Eii: L2[☐30, ☐35], put: L2[L7[], ☐45] -> V0 -> V1 -> L2[L7[], L0[]], tr: L7[]
[15:24:36.017]	Trying ff on 0: L0[], 1: L0[], Ebi: L2[L7[], ☐15], Eib: L2[☐20, ☐25], Eii: L2[☐30, ☐35], put: L2[L7[], ☐45] -> V0 -> V1 -> L2[L7[], L7[]], tr: L7[]
[15:24:36.017136]	Trying ff on 0: L0[], 1: L0[], Ebi: L2[L7[], ☐15], Eib: L2[☐20, ☐25], Eii: L2[☐30, ☐35], put: L2[L7[], ☐45] -> V0 -> V1 -> L2[L7[], V0], tr: L7[]
[15:24:36.017266]	Trying ff on 0: L0[], 1: L0[], Ebi: L2[L7[], ☐15], Eib: L2[☐20, ☐25], Eii: L2[☐30, ☐35], put: L2[L7[], ☐45] -> V0 -> V1 -> L2[L7[], V1], tr: L7[]
[15:24:36.017500]	Trying ff on 0: L0[], 1: L0[], Ebi: L2[L7[], ☐15], Eib: L2[☐20, ☐25], Eii: L2[☐30, ☐35], put: L2[L7[], L0[]] -> V0 -> V1 -> L2[L7[], _9_], tr: L7[]
[15:24:36.017856]	Trying ff on 0: L0[], 1: L0[], Ebi: L2[L7[], ☐15], Eib: L2[☐20, ☐25], Eii: L2[☐30, ☐35], put: L2[L7[], L7[]] -> V0 -> V1 -> L2[L7[], _9_], tr: L7[]
[15:24:36.018214]	Trying ff on 0: L0[], 1: L0[], Ebi: L2[L7[], ☐15], Eib: L2[☐20, ☐25], Eii: L2[☐30, ☐35], put: L2[L7[], V0] -> V0 -> V1 -> L2[L7[], _9_], tr: L7[]
[15:24:36.018468]	Trying ff on 0: L0[], 1: L0[], Ebi: L2[L7[], ☐15], Eib: L2[☐20, ☐25], Eii: L2[☐30, ☐35], put: L2[L7[], V0] -> V0 -> V1 -> L2[V0, _9_], tr: L7[]
[15:24:36.018746]	Trying ff on 0: L0[], 1: L0[], Ebi: L2[L7[], ☐15], Eib: L2[☐20, ☐25], Eii: L2[☐30, ☐35], put: L2[L7[], V1] -> V0 -> V1 -> L2[L7[], _9_], tr: L7[]
[15:24:36.018928]	Trying ff on 0: L0[], 1: L0[], Ebi: L2[L7[], ☐15], Eib: L2[☐20, ☐25], Eii: L2[☐30, ☐35], put: L2[L7[], V1] -> V0 -> V1 -> L2[V1, _9_], tr: L7[]
[15:24:36.019167]	Trying ff on 0: L0[], 1: L0[], Ebi: L2[L7[], ☐15], Eib: L2[☐20, ☐25], Eii: L2[☐30, ☐35], put: L2[L7[], V2] -> V0 -> V1 -> L2[L7[], _9_], tr: L7[]
[15:24:36.019366]	Trying ff on 0: L0[], 1: L0[], Ebi: L2[L7[], ☐15], Eib: L2[☐20, ☐25], Eii: L2[☐30, ☐35], put: L2[L7[], V2] -> V0 -> V1 -> L2[V2, _9_], tr: L7[]
[15:24:36.019958]	Trying ff on 0: L0[], 1: L0[], Ebi: L2[L7[], ☐15], Eib: L2[☐20, ☐25], Eii: L2[☐30, ☐35], put: L2[V0, ☐45] -> V0 -> V1 -> L2[V0, L0[]], tr: L7[]
[15:24:36.020117]	Trying ff on 0: L0[], 1: L0[], Ebi: L2[L7[], ☐15], Eib: L2[☐20, ☐25], Eii: L2[☐30, ☐35], put: L2[V0, ☐45] -> V0 -> V1 -> L2[V0, L7[]], tr: L7[]
[15:24:36.020262]	Trying ff on 0: L0[], 1: L0[], Ebi: L2[L7[], ☐15], Eib: L2[☐20, ☐25], Eii: L2[☐30, ☐35], put: L2[V0, ☐45] -> V0 -> V1 -> L2[V0, V0], tr: L7[]
[15:24:36.020417]	Trying ff on 0: L0[], 1: L0[], Ebi: L2[L7[], ☐15], Eib: L2[☐20, ☐25], Eii: L2[☐30, ☐35], put: L2[V0, ☐45] -> V0 -> V1 -> L2[V0, V1], tr: L7[]
[15:24:36.020756]	Trying ff on 0: L0[], 1: L0[], Ebi: L2[L7[], ☐15], Eib: L2[☐20, ☐25], Eii: L2[☐30, ☐35], put: L2[V0, L0[]] -> V0 -> V1 -> L2[V0, _9_], tr: L7[]
[15:24:36.021151]	Trying ff on 0: L0[], 1: L0[], Ebi: L2[L7[], ☐15], Eib: L2[☐20, ☐25], Eii: L2[☐30, ☐35], put: L2[V0, L7[]] -> V0 -> V1 -> L2[V0, _9_], tr: L7[]
[15:24:36.021516]	Trying ff on 0: L0[], 1: L0[], Ebi: L2[L7[], ☐15], Eib: L2[☐20, ☐25], Eii: L2[☐30, ☐35], put: L2[V0, V0] -> V0 -> V1 -> L2[V0, _9_], tr: L7[]
[15:24:36.021780]	Trying ff on 0: L0[], 1: L0[], Ebi: L2[L7[], ☐15], Eib: L2[☐20, ☐25], Eii: L2[☐30, ☐35], put: L2[V0, V1] -> V0 -> V1 -> L2[V0, _9_], tr: L7[]
[15:24:36.021968]	Trying ff on 0: L0[], 1: L0[], Ebi: L2[L7[], ☐15], Eib: L2[☐20, ☐25], Eii: L2[☐30, ☐35], put: L2[V0, V1] -> V0 -> V1 -> L2[V1, _9_], tr: L7[]
[15:24:36.022210]	Trying ff on 0: L0[], 1: L0[], Ebi: L2[L7[], ☐15], Eib: L2[☐20, ☐25], Eii: L2[☐30, ☐35], put: L2[V0, V2] -> V0 -> V1 -> L2[V0, _9_], tr: L7[]
[15:24:36.022379]	Trying ff on 0: L0[], 1: L0[], Ebi: L2[L7[], ☐15], Eib: L2[☐20, ☐25], Eii: L2[☐30, ☐35], put: L2[V0, V2] -> V0 -> V1 -> L2[V2, _9_], tr: L7[]
[15:24:36.023654]	Trying ff on 0: L0[], 1: L0[], Ebi: L2[L7[], ☐15], Eib: L2[☐20, ☐25], Eii: L2[☐30, ☐35], put: L2[V2, ☐45] -> V0 -> V1 -> L2[L0[], L0[]], tr: L7[]
[15:24:36.023840]	Trying ff on 0: L0[], 1: L0[], Ebi: L2[L7[], ☐15], Eib: L2[☐20, ☐25], Eii: L2[☐30, ☐35], put: L2[V2, ☐45] -> V0 -> V1 -> L2[L0[], L7[]], tr: L7[]
[15:24:36.024]	Trying ff on 0: L0[], 1: L0[], Ebi: L2[L7[], ☐15], Eib: L2[☐20, ☐25], Eii: L2[☐30, ☐35], put: L2[V2, ☐45] -> V0 -> V1 -> L2[L0[], V0], tr: L7[]
[15:24:36.024144]	Trying ff on 0: L0[], 1: L0[], Ebi: L2[L7[], ☐15], Eib: L2[☐20, ☐25], Eii: L2[☐30, ☐35], put: L2[V2, ☐45] -> V0 -> V1 -> L2[L0[], V1], tr: L7[]
[15:24:36.024277]	Trying ff on 0: L0[], 1: L0[], Ebi: L2[L7[], ☐15], Eib: L2[☐20, ☐25], Eii: L2[☐30, ☐35], put: L2[V2, ☐45] -> V0 -> V1 -> L2[L0[], V2], tr: L7[]
[15:24:36.024588]	Trying ff on 0: L0[], 1: L0[], Ebi: L2[L7[], ☐15], Eib: L2[☐20, ☐25], Eii: L2[☐30, ☐35], put: L2[V2, ☐45] -> V0 -> V1 -> L2[L7[], L0[]], tr: L7[]
[15:24:36.024727]	Trying ff on 0: L0[], 1: L0[], Ebi: L2[L7[], ☐15], Eib: L2[☐20, ☐25], Eii: L2[☐30, ☐35], put: L2[V2, ☐45] -> V0 -> V1 -> L2[L7[], L7[]], tr: L7[]
[15:24:36.024875]	Trying ff on 0: L0[], 1: L0[], Ebi: L2[L7[], ☐15], Eib: L2[☐20, ☐25], Eii: L2[☐30, ☐35], put: L2[V2, ☐45] -> V0 -> V1 -> L2[L7[], V0], tr: L7[]
[15:24:36.025069]	Trying ff on 0: L0[], 1: L0[], Ebi: L2[L7[], ☐15], Eib: L2[☐20, ☐25], Eii: L2[☐30, ☐35], put: L2[V2, ☐45] -> V0 -> V1 -> L2[L7[], V1], tr: L7[]
[15:24:36.025248]	Trying ff on 0: L0[], 1: L0[], Ebi: L2[L7[], ☐15], Eib: L2[☐20, ☐25], Eii: L2[☐30, ☐35], put: L2[V2, ☐45] -> V0 -> V1 -> L2[L7[], V2], tr: L7[]
[15:24:36.025592]	Trying ff on 0: L0[], 1: L0[], Ebi: L2[L7[], ☐15], Eib: L2[☐20, ☐25], Eii: L2[☐30, ☐35], put: L2[V2, ☐45] -> V0 -> V1 -> L2[V0, L0[]], tr: L7[]
[15:24:36.025745]	Trying ff on 0: L0[], 1: L0[], Ebi: L2[L7[], ☐15], Eib: L2[☐20, ☐25], Eii: L2[☐30, ☐35], put: L2[V2, ☐45] -> V0 -> V1 -> L2[V0, L7[]], tr: L7[]
[15:24:36.025909]	Trying ff on 0: L0[], 1: L0[], Ebi: L2[L7[], ☐15], Eib: L2[☐20, ☐25], Eii: L2[☐30, ☐35], put: L2[V2, ☐45] -> V0 -> V1 -> L2[V0, V0], tr: L7[]
[15:24:36.026053]	Trying ff on 0: L0[], 1: L0[], Ebi: L2[L7[], ☐15], Eib: L2[☐20, ☐25], Eii: L2[☐30, ☐35], put: L2[V2, ☐45] -> V0 -> V1 -> L2[V0, V1], tr: L7[]
[15:24:36.026189]	Trying ff on 0: L0[], 1: L0[], Ebi: L2[L7[], ☐15], Eib: L2[☐20, ☐25], Eii: L2[☐30, ☐35], put: L2[V2, ☐45] -> V0 -> V1 -> L2[V0, V2], tr: L7[]
[15:24:36.026537]	Trying ff on 0: L0[], 1: L0[], Ebi: L2[L7[], ☐15], Eib: L2[☐20, ☐25], Eii: L2[☐30, ☐35], put: L2[V2, ☐45] -> V0 -> V1 -> L2[V1, L0[]], tr: L7[]
[15:24:36.026732]	Trying ff on 0: L0[], 1: L0[], Ebi: L2[L7[], ☐15], Eib: L2[☐20, ☐25], Eii: L2[☐30, ☐35], put: L2[V2, ☐45] -> V0 -> V1 -> L2[V1, L7[]], tr: L7[]
[15:24:36.026884]	Trying ff on 0: L0[], 1: L0[], Ebi: L2[L7[], ☐15], Eib: L2[☐20, ☐25], Eii: L2[☐30, ☐35], put: L2[V2, ☐45] -> V0 -> V1 -> L2[V1, V0], tr: L7[]
[15:24:36.027062]	Trying ff on 0: L0[], 1: L0[], Ebi: L2[L7[], ☐15], Eib: L2[☐20, ☐25], Eii: L2[☐30, ☐35], put: L2[V2, ☐45] -> V0 -> V1 -> L2[V1, V1], tr: L7[]
[15:24:36.027203]	Trying ff on 0: L0[], 1: L0[], Ebi: L2[L7[], ☐15], Eib: L2[☐20, ☐25], Eii: L2[☐30, ☐35], put: L2[V2, ☐45] -> V0 -> V1 -> L2[V1, V2], tr: L7[]
[15:24:36.027520]	Trying ff on 0: L0[], 1: L0[], Ebi: L2[L7[], ☐15], Eib: L2[☐20, ☐25], Eii: L2[☐30, ☐35], put: L2[V2, ☐45] -> V0 -> V1 -> L2[V2, L0[]], tr: L7[]
[15:24:36.027661]	Trying ff on 0: L0[], 1: L0[], Ebi: L2[L7[], ☐15], Eib: L2[☐20, ☐25], Eii: L2[☐30, ☐35], put: L2[V2, ☐45] -> V0 -> V1 -> L2[V2, L7[]], tr: L7[]
[15:24:36.027809]	Trying ff on 0: L0[], 1: L0[], Ebi: L2[L7[], ☐15], Eib: L2[☐20, ☐25], Eii: L2[☐30, ☐35], put: L2[V2, ☐45] -> V0 -> V1 -> L2[V2, V0], tr: L7[]
[15:24:36.027947]	Trying ff on 0: L0[], 1: L0[], Ebi: L2[L7[], ☐15], Eib: L2[☐20, ☐25], Eii: L2[☐30, ☐35], put: L2[V2, ☐45] -> V0 -> V1 -> L2[V2, V1], tr: L7[]
[15:24:36.028111]	Trying ff on 0: L0[], 1: L0[], Ebi: L2[L7[], ☐15], Eib: L2[☐20, ☐25], Eii: L2[☐30, ☐35], put: L2[V2, ☐45] -> V0 -> V1 -> L2[V2, V2], tr: L7[]
[15:24:36.028442]	Trying ff on 0: L0[], 1: L0[], Ebi: L2[L7[], ☐15], Eib: L2[☐20, ☐25], Eii: L2[☐30, ☐35], put: L2[V2, L0[]] -> V0 -> V1 -> L2[☐50, L0[]], tr: L7[]
[15:24:36.028673]	Trying ff on 0: L0[], 1: L0[], Ebi: L2[L7[], ☐15], Eib: L2[☐20, ☐25], Eii: L2[☐30, ☐35], put: L2[V2, L0[]] -> V0 -> V1 -> L2[L0[], _9_], tr: L7[]
[15:24:36.028814]	Trying ff on 0: L0[], 1: L0[], Ebi: L2[L7[], ☐15], Eib: L2[☐20, ☐25], Eii: L2[☐30, ☐35], put: L2[V2, L0[]] -> V0 -> V1 -> L2[L7[], _9_], tr: L7[]
[15:24:36.029013]	Trying ff on 0: L0[], 1: L0[], Ebi: L2[L7[], ☐15], Eib: L2[☐20, ☐25], Eii: L2[☐30, ☐35], put: L2[V2, L0[]] -> V0 -> V1 -> L2[V0, _9_], tr: L7[]
[15:24:36.029228]	Trying ff on 0: L0[], 1: L0[], Ebi: L2[L7[], ☐15], Eib: L2[☐20, ☐25], Eii: L2[☐30, ☐35], put: L2[V2, L0[]] -> V0 -> V1 -> L2[V1, _9_], tr: L7[]
[15:24:36.029437]	Trying ff on 0: L0[], 1: L0[], Ebi: L2[L7[], ☐15], Eib: L2[☐20, ☐25], Eii: L2[☐30, ☐35], put: L2[V2, L0[]] -> V0 -> V1 -> L2[V2, _9_], tr: L7[]
[15:24:36.029907]	Trying ff on 0: L0[], 1: L0[], Ebi: L2[L7[], ☐15], Eib: L2[☐20, ☐25], Eii: L2[☐30, ☐35], put: L2[V2, L7[]] -> V0 -> V1 -> L2[☐50, L7[]], tr: L7[]
[15:24:36.030116]	Trying ff on 0: L0[], 1: L0[], Ebi: L2[L7[], ☐15], Eib: L2[☐20, ☐25], Eii: L2[☐30, ☐35], put: L2[V2, L7[]] -> V0 -> V1 -> L2[☐50, V2], tr: L7[]
[15:24:36.030399]	Trying ff on 0: L0[], 1: L0[], Ebi: L2[L7[], ☐15], Eib: L2[☐20, ☐25], Eii: L2[☐30, ☐35], put: L2[V2, L7[]] -> V0 -> V1 -> L2[L0[], _9_], tr: L7[]
[15:24:36.030584]	Trying ff on 0: L0[], 1: L0[], Ebi: L2[L7[], ☐15], Eib: L2[☐20, ☐25], Eii: L2[☐30, ☐35], put: L2[V2, L7[]] -> V0 -> V1 -> L2[L7[], _9_], tr: L7[]
[15:24:36.030775]	Trying ff on 0: L0[], 1: L0[], Ebi: L2[L7[], ☐15], Eib: L2[☐20, ☐25], Eii: L2[☐30, ☐35], put: L2[V2, L7[]] -> V0 -> V1 -> L2[V0, _9_], tr: L7[]
[15:24:36.030947]	Trying ff on 0: L0[], 1: L0[], Ebi: L2[L7[], ☐15], Eib: L2[☐20, ☐25], Eii: L2[☐30, ☐35], put: L2[V2, L7[]] -> V0 -> V1 -> L2[V1, _9_], tr: L7[]
[15:24:36.031091]	Trying ff on 0: L0[], 1: L0[], Ebi: L2[L7[], ☐15], Eib: L2[☐20, ☐25], Eii: L2[☐30, ☐35], put: L2[V2, L7[]] -> V0 -> V1 -> L2[V2, _9_], tr: L7[]
[15:24:36.031465]	Trying ff on 0: L0[], 1: L0[], Ebi: L2[L7[], ☐15], Eib: L2[☐20, ☐25], Eii: L2[☐30, ☐35], put: L2[V2, V0] -> V0 -> V1 -> L2[☐50, V0], tr: L7[]
[15:24:36.031640]	Trying ff on 0: L0[], 1: L0[], Ebi: L2[L7[], ☐15], Eib: L2[☐20, ☐25], Eii: L2[☐30, ☐35], put: L2[V2, V0] -> V0 -> V1 -> L2[☐50, V2], tr: L7[]
[15:24:36.031925]	Trying ff on 0: L0[], 1: L0[], Ebi: L2[L7[], ☐15], Eib: L2[☐20, ☐25], Eii: L2[☐30, ☐35], put: L2[V2, V0] -> V0 -> V1 -> L2[L0[], _9_], tr: L7[]
[15:24:36.032066]	Trying ff on 0: L0[], 1: L0[], Ebi: L2[L7[], ☐15], Eib: L2[☐20, ☐25], Eii: L2[☐30, ☐35], put: L2[V2, V0] -> V0 -> V1 -> L2[L7[], _9_], tr: L7[]
[15:24:36.032261]	Trying ff on 0: L0[], 1: L0[], Ebi: L2[L7[], ☐15], Eib: L2[☐20, ☐25], Eii: L2[☐30, ☐35], put: L2[V2, V0] -> V0 -> V1 -> L2[V0, _9_], tr: L7[]
[15:24:36.032431]	Trying ff on 0: L0[], 1: L0[], Ebi: L2[L7[], ☐15], Eib: L2[☐20, ☐25], Eii: L2[☐30, ☐35], put: L2[V2, V0] -> V0 -> V1 -> L2[V1, _9_], tr: L7[]
[15:24:36.032577]	Trying ff on 0: L0[], 1: L0[], Ebi: L2[L7[], ☐15], Eib: L2[☐20, ☐25], Eii: L2[☐30, ☐35], put: L2[V2, V0] -> V0 -> V1 -> L2[V2, _9_], tr: L7[]
[15:24:36.032948]	Trying ff on 0: L0[], 1: L0[], Ebi: L2[L7[], ☐15], Eib: L2[☐20, ☐25], Eii: L2[☐30, ☐35], put: L2[V2, V1] -> V0 -> V1 -> L2[☐50, V1], tr: L7[]
[15:24:36.033129]	Trying ff on 0: L0[], 1: L0[], Ebi: L2[L7[], ☐15], Eib: L2[☐20, ☐25], Eii: L2[☐30, ☐35], put: L2[V2, V1] -> V0 -> V1 -> L2[L0[], _9_], tr: L7[]
[15:24:36.033267]	Trying ff on 0: L0[], 1: L0[], Ebi: L2[L7[], ☐15], Eib: L2[☐20, ☐25], Eii: L2[☐30, ☐35], put: L2[V2, V1] -> V0 -> V1 -> L2[L7[], _9_], tr: L7[]
[15:24:36.033440]	Trying ff on 0: L0[], 1: L0[], Ebi: L2[L7[], ☐15], Eib: L2[☐20, ☐25], Eii: L2[☐30, ☐35], put: L2[V2, V1] -> V0 -> V1 -> L2[V0, _9_], tr: L7[]
[15:24:36.033641]	Trying ff on 0: L0[], 1: L0[], Ebi: L2[L7[], ☐15], Eib: L2[☐20, ☐25], Eii: L2[☐30, ☐35], put: L2[V2, V1] -> V0 -> V1 -> L2[V1, _9_], tr: L7[]
[15:24:36.033800]	Trying ff on 0: L0[], 1: L0[], Ebi: L2[L7[], ☐15], Eib: L2[☐20, ☐25], Eii: L2[☐30, ☐35], put: L2[V2, V1] -> V0 -> V1 -> L2[V2, _9_], tr: L7[]
[15:24:36.034347]	Trying ff on 0: L0[], 1: L0[], Ebi: L2[L7[], ☐15], Eib: L2[☐20, ☐25], Eii: L2[☐30, ☐35], put: L2[V2, V2] -> V0 -> V1 -> L2[☐50, L0[]], tr: L7[]
[15:24:36.034498]	Trying ff on 0: L0[], 1: L0[], Ebi: L2[L7[], ☐15], Eib: L2[☐20, ☐25], Eii: L2[☐30, ☐35], put: L2[V2, V2] -> V0 -> V1 -> L2[☐50, L7[]], tr: L7[]
[15:24:36.034641]	Trying ff on 0: L0[], 1: L0[], Ebi: L2[L7[], ☐15], Eib: L2[☐20, ☐25], Eii: L2[☐30, ☐35], put: L2[V2, V2] -> V0 -> V1 -> L2[☐50, V0], tr: L7[]
[15:24:36.034795]	Trying ff on 0: L0[], 1: L0[], Ebi: L2[L7[], ☐15], Eib: L2[☐20, ☐25], Eii: L2[☐30, ☐35], put: L2[V2, V2] -> V0 -> V1 -> L2[☐50, V1], tr: L7[]
[15:24:36.034926]	Trying ff on 0: L0[], 1: L0[], Ebi: L2[L7[], ☐15], Eib: L2[☐20, ☐25], Eii: L2[☐30, ☐35], put: L2[V2, V2] -> V0 -> V1 -> L2[☐50, V2], tr: L7[]
[15:24:36.035078]	Trying ff on 0: L0[], 1: L0[], Ebi: L2[L7[], ☐15], Eib: L2[☐20, ☐25], Eii: L2[☐30, ☐35], put: L2[V2, V2] -> V0 -> V1 -> L2[L0[], _9_], tr: L7[]
[15:24:36.035212]	Trying ff on 0: L0[], 1: L0[], Ebi: L2[L7[], ☐15], Eib: L2[☐20, ☐25], Eii: L2[☐30, ☐35], put: L2[V2, V2] -> V0 -> V1 -> L2[L7[], _9_], tr: L7[]
[15:24:36.035354]	Trying ff on 0: L0[], 1: L0[], Ebi: L2[L7[], ☐15], Eib: L2[☐20, ☐25], Eii: L2[☐30, ☐35], put: L2[V2, V2] -> V0 -> V1 -> L2[V0, _9_], tr: L7[]
[15:24:36.035501]	Trying ff on 0: L0[], 1: L0[], Ebi: L2[L7[], ☐15], Eib: L2[☐20, ☐25], Eii: L2[☐30, ☐35], put: L2[V2, V2] -> V0 -> V1 -> L2[V1, _9_], tr: L7[]
[15:24:36.035673]	Trying ff on 0: L0[], 1: L0[], Ebi: L2[L7[], ☐15], Eib: L2[☐20, ☐25], Eii: L2[☐30, ☐35], put: L2[V2, V2] -> V0 -> V1 -> L2[V2, _9_], tr: L7[]
[15:24:36.036152]	Trying ff on 0: L0[], 1: L0[], Ebi: L2[L7[], ☐15], Eib: L2[☐20, ☐25], Eii: L2[☐30, ☐35], put: L2[V2, V3] -> V0 -> V1 -> L2[☐50, L0[]], tr: L7[]
[15:24:36.036301]	Trying ff on 0: L0[], 1: L0[], Ebi: L2[L7[], ☐15], Eib: L2[☐20, ☐25], Eii: L2[☐30, ☐35], put: L2[V2, V3] -> V0 -> V1 -> L2[☐50, L7[]], tr: L7[]
[15:24:36.036459]	Trying ff on 0: L0[], 1: L0[], Ebi: L2[L7[], ☐15], Eib: L2[☐20, ☐25], Eii: L2[☐30, ☐35], put: L2[V2, V3] -> V0 -> V1 -> L2[☐50, V0], tr: L7[]
[15:24:36.036616]	Trying ff on 0: L0[], 1: L0[], Ebi: L2[L7[], ☐15], Eib: L2[☐20, ☐25], Eii: L2[☐30, ☐35], put: L2[V2, V3] -> V0 -> V1 -> L2[☐50, V1], tr: L7[]
[15:24:36.036759]	Trying ff on 0: L0[], 1: L0[], Ebi: L2[L7[], ☐15], Eib: L2[☐20, ☐25], Eii: L2[☐30, ☐35], put: L2[V2, V3] -> V0 -> V1 -> L2[☐50, V2], tr: L7[]
[15:24:36.036951]	Trying ff on 0: L0[], 1: L0[], Ebi: L2[L7[], ☐15], Eib: L2[☐20, ☐25], Eii: L2[☐30, ☐35], put: L2[V2, V3] -> V0 -> V1 -> L2[☐50, V3], tr: L7[]
[15:24:36.037137]	Trying ff on 0: L0[], 1: L0[], Ebi: L2[L7[], ☐15], Eib: L2[☐20, ☐25], Eii: L2[☐30, ☐35], put: L2[V2, V3] -> V0 -> V1 -> L2[L0[], _9_], tr: L7[]
[15:24:36.037318]	Trying ff on 0: L0[], 1: L0[], Ebi: L2[L7[], ☐15], Eib: L2[☐20, ☐25], Eii: L2[☐30, ☐35], put: L2[V2, V3] -> V0 -> V1 -> L2[L7[], _9_], tr: L7[]
[15:24:36.037540]	Trying ff on 0: L0[], 1: L0[], Ebi: L2[L7[], ☐15], Eib: L2[☐20, ☐25], Eii: L2[☐30, ☐35], put: L2[V2, V3] -> V0 -> V1 -> L2[V0, _9_], tr: L7[]
[15:24:36.037755]	Trying ff on 0: L0[], 1: L0[], Ebi: L2[L7[], ☐15], Eib: L2[☐20, ☐25], Eii: L2[☐30, ☐35], put: L2[V2, V3] -> V0 -> V1 -> L2[V1, _9_], tr: L7[]
[15:24:36.037899]	Trying ff on 0: L0[], 1: L0[], Ebi: L2[L7[], ☐15], Eib: L2[☐20, ☐25], Eii: L2[☐30, ☐35], put: L2[V2, V3] -> V0 -> V1 -> L2[V2, _9_], tr: L7[]
[15:24:36.038043]	Trying ff on 0: L0[], 1: L0[], Ebi: L2[L7[], ☐15], Eib: L2[☐20, ☐25], Eii: L2[☐30, ☐35], put: L2[V2, V3] -> V0 -> V1 -> L2[V3, _9_], tr: L7[]
[15:24:36.038308]	Trying ff on 0: L0[], 1: L0[], Ebi: L2[L7[], ☐15], Eib: L2[☐20, ☐25], Eii: L2[☐30, L0[]], put: L2[L7[], L0[]] -> V0 -> V1 -> L2[_8_, _9_], tr: L7[]
[15:24:36.038548]	Trying ff on 0: L0[], 1: L0[], Ebi: L2[L7[], ☐15], Eib: L2[☐20, ☐25], Eii: L2[☐30, L0[]], put: L2[L7[], V0] -> V0 -> V1 -> L2[_8_, _9_], tr: L7[]
[15:24:36.038842]	Trying ff on 0: L0[], 1: L0[], Ebi: L2[L7[], ☐15], Eib: L2[☐20, ☐25], Eii: L2[☐30, L0[]], put: L2[L7[], V1] -> V0 -> V1 -> L2[_8_, _9_], tr: L7[]
[15:24:36.039017]	Trying ff on 0: L0[], 1: L0[], Ebi: L2[L7[], ☐15], Eib: L2[☐20, ☐25], Eii: L2[☐30, L0[]], put: L2[L7[], V2] -> V0 -> V1 -> L2[_8_, _9_], tr: L7[]
[15:24:36.039244]	Trying ff on 0: L0[], 1: L0[], Ebi: L2[L7[], ☐15], Eib: L2[☐20, ☐25], Eii: L2[☐30, L0[]], put: L2[V0, L0[]] -> V0 -> V1 -> L2[_8_, _9_], tr: L7[]
[15:24:36.039487]	Trying ff on 0: L0[], 1: L0[], Ebi: L2[L7[], ☐15], Eib: L2[☐20, ☐25], Eii: L2[☐30, L0[]], put: L2[V0, V0] -> V0 -> V1 -> L2[_8_, _9_], tr: L7[]
[15:24:36.039637]	Trying ff on 0: L0[], 1: L0[], Ebi: L2[L7[], ☐15], Eib: L2[☐20, ☐25], Eii: L2[☐30, L0[]], put: L2[V0, V1] -> V0 -> V1 -> L2[_8_, _9_], tr: L7[]
[15:24:36.039808]	Trying ff on 0: L0[], 1: L0[], Ebi: L2[L7[], ☐15], Eib: L2[☐20, ☐25], Eii: L2[☐30, L0[]], put: L2[V0, V2] -> V0 -> V1 -> L2[_8_, _9_], tr: L7[]
[15:24:36.040062]	Trying ff on 0: L0[], 1: L0[], Ebi: L2[L7[], ☐15], Eib: L2[☐20, ☐25], Eii: L2[☐30, L0[]], put: L2[V2, L0[]] -> V0 -> V1 -> L2[_8_, _9_], tr: L7[]
[15:24:36.040206]	Trying ff on 0: L0[], 1: L0[], Ebi: L2[L7[], ☐15], Eib: L2[☐20, ☐25], Eii: L2[☐30, L0[]], put: L2[V2, V0] -> V0 -> V1 -> L2[_8_, _9_], tr: L7[]
[15:24:36.040360]	Trying ff on 0: L0[], 1: L0[], Ebi: L2[L7[], ☐15], Eib: L2[☐20, ☐25], Eii: L2[☐30, L0[]], put: L2[V2, V1] -> V0 -> V1 -> L2[_8_, _9_], tr: L7[]
[15:24:36.040484]	Trying ff on 0: L0[], 1: L0[], Ebi: L2[L7[], ☐15], Eib: L2[☐20, ☐25], Eii: L2[☐30, L0[]], put: L2[V2, V2] -> V0 -> V1 -> L2[_8_, _9_], tr: L7[]
[15:24:36.040673]	Trying ff on 0: L0[], 1: L0[], Ebi: L2[L7[], ☐15], Eib: L2[☐20, ☐25], Eii: L2[☐30, L0[]], put: L2[V2, V3] -> V0 -> V1 -> L2[_8_, _9_], tr: L7[]
[15:24:36.041035]	Trying ff on 0: L0[], 1: L0[], Ebi: L2[L7[], ☐15], Eib: L2[☐20, ☐25], Eii: L2[☐30, L7[]], put: L2[L7[], L7[]] -> V0 -> V1 -> L2[_8_, _9_], tr: L7[]
[15:24:36.041352]	Trying ff on 0: L0[], 1: L0[], Ebi: L2[L7[], ☐15], Eib: L2[☐20, ☐25], Eii: L2[☐30, L7[]], put: L2[L7[], V2] -> V0 -> V1 -> L2[_8_, _9_], tr: L7[]
[15:24:36.041657]	Trying ff on 0: L0[], 1: L0[], Ebi: L2[L7[], ☐15], Eib: L2[☐20, ☐25], Eii: L2[☐30, L7[]], put: L2[V0, L7[]] -> V0 -> V1 -> L2[_8_, _9_], tr: L7[]
[15:24:36.041912]	Trying ff on 0: L0[], 1: L0[], Ebi: L2[L7[], ☐15], Eib: L2[☐20, ☐25], Eii: L2[☐30, L7[]], put: L2[V0, V0] -> V0 -> V1 -> L2[_8_, _9_], tr: L7[]
[15:24:36.042099]	Trying ff on 0: L0[], 1: L0[], Ebi: L2[L7[], ☐15], Eib: L2[☐20, ☐25], Eii: L2[☐30, L7[]], put: L2[V0, V2] -> V0 -> V1 -> L2[_8_, _9_], tr: L7[]
[15:24:36.042363]	Trying ff on 0: L0[], 1: L0[], Ebi: L2[L7[], ☐15], Eib: L2[☐20, ☐25], Eii: L2[☐30, L7[]], put: L2[V2, L7[]] -> V0 -> V1 -> L2[_8_, _9_], tr: L7[]
[15:24:36.042673]	Trying ff on 0: L0[], 1: L0[], Ebi: L2[L7[], ☐15], Eib: L2[☐20, ☐25], Eii: L2[☐30, L7[]], put: L2[V2, V2] -> V0 -> V1 -> L2[_8_, _9_], tr: L7[]
[15:24:36.042845]	Trying ff on 0: L0[], 1: L0[], Ebi: L2[L7[], ☐15], Eib: L2[☐20, ☐25], Eii: L2[☐30, L7[]], put: L2[V2, V3] -> V0 -> V1 -> L2[_8_, _9_], tr: L7[]
[15:24:36.043270]	Trying ff on 0: L0[], 1: L0[], Ebi: L2[L7[], ☐15], Eib: L2[☐20, ☐25], Eii: L2[L0[], ☐35], put: L2[V0, ☐45] -> V0 -> V1 -> L2[V0, _9_], tr: L7[]
[15:24:36.043433]	Trying ff on 0: L0[], 1: L0[], Ebi: L2[L7[], ☐15], Eib: L2[☐20, ☐25], Eii: L2[L0[], ☐35], put: L2[V0, L0[]] -> V0 -> V1 -> L2[_8_, _9_], tr: L7[]
[15:24:36.043701]	Trying ff on 0: L0[], 1: L0[], Ebi: L2[L7[], ☐15], Eib: L2[☐20, ☐25], Eii: L2[L0[], ☐35], put: L2[V0, L7[]] -> V0 -> V1 -> L2[_8_, _9_], tr: L7[]
[15:24:36.043962]	Trying ff on 0: L0[], 1: L0[], Ebi: L2[L7[], ☐15], Eib: L2[☐20, ☐25], Eii: L2[L0[], ☐35], put: L2[V0, V0] -> V0 -> V1 -> L2[_8_, _9_], tr: L7[]
[15:24:36.044124]	Trying ff on 0: L0[], 1: L0[], Ebi: L2[L7[], ☐15], Eib: L2[☐20, ☐25], Eii: L2[L0[], ☐35], put: L2[V0, V1] -> V0 -> V1 -> L2[_8_, _9_], tr: L7[]
[15:24:36.044318]	Trying ff on 0: L0[], 1: L0[], Ebi: L2[L7[], ☐15], Eib: L2[☐20, ☐25], Eii: L2[L0[], ☐35], put: L2[V0, V2] -> V0 -> V1 -> L2[_8_, _9_], tr: L7[]
[15:24:36.045047]	Trying ff on 0: L0[], 1: L0[], Ebi: L2[L7[], ☐15], Eib: L2[☐20, ☐25], Eii: L2[L0[], ☐35], put: L2[V2, ☐45] -> V0 -> V1 -> L2[☐50, L0[]], tr: L7[]
[15:24:36.045218]	Trying ff on 0: L0[], 1: L0[], Ebi: L2[L7[], ☐15], Eib: L2[☐20, ☐25], Eii: L2[L0[], ☐35], put: L2[V2, ☐45] -> V0 -> V1 -> L2[☐50, L7[]], tr: L7[]
[15:24:36.045378]	Trying ff on 0: L0[], 1: L0[], Ebi: L2[L7[], ☐15], Eib: L2[☐20, ☐25], Eii: L2[L0[], ☐35], put: L2[V2, ☐45] -> V0 -> V1 -> L2[☐50, V0], tr: L7[]
[15:24:36.045577]	Trying ff on 0: L0[], 1: L0[], Ebi: L2[L7[], ☐15], Eib: L2[☐20, ☐25], Eii: L2[L0[], ☐35], put: L2[V2, ☐45] -> V0 -> V1 -> L2[☐50, V1], tr: L7[]
[15:24:36.045768]	Trying ff on 0: L0[], 1: L0[], Ebi: L2[L7[], ☐15], Eib: L2[☐20, ☐25], Eii: L2[L0[], ☐35], put: L2[V2, ☐45] -> V0 -> V1 -> L2[☐50, V2], tr: L7[]
[15:24:36.045917]	Trying ff on 0: L0[], 1: L0[], Ebi: L2[L7[], ☐15], Eib: L2[☐20, ☐25], Eii: L2[L0[], ☐35], put: L2[V2, ☐45] -> V0 -> V1 -> L2[L0[], _9_], tr: L7[]
[15:24:36.046053]	Trying ff on 0: L0[], 1: L0[], Ebi: L2[L7[], ☐15], Eib: L2[☐20, ☐25], Eii: L2[L0[], ☐35], put: L2[V2, ☐45] -> V0 -> V1 -> L2[L7[], _9_], tr: L7[]
[15:24:36.046219]	Trying ff on 0: L0[], 1: L0[], Ebi: L2[L7[], ☐15], Eib: L2[☐20, ☐25], Eii: L2[L0[], ☐35], put: L2[V2, ☐45] -> V0 -> V1 -> L2[V0, _9_], tr: L7[]
[15:24:36.046368]	Trying ff on 0: L0[], 1: L0[], Ebi: L2[L7[], ☐15], Eib: L2[☐20, ☐25], Eii: L2[L0[], ☐35], put: L2[V2, ☐45] -> V0 -> V1 -> L2[V1, _9_], tr: L7[]
[15:24:36.046550]	Trying ff on 0: L0[], 1: L0[], Ebi: L2[L7[], ☐15], Eib: L2[☐20, ☐25], Eii: L2[L0[], ☐35], put: L2[V2, ☐45] -> V0 -> V1 -> L2[V2, _9_], tr: L7[]
[15:24:36.046721]	Trying ff on 0: L0[], 1: L0[], Ebi: L2[L7[], ☐15], Eib: L2[☐20, ☐25], Eii: L2[L0[], ☐35], put: L2[V2, L0[]] -> V0 -> V1 -> L2[_8_, _9_], tr: L7[]
[15:24:36.046918]	Trying ff on 0: L0[], 1: L0[], Ebi: L2[L7[], ☐15], Eib: L2[☐20, ☐25], Eii: L2[L0[], ☐35], put: L2[V2, L7[]] -> V0 -> V1 -> L2[_8_, _9_], tr: L7[]
[15:24:36.047120]	Trying ff on 0: L0[], 1: L0[], Ebi: L2[L7[], ☐15], Eib: L2[☐20, ☐25], Eii: L2[L0[], ☐35], put: L2[V2, V0] -> V0 -> V1 -> L2[_8_, _9_], tr: L7[]
[15:24:36.047275]	Trying ff on 0: L0[], 1: L0[], Ebi: L2[L7[], ☐15], Eib: L2[☐20, ☐25], Eii: L2[L0[], ☐35], put: L2[V2, V1] -> V0 -> V1 -> L2[_8_, _9_], tr: L7[]
[15:24:36.047427]	Trying ff on 0: L0[], 1: L0[], Ebi: L2[L7[], ☐15], Eib: L2[☐20, ☐25], Eii: L2[L0[], ☐35], put: L2[V2, V2] -> V0 -> V1 -> L2[_8_, _9_], tr: L7[]
[15:24:36.047590]	Trying ff on 0: L0[], 1: L0[], Ebi: L2[L7[], ☐15], Eib: L2[☐20, ☐25], Eii: L2[L0[], ☐35], put: L2[V2, V3] -> V0 -> V1 -> L2[_8_, _9_], tr: L7[]
[15:24:36.047790]	Trying ff on 0: L0[], 1: L0[], Ebi: L2[L7[], ☐15], Eib: L2[☐20, ☐25], Eii: L2[L0[], L0[]], put: L2[V0, _7_] -> V0 -> V1 -> L2[_8_, _9_], tr: L7[]
[15:24:36.048024]	Trying ff on 0: L0[], 1: L0[], Ebi: L2[L7[], ☐15], Eib: L2[☐20, ☐25], Eii: L2[L0[], L0[]], put: L2[V2, _7_] -> V0 -> V1 -> L2[_8_, _9_], tr: L7[]
[15:24:36.048233]	Trying ff on 0: L0[], 1: L0[], Ebi: L2[L7[], ☐15], Eib: L2[☐20, ☐25], Eii: L2[L0[], L7[]], put: L2[V0, _7_] -> V0 -> V1 -> L2[_8_, _9_], tr: L7[]
[15:24:36.048407]	Trying ff on 0: L0[], 1: L0[], Ebi: L2[L7[], ☐15], Eib: L2[☐20, ☐25], Eii: L2[L0[], L7[]], put: L2[V2, _7_] -> V0 -> V1 -> L2[_8_, _9_], tr: L7[]
[15:24:36.049012]	Trying ff on 0: L0[], 1: L0[], Ebi: L2[L7[], ☐15], Eib: L2[☐20, ☐25], Eii: L2[L7[], ☐35], put: L2[L7[], ☐45] -> V0 -> V1 -> L2[L7[], _9_], tr: L7[]
[15:24:36.049228]	Trying ff on 0: L0[], 1: L0[], Ebi: L2[L7[], ☐15], Eib: L2[☐20, ☐25], Eii: L2[L7[], ☐35], put: L2[L7[], L0[]] -> V0 -> V1 -> L2[_8_, _9_], tr: L7[]
[15:24:36.049538]	Trying ff on 0: L0[], 1: L0[], Ebi: L2[L7[], ☐15], Eib: L2[☐20, ☐25], Eii: L2[L7[], ☐35], put: L2[L7[], L7[]] -> V0 -> V1 -> L2[_8_, _9_], tr: L7[]
[15:24:36.049850]	Trying ff on 0: L0[], 1: L0[], Ebi: L2[L7[], ☐15], Eib: L2[☐20, ☐25], Eii: L2[L7[], ☐35], put: L2[L7[], V0] -> V0 -> V1 -> L2[_8_, _9_], tr: L7[]
[15:24:36.050126]	Trying ff on 0: L0[], 1: L0[], Ebi: L2[L7[], ☐15], Eib: L2[☐20, ☐25], Eii: L2[L7[], ☐35], put: L2[L7[], V1] -> V0 -> V1 -> L2[_8_, _9_], tr: L7[]
[15:24:36.050299]	Trying ff on 0: L0[], 1: L0[], Ebi: L2[L7[], ☐15], Eib: L2[☐20, ☐25], Eii: L2[L7[], ☐35], put: L2[L7[], V2] -> V0 -> V1 -> L2[_8_, _9_], tr: L7[]
[15:24:36.050961]	Trying ff on 0: L0[], 1: L0[], Ebi: L2[L7[], ☐15], Eib: L2[☐20, ☐25], Eii: L2[L7[], ☐35], put: L2[V2, ☐45] -> V0 -> V1 -> L2[☐50, L0[]], tr: L7[]
[15:24:36.051128]	Trying ff on 0: L0[], 1: L0[], Ebi: L2[L7[], ☐15], Eib: L2[☐20, ☐25], Eii: L2[L7[], ☐35], put: L2[V2, ☐45] -> V0 -> V1 -> L2[☐50, L7[]], tr: L7[]
[15:24:36.051291]	Trying ff on 0: L0[], 1: L0[], Ebi: L2[L7[], ☐15], Eib: L2[☐20, ☐25], Eii: L2[L7[], ☐35], put: L2[V2, ☐45] -> V0 -> V1 -> L2[☐50, V0], tr: L7[]
[15:24:36.051445]	Trying ff on 0: L0[], 1: L0[], Ebi: L2[L7[], ☐15], Eib: L2[☐20, ☐25], Eii: L2[L7[], ☐35], put: L2[V2, ☐45] -> V0 -> V1 -> L2[☐50, V1], tr: L7[]
[15:24:36.051586]	Trying ff on 0: L0[], 1: L0[], Ebi: L2[L7[], ☐15], Eib: L2[☐20, ☐25], Eii: L2[L7[], ☐35], put: L2[V2, ☐45] -> V0 -> V1 -> L2[☐50, V2], tr: L7[]
[15:24:36.051746]	Trying ff on 0: L0[], 1: L0[], Ebi: L2[L7[], ☐15], Eib: L2[☐20, ☐25], Eii: L2[L7[], ☐35], put: L2[V2, ☐45] -> V0 -> V1 -> L2[L0[], _9_], tr: L7[]
[15:24:36.051920]	Trying ff on 0: L0[], 1: L0[], Ebi: L2[L7[], ☐15], Eib: L2[☐20, ☐25], Eii: L2[L7[], ☐35], put: L2[V2, ☐45] -> V0 -> V1 -> L2[L7[], _9_], tr: L7[]
[15:24:36.052071]	Trying ff on 0: L0[], 1: L0[], Ebi: L2[L7[], ☐15], Eib: L2[☐20, ☐25], Eii: L2[L7[], ☐35], put: L2[V2, ☐45] -> V0 -> V1 -> L2[V0, _9_], tr: L7[]
[15:24:36.052263]	Trying ff on 0: L0[], 1: L0[], Ebi: L2[L7[], ☐15], Eib: L2[☐20, ☐25], Eii: L2[L7[], ☐35], put: L2[V2, ☐45] -> V0 -> V1 -> L2[V1, _9_], tr: L7[]
[15:24:36.052450]	Trying ff on 0: L0[], 1: L0[], Ebi: L2[L7[], ☐15], Eib: L2[☐20, ☐25], Eii: L2[L7[], ☐35], put: L2[V2, ☐45] -> V0 -> V1 -> L2[V2, _9_], tr: L7[]
[15:24:36.052599]	Trying ff on 0: L0[], 1: L0[], Ebi: L2[L7[], ☐15], Eib: L2[☐20, ☐25], Eii: L2[L7[], ☐35], put: L2[V2, L0[]] -> V0 -> V1 -> L2[_8_, _9_], tr: L7[]
[15:24:36.052797]	Trying ff on 0: L0[], 1: L0[], Ebi: L2[L7[], ☐15], Eib: L2[☐20, ☐25], Eii: L2[L7[], ☐35], put: L2[V2, L7[]] -> V0 -> V1 -> L2[_8_, _9_], tr: L7[]
[15:24:36.053]	Trying ff on 0: L0[], 1: L0[], Ebi: L2[L7[], ☐15], Eib: L2[☐20, ☐25], Eii: L2[L7[], ☐35], put: L2[V2, V0] -> V0 -> V1 -> L2[_8_, _9_], tr: L7[]
[15:24:36.053201]	Trying ff on 0: L0[], 1: L0[], Ebi: L2[L7[], ☐15], Eib: L2[☐20, ☐25], Eii: L2[L7[], ☐35], put: L2[V2, V1] -> V0 -> V1 -> L2[_8_, _9_], tr: L7[]
[15:24:36.053384]	Trying ff on 0: L0[], 1: L0[], Ebi: L2[L7[], ☐15], Eib: L2[☐20, ☐25], Eii: L2[L7[], ☐35], put: L2[V2, V2] -> V0 -> V1 -> L2[_8_, _9_], tr: L7[]
[15:24:36.053589]	Trying ff on 0: L0[], 1: L0[], Ebi: L2[L7[], ☐15], Eib: L2[☐20, ☐25], Eii: L2[L7[], ☐35], put: L2[V2, V3] -> V0 -> V1 -> L2[_8_, _9_], tr: L7[]
[15:24:36.053848]	Trying ff on 0: L0[], 1: L0[], Ebi: L2[L7[], ☐15], Eib: L2[☐20, ☐25], Eii: L2[L7[], L0[]], put: L2[L7[], _7_] -> V0 -> V1 -> L2[_8_, _9_], tr: L7[]
[15:24:36.054078]	Trying ff on 0: L0[], 1: L0[], Ebi: L2[L7[], ☐15], Eib: L2[☐20, ☐25], Eii: L2[L7[], L0[]], put: L2[V2, _7_] -> V0 -> V1 -> L2[_8_, _9_], tr: L7[]
[15:24:36.054284]	Trying ff on 0: L0[], 1: L0[], Ebi: L2[L7[], ☐15], Eib: L2[☐20, ☐25], Eii: L2[L7[], L7[]], put: L2[L7[], _7_] -> V0 -> V1 -> L2[_8_, _9_], tr: L7[]
[15:24:36.054581]	Trying ff on 0: L0[], 1: L0[], Ebi: L2[L7[], ☐15], Eib: L2[☐20, ☐25], Eii: L2[L7[], L7[]], put: L2[V2, _7_] -> V0 -> V1 -> L2[_8_, _9_], tr: L7[]
[15:24:36.054981]	Trying ff on 0: L0[], 1: L0[], Ebi: L2[L7[], ☐15], Eib: L2[☐20, L0[]], Eii: L2[☐30, ☐35], put: L2[L7[], L0[]] -> V0 -> V1 -> L2[_8_, _9_], tr: L7[]
[15:24:36.055240]	Trying ff on 0: L0[], 1: L0[], Ebi: L2[L7[], ☐15], Eib: L2[☐20, L0[]], Eii: L2[☐30, ☐35], put: L2[L7[], V0] -> V0 -> V1 -> L2[_8_, _9_], tr: L7[]
[15:24:36.055516]	Trying ff on 0: L0[], 1: L0[], Ebi: L2[L7[], ☐15], Eib: L2[☐20, L0[]], Eii: L2[☐30, ☐35], put: L2[L7[], V2] -> V0 -> V1 -> L2[_8_, _9_], tr: L7[]
[15:24:36.055753]	Trying ff on 0: L0[], 1: L0[], Ebi: L2[L7[], ☐15], Eib: L2[☐20, L0[]], Eii: L2[☐30, ☐35], put: L2[V0, L0[]] -> V0 -> V1 -> L2[_8_, _9_], tr: L7[]
[15:24:36.056008]	Trying ff on 0: L0[], 1: L0[], Ebi: L2[L7[], ☐15], Eib: L2[☐20, L0[]], Eii: L2[☐30, ☐35], put: L2[V0, V0] -> V0 -> V1 -> L2[_8_, _9_], tr: L7[]
[15:24:36.056183]	Trying ff on 0: L0[], 1: L0[], Ebi: L2[L7[], ☐15], Eib: L2[☐20, L0[]], Eii: L2[☐30, ☐35], put: L2[V0, V2] -> V0 -> V1 -> L2[_8_, _9_], tr: L7[]
[15:24:36.056454]	Trying ff on 0: L0[], 1: L0[], Ebi: L2[L7[], ☐15], Eib: L2[☐20, L0[]], Eii: L2[☐30, ☐35], put: L2[V2, L0[]] -> V0 -> V1 -> L2[_8_, _9_], tr: L7[]
[15:24:36.056605]	Trying ff on 0: L0[], 1: L0[], Ebi: L2[L7[], ☐15], Eib: L2[☐20, L0[]], Eii: L2[☐30, ☐35], put: L2[V2, V0] -> V0 -> V1 -> L2[_8_, _9_], tr: L7[]
[15:24:36.056804]	Trying ff on 0: L0[], 1: L0[], Ebi: L2[L7[], ☐15], Eib: L2[☐20, L0[]], Eii: L2[☐30, ☐35], put: L2[V2, V2] -> V0 -> V1 -> L2[_8_, _9_], tr: L7[]
[15:24:36.057017]	Trying ff on 0: L0[], 1: L0[], Ebi: L2[L7[], ☐15], Eib: L2[☐20, L0[]], Eii: L2[☐30, ☐35], put: L2[V2, V3] -> V0 -> V1 -> L2[_8_, _9_], tr: L7[]
[15:24:36.057262]	Trying ff on 0: L0[], 1: L0[], Ebi: L2[L7[], ☐15], Eib: L2[☐20, L0[]], Eii: L2[☐30, L0[]], put: L2[L7[], _7_] -> V0 -> V1 -> L2[_8_, _9_], tr: L7[]
[15:24:36.057457]	Trying ff on 0: L0[], 1: L0[], Ebi: L2[L7[], ☐15], Eib: L2[☐20, L0[]], Eii: L2[☐30, L0[]], put: L2[V0, _7_] -> V0 -> V1 -> L2[_8_, _9_], tr: L7[]
[15:24:36.057694]	Trying ff on 0: L0[], 1: L0[], Ebi: L2[L7[], ☐15], Eib: L2[☐20, L0[]], Eii: L2[☐30, L0[]], put: L2[V2, _7_] -> V0 -> V1 -> L2[_8_, _9_], tr: L7[]
[15:24:36.057896]	Trying ff on 0: L0[], 1: L0[], Ebi: L2[L7[], ☐15], Eib: L2[☐20, L0[]], Eii: L2[☐30, L7[]], put: L2[L7[], _7_] -> V0 -> V1 -> L2[_8_, _9_], tr: L7[]
[15:24:36.058032]	Trying ff on 0: L0[], 1: L0[], Ebi: L2[L7[], ☐15], Eib: L2[☐20, L0[]], Eii: L2[☐30, L7[]], put: L2[V0, _7_] -> V0 -> V1 -> L2[_8_, _9_], tr: L7[]
[15:24:36.058195]	Trying ff on 0: L0[], 1: L0[], Ebi: L2[L7[], ☐15], Eib: L2[☐20, L0[]], Eii: L2[☐30, L7[]], put: L2[V2, _7_] -> V0 -> V1 -> L2[_8_, _9_], tr: L7[]
[15:24:36.058443]	Trying ff on 0: L0[], 1: L0[], Ebi: L2[L7[], ☐15], Eib: L2[☐20, L0[]], Eii: L2[L0[], ☐35], put: L2[V0, _7_] -> V0 -> V1 -> L2[_8_, _9_], tr: L7[]
[15:24:36.058664]	Trying ff on 0: L0[], 1: L0[], Ebi: L2[L7[], ☐15], Eib: L2[☐20, L0[]], Eii: L2[L0[], ☐35], put: L2[V2, _7_] -> V0 -> V1 -> L2[_8_, _9_], tr: L7[]
[15:24:36.058809]	Trying ff on 0: L0[], 1: L0[], Ebi: L2[L7[], ☐15], Eib: L2[☐20, L0[]], Eii: L2[L0[], L0[]], put: L2[_6_, _7_] -> V0 -> V1 -> L2[_8_, _9_], tr: L7[]
[15:24:36.058940]	Trying ff on 0: L0[], 1: L0[], Ebi: L2[L7[], ☐15], Eib: L2[☐20, L0[]], Eii: L2[L0[], L7[]], put: L2[_6_, _7_] -> V0 -> V1 -> L2[_8_, _9_], tr: L7[]
[15:24:36.059195]	Trying ff on 0: L0[], 1: L0[], Ebi: L2[L7[], ☐15], Eib: L2[☐20, L0[]], Eii: L2[L7[], ☐35], put: L2[L7[], _7_] -> V0 -> V1 -> L2[_8_, _9_], tr: L7[]
[15:24:36.059403]	Trying ff on 0: L0[], 1: L0[], Ebi: L2[L7[], ☐15], Eib: L2[☐20, L0[]], Eii: L2[L7[], ☐35], put: L2[V2, _7_] -> V0 -> V1 -> L2[_8_, _9_], tr: L7[]
[15:24:36.059521]	Trying ff on 0: L0[], 1: L0[], Ebi: L2[L7[], ☐15], Eib: L2[☐20, L0[]], Eii: L2[L7[], L0[]], put: L2[_6_, _7_] -> V0 -> V1 -> L2[_8_, _9_], tr: L7[]
[15:24:36.059656]	Trying ff on 0: L0[], 1: L0[], Ebi: L2[L7[], ☐15], Eib: L2[☐20, L0[]], Eii: L2[L7[], L7[]], put: L2[_6_, _7_] -> V0 -> V1 -> L2[_8_, _9_], tr: L7[]
[15:24:36.060032]	Trying ff on 0: L0[], 1: L0[], Ebi: L2[L7[], ☐15], Eib: L2[☐20, L7[]], Eii: L2[☐30, ☐35], put: L2[L7[], L7[]] -> V0 -> V1 -> L2[_8_, _9_], tr: L7[]
[15:24:36.060281]	Trying ff on 0: L0[], 1: L0[], Ebi: L2[L7[], ☐15], Eib: L2[☐20, L7[]], Eii: L2[☐30, ☐35], put: L2[L7[], V1] -> V0 -> V1 -> L2[_8_, _9_], tr: L7[]
[15:24:36.060460]	Trying ff on 0: L0[], 1: L0[], Ebi: L2[L7[], ☐15], Eib: L2[☐20, L7[]], Eii: L2[☐30, ☐35], put: L2[L7[], V2] -> V0 -> V1 -> L2[_8_, _9_], tr: L7[]
[15:24:36.060675]	Trying ff on 0: L0[], 1: L0[], Ebi: L2[L7[], ☐15], Eib: L2[☐20, L7[]], Eii: L2[☐30, ☐35], put: L2[V0, L7[]] -> V0 -> V1 -> L2[_8_, _9_], tr: L7[]
[15:24:36.060915]	Trying ff on 0: L0[], 1: L0[], Ebi: L2[L7[], ☐15], Eib: L2[☐20, L7[]], Eii: L2[☐30, ☐35], put: L2[V0, V0] -> V0 -> V1 -> L2[_8_, _9_], tr: L7[]
[15:24:36.061067]	Trying ff on 0: L0[], 1: L0[], Ebi: L2[L7[], ☐15], Eib: L2[☐20, L7[]], Eii: L2[☐30, ☐35], put: L2[V0, V1] -> V0 -> V1 -> L2[_8_, _9_], tr: L7[]
[15:24:36.061241]	Trying ff on 0: L0[], 1: L0[], Ebi: L2[L7[], ☐15], Eib: L2[☐20, L7[]], Eii: L2[☐30, ☐35], put: L2[V0, V2] -> V0 -> V1 -> L2[_8_, _9_], tr: L7[]
[15:24:36.061488]	Trying ff on 0: L0[], 1: L0[], Ebi: L2[L7[], ☐15], Eib: L2[☐20, L7[]], Eii: L2[☐30, ☐35], put: L2[V2, L7[]] -> V0 -> V1 -> L2[_8_, _9_], tr: L7[]
[15:24:36.061645]	Trying ff on 0: L0[], 1: L0[], Ebi: L2[L7[], ☐15], Eib: L2[☐20, L7[]], Eii: L2[☐30, ☐35], put: L2[V2, V1] -> V0 -> V1 -> L2[_8_, _9_], tr: L7[]
[15:24:36.061789]	Trying ff on 0: L0[], 1: L0[], Ebi: L2[L7[], ☐15], Eib: L2[☐20, L7[]], Eii: L2[☐30, ☐35], put: L2[V2, V2] -> V0 -> V1 -> L2[_8_, _9_], tr: L7[]
[15:24:36.061976]	Trying ff on 0: L0[], 1: L0[], Ebi: L2[L7[], ☐15], Eib: L2[☐20, L7[]], Eii: L2[☐30, ☐35], put: L2[V2, V3] -> V0 -> V1 -> L2[_8_, _9_], tr: L7[]
[15:24:36.062216]	Trying ff on 0: L0[], 1: L0[], Ebi: L2[L7[], ☐15], Eib: L2[☐20, L7[]], Eii: L2[☐30, L0[]], put: L2[L7[], _7_] -> V0 -> V1 -> L2[_8_, _9_], tr: L7[]
[15:24:36.062405]	Trying ff on 0: L0[], 1: L0[], Ebi: L2[L7[], ☐15], Eib: L2[☐20, L7[]], Eii: L2[☐30, L0[]], put: L2[V0, _7_] -> V0 -> V1 -> L2[_8_, _9_], tr: L7[]
[15:24:36.062619]	Trying ff on 0: L0[], 1: L0[], Ebi: L2[L7[], ☐15], Eib: L2[☐20, L7[]], Eii: L2[☐30, L0[]], put: L2[V2, _7_] -> V0 -> V1 -> L2[_8_, _9_], tr: L7[]
[15:24:36.062873]	Trying ff on 0: L0[], 1: L0[], Ebi: L2[L7[], ☐15], Eib: L2[☐20, L7[]], Eii: L2[☐30, L7[]], put: L2[L7[], _7_] -> V0 -> V1 -> L2[_8_, _9_], tr: L7[]
[15:24:36.063067]	Trying ff on 0: L0[], 1: L0[], Ebi: L2[L7[], ☐15], Eib: L2[☐20, L7[]], Eii: L2[☐30, L7[]], put: L2[V0, _7_] -> V0 -> V1 -> L2[_8_, _9_], tr: L7[]
[15:24:36.063294]	Trying ff on 0: L0[], 1: L0[], Ebi: L2[L7[], ☐15], Eib: L2[☐20, L7[]], Eii: L2[☐30, L7[]], put: L2[V2, _7_] -> V0 -> V1 -> L2[_8_, _9_], tr: L7[]
[15:24:36.063641]	Trying ff on 0: L0[], 1: L0[], Ebi: L2[L7[], ☐15], Eib: L2[☐20, L7[]], Eii: L2[L0[], ☐35], put: L2[V0, _7_] -> V0 -> V1 -> L2[_8_, _9_], tr: L7[]
[15:24:36.063816]	Trying ff on 0: L0[], 1: L0[], Ebi: L2[L7[], ☐15], Eib: L2[☐20, L7[]], Eii: L2[L0[], ☐35], put: L2[V2, _7_] -> V0 -> V1 -> L2[_8_, _9_], tr: L7[]
[15:24:36.063957]	Trying ff on 0: L0[], 1: L0[], Ebi: L2[L7[], ☐15], Eib: L2[☐20, L7[]], Eii: L2[L0[], L0[]], put: L2[_6_, _7_] -> V0 -> V1 -> L2[_8_, _9_], tr: L7[]
[15:24:36.064093]	Trying ff on 0: L0[], 1: L0[], Ebi: L2[L7[], ☐15], Eib: L2[☐20, L7[]], Eii: L2[L0[], L7[]], put: L2[_6_, _7_] -> V0 -> V1 -> L2[_8_, _9_], tr: L7[]
[15:24:36.064435]	Trying ff on 0: L0[], 1: L0[], Ebi: L2[L7[], ☐15], Eib: L2[☐20, L7[]], Eii: L2[L7[], ☐35], put: L2[L7[], _7_] -> V0 -> V1 -> L2[_8_, _9_], tr: L7[]
[15:24:36.064716]	Trying ff on 0: L0[], 1: L0[], Ebi: L2[L7[], ☐15], Eib: L2[☐20, L7[]], Eii: L2[L7[], ☐35], put: L2[V2, _7_] -> V0 -> V1 -> L2[_8_, _9_], tr: L7[]
[15:24:36.064857]	Trying ff on 0: L0[], 1: L0[], Ebi: L2[L7[], ☐15], Eib: L2[☐20, L7[]], Eii: L2[L7[], L0[]], put: L2[_6_, _7_] -> V0 -> V1 -> L2[_8_, _9_], tr: L7[]
[15:24:36.065005]	Trying ff on 0: L0[], 1: L0[], Ebi: L2[L7[], ☐15], Eib: L2[☐20, L7[]], Eii: L2[L7[], L7[]], put: L2[_6_, _7_] -> V0 -> V1 -> L2[_8_, _9_], tr: L7[]
[15:24:36.065768]	Trying ff on 0: L0[], 1: L0[], Ebi: L2[L7[], ☐15], Eib: L2[L0[], ☐25], Eii: L2[☐30, ☐35], put: L2[V0, ☐45] -> V0 -> V1 -> L2[V0, _9_], tr: L7[]
[15:24:36.065922]	Trying ff on 0: L0[], 1: L0[], Ebi: L2[L7[], ☐15], Eib: L2[L0[], ☐25], Eii: L2[☐30, ☐35], put: L2[V0, L0[]] -> V0 -> V1 -> L2[_8_, _9_], tr: L7[]
[15:24:36.066170]	Trying ff on 0: L0[], 1: L0[], Ebi: L2[L7[], ☐15], Eib: L2[L0[], ☐25], Eii: L2[☐30, ☐35], put: L2[V0, L7[]] -> V0 -> V1 -> L2[_8_, _9_], tr: L7[]
[15:24:36.066420]	Trying ff on 0: L0[], 1: L0[], Ebi: L2[L7[], ☐15], Eib: L2[L0[], ☐25], Eii: L2[☐30, ☐35], put: L2[V0, V0] -> V0 -> V1 -> L2[_8_, _9_], tr: L7[]
[15:24:36.066595]	Trying ff on 0: L0[], 1: L0[], Ebi: L2[L7[], ☐15], Eib: L2[L0[], ☐25], Eii: L2[☐30, ☐35], put: L2[V0, V1] -> V0 -> V1 -> L2[_8_, _9_], tr: L7[]
[15:24:36.066813]	Trying ff on 0: L0[], 1: L0[], Ebi: L2[L7[], ☐15], Eib: L2[L0[], ☐25], Eii: L2[☐30, ☐35], put: L2[V0, V2] -> V0 -> V1 -> L2[_8_, _9_], tr: L7[]
[15:24:36.067321]	Trying ff on 0: L0[], 1: L0[], Ebi: L2[L7[], ☐15], Eib: L2[L0[], ☐25], Eii: L2[☐30, ☐35], put: L2[V2, ☐45] -> V0 -> V1 -> L2[☐50, L0[]], tr: L7[]
[15:24:36.067534]	Trying ff on 0: L0[], 1: L0[], Ebi: L2[L7[], ☐15], Eib: L2[L0[], ☐25], Eii: L2[☐30, ☐35], put: L2[V2, ☐45] -> V0 -> V1 -> L2[☐50, L7[]], tr: L7[]
[15:24:36.067762]	Trying ff on 0: L0[], 1: L0[], Ebi: L2[L7[], ☐15], Eib: L2[L0[], ☐25], Eii: L2[☐30, ☐35], put: L2[V2, ☐45] -> V0 -> V1 -> L2[☐50, V0], tr: L7[]
[15:24:36.067951]	Trying ff on 0: L0[], 1: L0[], Ebi: L2[L7[], ☐15], Eib: L2[L0[], ☐25], Eii: L2[☐30, ☐35], put: L2[V2, ☐45] -> V0 -> V1 -> L2[☐50, V1], tr: L7[]
[15:24:36.068126]	Trying ff on 0: L0[], 1: L0[], Ebi: L2[L7[], ☐15], Eib: L2[L0[], ☐25], Eii: L2[☐30, ☐35], put: L2[V2, ☐45] -> V0 -> V1 -> L2[☐50, V2], tr: L7[]
[15:24:36.068286]	Trying ff on 0: L0[], 1: L0[], Ebi: L2[L7[], ☐15], Eib: L2[L0[], ☐25], Eii: L2[☐30, ☐35], put: L2[V2, ☐45] -> V0 -> V1 -> L2[L0[], _9_], tr: L7[]
[15:24:36.068449]	Trying ff on 0: L0[], 1: L0[], Ebi: L2[L7[], ☐15], Eib: L2[L0[], ☐25], Eii: L2[☐30, ☐35], put: L2[V2, ☐45] -> V0 -> V1 -> L2[L7[], _9_], tr: L7[]
[15:24:36.068621]	Trying ff on 0: L0[], 1: L0[], Ebi: L2[L7[], ☐15], Eib: L2[L0[], ☐25], Eii: L2[☐30, ☐35], put: L2[V2, ☐45] -> V0 -> V1 -> L2[V0, _9_], tr: L7[]
[15:24:36.068795]	Trying ff on 0: L0[], 1: L0[], Ebi: L2[L7[], ☐15], Eib: L2[L0[], ☐25], Eii: L2[☐30, ☐35], put: L2[V2, ☐45] -> V0 -> V1 -> L2[V1, _9_], tr: L7[]
[15:24:36.068955]	Trying ff on 0: L0[], 1: L0[], Ebi: L2[L7[], ☐15], Eib: L2[L0[], ☐25], Eii: L2[☐30, ☐35], put: L2[V2, ☐45] -> V0 -> V1 -> L2[V2, _9_], tr: L7[]
[15:24:36.069126]	Trying ff on 0: L0[], 1: L0[], Ebi: L2[L7[], ☐15], Eib: L2[L0[], ☐25], Eii: L2[☐30, ☐35], put: L2[V2, L0[]] -> V0 -> V1 -> L2[_8_, _9_], tr: L7[]
[15:24:36.069319]	Trying ff on 0: L0[], 1: L0[], Ebi: L2[L7[], ☐15], Eib: L2[L0[], ☐25], Eii: L2[☐30, ☐35], put: L2[V2, L7[]] -> V0 -> V1 -> L2[_8_, _9_], tr: L7[]
[15:24:36.069506]	Trying ff on 0: L0[], 1: L0[], Ebi: L2[L7[], ☐15], Eib: L2[L0[], ☐25], Eii: L2[☐30, ☐35], put: L2[V2, V0] -> V0 -> V1 -> L2[_8_, _9_], tr: L7[]
[15:24:36.069689]	Trying ff on 0: L0[], 1: L0[], Ebi: L2[L7[], ☐15], Eib: L2[L0[], ☐25], Eii: L2[☐30, ☐35], put: L2[V2, V1] -> V0 -> V1 -> L2[_8_, _9_], tr: L7[]
[15:24:36.069850]	Trying ff on 0: L0[], 1: L0[], Ebi: L2[L7[], ☐15], Eib: L2[L0[], ☐25], Eii: L2[☐30, ☐35], put: L2[V2, V2] -> V0 -> V1 -> L2[_8_, _9_], tr: L7[]
[15:24:36.070049]	Trying ff on 0: L0[], 1: L0[], Ebi: L2[L7[], ☐15], Eib: L2[L0[], ☐25], Eii: L2[☐30, ☐35], put: L2[V2, V3] -> V0 -> V1 -> L2[_8_, _9_], tr: L7[]
[15:24:36.070303]	Trying ff on 0: L0[], 1: L0[], Ebi: L2[L7[], ☐15], Eib: L2[L0[], ☐25], Eii: L2[☐30, L0[]], put: L2[V0, _7_] -> V0 -> V1 -> L2[_8_, _9_], tr: L7[]
[15:24:36.070504]	Trying ff on 0: L0[], 1: L0[], Ebi: L2[L7[], ☐15], Eib: L2[L0[], ☐25], Eii: L2[☐30, L0[]], put: L2[V2, _7_] -> V0 -> V1 -> L2[_8_, _9_], tr: L7[]
[15:24:36.070795]	Trying ff on 0: L0[], 1: L0[], Ebi: L2[L7[], ☐15], Eib: L2[L0[], ☐25], Eii: L2[☐30, L7[]], put: L2[V0, _7_] -> V0 -> V1 -> L2[_8_, _9_], tr: L7[]
[15:24:36.071006]	Trying ff on 0: L0[], 1: L0[], Ebi: L2[L7[], ☐15], Eib: L2[L0[], ☐25], Eii: L2[☐30, L7[]], put: L2[V2, _7_] -> V0 -> V1 -> L2[_8_, _9_], tr: L7[]
[15:24:36.071359]	Trying ff on 0: L0[], 1: L0[], Ebi: L2[L7[], ☐15], Eib: L2[L0[], ☐25], Eii: L2[L0[], ☐35], put: L2[V0, _7_] -> V0 -> V1 -> L2[_8_, _9_], tr: L7[]
[15:24:36.071542]	Trying ff on 0: L0[], 1: L0[], Ebi: L2[L7[], ☐15], Eib: L2[L0[], ☐25], Eii: L2[L0[], ☐35], put: L2[V2, _7_] -> V0 -> V1 -> L2[_8_, _9_], tr: L7[]
[15:24:36.071670]	Trying ff on 0: L0[], 1: L0[], Ebi: L2[L7[], ☐15], Eib: L2[L0[], ☐25], Eii: L2[L0[], L0[]], put: L2[_6_, _7_] -> V0 -> V1 -> L2[_8_, _9_], tr: L7[]
[15:24:36.071813]	Trying ff on 0: L0[], 1: L0[], Ebi: L2[L7[], ☐15], Eib: L2[L0[], ☐25], Eii: L2[L0[], L7[]], put: L2[_6_, _7_] -> V0 -> V1 -> L2[_8_, _9_], tr: L7[]
[15:24:36.072281]	Trying ff on 0: L0[], 1: L0[], Ebi: L2[L7[], ☐15], Eib: L2[L0[], ☐25], Eii: L2[L7[], ☐35], put: L2[V2, _7_] -> V0 -> V1 -> L2[_8_, _9_], tr: L7[]
[15:24:36.072433]	Trying ff on 0: L0[], 1: L0[], Ebi: L2[L7[], ☐15], Eib: L2[L0[], ☐25], Eii: L2[L7[], L0[]], put: L2[_6_, _7_] -> V0 -> V1 -> L2[_8_, _9_], tr: L7[]
[15:24:36.072607]	Trying ff on 0: L0[], 1: L0[], Ebi: L2[L7[], ☐15], Eib: L2[L0[], ☐25], Eii: L2[L7[], L7[]], put: L2[_6_, _7_] -> V0 -> V1 -> L2[_8_, _9_], tr: L7[]
[15:24:36.073076]	Trying ff on 0: L0[], 1: L0[], Ebi: L2[L7[], ☐15], Eib: L2[L0[], L0[]], Eii: L2[☐30, ☐35], put: L2[V0, _7_] -> V0 -> V1 -> L2[_8_, _9_], tr: L7[]
[15:24:36.073306]	Trying ff on 0: L0[], 1: L0[], Ebi: L2[L7[], ☐15], Eib: L2[L0[], L0[]], Eii: L2[☐30, ☐35], put: L2[V2, _7_] -> V0 -> V1 -> L2[_8_, _9_], tr: L7[]
[15:24:36.073469]	Trying ff on 0: L0[], 1: L0[], Ebi: L2[L7[], ☐15], Eib: L2[L0[], L0[]], Eii: L2[☐30, L0[]], put: L2[_6_, _7_] -> V0 -> V1 -> L2[_8_, _9_], tr: L7[]
[15:24:36.073634]	Trying ff on 0: L0[], 1: L0[], Ebi: L2[L7[], ☐15], Eib: L2[L0[], L0[]], Eii: L2[☐30, L7[]], put: L2[_6_, _7_] -> V0 -> V1 -> L2[_8_, _9_], tr: L7[]
[15:24:36.073769]	Trying ff on 0: L0[], 1: L0[], Ebi: L2[L7[], ☐15], Eib: L2[L0[], L0[]], Eii: L2[L0[], _5_], put: L2[_6_, _7_] -> V0 -> V1 -> L2[_8_, _9_], tr: L7[]
[15:24:36.073913]	Trying ff on 0: L0[], 1: L0[], Ebi: L2[L7[], ☐15], Eib: L2[L0[], L0[]], Eii: L2[L7[], _5_], put: L2[_6_, _7_] -> V0 -> V1 -> L2[_8_, _9_], tr: L7[]
[15:24:36.074350]	Trying ff on 0: L0[], 1: L0[], Ebi: L2[L7[], ☐15], Eib: L2[L0[], L7[]], Eii: L2[☐30, ☐35], put: L2[V0, _7_] -> V0 -> V1 -> L2[_8_, _9_], tr: L7[]
[15:24:36.074556]	Trying ff on 0: L0[], 1: L0[], Ebi: L2[L7[], ☐15], Eib: L2[L0[], L7[]], Eii: L2[☐30, ☐35], put: L2[V2, _7_] -> V0 -> V1 -> L2[_8_, _9_], tr: L7[]
[15:24:36.074704]	Trying ff on 0: L0[], 1: L0[], Ebi: L2[L7[], ☐15], Eib: L2[L0[], L7[]], Eii: L2[☐30, L0[]], put: L2[_6_, _7_] -> V0 -> V1 -> L2[_8_, _9_], tr: L7[]
[15:24:36.074838]	Trying ff on 0: L0[], 1: L0[], Ebi: L2[L7[], ☐15], Eib: L2[L0[], L7[]], Eii: L2[☐30, L7[]], put: L2[_6_, _7_] -> V0 -> V1 -> L2[_8_, _9_], tr: L7[]
[15:24:36.074980]	Trying ff on 0: L0[], 1: L0[], Ebi: L2[L7[], ☐15], Eib: L2[L0[], L7[]], Eii: L2[L0[], _5_], put: L2[_6_, _7_] -> V0 -> V1 -> L2[_8_, _9_], tr: L7[]
[15:24:36.075127]	Trying ff on 0: L0[], 1: L0[], Ebi: L2[L7[], ☐15], Eib: L2[L0[], L7[]], Eii: L2[L7[], _5_], put: L2[_6_, _7_] -> V0 -> V1 -> L2[_8_, _9_], tr: L7[]
[15:24:36.075826]	Trying ff on 0: L0[], 1: L0[], Ebi: L2[L7[], ☐15], Eib: L2[L7[], ☐25], Eii: L2[☐30, ☐35], put: L2[L7[], ☐45] -> V0 -> V1 -> L2[L7[], _9_], tr: L7[]
[15:24:36.076055]	Trying ff on 0: L0[], 1: L0[], Ebi: L2[L7[], ☐15], Eib: L2[L7[], ☐25], Eii: L2[☐30, ☐35], put: L2[L7[], L0[]] -> V0 -> V1 -> L2[_8_, _9_], tr: L7[]
[15:24:36.076391]	Trying ff on 0: L0[], 1: L0[], Ebi: L2[L7[], ☐15], Eib: L2[L7[], ☐25], Eii: L2[☐30, ☐35], put: L2[L7[], L7[]] -> V0 -> V1 -> L2[_8_, _9_], tr: L7[]
[15:24:36.076739]	Trying ff on 0: L0[], 1: L0[], Ebi: L2[L7[], ☐15], Eib: L2[L7[], ☐25], Eii: L2[☐30, ☐35], put: L2[L7[], V0] -> V0 -> V1 -> L2[_8_, _9_], tr: L7[]
[15:24:36.077105]	Trying ff on 0: L0[], 1: L0[], Ebi: L2[L7[], ☐15], Eib: L2[L7[], ☐25], Eii: L2[☐30, ☐35], put: L2[L7[], V1] -> V0 -> V1 -> L2[_8_, _9_], tr: L7[]
[15:24:36.077341]	Trying ff on 0: L0[], 1: L0[], Ebi: L2[L7[], ☐15], Eib: L2[L7[], ☐25], Eii: L2[☐30, ☐35], put: L2[L7[], V2] -> V0 -> V1 -> L2[_8_, _9_], tr: L7[]
[15:24:36.078125]	Trying ff on 0: L0[], 1: L0[], Ebi: L2[L7[], ☐15], Eib: L2[L7[], ☐25], Eii: L2[☐30, ☐35], put: L2[V2, ☐45] -> V0 -> V1 -> L2[☐50, L0[]], tr: L7[]
[15:24:36.078330]	Trying ff on 0: L0[], 1: L0[], Ebi: L2[L7[], ☐15], Eib: L2[L7[], ☐25], Eii: L2[☐30, ☐35], put: L2[V2, ☐45] -> V0 -> V1 -> L2[☐50, L7[]], tr: L7[]
[15:24:36.078540]	Trying ff on 0: L0[], 1: L0[], Ebi: L2[L7[], ☐15], Eib: L2[L7[], ☐25], Eii: L2[☐30, ☐35], put: L2[V2, ☐45] -> V0 -> V1 -> L2[☐50, V0], tr: L7[]
[15:24:36.078753]	Trying ff on 0: L0[], 1: L0[], Ebi: L2[L7[], ☐15], Eib: L2[L7[], ☐25], Eii: L2[☐30, ☐35], put: L2[V2, ☐45] -> V0 -> V1 -> L2[☐50, V1], tr: L7[]
[15:24:36.078932]	Trying ff on 0: L0[], 1: L0[], Ebi: L2[L7[], ☐15], Eib: L2[L7[], ☐25], Eii: L2[☐30, ☐35], put: L2[V2, ☐45] -> V0 -> V1 -> L2[☐50, V2], tr: L7[]
[15:24:36.079123]	Trying ff on 0: L0[], 1: L0[], Ebi: L2[L7[], ☐15], Eib: L2[L7[], ☐25], Eii: L2[☐30, ☐35], put: L2[V2, ☐45] -> V0 -> V1 -> L2[L0[], _9_], tr: L7[]
[15:24:36.079292]	Trying ff on 0: L0[], 1: L0[], Ebi: L2[L7[], ☐15], Eib: L2[L7[], ☐25], Eii: L2[☐30, ☐35], put: L2[V2, ☐45] -> V0 -> V1 -> L2[L7[], _9_], tr: L7[]
[15:24:36.079489]	Trying ff on 0: L0[], 1: L0[], Ebi: L2[L7[], ☐15], Eib: L2[L7[], ☐25], Eii: L2[☐30, ☐35], put: L2[V2, ☐45] -> V0 -> V1 -> L2[V0, _9_], tr: L7[]
[15:24:36.079671]	Trying ff on 0: L0[], 1: L0[], Ebi: L2[L7[], ☐15], Eib: L2[L7[], ☐25], Eii: L2[☐30, ☐35], put: L2[V2, ☐45] -> V0 -> V1 -> L2[V1, _9_], tr: L7[]
[15:24:36.079837]	Trying ff on 0: L0[], 1: L0[], Ebi: L2[L7[], ☐15], Eib: L2[L7[], ☐25], Eii: L2[☐30, ☐35], put: L2[V2, ☐45] -> V0 -> V1 -> L2[V2, _9_], tr: L7[]
[15:24:36.080001]	Trying ff on 0: L0[], 1: L0[], Ebi: L2[L7[], ☐15], Eib: L2[L7[], ☐25], Eii: L2[☐30, ☐35], put: L2[V2, L0[]] -> V0 -> V1 -> L2[_8_, _9_], tr: L7[]
[15:24:36.080190]	Trying ff on 0: L0[], 1: L0[], Ebi: L2[L7[], ☐15], Eib: L2[L7[], ☐25], Eii: L2[☐30, ☐35], put: L2[V2, L7[]] -> V0 -> V1 -> L2[_8_, _9_], tr: L7[]
[15:24:36.080389]	Trying ff on 0: L0[], 1: L0[], Ebi: L2[L7[], ☐15], Eib: L2[L7[], ☐25], Eii: L2[☐30, ☐35], put: L2[V2, V0] -> V0 -> V1 -> L2[_8_, _9_], tr: L7[]
[15:24:36.080582]	Trying ff on 0: L0[], 1: L0[], Ebi: L2[L7[], ☐15], Eib: L2[L7[], ☐25], Eii: L2[☐30, ☐35], put: L2[V2, V1] -> V0 -> V1 -> L2[_8_, _9_], tr: L7[]
[15:24:36.080764]	Trying ff on 0: L0[], 1: L0[], Ebi: L2[L7[], ☐15], Eib: L2[L7[], ☐25], Eii: L2[☐30, ☐35], put: L2[V2, V2] -> V0 -> V1 -> L2[_8_, _9_], tr: L7[]
[15:24:36.080965]	Trying ff on 0: L0[], 1: L0[], Ebi: L2[L7[], ☐15], Eib: L2[L7[], ☐25], Eii: L2[☐30, ☐35], put: L2[V2, V3] -> V0 -> V1 -> L2[_8_, _9_], tr: L7[]
[15:24:36.081241]	Trying ff on 0: L0[], 1: L0[], Ebi: L2[L7[], ☐15], Eib: L2[L7[], ☐25], Eii: L2[☐30, L0[]], put: L2[L7[], _7_] -> V0 -> V1 -> L2[_8_, _9_], tr: L7[]
[15:24:36.081522]	Trying ff on 0: L0[], 1: L0[], Ebi: L2[L7[], ☐15], Eib: L2[L7[], ☐25], Eii: L2[☐30, L0[]], put: L2[V2, _7_] -> V0 -> V1 -> L2[_8_, _9_], tr: L7[]
[15:24:36.081813]	Trying ff on 0: L0[], 1: L0[], Ebi: L2[L7[], ☐15], Eib: L2[L7[], ☐25], Eii: L2[☐30, L7[]], put: L2[L7[], _7_] -> V0 -> V1 -> L2[_8_, _9_], tr: L7[]
[15:24:36.082090]	Trying ff on 0: L0[], 1: L0[], Ebi: L2[L7[], ☐15], Eib: L2[L7[], ☐25], Eii: L2[☐30, L7[]], put: L2[V2, _7_] -> V0 -> V1 -> L2[_8_, _9_], tr: L7[]
[15:24:36.082552]	Trying ff on 0: L0[], 1: L0[], Ebi: L2[L7[], ☐15], Eib: L2[L7[], ☐25], Eii: L2[L0[], ☐35], put: L2[V2, _7_] -> V0 -> V1 -> L2[_8_, _9_], tr: L7[]
[15:24:36.082729]	Trying ff on 0: L0[], 1: L0[], Ebi: L2[L7[], ☐15], Eib: L2[L7[], ☐25], Eii: L2[L0[], L0[]], put: L2[_6_, _7_] -> V0 -> V1 -> L2[_8_, _9_], tr: L7[]
[15:24:36.082893]	Trying ff on 0: L0[], 1: L0[], Ebi: L2[L7[], ☐15], Eib: L2[L7[], ☐25], Eii: L2[L0[], L7[]], put: L2[_6_, _7_] -> V0 -> V1 -> L2[_8_, _9_], tr: L7[]
[15:24:36.083246]	Trying ff on 0: L0[], 1: L0[], Ebi: L2[L7[], ☐15], Eib: L2[L7[], ☐25], Eii: L2[L7[], ☐35], put: L2[L7[], _7_] -> V0 -> V1 -> L2[_8_, _9_], tr: L7[]
[15:24:36.083498]	Trying ff on 0: L0[], 1: L0[], Ebi: L2[L7[], ☐15], Eib: L2[L7[], ☐25], Eii: L2[L7[], ☐35], put: L2[V2, _7_] -> V0 -> V1 -> L2[_8_, _9_], tr: L7[]
[15:24:36.083633]	Trying ff on 0: L0[], 1: L0[], Ebi: L2[L7[], ☐15], Eib: L2[L7[], ☐25], Eii: L2[L7[], L0[]], put: L2[_6_, _7_] -> V0 -> V1 -> L2[_8_, _9_], tr: L7[]
[15:24:36.083824]	Trying ff on 0: L0[], 1: L0[], Ebi: L2[L7[], ☐15], Eib: L2[L7[], ☐25], Eii: L2[L7[], L7[]], put: L2[_6_, _7_] -> V0 -> V1 -> L2[_8_, _9_], tr: L7[]
[15:24:36.084346]	Trying ff on 0: L0[], 1: L0[], Ebi: L2[L7[], ☐15], Eib: L2[L7[], L0[]], Eii: L2[☐30, ☐35], put: L2[L7[], _7_] -> V0 -> V1 -> L2[_8_, _9_], tr: L7[]
[15:24:36.084655]	Trying ff on 0: L0[], 1: L0[], Ebi: L2[L7[], ☐15], Eib: L2[L7[], L0[]], Eii: L2[☐30, ☐35], put: L2[V2, _7_] -> V0 -> V1 -> L2[_8_, _9_], tr: L7[]
[15:24:36.084845]	Trying ff on 0: L0[], 1: L0[], Ebi: L2[L7[], ☐15], Eib: L2[L7[], L0[]], Eii: L2[☐30, L0[]], put: L2[_6_, _7_] -> V0 -> V1 -> L2[_8_, _9_], tr: L7[]
[15:24:36.085008]	Trying ff on 0: L0[], 1: L0[], Ebi: L2[L7[], ☐15], Eib: L2[L7[], L0[]], Eii: L2[☐30, L7[]], put: L2[_6_, _7_] -> V0 -> V1 -> L2[_8_, _9_], tr: L7[]
[15:24:36.085163]	Trying ff on 0: L0[], 1: L0[], Ebi: L2[L7[], ☐15], Eib: L2[L7[], L0[]], Eii: L2[L0[], _5_], put: L2[_6_, _7_] -> V0 -> V1 -> L2[_8_, _9_], tr: L7[]
[15:24:36.085310]	Trying ff on 0: L0[], 1: L0[], Ebi: L2[L7[], ☐15], Eib: L2[L7[], L0[]], Eii: L2[L7[], _5_], put: L2[_6_, _7_] -> V0 -> V1 -> L2[_8_, _9_], tr: L7[]
[15:24:36.085812]	Trying ff on 0: L0[], 1: L0[], Ebi: L2[L7[], ☐15], Eib: L2[L7[], L7[]], Eii: L2[☐30, ☐35], put: L2[L7[], _7_] -> V0 -> V1 -> L2[_8_, _9_], tr: L7[]
[15:24:36.086074]	Trying ff on 0: L0[], 1: L0[], Ebi: L2[L7[], ☐15], Eib: L2[L7[], L7[]], Eii: L2[☐30, ☐35], put: L2[V2, _7_] -> V0 -> V1 -> L2[_8_, _9_], tr: L7[]
[15:24:36.086237]	Trying ff on 0: L0[], 1: L0[], Ebi: L2[L7[], ☐15], Eib: L2[L7[], L7[]], Eii: L2[☐30, L0[]], put: L2[_6_, _7_] -> V0 -> V1 -> L2[_8_, _9_], tr: L7[]
[15:24:36.086399]	Trying ff on 0: L0[], 1: L0[], Ebi: L2[L7[], ☐15], Eib: L2[L7[], L7[]], Eii: L2[☐30, L7[]], put: L2[_6_, _7_] -> V0 -> V1 -> L2[_8_, _9_], tr: L7[]
[15:24:36.086562]	Trying ff on 0: L0[], 1: L0[], Ebi: L2[L7[], ☐15], Eib: L2[L7[], L7[]], Eii: L2[L0[], _5_], put: L2[_6_, _7_] -> V0 -> V1 -> L2[_8_, _9_], tr: L7[]
[15:24:36.086741]	Trying ff on 0: L0[], 1: L0[], Ebi: L2[L7[], ☐15], Eib: L2[L7[], L7[]], Eii: L2[L7[], _5_], put: L2[_6_, _7_] -> V0 -> V1 -> L2[_8_, _9_], tr: L7[]
[15:24:36.087555]	Trying ff on 0: L0[], 1: L0[], Ebi: L2[L7[], L0[]], Eib: L2[☐20, ☐25], Eii: L2[☐30, ☐35], put: L2[L7[], L0[]] -> V0 -> V1 -> L2[_8_, _9_], tr: L7[]
[15:24:36.087968]	Trying ff on 0: L0[], 1: L0[], Ebi: L2[L7[], L0[]], Eib: L2[☐20, ☐25], Eii: L2[☐30, ☐35], put: L2[L7[], V1] -> V0 -> V1 -> L2[_8_, _9_], tr: L7[]
[15:24:36.088227]	Trying ff on 0: L0[], 1: L0[], Ebi: L2[L7[], L0[]], Eib: L2[☐20, ☐25], Eii: L2[☐30, ☐35], put: L2[L7[], V2] -> V0 -> V1 -> L2[_8_, _9_], tr: L7[]
[15:24:36.088578]	Trying ff on 0: L0[], 1: L0[], Ebi: L2[L7[], L0[]], Eib: L2[☐20, ☐25], Eii: L2[☐30, ☐35], put: L2[V0, L0[]] -> V0 -> V1 -> L2[_8_, _9_], tr: L7[]
[15:24:36.089040]	Trying ff on 0: L0[], 1: L0[], Ebi: L2[L7[], L0[]], Eib: L2[☐20, ☐25], Eii: L2[☐30, ☐35], put: L2[V0, V1] -> V0 -> V1 -> L2[_8_, _9_], tr: L7[]
[15:24:36.089321]	Trying ff on 0: L0[], 1: L0[], Ebi: L2[L7[], L0[]], Eib: L2[☐20, ☐25], Eii: L2[☐30, ☐35], put: L2[V0, V2] -> V0 -> V1 -> L2[_8_, _9_], tr: L7[]
[15:24:36.089717]	Trying ff on 0: L0[], 1: L0[], Ebi: L2[L7[], L0[]], Eib: L2[☐20, ☐25], Eii: L2[☐30, ☐35], put: L2[V2, L0[]] -> V0 -> V1 -> L2[_8_, _9_], tr: L7[]
[15:24:36.089989]	Trying ff on 0: L0[], 1: L0[], Ebi: L2[L7[], L0[]], Eib: L2[☐20, ☐25], Eii: L2[☐30, ☐35], put: L2[V2, V1] -> V0 -> V1 -> L2[_8_, _9_], tr: L7[]
[15:24:36.090233]	Trying ff on 0: L0[], 1: L0[], Ebi: L2[L7[], L0[]], Eib: L2[☐20, ☐25], Eii: L2[☐30, ☐35], put: L2[V2, V3] -> V0 -> V1 -> L2[_8_, _9_], tr: L7[]
[15:24:36.090504]	Trying ff on 0: L0[], 1: L0[], Ebi: L2[L7[], L0[]], Eib: L2[☐20, ☐25], Eii: L2[☐30, L0[]], put: L2[L7[], _7_] -> V0 -> V1 -> L2[_8_, _9_], tr: L7[]
[15:24:36.090745]	Trying ff on 0: L0[], 1: L0[], Ebi: L2[L7[], L0[]], Eib: L2[☐20, ☐25], Eii: L2[☐30, L0[]], put: L2[V0, _7_] -> V0 -> V1 -> L2[_8_, _9_], tr: L7[]
[15:24:36.091015]	Trying ff on 0: L0[], 1: L0[], Ebi: L2[L7[], L0[]], Eib: L2[☐20, ☐25], Eii: L2[☐30, L0[]], put: L2[V2, _7_] -> V0 -> V1 -> L2[_8_, _9_], tr: L7[]
[15:24:36.091305]	Trying ff on 0: L0[], 1: L0[], Ebi: L2[L7[], L0[]], Eib: L2[☐20, ☐25], Eii: L2[☐30, L7[]], put: L2[L7[], _7_] -> V0 -> V1 -> L2[_8_, _9_], tr: L7[]
[15:24:36.091490]	Trying ff on 0: L0[], 1: L0[], Ebi: L2[L7[], L0[]], Eib: L2[☐20, ☐25], Eii: L2[☐30, L7[]], put: L2[V0, _7_] -> V0 -> V1 -> L2[_8_, _9_], tr: L7[]
[15:24:36.091755]	Trying ff on 0: L0[], 1: L0[], Ebi: L2[L7[], L0[]], Eib: L2[☐20, ☐25], Eii: L2[☐30, L7[]], put: L2[V2, _7_] -> V0 -> V1 -> L2[_8_, _9_], tr: L7[]
[15:24:36.092139]	Trying ff on 0: L0[], 1: L0[], Ebi: L2[L7[], L0[]], Eib: L2[☐20, ☐25], Eii: L2[L0[], ☐35], put: L2[V0, _7_] -> V0 -> V1 -> L2[_8_, _9_], tr: L7[]
[15:24:36.092401]	Trying ff on 0: L0[], 1: L0[], Ebi: L2[L7[], L0[]], Eib: L2[☐20, ☐25], Eii: L2[L0[], ☐35], put: L2[V2, _7_] -> V0 -> V1 -> L2[_8_, _9_], tr: L7[]
[15:24:36.092577]	Trying ff on 0: L0[], 1: L0[], Ebi: L2[L7[], L0[]], Eib: L2[☐20, ☐25], Eii: L2[L0[], L0[]], put: L2[_6_, _7_] -> V0 -> V1 -> L2[_8_, _9_], tr: L7[]
[15:24:36.092743]	Trying ff on 0: L0[], 1: L0[], Ebi: L2[L7[], L0[]], Eib: L2[☐20, ☐25], Eii: L2[L0[], L7[]], put: L2[_6_, _7_] -> V0 -> V1 -> L2[_8_, _9_], tr: L7[]
[15:24:36.093136]	Trying ff on 0: L0[], 1: L0[], Ebi: L2[L7[], L0[]], Eib: L2[☐20, ☐25], Eii: L2[L7[], ☐35], put: L2[L7[], _7_] -> V0 -> V1 -> L2[_8_, _9_], tr: L7[]
[15:24:36.093464]	Trying ff on 0: L0[], 1: L0[], Ebi: L2[L7[], L0[]], Eib: L2[☐20, ☐25], Eii: L2[L7[], ☐35], put: L2[V2, _7_] -> V0 -> V1 -> L2[_8_, _9_], tr: L7[]
[15:24:36.093634]	Trying ff on 0: L0[], 1: L0[], Ebi: L2[L7[], L0[]], Eib: L2[☐20, ☐25], Eii: L2[L7[], L0[]], put: L2[_6_, _7_] -> V0 -> V1 -> L2[_8_, _9_], tr: L7[]
[15:24:36.093837]	Trying ff on 0: L0[], 1: L0[], Ebi: L2[L7[], L0[]], Eib: L2[☐20, ☐25], Eii: L2[L7[], L7[]], put: L2[_6_, _7_] -> V0 -> V1 -> L2[_8_, _9_], tr: L7[]
[15:24:36.094371]	Trying ff on 0: L0[], 1: L0[], Ebi: L2[L7[], L0[]], Eib: L2[☐20, L0[]], Eii: L2[☐30, ☐35], put: L2[L7[], _7_] -> V0 -> V1 -> L2[_8_, _9_], tr: L7[]
[15:24:36.094604]	Trying ff on 0: L0[], 1: L0[], Ebi: L2[L7[], L0[]], Eib: L2[☐20, L0[]], Eii: L2[☐30, ☐35], put: L2[V0, _7_] -> V0 -> V1 -> L2[_8_, _9_], tr: L7[]
[15:24:36.094884]	Trying ff on 0: L0[], 1: L0[], Ebi: L2[L7[], L0[]], Eib: L2[☐20, L0[]], Eii: L2[☐30, ☐35], put: L2[V2, _7_] -> V0 -> V1 -> L2[_8_, _9_], tr: L7[]
[15:24:36.095064]	Trying ff on 0: L0[], 1: L0[], Ebi: L2[L7[], L0[]], Eib: L2[☐20, L0[]], Eii: L2[☐30, L0[]], put: L2[_6_, _7_] -> V0 -> V1 -> L2[_8_, _9_], tr: L7[]
[15:24:36.095250]	Trying ff on 0: L0[], 1: L0[], Ebi: L2[L7[], L0[]], Eib: L2[☐20, L0[]], Eii: L2[☐30, L7[]], put: L2[_6_, _7_] -> V0 -> V1 -> L2[_8_, _9_], tr: L7[]
[15:24:36.095420]	Trying ff on 0: L0[], 1: L0[], Ebi: L2[L7[], L0[]], Eib: L2[☐20, L0[]], Eii: L2[L0[], _5_], put: L2[_6_, _7_] -> V0 -> V1 -> L2[_8_, _9_], tr: L7[]
[15:24:36.095591]	Trying ff on 0: L0[], 1: L0[], Ebi: L2[L7[], L0[]], Eib: L2[☐20, L0[]], Eii: L2[L7[], _5_], put: L2[_6_, _7_] -> V0 -> V1 -> L2[_8_, _9_], tr: L7[]
[15:24:36.096136]	Trying ff on 0: L0[], 1: L0[], Ebi: L2[L7[], L0[]], Eib: L2[☐20, L7[]], Eii: L2[☐30, ☐35], put: L2[L7[], _7_] -> V0 -> V1 -> L2[_8_, _9_], tr: L7[]
[15:24:36.096342]	Trying ff on 0: L0[], 1: L0[], Ebi: L2[L7[], L0[]], Eib: L2[☐20, L7[]], Eii: L2[☐30, ☐35], put: L2[V0, _7_] -> V0 -> V1 -> L2[_8_, _9_], tr: L7[]
[15:24:36.096593]	Trying ff on 0: L0[], 1: L0[], Ebi: L2[L7[], L0[]], Eib: L2[☐20, L7[]], Eii: L2[☐30, ☐35], put: L2[V2, _7_] -> V0 -> V1 -> L2[_8_, _9_], tr: L7[]
[15:24:36.096768]	Trying ff on 0: L0[], 1: L0[], Ebi: L2[L7[], L0[]], Eib: L2[☐20, L7[]], Eii: L2[☐30, L0[]], put: L2[_6_, _7_] -> V0 -> V1 -> L2[_8_, _9_], tr: L7[]
[15:24:36.096939]	Trying ff on 0: L0[], 1: L0[], Ebi: L2[L7[], L0[]], Eib: L2[☐20, L7[]], Eii: L2[☐30, L7[]], put: L2[_6_, _7_] -> V0 -> V1 -> L2[_8_, _9_], tr: L7[]
[15:24:36.097102]	Trying ff on 0: L0[], 1: L0[], Ebi: L2[L7[], L0[]], Eib: L2[☐20, L7[]], Eii: L2[L0[], _5_], put: L2[_6_, _7_] -> V0 -> V1 -> L2[_8_, _9_], tr: L7[]
[15:24:36.097253]	Trying ff on 0: L0[], 1: L0[], Ebi: L2[L7[], L0[]], Eib: L2[☐20, L7[]], Eii: L2[L7[], _5_], put: L2[_6_, _7_] -> V0 -> V1 -> L2[_8_, _9_], tr: L7[]
[15:24:36.097895]	Trying ff on 0: L0[], 1: L0[], Ebi: L2[L7[], L0[]], Eib: L2[L0[], ☐25], Eii: L2[☐30, ☐35], put: L2[V0, _7_] -> V0 -> V1 -> L2[_8_, _9_], tr: L7[]
[15:24:36.098185]	Trying ff on 0: L0[], 1: L0[], Ebi: L2[L7[], L0[]], Eib: L2[L0[], ☐25], Eii: L2[☐30, ☐35], put: L2[V2, _7_] -> V0 -> V1 -> L2[_8_, _9_], tr: L7[]
[15:24:36.098351]	Trying ff on 0: L0[], 1: L0[], Ebi: L2[L7[], L0[]], Eib: L2[L0[], ☐25], Eii: L2[☐30, L0[]], put: L2[_6_, _7_] -> V0 -> V1 -> L2[_8_, _9_], tr: L7[]
[15:24:36.098551]	Trying ff on 0: L0[], 1: L0[], Ebi: L2[L7[], L0[]], Eib: L2[L0[], ☐25], Eii: L2[☐30, L7[]], put: L2[_6_, _7_] -> V0 -> V1 -> L2[_8_, _9_], tr: L7[]
[15:24:36.098741]	Trying ff on 0: L0[], 1: L0[], Ebi: L2[L7[], L0[]], Eib: L2[L0[], ☐25], Eii: L2[L0[], _5_], put: L2[_6_, _7_] -> V0 -> V1 -> L2[_8_, _9_], tr: L7[]
[15:24:36.098922]	Trying ff on 0: L0[], 1: L0[], Ebi: L2[L7[], L0[]], Eib: L2[L0[], ☐25], Eii: L2[L7[], _5_], put: L2[_6_, _7_] -> V0 -> V1 -> L2[_8_, _9_], tr: L7[]
[15:24:36.099106]	Trying ff on 0: L0[], 1: L0[], Ebi: L2[L7[], L0[]], Eib: L2[L0[], L0[]], Eii: L2[_4_, _5_], put: L2[_6_, _7_] -> V0 -> V1 -> L2[_8_, _9_], tr: L7[]
[15:24:36.099284]	Trying ff on 0: L0[], 1: L0[], Ebi: L2[L7[], L0[]], Eib: L2[L0[], L7[]], Eii: L2[_4_, _5_], put: L2[_6_, _7_] -> V0 -> V1 -> L2[_8_, _9_], tr: L7[]
[15:24:36.099965]	Trying ff on 0: L0[], 1: L0[], Ebi: L2[L7[], L0[]], Eib: L2[L7[], ☐25], Eii: L2[☐30, ☐35], put: L2[L7[], _7_] -> V0 -> V1 -> L2[_8_, _9_], tr: L7[]
[15:24:36.100289]	Trying ff on 0: L0[], 1: L0[], Ebi: L2[L7[], L0[]], Eib: L2[L7[], ☐25], Eii: L2[☐30, ☐35], put: L2[V2, _7_] -> V0 -> V1 -> L2[_8_, _9_], tr: L7[]
[15:24:36.100472]	Trying ff on 0: L0[], 1: L0[], Ebi: L2[L7[], L0[]], Eib: L2[L7[], ☐25], Eii: L2[☐30, L0[]], put: L2[_6_, _7_] -> V0 -> V1 -> L2[_8_, _9_], tr: L7[]
[15:24:36.100675]	Trying ff on 0: L0[], 1: L0[], Ebi: L2[L7[], L0[]], Eib: L2[L7[], ☐25], Eii: L2[☐30, L7[]], put: L2[_6_, _7_] -> V0 -> V1 -> L2[_8_, _9_], tr: L7[]
[15:24:36.100850]	Trying ff on 0: L0[], 1: L0[], Ebi: L2[L7[], L0[]], Eib: L2[L7[], ☐25], Eii: L2[L0[], _5_], put: L2[_6_, _7_] -> V0 -> V1 -> L2[_8_, _9_], tr: L7[]
[15:24:36.101021]	Trying ff on 0: L0[], 1: L0[], Ebi: L2[L7[], L0[]], Eib: L2[L7[], ☐25], Eii: L2[L7[], _5_], put: L2[_6_, _7_] -> V0 -> V1 -> L2[_8_, _9_], tr: L7[]
[15:24:36.101212]	Trying ff on 0: L0[], 1: L0[], Ebi: L2[L7[], L0[]], Eib: L2[L7[], L0[]], Eii: L2[_4_, _5_], put: L2[_6_, _7_] -> V0 -> V1 -> L2[_8_, _9_], tr: L7[]
[15:24:36.101402]	Trying ff on 0: L0[], 1: L0[], Ebi: L2[L7[], L0[]], Eib: L2[L7[], L7[]], Eii: L2[_4_, _5_], put: L2[_6_, _7_] -> V0 -> V1 -> L2[_8_, _9_], tr: L7[]
[15:24:36.102227]	Trying ff on 0: L0[], 1: L0[], Ebi: L2[L7[], L7[]], Eib: L2[☐20, ☐25], Eii: L2[☐30, ☐35], put: L2[L7[], L7[]] -> V0 -> V1 -> L2[_8_, _9_], tr: L7[]
[15:24:36.102659]	Trying ff on 0: L0[], 1: L0[], Ebi: L2[L7[], L7[]], Eib: L2[☐20, ☐25], Eii: L2[☐30, ☐35], put: L2[L7[], V0] -> V0 -> V1 -> L2[_8_, _9_], tr: L7[]
[15:24:36.103151]	Trying ff on 0: L0[], 1: L0[], Ebi: L2[L7[], L7[]], Eib: L2[☐20, ☐25], Eii: L2[☐30, ☐35], put: L2[L7[], V2] -> V0 -> V1 -> L2[_8_, _9_], tr: L7[]
[15:24:36.103551]	Trying ff on 0: L0[], 1: L0[], Ebi: L2[L7[], L7[]], Eib: L2[☐20, ☐25], Eii: L2[☐30, ☐35], put: L2[V0, L7[]] -> V0 -> V1 -> L2[_8_, _9_], tr: L7[]
[15:24:36.103985]	Trying ff on 0: L0[], 1: L0[], Ebi: L2[L7[], L7[]], Eib: L2[☐20, ☐25], Eii: L2[☐30, ☐35], put: L2[V0, V0] -> V0 -> V1 -> L2[_8_, _9_], tr: L7[]
[15:24:36.104264]	Trying ff on 0: L0[], 1: L0[], Ebi: L2[L7[], L7[]], Eib: L2[☐20, ☐25], Eii: L2[☐30, ☐35], put: L2[V0, V2] -> V0 -> V1 -> L2[_8_, _9_], tr: L7[]
[15:24:36.104652]	Trying ff on 0: L0[], 1: L0[], Ebi: L2[L7[], L7[]], Eib: L2[☐20, ☐25], Eii: L2[☐30, ☐35], put: L2[V2, L7[]] -> V0 -> V1 -> L2[_8_, _9_], tr: L7[]
[15:24:36.104901]	Trying ff on 0: L0[], 1: L0[], Ebi: L2[L7[], L7[]], Eib: L2[☐20, ☐25], Eii: L2[☐30, ☐35], put: L2[V2, V0] -> V0 -> V1 -> L2[_8_, _9_], tr: L7[]
[15:24:36.105167]	Trying ff on 0: L0[], 1: L0[], Ebi: L2[L7[], L7[]], Eib: L2[☐20, ☐25], Eii: L2[☐30, ☐35], put: L2[V2, V2] -> V0 -> V1 -> L2[_8_, _9_], tr: L7[]
[15:24:36.105402]	Trying ff on 0: L0[], 1: L0[], Ebi: L2[L7[], L7[]], Eib: L2[☐20, ☐25], Eii: L2[☐30, ☐35], put: L2[V2, V3] -> V0 -> V1 -> L2[_8_, _9_], tr: L7[]
[15:24:36.105681]	Trying ff on 0: L0[], 1: L0[], Ebi: L2[L7[], L7[]], Eib: L2[☐20, ☐25], Eii: L2[☐30, L0[]], put: L2[L7[], _7_] -> V0 -> V1 -> L2[_8_, _9_], tr: L7[]
[15:24:36.105898]	Trying ff on 0: L0[], 1: L0[], Ebi: L2[L7[], L7[]], Eib: L2[☐20, ☐25], Eii: L2[☐30, L0[]], put: L2[V0, _7_] -> V0 -> V1 -> L2[_8_, _9_], tr: L7[]
[15:24:36.106157]	Trying ff on 0: L0[], 1: L0[], Ebi: L2[L7[], L7[]], Eib: L2[☐20, ☐25], Eii: L2[☐30, L0[]], put: L2[V2, _7_] -> V0 -> V1 -> L2[_8_, _9_], tr: L7[]
[15:24:36.106460]	Trying ff on 0: L0[], 1: L0[], Ebi: L2[L7[], L7[]], Eib: L2[☐20, ☐25], Eii: L2[☐30, L7[]], put: L2[L7[], _7_] -> V0 -> V1 -> L2[_8_, _9_], tr: L7[]
[15:24:36.106711]	Trying ff on 0: L0[], 1: L0[], Ebi: L2[L7[], L7[]], Eib: L2[☐20, ☐25], Eii: L2[☐30, L7[]], put: L2[V0, _7_] -> V0 -> V1 -> L2[_8_, _9_], tr: L7[]
[15:24:36.106974]	Trying ff on 0: L0[], 1: L0[], Ebi: L2[L7[], L7[]], Eib: L2[☐20, ☐25], Eii: L2[☐30, L7[]], put: L2[V2, _7_] -> V0 -> V1 -> L2[_8_, _9_], tr: L7[]
[15:24:36.107391]	Trying ff on 0: L0[], 1: L0[], Ebi: L2[L7[], L7[]], Eib: L2[☐20, ☐25], Eii: L2[L0[], ☐35], put: L2[V0, _7_] -> V0 -> V1 -> L2[_8_, _9_], tr: L7[]
[15:24:36.107665]	Trying ff on 0: L0[], 1: L0[], Ebi: L2[L7[], L7[]], Eib: L2[☐20, ☐25], Eii: L2[L0[], ☐35], put: L2[V2, _7_] -> V0 -> V1 -> L2[_8_, _9_], tr: L7[]
[15:24:36.107845]	Trying ff on 0: L0[], 1: L0[], Ebi: L2[L7[], L7[]], Eib: L2[☐20, ☐25], Eii: L2[L0[], L0[]], put: L2[_6_, _7_] -> V0 -> V1 -> L2[_8_, _9_], tr: L7[]
[15:24:36.108002]	Trying ff on 0: L0[], 1: L0[], Ebi: L2[L7[], L7[]], Eib: L2[☐20, ☐25], Eii: L2[L0[], L7[]], put: L2[_6_, _7_] -> V0 -> V1 -> L2[_8_, _9_], tr: L7[]
[15:24:36.108432]	Trying ff on 0: L0[], 1: L0[], Ebi: L2[L7[], L7[]], Eib: L2[☐20, ☐25], Eii: L2[L7[], ☐35], put: L2[L7[], _7_] -> V0 -> V1 -> L2[_8_, _9_], tr: L7[]
[15:24:36.108768]	Trying ff on 0: L0[], 1: L0[], Ebi: L2[L7[], L7[]], Eib: L2[☐20, ☐25], Eii: L2[L7[], ☐35], put: L2[V2, _7_] -> V0 -> V1 -> L2[_8_, _9_], tr: L7[]
[15:24:36.108940]	Trying ff on 0: L0[], 1: L0[], Ebi: L2[L7[], L7[]], Eib: L2[☐20, ☐25], Eii: L2[L7[], L0[]], put: L2[_6_, _7_] -> V0 -> V1 -> L2[_8_, _9_], tr: L7[]
[15:24:36.109112]	Trying ff on 0: L0[], 1: L0[], Ebi: L2[L7[], L7[]], Eib: L2[☐20, ☐25], Eii: L2[L7[], L7[]], put: L2[_6_, _7_] -> V0 -> V1 -> L2[_8_, _9_], tr: L7[]
[15:24:36.109644]	Trying ff on 0: L0[], 1: L0[], Ebi: L2[L7[], L7[]], Eib: L2[☐20, L0[]], Eii: L2[☐30, ☐35], put: L2[L7[], _7_] -> V0 -> V1 -> L2[_8_, _9_], tr: L7[]
[15:24:36.109863]	Trying ff on 0: L0[], 1: L0[], Ebi: L2[L7[], L7[]], Eib: L2[☐20, L0[]], Eii: L2[☐30, ☐35], put: L2[V0, _7_] -> V0 -> V1 -> L2[_8_, _9_], tr: L7[]
[15:24:36.110125]	Trying ff on 0: L0[], 1: L0[], Ebi: L2[L7[], L7[]], Eib: L2[☐20, L0[]], Eii: L2[☐30, ☐35], put: L2[V2, _7_] -> V0 -> V1 -> L2[_8_, _9_], tr: L7[]
[15:24:36.110297]	Trying ff on 0: L0[], 1: L0[], Ebi: L2[L7[], L7[]], Eib: L2[☐20, L0[]], Eii: L2[☐30, L0[]], put: L2[_6_, _7_] -> V0 -> V1 -> L2[_8_, _9_], tr: L7[]
[15:24:36.110475]	Trying ff on 0: L0[], 1: L0[], Ebi: L2[L7[], L7[]], Eib: L2[☐20, L0[]], Eii: L2[☐30, L7[]], put: L2[_6_, _7_] -> V0 -> V1 -> L2[_8_, _9_], tr: L7[]
[15:24:36.110652]	Trying ff on 0: L0[], 1: L0[], Ebi: L2[L7[], L7[]], Eib: L2[☐20, L0[]], Eii: L2[L0[], _5_], put: L2[_6_, _7_] -> V0 -> V1 -> L2[_8_, _9_], tr: L7[]
[15:24:36.110823]	Trying ff on 0: L0[], 1: L0[], Ebi: L2[L7[], L7[]], Eib: L2[☐20, L0[]], Eii: L2[L7[], _5_], put: L2[_6_, _7_] -> V0 -> V1 -> L2[_8_, _9_], tr: L7[]
[15:24:36.111352]	Trying ff on 0: L0[], 1: L0[], Ebi: L2[L7[], L7[]], Eib: L2[☐20, L7[]], Eii: L2[☐30, ☐35], put: L2[L7[], _7_] -> V0 -> V1 -> L2[_8_, _9_], tr: L7[]
[15:24:36.111597]	Trying ff on 0: L0[], 1: L0[], Ebi: L2[L7[], L7[]], Eib: L2[☐20, L7[]], Eii: L2[☐30, ☐35], put: L2[V0, _7_] -> V0 -> V1 -> L2[_8_, _9_], tr: L7[]
[15:24:36.111963]	Trying ff on 0: L0[], 1: L0[], Ebi: L2[L7[], L7[]], Eib: L2[☐20, L7[]], Eii: L2[☐30, ☐35], put: L2[V2, _7_] -> V0 -> V1 -> L2[_8_, _9_], tr: L7[]
[15:24:36.112171]	Trying ff on 0: L0[], 1: L0[], Ebi: L2[L7[], L7[]], Eib: L2[☐20, L7[]], Eii: L2[☐30, L0[]], put: L2[_6_, _7_] -> V0 -> V1 -> L2[_8_, _9_], tr: L7[]
[15:24:36.112363]	Trying ff on 0: L0[], 1: L0[], Ebi: L2[L7[], L7[]], Eib: L2[☐20, L7[]], Eii: L2[☐30, L7[]], put: L2[_6_, _7_] -> V0 -> V1 -> L2[_8_, _9_], tr: L7[]
[15:24:36.112576]	Trying ff on 0: L0[], 1: L0[], Ebi: L2[L7[], L7[]], Eib: L2[☐20, L7[]], Eii: L2[L0[], _5_], put: L2[_6_, _7_] -> V0 -> V1 -> L2[_8_, _9_], tr: L7[]
[15:24:36.112776]	Trying ff on 0: L0[], 1: L0[], Ebi: L2[L7[], L7[]], Eib: L2[☐20, L7[]], Eii: L2[L7[], _5_], put: L2[_6_, _7_] -> V0 -> V1 -> L2[_8_, _9_], tr: L7[]
[15:24:36.113429]	Trying ff on 0: L0[], 1: L0[], Ebi: L2[L7[], L7[]], Eib: L2[L0[], ☐25], Eii: L2[☐30, ☐35], put: L2[V0, _7_] -> V0 -> V1 -> L2[_8_, _9_], tr: L7[]
[15:24:36.113737]	Trying ff on 0: L0[], 1: L0[], Ebi: L2[L7[], L7[]], Eib: L2[L0[], ☐25], Eii: L2[☐30, ☐35], put: L2[V2, _7_] -> V0 -> V1 -> L2[_8_, _9_], tr: L7[]
[15:24:36.113937]	Trying ff on 0: L0[], 1: L0[], Ebi: L2[L7[], L7[]], Eib: L2[L0[], ☐25], Eii: L2[☐30, L0[]], put: L2[_6_, _7_] -> V0 -> V1 -> L2[_8_, _9_], tr: L7[]
[15:24:36.114105]	Trying ff on 0: L0[], 1: L0[], Ebi: L2[L7[], L7[]], Eib: L2[L0[], ☐25], Eii: L2[☐30, L7[]], put: L2[_6_, _7_] -> V0 -> V1 -> L2[_8_, _9_], tr: L7[]
[15:24:36.114299]	Trying ff on 0: L0[], 1: L0[], Ebi: L2[L7[], L7[]], Eib: L2[L0[], ☐25], Eii: L2[L0[], _5_], put: L2[_6_, _7_] -> V0 -> V1 -> L2[_8_, _9_], tr: L7[]
[15:24:36.114479]	Trying ff on 0: L0[], 1: L0[], Ebi: L2[L7[], L7[]], Eib: L2[L0[], ☐25], Eii: L2[L7[], _5_], put: L2[_6_, _7_] -> V0 -> V1 -> L2[_8_, _9_], tr: L7[]
[15:24:36.114673]	Trying ff on 0: L0[], 1: L0[], Ebi: L2[L7[], L7[]], Eib: L2[L0[], L0[]], Eii: L2[_4_, _5_], put: L2[_6_, _7_] -> V0 -> V1 -> L2[_8_, _9_], tr: L7[]
[15:24:36.114853]	Trying ff on 0: L0[], 1: L0[], Ebi: L2[L7[], L7[]], Eib: L2[L0[], L7[]], Eii: L2[_4_, _5_], put: L2[_6_, _7_] -> V0 -> V1 -> L2[_8_, _9_], tr: L7[]
[15:24:36.115505]	Trying ff on 0: L0[], 1: L0[], Ebi: L2[L7[], L7[]], Eib: L2[L7[], ☐25], Eii: L2[☐30, ☐35], put: L2[L7[], _7_] -> V0 -> V1 -> L2[_8_, _9_], tr: L7[]
[15:24:36.115853]	Trying ff on 0: L0[], 1: L0[], Ebi: L2[L7[], L7[]], Eib: L2[L7[], ☐25], Eii: L2[☐30, ☐35], put: L2[V2, _7_] -> V0 -> V1 -> L2[_8_, _9_], tr: L7[]
[15:24:36.116039]	Trying ff on 0: L0[], 1: L0[], Ebi: L2[L7[], L7[]], Eib: L2[L7[], ☐25], Eii: L2[☐30, L0[]], put: L2[_6_, _7_] -> V0 -> V1 -> L2[_8_, _9_], tr: L7[]
[15:24:36.116212]	Trying ff on 0: L0[], 1: L0[], Ebi: L2[L7[], L7[]], Eib: L2[L7[], ☐25], Eii: L2[☐30, L7[]], put: L2[_6_, _7_] -> V0 -> V1 -> L2[_8_, _9_], tr: L7[]
[15:24:36.116406]	Trying ff on 0: L0[], 1: L0[], Ebi: L2[L7[], L7[]], Eib: L2[L7[], ☐25], Eii: L2[L0[], _5_], put: L2[_6_, _7_] -> V0 -> V1 -> L2[_8_, _9_], tr: L7[]
[15:24:36.116581]	Trying ff on 0: L0[], 1: L0[], Ebi: L2[L7[], L7[]], Eib: L2[L7[], ☐25], Eii: L2[L7[], _5_], put: L2[_6_, _7_] -> V0 -> V1 -> L2[_8_, _9_], tr: L7[]
[15:24:36.116845]	Trying ff on 0: L0[], 1: L0[], Ebi: L2[L7[], L7[]], Eib: L2[L7[], L0[]], Eii: L2[_4_, _5_], put: L2[_6_, _7_] -> V0 -> V1 -> L2[_8_, _9_], tr: L7[]
[15:24:36.117017]	Trying ff on 0: L0[], 1: L0[], Ebi: L2[L7[], L7[]], Eib: L2[L7[], L7[]], Eii: L2[_4_, _5_], put: L2[_6_, _7_] -> V0 -> V1 -> L2[_8_, _9_], tr: L7[]
[15:24:36.117165]	END Size 4 : 1578 ms
[15:24:36.117220]	STOPPED AT SIZE 4
[15:24:36.117250]	END Depth 2 : 1579 ms
[15:24:36.117274]	STOPPED AT DEPTH 2
[15:24:36.117300]	END Concrete search : 1579 ms
[15:24:36.117867]	Counts:
CHECKING A CANDIDATE UNDER 0: L, 1: L, Ebi: L, Eib: L, Eii: L, put: _1_ -> _2_, tr: L=48
CHECKING A CANDIDATE UNDER 0: L, 1: L, Ebi: L, Eib: L, Eii: L, put: V_7_ -> V_8_ -> V_9_ -> V_10_, tr: L=23
CHECKING A CANDIDATE UNDER 0: L, 1: L, Ebi: L, Eib: L, Eii: L, put: V_11_ -> V_12_ -> V_13_ -> L, tr: L=8
CHECKING A CANDIDATE UNDER 0: L, 1: L, Ebi: L, Eib: L, Eii: L, put: V_14_ -> V_15_ -> L -> V_16_, tr: L=8
CHECKING A CANDIDATE UNDER 0: L, 1: L, Ebi: L, Eib: L, Eii: L, put: V_17_ -> V_18_ -> L -> L, tr: L=3
CHECKING A CANDIDATE UNDER 0: L, 1: L, Ebi: L, Eib: L, Eii: L, put: V_19_ -> L -> V_20_ -> V_21_, tr: L=8
CHECKING A CANDIDATE UNDER 0: L, 1: L, Ebi: L, Eib: L, Eii: L, put: V_22_ -> L -> V_23_ -> L, tr: L=3
CHECKING A CANDIDATE UNDER 0: L, 1: L, Ebi: L, Eib: L, Eii: L, put: V_24_ -> L -> L -> V_25_, tr: L=3
CHECKING A CANDIDATE UNDER 0: L, 1: L, Ebi: L, Eib: L, Eii: L, put: V_26_ -> L -> L -> L, tr: L=1
CHECKING A CANDIDATE UNDER 0: L, 1: L, Ebi: L, Eib: L, Eii: L, put: L -> V_27_ -> V_28_ -> V_29_, tr: L=8
CHECKING A CANDIDATE UNDER 0: L, 1: L, Ebi: L, Eib: L, Eii: L, put: L -> V_30_ -> V_31_ -> L, tr: L=3
CHECKING A CANDIDATE UNDER 0: L, 1: L, Ebi: L, Eib: L, Eii: L, put: L -> V_32_ -> L -> V_33_, tr: L=3
CHECKING A CANDIDATE UNDER 0: L, 1: L, Ebi: L, Eib: L, Eii: L, put: L -> V_34_ -> L -> L, tr: L=1
CHECKING A CANDIDATE UNDER 0: L, 1: L, Ebi: L, Eib: L, Eii: L, put: L -> L -> V_35_ -> V_36_, tr: L=3
CHECKING A CANDIDATE UNDER 0: L, 1: L, Ebi: L, Eib: L, Eii: L, put: L -> L -> V_37_ -> L, tr: L=1
CHECKING A CANDIDATE UNDER 0: L, 1: L, Ebi: L, Eib: L, Eii: L, put: L -> L -> L -> V_38_, tr: L=1
CHECKING A CANDIDATE UNDER 0: L0[], 1: L0[], Ebi: L2[_0_, _1_], Eib: L2[_2_, _3_], Eii: L2[_4_, _5_], put: L2[_6_, _7_] -> V0 -> V1 -> L2[_8_, _9_], tr: L7[]=6137
[15:24:36.117938]	Total time: 5069 ms
