dictchain
Size bound: 20
Depth bound: 4
Names per round: 10
Searching for 1 solutions
=====

[20:26:28.303]	BEG Initial outlines
[20:26:28.629]	END Initial outlines : 341 ms
[20:26:28.629]	Counts:
Total candidates=1342
[20:26:28.629]	Elapsed time: 436 ms
[20:26:28.802]	Seeds before label arities: 611
{b=L0[], chain=V0 -> V0 -> V0, dbb=L0[], dbi=L0[], dib=L0[], dii=L0[], i=L0[], put=V0 -> V0 -> V0 -> V0}
{b=L0[], chain=V0 -> V0 -> V0, dbb=L0[], dbi=L0[], dib=L0[], dii=L0[], i=L0[], put=V0 -> V0 -> V0 -> L0[]}
{b=L0[], chain=V0 -> V0 -> V0, dbb=L0[], dbi=L0[], dib=L0[], dii=L0[], i=L0[], put=V0 -> V0 -> V1 -> V0}
{b=L0[], chain=V0 -> V0 -> V0, dbb=L0[], dbi=L0[], dib=L0[], dii=L0[], i=L0[], put=V0 -> V0 -> V1 -> V1}
{b=L0[], chain=V0 -> V0 -> V0, dbb=L0[], dbi=L0[], dib=L0[], dii=L0[], i=L0[], put=V0 -> V0 -> V1 -> L0[]}
{b=L0[], chain=V0 -> V0 -> V0, dbb=L0[], dbi=L0[], dib=L0[], dii=L0[], i=L0[], put=V0 -> V0 -> L0[] -> V0}
{b=L0[], chain=V0 -> V0 -> V0, dbb=L0[], dbi=L0[], dib=L0[], dii=L0[], i=L0[], put=V0 -> V0 -> L0[] -> V1}
{b=L0[], chain=V0 -> V0 -> V0, dbb=L0[], dbi=L0[], dib=L0[], dii=L0[], i=L0[], put=V0 -> V0 -> L0[] -> L0[]}
{b=L0[], chain=V0 -> V0 -> V0, dbb=L0[], dbi=L0[], dib=L0[], dii=L0[], i=L0[], put=V0 -> V1 -> V0 -> V0}
{b=L0[], chain=V0 -> V0 -> V0, dbb=L0[], dbi=L0[], dib=L0[], dii=L0[], i=L0[], put=V0 -> V1 -> V0 -> V1}
{b=L0[], chain=V0 -> V0 -> V0, dbb=L0[], dbi=L0[], dib=L0[], dii=L0[], i=L0[], put=V0 -> V1 -> V0 -> L0[]}
{b=L0[], chain=V0 -> V0 -> V0, dbb=L1[], dbi=L1[], dib=L1[], dii=L1[], i=L0[], put=V0 -> V1 -> V1 -> V0}
{b=L0[], chain=V0 -> V0 -> V0, dbb=L0[], dbi=L0[], dib=L0[], dii=L0[], i=L0[], put=V0 -> V1 -> V1 -> V1}
{b=L0[], chain=V0 -> V0 -> V0, dbb=L1[], dbi=L1[], dib=L1[], dii=L1[], i=L0[], put=V0 -> V1 -> V1 -> L1[]}
{b=L0[], chain=V0 -> V0 -> V0, dbb=L1[], dbi=L1[], dib=L1[], dii=L1[], i=L2[], put=V0 -> V1 -> V2 -> V0}
{b=L0[], chain=V0 -> V0 -> V0, dbb=L0[], dbi=L0[], dib=L0[], dii=L0[], i=L0[], put=V0 -> V1 -> V2 -> V1}
{b=L0[], chain=V0 -> V0 -> V0, dbb=L0[], dbi=L0[], dib=L0[], dii=L0[], i=L0[], put=V0 -> V1 -> V2 -> V2}
{b=L0[], chain=V0 -> V0 -> V0, dbb=L1[], dbi=L1[], dib=L1[], dii=L1[], i=L2[], put=V0 -> V1 -> V2 -> L1[]}
{b=L0[], chain=V0 -> V0 -> V0, dbb=L1[], dbi=L1[], dib=L1[], dii=L1[], i=L0[], put=V0 -> V1 -> L0[] -> V0}
{b=L0[], chain=V0 -> V0 -> V0, dbb=L0[], dbi=L0[], dib=L0[], dii=L0[], i=L0[], put=V0 -> V1 -> L0[] -> V1}
{b=L0[], chain=V0 -> V0 -> V0, dbb=L1[], dbi=L1[], dib=L1[], dii=L1[], i=L0[], put=V0 -> V1 -> L0[] -> V2}
{b=L0[], chain=V0 -> V0 -> V0, dbb=L1[], dbi=L1[], dib=L1[], dii=L1[], i=L0[], put=V0 -> V1 -> L0[] -> L1[]}
{b=L0[], chain=V0 -> V0 -> V0, dbb=L0[], dbi=L0[], dib=L0[], dii=L0[], i=L0[], put=V0 -> L0[] -> V0 -> V0}
{b=L0[], chain=V0 -> V0 -> V0, dbb=L0[], dbi=L0[], dib=L0[], dii=L0[], i=L0[], put=V0 -> L0[] -> V0 -> V1}
{b=L0[], chain=V0 -> V0 -> V0, dbb=L0[], dbi=L0[], dib=L0[], dii=L0[], i=L0[], put=V0 -> L0[] -> V0 -> L0[]}
{b=L0[], chain=V0 -> V0 -> V0, dbb=L1[], dbi=L1[], dib=L1[], dii=L1[], i=L0[], put=V0 -> L0[] -> V1 -> V0}
{b=L0[], chain=V0 -> V0 -> V0, dbb=L0[], dbi=L0[], dib=L0[], dii=L0[], i=L0[], put=V0 -> L0[] -> V1 -> V1}
{b=L0[], chain=V0 -> V0 -> V0, dbb=L1[], dbi=L1[], dib=L1[], dii=L1[], i=L0[], put=V0 -> L0[] -> V1 -> V2}
{b=L0[], chain=V0 -> V0 -> V0, dbb=L1[], dbi=L1[], dib=L1[], dii=L1[], i=L0[], put=V0 -> L0[] -> V1 -> L1[]}
{b=L0[], chain=V0 -> V0 -> V0, dbb=L1[], dbi=L1[], dib=L1[], dii=L1[], i=L0[], put=V0 -> L0[] -> L0[] -> V0}
{b=L0[], chain=V0 -> V0 -> V0, dbb=L1[], dbi=L1[], dib=L1[], dii=L1[], i=L0[], put=V0 -> L0[] -> L0[] -> V1}
{b=L0[], chain=V0 -> V0 -> V0, dbb=L1[], dbi=L1[], dib=L1[], dii=L1[], i=L0[], put=V0 -> L0[] -> L0[] -> L1[]}
{b=L0[], chain=V0 -> V0 -> V0, dbb=L0[], dbi=L0[], dib=L0[], dii=L0[], i=L0[], put=L0[] -> V0 -> V0 -> V0}
{b=L0[], chain=V0 -> V0 -> V0, dbb=L1[], dbi=L1[], dib=L1[], dii=L1[], i=L0[], put=L1[] -> V0 -> V0 -> V1}
{b=L0[], chain=V0 -> V0 -> V0, dbb=L1[], dbi=L1[], dib=L1[], dii=L1[], i=L0[], put=L1[] -> V0 -> V0 -> L1[]}
{b=L0[], chain=V0 -> V0 -> V0, dbb=L0[], dbi=L0[], dib=L0[], dii=L0[], i=L0[], put=L0[] -> V0 -> V1 -> V0}
{b=L0[], chain=V0 -> V0 -> V0, dbb=L0[], dbi=L0[], dib=L0[], dii=L0[], i=L0[], put=L0[] -> V0 -> V1 -> V1}
{b=L0[], chain=V0 -> V0 -> V0, dbb=L1[], dbi=L1[], dib=L1[], dii=L1[], i=L2[], put=L1[] -> V0 -> V1 -> V2}
{b=L0[], chain=V0 -> V0 -> V0, dbb=L1[], dbi=L1[], dib=L1[], dii=L1[], i=L2[], put=L1[] -> V0 -> V1 -> L1[]}
{b=L0[], chain=V0 -> V0 -> V0, dbb=L0[], dbi=L0[], dib=L0[], dii=L0[], i=L0[], put=L0[] -> V0 -> L0[] -> V0}
{b=L0[], chain=V0 -> V0 -> V0, dbb=L1[], dbi=L1[], dib=L1[], dii=L1[], i=L0[], put=L1[] -> V0 -> L0[] -> V1}
{b=L0[], chain=V0 -> V0 -> V0, dbb=L1[], dbi=L1[], dib=L1[], dii=L1[], i=L0[], put=L1[] -> V0 -> L0[] -> L1[]}
{b=L0[], chain=V0 -> V0 -> V0, dbb=L0[], dbi=L0[], dib=L0[], dii=L0[], i=L0[], put=L0[] -> L0[] -> V0 -> V0}
{b=L0[], chain=V0 -> V0 -> V0, dbb=L1[], dbi=L1[], dib=L1[], dii=L1[], i=L0[], put=L1[] -> L0[] -> V0 -> V1}
{b=L0[], chain=V0 -> V0 -> V0, dbb=L1[], dbi=L1[], dib=L1[], dii=L1[], i=L0[], put=L1[] -> L0[] -> V0 -> L1[]}
{b=L0[], chain=V0 -> V0 -> V0, dbb=L1[], dbi=L1[], dib=L1[], dii=L1[], i=L0[], put=L1[] -> L0[] -> L0[] -> V0}
{b=L0[], chain=V0 -> V0 -> V0, dbb=L1[], dbi=L1[], dib=L1[], dii=L1[], i=L0[], put=L1[] -> L0[] -> L0[] -> L1[]}
{b=L0[], chain=V0 -> V0 -> L0[], dbb=L0[], dbi=L0[], dib=L0[], dii=L0[], i=L0[], put=V0 -> V0 -> V0 -> V0}
{b=L0[], chain=V0 -> V0 -> L0[], dbb=L0[], dbi=L0[], dib=L0[], dii=L0[], i=L0[], put=V0 -> V0 -> V0 -> L0[]}
{b=L0[], chain=V0 -> V0 -> L0[], dbb=L0[], dbi=L0[], dib=L0[], dii=L0[], i=L0[], put=V0 -> V0 -> V1 -> V0}
{b=L0[], chain=V0 -> V0 -> L0[], dbb=L0[], dbi=L0[], dib=L0[], dii=L0[], i=L0[], put=V0 -> V0 -> V1 -> V1}
{b=L0[], chain=V0 -> V0 -> L0[], dbb=L0[], dbi=L0[], dib=L0[], dii=L0[], i=L0[], put=V0 -> V0 -> V1 -> L0[]}
{b=L0[], chain=V0 -> V0 -> L0[], dbb=L0[], dbi=L0[], dib=L0[], dii=L0[], i=L0[], put=V0 -> V0 -> L0[] -> V0}
{b=L0[], chain=V0 -> V0 -> L0[], dbb=L0[], dbi=L0[], dib=L0[], dii=L0[], i=L0[], put=V0 -> V0 -> L0[] -> V1}
{b=L0[], chain=V0 -> V0 -> L0[], dbb=L0[], dbi=L0[], dib=L0[], dii=L0[], i=L0[], put=V0 -> V0 -> L0[] -> L0[]}
{b=L0[], chain=V0 -> V0 -> L0[], dbb=L0[], dbi=L0[], dib=L0[], dii=L0[], i=L0[], put=V0 -> V1 -> V0 -> V0}
{b=L0[], chain=V0 -> V0 -> L0[], dbb=L0[], dbi=L0[], dib=L0[], dii=L0[], i=L0[], put=V0 -> V1 -> V0 -> V1}
{b=L0[], chain=V0 -> V0 -> L0[], dbb=L0[], dbi=L0[], dib=L0[], dii=L0[], i=L0[], put=V0 -> V1 -> V0 -> L0[]}
{b=L0[], chain=V0 -> V0 -> L1[], dbb=L1[], dbi=L1[], dib=L1[], dii=L1[], i=L0[], put=V0 -> V1 -> V1 -> V0}
{b=L0[], chain=V0 -> V0 -> L0[], dbb=L0[], dbi=L0[], dib=L0[], dii=L0[], i=L0[], put=V0 -> V1 -> V1 -> V1}
{b=L0[], chain=V0 -> V0 -> L1[], dbb=L1[], dbi=L1[], dib=L1[], dii=L1[], i=L0[], put=V0 -> V1 -> V1 -> L1[]}
{b=L0[], chain=V0 -> V0 -> L1[], dbb=L1[], dbi=L1[], dib=L1[], dii=L1[], i=L2[], put=V0 -> V1 -> V2 -> V0}
{b=L0[], chain=V0 -> V0 -> L0[], dbb=L0[], dbi=L0[], dib=L0[], dii=L0[], i=L0[], put=V0 -> V1 -> V2 -> V1}
{b=L0[], chain=V0 -> V0 -> L0[], dbb=L0[], dbi=L0[], dib=L0[], dii=L0[], i=L0[], put=V0 -> V1 -> V2 -> V2}
{b=L0[], chain=V0 -> V0 -> L1[], dbb=L1[], dbi=L1[], dib=L1[], dii=L1[], i=L2[], put=V0 -> V1 -> V2 -> L1[]}
{b=L0[], chain=V0 -> V0 -> L1[], dbb=L1[], dbi=L1[], dib=L1[], dii=L1[], i=L0[], put=V0 -> V1 -> L0[] -> V0}
{b=L0[], chain=V0 -> V0 -> L0[], dbb=L0[], dbi=L0[], dib=L0[], dii=L0[], i=L0[], put=V0 -> V1 -> L0[] -> V1}
{b=L0[], chain=V0 -> V0 -> L1[], dbb=L1[], dbi=L1[], dib=L1[], dii=L1[], i=L0[], put=V0 -> V1 -> L0[] -> V2}
{b=L0[], chain=V0 -> V0 -> L1[], dbb=L1[], dbi=L1[], dib=L1[], dii=L1[], i=L0[], put=V0 -> V1 -> L0[] -> L1[]}
{b=L0[], chain=V0 -> V0 -> L0[], dbb=L0[], dbi=L0[], dib=L0[], dii=L0[], i=L0[], put=V0 -> L0[] -> V0 -> V0}
{b=L0[], chain=V0 -> V0 -> L0[], dbb=L0[], dbi=L0[], dib=L0[], dii=L0[], i=L0[], put=V0 -> L0[] -> V0 -> V1}
{b=L0[], chain=V0 -> V0 -> L0[], dbb=L0[], dbi=L0[], dib=L0[], dii=L0[], i=L0[], put=V0 -> L0[] -> V0 -> L0[]}
{b=L0[], chain=V0 -> V0 -> L1[], dbb=L1[], dbi=L1[], dib=L1[], dii=L1[], i=L0[], put=V0 -> L0[] -> V1 -> V0}
{b=L0[], chain=V0 -> V0 -> L0[], dbb=L0[], dbi=L0[], dib=L0[], dii=L0[], i=L0[], put=V0 -> L0[] -> V1 -> V1}
{b=L0[], chain=V0 -> V0 -> L1[], dbb=L1[], dbi=L1[], dib=L1[], dii=L1[], i=L0[], put=V0 -> L0[] -> V1 -> V2}
{b=L0[], chain=V0 -> V0 -> L1[], dbb=L1[], dbi=L1[], dib=L1[], dii=L1[], i=L0[], put=V0 -> L0[] -> V1 -> L1[]}
{b=L0[], chain=V0 -> V0 -> L1[], dbb=L1[], dbi=L1[], dib=L1[], dii=L1[], i=L0[], put=V0 -> L0[] -> L0[] -> V0}
{b=L0[], chain=V0 -> V0 -> L1[], dbb=L1[], dbi=L1[], dib=L1[], dii=L1[], i=L0[], put=V0 -> L0[] -> L0[] -> V1}
{b=L0[], chain=V0 -> V0 -> L1[], dbb=L1[], dbi=L1[], dib=L1[], dii=L1[], i=L0[], put=V0 -> L0[] -> L0[] -> L1[]}
{b=L0[], chain=V0 -> V0 -> L0[], dbb=L0[], dbi=L0[], dib=L0[], dii=L0[], i=L0[], put=L0[] -> V0 -> V0 -> V0}
{b=L0[], chain=V0 -> V0 -> L1[], dbb=L1[], dbi=L1[], dib=L1[], dii=L1[], i=L0[], put=L1[] -> V0 -> V0 -> V1}
{b=L0[], chain=V0 -> V0 -> L1[], dbb=L1[], dbi=L1[], dib=L1[], dii=L1[], i=L0[], put=L1[] -> V0 -> V0 -> L1[]}
{b=L0[], chain=V0 -> V0 -> L0[], dbb=L0[], dbi=L0[], dib=L0[], dii=L0[], i=L0[], put=L0[] -> V0 -> V1 -> V0}
{b=L0[], chain=V0 -> V0 -> L0[], dbb=L0[], dbi=L0[], dib=L0[], dii=L0[], i=L0[], put=L0[] -> V0 -> V1 -> V1}
{b=L0[], chain=V0 -> V0 -> L1[], dbb=L1[], dbi=L1[], dib=L1[], dii=L1[], i=L2[], put=L1[] -> V0 -> V1 -> V2}
{b=L0[], chain=V0 -> V0 -> L1[], dbb=L1[], dbi=L1[], dib=L1[], dii=L1[], i=L2[], put=L1[] -> V0 -> V1 -> L1[]}
{b=L0[], chain=V0 -> V0 -> L0[], dbb=L0[], dbi=L0[], dib=L0[], dii=L0[], i=L0[], put=L0[] -> V0 -> L0[] -> V0}
{b=L0[], chain=V0 -> V0 -> L1[], dbb=L1[], dbi=L1[], dib=L1[], dii=L1[], i=L0[], put=L1[] -> V0 -> L0[] -> V1}
{b=L0[], chain=V0 -> V0 -> L1[], dbb=L1[], dbi=L1[], dib=L1[], dii=L1[], i=L0[], put=L1[] -> V0 -> L0[] -> L1[]}
{b=L0[], chain=V0 -> V0 -> L0[], dbb=L0[], dbi=L0[], dib=L0[], dii=L0[], i=L0[], put=L0[] -> L0[] -> V0 -> V0}
{b=L0[], chain=V0 -> V0 -> L1[], dbb=L1[], dbi=L1[], dib=L1[], dii=L1[], i=L0[], put=L1[] -> L0[] -> V0 -> V1}
{b=L0[], chain=V0 -> V0 -> L1[], dbb=L1[], dbi=L1[], dib=L1[], dii=L1[], i=L0[], put=L1[] -> L0[] -> V0 -> L1[]}
{b=L0[], chain=V0 -> V0 -> L1[], dbb=L1[], dbi=L1[], dib=L1[], dii=L1[], i=L0[], put=L1[] -> L0[] -> L0[] -> V0}
{b=L0[], chain=V0 -> V0 -> L1[], dbb=L1[], dbi=L1[], dib=L1[], dii=L1[], i=L0[], put=L1[] -> L0[] -> L0[] -> L1[]}
{b=L0[], chain=V0 -> V1 -> V0, dbb=L0[], dbi=L0[], dib=L0[], dii=L0[], i=L0[], put=V0 -> V0 -> V0 -> V0}
{b=L0[], chain=V0 -> V1 -> V0, dbb=L0[], dbi=L0[], dib=L0[], dii=L0[], i=L0[], put=V0 -> V0 -> V0 -> L0[]}
{b=L0[], chain=V0 -> V1 -> V0, dbb=L0[], dbi=L0[], dib=L1[], dii=L1[], i=L1[], put=V0 -> V0 -> V1 -> V0}
{b=L0[], chain=V0 -> V1 -> V0, dbb=L0[], dbi=L0[], dib=L0[], dii=L0[], i=L0[], put=V0 -> V0 -> V1 -> V1}
{b=L0[], chain=V0 -> V1 -> V0, dbb=L0[], dbi=L0[], dib=L1[], dii=L1[], i=L1[], put=V0 -> V0 -> V1 -> L1[]}
{b=L0[], chain=V0 -> V1 -> V0, dbb=L0[], dbi=L0[], dib=L0[], dii=L0[], i=L0[], put=V0 -> V0 -> L0[] -> V0}
{b=L0[], chain=V0 -> V1 -> V0, dbb=L0[], dbi=L0[], dib=L0[], dii=L0[], i=L0[], put=V0 -> V0 -> L0[] -> V1}
{b=L0[], chain=V0 -> V1 -> V0, dbb=L0[], dbi=L0[], dib=L0[], dii=L0[], i=L0[], put=V0 -> V0 -> L0[] -> L0[]}
{b=L0[], chain=V0 -> V1 -> V0, dbb=L0[], dbi=L0[], dib=L0[], dii=L0[], i=L0[], put=V0 -> V1 -> V0 -> V0}
{b=L0[], chain=V0 -> V1 -> V0, dbb=L0[], dbi=L0[], dib=L0[], dii=L0[], i=L0[], put=V0 -> V1 -> V0 -> V1}
{b=L0[], chain=V0 -> V1 -> V0, dbb=L0[], dbi=L0[], dib=L0[], dii=L0[], i=L0[], put=V0 -> V1 -> V0 -> L0[]}
{b=L0[], chain=V0 -> V1 -> V0, dbb=L1[], dbi=L2[], dib=L3[], dii=L4[], i=L0[], put=V0 -> V1 -> V1 -> V0}
{b=L0[], chain=V0 -> V1 -> V0, dbb=L1[], dbi=L2[], dib=L3[], dii=L4[], i=L0[], put=V0 -> V1 -> V1 -> V1}
{b=L0[], chain=V0 -> V1 -> V0, dbb=L1[], dbi=L2[], dib=L3[], dii=L4[], i=L0[], put=V0 -> V1 -> V1 -> L5[]}
{b=L0[], chain=V0 -> V1 -> V0, dbb=L1[], dbi=L2[], dib=L3[], dii=L4[], i=L5[], put=V0 -> V1 -> V2 -> V0}
{b=L0[], chain=V0 -> V1 -> V0, dbb=L1[], dbi=L2[], dib=L3[], dii=L4[], i=L5[], put=V0 -> V1 -> V2 -> V1}
{b=L0[], chain=V0 -> V1 -> V0, dbb=L1[], dbi=L2[], dib=L3[], dii=L4[], i=L5[], put=V0 -> V1 -> V2 -> V2}
{b=L0[], chain=V0 -> V1 -> V0, dbb=L1[], dbi=L2[], dib=L3[], dii=L4[], i=L5[], put=V0 -> V1 -> V2 -> L6[]}
{b=L0[], chain=V0 -> V1 -> V0, dbb=L1[], dbi=L2[], dib=L3[], dii=L4[], i=L0[], put=V0 -> V1 -> L0[] -> V0}
{b=L0[], chain=V0 -> V1 -> V0, dbb=L1[], dbi=L2[], dib=L3[], dii=L4[], i=L0[], put=V0 -> V1 -> L0[] -> V1}
{b=L0[], chain=V0 -> V1 -> V0, dbb=L1[], dbi=L2[], dib=L3[], dii=L4[], i=L0[], put=V0 -> V1 -> L0[] -> V2}
{b=L0[], chain=V0 -> V1 -> V0, dbb=L1[], dbi=L2[], dib=L3[], dii=L4[], i=L0[], put=V0 -> V1 -> L0[] -> L5[]}
{b=L0[], chain=V0 -> V1 -> V0, dbb=L0[], dbi=L0[], dib=L0[], dii=L0[], i=L0[], put=V0 -> L0[] -> V0 -> V0}
{b=L0[], chain=V0 -> V1 -> V0, dbb=L0[], dbi=L0[], dib=L0[], dii=L0[], i=L0[], put=V0 -> L0[] -> V0 -> V1}
{b=L0[], chain=V0 -> V1 -> V0, dbb=L0[], dbi=L0[], dib=L0[], dii=L0[], i=L0[], put=V0 -> L0[] -> V0 -> L0[]}
{b=L0[], chain=V0 -> V1 -> V0, dbb=L1[], dbi=L2[], dib=L3[], dii=L4[], i=L0[], put=V0 -> L0[] -> V1 -> V0}
{b=L0[], chain=V0 -> V1 -> V0, dbb=L1[], dbi=L2[], dib=L3[], dii=L4[], i=L0[], put=V0 -> L0[] -> V1 -> V1}
{b=L0[], chain=V0 -> V1 -> V0, dbb=L1[], dbi=L2[], dib=L3[], dii=L4[], i=L0[], put=V0 -> L0[] -> V1 -> V2}
{b=L0[], chain=V0 -> V1 -> V0, dbb=L1[], dbi=L2[], dib=L3[], dii=L4[], i=L0[], put=V0 -> L0[] -> V1 -> L5[]}
{b=L0[], chain=V0 -> V1 -> V0, dbb=L1[], dbi=L2[], dib=L3[], dii=L4[], i=L0[], put=V0 -> L0[] -> L0[] -> V0}
{b=L0[], chain=V0 -> V1 -> V0, dbb=L1[], dbi=L2[], dib=L3[], dii=L4[], i=L0[], put=V0 -> L0[] -> L0[] -> V1}
{b=L0[], chain=V0 -> V1 -> V0, dbb=L1[], dbi=L2[], dib=L3[], dii=L4[], i=L0[], put=V0 -> L0[] -> L0[] -> L5[]}
{b=L0[], chain=V0 -> V1 -> V0, dbb=L0[], dbi=L0[], dib=L0[], dii=L0[], i=L0[], put=L0[] -> V0 -> V0 -> V0}
{b=L0[], chain=V0 -> V1 -> V0, dbb=L1[], dbi=L1[], dib=L1[], dii=L1[], i=L0[], put=L1[] -> V0 -> V0 -> V1}
{b=L0[], chain=V0 -> V1 -> V0, dbb=L1[], dbi=L1[], dib=L1[], dii=L1[], i=L0[], put=L1[] -> V0 -> V0 -> L1[]}
{b=L0[], chain=V0 -> V1 -> V0, dbb=L1[], dbi=L1[], dib=L1[], dii=L1[], i=L1[], put=L1[] -> V0 -> V1 -> V0}
{b=L0[], chain=V0 -> V1 -> V0, dbb=L0[], dbi=L0[], dib=L0[], dii=L0[], i=L1[], put=L0[] -> V0 -> V1 -> V1}
{b=L0[], chain=V0 -> V1 -> V0, dbb=L1[], dbi=L1[], dib=L1[], dii=L1[], i=L2[], put=L1[] -> V0 -> V1 -> V2}
{b=L0[], chain=V0 -> V1 -> V0, dbb=L1[], dbi=L1[], dib=L1[], dii=L1[], i=L2[], put=L1[] -> V0 -> V1 -> L1[]}
{b=L0[], chain=V0 -> V1 -> V0, dbb=L0[], dbi=L0[], dib=L0[], dii=L0[], i=L0[], put=L0[] -> V0 -> L0[] -> V0}
{b=L0[], chain=V0 -> V1 -> V0, dbb=L1[], dbi=L1[], dib=L1[], dii=L1[], i=L0[], put=L1[] -> V0 -> L0[] -> V1}
{b=L0[], chain=V0 -> V1 -> V0, dbb=L1[], dbi=L1[], dib=L1[], dii=L1[], i=L0[], put=L1[] -> V0 -> L0[] -> L1[]}
{b=L0[], chain=V0 -> V1 -> V0, dbb=L0[], dbi=L0[], dib=L0[], dii=L0[], i=L0[], put=L0[] -> L0[] -> V0 -> V0}
{b=L0[], chain=V0 -> V1 -> V0, dbb=L1[], dbi=L1[], dib=L1[], dii=L1[], i=L0[], put=L1[] -> L0[] -> V0 -> V1}
{b=L0[], chain=V0 -> V1 -> V0, dbb=L1[], dbi=L1[], dib=L1[], dii=L1[], i=L0[], put=L1[] -> L0[] -> V0 -> L1[]}
{b=L0[], chain=V0 -> V1 -> V0, dbb=L1[], dbi=L1[], dib=L1[], dii=L1[], i=L0[], put=L1[] -> L0[] -> L0[] -> V0}
{b=L0[], chain=V0 -> V1 -> V0, dbb=L1[], dbi=L1[], dib=L1[], dii=L1[], i=L0[], put=L1[] -> L0[] -> L0[] -> L1[]}
{b=L0[], chain=V0 -> V1 -> V1, dbb=L0[], dbi=L0[], dib=L0[], dii=L0[], i=L0[], put=V0 -> V0 -> V0 -> V0}
{b=L0[], chain=V0 -> V1 -> V1, dbb=L0[], dbi=L0[], dib=L0[], dii=L0[], i=L0[], put=V0 -> V0 -> V0 -> L0[]}
{b=L0[], chain=V0 -> V1 -> V1, dbb=L0[], dbi=L0[], dib=L0[], dii=L0[], i=L0[], put=V0 -> V0 -> V1 -> V0}
{b=L0[], chain=V0 -> V1 -> V1, dbb=L0[], dbi=L0[], dib=L0[], dii=L0[], i=L0[], put=V0 -> V0 -> V1 -> V1}
{b=L0[], chain=V0 -> V1 -> V1, dbb=L0[], dbi=L0[], dib=L0[], dii=L0[], i=L0[], put=V0 -> V0 -> V1 -> L0[]}
{b=L0[], chain=V0 -> V1 -> V1, dbb=L0[], dbi=L0[], dib=L0[], dii=L0[], i=L0[], put=V0 -> V0 -> L0[] -> V0}
{b=L0[], chain=V0 -> V1 -> V1, dbb=L0[], dbi=L0[], dib=L0[], dii=L0[], i=L0[], put=V0 -> V0 -> L0[] -> V1}
{b=L0[], chain=V0 -> V1 -> V1, dbb=L0[], dbi=L0[], dib=L0[], dii=L0[], i=L0[], put=V0 -> V0 -> L0[] -> L0[]}
{b=L0[], chain=V0 -> V1 -> V1, dbb=L0[], dbi=L1[], dib=L0[], dii=L1[], i=L1[], put=V0 -> V1 -> V0 -> V0}
{b=L0[], chain=V0 -> V1 -> V1, dbb=L0[], dbi=L0[], dib=L0[], dii=L0[], i=L0[], put=V0 -> V1 -> V0 -> V1}
{b=L0[], chain=V0 -> V1 -> V1, dbb=L0[], dbi=L1[], dib=L0[], dii=L1[], i=L1[], put=V0 -> V1 -> V0 -> L0[]}
{b=L0[], chain=V0 -> V1 -> V1, dbb=L1[], dbi=L2[], dib=L3[], dii=L4[], i=L0[], put=V0 -> V1 -> V1 -> V0}
{b=L0[], chain=V0 -> V1 -> V1, dbb=L1[], dbi=L2[], dib=L3[], dii=L4[], i=L0[], put=V0 -> V1 -> V1 -> V1}
{b=L0[], chain=V0 -> V1 -> V1, dbb=L1[], dbi=L2[], dib=L3[], dii=L4[], i=L0[], put=V0 -> V1 -> V1 -> L5[]}
{b=L0[], chain=V0 -> V1 -> V1, dbb=L1[], dbi=L2[], dib=L3[], dii=L4[], i=L5[], put=V0 -> V1 -> V2 -> V0}
{b=L0[], chain=V0 -> V1 -> V1, dbb=L1[], dbi=L2[], dib=L3[], dii=L4[], i=L5[], put=V0 -> V1 -> V2 -> V1}
{b=L0[], chain=V0 -> V1 -> V1, dbb=L1[], dbi=L2[], dib=L3[], dii=L4[], i=L5[], put=V0 -> V1 -> V2 -> V2}
{b=L0[], chain=V0 -> V1 -> V1, dbb=L1[], dbi=L2[], dib=L3[], dii=L4[], i=L5[], put=V0 -> V1 -> V2 -> L6[]}
{b=L0[], chain=V0 -> V1 -> V1, dbb=L1[], dbi=L2[], dib=L3[], dii=L4[], i=L0[], put=V0 -> V1 -> L0[] -> V0}
{b=L0[], chain=V0 -> V1 -> V1, dbb=L1[], dbi=L2[], dib=L3[], dii=L4[], i=L0[], put=V0 -> V1 -> L0[] -> V1}
{b=L0[], chain=V0 -> V1 -> V1, dbb=L1[], dbi=L2[], dib=L3[], dii=L4[], i=L0[], put=V0 -> V1 -> L0[] -> V2}
{b=L0[], chain=V0 -> V1 -> V1, dbb=L1[], dbi=L2[], dib=L3[], dii=L4[], i=L0[], put=V0 -> V1 -> L0[] -> L5[]}
{b=L0[], chain=V0 -> V1 -> V1, dbb=L0[], dbi=L0[], dib=L0[], dii=L0[], i=L0[], put=V0 -> L0[] -> V0 -> V0}
{b=L0[], chain=V0 -> V1 -> V1, dbb=L0[], dbi=L0[], dib=L0[], dii=L0[], i=L0[], put=V0 -> L0[] -> V0 -> V1}
{b=L0[], chain=V0 -> V1 -> V1, dbb=L0[], dbi=L0[], dib=L0[], dii=L0[], i=L0[], put=V0 -> L0[] -> V0 -> L0[]}
{b=L0[], chain=V0 -> V1 -> V1, dbb=L1[], dbi=L2[], dib=L3[], dii=L4[], i=L0[], put=V0 -> L0[] -> V1 -> V0}
{b=L0[], chain=V0 -> V1 -> V1, dbb=L1[], dbi=L2[], dib=L3[], dii=L4[], i=L0[], put=V0 -> L0[] -> V1 -> V1}
{b=L0[], chain=V0 -> V1 -> V1, dbb=L1[], dbi=L2[], dib=L3[], dii=L4[], i=L0[], put=V0 -> L0[] -> V1 -> V2}
{b=L0[], chain=V0 -> V1 -> V1, dbb=L1[], dbi=L2[], dib=L3[], dii=L4[], i=L0[], put=V0 -> L0[] -> V1 -> L5[]}
{b=L0[], chain=V0 -> V1 -> V1, dbb=L1[], dbi=L2[], dib=L3[], dii=L4[], i=L0[], put=V0 -> L0[] -> L0[] -> V0}
{b=L0[], chain=V0 -> V1 -> V1, dbb=L1[], dbi=L2[], dib=L3[], dii=L4[], i=L0[], put=V0 -> L0[] -> L0[] -> V1}
{b=L0[], chain=V0 -> V1 -> V1, dbb=L1[], dbi=L2[], dib=L3[], dii=L4[], i=L0[], put=V0 -> L0[] -> L0[] -> L5[]}
{b=L0[], chain=V0 -> V1 -> V1, dbb=L0[], dbi=L0[], dib=L0[], dii=L0[], i=L0[], put=L0[] -> V0 -> V0 -> V0}
{b=L0[], chain=V0 -> V1 -> V1, dbb=L1[], dbi=L1[], dib=L1[], dii=L1[], i=L0[], put=L1[] -> V0 -> V0 -> V1}
{b=L0[], chain=V0 -> V1 -> V1, dbb=L1[], dbi=L1[], dib=L1[], dii=L1[], i=L0[], put=L1[] -> V0 -> V0 -> L1[]}
{b=L0[], chain=V0 -> V1 -> V1, dbb=L1[], dbi=L1[], dib=L1[], dii=L1[], i=L1[], put=L1[] -> V0 -> V1 -> V0}
{b=L0[], chain=V0 -> V1 -> V1, dbb=L0[], dbi=L0[], dib=L0[], dii=L0[], i=L1[], put=L0[] -> V0 -> V1 -> V1}
{b=L0[], chain=V0 -> V1 -> V1, dbb=L1[], dbi=L1[], dib=L1[], dii=L1[], i=L2[], put=L1[] -> V0 -> V1 -> V2}
{b=L0[], chain=V0 -> V1 -> V1, dbb=L1[], dbi=L1[], dib=L1[], dii=L1[], i=L2[], put=L1[] -> V0 -> V1 -> L1[]}
{b=L0[], chain=V0 -> V1 -> V1, dbb=L0[], dbi=L0[], dib=L0[], dii=L0[], i=L0[], put=L0[] -> V0 -> L0[] -> V0}
{b=L0[], chain=V0 -> V1 -> V1, dbb=L1[], dbi=L1[], dib=L1[], dii=L1[], i=L0[], put=L1[] -> V0 -> L0[] -> V1}
{b=L0[], chain=V0 -> V1 -> V1, dbb=L1[], dbi=L1[], dib=L1[], dii=L1[], i=L0[], put=L1[] -> V0 -> L0[] -> L1[]}
{b=L0[], chain=V0 -> V1 -> V1, dbb=L0[], dbi=L0[], dib=L0[], dii=L0[], i=L0[], put=L0[] -> L0[] -> V0 -> V0}
{b=L0[], chain=V0 -> V1 -> V1, dbb=L1[], dbi=L1[], dib=L1[], dii=L1[], i=L0[], put=L1[] -> L0[] -> V0 -> V1}
{b=L0[], chain=V0 -> V1 -> V1, dbb=L1[], dbi=L1[], dib=L1[], dii=L1[], i=L0[], put=L1[] -> L0[] -> V0 -> L1[]}
{b=L0[], chain=V0 -> V1 -> V1, dbb=L1[], dbi=L1[], dib=L1[], dii=L1[], i=L0[], put=L1[] -> L0[] -> L0[] -> V0}
{b=L0[], chain=V0 -> V1 -> V1, dbb=L1[], dbi=L1[], dib=L1[], dii=L1[], i=L0[], put=L1[] -> L0[] -> L0[] -> L1[]}
{b=L0[], chain=V0 -> V1 -> L0[], dbb=L0[], dbi=L0[], dib=L0[], dii=L0[], i=L0[], put=V0 -> V0 -> V0 -> V0}
{b=L0[], chain=V0 -> V1 -> L0[], dbb=L0[], dbi=L0[], dib=L0[], dii=L0[], i=L0[], put=V0 -> V0 -> V0 -> L0[]}
{b=L0[], chain=V0 -> V1 -> L1[], dbb=L0[], dbi=L0[], dib=L1[], dii=L1[], i=L1[], put=V0 -> V0 -> V1 -> V0}
{b=L0[], chain=V0 -> V1 -> L0[], dbb=L0[], dbi=L0[], dib=L0[], dii=L0[], i=L0[], put=V0 -> V0 -> V1 -> V1}
{b=L0[], chain=V0 -> V1 -> L1[], dbb=L0[], dbi=L0[], dib=L1[], dii=L1[], i=L1[], put=V0 -> V0 -> V1 -> L1[]}
{b=L0[], chain=V0 -> V1 -> L0[], dbb=L0[], dbi=L0[], dib=L0[], dii=L0[], i=L0[], put=V0 -> V0 -> L0[] -> V0}
{b=L0[], chain=V0 -> V1 -> L0[], dbb=L0[], dbi=L0[], dib=L0[], dii=L0[], i=L0[], put=V0 -> V0 -> L0[] -> V1}
{b=L0[], chain=V0 -> V1 -> L0[], dbb=L0[], dbi=L0[], dib=L0[], dii=L0[], i=L0[], put=V0 -> V0 -> L0[] -> L0[]}
{b=L0[], chain=V0 -> V1 -> L0[], dbb=L0[], dbi=L0[], dib=L0[], dii=L0[], i=L0[], put=V0 -> V1 -> V0 -> V0}
{b=L0[], chain=V0 -> V1 -> L0[], dbb=L0[], dbi=L0[], dib=L0[], dii=L0[], i=L0[], put=V0 -> V1 -> V0 -> V1}
{b=L0[], chain=V0 -> V1 -> L0[], dbb=L0[], dbi=L0[], dib=L0[], dii=L0[], i=L0[], put=V0 -> V1 -> V0 -> L0[]}
{b=L0[], chain=V0 -> V1 -> L1[], dbb=L2[], dbi=L3[], dib=L4[], dii=L5[], i=L0[], put=V0 -> V1 -> V1 -> V0}
{b=L0[], chain=V0 -> V1 -> L1[], dbb=L2[], dbi=L3[], dib=L4[], dii=L5[], i=L0[], put=V0 -> V1 -> V1 -> V1}
{b=L0[], chain=V0 -> V1 -> L1[], dbb=L2[], dbi=L3[], dib=L4[], dii=L5[], i=L0[], put=V0 -> V1 -> V1 -> L6[]}
{b=L0[], chain=V0 -> V1 -> L1[], dbb=L2[], dbi=L3[], dib=L4[], dii=L5[], i=L6[], put=V0 -> V1 -> V2 -> V0}
{b=L0[], chain=V0 -> V1 -> L1[], dbb=L2[], dbi=L3[], dib=L4[], dii=L5[], i=L6[], put=V0 -> V1 -> V2 -> V1}
{b=L0[], chain=V0 -> V1 -> L1[], dbb=L2[], dbi=L3[], dib=L4[], dii=L5[], i=L6[], put=V0 -> V1 -> V2 -> V2}
{b=L0[], chain=V0 -> V1 -> L1[], dbb=L2[], dbi=L3[], dib=L4[], dii=L5[], i=L6[], put=V0 -> V1 -> V2 -> L7[]}
{b=L0[], chain=V0 -> V1 -> L1[], dbb=L2[], dbi=L3[], dib=L4[], dii=L5[], i=L0[], put=V0 -> V1 -> L0[] -> V0}
{b=L0[], chain=V0 -> V1 -> L1[], dbb=L2[], dbi=L3[], dib=L4[], dii=L5[], i=L0[], put=V0 -> V1 -> L0[] -> V1}
{b=L0[], chain=V0 -> V1 -> L1[], dbb=L2[], dbi=L3[], dib=L4[], dii=L5[], i=L0[], put=V0 -> V1 -> L0[] -> V2}
{b=L0[], chain=V0 -> V1 -> L1[], dbb=L2[], dbi=L3[], dib=L4[], dii=L5[], i=L0[], put=V0 -> V1 -> L0[] -> L6[]}
{b=L0[], chain=V0 -> V1 -> L0[], dbb=L0[], dbi=L0[], dib=L0[], dii=L0[], i=L0[], put=V0 -> L0[] -> V0 -> V0}
{b=L0[], chain=V0 -> V1 -> L0[], dbb=L0[], dbi=L0[], dib=L0[], dii=L0[], i=L0[], put=V0 -> L0[] -> V0 -> V1}
{b=L0[], chain=V0 -> V1 -> L0[], dbb=L0[], dbi=L0[], dib=L0[], dii=L0[], i=L0[], put=V0 -> L0[] -> V0 -> L0[]}
{b=L0[], chain=V0 -> V1 -> L1[], dbb=L2[], dbi=L3[], dib=L4[], dii=L5[], i=L0[], put=V0 -> L0[] -> V1 -> V0}
{b=L0[], chain=V0 -> V1 -> L1[], dbb=L2[], dbi=L3[], dib=L4[], dii=L5[], i=L0[], put=V0 -> L0[] -> V1 -> V1}
{b=L0[], chain=V0 -> V1 -> L1[], dbb=L2[], dbi=L3[], dib=L4[], dii=L5[], i=L0[], put=V0 -> L0[] -> V1 -> V2}
{b=L0[], chain=V0 -> V1 -> L1[], dbb=L2[], dbi=L3[], dib=L4[], dii=L5[], i=L0[], put=V0 -> L0[] -> V1 -> L6[]}
{b=L0[], chain=V0 -> V1 -> L1[], dbb=L2[], dbi=L3[], dib=L4[], dii=L5[], i=L0[], put=V0 -> L0[] -> L0[] -> V0}
{b=L0[], chain=V0 -> V1 -> L1[], dbb=L2[], dbi=L3[], dib=L4[], dii=L5[], i=L0[], put=V0 -> L0[] -> L0[] -> V1}
{b=L0[], chain=V0 -> V1 -> L1[], dbb=L2[], dbi=L3[], dib=L4[], dii=L5[], i=L0[], put=V0 -> L0[] -> L0[] -> L6[]}
{b=L0[], chain=V0 -> V1 -> L0[], dbb=L0[], dbi=L0[], dib=L0[], dii=L0[], i=L0[], put=L0[] -> V0 -> V0 -> V0}
{b=L0[], chain=V0 -> V1 -> L1[], dbb=L1[], dbi=L1[], dib=L1[], dii=L1[], i=L0[], put=L1[] -> V0 -> V0 -> V1}
{b=L0[], chain=V0 -> V1 -> L1[], dbb=L1[], dbi=L1[], dib=L1[], dii=L1[], i=L0[], put=L1[] -> V0 -> V0 -> L1[]}
{b=L0[], chain=V0 -> V1 -> L1[], dbb=L1[], dbi=L1[], dib=L1[], dii=L1[], i=L1[], put=L1[] -> V0 -> V1 -> V0}
{b=L0[], chain=V0 -> V1 -> L0[], dbb=L0[], dbi=L0[], dib=L0[], dii=L0[], i=L1[], put=L0[] -> V0 -> V1 -> V1}
{b=L0[], chain=V0 -> V1 -> L1[], dbb=L1[], dbi=L1[], dib=L1[], dii=L1[], i=L2[], put=L1[] -> V0 -> V1 -> V2}
{b=L0[], chain=V0 -> V1 -> L1[], dbb=L1[], dbi=L1[], dib=L1[], dii=L1[], i=L2[], put=L1[] -> V0 -> V1 -> L1[]}
{b=L0[], chain=V0 -> V1 -> L0[], dbb=L0[], dbi=L0[], dib=L0[], dii=L0[], i=L0[], put=L0[] -> V0 -> L0[] -> V0}
{b=L0[], chain=V0 -> V1 -> L1[], dbb=L1[], dbi=L1[], dib=L1[], dii=L1[], i=L0[], put=L1[] -> V0 -> L0[] -> V1}
{b=L0[], chain=V0 -> V1 -> L1[], dbb=L1[], dbi=L1[], dib=L1[], dii=L1[], i=L0[], put=L1[] -> V0 -> L0[] -> L1[]}
{b=L0[], chain=V0 -> V1 -> L0[], dbb=L0[], dbi=L0[], dib=L0[], dii=L0[], i=L0[], put=L0[] -> L0[] -> V0 -> V0}
{b=L0[], chain=V0 -> V1 -> L1[], dbb=L1[], dbi=L1[], dib=L1[], dii=L1[], i=L0[], put=L1[] -> L0[] -> V0 -> V1}
{b=L0[], chain=V0 -> V1 -> L1[], dbb=L1[], dbi=L1[], dib=L1[], dii=L1[], i=L0[], put=L1[] -> L0[] -> V0 -> L1[]}
{b=L0[], chain=V0 -> V1 -> L1[], dbb=L1[], dbi=L1[], dib=L1[], dii=L1[], i=L0[], put=L1[] -> L0[] -> L0[] -> V0}
{b=L0[], chain=V0 -> V1 -> L1[], dbb=L1[], dbi=L1[], dib=L1[], dii=L1[], i=L0[], put=L1[] -> L0[] -> L0[] -> L1[]}
{b=L0[], chain=V0 -> L0[] -> V0, dbb=L0[], dbi=L0[], dib=L0[], dii=L0[], i=L0[], put=V0 -> V0 -> V0 -> V0}
{b=L0[], chain=V0 -> L0[] -> V0, dbb=L0[], dbi=L0[], dib=L0[], dii=L0[], i=L0[], put=V0 -> V0 -> V0 -> L0[]}
{b=L0[], chain=V0 -> L0[] -> V0, dbb=L0[], dbi=L0[], dib=L0[], dii=L0[], i=L0[], put=V0 -> V0 -> V1 -> V0}
{b=L0[], chain=V0 -> L0[] -> V0, dbb=L0[], dbi=L0[], dib=L0[], dii=L0[], i=L0[], put=V0 -> V0 -> V1 -> V1}
{b=L0[], chain=V0 -> L0[] -> V0, dbb=L0[], dbi=L0[], dib=L0[], dii=L0[], i=L0[], put=V0 -> V0 -> V1 -> L0[]}
{b=L0[], chain=V0 -> L0[] -> V0, dbb=L0[], dbi=L0[], dib=L0[], dii=L0[], i=L0[], put=V0 -> V0 -> L0[] -> V0}
{b=L0[], chain=V0 -> L0[] -> V0, dbb=L0[], dbi=L0[], dib=L0[], dii=L0[], i=L0[], put=V0 -> V0 -> L0[] -> V1}
{b=L0[], chain=V0 -> L0[] -> V0, dbb=L0[], dbi=L0[], dib=L0[], dii=L0[], i=L0[], put=V0 -> V0 -> L0[] -> L0[]}
{b=L0[], chain=V0 -> L0[] -> V0, dbb=L0[], dbi=L0[], dib=L0[], dii=L0[], i=L0[], put=V0 -> V1 -> V0 -> V0}
{b=L0[], chain=V0 -> L0[] -> V0, dbb=L0[], dbi=L0[], dib=L0[], dii=L0[], i=L0[], put=V0 -> V1 -> V0 -> V1}
{b=L0[], chain=V0 -> L0[] -> V0, dbb=L0[], dbi=L0[], dib=L0[], dii=L0[], i=L0[], put=V0 -> V1 -> V0 -> L0[]}
{b=L0[], chain=V0 -> L1[] -> V0, dbb=L1[], dbi=L1[], dib=L1[], dii=L1[], i=L0[], put=V0 -> V1 -> V1 -> V0}
{b=L0[], chain=V0 -> L0[] -> V0, dbb=L0[], dbi=L0[], dib=L0[], dii=L0[], i=L0[], put=V0 -> V1 -> V1 -> V1}
{b=L0[], chain=V0 -> L1[] -> V0, dbb=L1[], dbi=L1[], dib=L1[], dii=L1[], i=L0[], put=V0 -> V1 -> V1 -> L1[]}
{b=L0[], chain=V0 -> L1[] -> V0, dbb=L1[], dbi=L1[], dib=L1[], dii=L1[], i=L2[], put=V0 -> V1 -> V2 -> V0}
{b=L0[], chain=V0 -> L0[] -> V0, dbb=L0[], dbi=L0[], dib=L0[], dii=L0[], i=L0[], put=V0 -> V1 -> V2 -> V1}
{b=L0[], chain=V0 -> L0[] -> V0, dbb=L0[], dbi=L0[], dib=L0[], dii=L0[], i=L0[], put=V0 -> V1 -> V2 -> V2}
{b=L0[], chain=V0 -> L1[] -> V0, dbb=L1[], dbi=L1[], dib=L1[], dii=L1[], i=L2[], put=V0 -> V1 -> V2 -> L1[]}
{b=L0[], chain=V0 -> L1[] -> V0, dbb=L1[], dbi=L1[], dib=L1[], dii=L1[], i=L0[], put=V0 -> V1 -> L0[] -> V0}
{b=L0[], chain=V0 -> L0[] -> V0, dbb=L0[], dbi=L0[], dib=L0[], dii=L0[], i=L0[], put=V0 -> V1 -> L0[] -> V1}
{b=L0[], chain=V0 -> L1[] -> V0, dbb=L1[], dbi=L1[], dib=L1[], dii=L1[], i=L0[], put=V0 -> V1 -> L0[] -> V2}
{b=L0[], chain=V0 -> L1[] -> V0, dbb=L1[], dbi=L1[], dib=L1[], dii=L1[], i=L0[], put=V0 -> V1 -> L0[] -> L1[]}
{b=L0[], chain=V0 -> L0[] -> V0, dbb=L0[], dbi=L0[], dib=L0[], dii=L0[], i=L0[], put=V0 -> L0[] -> V0 -> V0}
{b=L0[], chain=V0 -> L0[] -> V0, dbb=L0[], dbi=L0[], dib=L0[], dii=L0[], i=L0[], put=V0 -> L0[] -> V0 -> V1}
{b=L0[], chain=V0 -> L0[] -> V0, dbb=L0[], dbi=L0[], dib=L0[], dii=L0[], i=L0[], put=V0 -> L0[] -> V0 -> L0[]}
{b=L0[], chain=V0 -> L1[] -> V0, dbb=L1[], dbi=L1[], dib=L1[], dii=L1[], i=L0[], put=V0 -> L0[] -> V1 -> V0}
{b=L0[], chain=V0 -> L0[] -> V0, dbb=L0[], dbi=L0[], dib=L0[], dii=L0[], i=L0[], put=V0 -> L0[] -> V1 -> V1}
{b=L0[], chain=V0 -> L1[] -> V0, dbb=L1[], dbi=L1[], dib=L1[], dii=L1[], i=L0[], put=V0 -> L0[] -> V1 -> V2}
{b=L0[], chain=V0 -> L1[] -> V0, dbb=L1[], dbi=L1[], dib=L1[], dii=L1[], i=L0[], put=V0 -> L0[] -> V1 -> L1[]}
{b=L0[], chain=V0 -> L1[] -> V0, dbb=L1[], dbi=L1[], dib=L1[], dii=L1[], i=L0[], put=V0 -> L0[] -> L0[] -> V0}
{b=L0[], chain=V0 -> L1[] -> V0, dbb=L1[], dbi=L1[], dib=L1[], dii=L1[], i=L0[], put=V0 -> L0[] -> L0[] -> V1}
{b=L0[], chain=V0 -> L1[] -> V0, dbb=L1[], dbi=L1[], dib=L1[], dii=L1[], i=L0[], put=V0 -> L0[] -> L0[] -> L1[]}
{b=L0[], chain=V0 -> L0[] -> V0, dbb=L0[], dbi=L0[], dib=L0[], dii=L0[], i=L0[], put=L0[] -> V0 -> V0 -> V0}
{b=L0[], chain=V0 -> L1[] -> V0, dbb=L1[], dbi=L1[], dib=L1[], dii=L1[], i=L0[], put=L1[] -> V0 -> V0 -> V1}
{b=L0[], chain=V0 -> L1[] -> V0, dbb=L1[], dbi=L1[], dib=L1[], dii=L1[], i=L0[], put=L1[] -> V0 -> V0 -> L1[]}
{b=L0[], chain=V0 -> L0[] -> V0, dbb=L0[], dbi=L0[], dib=L0[], dii=L0[], i=L0[], put=L0[] -> V0 -> V1 -> V0}
{b=L0[], chain=V0 -> L0[] -> V0, dbb=L0[], dbi=L0[], dib=L0[], dii=L0[], i=L0[], put=L0[] -> V0 -> V1 -> V1}
{b=L0[], chain=V0 -> L1[] -> V0, dbb=L1[], dbi=L1[], dib=L1[], dii=L1[], i=L2[], put=L1[] -> V0 -> V1 -> V2}
{b=L0[], chain=V0 -> L1[] -> V0, dbb=L1[], dbi=L1[], dib=L1[], dii=L1[], i=L2[], put=L1[] -> V0 -> V1 -> L1[]}
{b=L0[], chain=V0 -> L0[] -> V0, dbb=L0[], dbi=L0[], dib=L0[], dii=L0[], i=L0[], put=L0[] -> V0 -> L0[] -> V0}
{b=L0[], chain=V0 -> L1[] -> V0, dbb=L1[], dbi=L1[], dib=L1[], dii=L1[], i=L0[], put=L1[] -> V0 -> L0[] -> V1}
{b=L0[], chain=V0 -> L1[] -> V0, dbb=L1[], dbi=L1[], dib=L1[], dii=L1[], i=L0[], put=L1[] -> V0 -> L0[] -> L1[]}
{b=L0[], chain=V0 -> L0[] -> V0, dbb=L0[], dbi=L0[], dib=L0[], dii=L0[], i=L0[], put=L0[] -> L0[] -> V0 -> V0}
{b=L0[], chain=V0 -> L1[] -> V0, dbb=L1[], dbi=L1[], dib=L1[], dii=L1[], i=L0[], put=L1[] -> L0[] -> V0 -> V1}
{b=L0[], chain=V0 -> L1[] -> V0, dbb=L1[], dbi=L1[], dib=L1[], dii=L1[], i=L0[], put=L1[] -> L0[] -> V0 -> L1[]}
{b=L0[], chain=V0 -> L1[] -> V0, dbb=L1[], dbi=L1[], dib=L1[], dii=L1[], i=L0[], put=L1[] -> L0[] -> L0[] -> V0}
{b=L0[], chain=V0 -> L1[] -> V0, dbb=L1[], dbi=L1[], dib=L1[], dii=L1[], i=L0[], put=L1[] -> L0[] -> L0[] -> L1[]}
{b=L0[], chain=V0 -> L0[] -> V1, dbb=L0[], dbi=L0[], dib=L0[], dii=L0[], i=L0[], put=V0 -> V0 -> V0 -> V0}
{b=L0[], chain=V0 -> L0[] -> V1, dbb=L0[], dbi=L0[], dib=L0[], dii=L0[], i=L0[], put=V0 -> V0 -> V0 -> L0[]}
{b=L0[], chain=V0 -> L0[] -> V1, dbb=L0[], dbi=L0[], dib=L0[], dii=L0[], i=L0[], put=V0 -> V0 -> V1 -> V0}
{b=L0[], chain=V0 -> L0[] -> V1, dbb=L0[], dbi=L0[], dib=L0[], dii=L0[], i=L0[], put=V0 -> V0 -> V1 -> V1}
{b=L0[], chain=V0 -> L0[] -> V1, dbb=L0[], dbi=L0[], dib=L0[], dii=L0[], i=L0[], put=V0 -> V0 -> V1 -> L0[]}
{b=L0[], chain=V0 -> L0[] -> V1, dbb=L0[], dbi=L0[], dib=L0[], dii=L0[], i=L0[], put=V0 -> V0 -> L0[] -> V0}
{b=L0[], chain=V0 -> L0[] -> V1, dbb=L0[], dbi=L0[], dib=L0[], dii=L0[], i=L0[], put=V0 -> V0 -> L0[] -> V1}
{b=L0[], chain=V0 -> L0[] -> V1, dbb=L0[], dbi=L0[], dib=L0[], dii=L0[], i=L0[], put=V0 -> V0 -> L0[] -> L0[]}
{b=L0[], chain=V0 -> L0[] -> V1, dbb=L0[], dbi=L0[], dib=L0[], dii=L0[], i=L0[], put=V0 -> V1 -> V0 -> V0}
{b=L0[], chain=V0 -> L0[] -> V1, dbb=L0[], dbi=L0[], dib=L0[], dii=L0[], i=L0[], put=V0 -> V1 -> V0 -> V1}
{b=L0[], chain=V0 -> L0[] -> V1, dbb=L0[], dbi=L0[], dib=L0[], dii=L0[], i=L0[], put=V0 -> V1 -> V0 -> L0[]}
{b=L0[], chain=V0 -> L1[] -> V1, dbb=L1[], dbi=L1[], dib=L1[], dii=L1[], i=L0[], put=V0 -> V1 -> V1 -> V0}
{b=L0[], chain=V0 -> L0[] -> V1, dbb=L0[], dbi=L0[], dib=L0[], dii=L0[], i=L0[], put=V0 -> V1 -> V1 -> V1}
{b=L0[], chain=V0 -> L1[] -> V1, dbb=L1[], dbi=L1[], dib=L1[], dii=L1[], i=L0[], put=V0 -> V1 -> V1 -> L1[]}
{b=L0[], chain=V0 -> L1[] -> V1, dbb=L1[], dbi=L1[], dib=L1[], dii=L1[], i=L2[], put=V0 -> V1 -> V2 -> V0}
{b=L0[], chain=V0 -> L0[] -> V1, dbb=L0[], dbi=L0[], dib=L0[], dii=L0[], i=L0[], put=V0 -> V1 -> V2 -> V1}
{b=L0[], chain=V0 -> L0[] -> V1, dbb=L0[], dbi=L0[], dib=L0[], dii=L0[], i=L0[], put=V0 -> V1 -> V2 -> V2}
{b=L0[], chain=V0 -> L1[] -> V1, dbb=L1[], dbi=L1[], dib=L1[], dii=L1[], i=L2[], put=V0 -> V1 -> V2 -> L1[]}
{b=L0[], chain=V0 -> L1[] -> V1, dbb=L1[], dbi=L1[], dib=L1[], dii=L1[], i=L0[], put=V0 -> V1 -> L0[] -> V0}
{b=L0[], chain=V0 -> L0[] -> V1, dbb=L0[], dbi=L0[], dib=L0[], dii=L0[], i=L0[], put=V0 -> V1 -> L0[] -> V1}
{b=L0[], chain=V0 -> L1[] -> V1, dbb=L1[], dbi=L1[], dib=L1[], dii=L1[], i=L0[], put=V0 -> V1 -> L0[] -> V2}
{b=L0[], chain=V0 -> L1[] -> V1, dbb=L1[], dbi=L1[], dib=L1[], dii=L1[], i=L0[], put=V0 -> V1 -> L0[] -> L1[]}
{b=L0[], chain=V0 -> L0[] -> V1, dbb=L0[], dbi=L0[], dib=L0[], dii=L0[], i=L0[], put=V0 -> L0[] -> V0 -> V0}
{b=L0[], chain=V0 -> L0[] -> V1, dbb=L0[], dbi=L0[], dib=L0[], dii=L0[], i=L0[], put=V0 -> L0[] -> V0 -> V1}
{b=L0[], chain=V0 -> L0[] -> V1, dbb=L0[], dbi=L0[], dib=L0[], dii=L0[], i=L0[], put=V0 -> L0[] -> V0 -> L0[]}
{b=L0[], chain=V0 -> L1[] -> V1, dbb=L1[], dbi=L1[], dib=L1[], dii=L1[], i=L0[], put=V0 -> L0[] -> V1 -> V0}
{b=L0[], chain=V0 -> L0[] -> V1, dbb=L0[], dbi=L0[], dib=L0[], dii=L0[], i=L0[], put=V0 -> L0[] -> V1 -> V1}
{b=L0[], chain=V0 -> L1[] -> V1, dbb=L1[], dbi=L1[], dib=L1[], dii=L1[], i=L0[], put=V0 -> L0[] -> V1 -> V2}
{b=L0[], chain=V0 -> L1[] -> V1, dbb=L1[], dbi=L1[], dib=L1[], dii=L1[], i=L0[], put=V0 -> L0[] -> V1 -> L1[]}
{b=L0[], chain=V0 -> L1[] -> V1, dbb=L1[], dbi=L1[], dib=L1[], dii=L1[], i=L0[], put=V0 -> L0[] -> L0[] -> V0}
{b=L0[], chain=V0 -> L1[] -> V1, dbb=L1[], dbi=L1[], dib=L1[], dii=L1[], i=L0[], put=V0 -> L0[] -> L0[] -> V1}
{b=L0[], chain=V0 -> L1[] -> V1, dbb=L1[], dbi=L1[], dib=L1[], dii=L1[], i=L0[], put=V0 -> L0[] -> L0[] -> L1[]}
{b=L0[], chain=V0 -> L0[] -> V1, dbb=L0[], dbi=L0[], dib=L0[], dii=L0[], i=L0[], put=L0[] -> V0 -> V0 -> V0}
{b=L0[], chain=V0 -> L1[] -> V1, dbb=L1[], dbi=L1[], dib=L1[], dii=L1[], i=L0[], put=L1[] -> V0 -> V0 -> V1}
{b=L0[], chain=V0 -> L1[] -> V1, dbb=L1[], dbi=L1[], dib=L1[], dii=L1[], i=L0[], put=L1[] -> V0 -> V0 -> L1[]}
{b=L0[], chain=V0 -> L0[] -> V1, dbb=L0[], dbi=L0[], dib=L0[], dii=L0[], i=L0[], put=L0[] -> V0 -> V1 -> V0}
{b=L0[], chain=V0 -> L0[] -> V1, dbb=L0[], dbi=L0[], dib=L0[], dii=L0[], i=L0[], put=L0[] -> V0 -> V1 -> V1}
{b=L0[], chain=V0 -> L1[] -> V1, dbb=L1[], dbi=L1[], dib=L1[], dii=L1[], i=L2[], put=L1[] -> V0 -> V1 -> V2}
{b=L0[], chain=V0 -> L1[] -> V1, dbb=L1[], dbi=L1[], dib=L1[], dii=L1[], i=L2[], put=L1[] -> V0 -> V1 -> L1[]}
{b=L0[], chain=V0 -> L0[] -> V1, dbb=L0[], dbi=L0[], dib=L0[], dii=L0[], i=L0[], put=L0[] -> V0 -> L0[] -> V0}
{b=L0[], chain=V0 -> L1[] -> V1, dbb=L1[], dbi=L1[], dib=L1[], dii=L1[], i=L0[], put=L1[] -> V0 -> L0[] -> V1}
{b=L0[], chain=V0 -> L1[] -> V1, dbb=L1[], dbi=L1[], dib=L1[], dii=L1[], i=L0[], put=L1[] -> V0 -> L0[] -> L1[]}
{b=L0[], chain=V0 -> L0[] -> V1, dbb=L0[], dbi=L0[], dib=L0[], dii=L0[], i=L0[], put=L0[] -> L0[] -> V0 -> V0}
{b=L0[], chain=V0 -> L1[] -> V1, dbb=L1[], dbi=L1[], dib=L1[], dii=L1[], i=L0[], put=L1[] -> L0[] -> V0 -> V1}
{b=L0[], chain=V0 -> L1[] -> V1, dbb=L1[], dbi=L1[], dib=L1[], dii=L1[], i=L0[], put=L1[] -> L0[] -> V0 -> L1[]}
{b=L0[], chain=V0 -> L1[] -> V1, dbb=L1[], dbi=L1[], dib=L1[], dii=L1[], i=L0[], put=L1[] -> L0[] -> L0[] -> V0}
{b=L0[], chain=V0 -> L1[] -> V1, dbb=L1[], dbi=L1[], dib=L1[], dii=L1[], i=L0[], put=L1[] -> L0[] -> L0[] -> L1[]}
{b=L0[], chain=V0 -> L0[] -> L0[], dbb=L0[], dbi=L0[], dib=L0[], dii=L0[], i=L0[], put=V0 -> V0 -> V0 -> V0}
{b=L0[], chain=V0 -> L0[] -> L0[], dbb=L0[], dbi=L0[], dib=L0[], dii=L0[], i=L0[], put=V0 -> V0 -> V0 -> L0[]}
{b=L0[], chain=V0 -> L0[] -> L0[], dbb=L0[], dbi=L0[], dib=L0[], dii=L0[], i=L0[], put=V0 -> V0 -> V1 -> V0}
{b=L0[], chain=V0 -> L0[] -> L0[], dbb=L0[], dbi=L0[], dib=L0[], dii=L0[], i=L0[], put=V0 -> V0 -> V1 -> V1}
{b=L0[], chain=V0 -> L0[] -> L0[], dbb=L0[], dbi=L0[], dib=L0[], dii=L0[], i=L0[], put=V0 -> V0 -> V1 -> L0[]}
{b=L0[], chain=V0 -> L0[] -> L0[], dbb=L0[], dbi=L0[], dib=L0[], dii=L0[], i=L0[], put=V0 -> V0 -> L0[] -> V0}
{b=L0[], chain=V0 -> L0[] -> L0[], dbb=L0[], dbi=L0[], dib=L0[], dii=L0[], i=L0[], put=V0 -> V0 -> L0[] -> V1}
{b=L0[], chain=V0 -> L0[] -> L0[], dbb=L0[], dbi=L0[], dib=L0[], dii=L0[], i=L0[], put=V0 -> V0 -> L0[] -> L0[]}
{b=L0[], chain=V0 -> L0[] -> L0[], dbb=L0[], dbi=L0[], dib=L0[], dii=L0[], i=L0[], put=V0 -> V1 -> V0 -> V0}
{b=L0[], chain=V0 -> L0[] -> L0[], dbb=L0[], dbi=L0[], dib=L0[], dii=L0[], i=L0[], put=V0 -> V1 -> V0 -> V1}
{b=L0[], chain=V0 -> L0[] -> L0[], dbb=L0[], dbi=L0[], dib=L0[], dii=L0[], i=L0[], put=V0 -> V1 -> V0 -> L0[]}
{b=L0[], chain=V0 -> L1[] -> L1[], dbb=L1[], dbi=L1[], dib=L1[], dii=L1[], i=L0[], put=V0 -> V1 -> V1 -> V0}
{b=L0[], chain=V0 -> L0[] -> L0[], dbb=L0[], dbi=L0[], dib=L0[], dii=L0[], i=L0[], put=V0 -> V1 -> V1 -> V1}
{b=L0[], chain=V0 -> L1[] -> L1[], dbb=L1[], dbi=L1[], dib=L1[], dii=L1[], i=L0[], put=V0 -> V1 -> V1 -> L1[]}
{b=L0[], chain=V0 -> L1[] -> L1[], dbb=L1[], dbi=L1[], dib=L1[], dii=L1[], i=L2[], put=V0 -> V1 -> V2 -> V0}
{b=L0[], chain=V0 -> L0[] -> L0[], dbb=L0[], dbi=L0[], dib=L0[], dii=L0[], i=L0[], put=V0 -> V1 -> V2 -> V1}
{b=L0[], chain=V0 -> L0[] -> L0[], dbb=L0[], dbi=L0[], dib=L0[], dii=L0[], i=L0[], put=V0 -> V1 -> V2 -> V2}
{b=L0[], chain=V0 -> L1[] -> L1[], dbb=L1[], dbi=L1[], dib=L1[], dii=L1[], i=L2[], put=V0 -> V1 -> V2 -> L1[]}
{b=L0[], chain=V0 -> L1[] -> L1[], dbb=L1[], dbi=L1[], dib=L1[], dii=L1[], i=L0[], put=V0 -> V1 -> L0[] -> V0}
{b=L0[], chain=V0 -> L0[] -> L0[], dbb=L0[], dbi=L0[], dib=L0[], dii=L0[], i=L0[], put=V0 -> V1 -> L0[] -> V1}
{b=L0[], chain=V0 -> L1[] -> L1[], dbb=L1[], dbi=L1[], dib=L1[], dii=L1[], i=L0[], put=V0 -> V1 -> L0[] -> V2}
{b=L0[], chain=V0 -> L1[] -> L1[], dbb=L1[], dbi=L1[], dib=L1[], dii=L1[], i=L0[], put=V0 -> V1 -> L0[] -> L1[]}
{b=L0[], chain=V0 -> L0[] -> L0[], dbb=L0[], dbi=L0[], dib=L0[], dii=L0[], i=L0[], put=V0 -> L0[] -> V0 -> V0}
{b=L0[], chain=V0 -> L0[] -> L0[], dbb=L0[], dbi=L0[], dib=L0[], dii=L0[], i=L0[], put=V0 -> L0[] -> V0 -> V1}
{b=L0[], chain=V0 -> L0[] -> L0[], dbb=L0[], dbi=L0[], dib=L0[], dii=L0[], i=L0[], put=V0 -> L0[] -> V0 -> L0[]}
{b=L0[], chain=V0 -> L1[] -> L1[], dbb=L1[], dbi=L1[], dib=L1[], dii=L1[], i=L0[], put=V0 -> L0[] -> V1 -> V0}
{b=L0[], chain=V0 -> L0[] -> L0[], dbb=L0[], dbi=L0[], dib=L0[], dii=L0[], i=L0[], put=V0 -> L0[] -> V1 -> V1}
{b=L0[], chain=V0 -> L1[] -> L1[], dbb=L1[], dbi=L1[], dib=L1[], dii=L1[], i=L0[], put=V0 -> L0[] -> V1 -> V2}
{b=L0[], chain=V0 -> L1[] -> L1[], dbb=L1[], dbi=L1[], dib=L1[], dii=L1[], i=L0[], put=V0 -> L0[] -> V1 -> L1[]}
{b=L0[], chain=V0 -> L1[] -> L1[], dbb=L1[], dbi=L1[], dib=L1[], dii=L1[], i=L0[], put=V0 -> L0[] -> L0[] -> V0}
{b=L0[], chain=V0 -> L1[] -> L1[], dbb=L1[], dbi=L1[], dib=L1[], dii=L1[], i=L0[], put=V0 -> L0[] -> L0[] -> V1}
{b=L0[], chain=V0 -> L1[] -> L1[], dbb=L1[], dbi=L1[], dib=L1[], dii=L1[], i=L0[], put=V0 -> L0[] -> L0[] -> L1[]}
{b=L0[], chain=V0 -> L0[] -> L0[], dbb=L0[], dbi=L0[], dib=L0[], dii=L0[], i=L0[], put=L0[] -> V0 -> V0 -> V0}
{b=L0[], chain=V0 -> L1[] -> L1[], dbb=L1[], dbi=L1[], dib=L1[], dii=L1[], i=L0[], put=L1[] -> V0 -> V0 -> V1}
{b=L0[], chain=V0 -> L1[] -> L1[], dbb=L1[], dbi=L1[], dib=L1[], dii=L1[], i=L0[], put=L1[] -> V0 -> V0 -> L1[]}
{b=L0[], chain=V0 -> L0[] -> L0[], dbb=L0[], dbi=L0[], dib=L0[], dii=L0[], i=L0[], put=L0[] -> V0 -> V1 -> V0}
{b=L0[], chain=V0 -> L0[] -> L0[], dbb=L0[], dbi=L0[], dib=L0[], dii=L0[], i=L0[], put=L0[] -> V0 -> V1 -> V1}
{b=L0[], chain=V0 -> L1[] -> L1[], dbb=L1[], dbi=L1[], dib=L1[], dii=L1[], i=L2[], put=L1[] -> V0 -> V1 -> V2}
{b=L0[], chain=V0 -> L1[] -> L1[], dbb=L1[], dbi=L1[], dib=L1[], dii=L1[], i=L2[], put=L1[] -> V0 -> V1 -> L1[]}
{b=L0[], chain=V0 -> L0[] -> L0[], dbb=L0[], dbi=L0[], dib=L0[], dii=L0[], i=L0[], put=L0[] -> V0 -> L0[] -> V0}
{b=L0[], chain=V0 -> L1[] -> L1[], dbb=L1[], dbi=L1[], dib=L1[], dii=L1[], i=L0[], put=L1[] -> V0 -> L0[] -> V1}
{b=L0[], chain=V0 -> L1[] -> L1[], dbb=L1[], dbi=L1[], dib=L1[], dii=L1[], i=L0[], put=L1[] -> V0 -> L0[] -> L1[]}
{b=L0[], chain=V0 -> L0[] -> L0[], dbb=L0[], dbi=L0[], dib=L0[], dii=L0[], i=L0[], put=L0[] -> L0[] -> V0 -> V0}
{b=L0[], chain=V0 -> L1[] -> L1[], dbb=L1[], dbi=L1[], dib=L1[], dii=L1[], i=L0[], put=L1[] -> L0[] -> V0 -> V1}
{b=L0[], chain=V0 -> L1[] -> L1[], dbb=L1[], dbi=L1[], dib=L1[], dii=L1[], i=L0[], put=L1[] -> L0[] -> V0 -> L1[]}
{b=L0[], chain=V0 -> L1[] -> L1[], dbb=L1[], dbi=L1[], dib=L1[], dii=L1[], i=L0[], put=L1[] -> L0[] -> L0[] -> V0}
{b=L0[], chain=V0 -> L1[] -> L1[], dbb=L1[], dbi=L1[], dib=L1[], dii=L1[], i=L0[], put=L1[] -> L0[] -> L0[] -> L1[]}
{b=L0[], chain=L0[] -> V0 -> V0, dbb=L0[], dbi=L0[], dib=L0[], dii=L0[], i=L0[], put=V0 -> V0 -> V0 -> V0}
{b=L0[], chain=L0[] -> V0 -> V0, dbb=L0[], dbi=L0[], dib=L0[], dii=L0[], i=L0[], put=V0 -> V0 -> V0 -> L0[]}
{b=L0[], chain=L0[] -> V0 -> V0, dbb=L0[], dbi=L0[], dib=L0[], dii=L0[], i=L0[], put=V0 -> V0 -> V1 -> V0}
{b=L0[], chain=L0[] -> V0 -> V0, dbb=L0[], dbi=L0[], dib=L0[], dii=L0[], i=L0[], put=V0 -> V0 -> V1 -> V1}
{b=L0[], chain=L0[] -> V0 -> V0, dbb=L0[], dbi=L0[], dib=L0[], dii=L0[], i=L0[], put=V0 -> V0 -> V1 -> L0[]}
{b=L0[], chain=L0[] -> V0 -> V0, dbb=L0[], dbi=L0[], dib=L0[], dii=L0[], i=L0[], put=V0 -> V0 -> L0[] -> V0}
{b=L0[], chain=L0[] -> V0 -> V0, dbb=L0[], dbi=L0[], dib=L0[], dii=L0[], i=L0[], put=V0 -> V0 -> L0[] -> V1}
{b=L0[], chain=L0[] -> V0 -> V0, dbb=L0[], dbi=L0[], dib=L0[], dii=L0[], i=L0[], put=V0 -> V0 -> L0[] -> L0[]}
{b=L0[], chain=L0[] -> V0 -> V0, dbb=L0[], dbi=L0[], dib=L0[], dii=L0[], i=L0[], put=V0 -> V1 -> V0 -> V0}
{b=L0[], chain=L0[] -> V0 -> V0, dbb=L0[], dbi=L0[], dib=L0[], dii=L0[], i=L0[], put=V0 -> V1 -> V0 -> V1}
{b=L0[], chain=L0[] -> V0 -> V0, dbb=L0[], dbi=L0[], dib=L0[], dii=L0[], i=L0[], put=V0 -> V1 -> V0 -> L0[]}
{b=L0[], chain=L1[] -> V0 -> V0, dbb=L1[], dbi=L1[], dib=L1[], dii=L1[], i=L0[], put=V0 -> V1 -> V1 -> V0}
{b=L0[], chain=L0[] -> V0 -> V0, dbb=L0[], dbi=L0[], dib=L0[], dii=L0[], i=L0[], put=V0 -> V1 -> V1 -> V1}
{b=L0[], chain=L1[] -> V0 -> V0, dbb=L1[], dbi=L1[], dib=L1[], dii=L1[], i=L0[], put=V0 -> V1 -> V1 -> L1[]}
{b=L0[], chain=L1[] -> V0 -> V0, dbb=L1[], dbi=L1[], dib=L1[], dii=L1[], i=L2[], put=V0 -> V1 -> V2 -> V0}
{b=L0[], chain=L0[] -> V0 -> V0, dbb=L0[], dbi=L0[], dib=L0[], dii=L0[], i=L0[], put=V0 -> V1 -> V2 -> V1}
{b=L0[], chain=L0[] -> V0 -> V0, dbb=L0[], dbi=L0[], dib=L0[], dii=L0[], i=L0[], put=V0 -> V1 -> V2 -> V2}
{b=L0[], chain=L1[] -> V0 -> V0, dbb=L1[], dbi=L1[], dib=L1[], dii=L1[], i=L2[], put=V0 -> V1 -> V2 -> L1[]}
{b=L0[], chain=L1[] -> V0 -> V0, dbb=L1[], dbi=L1[], dib=L1[], dii=L1[], i=L0[], put=V0 -> V1 -> L0[] -> V0}
{b=L0[], chain=L0[] -> V0 -> V0, dbb=L0[], dbi=L0[], dib=L0[], dii=L0[], i=L0[], put=V0 -> V1 -> L0[] -> V1}
{b=L0[], chain=L1[] -> V0 -> V0, dbb=L1[], dbi=L1[], dib=L1[], dii=L1[], i=L0[], put=V0 -> V1 -> L0[] -> V2}
{b=L0[], chain=L1[] -> V0 -> V0, dbb=L1[], dbi=L1[], dib=L1[], dii=L1[], i=L0[], put=V0 -> V1 -> L0[] -> L1[]}
{b=L0[], chain=L0[] -> V0 -> V0, dbb=L0[], dbi=L0[], dib=L0[], dii=L0[], i=L0[], put=V0 -> L0[] -> V0 -> V0}
{b=L0[], chain=L0[] -> V0 -> V0, dbb=L0[], dbi=L0[], dib=L0[], dii=L0[], i=L0[], put=V0 -> L0[] -> V0 -> V1}
{b=L0[], chain=L0[] -> V0 -> V0, dbb=L0[], dbi=L0[], dib=L0[], dii=L0[], i=L0[], put=V0 -> L0[] -> V0 -> L0[]}
{b=L0[], chain=L1[] -> V0 -> V0, dbb=L1[], dbi=L1[], dib=L1[], dii=L1[], i=L0[], put=V0 -> L0[] -> V1 -> V0}
{b=L0[], chain=L0[] -> V0 -> V0, dbb=L0[], dbi=L0[], dib=L0[], dii=L0[], i=L0[], put=V0 -> L0[] -> V1 -> V1}
{b=L0[], chain=L1[] -> V0 -> V0, dbb=L1[], dbi=L1[], dib=L1[], dii=L1[], i=L0[], put=V0 -> L0[] -> V1 -> V2}
{b=L0[], chain=L1[] -> V0 -> V0, dbb=L1[], dbi=L1[], dib=L1[], dii=L1[], i=L0[], put=V0 -> L0[] -> V1 -> L1[]}
{b=L0[], chain=L1[] -> V0 -> V0, dbb=L1[], dbi=L1[], dib=L1[], dii=L1[], i=L0[], put=V0 -> L0[] -> L0[] -> V0}
{b=L0[], chain=L1[] -> V0 -> V0, dbb=L1[], dbi=L1[], dib=L1[], dii=L1[], i=L0[], put=V0 -> L0[] -> L0[] -> V1}
{b=L0[], chain=L1[] -> V0 -> V0, dbb=L1[], dbi=L1[], dib=L1[], dii=L1[], i=L0[], put=V0 -> L0[] -> L0[] -> L1[]}
{b=L0[], chain=L0[] -> V0 -> V0, dbb=L0[], dbi=L0[], dib=L0[], dii=L0[], i=L0[], put=L0[] -> V0 -> V0 -> V0}
{b=L0[], chain=L1[] -> V0 -> V0, dbb=L1[], dbi=L1[], dib=L1[], dii=L1[], i=L0[], put=L1[] -> V0 -> V0 -> V1}
{b=L0[], chain=L1[] -> V0 -> V0, dbb=L1[], dbi=L1[], dib=L1[], dii=L1[], i=L0[], put=L1[] -> V0 -> V0 -> L1[]}
{b=L0[], chain=L0[] -> V0 -> V0, dbb=L0[], dbi=L0[], dib=L0[], dii=L0[], i=L0[], put=L0[] -> V0 -> V1 -> V0}
{b=L0[], chain=L0[] -> V0 -> V0, dbb=L0[], dbi=L0[], dib=L0[], dii=L0[], i=L0[], put=L0[] -> V0 -> V1 -> V1}
{b=L0[], chain=L1[] -> V0 -> V0, dbb=L1[], dbi=L1[], dib=L1[], dii=L1[], i=L2[], put=L1[] -> V0 -> V1 -> V2}
{b=L0[], chain=L1[] -> V0 -> V0, dbb=L1[], dbi=L1[], dib=L1[], dii=L1[], i=L2[], put=L1[] -> V0 -> V1 -> L1[]}
{b=L0[], chain=L0[] -> V0 -> V0, dbb=L0[], dbi=L0[], dib=L0[], dii=L0[], i=L0[], put=L0[] -> V0 -> L0[] -> V0}
{b=L0[], chain=L1[] -> V0 -> V0, dbb=L1[], dbi=L1[], dib=L1[], dii=L1[], i=L0[], put=L1[] -> V0 -> L0[] -> V1}
{b=L0[], chain=L1[] -> V0 -> V0, dbb=L1[], dbi=L1[], dib=L1[], dii=L1[], i=L0[], put=L1[] -> V0 -> L0[] -> L1[]}
{b=L0[], chain=L0[] -> V0 -> V0, dbb=L0[], dbi=L0[], dib=L0[], dii=L0[], i=L0[], put=L0[] -> L0[] -> V0 -> V0}
{b=L0[], chain=L1[] -> V0 -> V0, dbb=L1[], dbi=L1[], dib=L1[], dii=L1[], i=L0[], put=L1[] -> L0[] -> V0 -> V1}
{b=L0[], chain=L1[] -> V0 -> V0, dbb=L1[], dbi=L1[], dib=L1[], dii=L1[], i=L0[], put=L1[] -> L0[] -> V0 -> L1[]}
{b=L0[], chain=L1[] -> V0 -> V0, dbb=L1[], dbi=L1[], dib=L1[], dii=L1[], i=L0[], put=L1[] -> L0[] -> L0[] -> V0}
{b=L0[], chain=L1[] -> V0 -> V0, dbb=L1[], dbi=L1[], dib=L1[], dii=L1[], i=L0[], put=L1[] -> L0[] -> L0[] -> L1[]}
{b=L0[], chain=L0[] -> V0 -> V1, dbb=L0[], dbi=L0[], dib=L0[], dii=L0[], i=L0[], put=V0 -> V0 -> V0 -> V0}
{b=L0[], chain=L0[] -> V0 -> V1, dbb=L0[], dbi=L0[], dib=L0[], dii=L0[], i=L0[], put=V0 -> V0 -> V0 -> L0[]}
{b=L0[], chain=L0[] -> V0 -> V1, dbb=L0[], dbi=L0[], dib=L0[], dii=L0[], i=L0[], put=V0 -> V0 -> V1 -> V0}
{b=L0[], chain=L0[] -> V0 -> V1, dbb=L0[], dbi=L0[], dib=L0[], dii=L0[], i=L0[], put=V0 -> V0 -> V1 -> V1}
{b=L0[], chain=L0[] -> V0 -> V1, dbb=L0[], dbi=L0[], dib=L0[], dii=L0[], i=L0[], put=V0 -> V0 -> V1 -> L0[]}
{b=L0[], chain=L0[] -> V0 -> V1, dbb=L0[], dbi=L0[], dib=L0[], dii=L0[], i=L0[], put=V0 -> V0 -> L0[] -> V0}
{b=L0[], chain=L0[] -> V0 -> V1, dbb=L0[], dbi=L0[], dib=L0[], dii=L0[], i=L0[], put=V0 -> V0 -> L0[] -> V1}
{b=L0[], chain=L0[] -> V0 -> V1, dbb=L0[], dbi=L0[], dib=L0[], dii=L0[], i=L0[], put=V0 -> V0 -> L0[] -> L0[]}
{b=L0[], chain=L0[] -> V0 -> V1, dbb=L0[], dbi=L0[], dib=L0[], dii=L0[], i=L0[], put=V0 -> V1 -> V0 -> V0}
{b=L0[], chain=L0[] -> V0 -> V1, dbb=L0[], dbi=L0[], dib=L0[], dii=L0[], i=L0[], put=V0 -> V1 -> V0 -> V1}
{b=L0[], chain=L0[] -> V0 -> V1, dbb=L0[], dbi=L0[], dib=L0[], dii=L0[], i=L0[], put=V0 -> V1 -> V0 -> L0[]}
{b=L0[], chain=L1[] -> V0 -> V1, dbb=L1[], dbi=L1[], dib=L1[], dii=L1[], i=L0[], put=V0 -> V1 -> V1 -> V0}
{b=L0[], chain=L0[] -> V0 -> V1, dbb=L0[], dbi=L0[], dib=L0[], dii=L0[], i=L0[], put=V0 -> V1 -> V1 -> V1}
{b=L0[], chain=L1[] -> V0 -> V1, dbb=L1[], dbi=L1[], dib=L1[], dii=L1[], i=L0[], put=V0 -> V1 -> V1 -> L1[]}
{b=L0[], chain=L1[] -> V0 -> V1, dbb=L1[], dbi=L1[], dib=L1[], dii=L1[], i=L2[], put=V0 -> V1 -> V2 -> V0}
{b=L0[], chain=L0[] -> V0 -> V1, dbb=L0[], dbi=L0[], dib=L0[], dii=L0[], i=L0[], put=V0 -> V1 -> V2 -> V1}
{b=L0[], chain=L0[] -> V0 -> V1, dbb=L0[], dbi=L0[], dib=L0[], dii=L0[], i=L0[], put=V0 -> V1 -> V2 -> V2}
{b=L0[], chain=L1[] -> V0 -> V1, dbb=L1[], dbi=L1[], dib=L1[], dii=L1[], i=L2[], put=V0 -> V1 -> V2 -> L1[]}
{b=L0[], chain=L1[] -> V0 -> V1, dbb=L1[], dbi=L1[], dib=L1[], dii=L1[], i=L0[], put=V0 -> V1 -> L0[] -> V0}
{b=L0[], chain=L0[] -> V0 -> V1, dbb=L0[], dbi=L0[], dib=L0[], dii=L0[], i=L0[], put=V0 -> V1 -> L0[] -> V1}
{b=L0[], chain=L1[] -> V0 -> V1, dbb=L1[], dbi=L1[], dib=L1[], dii=L1[], i=L0[], put=V0 -> V1 -> L0[] -> V2}
{b=L0[], chain=L1[] -> V0 -> V1, dbb=L1[], dbi=L1[], dib=L1[], dii=L1[], i=L0[], put=V0 -> V1 -> L0[] -> L1[]}
{b=L0[], chain=L0[] -> V0 -> V1, dbb=L0[], dbi=L0[], dib=L0[], dii=L0[], i=L0[], put=V0 -> L0[] -> V0 -> V0}
{b=L0[], chain=L0[] -> V0 -> V1, dbb=L0[], dbi=L0[], dib=L0[], dii=L0[], i=L0[], put=V0 -> L0[] -> V0 -> V1}
{b=L0[], chain=L0[] -> V0 -> V1, dbb=L0[], dbi=L0[], dib=L0[], dii=L0[], i=L0[], put=V0 -> L0[] -> V0 -> L0[]}
{b=L0[], chain=L1[] -> V0 -> V1, dbb=L1[], dbi=L1[], dib=L1[], dii=L1[], i=L0[], put=V0 -> L0[] -> V1 -> V0}
{b=L0[], chain=L0[] -> V0 -> V1, dbb=L0[], dbi=L0[], dib=L0[], dii=L0[], i=L0[], put=V0 -> L0[] -> V1 -> V1}
{b=L0[], chain=L1[] -> V0 -> V1, dbb=L1[], dbi=L1[], dib=L1[], dii=L1[], i=L0[], put=V0 -> L0[] -> V1 -> V2}
{b=L0[], chain=L1[] -> V0 -> V1, dbb=L1[], dbi=L1[], dib=L1[], dii=L1[], i=L0[], put=V0 -> L0[] -> V1 -> L1[]}
{b=L0[], chain=L1[] -> V0 -> V1, dbb=L1[], dbi=L1[], dib=L1[], dii=L1[], i=L0[], put=V0 -> L0[] -> L0[] -> V0}
{b=L0[], chain=L1[] -> V0 -> V1, dbb=L1[], dbi=L1[], dib=L1[], dii=L1[], i=L0[], put=V0 -> L0[] -> L0[] -> V1}
{b=L0[], chain=L1[] -> V0 -> V1, dbb=L1[], dbi=L1[], dib=L1[], dii=L1[], i=L0[], put=V0 -> L0[] -> L0[] -> L1[]}
{b=L0[], chain=L0[] -> V0 -> V1, dbb=L0[], dbi=L0[], dib=L0[], dii=L0[], i=L0[], put=L0[] -> V0 -> V0 -> V0}
{b=L0[], chain=L1[] -> V0 -> V1, dbb=L1[], dbi=L1[], dib=L1[], dii=L1[], i=L0[], put=L1[] -> V0 -> V0 -> V1}
{b=L0[], chain=L1[] -> V0 -> V1, dbb=L1[], dbi=L1[], dib=L1[], dii=L1[], i=L0[], put=L1[] -> V0 -> V0 -> L1[]}
{b=L0[], chain=L0[] -> V0 -> V1, dbb=L0[], dbi=L0[], dib=L0[], dii=L0[], i=L0[], put=L0[] -> V0 -> V1 -> V0}
{b=L0[], chain=L0[] -> V0 -> V1, dbb=L0[], dbi=L0[], dib=L0[], dii=L0[], i=L0[], put=L0[] -> V0 -> V1 -> V1}
{b=L0[], chain=L1[] -> V0 -> V1, dbb=L1[], dbi=L1[], dib=L1[], dii=L1[], i=L2[], put=L1[] -> V0 -> V1 -> V2}
{b=L0[], chain=L1[] -> V0 -> V1, dbb=L1[], dbi=L1[], dib=L1[], dii=L1[], i=L2[], put=L1[] -> V0 -> V1 -> L1[]}
{b=L0[], chain=L0[] -> V0 -> V1, dbb=L0[], dbi=L0[], dib=L0[], dii=L0[], i=L0[], put=L0[] -> V0 -> L0[] -> V0}
{b=L0[], chain=L1[] -> V0 -> V1, dbb=L1[], dbi=L1[], dib=L1[], dii=L1[], i=L0[], put=L1[] -> V0 -> L0[] -> V1}
{b=L0[], chain=L1[] -> V0 -> V1, dbb=L1[], dbi=L1[], dib=L1[], dii=L1[], i=L0[], put=L1[] -> V0 -> L0[] -> L1[]}
{b=L0[], chain=L0[] -> V0 -> V1, dbb=L0[], dbi=L0[], dib=L0[], dii=L0[], i=L0[], put=L0[] -> L0[] -> V0 -> V0}
{b=L0[], chain=L1[] -> V0 -> V1, dbb=L1[], dbi=L1[], dib=L1[], dii=L1[], i=L0[], put=L1[] -> L0[] -> V0 -> V1}
{b=L0[], chain=L1[] -> V0 -> V1, dbb=L1[], dbi=L1[], dib=L1[], dii=L1[], i=L0[], put=L1[] -> L0[] -> V0 -> L1[]}
{b=L0[], chain=L1[] -> V0 -> V1, dbb=L1[], dbi=L1[], dib=L1[], dii=L1[], i=L0[], put=L1[] -> L0[] -> L0[] -> V0}
{b=L0[], chain=L1[] -> V0 -> V1, dbb=L1[], dbi=L1[], dib=L1[], dii=L1[], i=L0[], put=L1[] -> L0[] -> L0[] -> L1[]}
{b=L0[], chain=L0[] -> V0 -> L0[], dbb=L0[], dbi=L0[], dib=L0[], dii=L0[], i=L0[], put=V0 -> V0 -> V0 -> V0}
{b=L0[], chain=L0[] -> V0 -> L0[], dbb=L0[], dbi=L0[], dib=L0[], dii=L0[], i=L0[], put=V0 -> V0 -> V0 -> L0[]}
{b=L0[], chain=L0[] -> V0 -> L0[], dbb=L0[], dbi=L0[], dib=L0[], dii=L0[], i=L0[], put=V0 -> V0 -> V1 -> V0}
{b=L0[], chain=L0[] -> V0 -> L0[], dbb=L0[], dbi=L0[], dib=L0[], dii=L0[], i=L0[], put=V0 -> V0 -> V1 -> V1}
{b=L0[], chain=L0[] -> V0 -> L0[], dbb=L0[], dbi=L0[], dib=L0[], dii=L0[], i=L0[], put=V0 -> V0 -> V1 -> L0[]}
{b=L0[], chain=L0[] -> V0 -> L0[], dbb=L0[], dbi=L0[], dib=L0[], dii=L0[], i=L0[], put=V0 -> V0 -> L0[] -> V0}
{b=L0[], chain=L0[] -> V0 -> L0[], dbb=L0[], dbi=L0[], dib=L0[], dii=L0[], i=L0[], put=V0 -> V0 -> L0[] -> V1}
{b=L0[], chain=L0[] -> V0 -> L0[], dbb=L0[], dbi=L0[], dib=L0[], dii=L0[], i=L0[], put=V0 -> V0 -> L0[] -> L0[]}
{b=L0[], chain=L0[] -> V0 -> L0[], dbb=L0[], dbi=L0[], dib=L0[], dii=L0[], i=L0[], put=V0 -> V1 -> V0 -> V0}
{b=L0[], chain=L0[] -> V0 -> L0[], dbb=L0[], dbi=L0[], dib=L0[], dii=L0[], i=L0[], put=V0 -> V1 -> V0 -> V1}
{b=L0[], chain=L0[] -> V0 -> L0[], dbb=L0[], dbi=L0[], dib=L0[], dii=L0[], i=L0[], put=V0 -> V1 -> V0 -> L0[]}
{b=L0[], chain=L1[] -> V0 -> L1[], dbb=L1[], dbi=L1[], dib=L1[], dii=L1[], i=L0[], put=V0 -> V1 -> V1 -> V0}
{b=L0[], chain=L0[] -> V0 -> L0[], dbb=L0[], dbi=L0[], dib=L0[], dii=L0[], i=L0[], put=V0 -> V1 -> V1 -> V1}
{b=L0[], chain=L1[] -> V0 -> L1[], dbb=L1[], dbi=L1[], dib=L1[], dii=L1[], i=L0[], put=V0 -> V1 -> V1 -> L1[]}
{b=L0[], chain=L1[] -> V0 -> L1[], dbb=L1[], dbi=L1[], dib=L1[], dii=L1[], i=L2[], put=V0 -> V1 -> V2 -> V0}
{b=L0[], chain=L0[] -> V0 -> L0[], dbb=L0[], dbi=L0[], dib=L0[], dii=L0[], i=L0[], put=V0 -> V1 -> V2 -> V1}
{b=L0[], chain=L0[] -> V0 -> L0[], dbb=L0[], dbi=L0[], dib=L0[], dii=L0[], i=L0[], put=V0 -> V1 -> V2 -> V2}
{b=L0[], chain=L1[] -> V0 -> L1[], dbb=L1[], dbi=L1[], dib=L1[], dii=L1[], i=L2[], put=V0 -> V1 -> V2 -> L1[]}
{b=L0[], chain=L1[] -> V0 -> L1[], dbb=L1[], dbi=L1[], dib=L1[], dii=L1[], i=L0[], put=V0 -> V1 -> L0[] -> V0}
{b=L0[], chain=L0[] -> V0 -> L0[], dbb=L0[], dbi=L0[], dib=L0[], dii=L0[], i=L0[], put=V0 -> V1 -> L0[] -> V1}
{b=L0[], chain=L1[] -> V0 -> L1[], dbb=L1[], dbi=L1[], dib=L1[], dii=L1[], i=L0[], put=V0 -> V1 -> L0[] -> V2}
{b=L0[], chain=L1[] -> V0 -> L1[], dbb=L1[], dbi=L1[], dib=L1[], dii=L1[], i=L0[], put=V0 -> V1 -> L0[] -> L1[]}
{b=L0[], chain=L0[] -> V0 -> L0[], dbb=L0[], dbi=L0[], dib=L0[], dii=L0[], i=L0[], put=V0 -> L0[] -> V0 -> V0}
{b=L0[], chain=L0[] -> V0 -> L0[], dbb=L0[], dbi=L0[], dib=L0[], dii=L0[], i=L0[], put=V0 -> L0[] -> V0 -> V1}
{b=L0[], chain=L0[] -> V0 -> L0[], dbb=L0[], dbi=L0[], dib=L0[], dii=L0[], i=L0[], put=V0 -> L0[] -> V0 -> L0[]}
{b=L0[], chain=L1[] -> V0 -> L1[], dbb=L1[], dbi=L1[], dib=L1[], dii=L1[], i=L0[], put=V0 -> L0[] -> V1 -> V0}
{b=L0[], chain=L0[] -> V0 -> L0[], dbb=L0[], dbi=L0[], dib=L0[], dii=L0[], i=L0[], put=V0 -> L0[] -> V1 -> V1}
{b=L0[], chain=L1[] -> V0 -> L1[], dbb=L1[], dbi=L1[], dib=L1[], dii=L1[], i=L0[], put=V0 -> L0[] -> V1 -> V2}
{b=L0[], chain=L1[] -> V0 -> L1[], dbb=L1[], dbi=L1[], dib=L1[], dii=L1[], i=L0[], put=V0 -> L0[] -> V1 -> L1[]}
{b=L0[], chain=L1[] -> V0 -> L1[], dbb=L1[], dbi=L1[], dib=L1[], dii=L1[], i=L0[], put=V0 -> L0[] -> L0[] -> V0}
{b=L0[], chain=L1[] -> V0 -> L1[], dbb=L1[], dbi=L1[], dib=L1[], dii=L1[], i=L0[], put=V0 -> L0[] -> L0[] -> V1}
{b=L0[], chain=L1[] -> V0 -> L1[], dbb=L1[], dbi=L1[], dib=L1[], dii=L1[], i=L0[], put=V0 -> L0[] -> L0[] -> L1[]}
{b=L0[], chain=L0[] -> V0 -> L0[], dbb=L0[], dbi=L0[], dib=L0[], dii=L0[], i=L0[], put=L0[] -> V0 -> V0 -> V0}
{b=L0[], chain=L1[] -> V0 -> L1[], dbb=L1[], dbi=L1[], dib=L1[], dii=L1[], i=L0[], put=L1[] -> V0 -> V0 -> V1}
{b=L0[], chain=L1[] -> V0 -> L1[], dbb=L1[], dbi=L1[], dib=L1[], dii=L1[], i=L0[], put=L1[] -> V0 -> V0 -> L1[]}
{b=L0[], chain=L0[] -> V0 -> L0[], dbb=L0[], dbi=L0[], dib=L0[], dii=L0[], i=L0[], put=L0[] -> V0 -> V1 -> V0}
{b=L0[], chain=L0[] -> V0 -> L0[], dbb=L0[], dbi=L0[], dib=L0[], dii=L0[], i=L0[], put=L0[] -> V0 -> V1 -> V1}
{b=L0[], chain=L1[] -> V0 -> L1[], dbb=L1[], dbi=L1[], dib=L1[], dii=L1[], i=L2[], put=L1[] -> V0 -> V1 -> V2}
{b=L0[], chain=L1[] -> V0 -> L1[], dbb=L1[], dbi=L1[], dib=L1[], dii=L1[], i=L2[], put=L1[] -> V0 -> V1 -> L1[]}
{b=L0[], chain=L0[] -> V0 -> L0[], dbb=L0[], dbi=L0[], dib=L0[], dii=L0[], i=L0[], put=L0[] -> V0 -> L0[] -> V0}
{b=L0[], chain=L1[] -> V0 -> L1[], dbb=L1[], dbi=L1[], dib=L1[], dii=L1[], i=L0[], put=L1[] -> V0 -> L0[] -> V1}
{b=L0[], chain=L1[] -> V0 -> L1[], dbb=L1[], dbi=L1[], dib=L1[], dii=L1[], i=L0[], put=L1[] -> V0 -> L0[] -> L1[]}
{b=L0[], chain=L0[] -> V0 -> L0[], dbb=L0[], dbi=L0[], dib=L0[], dii=L0[], i=L0[], put=L0[] -> L0[] -> V0 -> V0}
{b=L0[], chain=L1[] -> V0 -> L1[], dbb=L1[], dbi=L1[], dib=L1[], dii=L1[], i=L0[], put=L1[] -> L0[] -> V0 -> V1}
{b=L0[], chain=L1[] -> V0 -> L1[], dbb=L1[], dbi=L1[], dib=L1[], dii=L1[], i=L0[], put=L1[] -> L0[] -> V0 -> L1[]}
{b=L0[], chain=L1[] -> V0 -> L1[], dbb=L1[], dbi=L1[], dib=L1[], dii=L1[], i=L0[], put=L1[] -> L0[] -> L0[] -> V0}
{b=L0[], chain=L1[] -> V0 -> L1[], dbb=L1[], dbi=L1[], dib=L1[], dii=L1[], i=L0[], put=L1[] -> L0[] -> L0[] -> L1[]}
{b=L0[], chain=L0[] -> L0[] -> V0, dbb=L0[], dbi=L0[], dib=L0[], dii=L0[], i=L0[], put=V0 -> V0 -> V0 -> V0}
{b=L0[], chain=L0[] -> L0[] -> V0, dbb=L0[], dbi=L0[], dib=L0[], dii=L0[], i=L0[], put=V0 -> V0 -> V0 -> L0[]}
{b=L0[], chain=L0[] -> L0[] -> V0, dbb=L0[], dbi=L0[], dib=L0[], dii=L0[], i=L0[], put=V0 -> V0 -> V1 -> V0}
{b=L0[], chain=L0[] -> L0[] -> V0, dbb=L0[], dbi=L0[], dib=L0[], dii=L0[], i=L0[], put=V0 -> V0 -> V1 -> V1}
{b=L0[], chain=L0[] -> L0[] -> V0, dbb=L0[], dbi=L0[], dib=L0[], dii=L0[], i=L0[], put=V0 -> V0 -> V1 -> L0[]}
{b=L0[], chain=L0[] -> L0[] -> V0, dbb=L0[], dbi=L0[], dib=L0[], dii=L0[], i=L0[], put=V0 -> V0 -> L0[] -> V0}
{b=L0[], chain=L0[] -> L0[] -> V0, dbb=L0[], dbi=L0[], dib=L0[], dii=L0[], i=L0[], put=V0 -> V0 -> L0[] -> V1}
{b=L0[], chain=L0[] -> L0[] -> V0, dbb=L0[], dbi=L0[], dib=L0[], dii=L0[], i=L0[], put=V0 -> V0 -> L0[] -> L0[]}
{b=L0[], chain=L0[] -> L0[] -> V0, dbb=L0[], dbi=L0[], dib=L0[], dii=L0[], i=L0[], put=V0 -> V1 -> V0 -> V0}
{b=L0[], chain=L0[] -> L0[] -> V0, dbb=L0[], dbi=L0[], dib=L0[], dii=L0[], i=L0[], put=V0 -> V1 -> V0 -> V1}
{b=L0[], chain=L0[] -> L0[] -> V0, dbb=L0[], dbi=L0[], dib=L0[], dii=L0[], i=L0[], put=V0 -> V1 -> V0 -> L0[]}
{b=L0[], chain=L1[] -> L1[] -> V0, dbb=L1[], dbi=L1[], dib=L1[], dii=L1[], i=L0[], put=V0 -> V1 -> V1 -> V0}
{b=L0[], chain=L0[] -> L0[] -> V0, dbb=L0[], dbi=L0[], dib=L0[], dii=L0[], i=L0[], put=V0 -> V1 -> V1 -> V1}
{b=L0[], chain=L1[] -> L1[] -> V0, dbb=L1[], dbi=L1[], dib=L1[], dii=L1[], i=L0[], put=V0 -> V1 -> V1 -> L1[]}
{b=L0[], chain=L1[] -> L1[] -> V0, dbb=L1[], dbi=L1[], dib=L1[], dii=L1[], i=L2[], put=V0 -> V1 -> V2 -> V0}
{b=L0[], chain=L0[] -> L0[] -> V0, dbb=L0[], dbi=L0[], dib=L0[], dii=L0[], i=L0[], put=V0 -> V1 -> V2 -> V1}
{b=L0[], chain=L0[] -> L0[] -> V0, dbb=L0[], dbi=L0[], dib=L0[], dii=L0[], i=L0[], put=V0 -> V1 -> V2 -> V2}
{b=L0[], chain=L1[] -> L1[] -> V0, dbb=L1[], dbi=L1[], dib=L1[], dii=L1[], i=L2[], put=V0 -> V1 -> V2 -> L1[]}
{b=L0[], chain=L1[] -> L1[] -> V0, dbb=L1[], dbi=L1[], dib=L1[], dii=L1[], i=L0[], put=V0 -> V1 -> L0[] -> V0}
{b=L0[], chain=L0[] -> L0[] -> V0, dbb=L0[], dbi=L0[], dib=L0[], dii=L0[], i=L0[], put=V0 -> V1 -> L0[] -> V1}
{b=L0[], chain=L1[] -> L1[] -> V0, dbb=L1[], dbi=L1[], dib=L1[], dii=L1[], i=L0[], put=V0 -> V1 -> L0[] -> V2}
{b=L0[], chain=L1[] -> L1[] -> V0, dbb=L1[], dbi=L1[], dib=L1[], dii=L1[], i=L0[], put=V0 -> V1 -> L0[] -> L1[]}
{b=L0[], chain=L0[] -> L0[] -> V0, dbb=L0[], dbi=L0[], dib=L0[], dii=L0[], i=L0[], put=V0 -> L0[] -> V0 -> V0}
{b=L0[], chain=L0[] -> L0[] -> V0, dbb=L0[], dbi=L0[], dib=L0[], dii=L0[], i=L0[], put=V0 -> L0[] -> V0 -> V1}
{b=L0[], chain=L0[] -> L0[] -> V0, dbb=L0[], dbi=L0[], dib=L0[], dii=L0[], i=L0[], put=V0 -> L0[] -> V0 -> L0[]}
{b=L0[], chain=L1[] -> L1[] -> V0, dbb=L1[], dbi=L1[], dib=L1[], dii=L1[], i=L0[], put=V0 -> L0[] -> V1 -> V0}
{b=L0[], chain=L0[] -> L0[] -> V0, dbb=L0[], dbi=L0[], dib=L0[], dii=L0[], i=L0[], put=V0 -> L0[] -> V1 -> V1}
{b=L0[], chain=L1[] -> L1[] -> V0, dbb=L1[], dbi=L1[], dib=L1[], dii=L1[], i=L0[], put=V0 -> L0[] -> V1 -> V2}
{b=L0[], chain=L1[] -> L1[] -> V0, dbb=L1[], dbi=L1[], dib=L1[], dii=L1[], i=L0[], put=V0 -> L0[] -> V1 -> L1[]}
{b=L0[], chain=L1[] -> L1[] -> V0, dbb=L1[], dbi=L1[], dib=L1[], dii=L1[], i=L0[], put=V0 -> L0[] -> L0[] -> V0}
{b=L0[], chain=L1[] -> L1[] -> V0, dbb=L1[], dbi=L1[], dib=L1[], dii=L1[], i=L0[], put=V0 -> L0[] -> L0[] -> V1}
{b=L0[], chain=L1[] -> L1[] -> V0, dbb=L1[], dbi=L1[], dib=L1[], dii=L1[], i=L0[], put=V0 -> L0[] -> L0[] -> L1[]}
{b=L0[], chain=L0[] -> L0[] -> V0, dbb=L0[], dbi=L0[], dib=L0[], dii=L0[], i=L0[], put=L0[] -> V0 -> V0 -> V0}
{b=L0[], chain=L1[] -> L1[] -> V0, dbb=L1[], dbi=L1[], dib=L1[], dii=L1[], i=L0[], put=L1[] -> V0 -> V0 -> V1}
{b=L0[], chain=L1[] -> L1[] -> V0, dbb=L1[], dbi=L1[], dib=L1[], dii=L1[], i=L0[], put=L1[] -> V0 -> V0 -> L1[]}
{b=L0[], chain=L0[] -> L0[] -> V0, dbb=L0[], dbi=L0[], dib=L0[], dii=L0[], i=L0[], put=L0[] -> V0 -> V1 -> V0}
{b=L0[], chain=L0[] -> L0[] -> V0, dbb=L0[], dbi=L0[], dib=L0[], dii=L0[], i=L0[], put=L0[] -> V0 -> V1 -> V1}
{b=L0[], chain=L1[] -> L1[] -> V0, dbb=L1[], dbi=L1[], dib=L1[], dii=L1[], i=L2[], put=L1[] -> V0 -> V1 -> V2}
{b=L0[], chain=L1[] -> L1[] -> V0, dbb=L1[], dbi=L1[], dib=L1[], dii=L1[], i=L2[], put=L1[] -> V0 -> V1 -> L1[]}
{b=L0[], chain=L0[] -> L0[] -> V0, dbb=L0[], dbi=L0[], dib=L0[], dii=L0[], i=L0[], put=L0[] -> V0 -> L0[] -> V0}
{b=L0[], chain=L1[] -> L1[] -> V0, dbb=L1[], dbi=L1[], dib=L1[], dii=L1[], i=L0[], put=L1[] -> V0 -> L0[] -> V1}
{b=L0[], chain=L1[] -> L1[] -> V0, dbb=L1[], dbi=L1[], dib=L1[], dii=L1[], i=L0[], put=L1[] -> V0 -> L0[] -> L1[]}
{b=L0[], chain=L0[] -> L0[] -> V0, dbb=L0[], dbi=L0[], dib=L0[], dii=L0[], i=L0[], put=L0[] -> L0[] -> V0 -> V0}
{b=L0[], chain=L1[] -> L1[] -> V0, dbb=L1[], dbi=L1[], dib=L1[], dii=L1[], i=L0[], put=L1[] -> L0[] -> V0 -> V1}
{b=L0[], chain=L1[] -> L1[] -> V0, dbb=L1[], dbi=L1[], dib=L1[], dii=L1[], i=L0[], put=L1[] -> L0[] -> V0 -> L1[]}
{b=L0[], chain=L1[] -> L1[] -> V0, dbb=L1[], dbi=L1[], dib=L1[], dii=L1[], i=L0[], put=L1[] -> L0[] -> L0[] -> V0}
{b=L0[], chain=L1[] -> L1[] -> V0, dbb=L1[], dbi=L1[], dib=L1[], dii=L1[], i=L0[], put=L1[] -> L0[] -> L0[] -> L1[]}
{b=L0[], chain=L0[] -> L0[] -> L0[], dbb=L0[], dbi=L0[], dib=L0[], dii=L0[], i=L0[], put=V0 -> V0 -> V0 -> V0}
{b=L0[], chain=L0[] -> L0[] -> L0[], dbb=L0[], dbi=L0[], dib=L0[], dii=L0[], i=L0[], put=V0 -> V0 -> V0 -> L0[]}
{b=L0[], chain=L0[] -> L0[] -> L0[], dbb=L0[], dbi=L0[], dib=L0[], dii=L0[], i=L0[], put=V0 -> V0 -> V1 -> V0}
{b=L0[], chain=L0[] -> L0[] -> L0[], dbb=L0[], dbi=L0[], dib=L0[], dii=L0[], i=L0[], put=V0 -> V0 -> V1 -> V1}
{b=L0[], chain=L0[] -> L0[] -> L0[], dbb=L0[], dbi=L0[], dib=L0[], dii=L0[], i=L0[], put=V0 -> V0 -> V1 -> L0[]}
{b=L0[], chain=L0[] -> L0[] -> L0[], dbb=L0[], dbi=L0[], dib=L0[], dii=L0[], i=L0[], put=V0 -> V0 -> L0[] -> V0}
{b=L0[], chain=L0[] -> L0[] -> L0[], dbb=L0[], dbi=L0[], dib=L0[], dii=L0[], i=L0[], put=V0 -> V0 -> L0[] -> V1}
{b=L0[], chain=L0[] -> L0[] -> L0[], dbb=L0[], dbi=L0[], dib=L0[], dii=L0[], i=L0[], put=V0 -> V0 -> L0[] -> L0[]}
{b=L0[], chain=L0[] -> L0[] -> L0[], dbb=L0[], dbi=L0[], dib=L0[], dii=L0[], i=L0[], put=V0 -> V1 -> V0 -> V0}
{b=L0[], chain=L0[] -> L0[] -> L0[], dbb=L0[], dbi=L0[], dib=L0[], dii=L0[], i=L0[], put=V0 -> V1 -> V0 -> V1}
{b=L0[], chain=L0[] -> L0[] -> L0[], dbb=L0[], dbi=L0[], dib=L0[], dii=L0[], i=L0[], put=V0 -> V1 -> V0 -> L0[]}
{b=L0[], chain=L1[] -> L1[] -> L1[], dbb=L1[], dbi=L1[], dib=L1[], dii=L1[], i=L0[], put=V0 -> V1 -> V1 -> V0}
{b=L0[], chain=L0[] -> L0[] -> L0[], dbb=L0[], dbi=L0[], dib=L0[], dii=L0[], i=L0[], put=V0 -> V1 -> V1 -> V1}
{b=L0[], chain=L1[] -> L1[] -> L1[], dbb=L1[], dbi=L1[], dib=L1[], dii=L1[], i=L0[], put=V0 -> V1 -> V1 -> L1[]}
{b=L0[], chain=L1[] -> L1[] -> L1[], dbb=L1[], dbi=L1[], dib=L1[], dii=L1[], i=L2[], put=V0 -> V1 -> V2 -> V0}
{b=L0[], chain=L0[] -> L0[] -> L0[], dbb=L0[], dbi=L0[], dib=L0[], dii=L0[], i=L0[], put=V0 -> V1 -> V2 -> V1}
{b=L0[], chain=L0[] -> L0[] -> L0[], dbb=L0[], dbi=L0[], dib=L0[], dii=L0[], i=L0[], put=V0 -> V1 -> V2 -> V2}
{b=L0[], chain=L1[] -> L1[] -> L1[], dbb=L1[], dbi=L1[], dib=L1[], dii=L1[], i=L2[], put=V0 -> V1 -> V2 -> L1[]}
{b=L0[], chain=L1[] -> L1[] -> L1[], dbb=L1[], dbi=L1[], dib=L1[], dii=L1[], i=L0[], put=V0 -> V1 -> L0[] -> V0}
{b=L0[], chain=L0[] -> L0[] -> L0[], dbb=L0[], dbi=L0[], dib=L0[], dii=L0[], i=L0[], put=V0 -> V1 -> L0[] -> V1}
{b=L0[], chain=L1[] -> L1[] -> L1[], dbb=L1[], dbi=L1[], dib=L1[], dii=L1[], i=L0[], put=V0 -> V1 -> L0[] -> V2}
{b=L0[], chain=L1[] -> L1[] -> L1[], dbb=L1[], dbi=L1[], dib=L1[], dii=L1[], i=L0[], put=V0 -> V1 -> L0[] -> L1[]}
{b=L0[], chain=L0[] -> L0[] -> L0[], dbb=L0[], dbi=L0[], dib=L0[], dii=L0[], i=L0[], put=V0 -> L0[] -> V0 -> V0}
{b=L0[], chain=L0[] -> L0[] -> L0[], dbb=L0[], dbi=L0[], dib=L0[], dii=L0[], i=L0[], put=V0 -> L0[] -> V0 -> V1}
{b=L0[], chain=L0[] -> L0[] -> L0[], dbb=L0[], dbi=L0[], dib=L0[], dii=L0[], i=L0[], put=V0 -> L0[] -> V0 -> L0[]}
{b=L0[], chain=L1[] -> L1[] -> L1[], dbb=L1[], dbi=L1[], dib=L1[], dii=L1[], i=L0[], put=V0 -> L0[] -> V1 -> V0}
{b=L0[], chain=L0[] -> L0[] -> L0[], dbb=L0[], dbi=L0[], dib=L0[], dii=L0[], i=L0[], put=V0 -> L0[] -> V1 -> V1}
{b=L0[], chain=L1[] -> L1[] -> L1[], dbb=L1[], dbi=L1[], dib=L1[], dii=L1[], i=L0[], put=V0 -> L0[] -> V1 -> V2}
{b=L0[], chain=L1[] -> L1[] -> L1[], dbb=L1[], dbi=L1[], dib=L1[], dii=L1[], i=L0[], put=V0 -> L0[] -> V1 -> L1[]}
{b=L0[], chain=L1[] -> L1[] -> L1[], dbb=L1[], dbi=L1[], dib=L1[], dii=L1[], i=L0[], put=V0 -> L0[] -> L0[] -> V0}
{b=L0[], chain=L1[] -> L1[] -> L1[], dbb=L1[], dbi=L1[], dib=L1[], dii=L1[], i=L0[], put=V0 -> L0[] -> L0[] -> V1}
{b=L0[], chain=L1[] -> L1[] -> L1[], dbb=L1[], dbi=L1[], dib=L1[], dii=L1[], i=L0[], put=V0 -> L0[] -> L0[] -> L1[]}
{b=L0[], chain=L0[] -> L0[] -> L0[], dbb=L0[], dbi=L0[], dib=L0[], dii=L0[], i=L0[], put=L0[] -> V0 -> V0 -> V0}
{b=L0[], chain=L1[] -> L1[] -> L1[], dbb=L1[], dbi=L1[], dib=L1[], dii=L1[], i=L0[], put=L1[] -> V0 -> V0 -> V1}
{b=L0[], chain=L1[] -> L1[] -> L1[], dbb=L1[], dbi=L1[], dib=L1[], dii=L1[], i=L0[], put=L1[] -> V0 -> V0 -> L1[]}
{b=L0[], chain=L0[] -> L0[] -> L0[], dbb=L0[], dbi=L0[], dib=L0[], dii=L0[], i=L0[], put=L0[] -> V0 -> V1 -> V0}
{b=L0[], chain=L0[] -> L0[] -> L0[], dbb=L0[], dbi=L0[], dib=L0[], dii=L0[], i=L0[], put=L0[] -> V0 -> V1 -> V1}
{b=L0[], chain=L1[] -> L1[] -> L1[], dbb=L1[], dbi=L1[], dib=L1[], dii=L1[], i=L2[], put=L1[] -> V0 -> V1 -> V2}
{b=L0[], chain=L1[] -> L1[] -> L1[], dbb=L1[], dbi=L1[], dib=L1[], dii=L1[], i=L2[], put=L1[] -> V0 -> V1 -> L1[]}
{b=L0[], chain=L0[] -> L0[] -> L0[], dbb=L0[], dbi=L0[], dib=L0[], dii=L0[], i=L0[], put=L0[] -> V0 -> L0[] -> V0}
{b=L0[], chain=L1[] -> L1[] -> L1[], dbb=L1[], dbi=L1[], dib=L1[], dii=L1[], i=L0[], put=L1[] -> V0 -> L0[] -> V1}
{b=L0[], chain=L1[] -> L1[] -> L1[], dbb=L1[], dbi=L1[], dib=L1[], dii=L1[], i=L0[], put=L1[] -> V0 -> L0[] -> L1[]}
{b=L0[], chain=L0[] -> L0[] -> L0[], dbb=L0[], dbi=L0[], dib=L0[], dii=L0[], i=L0[], put=L0[] -> L0[] -> V0 -> V0}
{b=L0[], chain=L1[] -> L1[] -> L1[], dbb=L1[], dbi=L1[], dib=L1[], dii=L1[], i=L0[], put=L1[] -> L0[] -> V0 -> V1}
{b=L0[], chain=L1[] -> L1[] -> L1[], dbb=L1[], dbi=L1[], dib=L1[], dii=L1[], i=L0[], put=L1[] -> L0[] -> V0 -> L1[]}
{b=L0[], chain=L1[] -> L1[] -> L1[], dbb=L1[], dbi=L1[], dib=L1[], dii=L1[], i=L0[], put=L1[] -> L0[] -> L0[] -> V0}
{b=L0[], chain=L1[] -> L1[] -> L1[], dbb=L1[], dbi=L1[], dib=L1[], dii=L1[], i=L0[], put=L1[] -> L0[] -> L0[] -> L1[]}
[20:26:28.807]	BEG Dependency analysis and solving for label arities
[20:26:54.634]	END Dependency analysis and solving for label arities : 25827 ms
[20:26:54.635]	Counts:
Total candidates=1342
[20:26:54.635]	Elapsed time: 26442 ms
[20:26:54.641]	Concrete seeds: 668
{b=L0[], chain=V0 -> V0 -> V0, dbb=L0[], dbi=L0[], dib=L0[], dii=L0[], i=L0[], put=V0 -> V0 -> V0 -> V0}
{b=L0[], chain=V0 -> V0 -> V0, dbb=L0[], dbi=L0[], dib=L0[], dii=L0[], i=L0[], put=V0 -> V0 -> V0 -> L0[]}
{b=L0[.], chain=V0 -> V0 -> V0, dbb=L0[.], dbi=L0[.], dib=L0[.], dii=L0[.], i=L0[.], put=V0 -> V0 -> L0[_6643] -> V0}
{b=L0[.], chain=V0 -> V0 -> V0, dbb=L0[.], dbi=L0[.], dib=L0[.], dii=L0[.], i=L0[.], put=V0 -> V0 -> L0[_6650] -> V0}
{b=L0[.], chain=V0 -> V0 -> V0, dbb=L0[.], dbi=L0[.], dib=L0[.], dii=L0[.], i=L0[.], put=V0 -> V0 -> L0[_6755] -> V1}
{b=L0[.], chain=V0 -> V0 -> V0, dbb=L0[.], dbi=L0[.], dib=L0[.], dii=L0[.], i=L0[.], put=V0 -> V0 -> L0[_6762] -> V1}
{b=L0[.], chain=V0 -> V0 -> V0, dbb=L0[.], dbi=L0[.], dib=L0[.], dii=L0[.], i=L0[.], put=V0 -> V0 -> L0[_6955] -> L0[_6956]}
{b=L0[.], chain=V0 -> V0 -> V0, dbb=L0[.], dbi=L0[.], dib=L0[.], dii=L0[.], i=L0[.], put=V0 -> V0 -> L0[_6963] -> L0[_6964]}
{b=L0[.], chain=V0 -> V0 -> V0, dbb=L0[.], dbi=L0[.], dib=L0[.], dii=L0[.], i=L0[.], put=V0 -> L0[_4628] -> V0 -> V0}
{b=L0[.], chain=V0 -> V0 -> V0, dbb=L0[.], dbi=L0[.], dib=L0[.], dii=L0[.], i=L0[.], put=V0 -> L0[_4635] -> V0 -> V0}
{b=L0[.], chain=V0 -> V0 -> V0, dbb=L0[.], dbi=L0[.], dib=L0[.], dii=L0[.], i=L0[.], put=V0 -> L0[_4782] -> V0 -> V1}
{b=L0[.], chain=V0 -> V0 -> V0, dbb=L0[.], dbi=L0[.], dib=L0[.], dii=L0[.], i=L0[.], put=V0 -> L0[_4789] -> V0 -> V1}
{b=L0[.], chain=V0 -> V0 -> V0, dbb=L0[.], dbi=L0[.], dib=L0[.], dii=L0[.], i=L0[.], put=V0 -> L0[_4920] -> V0 -> L0[_4921]}
{b=L0[.], chain=V0 -> V0 -> V0, dbb=L0[.], dbi=L0[.], dib=L0[.], dii=L0[.], i=L0[.], put=V0 -> L0[_4928] -> V0 -> L0[_4929]}
{b=L0[.], chain=V0 -> V0 -> V0, dbb=L1[], dbi=L1[], dib=L1[], dii=L1[], i=L0[.], put=V0 -> L0[_5216] -> L0[_5217] -> V0}
{b=L0[.], chain=V0 -> V0 -> V0, dbb=L1[], dbi=L1[], dib=L1[], dii=L1[], i=L0[.], put=V0 -> L0[_5220] -> L0[_5221] -> V0}
{b=L0[.], chain=V0 -> V0 -> V0, dbb=L1[], dbi=L1[], dib=L1[], dii=L1[], i=L0[.], put=V0 -> L0[_5224] -> L0[_5225] -> V1}
{b=L0[.], chain=V0 -> V0 -> V0, dbb=L1[], dbi=L1[], dib=L1[], dii=L1[], i=L0[.], put=V0 -> L0[_5228] -> L0[_5229] -> V1}
{b=L0[.], chain=V0 -> V0 -> V0, dbb=L1[], dbi=L1[], dib=L1[], dii=L1[], i=L0[.], put=V0 -> L0[_5374] -> L0[_5375] -> L1[]}
{b=L0[.], chain=V0 -> V0 -> V0, dbb=L1[], dbi=L1[], dib=L1[], dii=L1[], i=L0[.], put=V0 -> L0[_5378] -> L0[_5379] -> L1[]}
{b=L0[.], chain=V0 -> V0 -> V0, dbb=L0[.], dbi=L0[.], dib=L0[.], dii=L0[.], i=L0[.], put=L0[_5476] -> V0 -> V0 -> V0}
{b=L0[.], chain=V0 -> V0 -> V0, dbb=L0[.], dbi=L0[.], dib=L0[.], dii=L0[.], i=L0[.], put=L0[_5483] -> V0 -> V0 -> V0}
{b=L0[], chain=V0 -> V0 -> V0, dbb=L1[.], dbi=L1[.], dib=L1[.], dii=L1[.], i=L0[], put=L1[_5548] -> V0 -> V0 -> V1}
{b=L0[], chain=V0 -> V0 -> V0, dbb=L1[.], dbi=L1[.], dib=L1[.], dii=L1[.], i=L0[], put=L1[_5553] -> V0 -> V0 -> V1}
{b=L0[], chain=V0 -> V0 -> V0, dbb=L1[.], dbi=L1[.], dib=L1[.], dii=L1[.], i=L0[], put=L1[_5687] -> V0 -> V0 -> L1[_5688]}
{b=L0[], chain=V0 -> V0 -> V0, dbb=L1[.], dbi=L1[.], dib=L1[.], dii=L1[.], i=L0[], put=L1[_5693] -> V0 -> V0 -> L1[_5694]}
{b=L0[., .], chain=V0 -> V0 -> V0, dbb=L0[., .], dbi=L0[., .], dib=L0[., .], dii=L0[., .], i=L0[., .], put=L0[_5837, _5838] -> V0 -> V1 -> V0}
{b=L0[., .], chain=V0 -> V0 -> V0, dbb=L0[., .], dbi=L0[., .], dib=L0[., .], dii=L0[., .], i=L0[., .], put=L0[_5851, _5852] -> V0 -> V1 -> V0}
{b=L0[., .], chain=V0 -> V0 -> V0, dbb=L0[., .], dbi=L0[., .], dib=L0[., .], dii=L0[., .], i=L0[., .], put=L0[_5865, _5866] -> V0 -> V1 -> V0}
{b=L0[., .], chain=V0 -> V0 -> V0, dbb=L0[., .], dbi=L0[., .], dib=L0[., .], dii=L0[., .], i=L0[., .], put=L0[_5969, _5970] -> V0 -> V1 -> V1}
{b=L0[., .], chain=V0 -> V0 -> V0, dbb=L0[., .], dbi=L0[., .], dib=L0[., .], dii=L0[., .], i=L0[., .], put=L0[_5983, _5984] -> V0 -> V1 -> V1}
{b=L0[., .], chain=V0 -> V0 -> V0, dbb=L0[., .], dbi=L0[., .], dib=L0[., .], dii=L0[., .], i=L0[., .], put=L0[_5997, _5998] -> V0 -> V1 -> V1}
{b=L0[], chain=V0 -> V0 -> V0, dbb=L1[., .], dbi=L1[., .], dib=L1[., .], dii=L1[., .], i=L2[], put=L1[_6127, _6128] -> V0 -> V1 -> V2}
{b=L0[], chain=V0 -> V0 -> V0, dbb=L1[., .], dbi=L1[., .], dib=L1[., .], dii=L1[., .], i=L2[], put=L1[_6137, _6138] -> V0 -> V1 -> V2}
{b=L0[], chain=V0 -> V0 -> V0, dbb=L1[., .], dbi=L1[., .], dib=L1[., .], dii=L1[., .], i=L2[], put=L1[_6147, _6148] -> V0 -> V1 -> V2}
{b=L0[], chain=V0 -> V0 -> V0, dbb=L1[., .], dbi=L1[., .], dib=L1[., .], dii=L1[., .], i=L2[], put=L1[_1226, _1227] -> V0 -> V1 -> L1[_1228, _1229]}
{b=L0[], chain=V0 -> V0 -> V0, dbb=L1[., .], dbi=L1[., .], dib=L1[., .], dii=L1[., .], i=L2[], put=L1[_1238, _1239] -> V0 -> V1 -> L1[_1240, _1241]}
{b=L0[], chain=V0 -> V0 -> V0, dbb=L1[., .], dbi=L1[., .], dib=L1[., .], dii=L1[., .], i=L2[], put=L1[_1250, _1251] -> V0 -> V1 -> L1[_1252, _1253]}
{b=L0[.], chain=V0 -> V0 -> V0, dbb=L0[.], dbi=L0[.], dib=L0[.], dii=L0[.], i=L0[.], put=L0[_1406] -> V0 -> L0[_1407] -> V0}
{b=L0[.], chain=V0 -> V0 -> V0, dbb=L0[.], dbi=L0[.], dib=L0[.], dii=L0[.], i=L0[.], put=L0[_1414] -> V0 -> L0[_1415] -> V0}
{b=L0[.], chain=V0 -> V0 -> V0, dbb=L1[.], dbi=L1[.], dib=L1[.], dii=L1[.], i=L0[.], put=L1[_1672] -> V0 -> L0[_1673] -> V1}
{b=L0[.], chain=V0 -> V0 -> V0, dbb=L1[.], dbi=L1[.], dib=L1[.], dii=L1[.], i=L0[.], put=L1[_1680] -> V0 -> L0[_1681] -> V1}
{b=L0[.], chain=V0 -> V0 -> V0, dbb=L1[.], dbi=L1[.], dib=L1[.], dii=L1[.], i=L0[.], put=L1[_1688] -> V0 -> L0[_1689] -> V1}
{b=L0[.], chain=V0 -> V0 -> V0, dbb=L1[.], dbi=L1[.], dib=L1[.], dii=L1[.], i=L0[.], put=L1[_1696] -> V0 -> L0[_1697] -> V1}
{b=L0[.], chain=V0 -> V0 -> V0, dbb=L1[.], dbi=L1[.], dib=L1[.], dii=L1[.], i=L0[.], put=L1[_1946] -> V0 -> L0[_1947] -> L1[_1948]}
{b=L0[.], chain=V0 -> V0 -> V0, dbb=L1[.], dbi=L1[.], dib=L1[.], dii=L1[.], i=L0[.], put=L1[_1955] -> V0 -> L0[_1956] -> L1[_1957]}
{b=L0[.], chain=V0 -> V0 -> V0, dbb=L1[.], dbi=L1[.], dib=L1[.], dii=L1[.], i=L0[.], put=L1[_1964] -> V0 -> L0[_1965] -> L1[_1966]}
{b=L0[.], chain=V0 -> V0 -> V0, dbb=L1[.], dbi=L1[.], dib=L1[.], dii=L1[.], i=L0[.], put=L1[_1973] -> V0 -> L0[_1974] -> L1[_1975]}
{b=L0[.], chain=V0 -> V0 -> V0, dbb=L0[.], dbi=L0[.], dib=L0[.], dii=L0[.], i=L0[.], put=L0[_2134] -> L0[_2135] -> V0 -> V0}
{b=L0[.], chain=V0 -> V0 -> V0, dbb=L0[.], dbi=L0[.], dib=L0[.], dii=L0[.], i=L0[.], put=L0[_2142] -> L0[_2143] -> V0 -> V0}
{b=L0[.], chain=V0 -> V0 -> V0, dbb=L1[.], dbi=L1[.], dib=L1[.], dii=L1[.], i=L0[.], put=L1[_2302] -> L0[_2303] -> V0 -> V1}
{b=L0[.], chain=V0 -> V0 -> V0, dbb=L1[.], dbi=L1[.], dib=L1[.], dii=L1[.], i=L0[.], put=L1[_2310] -> L0[_2311] -> V0 -> V1}
{b=L0[.], chain=V0 -> V0 -> V0, dbb=L1[.], dbi=L1[.], dib=L1[.], dii=L1[.], i=L0[.], put=L1[_2318] -> L0[_2319] -> V0 -> V1}
{b=L0[.], chain=V0 -> V0 -> V0, dbb=L1[.], dbi=L1[.], dib=L1[.], dii=L1[.], i=L0[.], put=L1[_2326] -> L0[_2327] -> V0 -> V1}
{b=L0[.], chain=V0 -> V0 -> V0, dbb=L1[.], dbi=L1[.], dib=L1[.], dii=L1[.], i=L0[.], put=L1[_2456] -> L0[_2457] -> V0 -> L1[_2458]}
{b=L0[.], chain=V0 -> V0 -> V0, dbb=L1[.], dbi=L1[.], dib=L1[.], dii=L1[.], i=L0[.], put=L1[_2465] -> L0[_2466] -> V0 -> L1[_2467]}
{b=L0[.], chain=V0 -> V0 -> V0, dbb=L1[.], dbi=L1[.], dib=L1[.], dii=L1[.], i=L0[.], put=L1[_2474] -> L0[_2475] -> V0 -> L1[_2476]}
{b=L0[.], chain=V0 -> V0 -> V0, dbb=L1[.], dbi=L1[.], dib=L1[.], dii=L1[.], i=L0[.], put=L1[_2483] -> L0[_2484] -> V0 -> L1[_2485]}
{b=L0[.], chain=V0 -> V0 -> V0, dbb=L1[.], dbi=L1[.], dib=L1[.], dii=L1[.], i=L0[.], put=L1[_2646] -> L0[_2647] -> L0[_2648] -> V0}
{b=L0[.], chain=V0 -> V0 -> V0, dbb=L1[.], dbi=L1[.], dib=L1[.], dii=L1[.], i=L0[.], put=L1[_2655] -> L0[_2656] -> L0[_2657] -> V0}
{b=L0[.], chain=V0 -> V0 -> V0, dbb=L1[.], dbi=L1[.], dib=L1[.], dii=L1[.], i=L0[.], put=L1[_2664] -> L0[_2665] -> L0[_2666] -> V0}
{b=L0[.], chain=V0 -> V0 -> V0, dbb=L1[.], dbi=L1[.], dib=L1[.], dii=L1[.], i=L0[.], put=L1[_2673] -> L0[_2674] -> L0[_2675] -> V0}
{b=L0[.], chain=V0 -> V0 -> V0, dbb=L1[.], dbi=L1[.], dib=L1[.], dii=L1[.], i=L0[.], put=L1[_2816] -> L0[_2817] -> L0[_2818] -> L1[_2819]}
{b=L0[.], chain=V0 -> V0 -> V0, dbb=L1[.], dbi=L1[.], dib=L1[.], dii=L1[.], i=L0[.], put=L1[_2826] -> L0[_2827] -> L0[_2828] -> L1[_2829]}
{b=L0[.], chain=V0 -> V0 -> V0, dbb=L1[.], dbi=L1[.], dib=L1[.], dii=L1[.], i=L0[.], put=L1[_2836] -> L0[_2837] -> L0[_2838] -> L1[_2839]}
{b=L0[.], chain=V0 -> V0 -> V0, dbb=L1[.], dbi=L1[.], dib=L1[.], dii=L1[.], i=L0[.], put=L1[_2846] -> L0[_2847] -> L0[_2848] -> L1[_2849]}
{b=L0[], chain=V0 -> V0 -> L0[], dbb=L0[], dbi=L0[], dib=L0[], dii=L0[], i=L0[], put=V0 -> V0 -> V0 -> V0}
{b=L0[], chain=V0 -> V0 -> L0[], dbb=L0[], dbi=L0[], dib=L0[], dii=L0[], i=L0[], put=V0 -> V0 -> V0 -> L0[]}
{b=L0[.], chain=V0 -> V0 -> L0[_3313], dbb=L0[.], dbi=L0[.], dib=L0[.], dii=L0[.], i=L0[.], put=V0 -> V0 -> L0[_3319] -> V0}
{b=L0[.], chain=V0 -> V0 -> L0[_3321], dbb=L0[.], dbi=L0[.], dib=L0[.], dii=L0[.], i=L0[.], put=V0 -> V0 -> L0[_3327] -> V0}
{b=L0[.], chain=V0 -> V0 -> L0[_3373], dbb=L0[.], dbi=L0[.], dib=L0[.], dii=L0[.], i=L0[.], put=V0 -> V0 -> L0[_3379] -> V1}
{b=L0[.], chain=V0 -> V0 -> L0[_3381], dbb=L0[.], dbi=L0[.], dib=L0[.], dii=L0[.], i=L0[.], put=V0 -> V0 -> L0[_3387] -> V1}
{b=L0[.], chain=V0 -> V0 -> L0[_3473], dbb=L0[.], dbi=L0[.], dib=L0[.], dii=L0[.], i=L0[.], put=V0 -> V0 -> L0[_3479] -> L0[_3480]}
{b=L0[.], chain=V0 -> V0 -> L0[_3482], dbb=L0[.], dbi=L0[.], dib=L0[.], dii=L0[.], i=L0[.], put=V0 -> V0 -> L0[_3488] -> L0[_3489]}
{b=L0[.], chain=V0 -> V0 -> L0[_4033], dbb=L0[.], dbi=L0[.], dib=L0[.], dii=L0[.], i=L0[.], put=V0 -> L0[_4039] -> V0 -> V0}
{b=L0[.], chain=V0 -> V0 -> L0[_4041], dbb=L0[.], dbi=L0[.], dib=L0[.], dii=L0[.], i=L0[.], put=V0 -> L0[_4047] -> V0 -> V0}
{b=L0[.], chain=V0 -> V0 -> L0[_4179], dbb=L0[.], dbi=L0[.], dib=L0[.], dii=L0[.], i=L0[.], put=V0 -> L0[_4185] -> V0 -> V1}
{b=L0[.], chain=V0 -> V0 -> L0[_4187], dbb=L0[.], dbi=L0[.], dib=L0[.], dii=L0[.], i=L0[.], put=V0 -> L0[_4193] -> V0 -> V1}
{b=L0[.], chain=V0 -> V0 -> L0[_4267], dbb=L0[.], dbi=L0[.], dib=L0[.], dii=L0[.], i=L0[.], put=V0 -> L0[_4273] -> V0 -> L0[_4274]}
{b=L0[.], chain=V0 -> V0 -> L0[_4276], dbb=L0[.], dbi=L0[.], dib=L0[.], dii=L0[.], i=L0[.], put=V0 -> L0[_4282] -> V0 -> L0[_4283]}
{b=L0[.], chain=V0 -> V0 -> L1[], dbb=L1[], dbi=L1[], dib=L1[], dii=L1[], i=L0[.], put=V0 -> L0[_1212] -> L0[_1213] -> V0}
{b=L0[.], chain=V0 -> V0 -> L1[], dbb=L1[], dbi=L1[], dib=L1[], dii=L1[], i=L0[.], put=V0 -> L0[_1216] -> L0[_1217] -> V0}
{b=L0[.], chain=V0 -> V0 -> L1[], dbb=L1[], dbi=L1[], dib=L1[], dii=L1[], i=L0[.], put=V0 -> L0[_1336] -> L0[_1337] -> V1}
{b=L0[.], chain=V0 -> V0 -> L1[], dbb=L1[], dbi=L1[], dib=L1[], dii=L1[], i=L0[.], put=V0 -> L0[_1340] -> L0[_1341] -> V1}
{b=L0[.], chain=V0 -> V0 -> L1[], dbb=L1[], dbi=L1[], dib=L1[], dii=L1[], i=L0[.], put=V0 -> L0[_1418] -> L0[_1419] -> L1[]}
{b=L0[.], chain=V0 -> V0 -> L1[], dbb=L1[], dbi=L1[], dib=L1[], dii=L1[], i=L0[.], put=V0 -> L0[_1422] -> L0[_1423] -> L1[]}
{b=L0[.], chain=V0 -> V0 -> L0[_1485], dbb=L0[.], dbi=L0[.], dib=L0[.], dii=L0[.], i=L0[.], put=L0[_1491] -> V0 -> V0 -> V0}
{b=L0[.], chain=V0 -> V0 -> L0[_1493], dbb=L0[.], dbi=L0[.], dib=L0[.], dii=L0[.], i=L0[.], put=L0[_1499] -> V0 -> V0 -> V0}
{b=L0[], chain=V0 -> V0 -> L1[_1570], dbb=L1[.], dbi=L1[.], dib=L1[.], dii=L1[.], i=L0[], put=L1[_1575] -> V0 -> V0 -> V1}
{b=L0[], chain=V0 -> V0 -> L1[_1576], dbb=L1[.], dbi=L1[.], dib=L1[.], dii=L1[.], i=L0[], put=L1[_1581] -> V0 -> V0 -> V1}
{b=L0[], chain=V0 -> V0 -> L1[_1698], dbb=L1[.], dbi=L1[.], dib=L1[.], dii=L1[.], i=L0[], put=L1[_1703] -> V0 -> V0 -> L1[_1704]}
{b=L0[], chain=V0 -> V0 -> L1[_1705], dbb=L1[.], dbi=L1[.], dib=L1[.], dii=L1[.], i=L0[], put=L1[_1710] -> V0 -> V0 -> L1[_1711]}
{b=L0[., .], chain=V0 -> V0 -> L0[_1802, _1803], dbb=L0[., .], dbi=L0[., .], dib=L0[., .], dii=L0[., .], i=L0[., .], put=L0[_1814, _1815] -> V0 -> V1 -> V0}
{b=L0[., .], chain=V0 -> V0 -> L0[_1818, _1819], dbb=L0[., .], dbi=L0[., .], dib=L0[., .], dii=L0[., .], i=L0[., .], put=L0[_1830, _1831] -> V0 -> V1 -> V0}
{b=L0[., .], chain=V0 -> V0 -> L0[_1834, _1835], dbb=L0[., .], dbi=L0[., .], dib=L0[., .], dii=L0[., .], i=L0[., .], put=L0[_1846, _1847] -> V0 -> V1 -> V0}
{b=L0[., .], chain=V0 -> V0 -> L0[_1978, _1979], dbb=L0[., .], dbi=L0[., .], dib=L0[., .], dii=L0[., .], i=L0[., .], put=L0[_1990, _1991] -> V0 -> V1 -> V1}
{b=L0[., .], chain=V0 -> V0 -> L0[_1994, _1995], dbb=L0[., .], dbi=L0[., .], dib=L0[., .], dii=L0[., .], i=L0[., .], put=L0[_2006, _2007] -> V0 -> V1 -> V1}
{b=L0[., .], chain=V0 -> V0 -> L0[_2010, _2011], dbb=L0[., .], dbi=L0[., .], dib=L0[., .], dii=L0[., .], i=L0[., .], put=L0[_2022, _2023] -> V0 -> V1 -> V1}
{b=L0[], chain=V0 -> V0 -> L1[_2078, _2079], dbb=L1[., .], dbi=L1[., .], dib=L1[., .], dii=L1[., .], i=L2[], put=L1[_2088, _2089] -> V0 -> V1 -> V2}
{b=L0[], chain=V0 -> V0 -> L1[_2090, _2091], dbb=L1[., .], dbi=L1[., .], dib=L1[., .], dii=L1[., .], i=L2[], put=L1[_2100, _2101] -> V0 -> V1 -> V2}
{b=L0[], chain=V0 -> V0 -> L1[_2102, _2103], dbb=L1[., .], dbi=L1[., .], dib=L1[., .], dii=L1[., .], i=L2[], put=L1[_2112, _2113] -> V0 -> V1 -> V2}
{b=L0[], chain=V0 -> V0 -> L1[_2254, _2255], dbb=L1[., .], dbi=L1[., .], dib=L1[., .], dii=L1[., .], i=L2[], put=L1[_2264, _2265] -> V0 -> V1 -> L1[_2266, _2267]}
{b=L0[], chain=V0 -> V0 -> L1[_2268, _2269], dbb=L1[., .], dbi=L1[., .], dib=L1[., .], dii=L1[., .], i=L2[], put=L1[_2278, _2279] -> V0 -> V1 -> L1[_2280, _2281]}
{b=L0[], chain=V0 -> V0 -> L1[_2282, _2283], dbb=L1[., .], dbi=L1[., .], dib=L1[., .], dii=L1[., .], i=L2[], put=L1[_2292, _2293] -> V0 -> V1 -> L1[_2294, _2295]}
{b=L0[.], chain=V0 -> V0 -> L0[_2397], dbb=L0[.], dbi=L0[.], dib=L0[.], dii=L0[.], i=L0[.], put=L0[_2403] -> V0 -> L0[_2404] -> V0}
{b=L0[.], chain=V0 -> V0 -> L0[_2406], dbb=L0[.], dbi=L0[.], dib=L0[.], dii=L0[.], i=L0[.], put=L0[_2412] -> V0 -> L0[_2413] -> V0}
{b=L0[.], chain=V0 -> V0 -> L1[_2605], dbb=L1[.], dbi=L1[.], dib=L1[.], dii=L1[.], i=L0[.], put=L1[_2611] -> V0 -> L0[_2612] -> V1}
{b=L0[.], chain=V0 -> V0 -> L1[_2614], dbb=L1[.], dbi=L1[.], dib=L1[.], dii=L1[.], i=L0[.], put=L1[_2620] -> V0 -> L0[_2621] -> V1}
{b=L0[.], chain=V0 -> V0 -> L1[_2623], dbb=L1[.], dbi=L1[.], dib=L1[.], dii=L1[.], i=L0[.], put=L1[_2629] -> V0 -> L0[_2630] -> V1}
{b=L0[.], chain=V0 -> V0 -> L1[_2632], dbb=L1[.], dbi=L1[.], dib=L1[.], dii=L1[.], i=L0[.], put=L1[_2638] -> V0 -> L0[_2639] -> V1}
{b=L0[.], chain=V0 -> V0 -> L1[_2887], dbb=L1[.], dbi=L1[.], dib=L1[.], dii=L1[.], i=L0[.], put=L1[_2893] -> V0 -> L0[_2894] -> L1[_2895]}
{b=L0[.], chain=V0 -> V0 -> L1[_2897], dbb=L1[.], dbi=L1[.], dib=L1[.], dii=L1[.], i=L0[.], put=L1[_2903] -> V0 -> L0[_2904] -> L1[_2905]}
{b=L0[.], chain=V0 -> V0 -> L1[_2907], dbb=L1[.], dbi=L1[.], dib=L1[.], dii=L1[.], i=L0[.], put=L1[_2913] -> V0 -> L0[_2914] -> L1[_2915]}
{b=L0[.], chain=V0 -> V0 -> L1[_2917], dbb=L1[.], dbi=L1[.], dib=L1[.], dii=L1[.], i=L0[.], put=L1[_2923] -> V0 -> L0[_2924] -> L1[_2925]}
{b=L0[.], chain=V0 -> V0 -> L0[_3007], dbb=L0[.], dbi=L0[.], dib=L0[.], dii=L0[.], i=L0[.], put=L0[_3013] -> L0[_3014] -> V0 -> V0}
{b=L0[.], chain=V0 -> V0 -> L0[_3016], dbb=L0[.], dbi=L0[.], dib=L0[.], dii=L0[.], i=L0[.], put=L0[_3022] -> L0[_3023] -> V0 -> V0}
{b=L0[.], chain=V0 -> V0 -> L1[_3189], dbb=L1[.], dbi=L1[.], dib=L1[.], dii=L1[.], i=L0[.], put=L1[_3195] -> L0[_3196] -> V0 -> V1}
{b=L0[.], chain=V0 -> V0 -> L1[_3198], dbb=L1[.], dbi=L1[.], dib=L1[.], dii=L1[.], i=L0[.], put=L1[_3204] -> L0[_3205] -> V0 -> V1}
{b=L0[.], chain=V0 -> V0 -> L1[_3207], dbb=L1[.], dbi=L1[.], dib=L1[.], dii=L1[.], i=L0[.], put=L1[_3213] -> L0[_3214] -> V0 -> V1}
{b=L0[.], chain=V0 -> V0 -> L1[_3216], dbb=L1[.], dbi=L1[.], dib=L1[.], dii=L1[.], i=L0[.], put=L1[_3222] -> L0[_3223] -> V0 -> V1}
{b=L0[.], chain=V0 -> V0 -> L1[_3389], dbb=L1[.], dbi=L1[.], dib=L1[.], dii=L1[.], i=L0[.], put=L1[_3395] -> L0[_3396] -> V0 -> L1[_3397]}
{b=L0[.], chain=V0 -> V0 -> L1[_3399], dbb=L1[.], dbi=L1[.], dib=L1[.], dii=L1[.], i=L0[.], put=L1[_3405] -> L0[_3406] -> V0 -> L1[_3407]}
{b=L0[.], chain=V0 -> V0 -> L1[_3409], dbb=L1[.], dbi=L1[.], dib=L1[.], dii=L1[.], i=L0[.], put=L1[_3415] -> L0[_3416] -> V0 -> L1[_3417]}
{b=L0[.], chain=V0 -> V0 -> L1[_3419], dbb=L1[.], dbi=L1[.], dib=L1[.], dii=L1[.], i=L0[.], put=L1[_3425] -> L0[_3426] -> V0 -> L1[_3427]}
{b=L0[.], chain=V0 -> V0 -> L1[_3597], dbb=L1[.], dbi=L1[.], dib=L1[.], dii=L1[.], i=L0[.], put=L1[_3603] -> L0[_3604] -> L0[_3605] -> V0}
{b=L0[.], chain=V0 -> V0 -> L1[_3607], dbb=L1[.], dbi=L1[.], dib=L1[.], dii=L1[.], i=L0[.], put=L1[_3613] -> L0[_3614] -> L0[_3615] -> V0}
{b=L0[.], chain=V0 -> V0 -> L1[_3617], dbb=L1[.], dbi=L1[.], dib=L1[.], dii=L1[.], i=L0[.], put=L1[_3623] -> L0[_3624] -> L0[_3625] -> V0}
{b=L0[.], chain=V0 -> V0 -> L1[_3627], dbb=L1[.], dbi=L1[.], dib=L1[.], dii=L1[.], i=L0[.], put=L1[_3633] -> L0[_3634] -> L0[_3635] -> V0}
{b=L0[.], chain=V0 -> V0 -> L1[_3811], dbb=L1[.], dbi=L1[.], dib=L1[.], dii=L1[.], i=L0[.], put=L1[_3817] -> L0[_3818] -> L0[_3819] -> L1[_3820]}
{b=L0[.], chain=V0 -> V0 -> L1[_3822], dbb=L1[.], dbi=L1[.], dib=L1[.], dii=L1[.], i=L0[.], put=L1[_3828] -> L0[_3829] -> L0[_3830] -> L1[_3831]}
{b=L0[.], chain=V0 -> V0 -> L1[_3833], dbb=L1[.], dbi=L1[.], dib=L1[.], dii=L1[.], i=L0[.], put=L1[_3839] -> L0[_3840] -> L0[_3841] -> L1[_3842]}
{b=L0[.], chain=V0 -> V0 -> L1[_3844], dbb=L1[.], dbi=L1[.], dib=L1[.], dii=L1[.], i=L0[.], put=L1[_3850] -> L0[_3851] -> L0[_3852] -> L1[_3853]}
{b=L0[], chain=V0 -> L0[] -> V0, dbb=L0[], dbi=L0[], dib=L0[], dii=L0[], i=L0[], put=V0 -> V0 -> V0 -> V0}
{b=L0[], chain=V0 -> L0[] -> V0, dbb=L0[], dbi=L0[], dib=L0[], dii=L0[], i=L0[], put=V0 -> V0 -> V0 -> L0[]}
{b=L0[.], chain=V0 -> L0[_4103] -> V0, dbb=L0[.], dbi=L0[.], dib=L0[.], dii=L0[.], i=L0[.], put=V0 -> V0 -> L0[_4109] -> V0}
{b=L0[.], chain=V0 -> L0[_4111] -> V0, dbb=L0[.], dbi=L0[.], dib=L0[.], dii=L0[.], i=L0[.], put=V0 -> V0 -> L0[_4117] -> V0}
{b=L0[.], chain=V0 -> L0[_4163] -> V0, dbb=L0[.], dbi=L0[.], dib=L0[.], dii=L0[.], i=L0[.], put=V0 -> V0 -> L0[_4169] -> V1}
{b=L0[.], chain=V0 -> L0[_4171] -> V0, dbb=L0[.], dbi=L0[.], dib=L0[.], dii=L0[.], i=L0[.], put=V0 -> V0 -> L0[_4177] -> V1}
{b=L0[.], chain=V0 -> L0[_4249] -> V0, dbb=L0[.], dbi=L0[.], dib=L0[.], dii=L0[.], i=L0[.], put=V0 -> V0 -> L0[_4255] -> L0[_4256]}
{b=L0[.], chain=V0 -> L0[_4258] -> V0, dbb=L0[.], dbi=L0[.], dib=L0[.], dii=L0[.], i=L0[.], put=V0 -> V0 -> L0[_4264] -> L0[_4265]}
{b=L0[.], chain=V0 -> L0[_2695] -> V0, dbb=L0[.], dbi=L0[.], dib=L0[.], dii=L0[.], i=L0[.], put=V0 -> L0[_2701] -> V0 -> V0}
{b=L0[.], chain=V0 -> L0[_2703] -> V0, dbb=L0[.], dbi=L0[.], dib=L0[.], dii=L0[.], i=L0[.], put=V0 -> L0[_2709] -> V0 -> V0}
{b=L0[.], chain=V0 -> L0[_2795] -> V0, dbb=L0[.], dbi=L0[.], dib=L0[.], dii=L0[.], i=L0[.], put=V0 -> L0[_2801] -> V0 -> V1}
{b=L0[.], chain=V0 -> L0[_2803] -> V0, dbb=L0[.], dbi=L0[.], dib=L0[.], dii=L0[.], i=L0[.], put=V0 -> L0[_2809] -> V0 -> V1}
{b=L0[.], chain=V0 -> L0[_2851] -> V0, dbb=L0[.], dbi=L0[.], dib=L0[.], dii=L0[.], i=L0[.], put=V0 -> L0[_2857] -> V0 -> L0[_2858]}
{b=L0[.], chain=V0 -> L0[_2860] -> V0, dbb=L0[.], dbi=L0[.], dib=L0[.], dii=L0[.], i=L0[.], put=V0 -> L0[_2866] -> V0 -> L0[_2867]}
{b=L0[.], chain=V0 -> L1[] -> V0, dbb=L1[], dbi=L1[], dib=L1[], dii=L1[], i=L0[.], put=V0 -> L0[_3226] -> L0[_3227] -> V0}
{b=L0[.], chain=V0 -> L1[] -> V0, dbb=L1[], dbi=L1[], dib=L1[], dii=L1[], i=L0[.], put=V0 -> L0[_3230] -> L0[_3231] -> V0}
{b=L0[.], chain=V0 -> L1[] -> V0, dbb=L1[], dbi=L1[], dib=L1[], dii=L1[], i=L0[.], put=V0 -> L0[_3448] -> L0[_3449] -> V1}
{b=L0[.], chain=V0 -> L1[] -> V0, dbb=L1[], dbi=L1[], dib=L1[], dii=L1[], i=L0[.], put=V0 -> L0[_3452] -> L0[_3453] -> V1}
{b=L0[.], chain=V0 -> L1[] -> V0, dbb=L1[], dbi=L1[], dib=L1[], dii=L1[], i=L0[.], put=V0 -> L0[_1328] -> L0[_1329] -> L1[]}
{b=L0[.], chain=V0 -> L1[] -> V0, dbb=L1[], dbi=L1[], dib=L1[], dii=L1[], i=L0[.], put=V0 -> L0[_1332] -> L0[_1333] -> L1[]}
{b=L0[.], chain=V0 -> L0[_1385] -> V0, dbb=L0[.], dbi=L0[.], dib=L0[.], dii=L0[.], i=L0[.], put=L0[_1391] -> V0 -> V0 -> V0}
{b=L0[.], chain=V0 -> L0[_1393] -> V0, dbb=L0[.], dbi=L0[.], dib=L0[.], dii=L0[.], i=L0[.], put=L0[_1399] -> V0 -> V0 -> V0}
{b=L0[], chain=V0 -> L1[_1472] -> V0, dbb=L1[.], dbi=L1[.], dib=L1[.], dii=L1[.], i=L0[], put=L1[_1477] -> V0 -> V0 -> V1}
{b=L0[], chain=V0 -> L1[_1478] -> V0, dbb=L1[.], dbi=L1[.], dib=L1[.], dii=L1[.], i=L0[], put=L1[_1483] -> V0 -> V0 -> V1}
{b=L0[], chain=V0 -> L1[_1500] -> V0, dbb=L1[.], dbi=L1[.], dib=L1[.], dii=L1[.], i=L0[], put=L1[_1505] -> V0 -> V0 -> L1[_1506]}
{b=L0[], chain=V0 -> L1[_1507] -> V0, dbb=L1[.], dbi=L1[.], dib=L1[.], dii=L1[.], i=L0[], put=L1[_1512] -> V0 -> V0 -> L1[_1513]}
{b=L0[., .], chain=V0 -> L0[_1584, _1585] -> V0, dbb=L0[., .], dbi=L0[., .], dib=L0[., .], dii=L0[., .], i=L0[., .], put=L0[_1596, _1597] -> V0 -> V1 -> V0}
{b=L0[., .], chain=V0 -> L0[_1600, _1601] -> V0, dbb=L0[., .], dbi=L0[., .], dib=L0[., .], dii=L0[., .], i=L0[., .], put=L0[_1612, _1613] -> V0 -> V1 -> V0}
{b=L0[., .], chain=V0 -> L0[_1616, _1617] -> V0, dbb=L0[., .], dbi=L0[., .], dib=L0[., .], dii=L0[., .], i=L0[., .], put=L0[_1628, _1629] -> V0 -> V1 -> V0}
{b=L0[., .], chain=V0 -> L0[_1714, _1715] -> V0, dbb=L0[., .], dbi=L0[., .], dib=L0[., .], dii=L0[., .], i=L0[., .], put=L0[_1726, _1727] -> V0 -> V1 -> V1}
{b=L0[., .], chain=V0 -> L0[_1730, _1731] -> V0, dbb=L0[., .], dbi=L0[., .], dib=L0[., .], dii=L0[., .], i=L0[., .], put=L0[_1742, _1743] -> V0 -> V1 -> V1}
{b=L0[., .], chain=V0 -> L0[_1746, _1747] -> V0, dbb=L0[., .], dbi=L0[., .], dib=L0[., .], dii=L0[., .], i=L0[., .], put=L0[_1758, _1759] -> V0 -> V1 -> V1}
{b=L0[], chain=V0 -> L1[_1864, _1865] -> V0, dbb=L1[., .], dbi=L1[., .], dib=L1[., .], dii=L1[., .], i=L2[], put=L1[_1874, _1875] -> V0 -> V1 -> V2}
{b=L0[], chain=V0 -> L1[_1876, _1877] -> V0, dbb=L1[., .], dbi=L1[., .], dib=L1[., .], dii=L1[., .], i=L2[], put=L1[_1886, _1887] -> V0 -> V1 -> V2}
{b=L0[], chain=V0 -> L1[_1888, _1889] -> V0, dbb=L1[., .], dbi=L1[., .], dib=L1[., .], dii=L1[., .], i=L2[], put=L1[_1898, _1899] -> V0 -> V1 -> V2}
{b=L0[], chain=V0 -> L1[_2036, _2037] -> V0, dbb=L1[., .], dbi=L1[., .], dib=L1[., .], dii=L1[., .], i=L2[], put=L1[_2046, _2047] -> V0 -> V1 -> L1[_2048, _2049]}
{b=L0[], chain=V0 -> L1[_2050, _2051] -> V0, dbb=L1[., .], dbi=L1[., .], dib=L1[., .], dii=L1[., .], i=L2[], put=L1[_2060, _2061] -> V0 -> V1 -> L1[_2062, _2063]}
{b=L0[], chain=V0 -> L1[_2064, _2065] -> V0, dbb=L1[., .], dbi=L1[., .], dib=L1[., .], dii=L1[., .], i=L2[], put=L1[_2074, _2075] -> V0 -> V1 -> L1[_2076, _2077]}
{b=L0[.], chain=V0 -> L0[_2145] -> V0, dbb=L0[.], dbi=L0[.], dib=L0[.], dii=L0[.], i=L0[.], put=L0[_2151] -> V0 -> L0[_2152] -> V0}
{b=L0[.], chain=V0 -> L0[_2154] -> V0, dbb=L0[.], dbi=L0[.], dib=L0[.], dii=L0[.], i=L0[.], put=L0[_2160] -> V0 -> L0[_2161] -> V0}
{b=L0[.], chain=V0 -> L1[_2487] -> V0, dbb=L1[.], dbi=L1[.], dib=L1[.], dii=L1[.], i=L0[.], put=L1[_2493] -> V0 -> L0[_2494] -> V1}
{b=L0[.], chain=V0 -> L1[_2496] -> V0, dbb=L1[.], dbi=L1[.], dib=L1[.], dii=L1[.], i=L0[.], put=L1[_2502] -> V0 -> L0[_2503] -> V1}
{b=L0[.], chain=V0 -> L1[_2505] -> V0, dbb=L1[.], dbi=L1[.], dib=L1[.], dii=L1[.], i=L0[.], put=L1[_2511] -> V0 -> L0[_2512] -> V1}
{b=L0[.], chain=V0 -> L1[_2514] -> V0, dbb=L1[.], dbi=L1[.], dib=L1[.], dii=L1[.], i=L0[.], put=L1[_2520] -> V0 -> L0[_2521] -> V1}
{b=L0[.], chain=V0 -> L1[_2755] -> V0, dbb=L1[.], dbi=L1[.], dib=L1[.], dii=L1[.], i=L0[.], put=L1[_2761] -> V0 -> L0[_2762] -> L1[_2763]}
{b=L0[.], chain=V0 -> L1[_2765] -> V0, dbb=L1[.], dbi=L1[.], dib=L1[.], dii=L1[.], i=L0[.], put=L1[_2771] -> V0 -> L0[_2772] -> L1[_2773]}
{b=L0[.], chain=V0 -> L1[_2775] -> V0, dbb=L1[.], dbi=L1[.], dib=L1[.], dii=L1[.], i=L0[.], put=L1[_2781] -> V0 -> L0[_2782] -> L1[_2783]}
{b=L0[.], chain=V0 -> L1[_2785] -> V0, dbb=L1[.], dbi=L1[.], dib=L1[.], dii=L1[.], i=L0[.], put=L1[_2791] -> V0 -> L0[_2792] -> L1[_2793]}
{b=L0[.], chain=V0 -> L0[_2869] -> V0, dbb=L0[.], dbi=L0[.], dib=L0[.], dii=L0[.], i=L0[.], put=L0[_2875] -> L0[_2876] -> V0 -> V0}
{b=L0[.], chain=V0 -> L0[_2878] -> V0, dbb=L0[.], dbi=L0[.], dib=L0[.], dii=L0[.], i=L0[.], put=L0[_2884] -> L0[_2885] -> V0 -> V0}
{b=L0[.], chain=V0 -> L1[_3025] -> V0, dbb=L1[.], dbi=L1[.], dib=L1[.], dii=L1[.], i=L0[.], put=L1[_3031] -> L0[_3032] -> V0 -> V1}
{b=L0[.], chain=V0 -> L1[_3034] -> V0, dbb=L1[.], dbi=L1[.], dib=L1[.], dii=L1[.], i=L0[.], put=L1[_3040] -> L0[_3041] -> V0 -> V1}
{b=L0[.], chain=V0 -> L1[_3043] -> V0, dbb=L1[.], dbi=L1[.], dib=L1[.], dii=L1[.], i=L0[.], put=L1[_3049] -> L0[_3050] -> V0 -> V1}
{b=L0[.], chain=V0 -> L1[_3052] -> V0, dbb=L1[.], dbi=L1[.], dib=L1[.], dii=L1[.], i=L0[.], put=L1[_3058] -> L0[_3059] -> V0 -> V1}
{b=L0[.], chain=V0 -> L1[_3273] -> V0, dbb=L1[.], dbi=L1[.], dib=L1[.], dii=L1[.], i=L0[.], put=L1[_3279] -> L0[_3280] -> V0 -> L1[_3281]}
{b=L0[.], chain=V0 -> L1[_3283] -> V0, dbb=L1[.], dbi=L1[.], dib=L1[.], dii=L1[.], i=L0[.], put=L1[_3289] -> L0[_3290] -> V0 -> L1[_3291]}
{b=L0[.], chain=V0 -> L1[_3293] -> V0, dbb=L1[.], dbi=L1[.], dib=L1[.], dii=L1[.], i=L0[.], put=L1[_3299] -> L0[_3300] -> V0 -> L1[_3301]}
{b=L0[.], chain=V0 -> L1[_3303] -> V0, dbb=L1[.], dbi=L1[.], dib=L1[.], dii=L1[.], i=L0[.], put=L1[_3309] -> L0[_3310] -> V0 -> L1[_3311]}
{b=L0[.], chain=V0 -> L1[_3491] -> V0, dbb=L1[.], dbi=L1[.], dib=L1[.], dii=L1[.], i=L0[.], put=L1[_3497] -> L0[_3498] -> L0[_3499] -> V0}
{b=L0[.], chain=V0 -> L1[_3501] -> V0, dbb=L1[.], dbi=L1[.], dib=L1[.], dii=L1[.], i=L0[.], put=L1[_3507] -> L0[_3508] -> L0[_3509] -> V0}
{b=L0[.], chain=V0 -> L1[_3511] -> V0, dbb=L1[.], dbi=L1[.], dib=L1[.], dii=L1[.], i=L0[.], put=L1[_3517] -> L0[_3518] -> L0[_3519] -> V0}
{b=L0[.], chain=V0 -> L1[_3521] -> V0, dbb=L1[.], dbi=L1[.], dib=L1[.], dii=L1[.], i=L0[.], put=L1[_3527] -> L0[_3528] -> L0[_3529] -> V0}
{b=L0[.], chain=V0 -> L1[_3653] -> V0, dbb=L1[.], dbi=L1[.], dib=L1[.], dii=L1[.], i=L0[.], put=L1[_3659] -> L0[_3660] -> L0[_3661] -> L1[_3662]}
{b=L0[.], chain=V0 -> L1[_3664] -> V0, dbb=L1[.], dbi=L1[.], dib=L1[.], dii=L1[.], i=L0[.], put=L1[_3670] -> L0[_3671] -> L0[_3672] -> L1[_3673]}
{b=L0[.], chain=V0 -> L1[_3675] -> V0, dbb=L1[.], dbi=L1[.], dib=L1[.], dii=L1[.], i=L0[.], put=L1[_3681] -> L0[_3682] -> L0[_3683] -> L1[_3684]}
{b=L0[.], chain=V0 -> L1[_3686] -> V0, dbb=L1[.], dbi=L1[.], dib=L1[.], dii=L1[.], i=L0[.], put=L1[_3692] -> L0[_3693] -> L0[_3694] -> L1[_3695]}
{b=L0[.], chain=V0 -> L0[_4049] -> V1, dbb=L0[.], dbi=L0[.], dib=L0[.], dii=L0[.], i=L0[.], put=V0 -> V0 -> L0[_4055] -> V0}
{b=L0[.], chain=V0 -> L0[_4057] -> V1, dbb=L0[.], dbi=L0[.], dib=L0[.], dii=L0[.], i=L0[.], put=V0 -> V0 -> L0[_4063] -> V0}
{b=L0[.], chain=V0 -> L0[_4127] -> V1, dbb=L0[.], dbi=L0[.], dib=L0[.], dii=L0[.], i=L0[.], put=V0 -> V0 -> L0[_4133] -> V1}
{b=L0[.], chain=V0 -> L0[_4135] -> V1, dbb=L0[.], dbi=L0[.], dib=L0[.], dii=L0[.], i=L0[.], put=V0 -> V0 -> L0[_4141] -> V1}
{b=L0[.], chain=V0 -> L0[_4215] -> V1, dbb=L0[.], dbi=L0[.], dib=L0[.], dii=L0[.], i=L0[.], put=V0 -> V0 -> L0[_4221] -> L0[_4222]}
{b=L0[.], chain=V0 -> L0[_4224] -> V1, dbb=L0[.], dbi=L0[.], dib=L0[.], dii=L0[.], i=L0[.], put=V0 -> V0 -> L0[_4230] -> L0[_4231]}
{b=L0[.], chain=V0 -> L0[_5045] -> V1, dbb=L0[.], dbi=L0[.], dib=L0[.], dii=L0[.], i=L0[.], put=V0 -> L0[_5051] -> V0 -> V0}
{b=L0[.], chain=V0 -> L0[_5053] -> V1, dbb=L0[.], dbi=L0[.], dib=L0[.], dii=L0[.], i=L0[.], put=V0 -> L0[_5059] -> V0 -> V0}
{b=L0[.], chain=V0 -> L0[_6984] -> V1, dbb=L0[.], dbi=L0[.], dib=L0[.], dii=L0[.], i=L0[.], put=V0 -> L0[_6990] -> V0 -> V1}
{b=L0[.], chain=V0 -> L0[_6992] -> V1, dbb=L0[.], dbi=L0[.], dib=L0[.], dii=L0[.], i=L0[.], put=V0 -> L0[_6998] -> V0 -> V1}
{b=L0[.], chain=V0 -> L0[_7062] -> V1, dbb=L0[.], dbi=L0[.], dib=L0[.], dii=L0[.], i=L0[.], put=V0 -> L0[_7068] -> V0 -> L0[_7069]}
{b=L0[.], chain=V0 -> L0[_7071] -> V1, dbb=L0[.], dbi=L0[.], dib=L0[.], dii=L0[.], i=L0[.], put=V0 -> L0[_7077] -> V0 -> L0[_7078]}
{b=L0[.], chain=V0 -> L0[_7444] -> V1, dbb=L0[.], dbi=L0[.], dib=L0[.], dii=L0[.], i=L0[.], put=L0[_7450] -> V0 -> V0 -> V0}
{b=L0[.], chain=V0 -> L0[_7452] -> V1, dbb=L0[.], dbi=L0[.], dib=L0[.], dii=L0[.], i=L0[.], put=L0[_7458] -> V0 -> V0 -> V0}
{b=L0[], chain=V0 -> L1[_7479] -> V1, dbb=L1[.], dbi=L1[.], dib=L1[.], dii=L1[.], i=L0[], put=L1[_7484] -> V0 -> V0 -> V1}
{b=L0[], chain=V0 -> L1[_7485] -> V1, dbb=L1[.], dbi=L1[.], dib=L1[.], dii=L1[.], i=L0[], put=L1[_7490] -> V0 -> V0 -> V1}
{b=L0[], chain=V0 -> L1[_7491] -> V1, dbb=L1[.], dbi=L1[.], dib=L1[.], dii=L1[.], i=L0[], put=L1[_7496] -> V0 -> V0 -> L1[_7497]}
{b=L0[], chain=V0 -> L1[_7498] -> V1, dbb=L1[.], dbi=L1[.], dib=L1[.], dii=L1[.], i=L0[], put=L1[_7503] -> V0 -> V0 -> L1[_7504]}
{b=L0[., .], chain=V0 -> L0[_7547, _7548] -> V1, dbb=L0[., .], dbi=L0[., .], dib=L0[., .], dii=L0[., .], i=L0[., .], put=L0[_7559, _7560] -> V0 -> V1 -> V0}
{b=L0[., .], chain=V0 -> L0[_7563, _7564] -> V1, dbb=L0[., .], dbi=L0[., .], dib=L0[., .], dii=L0[., .], i=L0[., .], put=L0[_7575, _7576] -> V0 -> V1 -> V0}
{b=L0[., .], chain=V0 -> L0[_7579, _7580] -> V1, dbb=L0[., .], dbi=L0[., .], dib=L0[., .], dii=L0[., .], i=L0[., .], put=L0[_7591, _7592] -> V0 -> V1 -> V0}
{b=L0[., .], chain=V0 -> L0[_7595, _7596] -> V1, dbb=L0[., .], dbi=L0[., .], dib=L0[., .], dii=L0[., .], i=L0[., .], put=L0[_7607, _7608] -> V0 -> V1 -> V1}
{b=L0[., .], chain=V0 -> L0[_7611, _7612] -> V1, dbb=L0[., .], dbi=L0[., .], dib=L0[., .], dii=L0[., .], i=L0[., .], put=L0[_7623, _7624] -> V0 -> V1 -> V1}
{b=L0[., .], chain=V0 -> L0[_7627, _7628] -> V1, dbb=L0[., .], dbi=L0[., .], dib=L0[., .], dii=L0[., .], i=L0[., .], put=L0[_7639, _7640] -> V0 -> V1 -> V1}
{b=L0[], chain=V0 -> L1[_7685, _7686] -> V1, dbb=L1[., .], dbi=L1[., .], dib=L1[., .], dii=L1[., .], i=L2[], put=L1[_7695, _7696] -> V0 -> V1 -> V2}
{b=L0[], chain=V0 -> L1[_7697, _7698] -> V1, dbb=L1[., .], dbi=L1[., .], dib=L1[., .], dii=L1[., .], i=L2[], put=L1[_7707, _7708] -> V0 -> V1 -> V2}
{b=L0[], chain=V0 -> L1[_7709, _7710] -> V1, dbb=L1[., .], dbi=L1[., .], dib=L1[., .], dii=L1[., .], i=L2[], put=L1[_7719, _7720] -> V0 -> V1 -> V2}
{b=L0[], chain=V0 -> L1[_7721, _7722] -> V1, dbb=L1[., .], dbi=L1[., .], dib=L1[., .], dii=L1[., .], i=L2[], put=L1[_7731, _7732] -> V0 -> V1 -> L1[_7733, _7734]}
{b=L0[], chain=V0 -> L1[_7735, _7736] -> V1, dbb=L1[., .], dbi=L1[., .], dib=L1[., .], dii=L1[., .], i=L2[], put=L1[_7745, _7746] -> V0 -> V1 -> L1[_7747, _7748]}
{b=L0[], chain=V0 -> L1[_7749, _7750] -> V1, dbb=L1[., .], dbi=L1[., .], dib=L1[., .], dii=L1[., .], i=L2[], put=L1[_7759, _7760] -> V0 -> V1 -> L1[_7761, _7762]}
{b=L0[.], chain=V0 -> L0[_7808] -> V1, dbb=L0[.], dbi=L0[.], dib=L0[.], dii=L0[.], i=L0[.], put=L0[_7814] -> V0 -> L0[_7815] -> V0}
{b=L0[.], chain=V0 -> L0[_7817] -> V1, dbb=L0[.], dbi=L0[.], dib=L0[.], dii=L0[.], i=L0[.], put=L0[_7823] -> V0 -> L0[_7824] -> V0}
{b=L0[.], chain=V0 -> L1[_7904] -> V1, dbb=L1[.], dbi=L1[.], dib=L1[.], dii=L1[.], i=L0[.], put=L1[_7910] -> V0 -> L0[_7911] -> V1}
{b=L0[.], chain=V0 -> L1[_7913] -> V1, dbb=L1[.], dbi=L1[.], dib=L1[.], dii=L1[.], i=L0[.], put=L1[_7919] -> V0 -> L0[_7920] -> V1}
{b=L0[.], chain=V0 -> L1[_7922] -> V1, dbb=L1[.], dbi=L1[.], dib=L1[.], dii=L1[.], i=L0[.], put=L1[_7928] -> V0 -> L0[_7929] -> V1}
{b=L0[.], chain=V0 -> L1[_7931] -> V1, dbb=L1[.], dbi=L1[.], dib=L1[.], dii=L1[.], i=L0[.], put=L1[_7937] -> V0 -> L0[_7938] -> V1}
{b=L0[.], chain=V0 -> L1[_7940] -> V1, dbb=L1[.], dbi=L1[.], dib=L1[.], dii=L1[.], i=L0[.], put=L1[_7946] -> V0 -> L0[_7947] -> L1[_7948]}
{b=L0[.], chain=V0 -> L1[_7950] -> V1, dbb=L1[.], dbi=L1[.], dib=L1[.], dii=L1[.], i=L0[.], put=L1[_7956] -> V0 -> L0[_7957] -> L1[_7958]}
{b=L0[.], chain=V0 -> L1[_7960] -> V1, dbb=L1[.], dbi=L1[.], dib=L1[.], dii=L1[.], i=L0[.], put=L1[_7966] -> V0 -> L0[_7967] -> L1[_7968]}
{b=L0[.], chain=V0 -> L1[_7970] -> V1, dbb=L1[.], dbi=L1[.], dib=L1[.], dii=L1[.], i=L0[.], put=L1[_7976] -> V0 -> L0[_7977] -> L1[_7978]}
{b=L0[.], chain=V0 -> L0[_5696] -> V1, dbb=L0[.], dbi=L0[.], dib=L0[.], dii=L0[.], i=L0[.], put=L0[_5702] -> L0[_5703] -> V0 -> V0}
{b=L0[.], chain=V0 -> L0[_5705] -> V1, dbb=L0[.], dbi=L0[.], dib=L0[.], dii=L0[.], i=L0[.], put=L0[_5711] -> L0[_5712] -> V0 -> V0}
{b=L0[.], chain=V0 -> L1[_5902] -> V1, dbb=L1[.], dbi=L1[.], dib=L1[.], dii=L1[.], i=L0[.], put=L1[_5908] -> L0[_5909] -> V0 -> V1}
{b=L0[.], chain=V0 -> L1[_5911] -> V1, dbb=L1[.], dbi=L1[.], dib=L1[.], dii=L1[.], i=L0[.], put=L1[_5917] -> L0[_5918] -> V0 -> V1}
{b=L0[.], chain=V0 -> L1[_5920] -> V1, dbb=L1[.], dbi=L1[.], dib=L1[.], dii=L1[.], i=L0[.], put=L1[_5926] -> L0[_5927] -> V0 -> V1}
{b=L0[.], chain=V0 -> L1[_5929] -> V1, dbb=L1[.], dbi=L1[.], dib=L1[.], dii=L1[.], i=L0[.], put=L1[_5935] -> L0[_5936] -> V0 -> V1}
{b=L0[.], chain=V0 -> L1[_6168] -> V1, dbb=L1[.], dbi=L1[.], dib=L1[.], dii=L1[.], i=L0[.], put=L1[_6174] -> L0[_6175] -> V0 -> L1[_6176]}
{b=L0[.], chain=V0 -> L1[_6178] -> V1, dbb=L1[.], dbi=L1[.], dib=L1[.], dii=L1[.], i=L0[.], put=L1[_6184] -> L0[_6185] -> V0 -> L1[_6186]}
{b=L0[.], chain=V0 -> L1[_6188] -> V1, dbb=L1[.], dbi=L1[.], dib=L1[.], dii=L1[.], i=L0[.], put=L1[_6194] -> L0[_6195] -> V0 -> L1[_6196]}
{b=L0[.], chain=V0 -> L1[_6198] -> V1, dbb=L1[.], dbi=L1[.], dib=L1[.], dii=L1[.], i=L0[.], put=L1[_6204] -> L0[_6205] -> V0 -> L1[_6206]}
{b=L0[.], chain=V0 -> L1[_6364] -> V1, dbb=L1[.], dbi=L1[.], dib=L1[.], dii=L1[.], i=L0[.], put=L1[_6370] -> L0[_6371] -> L0[_6372] -> V0}
{b=L0[.], chain=V0 -> L1[_6374] -> V1, dbb=L1[.], dbi=L1[.], dib=L1[.], dii=L1[.], i=L0[.], put=L1[_6380] -> L0[_6381] -> L0[_6382] -> V0}
{b=L0[.], chain=V0 -> L1[_6384] -> V1, dbb=L1[.], dbi=L1[.], dib=L1[.], dii=L1[.], i=L0[.], put=L1[_6390] -> L0[_6391] -> L0[_6392] -> V0}
{b=L0[.], chain=V0 -> L1[_6394] -> V1, dbb=L1[.], dbi=L1[.], dib=L1[.], dii=L1[.], i=L0[.], put=L1[_6400] -> L0[_6401] -> L0[_6402] -> V0}
{b=L0[.], chain=V0 -> L1[_6652] -> V1, dbb=L1[.], dbi=L1[.], dib=L1[.], dii=L1[.], i=L0[.], put=L1[_6658] -> L0[_6659] -> L0[_6660] -> L1[_6661]}
{b=L0[.], chain=V0 -> L1[_6663] -> V1, dbb=L1[.], dbi=L1[.], dib=L1[.], dii=L1[.], i=L0[.], put=L1[_6669] -> L0[_6670] -> L0[_6671] -> L1[_6672]}
{b=L0[.], chain=V0 -> L1[_6674] -> V1, dbb=L1[.], dbi=L1[.], dib=L1[.], dii=L1[.], i=L0[.], put=L1[_6680] -> L0[_6681] -> L0[_6682] -> L1[_6683]}
{b=L0[.], chain=V0 -> L1[_6685] -> V1, dbb=L1[.], dbi=L1[.], dib=L1[.], dii=L1[.], i=L0[.], put=L1[_6691] -> L0[_6692] -> L0[_6693] -> L1[_6694]}
{b=L0[], chain=V0 -> L0[] -> L0[], dbb=L0[], dbi=L0[], dib=L0[], dii=L0[], i=L0[], put=V0 -> V0 -> V0 -> V0}
{b=L0[], chain=V0 -> L0[] -> L0[], dbb=L0[], dbi=L0[], dib=L0[], dii=L0[], i=L0[], put=V0 -> V0 -> V0 -> L0[]}
{b=L0[.], chain=V0 -> L0[_7194] -> L0[_7195], dbb=L0[.], dbi=L0[.], dib=L0[.], dii=L0[.], i=L0[.], put=V0 -> V0 -> L0[_7201] -> V0}
{b=L0[.], chain=V0 -> L0[_7203] -> L0[_7204], dbb=L0[.], dbi=L0[.], dib=L0[.], dii=L0[.], i=L0[.], put=V0 -> V0 -> L0[_7210] -> V0}
{b=L0[.], chain=V0 -> L0[_7292] -> L0[_7293], dbb=L0[.], dbi=L0[.], dib=L0[.], dii=L0[.], i=L0[.], put=V0 -> V0 -> L0[_7299] -> V1}
{b=L0[.], chain=V0 -> L0[_7301] -> L0[_7302], dbb=L0[.], dbi=L0[.], dib=L0[.], dii=L0[.], i=L0[.], put=V0 -> V0 -> L0[_7308] -> V1}
{b=L0[.], chain=V0 -> L0[_7354] -> L0[_7355], dbb=L0[.], dbi=L0[.], dib=L0[.], dii=L0[.], i=L0[.], put=V0 -> V0 -> L0[_7361] -> L0[_7362]}
{b=L0[.], chain=V0 -> L0[_7364] -> L0[_7365], dbb=L0[.], dbi=L0[.], dib=L0[.], dii=L0[.], i=L0[.], put=V0 -> V0 -> L0[_7371] -> L0[_7372]}
{b=L0[.], chain=V0 -> L0[_5666] -> L0[_5667], dbb=L0[.], dbi=L0[.], dib=L0[.], dii=L0[.], i=L0[.], put=V0 -> L0[_5673] -> V0 -> V0}
{b=L0[.], chain=V0 -> L0[_5675] -> L0[_5676], dbb=L0[.], dbi=L0[.], dib=L0[.], dii=L0[.], i=L0[.], put=V0 -> L0[_5682] -> V0 -> V0}
{b=L0[.], chain=V0 -> L0[_5808] -> L0[_5809], dbb=L0[.], dbi=L0[.], dib=L0[.], dii=L0[.], i=L0[.], put=V0 -> L0[_5815] -> V0 -> V1}
{b=L0[.], chain=V0 -> L0[_5817] -> L0[_5818], dbb=L0[.], dbi=L0[.], dib=L0[.], dii=L0[.], i=L0[.], put=V0 -> L0[_5824] -> V0 -> V1}
{b=L0[.], chain=V0 -> L0[_5938] -> L0[_5939], dbb=L0[.], dbi=L0[.], dib=L0[.], dii=L0[.], i=L0[.], put=V0 -> L0[_5945] -> V0 -> L0[_5946]}
{b=L0[.], chain=V0 -> L0[_5948] -> L0[_5949], dbb=L0[.], dbi=L0[.], dib=L0[.], dii=L0[.], i=L0[.], put=V0 -> L0[_5955] -> V0 -> L0[_5956]}
{b=L0[.], chain=V0 -> L1[] -> L1[], dbb=L1[], dbi=L1[], dib=L1[], dii=L1[], i=L0[.], put=V0 -> L0[_6405] -> L0[_6406] -> V0}
{b=L0[.], chain=V0 -> L1[] -> L1[], dbb=L1[], dbi=L1[], dib=L1[], dii=L1[], i=L0[.], put=V0 -> L0[_6409] -> L0[_6410] -> V0}
{b=L0[.], chain=V0 -> L1[] -> L1[], dbb=L1[], dbi=L1[], dib=L1[], dii=L1[], i=L0[.], put=V0 -> L0[_6631] -> L0[_6632] -> V1}
{b=L0[.], chain=V0 -> L1[] -> L1[], dbb=L1[], dbi=L1[], dib=L1[], dii=L1[], i=L0[.], put=V0 -> L0[_6635] -> L0[_6636] -> V1}
{b=L0[.], chain=V0 -> L1[] -> L1[], dbb=L1[], dbi=L1[], dib=L1[], dii=L1[], i=L0[.], put=V0 -> L0[_6805] -> L0[_6806] -> L1[]}
{b=L0[.], chain=V0 -> L1[] -> L1[], dbb=L1[], dbi=L1[], dib=L1[], dii=L1[], i=L0[.], put=V0 -> L0[_6809] -> L0[_6810] -> L1[]}
{b=L0[.], chain=V0 -> L0[_6966] -> L0[_6967], dbb=L0[.], dbi=L0[.], dib=L0[.], dii=L0[.], i=L0[.], put=L0[_6973] -> V0 -> V0 -> V0}
{b=L0[.], chain=V0 -> L0[_6975] -> L0[_6976], dbb=L0[.], dbi=L0[.], dib=L0[.], dii=L0[.], i=L0[.], put=L0[_6982] -> V0 -> V0 -> V0}
{b=L0[], chain=V0 -> L1[_6309] -> L1[_6310], dbb=L1[.], dbi=L1[.], dib=L1[.], dii=L1[.], i=L0[], put=L1[_6315] -> V0 -> V0 -> V1}
{b=L0[], chain=V0 -> L1[_6316] -> L1[_6317], dbb=L1[.], dbi=L1[.], dib=L1[.], dii=L1[.], i=L0[], put=L1[_6322] -> V0 -> V0 -> V1}
{b=L0[], chain=V0 -> L1[_6431] -> L1[_6432], dbb=L1[.], dbi=L1[.], dib=L1[.], dii=L1[.], i=L0[], put=L1[_6437] -> V0 -> V0 -> L1[_6438]}
{b=L0[], chain=V0 -> L1[_6439] -> L1[_6440], dbb=L1[.], dbi=L1[.], dib=L1[.], dii=L1[.], i=L0[], put=L1[_6445] -> V0 -> V0 -> L1[_6446]}
{b=L0[., .], chain=V0 -> L0[_6577, _6578] -> L0[_6579, _6580], dbb=L0[., .], dbi=L0[., .], dib=L0[., .], dii=L0[., .], i=L0[., .], put=L0[_6591, _6592] -> V0 -> V1 -> V0}
{b=L0[., .], chain=V0 -> L0[_6595, _6596] -> L0[_6597, _6598], dbb=L0[., .], dbi=L0[., .], dib=L0[., .], dii=L0[., .], i=L0[., .], put=L0[_6609, _6610] -> V0 -> V1 -> V0}
{b=L0[., .], chain=V0 -> L0[_6613, _6614] -> L0[_6615, _6616], dbb=L0[., .], dbi=L0[., .], dib=L0[., .], dii=L0[., .], i=L0[., .], put=L0[_6627, _6628] -> V0 -> V1 -> V0}
{b=L0[., .], chain=V0 -> L0[_6697, _6698] -> L0[_6699, _6700], dbb=L0[., .], dbi=L0[., .], dib=L0[., .], dii=L0[., .], i=L0[., .], put=L0[_6711, _6712] -> V0 -> V1 -> V1}
{b=L0[., .], chain=V0 -> L0[_6715, _6716] -> L0[_6717, _6718], dbb=L0[., .], dbi=L0[., .], dib=L0[., .], dii=L0[., .], i=L0[., .], put=L0[_6729, _6730] -> V0 -> V1 -> V1}
{b=L0[., .], chain=V0 -> L0[_6733, _6734] -> L0[_6735, _6736], dbb=L0[., .], dbi=L0[., .], dib=L0[., .], dii=L0[., .], i=L0[., .], put=L0[_6747, _6748] -> V0 -> V1 -> V1}
{b=L0[], chain=V0 -> L1[_6863, _6864] -> L1[_6865, _6866], dbb=L1[., .], dbi=L1[., .], dib=L1[., .], dii=L1[., .], i=L2[], put=L1[_6875, _6876] -> V0 -> V1 -> V2}
{b=L0[], chain=V0 -> L1[_6877, _6878] -> L1[_6879, _6880], dbb=L1[., .], dbi=L1[., .], dib=L1[., .], dii=L1[., .], i=L2[], put=L1[_6889, _6890] -> V0 -> V1 -> V2}
{b=L0[], chain=V0 -> L1[_6891, _6892] -> L1[_6893, _6894], dbb=L1[., .], dbi=L1[., .], dib=L1[., .], dii=L1[., .], i=L2[], put=L1[_6903, _6904] -> V0 -> V1 -> V2}
{b=L0[], chain=V0 -> L1[_7013, _7014] -> L1[_7015, _7016], dbb=L1[., .], dbi=L1[., .], dib=L1[., .], dii=L1[., .], i=L2[], put=L1[_7025, _7026] -> V0 -> V1 -> L1[_7027, _7028]}
{b=L0[], chain=V0 -> L1[_7029, _7030] -> L1[_7031, _7032], dbb=L1[., .], dbi=L1[., .], dib=L1[., .], dii=L1[., .], i=L2[], put=L1[_7041, _7042] -> V0 -> V1 -> L1[_7043, _7044]}
{b=L0[], chain=V0 -> L1[_7045, _7046] -> L1[_7047, _7048], dbb=L1[., .], dbi=L1[., .], dib=L1[., .], dii=L1[., .], i=L2[], put=L1[_7057, _7058] -> V0 -> V1 -> L1[_7059, _7060]}
{b=L0[.], chain=V0 -> L0[_7140] -> L0[_7141], dbb=L0[.], dbi=L0[.], dib=L0[.], dii=L0[.], i=L0[.], put=L0[_7147] -> V0 -> L0[_7148] -> V0}
{b=L0[.], chain=V0 -> L0[_7150] -> L0[_7151], dbb=L0[.], dbi=L0[.], dib=L0[.], dii=L0[.], i=L0[.], put=L0[_7157] -> V0 -> L0[_7158] -> V0}
{b=L0[.], chain=V0 -> L1[_7236] -> L1[_7237], dbb=L1[.], dbi=L1[.], dib=L1[.], dii=L1[.], i=L0[.], put=L1[_7243] -> V0 -> L0[_7244] -> V1}
{b=L0[.], chain=V0 -> L1[_7246] -> L1[_7247], dbb=L1[.], dbi=L1[.], dib=L1[.], dii=L1[.], i=L0[.], put=L1[_7253] -> V0 -> L0[_7254] -> V1}
{b=L0[.], chain=V0 -> L1[_7256] -> L1[_7257], dbb=L1[.], dbi=L1[.], dib=L1[.], dii=L1[.], i=L0[.], put=L1[_7263] -> V0 -> L0[_7264] -> V1}
{b=L0[.], chain=V0 -> L1[_7266] -> L1[_7267], dbb=L1[.], dbi=L1[.], dib=L1[.], dii=L1[.], i=L0[.], put=L1[_7273] -> V0 -> L0[_7274] -> V1}
{b=L0[.], chain=V0 -> L1[_7400] -> L1[_7401], dbb=L1[.], dbi=L1[.], dib=L1[.], dii=L1[.], i=L0[.], put=L1[_7407] -> V0 -> L0[_7408] -> L1[_7409]}
{b=L0[.], chain=V0 -> L1[_7411] -> L1[_7412], dbb=L1[.], dbi=L1[.], dib=L1[.], dii=L1[.], i=L0[.], put=L1[_7418] -> V0 -> L0[_7419] -> L1[_7420]}
{b=L0[.], chain=V0 -> L1[_7422] -> L1[_7423], dbb=L1[.], dbi=L1[.], dib=L1[.], dii=L1[.], i=L0[.], put=L1[_7429] -> V0 -> L0[_7430] -> L1[_7431]}
{b=L0[.], chain=V0 -> L1[_7433] -> L1[_7434], dbb=L1[.], dbi=L1[.], dib=L1[.], dii=L1[.], i=L0[.], put=L1[_7440] -> V0 -> L0[_7441] -> L1[_7442]}
{b=L0[.], chain=V0 -> L0[_7460] -> L0[_7461], dbb=L0[.], dbi=L0[.], dib=L0[.], dii=L0[.], i=L0[.], put=L0[_7467] -> L0[_7468] -> V0 -> V0}
{b=L0[.], chain=V0 -> L0[_7470] -> L0[_7471], dbb=L0[.], dbi=L0[.], dib=L0[.], dii=L0[.], i=L0[.], put=L0[_7477] -> L0[_7478] -> V0 -> V0}
{b=L0[.], chain=V0 -> L1[_7506] -> L1[_7507], dbb=L1[.], dbi=L1[.], dib=L1[.], dii=L1[.], i=L0[.], put=L1[_7513] -> L0[_7514] -> V0 -> V1}
{b=L0[.], chain=V0 -> L1[_7516] -> L1[_7517], dbb=L1[.], dbi=L1[.], dib=L1[.], dii=L1[.], i=L0[.], put=L1[_7523] -> L0[_7524] -> V0 -> V1}
{b=L0[.], chain=V0 -> L1[_7526] -> L1[_7527], dbb=L1[.], dbi=L1[.], dib=L1[.], dii=L1[.], i=L0[.], put=L1[_7533] -> L0[_7534] -> V0 -> V1}
{b=L0[.], chain=V0 -> L1[_7536] -> L1[_7537], dbb=L1[.], dbi=L1[.], dib=L1[.], dii=L1[.], i=L0[.], put=L1[_7543] -> L0[_7544] -> V0 -> V1}
{b=L0[.], chain=V0 -> L1[_7642] -> L1[_7643], dbb=L1[.], dbi=L1[.], dib=L1[.], dii=L1[.], i=L0[.], put=L1[_7649] -> L0[_7650] -> V0 -> L1[_7651]}
{b=L0[.], chain=V0 -> L1[_7653] -> L1[_7654], dbb=L1[.], dbi=L1[.], dib=L1[.], dii=L1[.], i=L0[.], put=L1[_7660] -> L0[_7661] -> V0 -> L1[_7662]}
{b=L0[.], chain=V0 -> L1[_7664] -> L1[_7665], dbb=L1[.], dbi=L1[.], dib=L1[.], dii=L1[.], i=L0[.], put=L1[_7671] -> L0[_7672] -> V0 -> L1[_7673]}
{b=L0[.], chain=V0 -> L1[_7675] -> L1[_7676], dbb=L1[.], dbi=L1[.], dib=L1[.], dii=L1[.], i=L0[.], put=L1[_7682] -> L0[_7683] -> V0 -> L1[_7684]}
{b=L0[.], chain=V0 -> L1[_7764] -> L1[_7765], dbb=L1[.], dbi=L1[.], dib=L1[.], dii=L1[.], i=L0[.], put=L1[_7771] -> L0[_7772] -> L0[_7773] -> V0}
{b=L0[.], chain=V0 -> L1[_7775] -> L1[_7776], dbb=L1[.], dbi=L1[.], dib=L1[.], dii=L1[.], i=L0[.], put=L1[_7782] -> L0[_7783] -> L0[_7784] -> V0}
{b=L0[.], chain=V0 -> L1[_7786] -> L1[_7787], dbb=L1[.], dbi=L1[.], dib=L1[.], dii=L1[.], i=L0[.], put=L1[_7793] -> L0[_7794] -> L0[_7795] -> V0}
{b=L0[.], chain=V0 -> L1[_7797] -> L1[_7798], dbb=L1[.], dbi=L1[.], dib=L1[.], dii=L1[.], i=L0[.], put=L1[_7804] -> L0[_7805] -> L0[_7806] -> V0}
{b=L0[.], chain=V0 -> L1[_7826] -> L1[_7827], dbb=L1[.], dbi=L1[.], dib=L1[.], dii=L1[.], i=L0[.], put=L1[_7833] -> L0[_7834] -> L0[_7835] -> L1[_7836]}
{b=L0[.], chain=V0 -> L1[_7838] -> L1[_7839], dbb=L1[.], dbi=L1[.], dib=L1[.], dii=L1[.], i=L0[.], put=L1[_7845] -> L0[_7846] -> L0[_7847] -> L1[_7848]}
{b=L0[.], chain=V0 -> L1[_7850] -> L1[_7851], dbb=L1[.], dbi=L1[.], dib=L1[.], dii=L1[.], i=L0[.], put=L1[_7857] -> L0[_7858] -> L0[_7859] -> L1[_7860]}
{b=L0[.], chain=V0 -> L1[_7862] -> L1[_7863], dbb=L1[.], dbi=L1[.], dib=L1[.], dii=L1[.], i=L0[.], put=L1[_7869] -> L0[_7870] -> L0[_7871] -> L1[_7872]}
{b=L0[.], chain=L0[_7874] -> V0 -> V0, dbb=L0[.], dbi=L0[.], dib=L0[.], dii=L0[.], i=L0[.], put=V0 -> V0 -> V0 -> V0}
{b=L0[.], chain=L0[_7881] -> V0 -> V0, dbb=L0[.], dbi=L0[.], dib=L0[.], dii=L0[.], i=L0[.], put=V0 -> V0 -> V0 -> V0}
{b=L0[.], chain=L0[_7888] -> V0 -> V0, dbb=L0[.], dbi=L0[.], dib=L0[.], dii=L0[.], i=L0[.], put=V0 -> V0 -> V0 -> L0[_7894]}
{b=L0[.], chain=L0[_7896] -> V0 -> V0, dbb=L0[.], dbi=L0[.], dib=L0[.], dii=L0[.], i=L0[.], put=V0 -> V0 -> V0 -> L0[_7902]}
{b=L0[.], chain=L0[_3531] -> V0 -> V0, dbb=L0[.], dbi=L0[.], dib=L0[.], dii=L0[.], i=L0[.], put=V0 -> V0 -> L0[_3537] -> V0}
{b=L0[.], chain=L0[_3539] -> V0 -> V0, dbb=L0[.], dbi=L0[.], dib=L0[.], dii=L0[.], i=L0[.], put=V0 -> V0 -> L0[_3545] -> V0}
{b=L0[.], chain=L0[_3561] -> V0 -> V0, dbb=L0[.], dbi=L0[.], dib=L0[.], dii=L0[.], i=L0[.], put=V0 -> V0 -> L0[_3567] -> V1}
{b=L0[.], chain=L0[_3569] -> V0 -> V0, dbb=L0[.], dbi=L0[.], dib=L0[.], dii=L0[.], i=L0[.], put=V0 -> V0 -> L0[_3575] -> V1}
{b=L0[.], chain=L0[_3697] -> V0 -> V0, dbb=L0[.], dbi=L0[.], dib=L0[.], dii=L0[.], i=L0[.], put=V0 -> V0 -> L0[_3703] -> L0[_3704]}
{b=L0[.], chain=L0[_3706] -> V0 -> V0, dbb=L0[.], dbi=L0[.], dib=L0[.], dii=L0[.], i=L0[.], put=V0 -> V0 -> L0[_3712] -> L0[_3713]}
{b=L0[.], chain=L0[_4233] -> V0 -> V0, dbb=L0[.], dbi=L0[.], dib=L0[.], dii=L0[.], i=L0[.], put=V0 -> L0[_4239] -> V0 -> V0}
{b=L0[.], chain=L0[_4241] -> V0 -> V0, dbb=L0[.], dbi=L0[.], dib=L0[.], dii=L0[.], i=L0[.], put=V0 -> L0[_4247] -> V0 -> V0}
{b=L0[.], chain=L0[_4341] -> V0 -> V0, dbb=L0[.], dbi=L0[.], dib=L0[.], dii=L0[.], i=L0[.], put=V0 -> L0[_4347] -> V0 -> V1}
{b=L0[.], chain=L0[_4349] -> V0 -> V0, dbb=L0[.], dbi=L0[.], dib=L0[.], dii=L0[.], i=L0[.], put=V0 -> L0[_4355] -> V0 -> V1}
{b=L0[.], chain=L0[_1309] -> V0 -> V0, dbb=L0[.], dbi=L0[.], dib=L0[.], dii=L0[.], i=L0[.], put=V0 -> L0[_1315] -> V0 -> L0[_1316]}
{b=L0[.], chain=L0[_1318] -> V0 -> V0, dbb=L0[.], dbi=L0[.], dib=L0[.], dii=L0[.], i=L0[.], put=V0 -> L0[_1324] -> V0 -> L0[_1325]}
{b=L0[.], chain=L1[_1515] -> V0 -> V0, dbb=L1[.], dbi=L1[.], dib=L1[.], dii=L1[.], i=L0[.], put=V0 -> L0[_1521] -> L0[_1522] -> V0}
{b=L0[.], chain=L1[_1524] -> V0 -> V0, dbb=L1[.], dbi=L1[.], dib=L1[.], dii=L1[.], i=L0[.], put=V0 -> L0[_1530] -> L0[_1531] -> V0}
{b=L0[.], chain=L1[_1533] -> V0 -> V0, dbb=L1[.], dbi=L1[.], dib=L1[.], dii=L1[.], i=L0[.], put=V0 -> L0[_1539] -> L0[_1540] -> V0}
{b=L0[.], chain=L1[_1542] -> V0 -> V0, dbb=L1[.], dbi=L1[.], dib=L1[.], dii=L1[.], i=L0[.], put=V0 -> L0[_1548] -> L0[_1549] -> V0}
{b=L0[.], chain=L1[_1631] -> V0 -> V0, dbb=L1[.], dbi=L1[.], dib=L1[.], dii=L1[.], i=L0[.], put=V0 -> L0[_1637] -> L0[_1638] -> V1}
{b=L0[.], chain=L1[_1640] -> V0 -> V0, dbb=L1[.], dbi=L1[.], dib=L1[.], dii=L1[.], i=L0[.], put=V0 -> L0[_1646] -> L0[_1647] -> V1}
{b=L0[.], chain=L1[_1649] -> V0 -> V0, dbb=L1[.], dbi=L1[.], dib=L1[.], dii=L1[.], i=L0[.], put=V0 -> L0[_1655] -> L0[_1656] -> V1}
{b=L0[.], chain=L1[_1658] -> V0 -> V0, dbb=L1[.], dbi=L1[.], dib=L1[.], dii=L1[.], i=L0[.], put=V0 -> L0[_1664] -> L0[_1665] -> V1}
{b=L0[.], chain=L1[_1761] -> V0 -> V0, dbb=L1[.], dbi=L1[.], dib=L1[.], dii=L1[.], i=L0[.], put=V0 -> L0[_1767] -> L0[_1768] -> L1[_1769]}
{b=L0[.], chain=L1[_1771] -> V0 -> V0, dbb=L1[.], dbi=L1[.], dib=L1[.], dii=L1[.], i=L0[.], put=V0 -> L0[_1777] -> L0[_1778] -> L1[_1779]}
{b=L0[.], chain=L1[_1781] -> V0 -> V0, dbb=L1[.], dbi=L1[.], dib=L1[.], dii=L1[.], i=L0[.], put=V0 -> L0[_1787] -> L0[_1788] -> L1[_1789]}
{b=L0[.], chain=L1[_1791] -> V0 -> V0, dbb=L1[.], dbi=L1[.], dib=L1[.], dii=L1[.], i=L0[.], put=V0 -> L0[_1797] -> L0[_1798] -> L1[_1799]}
{b=L0[.], chain=L0[_1849] -> V0 -> V0, dbb=L0[.], dbi=L0[.], dib=L0[.], dii=L0[.], i=L0[.], put=L0[_1855] -> V0 -> V0 -> V0}
{b=L0[.], chain=L0[_1857] -> V0 -> V0, dbb=L0[.], dbi=L0[.], dib=L0[.], dii=L0[.], i=L0[.], put=L0[_1863] -> V0 -> V0 -> V0}
{b=L0[], chain=L1[_2024] -> V0 -> V0, dbb=L1[.], dbi=L1[.], dib=L1[.], dii=L1[.], i=L0[], put=L1[_2029] -> V0 -> V0 -> V1}
{b=L0[], chain=L1[_2030] -> V0 -> V0, dbb=L1[.], dbi=L1[.], dib=L1[.], dii=L1[.], i=L0[], put=L1[_2035] -> V0 -> V0 -> V1}
{b=L0[], chain=L1[_2114] -> V0 -> V0, dbb=L1[.], dbi=L1[.], dib=L1[.], dii=L1[.], i=L0[], put=L1[_2119] -> V0 -> V0 -> L1[_2120]}
{b=L0[], chain=L1[_2121] -> V0 -> V0, dbb=L1[.], dbi=L1[.], dib=L1[.], dii=L1[.], i=L0[], put=L1[_2126] -> V0 -> V0 -> L1[_2127]}
{b=L0[., .], chain=L0[_2208, _2209] -> V0 -> V0, dbb=L0[., .], dbi=L0[., .], dib=L0[., .], dii=L0[., .], i=L0[., .], put=L0[_2220, _2221] -> V0 -> V1 -> V0}
{b=L0[., .], chain=L0[_2224, _2225] -> V0 -> V0, dbb=L0[., .], dbi=L0[., .], dib=L0[., .], dii=L0[., .], i=L0[., .], put=L0[_2236, _2237] -> V0 -> V1 -> V0}
{b=L0[., .], chain=L0[_2240, _2241] -> V0 -> V0, dbb=L0[., .], dbi=L0[., .], dib=L0[., .], dii=L0[., .], i=L0[., .], put=L0[_2252, _2253] -> V0 -> V1 -> V0}
{b=L0[., .], chain=L0[_2330, _2331] -> V0 -> V0, dbb=L0[., .], dbi=L0[., .], dib=L0[., .], dii=L0[., .], i=L0[., .], put=L0[_2342, _2343] -> V0 -> V1 -> V1}
{b=L0[., .], chain=L0[_2346, _2347] -> V0 -> V0, dbb=L0[., .], dbi=L0[., .], dib=L0[., .], dii=L0[., .], i=L0[., .], put=L0[_2358, _2359] -> V0 -> V1 -> V1}
{b=L0[., .], chain=L0[_2362, _2363] -> V0 -> V0, dbb=L0[., .], dbi=L0[., .], dib=L0[., .], dii=L0[., .], i=L0[., .], put=L0[_2374, _2375] -> V0 -> V1 -> V1}
{b=L0[], chain=L1[_2414, _2415] -> V0 -> V0, dbb=L1[., .], dbi=L1[., .], dib=L1[., .], dii=L1[., .], i=L2[], put=L1[_2424, _2425] -> V0 -> V1 -> V2}
{b=L0[], chain=L1[_2426, _2427] -> V0 -> V0, dbb=L1[., .], dbi=L1[., .], dib=L1[., .], dii=L1[., .], i=L2[], put=L1[_2436, _2437] -> V0 -> V1 -> V2}
{b=L0[], chain=L1[_2438, _2439] -> V0 -> V0, dbb=L1[., .], dbi=L1[., .], dib=L1[., .], dii=L1[., .], i=L2[], put=L1[_2448, _2449] -> V0 -> V1 -> V2}
{b=L0[], chain=L1[_2522, _2523] -> V0 -> V0, dbb=L1[., .], dbi=L1[., .], dib=L1[., .], dii=L1[., .], i=L2[], put=L1[_2532, _2533] -> V0 -> V1 -> L1[_2534, _2535]}
{b=L0[], chain=L1[_2536, _2537] -> V0 -> V0, dbb=L1[., .], dbi=L1[., .], dib=L1[., .], dii=L1[., .], i=L2[], put=L1[_2546, _2547] -> V0 -> V1 -> L1[_2548, _2549]}
{b=L0[], chain=L1[_2550, _2551] -> V0 -> V0, dbb=L1[., .], dbi=L1[., .], dib=L1[., .], dii=L1[., .], i=L2[], put=L1[_2560, _2561] -> V0 -> V1 -> L1[_2562, _2563]}
{b=L0[.], chain=L0[_2677] -> V0 -> V0, dbb=L0[.], dbi=L0[.], dib=L0[.], dii=L0[.], i=L0[.], put=L0[_2683] -> V0 -> L0[_2684] -> V0}
{b=L0[.], chain=L0[_2686] -> V0 -> V0, dbb=L0[.], dbi=L0[.], dib=L0[.], dii=L0[.], i=L0[.], put=L0[_2692] -> V0 -> L0[_2693] -> V0}
{b=L0[.], chain=L1[_2927] -> V0 -> V0, dbb=L1[.], dbi=L1[.], dib=L1[.], dii=L1[.], i=L0[.], put=L1[_2933] -> V0 -> L0[_2934] -> V1}
{b=L0[.], chain=L1[_2936] -> V0 -> V0, dbb=L1[.], dbi=L1[.], dib=L1[.], dii=L1[.], i=L0[.], put=L1[_2942] -> V0 -> L0[_2943] -> V1}
{b=L0[.], chain=L1[_2945] -> V0 -> V0, dbb=L1[.], dbi=L1[.], dib=L1[.], dii=L1[.], i=L0[.], put=L1[_2951] -> V0 -> L0[_2952] -> V1}
{b=L0[.], chain=L1[_2954] -> V0 -> V0, dbb=L1[.], dbi=L1[.], dib=L1[.], dii=L1[.], i=L0[.], put=L1[_2960] -> V0 -> L0[_2961] -> V1}
{b=L0[.], chain=L1[_3233] -> V0 -> V0, dbb=L1[.], dbi=L1[.], dib=L1[.], dii=L1[.], i=L0[.], put=L1[_3239] -> V0 -> L0[_3240] -> L1[_3241]}
{b=L0[.], chain=L1[_3243] -> V0 -> V0, dbb=L1[.], dbi=L1[.], dib=L1[.], dii=L1[.], i=L0[.], put=L1[_3249] -> V0 -> L0[_3250] -> L1[_3251]}
{b=L0[.], chain=L1[_3253] -> V0 -> V0, dbb=L1[.], dbi=L1[.], dib=L1[.], dii=L1[.], i=L0[.], put=L1[_3259] -> V0 -> L0[_3260] -> L1[_3261]}
{b=L0[.], chain=L1[_3263] -> V0 -> V0, dbb=L1[.], dbi=L1[.], dib=L1[.], dii=L1[.], i=L0[.], put=L1[_3269] -> V0 -> L0[_3270] -> L1[_3271]}
{b=L0[.], chain=L0[_3429] -> V0 -> V0, dbb=L0[.], dbi=L0[.], dib=L0[.], dii=L0[.], i=L0[.], put=L0[_3435] -> L0[_3436] -> V0 -> V0}
{b=L0[.], chain=L0[_3438] -> V0 -> V0, dbb=L0[.], dbi=L0[.], dib=L0[.], dii=L0[.], i=L0[.], put=L0[_3444] -> L0[_3445] -> V0 -> V0}
{b=L0[.], chain=L1[_6084] -> V0 -> V0, dbb=L1[.], dbi=L1[.], dib=L1[.], dii=L1[.], i=L0[.], put=L1[_6090] -> L0[_6091] -> V0 -> V1}
{b=L0[.], chain=L1[_6093] -> V0 -> V0, dbb=L1[.], dbi=L1[.], dib=L1[.], dii=L1[.], i=L0[.], put=L1[_6099] -> L0[_6100] -> V0 -> V1}
{b=L0[.], chain=L1[_6102] -> V0 -> V0, dbb=L1[.], dbi=L1[.], dib=L1[.], dii=L1[.], i=L0[.], put=L1[_6108] -> L0[_6109] -> V0 -> V1}
{b=L0[.], chain=L1[_6111] -> V0 -> V0, dbb=L1[.], dbi=L1[.], dib=L1[.], dii=L1[.], i=L0[.], put=L1[_6117] -> L0[_6118] -> V0 -> V1}
{b=L0[.], chain=L1[_6324] -> V0 -> V0, dbb=L1[.], dbi=L1[.], dib=L1[.], dii=L1[.], i=L0[.], put=L1[_6330] -> L0[_6331] -> V0 -> L1[_6332]}
{b=L0[.], chain=L1[_6334] -> V0 -> V0, dbb=L1[.], dbi=L1[.], dib=L1[.], dii=L1[.], i=L0[.], put=L1[_6340] -> L0[_6341] -> V0 -> L1[_6342]}
{b=L0[.], chain=L1[_6344] -> V0 -> V0, dbb=L1[.], dbi=L1[.], dib=L1[.], dii=L1[.], i=L0[.], put=L1[_6350] -> L0[_6351] -> V0 -> L1[_6352]}
{b=L0[.], chain=L1[_6354] -> V0 -> V0, dbb=L1[.], dbi=L1[.], dib=L1[.], dii=L1[.], i=L0[.], put=L1[_6360] -> L0[_6361] -> V0 -> L1[_6362]}
{b=L0[.], chain=L1[_6536] -> V0 -> V0, dbb=L1[.], dbi=L1[.], dib=L1[.], dii=L1[.], i=L0[.], put=L1[_6542] -> L0[_6543] -> L0[_6544] -> V0}
{b=L0[.], chain=L1[_6546] -> V0 -> V0, dbb=L1[.], dbi=L1[.], dib=L1[.], dii=L1[.], i=L0[.], put=L1[_6552] -> L0[_6553] -> L0[_6554] -> V0}
{b=L0[.], chain=L1[_6556] -> V0 -> V0, dbb=L1[.], dbi=L1[.], dib=L1[.], dii=L1[.], i=L0[.], put=L1[_6562] -> L0[_6563] -> L0[_6564] -> V0}
{b=L0[.], chain=L1[_6566] -> V0 -> V0, dbb=L1[.], dbi=L1[.], dib=L1[.], dii=L1[.], i=L0[.], put=L1[_6572] -> L0[_6573] -> L0[_6574] -> V0}
{b=L0[.], chain=L1[_6906] -> V0 -> V0, dbb=L1[.], dbi=L1[.], dib=L1[.], dii=L1[.], i=L0[.], put=L1[_6912] -> L0[_6913] -> L0[_6914] -> L1[_6915]}
{b=L0[.], chain=L1[_6917] -> V0 -> V0, dbb=L1[.], dbi=L1[.], dib=L1[.], dii=L1[.], i=L0[.], put=L1[_6923] -> L0[_6924] -> L0[_6925] -> L1[_6926]}
{b=L0[.], chain=L1[_6928] -> V0 -> V0, dbb=L1[.], dbi=L1[.], dib=L1[.], dii=L1[.], i=L0[.], put=L1[_6934] -> L0[_6935] -> L0[_6936] -> L1[_6937]}
{b=L0[.], chain=L1[_6939] -> V0 -> V0, dbb=L1[.], dbi=L1[.], dib=L1[.], dii=L1[.], i=L0[.], put=L1[_6945] -> L0[_6946] -> L0[_6947] -> L1[_6948]}
{b=L0[.], chain=L0[_7000] -> V0 -> V1, dbb=L0[.], dbi=L0[.], dib=L0[.], dii=L0[.], i=L0[.], put=V0 -> V0 -> V0 -> V0}
{b=L0[.], chain=L0[_7007] -> V0 -> V1, dbb=L0[.], dbi=L0[.], dib=L0[.], dii=L0[.], i=L0[.], put=V0 -> V0 -> V0 -> V0}
{b=L0[.], chain=L0[_7124] -> V0 -> V1, dbb=L0[.], dbi=L0[.], dib=L0[.], dii=L0[.], i=L0[.], put=V0 -> V0 -> V0 -> L0[_7130]}
{b=L0[.], chain=L0[_7132] -> V0 -> V1, dbb=L0[.], dbi=L0[.], dib=L0[.], dii=L0[.], i=L0[.], put=V0 -> V0 -> V0 -> L0[_7138]}
{b=L0[.], chain=L0[_7212] -> V0 -> V1, dbb=L0[.], dbi=L0[.], dib=L0[.], dii=L0[.], i=L0[.], put=V0 -> V0 -> L0[_7218] -> V0}
{b=L0[.], chain=L0[_7220] -> V0 -> V1, dbb=L0[.], dbi=L0[.], dib=L0[.], dii=L0[.], i=L0[.], put=V0 -> V0 -> L0[_7226] -> V0}
{b=L0[.], chain=L0[_7276] -> V0 -> V1, dbb=L0[.], dbi=L0[.], dib=L0[.], dii=L0[.], i=L0[.], put=V0 -> V0 -> L0[_7282] -> V1}
{b=L0[.], chain=L0[_7284] -> V0 -> V1, dbb=L0[.], dbi=L0[.], dib=L0[.], dii=L0[.], i=L0[.], put=V0 -> V0 -> L0[_7290] -> V1}
{b=L0[.], chain=L0[_7336] -> V0 -> V1, dbb=L0[.], dbi=L0[.], dib=L0[.], dii=L0[.], i=L0[.], put=V0 -> V0 -> L0[_7342] -> L0[_7343]}
{b=L0[.], chain=L0[_7345] -> V0 -> V1, dbb=L0[.], dbi=L0[.], dib=L0[.], dii=L0[.], i=L0[.], put=V0 -> V0 -> L0[_7351] -> L0[_7352]}
{b=L0[.], chain=L0[_4741] -> V0 -> V1, dbb=L0[.], dbi=L0[.], dib=L0[.], dii=L0[.], i=L0[.], put=V0 -> L0[_4747] -> V0 -> V0}
{b=L0[.], chain=L0[_4749] -> V0 -> V1, dbb=L0[.], dbi=L0[.], dib=L0[.], dii=L0[.], i=L0[.], put=V0 -> L0[_4755] -> V0 -> V0}
{b=L0[.], chain=L0[_4899] -> V0 -> V1, dbb=L0[.], dbi=L0[.], dib=L0[.], dii=L0[.], i=L0[.], put=V0 -> L0[_4905] -> V0 -> V1}
{b=L0[.], chain=L0[_4907] -> V0 -> V1, dbb=L0[.], dbi=L0[.], dib=L0[.], dii=L0[.], i=L0[.], put=V0 -> L0[_4913] -> V0 -> V1}
{b=L0[.], chain=L0[_5027] -> V0 -> V1, dbb=L0[.], dbi=L0[.], dib=L0[.], dii=L0[.], i=L0[.], put=V0 -> L0[_5033] -> V0 -> L0[_5034]}
{b=L0[.], chain=L0[_5036] -> V0 -> V1, dbb=L0[.], dbi=L0[.], dib=L0[.], dii=L0[.], i=L0[.], put=V0 -> L0[_5042] -> V0 -> L0[_5043]}
{b=L0[.], chain=L1[_5249] -> V0 -> V1, dbb=L1[.], dbi=L1[.], dib=L1[.], dii=L1[.], i=L0[.], put=V0 -> L0[_5255] -> L0[_5256] -> V0}
{b=L0[.], chain=L1[_5258] -> V0 -> V1, dbb=L1[.], dbi=L1[.], dib=L1[.], dii=L1[.], i=L0[.], put=V0 -> L0[_5264] -> L0[_5265] -> V0}
{b=L0[.], chain=L1[_5267] -> V0 -> V1, dbb=L1[.], dbi=L1[.], dib=L1[.], dii=L1[.], i=L0[.], put=V0 -> L0[_5273] -> L0[_5274] -> V0}
{b=L0[.], chain=L1[_5276] -> V0 -> V1, dbb=L1[.], dbi=L1[.], dib=L1[.], dii=L1[.], i=L0[.], put=V0 -> L0[_5282] -> L0[_5283] -> V0}
{b=L0[.], chain=L1[_5399] -> V0 -> V1, dbb=L1[.], dbi=L1[.], dib=L1[.], dii=L1[.], i=L0[.], put=V0 -> L0[_5405] -> L0[_5406] -> V1}
{b=L0[.], chain=L1[_5408] -> V0 -> V1, dbb=L1[.], dbi=L1[.], dib=L1[.], dii=L1[.], i=L0[.], put=V0 -> L0[_5414] -> L0[_5415] -> V1}
{b=L0[.], chain=L1[_5417] -> V0 -> V1, dbb=L1[.], dbi=L1[.], dib=L1[.], dii=L1[.], i=L0[.], put=V0 -> L0[_5423] -> L0[_5424] -> V1}
{b=L0[.], chain=L1[_5426] -> V0 -> V1, dbb=L1[.], dbi=L1[.], dib=L1[.], dii=L1[.], i=L0[.], put=V0 -> L0[_5432] -> L0[_5433] -> V1}
{b=L0[.], chain=L1[_5505] -> V0 -> V1, dbb=L1[.], dbi=L1[.], dib=L1[.], dii=L1[.], i=L0[.], put=V0 -> L0[_5511] -> L0[_5512] -> L1[_5513]}
{b=L0[.], chain=L1[_5515] -> V0 -> V1, dbb=L1[.], dbi=L1[.], dib=L1[.], dii=L1[.], i=L0[.], put=V0 -> L0[_5521] -> L0[_5522] -> L1[_5523]}
{b=L0[.], chain=L1[_5525] -> V0 -> V1, dbb=L1[.], dbi=L1[.], dib=L1[.], dii=L1[.], i=L0[.], put=V0 -> L0[_5531] -> L0[_5532] -> L1[_5533]}
{b=L0[.], chain=L1[_5535] -> V0 -> V1, dbb=L1[.], dbi=L1[.], dib=L1[.], dii=L1[.], i=L0[.], put=V0 -> L0[_5541] -> L0[_5542] -> L1[_5543]}
{b=L0[.], chain=L0[_5604] -> V0 -> V1, dbb=L0[.], dbi=L0[.], dib=L0[.], dii=L0[.], i=L0[.], put=L0[_5618] -> V0 -> V0 -> V0}
{b=L0[.], chain=L0[_5622] -> V0 -> V1, dbb=L0[.], dbi=L0[.], dib=L0[.], dii=L0[.], i=L0[.], put=L0[_5634] -> V0 -> V0 -> V0}
{b=L0[], chain=L1[_5713] -> V0 -> V1, dbb=L1[.], dbi=L1[.], dib=L1[.], dii=L1[.], i=L0[], put=L1[_5718] -> V0 -> V0 -> V1}
{b=L0[], chain=L1[_5719] -> V0 -> V1, dbb=L1[.], dbi=L1[.], dib=L1[.], dii=L1[.], i=L0[], put=L1[_5724] -> V0 -> V0 -> V1}
{b=L0[], chain=L1[_5887] -> V0 -> V1, dbb=L1[.], dbi=L1[.], dib=L1[.], dii=L1[.], i=L0[], put=L1[_5892] -> V0 -> V0 -> L1[_5893]}
{b=L0[], chain=L1[_5894] -> V0 -> V1, dbb=L1[.], dbi=L1[.], dib=L1[.], dii=L1[.], i=L0[], put=L1[_5899] -> V0 -> V0 -> L1[_5900]}
{b=L0[., .], chain=L0[_4464, _4465] -> V0 -> V1, dbb=L0[., .], dbi=L0[., .], dib=L0[., .], dii=L0[., .], i=L0[., .], put=L0[_4476, _4477] -> V0 -> V1 -> V0}
{b=L0[., .], chain=L0[_4480, _4481] -> V0 -> V1, dbb=L0[., .], dbi=L0[., .], dib=L0[., .], dii=L0[., .], i=L0[., .], put=L0[_4492, _4493] -> V0 -> V1 -> V0}
{b=L0[., .], chain=L0[_4496, _4497] -> V0 -> V1, dbb=L0[., .], dbi=L0[., .], dib=L0[., .], dii=L0[., .], i=L0[., .], put=L0[_4508, _4509] -> V0 -> V1 -> V0}
{b=L0[., .], chain=L0[_4646, _4647] -> V0 -> V1, dbb=L0[., .], dbi=L0[., .], dib=L0[., .], dii=L0[., .], i=L0[., .], put=L0[_4658, _4659] -> V0 -> V1 -> V1}
{b=L0[., .], chain=L0[_4662, _4663] -> V0 -> V1, dbb=L0[., .], dbi=L0[., .], dib=L0[., .], dii=L0[., .], i=L0[., .], put=L0[_4674, _4675] -> V0 -> V1 -> V1}
{b=L0[., .], chain=L0[_4678, _4679] -> V0 -> V1, dbb=L0[., .], dbi=L0[., .], dib=L0[., .], dii=L0[., .], i=L0[., .], put=L0[_4690, _4691] -> V0 -> V1 -> V1}
{b=L0[], chain=L1[_4862, _4863] -> V0 -> V1, dbb=L1[., .], dbi=L1[., .], dib=L1[., .], dii=L1[., .], i=L2[], put=L1[_4872, _4873] -> V0 -> V1 -> V2}
{b=L0[], chain=L1[_4874, _4875] -> V0 -> V1, dbb=L1[., .], dbi=L1[., .], dib=L1[., .], dii=L1[., .], i=L2[], put=L1[_4884, _4885] -> V0 -> V1 -> V2}
{b=L0[], chain=L1[_4886, _4887] -> V0 -> V1, dbb=L1[., .], dbi=L1[., .], dib=L1[., .], dii=L1[., .], i=L2[], put=L1[_4896, _4897] -> V0 -> V1 -> V2}
{b=L0[], chain=L1[_4984, _4985] -> V0 -> V1, dbb=L1[., .], dbi=L1[., .], dib=L1[., .], dii=L1[., .], i=L2[], put=L1[_4994, _4995] -> V0 -> V1 -> L1[_4996, _4997]}
{b=L0[], chain=L1[_4998, _4999] -> V0 -> V1, dbb=L1[., .], dbi=L1[., .], dib=L1[., .], dii=L1[., .], i=L2[], put=L1[_5008, _5009] -> V0 -> V1 -> L1[_5010, _5011]}
{b=L0[], chain=L1[_5012, _5013] -> V0 -> V1, dbb=L1[., .], dbi=L1[., .], dib=L1[., .], dii=L1[., .], i=L2[], put=L1[_5022, _5023] -> V0 -> V1 -> L1[_5024, _5025]}
{b=L0[.], chain=L0[_5143] -> V0 -> V1, dbb=L0[.], dbi=L0[.], dib=L0[.], dii=L0[.], i=L0[.], put=L0[_5149] -> V0 -> L0[_5150] -> V0}
{b=L0[.], chain=L0[_5152] -> V0 -> V1, dbb=L0[.], dbi=L0[.], dib=L0[.], dii=L0[.], i=L0[.], put=L0[_5158] -> V0 -> L0[_5159] -> V0}
{b=L0[.], chain=L1[_5435] -> V0 -> V1, dbb=L1[.], dbi=L1[.], dib=L1[.], dii=L1[.], i=L0[.], put=L1[_5441] -> V0 -> L0[_5442] -> V1}
{b=L0[.], chain=L1[_5444] -> V0 -> V1, dbb=L1[.], dbi=L1[.], dib=L1[.], dii=L1[.], i=L0[.], put=L1[_5450] -> V0 -> L0[_5451] -> V1}
{b=L0[.], chain=L1[_5453] -> V0 -> V1, dbb=L1[.], dbi=L1[.], dib=L1[.], dii=L1[.], i=L0[.], put=L1[_5459] -> V0 -> L0[_5460] -> V1}
{b=L0[.], chain=L1[_5462] -> V0 -> V1, dbb=L1[.], dbi=L1[.], dib=L1[.], dii=L1[.], i=L0[.], put=L1[_5468] -> V0 -> L0[_5469] -> V1}
{b=L0[.], chain=L1[_5746] -> V0 -> V1, dbb=L1[.], dbi=L1[.], dib=L1[.], dii=L1[.], i=L0[.], put=L1[_5752] -> V0 -> L0[_5753] -> L1[_5754]}
{b=L0[.], chain=L1[_5756] -> V0 -> V1, dbb=L1[.], dbi=L1[.], dib=L1[.], dii=L1[.], i=L0[.], put=L1[_5762] -> V0 -> L0[_5763] -> L1[_5764]}
{b=L0[.], chain=L1[_5766] -> V0 -> V1, dbb=L1[.], dbi=L1[.], dib=L1[.], dii=L1[.], i=L0[.], put=L1[_5772] -> V0 -> L0[_5773] -> L1[_5774]}
{b=L0[.], chain=L1[_5776] -> V0 -> V1, dbb=L1[.], dbi=L1[.], dib=L1[.], dii=L1[.], i=L0[.], put=L1[_5782] -> V0 -> L0[_5783] -> L1[_5784]}
{b=L0[.], chain=L0[_6000] -> V0 -> V1, dbb=L0[.], dbi=L0[.], dib=L0[.], dii=L0[.], i=L0[.], put=L0[_6006] -> L0[_6007] -> V0 -> V0}
{b=L0[.], chain=L0[_6009] -> V0 -> V1, dbb=L0[.], dbi=L0[.], dib=L0[.], dii=L0[.], i=L0[.], put=L0[_6015] -> L0[_6016] -> V0 -> V0}
{b=L0[.], chain=L1[_6208] -> V0 -> V1, dbb=L1[.], dbi=L1[.], dib=L1[.], dii=L1[.], i=L0[.], put=L1[_6214] -> L0[_6215] -> V0 -> V1}
{b=L0[.], chain=L1[_6217] -> V0 -> V1, dbb=L1[.], dbi=L1[.], dib=L1[.], dii=L1[.], i=L0[.], put=L1[_6223] -> L0[_6224] -> V0 -> V1}
{b=L0[.], chain=L1[_6226] -> V0 -> V1, dbb=L1[.], dbi=L1[.], dib=L1[.], dii=L1[.], i=L0[.], put=L1[_6232] -> L0[_6233] -> V0 -> V1}
{b=L0[.], chain=L1[_6235] -> V0 -> V1, dbb=L1[.], dbi=L1[.], dib=L1[.], dii=L1[.], i=L0[.], put=L1[_6241] -> L0[_6242] -> V0 -> V1}
{b=L0[.], chain=L1[_6448] -> V0 -> V1, dbb=L1[.], dbi=L1[.], dib=L1[.], dii=L1[.], i=L0[.], put=L1[_6454] -> L0[_6455] -> V0 -> L1[_6456]}
{b=L0[.], chain=L1[_6458] -> V0 -> V1, dbb=L1[.], dbi=L1[.], dib=L1[.], dii=L1[.], i=L0[.], put=L1[_6464] -> L0[_6465] -> V0 -> L1[_6466]}
{b=L0[.], chain=L1[_6468] -> V0 -> V1, dbb=L1[.], dbi=L1[.], dib=L1[.], dii=L1[.], i=L0[.], put=L1[_6474] -> L0[_6475] -> V0 -> L1[_6476]}
{b=L0[.], chain=L1[_6478] -> V0 -> V1, dbb=L1[.], dbi=L1[.], dib=L1[.], dii=L1[.], i=L0[.], put=L1[_6484] -> L0[_6485] -> V0 -> L1[_6486]}
{b=L0[.], chain=L1[_6764] -> V0 -> V1, dbb=L1[.], dbi=L1[.], dib=L1[.], dii=L1[.], i=L0[.], put=L1[_6770] -> L0[_6771] -> L0[_6772] -> V0}
{b=L0[.], chain=L1[_6774] -> V0 -> V1, dbb=L1[.], dbi=L1[.], dib=L1[.], dii=L1[.], i=L0[.], put=L1[_6780] -> L0[_6781] -> L0[_6782] -> V0}
{b=L0[.], chain=L1[_6784] -> V0 -> V1, dbb=L1[.], dbi=L1[.], dib=L1[.], dii=L1[.], i=L0[.], put=L1[_6790] -> L0[_6791] -> L0[_6792] -> V0}
{b=L0[.], chain=L1[_6794] -> V0 -> V1, dbb=L1[.], dbi=L1[.], dib=L1[.], dii=L1[.], i=L0[.], put=L1[_6800] -> L0[_6801] -> L0[_6802] -> V0}
{b=L0[.], chain=L1[_7080] -> V0 -> V1, dbb=L1[.], dbi=L1[.], dib=L1[.], dii=L1[.], i=L0[.], put=L1[_7086] -> L0[_7087] -> L0[_7088] -> L1[_7089]}
{b=L0[.], chain=L1[_7091] -> V0 -> V1, dbb=L1[.], dbi=L1[.], dib=L1[.], dii=L1[.], i=L0[.], put=L1[_7097] -> L0[_7098] -> L0[_7099] -> L1[_7100]}
{b=L0[.], chain=L1[_7102] -> V0 -> V1, dbb=L1[.], dbi=L1[.], dib=L1[.], dii=L1[.], i=L0[.], put=L1[_7108] -> L0[_7109] -> L0[_7110] -> L1[_7111]}
{b=L0[.], chain=L1[_7113] -> V0 -> V1, dbb=L1[.], dbi=L1[.], dib=L1[.], dii=L1[.], i=L0[.], put=L1[_7119] -> L0[_7120] -> L0[_7121] -> L1[_7122]}
{b=L0[.], chain=L0[_7160] -> V0 -> L0[_7161], dbb=L0[.], dbi=L0[.], dib=L0[.], dii=L0[.], i=L0[.], put=V0 -> V0 -> V0 -> V0}
{b=L0[.], chain=L0[_7168] -> V0 -> L0[_7169], dbb=L0[.], dbi=L0[.], dib=L0[.], dii=L0[.], i=L0[.], put=V0 -> V0 -> V0 -> V0}
{b=L0[.], chain=L0[_7176] -> V0 -> L0[_7177], dbb=L0[.], dbi=L0[.], dib=L0[.], dii=L0[.], i=L0[.], put=V0 -> V0 -> V0 -> L0[_7183]}
{b=L0[.], chain=L0[_7185] -> V0 -> L0[_7186], dbb=L0[.], dbi=L0[.], dib=L0[.], dii=L0[.], i=L0[.], put=V0 -> V0 -> V0 -> L0[_7192]}
{b=L0[.], chain=L0[_7318] -> V0 -> L0[_7319], dbb=L0[.], dbi=L0[.], dib=L0[.], dii=L0[.], i=L0[.], put=V0 -> V0 -> L0[_7325] -> V0}
{b=L0[.], chain=L0[_7327] -> V0 -> L0[_7328], dbb=L0[.], dbi=L0[.], dib=L0[.], dii=L0[.], i=L0[.], put=V0 -> V0 -> L0[_7334] -> V0}
{b=L0[.], chain=L0[_7374] -> V0 -> L0[_7375], dbb=L0[.], dbi=L0[.], dib=L0[.], dii=L0[.], i=L0[.], put=V0 -> V0 -> L0[_7381] -> V1}
{b=L0[.], chain=L0[_7383] -> V0 -> L0[_7384], dbb=L0[.], dbi=L0[.], dib=L0[.], dii=L0[.], i=L0[.], put=V0 -> V0 -> L0[_7390] -> V1}
{b=L0[.], chain=L0[_4443] -> V0 -> L0[_4444], dbb=L0[.], dbi=L0[.], dib=L0[.], dii=L0[.], i=L0[.], put=V0 -> V0 -> L0[_4450] -> L0[_4451]}
{b=L0[.], chain=L0[_4453] -> V0 -> L0[_4454], dbb=L0[.], dbi=L0[.], dib=L0[.], dii=L0[.], i=L0[.], put=V0 -> V0 -> L0[_4460] -> L0[_4461]}
{b=L0[.], chain=L0[_5231] -> V0 -> L0[_5232], dbb=L0[.], dbi=L0[.], dib=L0[.], dii=L0[.], i=L0[.], put=V0 -> L0[_5238] -> V0 -> V0}
{b=L0[.], chain=L0[_5240] -> V0 -> L0[_5241], dbb=L0[.], dbi=L0[.], dib=L0[.], dii=L0[.], i=L0[.], put=V0 -> L0[_5247] -> V0 -> V0}
{b=L0[.], chain=L0[_5381] -> V0 -> L0[_5382], dbb=L0[.], dbi=L0[.], dib=L0[.], dii=L0[.], i=L0[.], put=V0 -> L0[_5388] -> V0 -> V1}
{b=L0[.], chain=L0[_5390] -> V0 -> L0[_5391], dbb=L0[.], dbi=L0[.], dib=L0[.], dii=L0[.], i=L0[.], put=V0 -> L0[_5397] -> V0 -> V1}
{b=L0[.], chain=L0[_5485] -> V0 -> L0[_5486], dbb=L0[.], dbi=L0[.], dib=L0[.], dii=L0[.], i=L0[.], put=V0 -> L0[_5492] -> V0 -> L0[_5493]}
{b=L0[.], chain=L0[_5495] -> V0 -> L0[_5496], dbb=L0[.], dbi=L0[.], dib=L0[.], dii=L0[.], i=L0[.], put=V0 -> L0[_5502] -> V0 -> L0[_5503]}
{b=L0[.], chain=L1[_3061] -> V0 -> L1[_3062], dbb=L1[.], dbi=L1[.], dib=L1[.], dii=L1[.], i=L0[.], put=V0 -> L0[_3068] -> L0[_3069] -> V0}
{b=L0[.], chain=L1[_3071] -> V0 -> L1[_3072], dbb=L1[.], dbi=L1[.], dib=L1[.], dii=L1[.], i=L0[.], put=V0 -> L0[_3078] -> L0[_3079] -> V0}
{b=L0[.], chain=L1[_3081] -> V0 -> L1[_3082], dbb=L1[.], dbi=L1[.], dib=L1[.], dii=L1[.], i=L0[.], put=V0 -> L0[_3088] -> L0[_3089] -> V0}
{b=L0[.], chain=L1[_3091] -> V0 -> L1[_3092], dbb=L1[.], dbi=L1[.], dib=L1[.], dii=L1[.], i=L0[.], put=V0 -> L0[_3098] -> L0[_3099] -> V0}
{b=L0[.], chain=L1[_3149] -> V0 -> L1[_3150], dbb=L1[.], dbi=L1[.], dib=L1[.], dii=L1[.], i=L0[.], put=V0 -> L0[_3156] -> L0[_3157] -> V1}
{b=L0[.], chain=L1[_3159] -> V0 -> L1[_3160], dbb=L1[.], dbi=L1[.], dib=L1[.], dii=L1[.], i=L0[.], put=V0 -> L0[_3166] -> L0[_3167] -> V1}
{b=L0[.], chain=L1[_3169] -> V0 -> L1[_3170], dbb=L1[.], dbi=L1[.], dib=L1[.], dii=L1[.], i=L0[.], put=V0 -> L0[_3176] -> L0[_3177] -> V1}
{b=L0[.], chain=L1[_3179] -> V0 -> L1[_3180], dbb=L1[.], dbi=L1[.], dib=L1[.], dii=L1[.], i=L0[.], put=V0 -> L0[_3186] -> L0[_3187] -> V1}
{b=L0[.], chain=L1[_3329] -> V0 -> L1[_3330], dbb=L1[.], dbi=L1[.], dib=L1[.], dii=L1[.], i=L0[.], put=V0 -> L0[_3336] -> L0[_3337] -> L1[_3338]}
{b=L0[.], chain=L1[_3340] -> V0 -> L1[_3341], dbb=L1[.], dbi=L1[.], dib=L1[.], dii=L1[.], i=L0[.], put=V0 -> L0[_3347] -> L0[_3348] -> L1[_3349]}
{b=L0[.], chain=L1[_3351] -> V0 -> L1[_3352], dbb=L1[.], dbi=L1[.], dib=L1[.], dii=L1[.], i=L0[.], put=V0 -> L0[_3358] -> L0[_3359] -> L1[_3360]}
{b=L0[.], chain=L1[_3362] -> V0 -> L1[_3363], dbb=L1[.], dbi=L1[.], dib=L1[.], dii=L1[.], i=L0[.], put=V0 -> L0[_3369] -> L0[_3370] -> L1[_3371]}
{b=L0[.], chain=L0[_3455] -> V0 -> L0[_3456], dbb=L0[.], dbi=L0[.], dib=L0[.], dii=L0[.], i=L0[.], put=L0[_3462] -> V0 -> V0 -> V0}
{b=L0[.], chain=L0[_3464] -> V0 -> L0[_3465], dbb=L0[.], dbi=L0[.], dib=L0[.], dii=L0[.], i=L0[.], put=L0[_3471] -> V0 -> V0 -> V0}
{b=L0[], chain=L1[_3546] -> V0 -> L1[_3547], dbb=L1[.], dbi=L1[.], dib=L1[.], dii=L1[.], i=L0[], put=L1[_3552] -> V0 -> V0 -> V1}
{b=L0[], chain=L1[_3553] -> V0 -> L1[_3554], dbb=L1[.], dbi=L1[.], dib=L1[.], dii=L1[.], i=L0[], put=L1[_3559] -> V0 -> V0 -> V1}
{b=L0[], chain=L1[_3636] -> V0 -> L1[_3637], dbb=L1[.], dbi=L1[.], dib=L1[.], dii=L1[.], i=L0[], put=L1[_3642] -> V0 -> V0 -> L1[_3643]}
{b=L0[], chain=L1[_3644] -> V0 -> L1[_3645], dbb=L1[.], dbi=L1[.], dib=L1[.], dii=L1[.], i=L0[], put=L1[_3650] -> V0 -> V0 -> L1[_3651]}
{b=L0[., .], chain=L0[_3736, _3737] -> V0 -> L0[_3738, _3739], dbb=L0[., .], dbi=L0[., .], dib=L0[., .], dii=L0[., .], i=L0[., .], put=L0[_3750, _3751] -> V0 -> V1 -> V0}
{b=L0[., .], chain=L0[_3754, _3755] -> V0 -> L0[_3756, _3757], dbb=L0[., .], dbi=L0[., .], dib=L0[., .], dii=L0[., .], i=L0[., .], put=L0[_3768, _3769] -> V0 -> V1 -> V0}
{b=L0[., .], chain=L0[_3772, _3773] -> V0 -> L0[_3774, _3775], dbb=L0[., .], dbi=L0[., .], dib=L0[., .], dii=L0[., .], i=L0[., .], put=L0[_3786, _3787] -> V0 -> V1 -> V0}
{b=L0[., .], chain=L0[_3856, _3857] -> V0 -> L0[_3858, _3859], dbb=L0[., .], dbi=L0[., .], dib=L0[., .], dii=L0[., .], i=L0[., .], put=L0[_3870, _3871] -> V0 -> V1 -> V1}
{b=L0[., .], chain=L0[_3874, _3875] -> V0 -> L0[_3876, _3877], dbb=L0[., .], dbi=L0[., .], dib=L0[., .], dii=L0[., .], i=L0[., .], put=L0[_3888, _3889] -> V0 -> V1 -> V1}
{b=L0[., .], chain=L0[_3892, _3893] -> V0 -> L0[_3894, _3895], dbb=L0[., .], dbi=L0[., .], dib=L0[., .], dii=L0[., .], i=L0[., .], put=L0[_3906, _3907] -> V0 -> V1 -> V1}
{b=L0[], chain=L1[_3908, _3909] -> V0 -> L1[_3910, _3911], dbb=L1[., .], dbi=L1[., .], dib=L1[., .], dii=L1[., .], i=L2[], put=L1[_3920, _3921] -> V0 -> V1 -> V2}
{b=L0[], chain=L1[_3922, _3923] -> V0 -> L1[_3924, _3925], dbb=L1[., .], dbi=L1[., .], dib=L1[., .], dii=L1[., .], i=L2[], put=L1[_3934, _3935] -> V0 -> V1 -> V2}
{b=L0[], chain=L1[_3936, _3937] -> V0 -> L1[_3938, _3939], dbb=L1[., .], dbi=L1[., .], dib=L1[., .], dii=L1[., .], i=L2[], put=L1[_3948, _3949] -> V0 -> V1 -> V2}
{b=L0[], chain=L1[_3950, _3951] -> V0 -> L1[_3952, _3953], dbb=L1[., .], dbi=L1[., .], dib=L1[., .], dii=L1[., .], i=L2[], put=L1[_3962, _3963] -> V0 -> V1 -> L1[_3964, _3965]}
{b=L0[], chain=L1[_3966, _3967] -> V0 -> L1[_3968, _3969], dbb=L1[., .], dbi=L1[., .], dib=L1[., .], dii=L1[., .], i=L2[], put=L1[_3978, _3979] -> V0 -> V1 -> L1[_3980, _3981]}
{b=L0[], chain=L1[_3982, _3983] -> V0 -> L1[_3984, _3985], dbb=L1[., .], dbi=L1[., .], dib=L1[., .], dii=L1[., .], i=L2[], put=L1[_3994, _3995] -> V0 -> V1 -> L1[_3996, _3997]}
{b=L0[.], chain=L0[_4083] -> V0 -> L0[_4084], dbb=L0[.], dbi=L0[.], dib=L0[.], dii=L0[.], i=L0[.], put=L0[_4090] -> V0 -> L0[_4091] -> V0}
{b=L0[.], chain=L0[_4093] -> V0 -> L0[_4094], dbb=L0[.], dbi=L0[.], dib=L0[.], dii=L0[.], i=L0[.], put=L0[_4100] -> V0 -> L0[_4101] -> V0}
{b=L0[.], chain=L1[_4301] -> V0 -> L1[_4302], dbb=L1[.], dbi=L1[.], dib=L1[.], dii=L1[.], i=L0[.], put=L1[_4308] -> V0 -> L0[_4309] -> V1}
{b=L0[.], chain=L1[_4311] -> V0 -> L1[_4312], dbb=L1[.], dbi=L1[.], dib=L1[.], dii=L1[.], i=L0[.], put=L1[_4318] -> V0 -> L0[_4319] -> V1}
{b=L0[.], chain=L1[_4321] -> V0 -> L1[_4322], dbb=L1[.], dbi=L1[.], dib=L1[.], dii=L1[.], i=L0[.], put=L1[_4328] -> V0 -> L0[_4329] -> V1}
{b=L0[.], chain=L1[_4331] -> V0 -> L1[_4332], dbb=L1[.], dbi=L1[.], dib=L1[.], dii=L1[.], i=L0[.], put=L1[_4338] -> V0 -> L0[_4339] -> V1}
{b=L0[.], chain=L1[_4519] -> V0 -> L1[_4520], dbb=L1[.], dbi=L1[.], dib=L1[.], dii=L1[.], i=L0[.], put=L1[_4526] -> V0 -> L0[_4527] -> L1[_4528]}
{b=L0[.], chain=L1[_4530] -> V0 -> L1[_4531], dbb=L1[.], dbi=L1[.], dib=L1[.], dii=L1[.], i=L0[.], put=L1[_4537] -> V0 -> L0[_4538] -> L1[_4539]}
{b=L0[.], chain=L1[_4541] -> V0 -> L1[_4542], dbb=L1[.], dbi=L1[.], dib=L1[.], dii=L1[.], i=L0[.], put=L1[_4548] -> V0 -> L0[_4549] -> L1[_4550]}
{b=L0[.], chain=L1[_4552] -> V0 -> L1[_4553], dbb=L1[.], dbi=L1[.], dib=L1[.], dii=L1[.], i=L0[.], put=L1[_4559] -> V0 -> L0[_4560] -> L1[_4561]}
{b=L0[.], chain=L0[_4757] -> V0 -> L0[_4758], dbb=L0[.], dbi=L0[.], dib=L0[.], dii=L0[.], i=L0[.], put=L0[_4764] -> L0[_4765] -> V0 -> V0}
{b=L0[.], chain=L0[_4767] -> V0 -> L0[_4768], dbb=L0[.], dbi=L0[.], dib=L0[.], dii=L0[.], i=L0[.], put=L0[_4774] -> L0[_4775] -> V0 -> V0}
{b=L0[.], chain=L1[_4945] -> V0 -> L1[_4946], dbb=L1[.], dbi=L1[.], dib=L1[.], dii=L1[.], i=L0[.], put=L1[_4952] -> L0[_4953] -> V0 -> V1}
{b=L0[.], chain=L1[_4955] -> V0 -> L1[_4956], dbb=L1[.], dbi=L1[.], dib=L1[.], dii=L1[.], i=L0[.], put=L1[_4962] -> L0[_4963] -> V0 -> V1}
{b=L0[.], chain=L1[_4965] -> V0 -> L1[_4966], dbb=L1[.], dbi=L1[.], dib=L1[.], dii=L1[.], i=L0[.], put=L1[_4972] -> L0[_4973] -> V0 -> V1}
{b=L0[.], chain=L1[_4975] -> V0 -> L1[_4976], dbb=L1[.], dbi=L1[.], dib=L1[.], dii=L1[.], i=L0[.], put=L1[_4982] -> L0[_4983] -> V0 -> V1}
{b=L0[.], chain=L1[_5099] -> V0 -> L1[_5100], dbb=L1[.], dbi=L1[.], dib=L1[.], dii=L1[.], i=L0[.], put=L1[_5106] -> L0[_5107] -> V0 -> L1[_5108]}
{b=L0[.], chain=L1[_5110] -> V0 -> L1[_5111], dbb=L1[.], dbi=L1[.], dib=L1[.], dii=L1[.], i=L0[.], put=L1[_5117] -> L0[_5118] -> V0 -> L1[_5119]}
{b=L0[.], chain=L1[_5121] -> V0 -> L1[_5122], dbb=L1[.], dbi=L1[.], dib=L1[.], dii=L1[.], i=L0[.], put=L1[_5128] -> L0[_5129] -> V0 -> L1[_5130]}
{b=L0[.], chain=L1[_5132] -> V0 -> L1[_5133], dbb=L1[.], dbi=L1[.], dib=L1[.], dii=L1[.], i=L0[.], put=L1[_5139] -> L0[_5140] -> V0 -> L1[_5141]}
{b=L0[.], chain=L1[_5329] -> V0 -> L1[_5330], dbb=L1[.], dbi=L1[.], dib=L1[.], dii=L1[.], i=L0[.], put=L1[_5336] -> L0[_5337] -> L0[_5338] -> V0}
{b=L0[.], chain=L1[_5340] -> V0 -> L1[_5341], dbb=L1[.], dbi=L1[.], dib=L1[.], dii=L1[.], i=L0[.], put=L1[_5347] -> L0[_5348] -> L0[_5349] -> V0}
{b=L0[.], chain=L1[_5351] -> V0 -> L1[_5352], dbb=L1[.], dbi=L1[.], dib=L1[.], dii=L1[.], i=L0[.], put=L1[_5358] -> L0[_5359] -> L0[_5360] -> V0}
{b=L0[.], chain=L1[_5362] -> V0 -> L1[_5363], dbb=L1[.], dbi=L1[.], dib=L1[.], dii=L1[.], i=L0[.], put=L1[_5369] -> L0[_5370] -> L0[_5371] -> V0}
{b=L0[.], chain=L1[_5604] -> V0 -> L1[_5605], dbb=L1[.], dbi=L1[.], dib=L1[.], dii=L1[.], i=L0[.], put=L1[_5616] -> L0[_5617] -> L0[_5619] -> L1[_5620]}
{b=L0[.], chain=L1[_5625] -> V0 -> L1[_5626], dbb=L1[.], dbi=L1[.], dib=L1[.], dii=L1[.], i=L0[.], put=L1[_5637] -> L0[_5638] -> L0[_5639] -> L1[_5640]}
{b=L0[.], chain=L1[_5642] -> V0 -> L1[_5643], dbb=L1[.], dbi=L1[.], dib=L1[.], dii=L1[.], i=L0[.], put=L1[_5649] -> L0[_5650] -> L0[_5651] -> L1[_5652]}
{b=L0[.], chain=L1[_5654] -> V0 -> L1[_5655], dbb=L1[.], dbi=L1[.], dib=L1[.], dii=L1[.], i=L0[.], put=L1[_5661] -> L0[_5662] -> L0[_5663] -> L1[_5664]}
{b=L0[.], chain=L0[_6150] -> L0[_6151] -> V0, dbb=L0[.], dbi=L0[.], dib=L0[.], dii=L0[.], i=L0[.], put=V0 -> V0 -> L0[_6157] -> V0}
{b=L0[.], chain=L0[_6159] -> L0[_6160] -> V0, dbb=L0[.], dbi=L0[.], dib=L0[.], dii=L0[.], i=L0[.], put=V0 -> V0 -> L0[_6166] -> V0}
{b=L0[.], chain=L0[_6292] -> L0[_6293] -> V0, dbb=L0[.], dbi=L0[.], dib=L0[.], dii=L0[.], i=L0[.], put=V0 -> V0 -> L0[_6299] -> V1}
{b=L0[.], chain=L0[_6301] -> L0[_6302] -> V0, dbb=L0[.], dbi=L0[.], dib=L0[.], dii=L0[.], i=L0[.], put=V0 -> V0 -> L0[_6308] -> V1}
{b=L0[.], chain=L0[_6412] -> L0[_6413] -> V0, dbb=L0[.], dbi=L0[.], dib=L0[.], dii=L0[.], i=L0[.], put=V0 -> V0 -> L0[_6419] -> L0[_6420]}
{b=L0[.], chain=L0[_6422] -> L0[_6423] -> V0, dbb=L0[.], dbi=L0[.], dib=L0[.], dii=L0[.], i=L0[.], put=V0 -> V0 -> L0[_6429] -> L0[_6430]}
{b=L0[.], chain=L0[_4007] -> L0[_4008] -> V0, dbb=L0[.], dbi=L0[.], dib=L0[.], dii=L0[.], i=L0[.], put=V0 -> L0[_4014] -> V0 -> V0}
{b=L0[.], chain=L0[_4016] -> L0[_4017] -> V0, dbb=L0[.], dbi=L0[.], dib=L0[.], dii=L0[.], i=L0[.], put=V0 -> L0[_4023] -> V0 -> V0}
{b=L0[.], chain=L0[_4065] -> L0[_4066] -> V0, dbb=L0[.], dbi=L0[.], dib=L0[.], dii=L0[.], i=L0[.], put=V0 -> L0[_4072] -> V0 -> V1}
{b=L0[.], chain=L0[_4074] -> L0[_4075] -> V0, dbb=L0[.], dbi=L0[.], dib=L0[.], dii=L0[.], i=L0[.], put=V0 -> L0[_4081] -> V0 -> V1}
{b=L0[.], chain=L0[_4143] -> L0[_4144] -> V0, dbb=L0[.], dbi=L0[.], dib=L0[.], dii=L0[.], i=L0[.], put=V0 -> L0[_4150] -> V0 -> L0[_4151]}
{b=L0[.], chain=L0[_4153] -> L0[_4154] -> V0, dbb=L0[.], dbi=L0[.], dib=L0[.], dii=L0[.], i=L0[.], put=V0 -> L0[_4160] -> V0 -> L0[_4161]}
{b=L0[.], chain=L0[_4791] -> L0[_4792] -> V0, dbb=L0[.], dbi=L0[.], dib=L0[.], dii=L0[.], i=L0[.], put=L0[_4798] -> V0 -> V0 -> V0}
{b=L0[.], chain=L0[_4800] -> L0[_4801] -> V0, dbb=L0[.], dbi=L0[.], dib=L0[.], dii=L0[.], i=L0[.], put=L0[_4807] -> V0 -> V0 -> V0}
{b=L0[], chain=L1[_4930] -> L1[_4931] -> V0, dbb=L1[.], dbi=L1[.], dib=L1[.], dii=L1[.], i=L0[], put=L1[_4936] -> V0 -> V0 -> V1}
{b=L0[], chain=L1[_4937] -> L1[_4938] -> V0, dbb=L1[.], dbi=L1[.], dib=L1[.], dii=L1[.], i=L0[], put=L1[_4943] -> V0 -> V0 -> V1}
{b=L0[], chain=L1[_5082] -> L1[_5083] -> V0, dbb=L1[.], dbi=L1[.], dib=L1[.], dii=L1[.], i=L0[], put=L1[_5088] -> V0 -> V0 -> L1[_5089]}
{b=L0[], chain=L1[_5090] -> L1[_5091] -> V0, dbb=L1[.], dbi=L1[.], dib=L1[.], dii=L1[.], i=L0[], put=L1[_5096] -> V0 -> V0 -> L1[_5097]}
{b=L0[., .], chain=L0[_5162, _5163] -> L0[_5164, _5165] -> V0, dbb=L0[., .], dbi=L0[., .], dib=L0[., .], dii=L0[., .], i=L0[., .], put=L0[_5176, _5177] -> V0 -> V1 -> V0}
{b=L0[., .], chain=L0[_5180, _5181] -> L0[_5182, _5183] -> V0, dbb=L0[., .], dbi=L0[., .], dib=L0[., .], dii=L0[., .], i=L0[., .], put=L0[_5194, _5195] -> V0 -> V1 -> V0}
{b=L0[., .], chain=L0[_5198, _5199] -> L0[_5200, _5201] -> V0, dbb=L0[., .], dbi=L0[., .], dib=L0[., .], dii=L0[., .], i=L0[., .], put=L0[_5212, _5213] -> V0 -> V1 -> V0}
{b=L0[., .], chain=L0[_1256, _1257] -> L0[_1258, _1259] -> V0, dbb=L0[., .], dbi=L0[., .], dib=L0[., .], dii=L0[., .], i=L0[., .], put=L0[_1270, _1271] -> V0 -> V1 -> V1}
{b=L0[., .], chain=L0[_1274, _1275] -> L0[_1276, _1277] -> V0, dbb=L0[., .], dbi=L0[., .], dib=L0[., .], dii=L0[., .], i=L0[., .], put=L0[_1288, _1289] -> V0 -> V1 -> V1}
{b=L0[., .], chain=L0[_1292, _1293] -> L0[_1294, _1295] -> V0, dbb=L0[., .], dbi=L0[., .], dib=L0[., .], dii=L0[., .], i=L0[., .], put=L0[_1306, _1307] -> V0 -> V1 -> V1}
{b=L0[], chain=L1[_1342, _1343] -> L1[_1344, _1345] -> V0, dbb=L1[., .], dbi=L1[., .], dib=L1[., .], dii=L1[., .], i=L2[], put=L1[_1354, _1355] -> V0 -> V1 -> V2}
{b=L0[], chain=L1[_1356, _1357] -> L1[_1358, _1359] -> V0, dbb=L1[., .], dbi=L1[., .], dib=L1[., .], dii=L1[., .], i=L2[], put=L1[_1368, _1369] -> V0 -> V1 -> V2}
{b=L0[], chain=L1[_1370, _1371] -> L1[_1372, _1373] -> V0, dbb=L1[., .], dbi=L1[., .], dib=L1[., .], dii=L1[., .], i=L2[], put=L1[_1382, _1383] -> V0 -> V1 -> V2}
{b=L0[], chain=L1[_1424, _1425] -> L1[_1426, _1427] -> V0, dbb=L1[., .], dbi=L1[., .], dib=L1[., .], dii=L1[., .], i=L2[], put=L1[_1436, _1437] -> V0 -> V1 -> L1[_1438, _1439]}
{b=L0[], chain=L1[_1440, _1441] -> L1[_1442, _1443] -> V0, dbb=L1[., .], dbi=L1[., .], dib=L1[., .], dii=L1[., .], i=L2[], put=L1[_1452, _1453] -> V0 -> V1 -> L1[_1454, _1455]}
{b=L0[], chain=L1[_1456, _1457] -> L1[_1458, _1459] -> V0, dbb=L1[., .], dbi=L1[., .], dib=L1[., .], dii=L1[., .], i=L2[], put=L1[_1468, _1469] -> V0 -> V1 -> L1[_1470, _1471]}
{b=L0[.], chain=L0[_1551] -> L0[_1552] -> V0, dbb=L0[.], dbi=L0[.], dib=L0[.], dii=L0[.], i=L0[.], put=L0[_1558] -> V0 -> L0[_1559] -> V0}
{b=L0[.], chain=L0[_1561] -> L0[_1562] -> V0, dbb=L0[.], dbi=L0[.], dib=L0[.], dii=L0[.], i=L0[.], put=L0[_1568] -> V0 -> L0[_1569] -> V0}
{b=L0[.], chain=L1[_1901] -> L1[_1902] -> V0, dbb=L1[.], dbi=L1[.], dib=L1[.], dii=L1[.], i=L0[.], put=L1[_1908] -> V0 -> L0[_1909] -> V1}
{b=L0[.], chain=L1[_1911] -> L1[_1912] -> V0, dbb=L1[.], dbi=L1[.], dib=L1[.], dii=L1[.], i=L0[.], put=L1[_1918] -> V0 -> L0[_1919] -> V1}
{b=L0[.], chain=L1[_1921] -> L1[_1922] -> V0, dbb=L1[.], dbi=L1[.], dib=L1[.], dii=L1[.], i=L0[.], put=L1[_1928] -> V0 -> L0[_1929] -> V1}
{b=L0[.], chain=L1[_1931] -> L1[_1932] -> V0, dbb=L1[.], dbi=L1[.], dib=L1[.], dii=L1[.], i=L0[.], put=L1[_1938] -> V0 -> L0[_1939] -> V1}
{b=L0[.], chain=L1[_2163] -> L1[_2164] -> V0, dbb=L1[.], dbi=L1[.], dib=L1[.], dii=L1[.], i=L0[.], put=L1[_2170] -> V0 -> L0[_2171] -> L1[_2172]}
{b=L0[.], chain=L1[_2174] -> L1[_2175] -> V0, dbb=L1[.], dbi=L1[.], dib=L1[.], dii=L1[.], i=L0[.], put=L1[_2181] -> V0 -> L0[_2182] -> L1[_2183]}
{b=L0[.], chain=L1[_2185] -> L1[_2186] -> V0, dbb=L1[.], dbi=L1[.], dib=L1[.], dii=L1[.], i=L0[.], put=L1[_2192] -> V0 -> L0[_2193] -> L1[_2194]}
{b=L0[.], chain=L1[_2196] -> L1[_2197] -> V0, dbb=L1[.], dbi=L1[.], dib=L1[.], dii=L1[.], i=L0[.], put=L1[_2203] -> V0 -> L0[_2204] -> L1[_2205]}
{b=L0[.], chain=L0[_2377] -> L0[_2378] -> V0, dbb=L0[.], dbi=L0[.], dib=L0[.], dii=L0[.], i=L0[.], put=L0[_2384] -> L0[_2385] -> V0 -> V0}
{b=L0[.], chain=L0[_2387] -> L0[_2388] -> V0, dbb=L0[.], dbi=L0[.], dib=L0[.], dii=L0[.], i=L0[.], put=L0[_2394] -> L0[_2395] -> V0 -> V0}
{b=L0[.], chain=L1[_2565] -> L1[_2566] -> V0, dbb=L1[.], dbi=L1[.], dib=L1[.], dii=L1[.], i=L0[.], put=L1[_2572] -> L0[_2573] -> V0 -> V1}
{b=L0[.], chain=L1[_2575] -> L1[_2576] -> V0, dbb=L1[.], dbi=L1[.], dib=L1[.], dii=L1[.], i=L0[.], put=L1[_2582] -> L0[_2583] -> V0 -> V1}
{b=L0[.], chain=L1[_2585] -> L1[_2586] -> V0, dbb=L1[.], dbi=L1[.], dib=L1[.], dii=L1[.], i=L0[.], put=L1[_2592] -> L0[_2593] -> V0 -> V1}
{b=L0[.], chain=L1[_2595] -> L1[_2596] -> V0, dbb=L1[.], dbi=L1[.], dib=L1[.], dii=L1[.], i=L0[.], put=L1[_2602] -> L0[_2603] -> V0 -> V1}
{b=L0[.], chain=L1[_2711] -> L1[_2712] -> V0, dbb=L1[.], dbi=L1[.], dib=L1[.], dii=L1[.], i=L0[.], put=L1[_2718] -> L0[_2719] -> V0 -> L1[_2720]}
{b=L0[.], chain=L1[_2722] -> L1[_2723] -> V0, dbb=L1[.], dbi=L1[.], dib=L1[.], dii=L1[.], i=L0[.], put=L1[_2729] -> L0[_2730] -> V0 -> L1[_2731]}
{b=L0[.], chain=L1[_2733] -> L1[_2734] -> V0, dbb=L1[.], dbi=L1[.], dib=L1[.], dii=L1[.], i=L0[.], put=L1[_2740] -> L0[_2741] -> V0 -> L1[_2742]}
{b=L0[.], chain=L1[_2744] -> L1[_2745] -> V0, dbb=L1[.], dbi=L1[.], dib=L1[.], dii=L1[.], i=L0[.], put=L1[_2751] -> L0[_2752] -> V0 -> L1[_2753]}
{b=L0[.], chain=L1[_2963] -> L1[_2964] -> V0, dbb=L1[.], dbi=L1[.], dib=L1[.], dii=L1[.], i=L0[.], put=L1[_2970] -> L0[_2971] -> L0[_2972] -> V0}
{b=L0[.], chain=L1[_2974] -> L1[_2975] -> V0, dbb=L1[.], dbi=L1[.], dib=L1[.], dii=L1[.], i=L0[.], put=L1[_2981] -> L0[_2982] -> L0[_2983] -> V0}
{b=L0[.], chain=L1[_2985] -> L1[_2986] -> V0, dbb=L1[.], dbi=L1[.], dib=L1[.], dii=L1[.], i=L0[.], put=L1[_2992] -> L0[_2993] -> L0[_2994] -> V0}
{b=L0[.], chain=L1[_2996] -> L1[_2997] -> V0, dbb=L1[.], dbi=L1[.], dib=L1[.], dii=L1[.], i=L0[.], put=L1[_3003] -> L0[_3004] -> L0[_3005] -> V0}
{b=L0[.], chain=L1[_3101] -> L1[_3102] -> V0, dbb=L1[.], dbi=L1[.], dib=L1[.], dii=L1[.], i=L0[.], put=L1[_3108] -> L0[_3109] -> L0[_3110] -> L1[_3111]}
{b=L0[.], chain=L1[_3113] -> L1[_3114] -> V0, dbb=L1[.], dbi=L1[.], dib=L1[.], dii=L1[.], i=L0[.], put=L1[_3120] -> L0[_3121] -> L0[_3122] -> L1[_3123]}
{b=L0[.], chain=L1[_3125] -> L1[_3126] -> V0, dbb=L1[.], dbi=L1[.], dib=L1[.], dii=L1[.], i=L0[.], put=L1[_3132] -> L0[_3133] -> L0[_3134] -> L1[_3135]}
{b=L0[.], chain=L1[_3137] -> L1[_3138] -> V0, dbb=L1[.], dbi=L1[.], dib=L1[.], dii=L1[.], i=L0[.], put=L1[_3144] -> L0[_3145] -> L0[_3146] -> L1[_3147]}
{b=L0[], chain=L0[] -> L0[] -> L0[], dbb=L0[], dbi=L0[], dib=L0[], dii=L0[], i=L0[], put=V0 -> V0 -> V0 -> V0}
{b=L0[], chain=L0[] -> L0[] -> L0[], dbb=L0[], dbi=L0[], dib=L0[], dii=L0[], i=L0[], put=V0 -> V0 -> V0 -> L0[]}
{b=L0[.], chain=L0[_3577] -> L0[_3578] -> L0[_3579], dbb=L0[.], dbi=L0[.], dib=L0[.], dii=L0[.], i=L0[.], put=V0 -> V0 -> L0[_3585] -> V0}
{b=L0[.], chain=L0[_3587] -> L0[_3588] -> L0[_3589], dbb=L0[.], dbi=L0[.], dib=L0[.], dii=L0[.], i=L0[.], put=V0 -> V0 -> L0[_3595] -> V0}
{b=L0[.], chain=L0[_3715] -> L0[_3716] -> L0[_3717], dbb=L0[.], dbi=L0[.], dib=L0[.], dii=L0[.], i=L0[.], put=V0 -> V0 -> L0[_3723] -> V1}
{b=L0[.], chain=L0[_3725] -> L0[_3726] -> L0[_3727], dbb=L0[.], dbi=L0[.], dib=L0[.], dii=L0[.], i=L0[.], put=V0 -> V0 -> L0[_3733] -> V1}
{b=L0[.], chain=L0[_3789] -> L0[_3790] -> L0[_3791], dbb=L0[.], dbi=L0[.], dib=L0[.], dii=L0[.], i=L0[.], put=V0 -> V0 -> L0[_3797] -> L0[_3798]}
{b=L0[.], chain=L0[_3800] -> L0[_3801] -> L0[_3802], dbb=L0[.], dbi=L0[.], dib=L0[.], dii=L0[.], i=L0[.], put=V0 -> V0 -> L0[_3808] -> L0[_3809]}
{b=L0[.], chain=L0[_5726] -> L0[_5727] -> L0[_5728], dbb=L0[.], dbi=L0[.], dib=L0[.], dii=L0[.], i=L0[.], put=V0 -> L0[_5734] -> V0 -> V0}
{b=L0[.], chain=L0[_5736] -> L0[_5737] -> L0[_5738], dbb=L0[.], dbi=L0[.], dib=L0[.], dii=L0[.], i=L0[.], put=V0 -> L0[_5744] -> V0 -> V0}
{b=L0[.], chain=L0[_5868] -> L0[_5869] -> L0[_5870], dbb=L0[.], dbi=L0[.], dib=L0[.], dii=L0[.], i=L0[.], put=V0 -> L0[_5876] -> V0 -> V1}
{b=L0[.], chain=L0[_5878] -> L0[_5879] -> L0[_5880], dbb=L0[.], dbi=L0[.], dib=L0[.], dii=L0[.], i=L0[.], put=V0 -> L0[_5886] -> V0 -> V1}
{b=L0[.], chain=L0[_6018] -> L0[_6019] -> L0[_6020], dbb=L0[.], dbi=L0[.], dib=L0[.], dii=L0[.], i=L0[.], put=V0 -> L0[_6026] -> V0 -> L0[_6027]}
{b=L0[.], chain=L0[_6029] -> L0[_6030] -> L0[_6031], dbb=L0[.], dbi=L0[.], dib=L0[.], dii=L0[.], i=L0[.], put=V0 -> L0[_6037] -> V0 -> L0[_6038]}
{b=L0[.], chain=L1[] -> L1[] -> L1[], dbb=L1[], dbi=L1[], dib=L1[], dii=L1[], i=L0[.], put=V0 -> L0[_4000] -> L0[_4001] -> V0}
{b=L0[.], chain=L1[] -> L1[] -> L1[], dbb=L1[], dbi=L1[], dib=L1[], dii=L1[], i=L0[.], put=V0 -> L0[_4004] -> L0[_4005] -> V0}
{b=L0[.], chain=L1[] -> L1[] -> L1[], dbb=L1[], dbi=L1[], dib=L1[], dii=L1[], i=L0[.], put=V0 -> L0[_4026] -> L0[_4027] -> V1}
{b=L0[.], chain=L1[] -> L1[] -> L1[], dbb=L1[], dbi=L1[], dib=L1[], dii=L1[], i=L0[.], put=V0 -> L0[_4030] -> L0[_4031] -> V1}
{b=L0[.], chain=L1[] -> L1[] -> L1[], dbb=L1[], dbi=L1[], dib=L1[], dii=L1[], i=L0[.], put=V0 -> L0[_4120] -> L0[_4121] -> L1[]}
{b=L0[.], chain=L1[] -> L1[] -> L1[], dbb=L1[], dbi=L1[], dib=L1[], dii=L1[], i=L0[.], put=V0 -> L0[_4124] -> L0[_4125] -> L1[]}
{b=L0[.], chain=L0[_4195] -> L0[_4196] -> L0[_4197], dbb=L0[.], dbi=L0[.], dib=L0[.], dii=L0[.], i=L0[.], put=L0[_4203] -> V0 -> V0 -> V0}
{b=L0[.], chain=L0[_4205] -> L0[_4206] -> L0[_4207], dbb=L0[.], dbi=L0[.], dib=L0[.], dii=L0[.], i=L0[.], put=L0[_4213] -> V0 -> V0 -> V0}
{b=L0[], chain=L1[_4284] -> L1[_4285] -> L1[_4286], dbb=L1[.], dbi=L1[.], dib=L1[.], dii=L1[.], i=L0[], put=L1[_4291] -> V0 -> V0 -> V1}
{b=L0[], chain=L1[_4292] -> L1[_4293] -> L1[_4294], dbb=L1[.], dbi=L1[.], dib=L1[.], dii=L1[.], i=L0[], put=L1[_4299] -> V0 -> V0 -> V1}
{b=L0[], chain=L1[_4356] -> L1[_4357] -> L1[_4358], dbb=L1[.], dbi=L1[.], dib=L1[.], dii=L1[.], i=L0[], put=L1[_4363] -> V0 -> V0 -> L1[_4364]}
{b=L0[], chain=L1[_4365] -> L1[_4366] -> L1[_4367], dbb=L1[.], dbi=L1[.], dib=L1[.], dii=L1[.], i=L0[], put=L1[_4372] -> V0 -> V0 -> L1[_4373]}
{b=L0[., .], chain=L0[_4384, _4385] -> L0[_4386, _4387] -> L0[_4388, _4389], dbb=L0[., .], dbi=L0[., .], dib=L0[., .], dii=L0[., .], i=L0[., .], put=L0[_4400, _4401] -> V0 -> V1 -> V0}
{b=L0[., .], chain=L0[_4404, _4405] -> L0[_4406, _4407] -> L0[_4408, _4409], dbb=L0[., .], dbi=L0[., .], dib=L0[., .], dii=L0[., .], i=L0[., .], put=L0[_4420, _4421] -> V0 -> V1 -> V0}
{b=L0[., .], chain=L0[_4424, _4425] -> L0[_4426, _4427] -> L0[_4428, _4429], dbb=L0[., .], dbi=L0[., .], dib=L0[., .], dii=L0[., .], i=L0[., .], put=L0[_4440, _4441] -> V0 -> V1 -> V0}
{b=L0[., .], chain=L0[_4564, _4565] -> L0[_4566, _4567] -> L0[_4568, _4569], dbb=L0[., .], dbi=L0[., .], dib=L0[., .], dii=L0[., .], i=L0[., .], put=L0[_4580, _4581] -> V0 -> V1 -> V1}
{b=L0[., .], chain=L0[_4584, _4585] -> L0[_4586, _4587] -> L0[_4588, _4589], dbb=L0[., .], dbi=L0[., .], dib=L0[., .], dii=L0[., .], i=L0[., .], put=L0[_4600, _4601] -> V0 -> V1 -> V1}
{b=L0[., .], chain=L0[_4604, _4605] -> L0[_4606, _4607] -> L0[_4608, _4609], dbb=L0[., .], dbi=L0[., .], dib=L0[., .], dii=L0[., .], i=L0[., .], put=L0[_4620, _4621] -> V0 -> V1 -> V1}
{b=L0[], chain=L1[_4692, _4693] -> L1[_4694, _4695] -> L1[_4696, _4697], dbb=L1[., .], dbi=L1[., .], dib=L1[., .], dii=L1[., .], i=L2[], put=L1[_4706, _4707] -> V0 -> V1 -> V2}
{b=L0[], chain=L1[_4708, _4709] -> L1[_4710, _4711] -> L1[_4712, _4713], dbb=L1[., .], dbi=L1[., .], dib=L1[., .], dii=L1[., .], i=L2[], put=L1[_4722, _4723] -> V0 -> V1 -> V2}
{b=L0[], chain=L1[_4724, _4725] -> L1[_4726, _4727] -> L1[_4728, _4729], dbb=L1[., .], dbi=L1[., .], dib=L1[., .], dii=L1[., .], i=L2[], put=L1[_4738, _4739] -> V0 -> V1 -> V2}
{b=L0[], chain=L1[_4808, _4809] -> L1[_4810, _4811] -> L1[_4812, _4813], dbb=L1[., .], dbi=L1[., .], dib=L1[., .], dii=L1[., .], i=L2[], put=L1[_4822, _4823] -> V0 -> V1 -> L1[_4824, _4825]}
{b=L0[], chain=L1[_4826, _4827] -> L1[_4828, _4829] -> L1[_4830, _4831], dbb=L1[., .], dbi=L1[., .], dib=L1[., .], dii=L1[., .], i=L2[], put=L1[_4840, _4841] -> V0 -> V1 -> L1[_4842, _4843]}
{b=L0[], chain=L1[_4844, _4845] -> L1[_4846, _4847] -> L1[_4848, _4849], dbb=L1[., .], dbi=L1[., .], dib=L1[., .], dii=L1[., .], i=L2[], put=L1[_4858, _4859] -> V0 -> V1 -> L1[_4860, _4861]}
{b=L0[.], chain=L0[_5061] -> L0[_5062] -> L0[_5063], dbb=L0[.], dbi=L0[.], dib=L0[.], dii=L0[.], i=L0[.], put=L0[_5069] -> V0 -> L0[_5070] -> V0}
{b=L0[.], chain=L0[_5072] -> L0[_5073] -> L0[_5074], dbb=L0[.], dbi=L0[.], dib=L0[.], dii=L0[.], i=L0[.], put=L0[_5080] -> V0 -> L0[_5081] -> V0}
{b=L0[.], chain=L1[_5285] -> L1[_5286] -> L1[_5287], dbb=L1[.], dbi=L1[.], dib=L1[.], dii=L1[.], i=L0[.], put=L1[_5293] -> V0 -> L0[_5294] -> V1}
{b=L0[.], chain=L1[_5296] -> L1[_5297] -> L1[_5298], dbb=L1[.], dbi=L1[.], dib=L1[.], dii=L1[.], i=L0[.], put=L1[_5304] -> V0 -> L0[_5305] -> V1}
{b=L0[.], chain=L1[_5307] -> L1[_5308] -> L1[_5309], dbb=L1[.], dbi=L1[.], dib=L1[.], dii=L1[.], i=L0[.], put=L1[_5315] -> V0 -> L0[_5316] -> V1}
{b=L0[.], chain=L1[_5318] -> L1[_5319] -> L1[_5320], dbb=L1[.], dbi=L1[.], dib=L1[.], dii=L1[.], i=L0[.], put=L1[_5326] -> V0 -> L0[_5327] -> V1}
{b=L0[.], chain=L1[_5555] -> L1[_5556] -> L1[_5557], dbb=L1[.], dbi=L1[.], dib=L1[.], dii=L1[.], i=L0[.], put=L1[_5563] -> V0 -> L0[_5564] -> L1[_5565]}
{b=L0[.], chain=L1[_5567] -> L1[_5568] -> L1[_5569], dbb=L1[.], dbi=L1[.], dib=L1[.], dii=L1[.], i=L0[.], put=L1[_5575] -> V0 -> L0[_5576] -> L1[_5577]}
{b=L0[.], chain=L1[_5579] -> L1[_5580] -> L1[_5581], dbb=L1[.], dbi=L1[.], dib=L1[.], dii=L1[.], i=L0[.], put=L1[_5587] -> V0 -> L0[_5588] -> L1[_5589]}
{b=L0[.], chain=L1[_5591] -> L1[_5592] -> L1[_5593], dbb=L1[.], dbi=L1[.], dib=L1[.], dii=L1[.], i=L0[.], put=L1[_5599] -> V0 -> L0[_5600] -> L1[_5601]}
{b=L0[.], chain=L0[_5786] -> L0[_5787] -> L0[_5788], dbb=L0[.], dbi=L0[.], dib=L0[.], dii=L0[.], i=L0[.], put=L0[_5794] -> L0[_5795] -> V0 -> V0}
{b=L0[.], chain=L0[_5797] -> L0[_5798] -> L0[_5799], dbb=L0[.], dbi=L0[.], dib=L0[.], dii=L0[.], i=L0[.], put=L0[_5805] -> L0[_5806] -> V0 -> V0}
{b=L0[.], chain=L1[_6040] -> L1[_6041] -> L1[_6042], dbb=L1[.], dbi=L1[.], dib=L1[.], dii=L1[.], i=L0[.], put=L1[_6048] -> L0[_6049] -> V0 -> V1}
{b=L0[.], chain=L1[_6051] -> L1[_6052] -> L1[_6053], dbb=L1[.], dbi=L1[.], dib=L1[.], dii=L1[.], i=L0[.], put=L1[_6059] -> L0[_6060] -> V0 -> V1}
{b=L0[.], chain=L1[_6062] -> L1[_6063] -> L1[_6064], dbb=L1[.], dbi=L1[.], dib=L1[.], dii=L1[.], i=L0[.], put=L1[_6070] -> L0[_6071] -> V0 -> V1}
{b=L0[.], chain=L1[_6073] -> L1[_6074] -> L1[_6075], dbb=L1[.], dbi=L1[.], dib=L1[.], dii=L1[.], i=L0[.], put=L1[_6081] -> L0[_6082] -> V0 -> V1}
{b=L0[.], chain=L1[_6244] -> L1[_6245] -> L1[_6246], dbb=L1[.], dbi=L1[.], dib=L1[.], dii=L1[.], i=L0[.], put=L1[_6252] -> L0[_6253] -> V0 -> L1[_6254]}
{b=L0[.], chain=L1[_6256] -> L1[_6257] -> L1[_6258], dbb=L1[.], dbi=L1[.], dib=L1[.], dii=L1[.], i=L0[.], put=L1[_6264] -> L0[_6265] -> V0 -> L1[_6266]}
{b=L0[.], chain=L1[_6268] -> L1[_6269] -> L1[_6270], dbb=L1[.], dbi=L1[.], dib=L1[.], dii=L1[.], i=L0[.], put=L1[_6276] -> L0[_6277] -> V0 -> L1[_6278]}
{b=L0[.], chain=L1[_6280] -> L1[_6281] -> L1[_6282], dbb=L1[.], dbi=L1[.], dib=L1[.], dii=L1[.], i=L0[.], put=L1[_6288] -> L0[_6289] -> V0 -> L1[_6290]}
{b=L0[.], chain=L1[_6488] -> L1[_6489] -> L1[_6490], dbb=L1[.], dbi=L1[.], dib=L1[.], dii=L1[.], i=L0[.], put=L1[_6496] -> L0[_6497] -> L0[_6498] -> V0}
{b=L0[.], chain=L1[_6500] -> L1[_6501] -> L1[_6502], dbb=L1[.], dbi=L1[.], dib=L1[.], dii=L1[.], i=L0[.], put=L1[_6508] -> L0[_6509] -> L0[_6510] -> V0}
{b=L0[.], chain=L1[_6512] -> L1[_6513] -> L1[_6514], dbb=L1[.], dbi=L1[.], dib=L1[.], dii=L1[.], i=L0[.], put=L1[_6520] -> L0[_6521] -> L0[_6522] -> V0}
{b=L0[.], chain=L1[_6524] -> L1[_6525] -> L1[_6526], dbb=L1[.], dbi=L1[.], dib=L1[.], dii=L1[.], i=L0[.], put=L1[_6532] -> L0[_6533] -> L0[_6534] -> V0}
{b=L0[.], chain=L1[_6812] -> L1[_6813] -> L1[_6814], dbb=L1[.], dbi=L1[.], dib=L1[.], dii=L1[.], i=L0[.], put=L1[_6820] -> L0[_6821] -> L0[_6822] -> L1[_6823]}
{b=L0[.], chain=L1[_6825] -> L1[_6826] -> L1[_6827], dbb=L1[.], dbi=L1[.], dib=L1[.], dii=L1[.], i=L0[.], put=L1[_6833] -> L0[_6834] -> L0[_6835] -> L1[_6836]}
{b=L0[.], chain=L1[_6838] -> L1[_6839] -> L1[_6840], dbb=L1[.], dbi=L1[.], dib=L1[.], dii=L1[.], i=L0[.], put=L1[_6846] -> L0[_6847] -> L0[_6848] -> L1[_6849]}
{b=L0[.], chain=L1[_6851] -> L1[_6852] -> L1[_6853], dbb=L1[.], dbi=L1[.], dib=L1[.], dii=L1[.], i=L0[.], put=L1[_6859] -> L0[_6860] -> L0[_6861] -> L1[_6862]}
[20:26:54.642]	BEG Depth 1 for [b, chain, dbb, dbi, dib, dii, i, put]
[20:26:54.642]	BEG Size 1 for [b, chain, dbb, dbi, dib, dii, i, put]
[20:26:54.890]	END Size 1 for [b, chain, dbb, dbi, dib, dii, i, put] : 248 ms
[20:26:54.890]	Counts:
Total candidates=2767
[20:26:54.890]	Elapsed time: 26697 ms
[20:26:54.891]	BEG Size 2 for [b, chain, dbb, dbi, dib, dii, i, put]
[20:26:55.458]	END Size 2 for [b, chain, dbb, dbi, dib, dii, i, put] : 568 ms
[20:26:55.458]	Counts:
Total candidates=7029
[20:26:55.458]	Elapsed time: 27265 ms
[20:26:55.459]	BEG Size 3 for [b, chain, dbb, dbi, dib, dii, i, put]
[20:26:56.639]	END Size 3 for [b, chain, dbb, dbi, dib, dii, i, put] : 1180 ms
[20:26:56.639]	Counts:
Total candidates=15871
[20:26:56.639]	Elapsed time: 28446 ms
[20:26:56.639]	BEG Size 4 for [b, chain, dbb, dbi, dib, dii, i, put]
[20:26:59.408]	END Size 4 for [b, chain, dbb, dbi, dib, dii, i, put] : 2769 ms
[20:26:59.408]	Counts:
Total candidates=34025
[20:26:59.408]	Elapsed time: 31215 ms
[20:26:59.408]	BEG Size 5 for [b, chain, dbb, dbi, dib, dii, i, put]
[20:27:03.281]	END Size 5 for [b, chain, dbb, dbi, dib, dii, i, put] : 3873 ms
[20:27:03.281]	Counts:
Total candidates=61287
[20:27:03.281]	Elapsed time: 35088 ms
[20:27:03.281]	BEG Size 6 for [b, chain, dbb, dbi, dib, dii, i, put]
[20:27:11.574]	END Size 6 for [b, chain, dbb, dbi, dib, dii, i, put] : 8293 ms
[20:27:11.574]	Counts:
Total candidates=111871
[20:27:11.574]	Elapsed time: 43381 ms
[20:27:11.574]	BEG Size 7 for [b, chain, dbb, dbi, dib, dii, i, put]
[20:27:21.486]	END Size 7 for [b, chain, dbb, dbi, dib, dii, i, put] : 9912 ms
[20:27:21.486]	Counts:
Total candidates=174947
[20:27:21.486]	Elapsed time: 53293 ms
[20:27:21.486]	BEG Size 8 for [b, chain, dbb, dbi, dib, dii, i, put]
[20:27:41.784]	END Size 8 for [b, chain, dbb, dbi, dib, dii, i, put] : 20298 ms
[20:27:41.784]	Counts:
Total candidates=284835
[20:27:41.784]	Elapsed time: 73591 ms
[20:27:41.785]	BEG Size 9 for [b, chain, dbb, dbi, dib, dii, i, put]
[20:28:04.127]	END Size 9 for [b, chain, dbb, dbi, dib, dii, i, put] : 22343 ms
[20:28:04.127]	Counts:
Total candidates=407494
[20:28:04.127]	Elapsed time: 95934 ms
[20:28:04.127]	BEG Size 10 for [b, chain, dbb, dbi, dib, dii, i, put]
[20:28:25.922]	Potential solution: {b=L0[], chain=L1[V0, V1] -> L1[V1, V2] -> L1[V0, V2], dbb=L1[L0[], L0[]], dbi=L1[L0[], L2[]], dib=L1[L2[], L0[]], dii=L1[L2[], L2[]], i=L2[], put=L1[V0, V1] -> V0 -> V1 -> L1[V0, V1]}
[20:28:25.922]	Looking for counterexamples
[20:28:25.938]	Found no counterexamples
[20:28:25.938]	SOLUTION: {b=L0[], chain=L1[V0, V1] -> L1[V1, V2] -> L1[V0, V2], dbb=L1[L0[], L0[]], dbi=L1[L0[], L2[]], dib=L1[L2[], L0[]], dii=L1[L2[], L2[]], i=L2[], put=L1[V0, V1] -> V0 -> V1 -> L1[V0, V1]}
[20:28:25.938]	END Size 10 for [b, chain, dbb, dbi, dib, dii, i, put] : 21811 ms
[20:28:25.938]	Elapsed time: 117745 ms
[20:28:25.938]	END Depth 1 for [b, chain, dbb, dbi, dib, dii, i, put] : 91296 ms
[20:28:25.938]	Elapsed time: 117745 ms
[20:28:25.938]	Counts:
Total candidates=522616
[20:28:25.938]	Total time: 117745 ms
