dictchain
Running CVC: true
DFSPriority
Eager
Size bound: 20
Depth bound: 4
=====

[16:14:40.860806]	BEG Init search
[16:14:41.039470]	END Init search : 225 ms
[16:14:41.040134]	Counts:
Total candidates=404
[16:14:41.040289]	Elapsed time: 241 ms
[16:14:41.041328]	BEG Compile Init to Elab
[16:14:41.046409]	END Compile Init to Elab : 5 ms
[16:14:41.046756]	Counts:
Total candidates=404
[16:14:41.046884]	Elapsed time: 247 ms
[16:14:41.047853]	BEG Elab search
[16:14:41.715438]	END Elab search : 668 ms
[16:14:41.715857]	Counts:
Total candidates=1879
[16:14:41.716150]	Elapsed time: 917 ms
[16:14:41.718179]	BEG Compile Elab to Concrete
[16:16:34.805186]	END Compile Elab to Concrete : 113087 ms
[16:16:34.805357]	Counts:
Total candidates=1879
[16:16:34.805407]	Elapsed time: 114006 ms
[16:16:34.811454]	Concrete seeds: 809
b: L0[], chain: V0 -> V0 -> V0, dbb: L0[], dbi: L0[], dib: L0[], dii: L0[], i: L0[], put: V0 -> V0 -> V0 -> V0
b: L0[], chain: V0 -> V0 -> V0, dbb: L0[], dbi: L0[], dib: L0[], dii: L0[], i: L0[], put: V0 -> V0 -> V0 -> V1
b: L0[], chain: V0 -> V0 -> V1, dbb: L0[], dbi: L0[], dib: L0[], dii: L0[], i: L0[], put: V0 -> V0 -> V0 -> V0
b: L0[], chain: V0 -> V0 -> V1, dbb: L0[], dbi: L0[], dib: L0[], dii: L0[], i: L0[], put: V0 -> V0 -> V0 -> V1
b: L0[], chain: V0 -> V0 -> V0, dbb: L0[], dbi: L0[], dib: L0[], dii: L0[], i: L0[], put: V0 -> V0 -> V0 -> L0[]
b: L0[], chain: V0 -> V0 -> V1, dbb: L0[], dbi: L0[], dib: L0[], dii: L0[], i: L0[], put: V0 -> V0 -> V0 -> L0[]
b: L0[], chain: V0 -> V0 -> V0, dbb: L0[], dbi: L0[], dib: L0[], dii: L0[], i: L0[], put: V0 -> V0 -> L0[] -> V0
b: L0[_0_], chain: V0 -> V0 -> V0, dbb: L0[_1_], dbi: L0[_2_], dib: L0[_3_], dii: L0[_4_], i: L0[_5_], put: V0 -> V0 -> L0[_6_] -> V0
b: L0[], chain: V0 -> V0 -> V0, dbb: L0[], dbi: L0[], dib: L0[], dii: L0[], i: L0[], put: V0 -> V0 -> L0[] -> V1
b: L0[_7_], chain: V0 -> V0 -> V0, dbb: L0[_8_], dbi: L0[_9_], dib: L0[_10_], dii: L0[_11_], i: L0[_12_], put: V0 -> V0 -> L0[_13_] -> V1
b: L0[], chain: V0 -> V0 -> V1, dbb: L0[], dbi: L0[], dib: L0[], dii: L0[], i: L0[], put: V0 -> V0 -> L0[] -> V0
b: L0[_14_], chain: V0 -> V0 -> V1, dbb: L0[_15_], dbi: L0[_16_], dib: L0[_17_], dii: L0[_18_], i: L0[_19_], put: V0 -> V0 -> L0[_20_] -> V0
b: L0[], chain: V0 -> V0 -> V1, dbb: L0[], dbi: L0[], dib: L0[], dii: L0[], i: L0[], put: V0 -> V0 -> L0[] -> V1
b: L0[_21_], chain: V0 -> V0 -> V1, dbb: L0[_22_], dbi: L0[_23_], dib: L0[_24_], dii: L0[_25_], i: L0[_26_], put: V0 -> V0 -> L0[_27_] -> V1
b: L0[], chain: V0 -> V0 -> V0, dbb: L0[], dbi: L0[], dib: L0[], dii: L0[], i: L0[], put: V0 -> V0 -> L0[] -> L0[]
b: L0[_28_], chain: V0 -> V0 -> V0, dbb: L0[_29_], dbi: L0[_30_], dib: L0[_31_], dii: L0[_32_], i: L0[_33_], put: V0 -> V0 -> L0[_34_] -> L0[_35_]
b: L0[], chain: V0 -> V0 -> V1, dbb: L0[], dbi: L0[], dib: L0[], dii: L0[], i: L0[], put: V0 -> V0 -> L0[] -> L0[]
b: L0[_36_], chain: V0 -> V0 -> V1, dbb: L0[_37_], dbi: L0[_38_], dib: L0[_39_], dii: L0[_40_], i: L0[_41_], put: V0 -> V0 -> L0[_42_] -> L0[_43_]
b: L0[], chain: V0 -> V0 -> V0, dbb: L0[], dbi: L0[], dib: L0[], dii: L0[], i: L0[], put: V0 -> L0[] -> V0 -> V0
b: L0[_44_], chain: V0 -> V0 -> V0, dbb: L0[_45_], dbi: L0[_46_], dib: L0[_47_], dii: L0[_48_], i: L0[_49_], put: V0 -> L0[_50_] -> V0 -> V0
b: L0[], chain: V0 -> V0 -> V0, dbb: L0[], dbi: L0[], dib: L0[], dii: L0[], i: L0[], put: V0 -> L0[] -> V0 -> V1
b: L0[_51_], chain: V0 -> V0 -> V0, dbb: L0[_52_], dbi: L0[_53_], dib: L0[_54_], dii: L0[_55_], i: L0[_56_], put: V0 -> L0[_57_] -> V0 -> V1
b: L0[], chain: V0 -> V0 -> V1, dbb: L0[], dbi: L0[], dib: L0[], dii: L0[], i: L0[], put: V0 -> L0[] -> V0 -> V0
b: L0[_58_], chain: V0 -> V0 -> V1, dbb: L0[_59_], dbi: L0[_60_], dib: L0[_61_], dii: L0[_62_], i: L0[_63_], put: V0 -> L0[_64_] -> V0 -> V0
b: L0[], chain: V0 -> V0 -> V1, dbb: L0[], dbi: L0[], dib: L0[], dii: L0[], i: L0[], put: V0 -> L0[] -> V0 -> V1
b: L0[_65_], chain: V0 -> V0 -> V1, dbb: L0[_66_], dbi: L0[_67_], dib: L0[_68_], dii: L0[_69_], i: L0[_70_], put: V0 -> L0[_71_] -> V0 -> V1
b: L0[], chain: V0 -> V0 -> V0, dbb: L0[], dbi: L0[], dib: L0[], dii: L0[], i: L0[], put: V0 -> L0[] -> V0 -> L0[]
b: L0[_72_], chain: V0 -> V0 -> V0, dbb: L0[_73_], dbi: L0[_74_], dib: L0[_75_], dii: L0[_76_], i: L0[_77_], put: V0 -> L0[_78_] -> V0 -> L0[_79_]
b: L0[], chain: V0 -> V0 -> V1, dbb: L0[], dbi: L0[], dib: L0[], dii: L0[], i: L0[], put: V0 -> L0[] -> V0 -> L0[]
b: L0[_80_], chain: V0 -> V0 -> V1, dbb: L0[_81_], dbi: L0[_82_], dib: L0[_83_], dii: L0[_84_], i: L0[_85_], put: V0 -> L0[_86_] -> V0 -> L0[_87_]
b: L0[], chain: V0 -> V0 -> V0, dbb: L1[], dbi: L1[], dib: L1[], dii: L1[], i: L0[], put: V0 -> L0[] -> L0[] -> V0
b: L0[_88_], chain: V0 -> V0 -> V0, dbb: L1[], dbi: L1[], dib: L1[], dii: L1[], i: L0[_89_], put: V0 -> L0[_90_] -> L0[_91_] -> V0
b: L0[], chain: V0 -> V0 -> V0, dbb: L1[], dbi: L1[], dib: L1[], dii: L1[], i: L0[], put: V0 -> L0[] -> L0[] -> V1
b: L0[_92_], chain: V0 -> V0 -> V0, dbb: L1[], dbi: L1[], dib: L1[], dii: L1[], i: L0[_93_], put: V0 -> L0[_94_] -> L0[_95_] -> V1
b: L0[], chain: V0 -> V0 -> V1, dbb: L1[], dbi: L1[], dib: L1[], dii: L1[], i: L0[], put: V0 -> L0[] -> L0[] -> V0
b: L0[_96_], chain: V0 -> V0 -> V1, dbb: L1[], dbi: L1[], dib: L1[], dii: L1[], i: L0[_97_], put: V0 -> L0[_98_] -> L0[_99_] -> V0
b: L0[], chain: V0 -> V0 -> V1, dbb: L1[], dbi: L1[], dib: L1[], dii: L1[], i: L0[], put: V0 -> L0[] -> L0[] -> V1
b: L0[_100_], chain: V0 -> V0 -> V1, dbb: L1[], dbi: L1[], dib: L1[], dii: L1[], i: L0[_101_], put: V0 -> L0[_102_] -> L0[_103_] -> V1
b: L0[], chain: V0 -> V0 -> V0, dbb: L1[], dbi: L1[], dib: L1[], dii: L1[], i: L0[], put: V0 -> L0[] -> L0[] -> L1[]
b: L0[_104_], chain: V0 -> V0 -> V0, dbb: L1[], dbi: L1[], dib: L1[], dii: L1[], i: L0[_105_], put: V0 -> L0[_106_] -> L0[_107_] -> L1[]
b: L0[], chain: V0 -> V0 -> V1, dbb: L1[], dbi: L1[], dib: L1[], dii: L1[], i: L0[], put: V0 -> L0[] -> L0[] -> L1[]
b: L0[_108_], chain: V0 -> V0 -> V1, dbb: L1[], dbi: L1[], dib: L1[], dii: L1[], i: L0[_109_], put: V0 -> L0[_110_] -> L0[_111_] -> L1[]
b: L0[], chain: V0 -> V0 -> V0, dbb: L0[], dbi: L0[], dib: L0[], dii: L0[], i: L0[], put: L0[] -> V0 -> V0 -> V0
b: L0[_112_], chain: V0 -> V0 -> V0, dbb: L0[_113_], dbi: L0[_114_], dib: L0[_115_], dii: L0[_116_], i: L0[_117_], put: L0[_118_] -> V0 -> V0 -> V0
b: L0[], chain: V0 -> V0 -> V0, dbb: L1[], dbi: L1[], dib: L1[], dii: L1[], i: L0[], put: L1[] -> V0 -> V0 -> V1
b: L0[], chain: V0 -> V0 -> V0, dbb: L1[_119_], dbi: L1[_120_], dib: L1[_121_], dii: L1[_122_], i: L0[], put: L1[_123_] -> V0 -> V0 -> V1
b: L0[], chain: V0 -> V0 -> V0, dbb: L0[], dbi: L0[], dib: L0[], dii: L0[], i: L0[], put: L0[] -> V0 -> V1 -> V0
b: L0[_124_], chain: V0 -> V0 -> V0, dbb: L0[_125_], dbi: L0[_126_], dib: L0[_127_], dii: L0[_128_], i: L0[_129_], put: L0[_130_] -> V0 -> V1 -> V0
b: L0[_131_, _132_], chain: V0 -> V0 -> V0, dbb: L0[_133_, _134_], dbi: L0[_135_, _136_], dib: L0[_137_, _138_], dii: L0[_139_, _140_], i: L0[_141_, _142_], put: L0[_143_, _144_] -> V0 -> V1 -> V0
b: L0[], chain: V0 -> V0 -> V0, dbb: L0[], dbi: L0[], dib: L0[], dii: L0[], i: L0[], put: L0[] -> V0 -> V1 -> V1
b: L0[_145_], chain: V0 -> V0 -> V0, dbb: L0[_146_], dbi: L0[_147_], dib: L0[_148_], dii: L0[_149_], i: L0[_150_], put: L0[_151_] -> V0 -> V1 -> V1
b: L0[_152_, _153_], chain: V0 -> V0 -> V0, dbb: L0[_154_, _155_], dbi: L0[_156_, _157_], dib: L0[_158_, _159_], dii: L0[_160_, _161_], i: L0[_162_, _163_], put: L0[_164_, _165_] -> V0 -> V1 -> V1
b: L0[], chain: V0 -> V0 -> V0, dbb: L1[], dbi: L1[], dib: L1[], dii: L1[], i: L5[], put: L1[] -> V0 -> V1 -> V2
b: L0[], chain: V0 -> V0 -> V0, dbb: L1[_166_], dbi: L1[_167_], dib: L1[_168_], dii: L1[_169_], i: L5[], put: L1[_170_] -> V0 -> V1 -> V2
b: L0[], chain: V0 -> V0 -> V0, dbb: L1[_171_, _172_], dbi: L1[_173_, _174_], dib: L1[_175_, _176_], dii: L1[_177_, _178_], i: L5[], put: L1[_179_, _180_] -> V0 -> V1 -> V2
b: L0[], chain: V0 -> V0 -> V1, dbb: L0[], dbi: L0[], dib: L0[], dii: L0[], i: L0[], put: L0[] -> V0 -> V0 -> V0
b: L0[_181_], chain: V0 -> V0 -> V1, dbb: L0[_182_], dbi: L0[_183_], dib: L0[_184_], dii: L0[_185_], i: L0[_186_], put: L0[_187_] -> V0 -> V0 -> V0
b: L0[], chain: V0 -> V0 -> V1, dbb: L1[], dbi: L1[], dib: L1[], dii: L1[], i: L0[], put: L1[] -> V0 -> V0 -> V1
b: L0[], chain: V0 -> V0 -> V1, dbb: L1[_188_], dbi: L1[_189_], dib: L1[_190_], dii: L1[_191_], i: L0[], put: L1[_192_] -> V0 -> V0 -> V1
b: L0[], chain: V0 -> V0 -> V1, dbb: L0[], dbi: L0[], dib: L0[], dii: L0[], i: L0[], put: L0[] -> V0 -> V1 -> V0
b: L0[_193_], chain: V0 -> V0 -> V1, dbb: L0[_194_], dbi: L0[_195_], dib: L0[_196_], dii: L0[_197_], i: L0[_198_], put: L0[_199_] -> V0 -> V1 -> V0
b: L0[_200_, _201_], chain: V0 -> V0 -> V1, dbb: L0[_202_, _203_], dbi: L0[_204_, _205_], dib: L0[_206_, _207_], dii: L0[_208_, _209_], i: L0[_210_, _211_], put: L0[_212_, _213_] -> V0 -> V1 -> V0
b: L0[], chain: V0 -> V0 -> V1, dbb: L0[], dbi: L0[], dib: L0[], dii: L0[], i: L0[], put: L0[] -> V0 -> V1 -> V1
b: L0[_214_], chain: V0 -> V0 -> V1, dbb: L0[_215_], dbi: L0[_216_], dib: L0[_217_], dii: L0[_218_], i: L0[_219_], put: L0[_220_] -> V0 -> V1 -> V1
b: L0[_221_, _222_], chain: V0 -> V0 -> V1, dbb: L0[_223_, _224_], dbi: L0[_225_, _226_], dib: L0[_227_, _228_], dii: L0[_229_, _230_], i: L0[_231_, _232_], put: L0[_233_, _234_] -> V0 -> V1 -> V1
b: L0[], chain: V0 -> V0 -> V1, dbb: L1[], dbi: L1[], dib: L1[], dii: L1[], i: L5[], put: L1[] -> V0 -> V1 -> V2
b: L0[], chain: V0 -> V0 -> V1, dbb: L1[_235_], dbi: L1[_236_], dib: L1[_237_], dii: L1[_238_], i: L5[], put: L1[_239_] -> V0 -> V1 -> V2
b: L0[], chain: V0 -> V0 -> V1, dbb: L1[_240_, _241_], dbi: L1[_242_, _243_], dib: L1[_244_, _245_], dii: L1[_246_, _247_], i: L5[], put: L1[_248_, _249_] -> V0 -> V1 -> V2
b: L0[], chain: V0 -> V0 -> V0, dbb: L1[], dbi: L1[], dib: L1[], dii: L1[], i: L0[], put: L1[] -> V0 -> V0 -> L1[]
b: L0[], chain: V0 -> V0 -> V0, dbb: L1[_250_], dbi: L1[_251_], dib: L1[_252_], dii: L1[_253_], i: L0[], put: L1[_254_] -> V0 -> V0 -> L1[_255_]
b: L0[], chain: V0 -> V0 -> V0, dbb: L1[], dbi: L1[], dib: L1[], dii: L1[], i: L5[], put: L1[] -> V0 -> V1 -> L1[]
b: L0[], chain: V0 -> V0 -> V0, dbb: L1[_256_], dbi: L1[_257_], dib: L1[_258_], dii: L1[_259_], i: L5[], put: L1[_260_] -> V0 -> V1 -> L1[_261_]
b: L0[], chain: V0 -> V0 -> V0, dbb: L1[_262_, _263_], dbi: L1[_264_, _265_], dib: L1[_266_, _267_], dii: L1[_268_, _269_], i: L5[], put: L1[_270_, _271_] -> V0 -> V1 -> L1[_272_, _273_]
b: L0[], chain: V0 -> V0 -> V1, dbb: L1[], dbi: L1[], dib: L1[], dii: L1[], i: L0[], put: L1[] -> V0 -> V0 -> L1[]
b: L0[], chain: V0 -> V0 -> V1, dbb: L1[_274_], dbi: L1[_275_], dib: L1[_276_], dii: L1[_277_], i: L0[], put: L1[_278_] -> V0 -> V0 -> L1[_279_]
b: L0[], chain: V0 -> V0 -> V1, dbb: L1[], dbi: L1[], dib: L1[], dii: L1[], i: L5[], put: L1[] -> V0 -> V1 -> L1[]
b: L0[], chain: V0 -> V0 -> V1, dbb: L1[_280_], dbi: L1[_281_], dib: L1[_282_], dii: L1[_283_], i: L5[], put: L1[_284_] -> V0 -> V1 -> L1[_285_]
b: L0[], chain: V0 -> V0 -> V1, dbb: L1[_286_, _287_], dbi: L1[_288_, _289_], dib: L1[_290_, _291_], dii: L1[_292_, _293_], i: L5[], put: L1[_294_, _295_] -> V0 -> V1 -> L1[_296_, _297_]
b: L0[], chain: V0 -> V0 -> V0, dbb: L0[], dbi: L0[], dib: L0[], dii: L0[], i: L0[], put: L0[] -> V0 -> L0[] -> V0
b: L0[_298_], chain: V0 -> V0 -> V0, dbb: L0[_299_], dbi: L0[_300_], dib: L0[_301_], dii: L0[_302_], i: L0[_303_], put: L0[_304_] -> V0 -> L0[_305_] -> V0
b: L0[], chain: V0 -> V0 -> V0, dbb: L1[], dbi: L1[], dib: L1[], dii: L1[], i: L0[], put: L1[] -> V0 -> L0[] -> V1
b: L0[], chain: V0 -> V0 -> V0, dbb: L1[_306_], dbi: L1[_307_], dib: L1[_308_], dii: L1[_309_], i: L0[], put: L1[_310_] -> V0 -> L0[] -> V1
b: L0[_311_], chain: V0 -> V0 -> V0, dbb: L1[], dbi: L1[], dib: L1[], dii: L1[], i: L0[_312_], put: L1[] -> V0 -> L0[_313_] -> V1
b: L0[_314_], chain: V0 -> V0 -> V0, dbb: L1[_315_], dbi: L1[_316_], dib: L1[_317_], dii: L1[_318_], i: L0[_319_], put: L1[_320_] -> V0 -> L0[_321_] -> V1
b: L0[], chain: V0 -> V0 -> V1, dbb: L0[], dbi: L0[], dib: L0[], dii: L0[], i: L0[], put: L0[] -> V0 -> L0[] -> V0
b: L0[_322_], chain: V0 -> V0 -> V1, dbb: L0[_323_], dbi: L0[_324_], dib: L0[_325_], dii: L0[_326_], i: L0[_327_], put: L0[_328_] -> V0 -> L0[_329_] -> V0
b: L0[], chain: V0 -> V0 -> V1, dbb: L1[], dbi: L1[], dib: L1[], dii: L1[], i: L0[], put: L1[] -> V0 -> L0[] -> V1
b: L0[], chain: V0 -> V0 -> V1, dbb: L1[_330_], dbi: L1[_331_], dib: L1[_332_], dii: L1[_333_], i: L0[], put: L1[_334_] -> V0 -> L0[] -> V1
b: L0[_335_], chain: V0 -> V0 -> V1, dbb: L1[], dbi: L1[], dib: L1[], dii: L1[], i: L0[_336_], put: L1[] -> V0 -> L0[_337_] -> V1
b: L0[_338_], chain: V0 -> V0 -> V1, dbb: L1[_339_], dbi: L1[_340_], dib: L1[_341_], dii: L1[_342_], i: L0[_343_], put: L1[_344_] -> V0 -> L0[_345_] -> V1
b: L0[], chain: V0 -> V0 -> V0, dbb: L1[], dbi: L1[], dib: L1[], dii: L1[], i: L0[], put: L1[] -> V0 -> L0[] -> L1[]
b: L0[], chain: V0 -> V0 -> V0, dbb: L1[_346_], dbi: L1[_347_], dib: L1[_348_], dii: L1[_349_], i: L0[], put: L1[_350_] -> V0 -> L0[] -> L1[_351_]
b: L0[_352_], chain: V0 -> V0 -> V0, dbb: L1[], dbi: L1[], dib: L1[], dii: L1[], i: L0[_353_], put: L1[] -> V0 -> L0[_354_] -> L1[]
b: L0[_355_], chain: V0 -> V0 -> V0, dbb: L1[_356_], dbi: L1[_357_], dib: L1[_358_], dii: L1[_359_], i: L0[_360_], put: L1[_361_] -> V0 -> L0[_362_] -> L1[_363_]
b: L0[], chain: V0 -> V0 -> V1, dbb: L1[], dbi: L1[], dib: L1[], dii: L1[], i: L0[], put: L1[] -> V0 -> L0[] -> L1[]
b: L0[], chain: V0 -> V0 -> V1, dbb: L1[_364_], dbi: L1[_365_], dib: L1[_366_], dii: L1[_367_], i: L0[], put: L1[_368_] -> V0 -> L0[] -> L1[_369_]
b: L0[_370_], chain: V0 -> V0 -> V1, dbb: L1[], dbi: L1[], dib: L1[], dii: L1[], i: L0[_371_], put: L1[] -> V0 -> L0[_372_] -> L1[]
b: L0[_373_], chain: V0 -> V0 -> V1, dbb: L1[_374_], dbi: L1[_375_], dib: L1[_376_], dii: L1[_377_], i: L0[_378_], put: L1[_379_] -> V0 -> L0[_380_] -> L1[_381_]
b: L0[], chain: V0 -> V0 -> V0, dbb: L0[], dbi: L0[], dib: L0[], dii: L0[], i: L0[], put: L0[] -> L0[] -> V0 -> V0
b: L0[_382_], chain: V0 -> V0 -> V0, dbb: L0[_383_], dbi: L0[_384_], dib: L0[_385_], dii: L0[_386_], i: L0[_387_], put: L0[_388_] -> L0[_389_] -> V0 -> V0
b: L0[], chain: V0 -> V0 -> V0, dbb: L1[], dbi: L1[], dib: L1[], dii: L1[], i: L0[], put: L1[] -> L0[] -> V0 -> V1
b: L0[], chain: V0 -> V0 -> V0, dbb: L1[_390_], dbi: L1[_391_], dib: L1[_392_], dii: L1[_393_], i: L0[], put: L1[_394_] -> L0[] -> V0 -> V1
b: L0[_395_], chain: V0 -> V0 -> V0, dbb: L1[], dbi: L1[], dib: L1[], dii: L1[], i: L0[_396_], put: L1[] -> L0[_397_] -> V0 -> V1
b: L0[_398_], chain: V0 -> V0 -> V0, dbb: L1[_399_], dbi: L1[_400_], dib: L1[_401_], dii: L1[_402_], i: L0[_403_], put: L1[_404_] -> L0[_405_] -> V0 -> V1
b: L0[], chain: V0 -> V0 -> V1, dbb: L0[], dbi: L0[], dib: L0[], dii: L0[], i: L0[], put: L0[] -> L0[] -> V0 -> V0
b: L0[_406_], chain: V0 -> V0 -> V1, dbb: L0[_407_], dbi: L0[_408_], dib: L0[_409_], dii: L0[_410_], i: L0[_411_], put: L0[_412_] -> L0[_413_] -> V0 -> V0
b: L0[], chain: V0 -> V0 -> V1, dbb: L1[], dbi: L1[], dib: L1[], dii: L1[], i: L0[], put: L1[] -> L0[] -> V0 -> V1
b: L0[], chain: V0 -> V0 -> V1, dbb: L1[_414_], dbi: L1[_415_], dib: L1[_416_], dii: L1[_417_], i: L0[], put: L1[_418_] -> L0[] -> V0 -> V1
b: L0[_419_], chain: V0 -> V0 -> V1, dbb: L1[], dbi: L1[], dib: L1[], dii: L1[], i: L0[_420_], put: L1[] -> L0[_421_] -> V0 -> V1
b: L0[_422_], chain: V0 -> V0 -> V1, dbb: L1[_423_], dbi: L1[_424_], dib: L1[_425_], dii: L1[_426_], i: L0[_427_], put: L1[_428_] -> L0[_429_] -> V0 -> V1
b: L0[], chain: V0 -> V0 -> V0, dbb: L1[], dbi: L1[], dib: L1[], dii: L1[], i: L0[], put: L1[] -> L0[] -> V0 -> L1[]
b: L0[], chain: V0 -> V0 -> V0, dbb: L1[_430_], dbi: L1[_431_], dib: L1[_432_], dii: L1[_433_], i: L0[], put: L1[_434_] -> L0[] -> V0 -> L1[_435_]
b: L0[_436_], chain: V0 -> V0 -> V0, dbb: L1[], dbi: L1[], dib: L1[], dii: L1[], i: L0[_437_], put: L1[] -> L0[_438_] -> V0 -> L1[]
b: L0[_439_], chain: V0 -> V0 -> V0, dbb: L1[_440_], dbi: L1[_441_], dib: L1[_442_], dii: L1[_443_], i: L0[_444_], put: L1[_445_] -> L0[_446_] -> V0 -> L1[_447_]
b: L0[], chain: V0 -> V0 -> V1, dbb: L1[], dbi: L1[], dib: L1[], dii: L1[], i: L0[], put: L1[] -> L0[] -> V0 -> L1[]
b: L0[], chain: V0 -> V0 -> V1, dbb: L1[_448_], dbi: L1[_449_], dib: L1[_450_], dii: L1[_451_], i: L0[], put: L1[_452_] -> L0[] -> V0 -> L1[_453_]
b: L0[_454_], chain: V0 -> V0 -> V1, dbb: L1[], dbi: L1[], dib: L1[], dii: L1[], i: L0[_455_], put: L1[] -> L0[_456_] -> V0 -> L1[]
b: L0[_457_], chain: V0 -> V0 -> V1, dbb: L1[_458_], dbi: L1[_459_], dib: L1[_460_], dii: L1[_461_], i: L0[_462_], put: L1[_463_] -> L0[_464_] -> V0 -> L1[_465_]
b: L0[], chain: V0 -> V0 -> V0, dbb: L1[], dbi: L1[], dib: L1[], dii: L1[], i: L0[], put: L1[] -> L0[] -> L0[] -> V0
b: L0[], chain: V0 -> V0 -> V0, dbb: L1[_466_], dbi: L1[_467_], dib: L1[_468_], dii: L1[_469_], i: L0[], put: L1[_470_] -> L0[] -> L0[] -> V0
b: L0[_471_], chain: V0 -> V0 -> V0, dbb: L1[], dbi: L1[], dib: L1[], dii: L1[], i: L0[_472_], put: L1[] -> L0[_473_] -> L0[_474_] -> V0
b: L0[_475_], chain: V0 -> V0 -> V0, dbb: L1[_476_], dbi: L1[_477_], dib: L1[_478_], dii: L1[_479_], i: L0[_480_], put: L1[_481_] -> L0[_482_] -> L0[_483_] -> V0
b: L0[], chain: V0 -> V0 -> V1, dbb: L1[], dbi: L1[], dib: L1[], dii: L1[], i: L0[], put: L1[] -> L0[] -> L0[] -> V0
b: L0[], chain: V0 -> V0 -> V1, dbb: L1[_484_], dbi: L1[_485_], dib: L1[_486_], dii: L1[_487_], i: L0[], put: L1[_488_] -> L0[] -> L0[] -> V0
b: L0[_489_], chain: V0 -> V0 -> V1, dbb: L1[], dbi: L1[], dib: L1[], dii: L1[], i: L0[_490_], put: L1[] -> L0[_491_] -> L0[_492_] -> V0
b: L0[_493_], chain: V0 -> V0 -> V1, dbb: L1[_494_], dbi: L1[_495_], dib: L1[_496_], dii: L1[_497_], i: L0[_498_], put: L1[_499_] -> L0[_500_] -> L0[_501_] -> V0
b: L0[], chain: V0 -> V0 -> V0, dbb: L1[], dbi: L1[], dib: L1[], dii: L1[], i: L0[], put: L1[] -> L0[] -> L0[] -> L1[]
b: L0[], chain: V0 -> V0 -> V0, dbb: L1[_502_], dbi: L1[_503_], dib: L1[_504_], dii: L1[_505_], i: L0[], put: L1[_506_] -> L0[] -> L0[] -> L1[_507_]
b: L0[_508_], chain: V0 -> V0 -> V0, dbb: L1[], dbi: L1[], dib: L1[], dii: L1[], i: L0[_509_], put: L1[] -> L0[_510_] -> L0[_511_] -> L1[]
b: L0[_512_], chain: V0 -> V0 -> V0, dbb: L1[_513_], dbi: L1[_514_], dib: L1[_515_], dii: L1[_516_], i: L0[_517_], put: L1[_518_] -> L0[_519_] -> L0[_520_] -> L1[_521_]
b: L0[], chain: V0 -> V0 -> V1, dbb: L1[], dbi: L1[], dib: L1[], dii: L1[], i: L0[], put: L1[] -> L0[] -> L0[] -> L1[]
b: L0[], chain: V0 -> V0 -> V1, dbb: L1[_522_], dbi: L1[_523_], dib: L1[_524_], dii: L1[_525_], i: L0[], put: L1[_526_] -> L0[] -> L0[] -> L1[_527_]
b: L0[_528_], chain: V0 -> V0 -> V1, dbb: L1[], dbi: L1[], dib: L1[], dii: L1[], i: L0[_529_], put: L1[] -> L0[_530_] -> L0[_531_] -> L1[]
b: L0[_532_], chain: V0 -> V0 -> V1, dbb: L1[_533_], dbi: L1[_534_], dib: L1[_535_], dii: L1[_536_], i: L0[_537_], put: L1[_538_] -> L0[_539_] -> L0[_540_] -> L1[_541_]
b: L0[], chain: V0 -> V0 -> L0[], dbb: L0[], dbi: L0[], dib: L0[], dii: L0[], i: L0[], put: V0 -> V0 -> V0 -> V0
b: L0[], chain: V0 -> V0 -> L0[], dbb: L0[], dbi: L0[], dib: L0[], dii: L0[], i: L0[], put: V0 -> V0 -> V0 -> V1
b: L0[], chain: V0 -> V0 -> L0[], dbb: L0[], dbi: L0[], dib: L0[], dii: L0[], i: L0[], put: V0 -> V0 -> V0 -> L0[]
b: L0[], chain: V0 -> V0 -> L0[], dbb: L0[], dbi: L0[], dib: L0[], dii: L0[], i: L0[], put: V0 -> V0 -> L0[] -> V0
b: L0[_542_], chain: V0 -> V0 -> L0[_543_], dbb: L0[_544_], dbi: L0[_545_], dib: L0[_546_], dii: L0[_547_], i: L0[_548_], put: V0 -> V0 -> L0[_549_] -> V0
b: L0[], chain: V0 -> V0 -> L0[], dbb: L0[], dbi: L0[], dib: L0[], dii: L0[], i: L0[], put: V0 -> V0 -> L0[] -> V1
b: L0[_550_], chain: V0 -> V0 -> L0[_551_], dbb: L0[_552_], dbi: L0[_553_], dib: L0[_554_], dii: L0[_555_], i: L0[_556_], put: V0 -> V0 -> L0[_557_] -> V1
b: L0[], chain: V0 -> V0 -> L0[], dbb: L0[], dbi: L0[], dib: L0[], dii: L0[], i: L0[], put: V0 -> V0 -> L0[] -> L0[]
b: L0[_558_], chain: V0 -> V0 -> L0[_559_], dbb: L0[_560_], dbi: L0[_561_], dib: L0[_562_], dii: L0[_563_], i: L0[_564_], put: V0 -> V0 -> L0[_565_] -> L0[_566_]
b: L0[], chain: V0 -> V0 -> L0[], dbb: L0[], dbi: L0[], dib: L0[], dii: L0[], i: L0[], put: V0 -> L0[] -> V0 -> V0
b: L0[_567_], chain: V0 -> V0 -> L0[_568_], dbb: L0[_569_], dbi: L0[_570_], dib: L0[_571_], dii: L0[_572_], i: L0[_573_], put: V0 -> L0[_574_] -> V0 -> V0
b: L0[], chain: V0 -> V0 -> L0[], dbb: L0[], dbi: L0[], dib: L0[], dii: L0[], i: L0[], put: V0 -> L0[] -> V0 -> V1
b: L0[_575_], chain: V0 -> V0 -> L0[_576_], dbb: L0[_577_], dbi: L0[_578_], dib: L0[_579_], dii: L0[_580_], i: L0[_581_], put: V0 -> L0[_582_] -> V0 -> V1
b: L0[], chain: V0 -> V0 -> L0[], dbb: L0[], dbi: L0[], dib: L0[], dii: L0[], i: L0[], put: V0 -> L0[] -> V0 -> L0[]
b: L0[_583_], chain: V0 -> V0 -> L0[_584_], dbb: L0[_585_], dbi: L0[_586_], dib: L0[_587_], dii: L0[_588_], i: L0[_589_], put: V0 -> L0[_590_] -> V0 -> L0[_591_]
b: L0[], chain: V0 -> V0 -> L1[], dbb: L1[], dbi: L1[], dib: L1[], dii: L1[], i: L0[], put: V0 -> L0[] -> L0[] -> V0
b: L0[_592_], chain: V0 -> V0 -> L1[], dbb: L1[], dbi: L1[], dib: L1[], dii: L1[], i: L0[_593_], put: V0 -> L0[_594_] -> L0[_595_] -> V0
b: L0[], chain: V0 -> V0 -> L1[], dbb: L1[], dbi: L1[], dib: L1[], dii: L1[], i: L0[], put: V0 -> L0[] -> L0[] -> V1
b: L0[_596_], chain: V0 -> V0 -> L1[], dbb: L1[], dbi: L1[], dib: L1[], dii: L1[], i: L0[_597_], put: V0 -> L0[_598_] -> L0[_599_] -> V1
b: L0[], chain: V0 -> V0 -> L1[], dbb: L1[], dbi: L1[], dib: L1[], dii: L1[], i: L0[], put: V0 -> L0[] -> L0[] -> L1[]
b: L0[_600_], chain: V0 -> V0 -> L1[], dbb: L1[], dbi: L1[], dib: L1[], dii: L1[], i: L0[_601_], put: V0 -> L0[_602_] -> L0[_603_] -> L1[]
b: L0[], chain: V0 -> V0 -> L0[], dbb: L0[], dbi: L0[], dib: L0[], dii: L0[], i: L0[], put: L0[] -> V0 -> V0 -> V0
b: L0[_604_], chain: V0 -> V0 -> L0[_605_], dbb: L0[_606_], dbi: L0[_607_], dib: L0[_608_], dii: L0[_609_], i: L0[_610_], put: L0[_611_] -> V0 -> V0 -> V0
b: L0[], chain: V0 -> V0 -> L1[], dbb: L1[], dbi: L1[], dib: L1[], dii: L1[], i: L0[], put: L1[] -> V0 -> V0 -> V1
b: L0[], chain: V0 -> V0 -> L1[_612_], dbb: L1[_613_], dbi: L1[_614_], dib: L1[_615_], dii: L1[_616_], i: L0[], put: L1[_617_] -> V0 -> V0 -> V1
b: L0[], chain: V0 -> V0 -> L0[], dbb: L0[], dbi: L0[], dib: L0[], dii: L0[], i: L0[], put: L0[] -> V0 -> V1 -> V0
b: L0[_618_], chain: V0 -> V0 -> L0[_619_], dbb: L0[_620_], dbi: L0[_621_], dib: L0[_622_], dii: L0[_623_], i: L0[_624_], put: L0[_625_] -> V0 -> V1 -> V0
b: L0[_626_, _627_], chain: V0 -> V0 -> L0[_628_, _629_], dbb: L0[_630_, _631_], dbi: L0[_632_, _633_], dib: L0[_634_, _635_], dii: L0[_636_, _637_], i: L0[_638_, _639_], put: L0[_640_, _641_] -> V0 -> V1 -> V0
b: L0[], chain: V0 -> V0 -> L0[], dbb: L0[], dbi: L0[], dib: L0[], dii: L0[], i: L0[], put: L0[] -> V0 -> V1 -> V1
b: L0[_642_], chain: V0 -> V0 -> L0[_643_], dbb: L0[_644_], dbi: L0[_645_], dib: L0[_646_], dii: L0[_647_], i: L0[_648_], put: L0[_649_] -> V0 -> V1 -> V1
b: L0[_650_, _651_], chain: V0 -> V0 -> L0[_652_, _653_], dbb: L0[_654_, _655_], dbi: L0[_656_, _657_], dib: L0[_658_, _659_], dii: L0[_660_, _661_], i: L0[_662_, _663_], put: L0[_664_, _665_] -> V0 -> V1 -> V1
b: L0[], chain: V0 -> V0 -> L1[], dbb: L1[], dbi: L1[], dib: L1[], dii: L1[], i: L6[], put: L1[] -> V0 -> V1 -> V2
b: L0[], chain: V0 -> V0 -> L1[_666_], dbb: L1[_667_], dbi: L1[_668_], dib: L1[_669_], dii: L1[_670_], i: L6[], put: L1[_671_] -> V0 -> V1 -> V2
b: L0[], chain: V0 -> V0 -> L1[_672_, _673_], dbb: L1[_674_, _675_], dbi: L1[_676_, _677_], dib: L1[_678_, _679_], dii: L1[_680_, _681_], i: L6[], put: L1[_682_, _683_] -> V0 -> V1 -> V2
b: L0[], chain: V0 -> V0 -> L1[], dbb: L1[], dbi: L1[], dib: L1[], dii: L1[], i: L0[], put: L1[] -> V0 -> V0 -> L1[]
b: L0[], chain: V0 -> V0 -> L1[_684_], dbb: L1[_685_], dbi: L1[_686_], dib: L1[_687_], dii: L1[_688_], i: L0[], put: L1[_689_] -> V0 -> V0 -> L1[_690_]
b: L0[], chain: V0 -> V0 -> L1[], dbb: L1[], dbi: L1[], dib: L1[], dii: L1[], i: L6[], put: L1[] -> V0 -> V1 -> L1[]
b: L0[], chain: V0 -> V0 -> L1[_691_], dbb: L1[_692_], dbi: L1[_693_], dib: L1[_694_], dii: L1[_695_], i: L6[], put: L1[_696_] -> V0 -> V1 -> L1[_697_]
b: L0[], chain: V0 -> V0 -> L1[_698_, _699_], dbb: L1[_700_, _701_], dbi: L1[_702_, _703_], dib: L1[_704_, _705_], dii: L1[_706_, _707_], i: L6[], put: L1[_708_, _709_] -> V0 -> V1 -> L1[_710_, _711_]
b: L0[], chain: V0 -> V0 -> L0[], dbb: L0[], dbi: L0[], dib: L0[], dii: L0[], i: L0[], put: L0[] -> V0 -> L0[] -> V0
b: L0[_712_], chain: V0 -> V0 -> L0[_713_], dbb: L0[_714_], dbi: L0[_715_], dib: L0[_716_], dii: L0[_717_], i: L0[_718_], put: L0[_719_] -> V0 -> L0[_720_] -> V0
b: L0[], chain: V0 -> V0 -> L1[], dbb: L1[], dbi: L1[], dib: L1[], dii: L1[], i: L0[], put: L1[] -> V0 -> L0[] -> V1
b: L0[], chain: V0 -> V0 -> L1[_721_], dbb: L1[_722_], dbi: L1[_723_], dib: L1[_724_], dii: L1[_725_], i: L0[], put: L1[_726_] -> V0 -> L0[] -> V1
b: L0[_727_], chain: V0 -> V0 -> L1[], dbb: L1[], dbi: L1[], dib: L1[], dii: L1[], i: L0[_728_], put: L1[] -> V0 -> L0[_729_] -> V1
b: L0[_730_], chain: V0 -> V0 -> L1[_731_], dbb: L1[_732_], dbi: L1[_733_], dib: L1[_734_], dii: L1[_735_], i: L0[_736_], put: L1[_737_] -> V0 -> L0[_738_] -> V1
b: L0[], chain: V0 -> V0 -> L1[], dbb: L1[], dbi: L1[], dib: L1[], dii: L1[], i: L0[], put: L1[] -> V0 -> L0[] -> L1[]
b: L0[], chain: V0 -> V0 -> L1[_739_], dbb: L1[_740_], dbi: L1[_741_], dib: L1[_742_], dii: L1[_743_], i: L0[], put: L1[_744_] -> V0 -> L0[] -> L1[_745_]
b: L0[_746_], chain: V0 -> V0 -> L1[], dbb: L1[], dbi: L1[], dib: L1[], dii: L1[], i: L0[_747_], put: L1[] -> V0 -> L0[_748_] -> L1[]
b: L0[_749_], chain: V0 -> V0 -> L1[_750_], dbb: L1[_751_], dbi: L1[_752_], dib: L1[_753_], dii: L1[_754_], i: L0[_755_], put: L1[_756_] -> V0 -> L0[_757_] -> L1[_758_]
b: L0[], chain: V0 -> V0 -> L0[], dbb: L0[], dbi: L0[], dib: L0[], dii: L0[], i: L0[], put: L0[] -> L0[] -> V0 -> V0
b: L0[_759_], chain: V0 -> V0 -> L0[_760_], dbb: L0[_761_], dbi: L0[_762_], dib: L0[_763_], dii: L0[_764_], i: L0[_765_], put: L0[_766_] -> L0[_767_] -> V0 -> V0
b: L0[], chain: V0 -> V0 -> L1[], dbb: L1[], dbi: L1[], dib: L1[], dii: L1[], i: L0[], put: L1[] -> L0[] -> V0 -> V1
b: L0[], chain: V0 -> V0 -> L1[_768_], dbb: L1[_769_], dbi: L1[_770_], dib: L1[_771_], dii: L1[_772_], i: L0[], put: L1[_773_] -> L0[] -> V0 -> V1
b: L0[_774_], chain: V0 -> V0 -> L1[], dbb: L1[], dbi: L1[], dib: L1[], dii: L1[], i: L0[_775_], put: L1[] -> L0[_776_] -> V0 -> V1
b: L0[_777_], chain: V0 -> V0 -> L1[_778_], dbb: L1[_779_], dbi: L1[_780_], dib: L1[_781_], dii: L1[_782_], i: L0[_783_], put: L1[_784_] -> L0[_785_] -> V0 -> V1
b: L0[], chain: V0 -> V0 -> L1[], dbb: L1[], dbi: L1[], dib: L1[], dii: L1[], i: L0[], put: L1[] -> L0[] -> V0 -> L1[]
b: L0[], chain: V0 -> V0 -> L1[_786_], dbb: L1[_787_], dbi: L1[_788_], dib: L1[_789_], dii: L1[_790_], i: L0[], put: L1[_791_] -> L0[] -> V0 -> L1[_792_]
b: L0[_793_], chain: V0 -> V0 -> L1[], dbb: L1[], dbi: L1[], dib: L1[], dii: L1[], i: L0[_794_], put: L1[] -> L0[_795_] -> V0 -> L1[]
b: L0[_796_], chain: V0 -> V0 -> L1[_797_], dbb: L1[_798_], dbi: L1[_799_], dib: L1[_800_], dii: L1[_801_], i: L0[_802_], put: L1[_803_] -> L0[_804_] -> V0 -> L1[_805_]
b: L0[], chain: V0 -> V0 -> L1[], dbb: L1[], dbi: L1[], dib: L1[], dii: L1[], i: L0[], put: L1[] -> L0[] -> L0[] -> V0
b: L0[], chain: V0 -> V0 -> L1[_806_], dbb: L1[_807_], dbi: L1[_808_], dib: L1[_809_], dii: L1[_810_], i: L0[], put: L1[_811_] -> L0[] -> L0[] -> V0
b: L0[_812_], chain: V0 -> V0 -> L1[], dbb: L1[], dbi: L1[], dib: L1[], dii: L1[], i: L0[_813_], put: L1[] -> L0[_814_] -> L0[_815_] -> V0
b: L0[_816_], chain: V0 -> V0 -> L1[_817_], dbb: L1[_818_], dbi: L1[_819_], dib: L1[_820_], dii: L1[_821_], i: L0[_822_], put: L1[_823_] -> L0[_824_] -> L0[_825_] -> V0
b: L0[], chain: V0 -> V0 -> L1[], dbb: L1[], dbi: L1[], dib: L1[], dii: L1[], i: L0[], put: L1[] -> L0[] -> L0[] -> L1[]
b: L0[], chain: V0 -> V0 -> L1[_826_], dbb: L1[_827_], dbi: L1[_828_], dib: L1[_829_], dii: L1[_830_], i: L0[], put: L1[_831_] -> L0[] -> L0[] -> L1[_832_]
b: L0[_833_], chain: V0 -> V0 -> L1[], dbb: L1[], dbi: L1[], dib: L1[], dii: L1[], i: L0[_834_], put: L1[] -> L0[_835_] -> L0[_836_] -> L1[]
b: L0[_837_], chain: V0 -> V0 -> L1[_838_], dbb: L1[_839_], dbi: L1[_840_], dib: L1[_841_], dii: L1[_842_], i: L0[_843_], put: L1[_844_] -> L0[_845_] -> L0[_846_] -> L1[_847_]
b: L0[], chain: V0 -> L0[] -> V0, dbb: L0[], dbi: L0[], dib: L0[], dii: L0[], i: L0[], put: V0 -> V0 -> V0 -> V0
b: L0[_848_], chain: V0 -> L0[_849_] -> V0, dbb: L0[_850_], dbi: L0[_851_], dib: L0[_852_], dii: L0[_853_], i: L0[_854_], put: V0 -> V0 -> V0 -> V0
b: L0[], chain: V0 -> L0[] -> V0, dbb: L0[], dbi: L0[], dib: L0[], dii: L0[], i: L0[], put: V0 -> V0 -> V0 -> V1
b: L0[_855_], chain: V0 -> L0[_856_] -> V0, dbb: L0[_857_], dbi: L0[_858_], dib: L0[_859_], dii: L0[_860_], i: L0[_861_], put: V0 -> V0 -> V0 -> V1
b: L0[], chain: V0 -> L0[] -> V1, dbb: L0[], dbi: L0[], dib: L0[], dii: L0[], i: L0[], put: V0 -> V0 -> V0 -> V0
b: L0[_862_], chain: V0 -> L0[_863_] -> V1, dbb: L0[_864_], dbi: L0[_865_], dib: L0[_866_], dii: L0[_867_], i: L0[_868_], put: V0 -> V0 -> V0 -> V0
b: L0[], chain: V0 -> L0[] -> V1, dbb: L0[], dbi: L0[], dib: L0[], dii: L0[], i: L0[], put: V0 -> V0 -> V0 -> V1
b: L0[_869_], chain: V0 -> L0[_870_] -> V1, dbb: L0[_871_], dbi: L0[_872_], dib: L0[_873_], dii: L0[_874_], i: L0[_875_], put: V0 -> V0 -> V0 -> V1
b: L0[], chain: V0 -> L0[] -> V0, dbb: L0[], dbi: L0[], dib: L0[], dii: L0[], i: L0[], put: V0 -> V0 -> V0 -> L0[]
b: L0[_876_], chain: V0 -> L0[_877_] -> V0, dbb: L0[_878_], dbi: L0[_879_], dib: L0[_880_], dii: L0[_881_], i: L0[_882_], put: V0 -> V0 -> V0 -> L0[_883_]
b: L0[], chain: V0 -> L0[] -> V1, dbb: L0[], dbi: L0[], dib: L0[], dii: L0[], i: L0[], put: V0 -> V0 -> V0 -> L0[]
b: L0[_884_], chain: V0 -> L0[_885_] -> V1, dbb: L0[_886_], dbi: L0[_887_], dib: L0[_888_], dii: L0[_889_], i: L0[_890_], put: V0 -> V0 -> V0 -> L0[_891_]
b: L0[], chain: V0 -> L0[] -> V0, dbb: L0[], dbi: L0[], dib: L0[], dii: L0[], i: L0[], put: V0 -> V0 -> L0[] -> V0
b: L0[_892_], chain: V0 -> L0[_893_] -> V0, dbb: L0[_894_], dbi: L0[_895_], dib: L0[_896_], dii: L0[_897_], i: L0[_898_], put: V0 -> V0 -> L0[_899_] -> V0
b: L0[], chain: V0 -> L0[] -> V0, dbb: L0[], dbi: L0[], dib: L0[], dii: L0[], i: L0[], put: V0 -> V0 -> L0[] -> V1
b: L0[_900_], chain: V0 -> L0[_901_] -> V0, dbb: L0[_902_], dbi: L0[_903_], dib: L0[_904_], dii: L0[_905_], i: L0[_906_], put: V0 -> V0 -> L0[_907_] -> V1
b: L0[], chain: V0 -> L0[] -> V1, dbb: L0[], dbi: L0[], dib: L0[], dii: L0[], i: L0[], put: V0 -> V0 -> L0[] -> V0
b: L0[_908_], chain: V0 -> L0[_909_] -> V1, dbb: L0[_910_], dbi: L0[_911_], dib: L0[_912_], dii: L0[_913_], i: L0[_914_], put: V0 -> V0 -> L0[_915_] -> V0
b: L0[], chain: V0 -> L0[] -> V1, dbb: L0[], dbi: L0[], dib: L0[], dii: L0[], i: L0[], put: V0 -> V0 -> L0[] -> V1
b: L0[_916_], chain: V0 -> L0[_917_] -> V1, dbb: L0[_918_], dbi: L0[_919_], dib: L0[_920_], dii: L0[_921_], i: L0[_922_], put: V0 -> V0 -> L0[_923_] -> V1
b: L0[], chain: V0 -> L0[] -> V0, dbb: L0[], dbi: L0[], dib: L0[], dii: L0[], i: L0[], put: V0 -> V0 -> L0[] -> L0[]
b: L0[_924_], chain: V0 -> L0[_925_] -> V0, dbb: L0[_926_], dbi: L0[_927_], dib: L0[_928_], dii: L0[_929_], i: L0[_930_], put: V0 -> V0 -> L0[_931_] -> L0[_932_]
b: L0[], chain: V0 -> L0[] -> V1, dbb: L0[], dbi: L0[], dib: L0[], dii: L0[], i: L0[], put: V0 -> V0 -> L0[] -> L0[]
b: L0[_933_], chain: V0 -> L0[_934_] -> V1, dbb: L0[_935_], dbi: L0[_936_], dib: L0[_937_], dii: L0[_938_], i: L0[_939_], put: V0 -> V0 -> L0[_940_] -> L0[_941_]
b: L0[], chain: V0 -> L0[] -> V0, dbb: L0[], dbi: L0[], dib: L0[], dii: L0[], i: L0[], put: V0 -> L0[] -> V0 -> V0
b: L0[_942_], chain: V0 -> L0[_943_] -> V0, dbb: L0[_944_], dbi: L0[_945_], dib: L0[_946_], dii: L0[_947_], i: L0[_948_], put: V0 -> L0[_949_] -> V0 -> V0
b: L0[], chain: V0 -> L0[] -> V0, dbb: L0[], dbi: L0[], dib: L0[], dii: L0[], i: L0[], put: V0 -> L0[] -> V0 -> V1
b: L0[_950_], chain: V0 -> L0[_951_] -> V0, dbb: L0[_952_], dbi: L0[_953_], dib: L0[_954_], dii: L0[_955_], i: L0[_956_], put: V0 -> L0[_957_] -> V0 -> V1
b: L0[], chain: V0 -> L0[] -> V1, dbb: L0[], dbi: L0[], dib: L0[], dii: L0[], i: L0[], put: V0 -> L0[] -> V0 -> V0
b: L0[_958_], chain: V0 -> L0[_959_] -> V1, dbb: L0[_960_], dbi: L0[_961_], dib: L0[_962_], dii: L0[_963_], i: L0[_964_], put: V0 -> L0[_965_] -> V0 -> V0
b: L0[], chain: V0 -> L0[] -> V1, dbb: L0[], dbi: L0[], dib: L0[], dii: L0[], i: L0[], put: V0 -> L0[] -> V0 -> V1
b: L0[_966_], chain: V0 -> L0[_967_] -> V1, dbb: L0[_968_], dbi: L0[_969_], dib: L0[_970_], dii: L0[_971_], i: L0[_972_], put: V0 -> L0[_973_] -> V0 -> V1
b: L0[], chain: V0 -> L0[] -> V0, dbb: L0[], dbi: L0[], dib: L0[], dii: L0[], i: L0[], put: V0 -> L0[] -> V0 -> L0[]
b: L0[_974_], chain: V0 -> L0[_975_] -> V0, dbb: L0[_976_], dbi: L0[_977_], dib: L0[_978_], dii: L0[_979_], i: L0[_980_], put: V0 -> L0[_981_] -> V0 -> L0[_982_]
b: L0[], chain: V0 -> L0[] -> V1, dbb: L0[], dbi: L0[], dib: L0[], dii: L0[], i: L0[], put: V0 -> L0[] -> V0 -> L0[]
b: L0[_983_], chain: V0 -> L0[_984_] -> V1, dbb: L0[_985_], dbi: L0[_986_], dib: L0[_987_], dii: L0[_988_], i: L0[_989_], put: V0 -> L0[_990_] -> V0 -> L0[_991_]
b: L0[], chain: V0 -> L1[] -> V0, dbb: L1[], dbi: L1[], dib: L1[], dii: L1[], i: L0[], put: V0 -> L0[] -> L0[] -> V0
b: L0[], chain: V0 -> L1[_992_] -> V0, dbb: L1[_993_], dbi: L1[_994_], dib: L1[_995_], dii: L1[_996_], i: L0[], put: V0 -> L0[] -> L0[] -> V0
b: L0[_997_], chain: V0 -> L1[] -> V0, dbb: L1[], dbi: L1[], dib: L1[], dii: L1[], i: L0[_998_], put: V0 -> L0[_999_] -> L0[_1000_] -> V0
b: L0[_1001_], chain: V0 -> L1[_1002_] -> V0, dbb: L1[_1003_], dbi: L1[_1004_], dib: L1[_1005_], dii: L1[_1006_], i: L0[_1007_], put: V0 -> L0[_1008_] -> L0[_1009_] -> V0
b: L0[], chain: V0 -> L1[] -> V0, dbb: L1[], dbi: L1[], dib: L1[], dii: L1[], i: L0[], put: V0 -> L0[] -> L0[] -> V1
b: L0[], chain: V0 -> L1[_1010_] -> V0, dbb: L1[_1011_], dbi: L1[_1012_], dib: L1[_1013_], dii: L1[_1014_], i: L0[], put: V0 -> L0[] -> L0[] -> V1
b: L0[_1015_], chain: V0 -> L1[] -> V0, dbb: L1[], dbi: L1[], dib: L1[], dii: L1[], i: L0[_1016_], put: V0 -> L0[_1017_] -> L0[_1018_] -> V1
b: L0[_1019_], chain: V0 -> L1[_1020_] -> V0, dbb: L1[_1021_], dbi: L1[_1022_], dib: L1[_1023_], dii: L1[_1024_], i: L0[_1025_], put: V0 -> L0[_1026_] -> L0[_1027_] -> V1
b: L0[], chain: V0 -> L1[] -> V1, dbb: L1[], dbi: L1[], dib: L1[], dii: L1[], i: L0[], put: V0 -> L0[] -> L0[] -> V0
b: L0[], chain: V0 -> L1[_1028_] -> V1, dbb: L1[_1029_], dbi: L1[_1030_], dib: L1[_1031_], dii: L1[_1032_], i: L0[], put: V0 -> L0[] -> L0[] -> V0
b: L0[_1033_], chain: V0 -> L1[] -> V1, dbb: L1[], dbi: L1[], dib: L1[], dii: L1[], i: L0[_1034_], put: V0 -> L0[_1035_] -> L0[_1036_] -> V0
b: L0[_1037_], chain: V0 -> L1[_1038_] -> V1, dbb: L1[_1039_], dbi: L1[_1040_], dib: L1[_1041_], dii: L1[_1042_], i: L0[_1043_], put: V0 -> L0[_1044_] -> L0[_1045_] -> V0
b: L0[], chain: V0 -> L1[] -> V1, dbb: L1[], dbi: L1[], dib: L1[], dii: L1[], i: L0[], put: V0 -> L0[] -> L0[] -> V1
b: L0[], chain: V0 -> L1[_1046_] -> V1, dbb: L1[_1047_], dbi: L1[_1048_], dib: L1[_1049_], dii: L1[_1050_], i: L0[], put: V0 -> L0[] -> L0[] -> V1
b: L0[_1051_], chain: V0 -> L1[] -> V1, dbb: L1[], dbi: L1[], dib: L1[], dii: L1[], i: L0[_1052_], put: V0 -> L0[_1053_] -> L0[_1054_] -> V1
b: L0[_1055_], chain: V0 -> L1[_1056_] -> V1, dbb: L1[_1057_], dbi: L1[_1058_], dib: L1[_1059_], dii: L1[_1060_], i: L0[_1061_], put: V0 -> L0[_1062_] -> L0[_1063_] -> V1
b: L0[], chain: V0 -> L1[] -> V0, dbb: L1[], dbi: L1[], dib: L1[], dii: L1[], i: L0[], put: V0 -> L0[] -> L0[] -> L1[]
b: L0[], chain: V0 -> L1[_1064_] -> V0, dbb: L1[_1065_], dbi: L1[_1066_], dib: L1[_1067_], dii: L1[_1068_], i: L0[], put: V0 -> L0[] -> L0[] -> L1[_1069_]
b: L0[_1070_], chain: V0 -> L1[] -> V0, dbb: L1[], dbi: L1[], dib: L1[], dii: L1[], i: L0[_1071_], put: V0 -> L0[_1072_] -> L0[_1073_] -> L1[]
b: L0[_1074_], chain: V0 -> L1[_1075_] -> V0, dbb: L1[_1076_], dbi: L1[_1077_], dib: L1[_1078_], dii: L1[_1079_], i: L0[_1080_], put: V0 -> L0[_1081_] -> L0[_1082_] -> L1[_1083_]
b: L0[], chain: V0 -> L1[] -> V1, dbb: L1[], dbi: L1[], dib: L1[], dii: L1[], i: L0[], put: V0 -> L0[] -> L0[] -> L1[]
b: L0[], chain: V0 -> L1[_1084_] -> V1, dbb: L1[_1085_], dbi: L1[_1086_], dib: L1[_1087_], dii: L1[_1088_], i: L0[], put: V0 -> L0[] -> L0[] -> L1[_1089_]
b: L0[_1090_], chain: V0 -> L1[] -> V1, dbb: L1[], dbi: L1[], dib: L1[], dii: L1[], i: L0[_1091_], put: V0 -> L0[_1092_] -> L0[_1093_] -> L1[]
b: L0[_1094_], chain: V0 -> L1[_1095_] -> V1, dbb: L1[_1096_], dbi: L1[_1097_], dib: L1[_1098_], dii: L1[_1099_], i: L0[_1100_], put: V0 -> L0[_1101_] -> L0[_1102_] -> L1[_1103_]
b: L0[], chain: V0 -> L0[] -> V0, dbb: L0[], dbi: L0[], dib: L0[], dii: L0[], i: L0[], put: L0[] -> V0 -> V0 -> V0
b: L0[_1104_], chain: V0 -> L0[_1105_] -> V0, dbb: L0[_1106_], dbi: L0[_1107_], dib: L0[_1108_], dii: L0[_1109_], i: L0[_1110_], put: L0[_1111_] -> V0 -> V0 -> V0
b: L0[], chain: V0 -> L1[] -> V0, dbb: L1[], dbi: L1[], dib: L1[], dii: L1[], i: L0[], put: L1[] -> V0 -> V0 -> V1
b: L0[], chain: V0 -> L1[_1112_] -> V0, dbb: L1[_1113_], dbi: L1[_1114_], dib: L1[_1115_], dii: L1[_1116_], i: L0[], put: L1[_1117_] -> V0 -> V0 -> V1
b: L0[], chain: V0 -> L0[] -> V0, dbb: L0[], dbi: L0[], dib: L0[], dii: L0[], i: L0[], put: L0[] -> V0 -> V1 -> V0
b: L0[_1118_], chain: V0 -> L0[_1119_] -> V0, dbb: L0[_1120_], dbi: L0[_1121_], dib: L0[_1122_], dii: L0[_1123_], i: L0[_1124_], put: L0[_1125_] -> V0 -> V1 -> V0
b: L0[_1126_, _1127_], chain: V0 -> L0[_1128_, _1129_] -> V0, dbb: L0[_1130_, _1131_], dbi: L0[_1132_, _1133_], dib: L0[_1134_, _1135_], dii: L0[_1136_, _1137_], i: L0[_1138_, _1139_], put: L0[_1140_, _1141_] -> V0 -> V1 -> V0
b: L0[], chain: V0 -> L0[] -> V0, dbb: L0[], dbi: L0[], dib: L0[], dii: L0[], i: L0[], put: L0[] -> V0 -> V1 -> V1
b: L0[_1142_], chain: V0 -> L0[_1143_] -> V0, dbb: L0[_1144_], dbi: L0[_1145_], dib: L0[_1146_], dii: L0[_1147_], i: L0[_1148_], put: L0[_1149_] -> V0 -> V1 -> V1
b: L0[_1150_, _1151_], chain: V0 -> L0[_1152_, _1153_] -> V0, dbb: L0[_1154_, _1155_], dbi: L0[_1156_, _1157_], dib: L0[_1158_, _1159_], dii: L0[_1160_, _1161_], i: L0[_1162_, _1163_], put: L0[_1164_, _1165_] -> V0 -> V1 -> V1
b: L0[], chain: V0 -> L1[] -> V0, dbb: L1[], dbi: L1[], dib: L1[], dii: L1[], i: L6[], put: L1[] -> V0 -> V1 -> V2
b: L0[], chain: V0 -> L1[_1166_] -> V0, dbb: L1[_1167_], dbi: L1[_1168_], dib: L1[_1169_], dii: L1[_1170_], i: L6[], put: L1[_1171_] -> V0 -> V1 -> V2
b: L0[], chain: V0 -> L1[_1172_, _1173_] -> V0, dbb: L1[_1174_, _1175_], dbi: L1[_1176_, _1177_], dib: L1[_1178_, _1179_], dii: L1[_1180_, _1181_], i: L6[], put: L1[_1182_, _1183_] -> V0 -> V1 -> V2
b: L0[], chain: V0 -> L0[] -> V1, dbb: L0[], dbi: L0[], dib: L0[], dii: L0[], i: L0[], put: L0[] -> V0 -> V0 -> V0
b: L0[_1184_], chain: V0 -> L0[_1185_] -> V1, dbb: L0[_1186_], dbi: L0[_1187_], dib: L0[_1188_], dii: L0[_1189_], i: L0[_1190_], put: L0[_1191_] -> V0 -> V0 -> V0
b: L0[], chain: V0 -> L1[] -> V1, dbb: L1[], dbi: L1[], dib: L1[], dii: L1[], i: L0[], put: L1[] -> V0 -> V0 -> V1
b: L0[], chain: V0 -> L1[_1192_] -> V1, dbb: L1[_1193_], dbi: L1[_1194_], dib: L1[_1195_], dii: L1[_1196_], i: L0[], put: L1[_1197_] -> V0 -> V0 -> V1
b: L0[], chain: V0 -> L0[] -> V1, dbb: L0[], dbi: L0[], dib: L0[], dii: L0[], i: L0[], put: L0[] -> V0 -> V1 -> V0
b: L0[_1198_], chain: V0 -> L0[_1199_] -> V1, dbb: L0[_1200_], dbi: L0[_1201_], dib: L0[_1202_], dii: L0[_1203_], i: L0[_1204_], put: L0[_1205_] -> V0 -> V1 -> V0
b: L0[_1206_, _1207_], chain: V0 -> L0[_1208_, _1209_] -> V1, dbb: L0[_1210_, _1211_], dbi: L0[_1212_, _1213_], dib: L0[_1214_, _1215_], dii: L0[_1216_, _1217_], i: L0[_1218_, _1219_], put: L0[_1220_, _1221_] -> V0 -> V1 -> V0
b: L0[], chain: V0 -> L0[] -> V1, dbb: L0[], dbi: L0[], dib: L0[], dii: L0[], i: L0[], put: L0[] -> V0 -> V1 -> V1
b: L0[_1222_], chain: V0 -> L0[_1223_] -> V1, dbb: L0[_1224_], dbi: L0[_1225_], dib: L0[_1226_], dii: L0[_1227_], i: L0[_1228_], put: L0[_1229_] -> V0 -> V1 -> V1
b: L0[_1230_, _1231_], chain: V0 -> L0[_1232_, _1233_] -> V1, dbb: L0[_1234_, _1235_], dbi: L0[_1236_, _1237_], dib: L0[_1238_, _1239_], dii: L0[_1240_, _1241_], i: L0[_1242_, _1243_], put: L0[_1244_, _1245_] -> V0 -> V1 -> V1
b: L0[], chain: V0 -> L1[] -> V1, dbb: L1[], dbi: L1[], dib: L1[], dii: L1[], i: L6[], put: L1[] -> V0 -> V1 -> V2
b: L0[], chain: V0 -> L1[_1246_] -> V1, dbb: L1[_1247_], dbi: L1[_1248_], dib: L1[_1249_], dii: L1[_1250_], i: L6[], put: L1[_1251_] -> V0 -> V1 -> V2
b: L0[], chain: V0 -> L1[_1252_, _1253_] -> V1, dbb: L1[_1254_, _1255_], dbi: L1[_1256_, _1257_], dib: L1[_1258_, _1259_], dii: L1[_1260_, _1261_], i: L6[], put: L1[_1262_, _1263_] -> V0 -> V1 -> V2
b: L0[], chain: V0 -> L1[] -> V0, dbb: L1[], dbi: L1[], dib: L1[], dii: L1[], i: L0[], put: L1[] -> V0 -> V0 -> L1[]
b: L0[], chain: V0 -> L1[_1264_] -> V0, dbb: L1[_1265_], dbi: L1[_1266_], dib: L1[_1267_], dii: L1[_1268_], i: L0[], put: L1[_1269_] -> V0 -> V0 -> L1[_1270_]
b: L0[], chain: V0 -> L1[] -> V0, dbb: L1[], dbi: L1[], dib: L1[], dii: L1[], i: L6[], put: L1[] -> V0 -> V1 -> L1[]
b: L0[], chain: V0 -> L1[_1271_] -> V0, dbb: L1[_1272_], dbi: L1[_1273_], dib: L1[_1274_], dii: L1[_1275_], i: L6[], put: L1[_1276_] -> V0 -> V1 -> L1[_1277_]
b: L0[], chain: V0 -> L1[_1278_, _1279_] -> V0, dbb: L1[_1280_, _1281_], dbi: L1[_1282_, _1283_], dib: L1[_1284_, _1285_], dii: L1[_1286_, _1287_], i: L6[], put: L1[_1288_, _1289_] -> V0 -> V1 -> L1[_1290_, _1291_]
b: L0[], chain: V0 -> L1[] -> V1, dbb: L1[], dbi: L1[], dib: L1[], dii: L1[], i: L0[], put: L1[] -> V0 -> V0 -> L1[]
b: L0[], chain: V0 -> L1[_1292_] -> V1, dbb: L1[_1293_], dbi: L1[_1294_], dib: L1[_1295_], dii: L1[_1296_], i: L0[], put: L1[_1297_] -> V0 -> V0 -> L1[_1298_]
b: L0[], chain: V0 -> L1[] -> V1, dbb: L1[], dbi: L1[], dib: L1[], dii: L1[], i: L6[], put: L1[] -> V0 -> V1 -> L1[]
b: L0[], chain: V0 -> L1[_1299_] -> V1, dbb: L1[_1300_], dbi: L1[_1301_], dib: L1[_1302_], dii: L1[_1303_], i: L6[], put: L1[_1304_] -> V0 -> V1 -> L1[_1305_]
b: L0[], chain: V0 -> L1[_1306_, _1307_] -> V1, dbb: L1[_1308_, _1309_], dbi: L1[_1310_, _1311_], dib: L1[_1312_, _1313_], dii: L1[_1314_, _1315_], i: L6[], put: L1[_1316_, _1317_] -> V0 -> V1 -> L1[_1318_, _1319_]
b: L0[], chain: V0 -> L0[] -> V0, dbb: L0[], dbi: L0[], dib: L0[], dii: L0[], i: L0[], put: L0[] -> V0 -> L0[] -> V0
b: L0[_1320_], chain: V0 -> L0[_1321_] -> V0, dbb: L0[_1322_], dbi: L0[_1323_], dib: L0[_1324_], dii: L0[_1325_], i: L0[_1326_], put: L0[_1327_] -> V0 -> L0[_1328_] -> V0
b: L0[], chain: V0 -> L1[] -> V0, dbb: L1[], dbi: L1[], dib: L1[], dii: L1[], i: L0[], put: L1[] -> V0 -> L0[] -> V1
b: L0[], chain: V0 -> L1[_1329_] -> V0, dbb: L1[_1330_], dbi: L1[_1331_], dib: L1[_1332_], dii: L1[_1333_], i: L0[], put: L1[_1334_] -> V0 -> L0[] -> V1
b: L0[_1335_], chain: V0 -> L1[] -> V0, dbb: L1[], dbi: L1[], dib: L1[], dii: L1[], i: L0[_1336_], put: L1[] -> V0 -> L0[_1337_] -> V1
b: L0[_1338_], chain: V0 -> L1[_1339_] -> V0, dbb: L1[_1340_], dbi: L1[_1341_], dib: L1[_1342_], dii: L1[_1343_], i: L0[_1344_], put: L1[_1345_] -> V0 -> L0[_1346_] -> V1
b: L0[], chain: V0 -> L0[] -> V1, dbb: L0[], dbi: L0[], dib: L0[], dii: L0[], i: L0[], put: L0[] -> V0 -> L0[] -> V0
b: L0[_1347_], chain: V0 -> L0[_1348_] -> V1, dbb: L0[_1349_], dbi: L0[_1350_], dib: L0[_1351_], dii: L0[_1352_], i: L0[_1353_], put: L0[_1354_] -> V0 -> L0[_1355_] -> V0
b: L0[], chain: V0 -> L1[] -> V1, dbb: L1[], dbi: L1[], dib: L1[], dii: L1[], i: L0[], put: L1[] -> V0 -> L0[] -> V1
b: L0[], chain: V0 -> L1[_1356_] -> V1, dbb: L1[_1357_], dbi: L1[_1358_], dib: L1[_1359_], dii: L1[_1360_], i: L0[], put: L1[_1361_] -> V0 -> L0[] -> V1
b: L0[_1362_], chain: V0 -> L1[] -> V1, dbb: L1[], dbi: L1[], dib: L1[], dii: L1[], i: L0[_1363_], put: L1[] -> V0 -> L0[_1364_] -> V1
b: L0[_1365_], chain: V0 -> L1[_1366_] -> V1, dbb: L1[_1367_], dbi: L1[_1368_], dib: L1[_1369_], dii: L1[_1370_], i: L0[_1371_], put: L1[_1372_] -> V0 -> L0[_1373_] -> V1
b: L0[], chain: V0 -> L1[] -> V0, dbb: L1[], dbi: L1[], dib: L1[], dii: L1[], i: L0[], put: L1[] -> V0 -> L0[] -> L1[]
b: L0[], chain: V0 -> L1[_1374_] -> V0, dbb: L1[_1375_], dbi: L1[_1376_], dib: L1[_1377_], dii: L1[_1378_], i: L0[], put: L1[_1379_] -> V0 -> L0[] -> L1[_1380_]
b: L0[_1381_], chain: V0 -> L1[] -> V0, dbb: L1[], dbi: L1[], dib: L1[], dii: L1[], i: L0[_1382_], put: L1[] -> V0 -> L0[_1383_] -> L1[]
b: L0[_1384_], chain: V0 -> L1[_1385_] -> V0, dbb: L1[_1386_], dbi: L1[_1387_], dib: L1[_1388_], dii: L1[_1389_], i: L0[_1390_], put: L1[_1391_] -> V0 -> L0[_1392_] -> L1[_1393_]
b: L0[], chain: V0 -> L1[] -> V1, dbb: L1[], dbi: L1[], dib: L1[], dii: L1[], i: L0[], put: L1[] -> V0 -> L0[] -> L1[]
b: L0[], chain: V0 -> L1[_1394_] -> V1, dbb: L1[_1395_], dbi: L1[_1396_], dib: L1[_1397_], dii: L1[_1398_], i: L0[], put: L1[_1399_] -> V0 -> L0[] -> L1[_1400_]
b: L0[_1401_], chain: V0 -> L1[] -> V1, dbb: L1[], dbi: L1[], dib: L1[], dii: L1[], i: L0[_1402_], put: L1[] -> V0 -> L0[_1403_] -> L1[]
b: L0[_1404_], chain: V0 -> L1[_1405_] -> V1, dbb: L1[_1406_], dbi: L1[_1407_], dib: L1[_1408_], dii: L1[_1409_], i: L0[_1410_], put: L1[_1411_] -> V0 -> L0[_1412_] -> L1[_1413_]
b: L0[], chain: V0 -> L0[] -> V0, dbb: L0[], dbi: L0[], dib: L0[], dii: L0[], i: L0[], put: L0[] -> L0[] -> V0 -> V0
b: L0[_1414_], chain: V0 -> L0[_1415_] -> V0, dbb: L0[_1416_], dbi: L0[_1417_], dib: L0[_1418_], dii: L0[_1419_], i: L0[_1420_], put: L0[_1421_] -> L0[_1422_] -> V0 -> V0
b: L0[], chain: V0 -> L1[] -> V0, dbb: L1[], dbi: L1[], dib: L1[], dii: L1[], i: L0[], put: L1[] -> L0[] -> V0 -> V1
b: L0[], chain: V0 -> L1[_1423_] -> V0, dbb: L1[_1424_], dbi: L1[_1425_], dib: L1[_1426_], dii: L1[_1427_], i: L0[], put: L1[_1428_] -> L0[] -> V0 -> V1
b: L0[_1429_], chain: V0 -> L1[] -> V0, dbb: L1[], dbi: L1[], dib: L1[], dii: L1[], i: L0[_1430_], put: L1[] -> L0[_1431_] -> V0 -> V1
b: L0[_1432_], chain: V0 -> L1[_1433_] -> V0, dbb: L1[_1434_], dbi: L1[_1435_], dib: L1[_1436_], dii: L1[_1437_], i: L0[_1438_], put: L1[_1439_] -> L0[_1440_] -> V0 -> V1
b: L0[], chain: V0 -> L0[] -> V1, dbb: L0[], dbi: L0[], dib: L0[], dii: L0[], i: L0[], put: L0[] -> L0[] -> V0 -> V0
b: L0[_1441_], chain: V0 -> L0[_1442_] -> V1, dbb: L0[_1443_], dbi: L0[_1444_], dib: L0[_1445_], dii: L0[_1446_], i: L0[_1447_], put: L0[_1448_] -> L0[_1449_] -> V0 -> V0
b: L0[], chain: V0 -> L1[] -> V1, dbb: L1[], dbi: L1[], dib: L1[], dii: L1[], i: L0[], put: L1[] -> L0[] -> V0 -> V1
b: L0[], chain: V0 -> L1[_1450_] -> V1, dbb: L1[_1451_], dbi: L1[_1452_], dib: L1[_1453_], dii: L1[_1454_], i: L0[], put: L1[_1455_] -> L0[] -> V0 -> V1
b: L0[_1456_], chain: V0 -> L1[] -> V1, dbb: L1[], dbi: L1[], dib: L1[], dii: L1[], i: L0[_1457_], put: L1[] -> L0[_1458_] -> V0 -> V1
b: L0[_1459_], chain: V0 -> L1[_1460_] -> V1, dbb: L1[_1461_], dbi: L1[_1462_], dib: L1[_1463_], dii: L1[_1464_], i: L0[_1465_], put: L1[_1466_] -> L0[_1467_] -> V0 -> V1
b: L0[], chain: V0 -> L1[] -> V0, dbb: L1[], dbi: L1[], dib: L1[], dii: L1[], i: L0[], put: L1[] -> L0[] -> V0 -> L1[]
b: L0[], chain: V0 -> L1[_1468_] -> V0, dbb: L1[_1469_], dbi: L1[_1470_], dib: L1[_1471_], dii: L1[_1472_], i: L0[], put: L1[_1473_] -> L0[] -> V0 -> L1[_1474_]
b: L0[_1475_], chain: V0 -> L1[] -> V0, dbb: L1[], dbi: L1[], dib: L1[], dii: L1[], i: L0[_1476_], put: L1[] -> L0[_1477_] -> V0 -> L1[]
b: L0[_1478_], chain: V0 -> L1[_1479_] -> V0, dbb: L1[_1480_], dbi: L1[_1481_], dib: L1[_1482_], dii: L1[_1483_], i: L0[_1484_], put: L1[_1485_] -> L0[_1486_] -> V0 -> L1[_1487_]
b: L0[], chain: V0 -> L1[] -> V1, dbb: L1[], dbi: L1[], dib: L1[], dii: L1[], i: L0[], put: L1[] -> L0[] -> V0 -> L1[]
b: L0[], chain: V0 -> L1[_1488_] -> V1, dbb: L1[_1489_], dbi: L1[_1490_], dib: L1[_1491_], dii: L1[_1492_], i: L0[], put: L1[_1493_] -> L0[] -> V0 -> L1[_1494_]
b: L0[_1495_], chain: V0 -> L1[] -> V1, dbb: L1[], dbi: L1[], dib: L1[], dii: L1[], i: L0[_1496_], put: L1[] -> L0[_1497_] -> V0 -> L1[]
b: L0[_1498_], chain: V0 -> L1[_1499_] -> V1, dbb: L1[_1500_], dbi: L1[_1501_], dib: L1[_1502_], dii: L1[_1503_], i: L0[_1504_], put: L1[_1505_] -> L0[_1506_] -> V0 -> L1[_1507_]
b: L0[], chain: V0 -> L1[] -> V0, dbb: L1[], dbi: L1[], dib: L1[], dii: L1[], i: L0[], put: L1[] -> L0[] -> L0[] -> V0
b: L0[], chain: V0 -> L1[_1508_] -> V0, dbb: L1[_1509_], dbi: L1[_1510_], dib: L1[_1511_], dii: L1[_1512_], i: L0[], put: L1[_1513_] -> L0[] -> L0[] -> V0
b: L0[_1514_], chain: V0 -> L1[] -> V0, dbb: L1[], dbi: L1[], dib: L1[], dii: L1[], i: L0[_1515_], put: L1[] -> L0[_1516_] -> L0[_1517_] -> V0
b: L0[_1518_], chain: V0 -> L1[_1519_] -> V0, dbb: L1[_1520_], dbi: L1[_1521_], dib: L1[_1522_], dii: L1[_1523_], i: L0[_1524_], put: L1[_1525_] -> L0[_1526_] -> L0[_1527_] -> V0
b: L0[], chain: V0 -> L1[] -> V1, dbb: L1[], dbi: L1[], dib: L1[], dii: L1[], i: L0[], put: L1[] -> L0[] -> L0[] -> V0
b: L0[], chain: V0 -> L1[_1528_] -> V1, dbb: L1[_1529_], dbi: L1[_1530_], dib: L1[_1531_], dii: L1[_1532_], i: L0[], put: L1[_1533_] -> L0[] -> L0[] -> V0
b: L0[_1534_], chain: V0 -> L1[] -> V1, dbb: L1[], dbi: L1[], dib: L1[], dii: L1[], i: L0[_1535_], put: L1[] -> L0[_1536_] -> L0[_1537_] -> V0
b: L0[_1538_], chain: V0 -> L1[_1539_] -> V1, dbb: L1[_1540_], dbi: L1[_1541_], dib: L1[_1542_], dii: L1[_1543_], i: L0[_1544_], put: L1[_1545_] -> L0[_1546_] -> L0[_1547_] -> V0
b: L0[], chain: V0 -> L1[] -> V0, dbb: L1[], dbi: L1[], dib: L1[], dii: L1[], i: L0[], put: L1[] -> L0[] -> L0[] -> L1[]
b: L0[], chain: V0 -> L1[_1548_] -> V0, dbb: L1[_1549_], dbi: L1[_1550_], dib: L1[_1551_], dii: L1[_1552_], i: L0[], put: L1[_1553_] -> L0[] -> L0[] -> L1[_1554_]
b: L0[_1555_], chain: V0 -> L1[] -> V0, dbb: L1[], dbi: L1[], dib: L1[], dii: L1[], i: L0[_1556_], put: L1[] -> L0[_1557_] -> L0[_1558_] -> L1[]
b: L0[_1559_], chain: V0 -> L1[_1560_] -> V0, dbb: L1[_1561_], dbi: L1[_1562_], dib: L1[_1563_], dii: L1[_1564_], i: L0[_1565_], put: L1[_1566_] -> L0[_1567_] -> L0[_1568_] -> L1[_1569_]
b: L0[], chain: V0 -> L1[] -> V1, dbb: L1[], dbi: L1[], dib: L1[], dii: L1[], i: L0[], put: L1[] -> L0[] -> L0[] -> L1[]
b: L0[], chain: V0 -> L1[_1570_] -> V1, dbb: L1[_1571_], dbi: L1[_1572_], dib: L1[_1573_], dii: L1[_1574_], i: L0[], put: L1[_1575_] -> L0[] -> L0[] -> L1[_1576_]
b: L0[_1577_], chain: V0 -> L1[] -> V1, dbb: L1[], dbi: L1[], dib: L1[], dii: L1[], i: L0[_1578_], put: L1[] -> L0[_1579_] -> L0[_1580_] -> L1[]
b: L0[_1581_], chain: V0 -> L1[_1582_] -> V1, dbb: L1[_1583_], dbi: L1[_1584_], dib: L1[_1585_], dii: L1[_1586_], i: L0[_1587_], put: L1[_1588_] -> L0[_1589_] -> L0[_1590_] -> L1[_1591_]
b: L0[], chain: V0 -> L0[] -> L0[], dbb: L0[], dbi: L0[], dib: L0[], dii: L0[], i: L0[], put: V0 -> V0 -> V0 -> V0
b: L0[_1592_], chain: V0 -> L0[_1593_] -> L0[_1594_], dbb: L0[_1595_], dbi: L0[_1596_], dib: L0[_1597_], dii: L0[_1598_], i: L0[_1599_], put: V0 -> V0 -> V0 -> V0
b: L0[], chain: V0 -> L0[] -> L0[], dbb: L0[], dbi: L0[], dib: L0[], dii: L0[], i: L0[], put: V0 -> V0 -> V0 -> V1
b: L0[_1600_], chain: V0 -> L0[_1601_] -> L0[_1602_], dbb: L0[_1603_], dbi: L0[_1604_], dib: L0[_1605_], dii: L0[_1606_], i: L0[_1607_], put: V0 -> V0 -> V0 -> V1
b: L0[], chain: V0 -> L0[] -> L0[], dbb: L0[], dbi: L0[], dib: L0[], dii: L0[], i: L0[], put: V0 -> V0 -> V0 -> L0[]
b: L0[_1608_], chain: V0 -> L0[_1609_] -> L0[_1610_], dbb: L0[_1611_], dbi: L0[_1612_], dib: L0[_1613_], dii: L0[_1614_], i: L0[_1615_], put: V0 -> V0 -> V0 -> L0[_1616_]
b: L0[], chain: V0 -> L0[] -> L0[], dbb: L0[], dbi: L0[], dib: L0[], dii: L0[], i: L0[], put: V0 -> V0 -> L0[] -> V0
b: L0[_1617_], chain: V0 -> L0[_1618_] -> L0[_1619_], dbb: L0[_1620_], dbi: L0[_1621_], dib: L0[_1622_], dii: L0[_1623_], i: L0[_1624_], put: V0 -> V0 -> L0[_1625_] -> V0
b: L0[], chain: V0 -> L0[] -> L0[], dbb: L0[], dbi: L0[], dib: L0[], dii: L0[], i: L0[], put: V0 -> V0 -> L0[] -> V1
b: L0[_1626_], chain: V0 -> L0[_1627_] -> L0[_1628_], dbb: L0[_1629_], dbi: L0[_1630_], dib: L0[_1631_], dii: L0[_1632_], i: L0[_1633_], put: V0 -> V0 -> L0[_1634_] -> V1
b: L0[], chain: V0 -> L0[] -> L0[], dbb: L0[], dbi: L0[], dib: L0[], dii: L0[], i: L0[], put: V0 -> V0 -> L0[] -> L0[]
b: L0[_1635_], chain: V0 -> L0[_1636_] -> L0[_1637_], dbb: L0[_1638_], dbi: L0[_1639_], dib: L0[_1640_], dii: L0[_1641_], i: L0[_1642_], put: V0 -> V0 -> L0[_1643_] -> L0[_1644_]
b: L0[], chain: V0 -> L0[] -> L0[], dbb: L0[], dbi: L0[], dib: L0[], dii: L0[], i: L0[], put: V0 -> L0[] -> V0 -> V0
b: L0[_1645_], chain: V0 -> L0[_1646_] -> L0[_1647_], dbb: L0[_1648_], dbi: L0[_1649_], dib: L0[_1650_], dii: L0[_1651_], i: L0[_1652_], put: V0 -> L0[_1653_] -> V0 -> V0
b: L0[], chain: V0 -> L0[] -> L0[], dbb: L0[], dbi: L0[], dib: L0[], dii: L0[], i: L0[], put: V0 -> L0[] -> V0 -> V1
b: L0[_1654_], chain: V0 -> L0[_1655_] -> L0[_1656_], dbb: L0[_1657_], dbi: L0[_1658_], dib: L0[_1659_], dii: L0[_1660_], i: L0[_1661_], put: V0 -> L0[_1662_] -> V0 -> V1
b: L0[], chain: V0 -> L0[] -> L0[], dbb: L0[], dbi: L0[], dib: L0[], dii: L0[], i: L0[], put: V0 -> L0[] -> V0 -> L0[]
b: L0[_1663_], chain: V0 -> L0[_1664_] -> L0[_1665_], dbb: L0[_1666_], dbi: L0[_1667_], dib: L0[_1668_], dii: L0[_1669_], i: L0[_1670_], put: V0 -> L0[_1671_] -> V0 -> L0[_1672_]
b: L0[], chain: V0 -> L1[] -> L1[], dbb: L1[], dbi: L1[], dib: L1[], dii: L1[], i: L0[], put: V0 -> L0[] -> L0[] -> V0
b: L0[], chain: V0 -> L1[_1673_] -> L1[_1674_], dbb: L1[_1675_], dbi: L1[_1676_], dib: L1[_1677_], dii: L1[_1678_], i: L0[], put: V0 -> L0[] -> L0[] -> V0
b: L0[_1679_], chain: V0 -> L1[] -> L1[], dbb: L1[], dbi: L1[], dib: L1[], dii: L1[], i: L0[_1680_], put: V0 -> L0[_1681_] -> L0[_1682_] -> V0
b: L0[_1683_], chain: V0 -> L1[_1684_] -> L1[_1685_], dbb: L1[_1686_], dbi: L1[_1687_], dib: L1[_1688_], dii: L1[_1689_], i: L0[_1690_], put: V0 -> L0[_1691_] -> L0[_1692_] -> V0
b: L0[], chain: V0 -> L1[] -> L1[], dbb: L1[], dbi: L1[], dib: L1[], dii: L1[], i: L0[], put: V0 -> L0[] -> L0[] -> V1
b: L0[], chain: V0 -> L1[_1693_] -> L1[_1694_], dbb: L1[_1695_], dbi: L1[_1696_], dib: L1[_1697_], dii: L1[_1698_], i: L0[], put: V0 -> L0[] -> L0[] -> V1
b: L0[_1699_], chain: V0 -> L1[] -> L1[], dbb: L1[], dbi: L1[], dib: L1[], dii: L1[], i: L0[_1700_], put: V0 -> L0[_1701_] -> L0[_1702_] -> V1
b: L0[_1703_], chain: V0 -> L1[_1704_] -> L1[_1705_], dbb: L1[_1706_], dbi: L1[_1707_], dib: L1[_1708_], dii: L1[_1709_], i: L0[_1710_], put: V0 -> L0[_1711_] -> L0[_1712_] -> V1
b: L0[], chain: V0 -> L1[] -> L1[], dbb: L1[], dbi: L1[], dib: L1[], dii: L1[], i: L0[], put: V0 -> L0[] -> L0[] -> L1[]
b: L0[], chain: V0 -> L1[_1713_] -> L1[_1714_], dbb: L1[_1715_], dbi: L1[_1716_], dib: L1[_1717_], dii: L1[_1718_], i: L0[], put: V0 -> L0[] -> L0[] -> L1[_1719_]
b: L0[_1720_], chain: V0 -> L1[] -> L1[], dbb: L1[], dbi: L1[], dib: L1[], dii: L1[], i: L0[_1721_], put: V0 -> L0[_1722_] -> L0[_1723_] -> L1[]
b: L0[_1724_], chain: V0 -> L1[_1725_] -> L1[_1726_], dbb: L1[_1727_], dbi: L1[_1728_], dib: L1[_1729_], dii: L1[_1730_], i: L0[_1731_], put: V0 -> L0[_1732_] -> L0[_1733_] -> L1[_1734_]
b: L0[], chain: V0 -> L0[] -> L0[], dbb: L0[], dbi: L0[], dib: L0[], dii: L0[], i: L0[], put: L0[] -> V0 -> V0 -> V0
b: L0[_1735_], chain: V0 -> L0[_1736_] -> L0[_1737_], dbb: L0[_1738_], dbi: L0[_1739_], dib: L0[_1740_], dii: L0[_1741_], i: L0[_1742_], put: L0[_1743_] -> V0 -> V0 -> V0
b: L0[], chain: V0 -> L1[] -> L1[], dbb: L1[], dbi: L1[], dib: L1[], dii: L1[], i: L0[], put: L1[] -> V0 -> V0 -> V1
b: L0[], chain: V0 -> L1[_1744_] -> L1[_1745_], dbb: L1[_1746_], dbi: L1[_1747_], dib: L1[_1748_], dii: L1[_1749_], i: L0[], put: L1[_1750_] -> V0 -> V0 -> V1
b: L0[], chain: V0 -> L0[] -> L0[], dbb: L0[], dbi: L0[], dib: L0[], dii: L0[], i: L0[], put: L0[] -> V0 -> V1 -> V0
b: L0[_1751_], chain: V0 -> L0[_1752_] -> L0[_1753_], dbb: L0[_1754_], dbi: L0[_1755_], dib: L0[_1756_], dii: L0[_1757_], i: L0[_1758_], put: L0[_1759_] -> V0 -> V1 -> V0
b: L0[_1760_, _1761_], chain: V0 -> L0[_1762_, _1763_] -> L0[_1764_, _1765_], dbb: L0[_1766_, _1767_], dbi: L0[_1768_, _1769_], dib: L0[_1770_, _1771_], dii: L0[_1772_, _1773_], i: L0[_1774_, _1775_], put: L0[_1776_, _1777_] -> V0 -> V1 -> V0
b: L0[], chain: V0 -> L0[] -> L0[], dbb: L0[], dbi: L0[], dib: L0[], dii: L0[], i: L0[], put: L0[] -> V0 -> V1 -> V1
b: L0[_1778_], chain: V0 -> L0[_1779_] -> L0[_1780_], dbb: L0[_1781_], dbi: L0[_1782_], dib: L0[_1783_], dii: L0[_1784_], i: L0[_1785_], put: L0[_1786_] -> V0 -> V1 -> V1
b: L0[_1787_, _1788_], chain: V0 -> L0[_1789_, _1790_] -> L0[_1791_, _1792_], dbb: L0[_1793_, _1794_], dbi: L0[_1795_, _1796_], dib: L0[_1797_, _1798_], dii: L0[_1799_, _1800_], i: L0[_1801_, _1802_], put: L0[_1803_, _1804_] -> V0 -> V1 -> V1
b: L0[], chain: V0 -> L1[] -> L1[], dbb: L1[], dbi: L1[], dib: L1[], dii: L1[], i: L7[], put: L1[] -> V0 -> V1 -> V2
b: L0[], chain: V0 -> L1[_1805_] -> L1[_1806_], dbb: L1[_1807_], dbi: L1[_1808_], dib: L1[_1809_], dii: L1[_1810_], i: L7[], put: L1[_1811_] -> V0 -> V1 -> V2
b: L0[], chain: V0 -> L1[_1812_, _1813_] -> L1[_1814_, _1815_], dbb: L1[_1816_, _1817_], dbi: L1[_1818_, _1819_], dib: L1[_1820_, _1821_], dii: L1[_1822_, _1823_], i: L7[], put: L1[_1824_, _1825_] -> V0 -> V1 -> V2
b: L0[], chain: V0 -> L1[] -> L1[], dbb: L1[], dbi: L1[], dib: L1[], dii: L1[], i: L0[], put: L1[] -> V0 -> V0 -> L1[]
b: L0[], chain: V0 -> L1[_1826_] -> L1[_1827_], dbb: L1[_1828_], dbi: L1[_1829_], dib: L1[_1830_], dii: L1[_1831_], i: L0[], put: L1[_1832_] -> V0 -> V0 -> L1[_1833_]
b: L0[], chain: V0 -> L1[] -> L1[], dbb: L1[], dbi: L1[], dib: L1[], dii: L1[], i: L7[], put: L1[] -> V0 -> V1 -> L1[]
b: L0[], chain: V0 -> L1[_1834_] -> L1[_1835_], dbb: L1[_1836_], dbi: L1[_1837_], dib: L1[_1838_], dii: L1[_1839_], i: L7[], put: L1[_1840_] -> V0 -> V1 -> L1[_1841_]
b: L0[], chain: V0 -> L1[_1842_, _1843_] -> L1[_1844_, _1845_], dbb: L1[_1846_, _1847_], dbi: L1[_1848_, _1849_], dib: L1[_1850_, _1851_], dii: L1[_1852_, _1853_], i: L7[], put: L1[_1854_, _1855_] -> V0 -> V1 -> L1[_1856_, _1857_]
b: L0[], chain: V0 -> L0[] -> L0[], dbb: L0[], dbi: L0[], dib: L0[], dii: L0[], i: L0[], put: L0[] -> V0 -> L0[] -> V0
b: L0[_1858_], chain: V0 -> L0[_1859_] -> L0[_1860_], dbb: L0[_1861_], dbi: L0[_1862_], dib: L0[_1863_], dii: L0[_1864_], i: L0[_1865_], put: L0[_1866_] -> V0 -> L0[_1867_] -> V0
b: L0[], chain: V0 -> L1[] -> L1[], dbb: L1[], dbi: L1[], dib: L1[], dii: L1[], i: L0[], put: L1[] -> V0 -> L0[] -> V1
b: L0[], chain: V0 -> L1[_1868_] -> L1[_1869_], dbb: L1[_1870_], dbi: L1[_1871_], dib: L1[_1872_], dii: L1[_1873_], i: L0[], put: L1[_1874_] -> V0 -> L0[] -> V1
b: L0[_1875_], chain: V0 -> L1[] -> L1[], dbb: L1[], dbi: L1[], dib: L1[], dii: L1[], i: L0[_1876_], put: L1[] -> V0 -> L0[_1877_] -> V1
b: L0[_1878_], chain: V0 -> L1[_1879_] -> L1[_1880_], dbb: L1[_1881_], dbi: L1[_1882_], dib: L1[_1883_], dii: L1[_1884_], i: L0[_1885_], put: L1[_1886_] -> V0 -> L0[_1887_] -> V1
b: L0[], chain: V0 -> L1[] -> L1[], dbb: L1[], dbi: L1[], dib: L1[], dii: L1[], i: L0[], put: L1[] -> V0 -> L0[] -> L1[]
b: L0[], chain: V0 -> L1[_1888_] -> L1[_1889_], dbb: L1[_1890_], dbi: L1[_1891_], dib: L1[_1892_], dii: L1[_1893_], i: L0[], put: L1[_1894_] -> V0 -> L0[] -> L1[_1895_]
b: L0[_1896_], chain: V0 -> L1[] -> L1[], dbb: L1[], dbi: L1[], dib: L1[], dii: L1[], i: L0[_1897_], put: L1[] -> V0 -> L0[_1898_] -> L1[]
b: L0[_1899_], chain: V0 -> L1[_1900_] -> L1[_1901_], dbb: L1[_1902_], dbi: L1[_1903_], dib: L1[_1904_], dii: L1[_1905_], i: L0[_1906_], put: L1[_1907_] -> V0 -> L0[_1908_] -> L1[_1909_]
b: L0[], chain: V0 -> L0[] -> L0[], dbb: L0[], dbi: L0[], dib: L0[], dii: L0[], i: L0[], put: L0[] -> L0[] -> V0 -> V0
b: L0[_1910_], chain: V0 -> L0[_1911_] -> L0[_1912_], dbb: L0[_1913_], dbi: L0[_1914_], dib: L0[_1915_], dii: L0[_1916_], i: L0[_1917_], put: L0[_1918_] -> L0[_1919_] -> V0 -> V0
b: L0[], chain: V0 -> L1[] -> L1[], dbb: L1[], dbi: L1[], dib: L1[], dii: L1[], i: L0[], put: L1[] -> L0[] -> V0 -> V1
b: L0[], chain: V0 -> L1[_1920_] -> L1[_1921_], dbb: L1[_1922_], dbi: L1[_1923_], dib: L1[_1924_], dii: L1[_1925_], i: L0[], put: L1[_1926_] -> L0[] -> V0 -> V1
b: L0[_1927_], chain: V0 -> L1[] -> L1[], dbb: L1[], dbi: L1[], dib: L1[], dii: L1[], i: L0[_1928_], put: L1[] -> L0[_1929_] -> V0 -> V1
b: L0[_1930_], chain: V0 -> L1[_1931_] -> L1[_1932_], dbb: L1[_1933_], dbi: L1[_1934_], dib: L1[_1935_], dii: L1[_1936_], i: L0[_1937_], put: L1[_1938_] -> L0[_1939_] -> V0 -> V1
b: L0[], chain: V0 -> L1[] -> L1[], dbb: L1[], dbi: L1[], dib: L1[], dii: L1[], i: L0[], put: L1[] -> L0[] -> V0 -> L1[]
b: L0[], chain: V0 -> L1[_1940_] -> L1[_1941_], dbb: L1[_1942_], dbi: L1[_1943_], dib: L1[_1944_], dii: L1[_1945_], i: L0[], put: L1[_1946_] -> L0[] -> V0 -> L1[_1947_]
b: L0[_1948_], chain: V0 -> L1[] -> L1[], dbb: L1[], dbi: L1[], dib: L1[], dii: L1[], i: L0[_1949_], put: L1[] -> L0[_1950_] -> V0 -> L1[]
b: L0[_1951_], chain: V0 -> L1[_1952_] -> L1[_1953_], dbb: L1[_1954_], dbi: L1[_1955_], dib: L1[_1956_], dii: L1[_1957_], i: L0[_1958_], put: L1[_1959_] -> L0[_1960_] -> V0 -> L1[_1961_]
b: L0[], chain: V0 -> L1[] -> L1[], dbb: L1[], dbi: L1[], dib: L1[], dii: L1[], i: L0[], put: L1[] -> L0[] -> L0[] -> V0
b: L0[], chain: V0 -> L1[_1962_] -> L1[_1963_], dbb: L1[_1964_], dbi: L1[_1965_], dib: L1[_1966_], dii: L1[_1967_], i: L0[], put: L1[_1968_] -> L0[] -> L0[] -> V0
b: L0[_1969_], chain: V0 -> L1[] -> L1[], dbb: L1[], dbi: L1[], dib: L1[], dii: L1[], i: L0[_1970_], put: L1[] -> L0[_1971_] -> L0[_1972_] -> V0
b: L0[_1973_], chain: V0 -> L1[_1974_] -> L1[_1975_], dbb: L1[_1976_], dbi: L1[_1977_], dib: L1[_1978_], dii: L1[_1979_], i: L0[_1980_], put: L1[_1981_] -> L0[_1982_] -> L0[_1983_] -> V0
b: L0[], chain: V0 -> L1[] -> L1[], dbb: L1[], dbi: L1[], dib: L1[], dii: L1[], i: L0[], put: L1[] -> L0[] -> L0[] -> L1[]
b: L0[], chain: V0 -> L1[_1984_] -> L1[_1985_], dbb: L1[_1986_], dbi: L1[_1987_], dib: L1[_1988_], dii: L1[_1989_], i: L0[], put: L1[_1990_] -> L0[] -> L0[] -> L1[_1991_]
b: L0[_1992_], chain: V0 -> L1[] -> L1[], dbb: L1[], dbi: L1[], dib: L1[], dii: L1[], i: L0[_1993_], put: L1[] -> L0[_1994_] -> L0[_1995_] -> L1[]
b: L0[_1996_], chain: V0 -> L1[_1997_] -> L1[_1998_], dbb: L1[_1999_], dbi: L1[_2000_], dib: L1[_2001_], dii: L1[_2002_], i: L0[_2003_], put: L1[_2004_] -> L0[_2005_] -> L0[_2006_] -> L1[_2007_]
b: L0[], chain: L0[] -> V0 -> V0, dbb: L0[], dbi: L0[], dib: L0[], dii: L0[], i: L0[], put: V0 -> V0 -> V0 -> V0
b: L0[_2008_], chain: L0[_2009_] -> V0 -> V0, dbb: L0[_2010_], dbi: L0[_2011_], dib: L0[_2012_], dii: L0[_2013_], i: L0[_2014_], put: V0 -> V0 -> V0 -> V0
b: L0[], chain: L0[] -> V0 -> V0, dbb: L0[], dbi: L0[], dib: L0[], dii: L0[], i: L0[], put: V0 -> V0 -> V0 -> V1
b: L0[_2015_], chain: L0[_2016_] -> V0 -> V0, dbb: L0[_2017_], dbi: L0[_2018_], dib: L0[_2019_], dii: L0[_2020_], i: L0[_2021_], put: V0 -> V0 -> V0 -> V1
b: L0[], chain: L0[] -> V0 -> V1, dbb: L0[], dbi: L0[], dib: L0[], dii: L0[], i: L0[], put: V0 -> V0 -> V0 -> V0
b: L0[_2022_], chain: L0[_2023_] -> V0 -> V1, dbb: L0[_2024_], dbi: L0[_2025_], dib: L0[_2026_], dii: L0[_2027_], i: L0[_2028_], put: V0 -> V0 -> V0 -> V0
b: L0[], chain: L0[] -> V0 -> V1, dbb: L0[], dbi: L0[], dib: L0[], dii: L0[], i: L0[], put: V0 -> V0 -> V0 -> V1
b: L0[_2029_], chain: L0[_2030_] -> V0 -> V1, dbb: L0[_2031_], dbi: L0[_2032_], dib: L0[_2033_], dii: L0[_2034_], i: L0[_2035_], put: V0 -> V0 -> V0 -> V1
b: L0[], chain: L0[] -> V0 -> V0, dbb: L0[], dbi: L0[], dib: L0[], dii: L0[], i: L0[], put: V0 -> V0 -> V0 -> L0[]
b: L0[_2036_], chain: L0[_2037_] -> V0 -> V0, dbb: L0[_2038_], dbi: L0[_2039_], dib: L0[_2040_], dii: L0[_2041_], i: L0[_2042_], put: V0 -> V0 -> V0 -> L0[_2043_]
b: L0[], chain: L0[] -> V0 -> V1, dbb: L0[], dbi: L0[], dib: L0[], dii: L0[], i: L0[], put: V0 -> V0 -> V0 -> L0[]
b: L0[_2044_], chain: L0[_2045_] -> V0 -> V1, dbb: L0[_2046_], dbi: L0[_2047_], dib: L0[_2048_], dii: L0[_2049_], i: L0[_2050_], put: V0 -> V0 -> V0 -> L0[_2051_]
b: L0[], chain: L0[] -> V0 -> V0, dbb: L0[], dbi: L0[], dib: L0[], dii: L0[], i: L0[], put: V0 -> V0 -> L0[] -> V0
b: L0[_2052_], chain: L0[_2053_] -> V0 -> V0, dbb: L0[_2054_], dbi: L0[_2055_], dib: L0[_2056_], dii: L0[_2057_], i: L0[_2058_], put: V0 -> V0 -> L0[_2059_] -> V0
b: L0[], chain: L0[] -> V0 -> V0, dbb: L0[], dbi: L0[], dib: L0[], dii: L0[], i: L0[], put: V0 -> V0 -> L0[] -> V1
b: L0[_2060_], chain: L0[_2061_] -> V0 -> V0, dbb: L0[_2062_], dbi: L0[_2063_], dib: L0[_2064_], dii: L0[_2065_], i: L0[_2066_], put: V0 -> V0 -> L0[_2067_] -> V1
b: L0[], chain: L0[] -> V0 -> V1, dbb: L0[], dbi: L0[], dib: L0[], dii: L0[], i: L0[], put: V0 -> V0 -> L0[] -> V0
b: L0[_2068_], chain: L0[_2069_] -> V0 -> V1, dbb: L0[_2070_], dbi: L0[_2071_], dib: L0[_2072_], dii: L0[_2073_], i: L0[_2074_], put: V0 -> V0 -> L0[_2075_] -> V0
b: L0[], chain: L0[] -> V0 -> V1, dbb: L0[], dbi: L0[], dib: L0[], dii: L0[], i: L0[], put: V0 -> V0 -> L0[] -> V1
b: L0[_2076_], chain: L0[_2077_] -> V0 -> V1, dbb: L0[_2078_], dbi: L0[_2079_], dib: L0[_2080_], dii: L0[_2081_], i: L0[_2082_], put: V0 -> V0 -> L0[_2083_] -> V1
b: L0[], chain: L0[] -> V0 -> V0, dbb: L0[], dbi: L0[], dib: L0[], dii: L0[], i: L0[], put: V0 -> V0 -> L0[] -> L0[]
b: L0[_2084_], chain: L0[_2085_] -> V0 -> V0, dbb: L0[_2086_], dbi: L0[_2087_], dib: L0[_2088_], dii: L0[_2089_], i: L0[_2090_], put: V0 -> V0 -> L0[_2091_] -> L0[_2092_]
b: L0[], chain: L0[] -> V0 -> V1, dbb: L0[], dbi: L0[], dib: L0[], dii: L0[], i: L0[], put: V0 -> V0 -> L0[] -> L0[]
b: L0[_2093_], chain: L0[_2094_] -> V0 -> V1, dbb: L0[_2095_], dbi: L0[_2096_], dib: L0[_2097_], dii: L0[_2098_], i: L0[_2099_], put: V0 -> V0 -> L0[_2100_] -> L0[_2101_]
b: L0[], chain: L0[] -> V0 -> V0, dbb: L0[], dbi: L0[], dib: L0[], dii: L0[], i: L0[], put: V0 -> L0[] -> V0 -> V0
b: L0[_2102_], chain: L0[_2103_] -> V0 -> V0, dbb: L0[_2104_], dbi: L0[_2105_], dib: L0[_2106_], dii: L0[_2107_], i: L0[_2108_], put: V0 -> L0[_2109_] -> V0 -> V0
b: L0[], chain: L0[] -> V0 -> V0, dbb: L0[], dbi: L0[], dib: L0[], dii: L0[], i: L0[], put: V0 -> L0[] -> V0 -> V1
b: L0[_2110_], chain: L0[_2111_] -> V0 -> V0, dbb: L0[_2112_], dbi: L0[_2113_], dib: L0[_2114_], dii: L0[_2115_], i: L0[_2116_], put: V0 -> L0[_2117_] -> V0 -> V1
b: L0[], chain: L0[] -> V0 -> V1, dbb: L0[], dbi: L0[], dib: L0[], dii: L0[], i: L0[], put: V0 -> L0[] -> V0 -> V0
b: L0[_2118_], chain: L0[_2119_] -> V0 -> V1, dbb: L0[_2120_], dbi: L0[_2121_], dib: L0[_2122_], dii: L0[_2123_], i: L0[_2124_], put: V0 -> L0[_2125_] -> V0 -> V0
b: L0[], chain: L0[] -> V0 -> V1, dbb: L0[], dbi: L0[], dib: L0[], dii: L0[], i: L0[], put: V0 -> L0[] -> V0 -> V1
b: L0[_2126_], chain: L0[_2127_] -> V0 -> V1, dbb: L0[_2128_], dbi: L0[_2129_], dib: L0[_2130_], dii: L0[_2131_], i: L0[_2132_], put: V0 -> L0[_2133_] -> V0 -> V1
b: L0[], chain: L0[] -> V0 -> V0, dbb: L0[], dbi: L0[], dib: L0[], dii: L0[], i: L0[], put: V0 -> L0[] -> V0 -> L0[]
b: L0[_2134_], chain: L0[_2135_] -> V0 -> V0, dbb: L0[_2136_], dbi: L0[_2137_], dib: L0[_2138_], dii: L0[_2139_], i: L0[_2140_], put: V0 -> L0[_2141_] -> V0 -> L0[_2142_]
b: L0[], chain: L0[] -> V0 -> V1, dbb: L0[], dbi: L0[], dib: L0[], dii: L0[], i: L0[], put: V0 -> L0[] -> V0 -> L0[]
b: L0[_2143_], chain: L0[_2144_] -> V0 -> V1, dbb: L0[_2145_], dbi: L0[_2146_], dib: L0[_2147_], dii: L0[_2148_], i: L0[_2149_], put: V0 -> L0[_2150_] -> V0 -> L0[_2151_]
b: L0[], chain: L1[] -> V0 -> V0, dbb: L1[], dbi: L1[], dib: L1[], dii: L1[], i: L0[], put: V0 -> L0[] -> L0[] -> V0
b: L0[], chain: L1[_2152_] -> V0 -> V0, dbb: L1[_2153_], dbi: L1[_2154_], dib: L1[_2155_], dii: L1[_2156_], i: L0[], put: V0 -> L0[] -> L0[] -> V0
b: L0[_2157_], chain: L1[] -> V0 -> V0, dbb: L1[], dbi: L1[], dib: L1[], dii: L1[], i: L0[_2158_], put: V0 -> L0[_2159_] -> L0[_2160_] -> V0
b: L0[_2161_], chain: L1[_2162_] -> V0 -> V0, dbb: L1[_2163_], dbi: L1[_2164_], dib: L1[_2165_], dii: L1[_2166_], i: L0[_2167_], put: V0 -> L0[_2168_] -> L0[_2169_] -> V0
b: L0[], chain: L1[] -> V0 -> V0, dbb: L1[], dbi: L1[], dib: L1[], dii: L1[], i: L0[], put: V0 -> L0[] -> L0[] -> V1
b: L0[], chain: L1[_2170_] -> V0 -> V0, dbb: L1[_2171_], dbi: L1[_2172_], dib: L1[_2173_], dii: L1[_2174_], i: L0[], put: V0 -> L0[] -> L0[] -> V1
b: L0[_2175_], chain: L1[] -> V0 -> V0, dbb: L1[], dbi: L1[], dib: L1[], dii: L1[], i: L0[_2176_], put: V0 -> L0[_2177_] -> L0[_2178_] -> V1
b: L0[_2179_], chain: L1[_2180_] -> V0 -> V0, dbb: L1[_2181_], dbi: L1[_2182_], dib: L1[_2183_], dii: L1[_2184_], i: L0[_2185_], put: V0 -> L0[_2186_] -> L0[_2187_] -> V1
b: L0[], chain: L1[] -> V0 -> V1, dbb: L1[], dbi: L1[], dib: L1[], dii: L1[], i: L0[], put: V0 -> L0[] -> L0[] -> V0
b: L0[], chain: L1[_2188_] -> V0 -> V1, dbb: L1[_2189_], dbi: L1[_2190_], dib: L1[_2191_], dii: L1[_2192_], i: L0[], put: V0 -> L0[] -> L0[] -> V0
b: L0[_2193_], chain: L1[] -> V0 -> V1, dbb: L1[], dbi: L1[], dib: L1[], dii: L1[], i: L0[_2194_], put: V0 -> L0[_2195_] -> L0[_2196_] -> V0
b: L0[_2197_], chain: L1[_2198_] -> V0 -> V1, dbb: L1[_2199_], dbi: L1[_2200_], dib: L1[_2201_], dii: L1[_2202_], i: L0[_2203_], put: V0 -> L0[_2204_] -> L0[_2205_] -> V0
b: L0[], chain: L1[] -> V0 -> V1, dbb: L1[], dbi: L1[], dib: L1[], dii: L1[], i: L0[], put: V0 -> L0[] -> L0[] -> V1
b: L0[], chain: L1[_2206_] -> V0 -> V1, dbb: L1[_2207_], dbi: L1[_2208_], dib: L1[_2209_], dii: L1[_2210_], i: L0[], put: V0 -> L0[] -> L0[] -> V1
b: L0[_2211_], chain: L1[] -> V0 -> V1, dbb: L1[], dbi: L1[], dib: L1[], dii: L1[], i: L0[_2212_], put: V0 -> L0[_2213_] -> L0[_2214_] -> V1
b: L0[_2215_], chain: L1[_2216_] -> V0 -> V1, dbb: L1[_2217_], dbi: L1[_2218_], dib: L1[_2219_], dii: L1[_2220_], i: L0[_2221_], put: V0 -> L0[_2222_] -> L0[_2223_] -> V1
b: L0[], chain: L1[] -> V0 -> V0, dbb: L1[], dbi: L1[], dib: L1[], dii: L1[], i: L0[], put: V0 -> L0[] -> L0[] -> L1[]
b: L0[], chain: L1[_2224_] -> V0 -> V0, dbb: L1[_2225_], dbi: L1[_2226_], dib: L1[_2227_], dii: L1[_2228_], i: L0[], put: V0 -> L0[] -> L0[] -> L1[_2229_]
b: L0[_2230_], chain: L1[] -> V0 -> V0, dbb: L1[], dbi: L1[], dib: L1[], dii: L1[], i: L0[_2231_], put: V0 -> L0[_2232_] -> L0[_2233_] -> L1[]
b: L0[_2234_], chain: L1[_2235_] -> V0 -> V0, dbb: L1[_2236_], dbi: L1[_2237_], dib: L1[_2238_], dii: L1[_2239_], i: L0[_2240_], put: V0 -> L0[_2241_] -> L0[_2242_] -> L1[_2243_]
b: L0[], chain: L1[] -> V0 -> V1, dbb: L1[], dbi: L1[], dib: L1[], dii: L1[], i: L0[], put: V0 -> L0[] -> L0[] -> L1[]
b: L0[], chain: L1[_2244_] -> V0 -> V1, dbb: L1[_2245_], dbi: L1[_2246_], dib: L1[_2247_], dii: L1[_2248_], i: L0[], put: V0 -> L0[] -> L0[] -> L1[_2249_]
b: L0[_2250_], chain: L1[] -> V0 -> V1, dbb: L1[], dbi: L1[], dib: L1[], dii: L1[], i: L0[_2251_], put: V0 -> L0[_2252_] -> L0[_2253_] -> L1[]
b: L0[_2254_], chain: L1[_2255_] -> V0 -> V1, dbb: L1[_2256_], dbi: L1[_2257_], dib: L1[_2258_], dii: L1[_2259_], i: L0[_2260_], put: V0 -> L0[_2261_] -> L0[_2262_] -> L1[_2263_]
b: L0[], chain: L0[] -> V0 -> V0, dbb: L0[], dbi: L0[], dib: L0[], dii: L0[], i: L0[], put: L0[] -> V0 -> V0 -> V0
b: L0[_2264_], chain: L0[_2265_] -> V0 -> V0, dbb: L0[_2266_], dbi: L0[_2267_], dib: L0[_2268_], dii: L0[_2269_], i: L0[_2270_], put: L0[_2271_] -> V0 -> V0 -> V0
b: L0[], chain: L1[] -> V0 -> V0, dbb: L1[], dbi: L1[], dib: L1[], dii: L1[], i: L0[], put: L1[] -> V0 -> V0 -> V1
b: L0[], chain: L1[_2272_] -> V0 -> V0, dbb: L1[_2273_], dbi: L1[_2274_], dib: L1[_2275_], dii: L1[_2276_], i: L0[], put: L1[_2277_] -> V0 -> V0 -> V1
b: L0[], chain: L0[] -> V0 -> V0, dbb: L0[], dbi: L0[], dib: L0[], dii: L0[], i: L0[], put: L0[] -> V0 -> V1 -> V0
b: L0[_2278_], chain: L0[_2279_] -> V0 -> V0, dbb: L0[_2280_], dbi: L0[_2281_], dib: L0[_2282_], dii: L0[_2283_], i: L0[_2284_], put: L0[_2285_] -> V0 -> V1 -> V0
b: L0[_2286_, _2287_], chain: L0[_2288_, _2289_] -> V0 -> V0, dbb: L0[_2290_, _2291_], dbi: L0[_2292_, _2293_], dib: L0[_2294_, _2295_], dii: L0[_2296_, _2297_], i: L0[_2298_, _2299_], put: L0[_2300_, _2301_] -> V0 -> V1 -> V0
b: L0[], chain: L0[] -> V0 -> V0, dbb: L0[], dbi: L0[], dib: L0[], dii: L0[], i: L0[], put: L0[] -> V0 -> V1 -> V1
b: L0[_2302_], chain: L0[_2303_] -> V0 -> V0, dbb: L0[_2304_], dbi: L0[_2305_], dib: L0[_2306_], dii: L0[_2307_], i: L0[_2308_], put: L0[_2309_] -> V0 -> V1 -> V1
b: L0[_2310_, _2311_], chain: L0[_2312_, _2313_] -> V0 -> V0, dbb: L0[_2314_, _2315_], dbi: L0[_2316_, _2317_], dib: L0[_2318_, _2319_], dii: L0[_2320_, _2321_], i: L0[_2322_, _2323_], put: L0[_2324_, _2325_] -> V0 -> V1 -> V1
b: L0[], chain: L1[] -> V0 -> V0, dbb: L1[], dbi: L1[], dib: L1[], dii: L1[], i: L6[], put: L1[] -> V0 -> V1 -> V2
b: L0[], chain: L1[_2326_] -> V0 -> V0, dbb: L1[_2327_], dbi: L1[_2328_], dib: L1[_2329_], dii: L1[_2330_], i: L6[], put: L1[_2331_] -> V0 -> V1 -> V2
b: L0[], chain: L1[_2332_, _2333_] -> V0 -> V0, dbb: L1[_2334_, _2335_], dbi: L1[_2336_, _2337_], dib: L1[_2338_, _2339_], dii: L1[_2340_, _2341_], i: L6[], put: L1[_2342_, _2343_] -> V0 -> V1 -> V2
b: L0[], chain: L0[] -> V0 -> V1, dbb: L0[], dbi: L0[], dib: L0[], dii: L0[], i: L0[], put: L0[] -> V0 -> V0 -> V0
b: L0[_2344_], chain: L0[_2345_] -> V0 -> V1, dbb: L0[_2346_], dbi: L0[_2347_], dib: L0[_2348_], dii: L0[_2349_], i: L0[_2350_], put: L0[_2351_] -> V0 -> V0 -> V0
b: L0[], chain: L1[] -> V0 -> V1, dbb: L1[], dbi: L1[], dib: L1[], dii: L1[], i: L0[], put: L1[] -> V0 -> V0 -> V1
b: L0[], chain: L1[_2352_] -> V0 -> V1, dbb: L1[_2353_], dbi: L1[_2354_], dib: L1[_2355_], dii: L1[_2356_], i: L0[], put: L1[_2357_] -> V0 -> V0 -> V1
b: L0[], chain: L0[] -> V0 -> V1, dbb: L0[], dbi: L0[], dib: L0[], dii: L0[], i: L0[], put: L0[] -> V0 -> V1 -> V0
b: L0[_2358_], chain: L0[_2359_] -> V0 -> V1, dbb: L0[_2360_], dbi: L0[_2361_], dib: L0[_2362_], dii: L0[_2363_], i: L0[_2364_], put: L0[_2365_] -> V0 -> V1 -> V0
b: L0[_2366_, _2367_], chain: L0[_2368_, _2369_] -> V0 -> V1, dbb: L0[_2370_, _2371_], dbi: L0[_2372_, _2373_], dib: L0[_2374_, _2375_], dii: L0[_2376_, _2377_], i: L0[_2378_, _2379_], put: L0[_2380_, _2381_] -> V0 -> V1 -> V0
b: L0[], chain: L0[] -> V0 -> V1, dbb: L0[], dbi: L0[], dib: L0[], dii: L0[], i: L0[], put: L0[] -> V0 -> V1 -> V1
b: L0[_2382_], chain: L0[_2383_] -> V0 -> V1, dbb: L0[_2384_], dbi: L0[_2385_], dib: L0[_2386_], dii: L0[_2387_], i: L0[_2388_], put: L0[_2389_] -> V0 -> V1 -> V1
b: L0[_2390_, _2391_], chain: L0[_2392_, _2393_] -> V0 -> V1, dbb: L0[_2394_, _2395_], dbi: L0[_2396_, _2397_], dib: L0[_2398_, _2399_], dii: L0[_2400_, _2401_], i: L0[_2402_, _2403_], put: L0[_2404_, _2405_] -> V0 -> V1 -> V1
b: L0[], chain: L1[] -> V0 -> V1, dbb: L1[], dbi: L1[], dib: L1[], dii: L1[], i: L6[], put: L1[] -> V0 -> V1 -> V2
b: L0[], chain: L1[_2406_] -> V0 -> V1, dbb: L1[_2407_], dbi: L1[_2408_], dib: L1[_2409_], dii: L1[_2410_], i: L6[], put: L1[_2411_] -> V0 -> V1 -> V2
b: L0[], chain: L1[_2412_, _2413_] -> V0 -> V1, dbb: L1[_2414_, _2415_], dbi: L1[_2416_, _2417_], dib: L1[_2418_, _2419_], dii: L1[_2420_, _2421_], i: L6[], put: L1[_2422_, _2423_] -> V0 -> V1 -> V2
b: L0[], chain: L1[] -> V0 -> V0, dbb: L1[], dbi: L1[], dib: L1[], dii: L1[], i: L0[], put: L1[] -> V0 -> V0 -> L1[]
b: L0[], chain: L1[_2424_] -> V0 -> V0, dbb: L1[_2425_], dbi: L1[_2426_], dib: L1[_2427_], dii: L1[_2428_], i: L0[], put: L1[_2429_] -> V0 -> V0 -> L1[_2430_]
b: L0[], chain: L1[] -> V0 -> V0, dbb: L1[], dbi: L1[], dib: L1[], dii: L1[], i: L6[], put: L1[] -> V0 -> V1 -> L1[]
b: L0[], chain: L1[_2431_] -> V0 -> V0, dbb: L1[_2432_], dbi: L1[_2433_], dib: L1[_2434_], dii: L1[_2435_], i: L6[], put: L1[_2436_] -> V0 -> V1 -> L1[_2437_]
b: L0[], chain: L1[_2438_, _2439_] -> V0 -> V0, dbb: L1[_2440_, _2441_], dbi: L1[_2442_, _2443_], dib: L1[_2444_, _2445_], dii: L1[_2446_, _2447_], i: L6[], put: L1[_2448_, _2449_] -> V0 -> V1 -> L1[_2450_, _2451_]
b: L0[], chain: L1[] -> V0 -> V1, dbb: L1[], dbi: L1[], dib: L1[], dii: L1[], i: L0[], put: L1[] -> V0 -> V0 -> L1[]
b: L0[], chain: L1[_2452_] -> V0 -> V1, dbb: L1[_2453_], dbi: L1[_2454_], dib: L1[_2455_], dii: L1[_2456_], i: L0[], put: L1[_2457_] -> V0 -> V0 -> L1[_2458_]
b: L0[], chain: L1[] -> V0 -> V1, dbb: L1[], dbi: L1[], dib: L1[], dii: L1[], i: L6[], put: L1[] -> V0 -> V1 -> L1[]
b: L0[], chain: L1[_2459_] -> V0 -> V1, dbb: L1[_2460_], dbi: L1[_2461_], dib: L1[_2462_], dii: L1[_2463_], i: L6[], put: L1[_2464_] -> V0 -> V1 -> L1[_2465_]
b: L0[], chain: L1[_2466_, _2467_] -> V0 -> V1, dbb: L1[_2468_, _2469_], dbi: L1[_2470_, _2471_], dib: L1[_2472_, _2473_], dii: L1[_2474_, _2475_], i: L6[], put: L1[_2476_, _2477_] -> V0 -> V1 -> L1[_2478_, _2479_]
b: L0[], chain: L0[] -> V0 -> V0, dbb: L0[], dbi: L0[], dib: L0[], dii: L0[], i: L0[], put: L0[] -> V0 -> L0[] -> V0
b: L0[_2480_], chain: L0[_2481_] -> V0 -> V0, dbb: L0[_2482_], dbi: L0[_2483_], dib: L0[_2484_], dii: L0[_2485_], i: L0[_2486_], put: L0[_2487_] -> V0 -> L0[_2488_] -> V0
b: L0[], chain: L1[] -> V0 -> V0, dbb: L1[], dbi: L1[], dib: L1[], dii: L1[], i: L0[], put: L1[] -> V0 -> L0[] -> V1
b: L0[], chain: L1[_2489_] -> V0 -> V0, dbb: L1[_2490_], dbi: L1[_2491_], dib: L1[_2492_], dii: L1[_2493_], i: L0[], put: L1[_2494_] -> V0 -> L0[] -> V1
b: L0[_2495_], chain: L1[] -> V0 -> V0, dbb: L1[], dbi: L1[], dib: L1[], dii: L1[], i: L0[_2496_], put: L1[] -> V0 -> L0[_2497_] -> V1
b: L0[_2498_], chain: L1[_2499_] -> V0 -> V0, dbb: L1[_2500_], dbi: L1[_2501_], dib: L1[_2502_], dii: L1[_2503_], i: L0[_2504_], put: L1[_2505_] -> V0 -> L0[_2506_] -> V1
b: L0[], chain: L0[] -> V0 -> V1, dbb: L0[], dbi: L0[], dib: L0[], dii: L0[], i: L0[], put: L0[] -> V0 -> L0[] -> V0
b: L0[_2507_], chain: L0[_2508_] -> V0 -> V1, dbb: L0[_2509_], dbi: L0[_2510_], dib: L0[_2511_], dii: L0[_2512_], i: L0[_2513_], put: L0[_2514_] -> V0 -> L0[_2515_] -> V0
b: L0[], chain: L1[] -> V0 -> V1, dbb: L1[], dbi: L1[], dib: L1[], dii: L1[], i: L0[], put: L1[] -> V0 -> L0[] -> V1
b: L0[], chain: L1[_2516_] -> V0 -> V1, dbb: L1[_2517_], dbi: L1[_2518_], dib: L1[_2519_], dii: L1[_2520_], i: L0[], put: L1[_2521_] -> V0 -> L0[] -> V1
b: L0[_2522_], chain: L1[] -> V0 -> V1, dbb: L1[], dbi: L1[], dib: L1[], dii: L1[], i: L0[_2523_], put: L1[] -> V0 -> L0[_2524_] -> V1
b: L0[_2525_], chain: L1[_2526_] -> V0 -> V1, dbb: L1[_2527_], dbi: L1[_2528_], dib: L1[_2529_], dii: L1[_2530_], i: L0[_2531_], put: L1[_2532_] -> V0 -> L0[_2533_] -> V1
b: L0[], chain: L1[] -> V0 -> V0, dbb: L1[], dbi: L1[], dib: L1[], dii: L1[], i: L0[], put: L1[] -> V0 -> L0[] -> L1[]
b: L0[], chain: L1[_2534_] -> V0 -> V0, dbb: L1[_2535_], dbi: L1[_2536_], dib: L1[_2537_], dii: L1[_2538_], i: L0[], put: L1[_2539_] -> V0 -> L0[] -> L1[_2540_]
b: L0[_2541_], chain: L1[] -> V0 -> V0, dbb: L1[], dbi: L1[], dib: L1[], dii: L1[], i: L0[_2542_], put: L1[] -> V0 -> L0[_2543_] -> L1[]
b: L0[_2544_], chain: L1[_2545_] -> V0 -> V0, dbb: L1[_2546_], dbi: L1[_2547_], dib: L1[_2548_], dii: L1[_2549_], i: L0[_2550_], put: L1[_2551_] -> V0 -> L0[_2552_] -> L1[_2553_]
b: L0[], chain: L1[] -> V0 -> V1, dbb: L1[], dbi: L1[], dib: L1[], dii: L1[], i: L0[], put: L1[] -> V0 -> L0[] -> L1[]
b: L0[], chain: L1[_2554_] -> V0 -> V1, dbb: L1[_2555_], dbi: L1[_2556_], dib: L1[_2557_], dii: L1[_2558_], i: L0[], put: L1[_2559_] -> V0 -> L0[] -> L1[_2560_]
b: L0[_2561_], chain: L1[] -> V0 -> V1, dbb: L1[], dbi: L1[], dib: L1[], dii: L1[], i: L0[_2562_], put: L1[] -> V0 -> L0[_2563_] -> L1[]
b: L0[_2564_], chain: L1[_2565_] -> V0 -> V1, dbb: L1[_2566_], dbi: L1[_2567_], dib: L1[_2568_], dii: L1[_2569_], i: L0[_2570_], put: L1[_2571_] -> V0 -> L0[_2572_] -> L1[_2573_]
b: L0[], chain: L0[] -> V0 -> V0, dbb: L0[], dbi: L0[], dib: L0[], dii: L0[], i: L0[], put: L0[] -> L0[] -> V0 -> V0
b: L0[_2574_], chain: L0[_2575_] -> V0 -> V0, dbb: L0[_2576_], dbi: L0[_2577_], dib: L0[_2578_], dii: L0[_2579_], i: L0[_2580_], put: L0[_2581_] -> L0[_2582_] -> V0 -> V0
b: L0[], chain: L1[] -> V0 -> V0, dbb: L1[], dbi: L1[], dib: L1[], dii: L1[], i: L0[], put: L1[] -> L0[] -> V0 -> V1
b: L0[], chain: L1[_2583_] -> V0 -> V0, dbb: L1[_2584_], dbi: L1[_2585_], dib: L1[_2586_], dii: L1[_2587_], i: L0[], put: L1[_2588_] -> L0[] -> V0 -> V1
b: L0[_2589_], chain: L1[] -> V0 -> V0, dbb: L1[], dbi: L1[], dib: L1[], dii: L1[], i: L0[_2590_], put: L1[] -> L0[_2591_] -> V0 -> V1
b: L0[_2592_], chain: L1[_2593_] -> V0 -> V0, dbb: L1[_2594_], dbi: L1[_2595_], dib: L1[_2596_], dii: L1[_2597_], i: L0[_2598_], put: L1[_2599_] -> L0[_2600_] -> V0 -> V1
b: L0[], chain: L0[] -> V0 -> V1, dbb: L0[], dbi: L0[], dib: L0[], dii: L0[], i: L0[], put: L0[] -> L0[] -> V0 -> V0
b: L0[_2601_], chain: L0[_2602_] -> V0 -> V1, dbb: L0[_2603_], dbi: L0[_2604_], dib: L0[_2605_], dii: L0[_2606_], i: L0[_2607_], put: L0[_2608_] -> L0[_2609_] -> V0 -> V0
b: L0[], chain: L1[] -> V0 -> V1, dbb: L1[], dbi: L1[], dib: L1[], dii: L1[], i: L0[], put: L1[] -> L0[] -> V0 -> V1
b: L0[], chain: L1[_2610_] -> V0 -> V1, dbb: L1[_2611_], dbi: L1[_2612_], dib: L1[_2613_], dii: L1[_2614_], i: L0[], put: L1[_2615_] -> L0[] -> V0 -> V1
b: L0[_2616_], chain: L1[] -> V0 -> V1, dbb: L1[], dbi: L1[], dib: L1[], dii: L1[], i: L0[_2617_], put: L1[] -> L0[_2618_] -> V0 -> V1
b: L0[_2619_], chain: L1[_2620_] -> V0 -> V1, dbb: L1[_2621_], dbi: L1[_2622_], dib: L1[_2623_], dii: L1[_2624_], i: L0[_2625_], put: L1[_2626_] -> L0[_2627_] -> V0 -> V1
b: L0[], chain: L1[] -> V0 -> V0, dbb: L1[], dbi: L1[], dib: L1[], dii: L1[], i: L0[], put: L1[] -> L0[] -> V0 -> L1[]
b: L0[], chain: L1[_2628_] -> V0 -> V0, dbb: L1[_2629_], dbi: L1[_2630_], dib: L1[_2631_], dii: L1[_2632_], i: L0[], put: L1[_2633_] -> L0[] -> V0 -> L1[_2634_]
b: L0[_2635_], chain: L1[] -> V0 -> V0, dbb: L1[], dbi: L1[], dib: L1[], dii: L1[], i: L0[_2636_], put: L1[] -> L0[_2637_] -> V0 -> L1[]
b: L0[_2638_], chain: L1[_2639_] -> V0 -> V0, dbb: L1[_2640_], dbi: L1[_2641_], dib: L1[_2642_], dii: L1[_2643_], i: L0[_2644_], put: L1[_2645_] -> L0[_2646_] -> V0 -> L1[_2647_]
b: L0[], chain: L1[] -> V0 -> V1, dbb: L1[], dbi: L1[], dib: L1[], dii: L1[], i: L0[], put: L1[] -> L0[] -> V0 -> L1[]
b: L0[], chain: L1[_2648_] -> V0 -> V1, dbb: L1[_2649_], dbi: L1[_2650_], dib: L1[_2651_], dii: L1[_2652_], i: L0[], put: L1[_2653_] -> L0[] -> V0 -> L1[_2654_]
b: L0[_2655_], chain: L1[] -> V0 -> V1, dbb: L1[], dbi: L1[], dib: L1[], dii: L1[], i: L0[_2656_], put: L1[] -> L0[_2657_] -> V0 -> L1[]
b: L0[_2658_], chain: L1[_2659_] -> V0 -> V1, dbb: L1[_2660_], dbi: L1[_2661_], dib: L1[_2662_], dii: L1[_2663_], i: L0[_2664_], put: L1[_2665_] -> L0[_2666_] -> V0 -> L1[_2667_]
b: L0[], chain: L1[] -> V0 -> V0, dbb: L1[], dbi: L1[], dib: L1[], dii: L1[], i: L0[], put: L1[] -> L0[] -> L0[] -> V0
b: L0[], chain: L1[_2668_] -> V0 -> V0, dbb: L1[_2669_], dbi: L1[_2670_], dib: L1[_2671_], dii: L1[_2672_], i: L0[], put: L1[_2673_] -> L0[] -> L0[] -> V0
b: L0[_2674_], chain: L1[] -> V0 -> V0, dbb: L1[], dbi: L1[], dib: L1[], dii: L1[], i: L0[_2675_], put: L1[] -> L0[_2676_] -> L0[_2677_] -> V0
b: L0[_2678_], chain: L1[_2679_] -> V0 -> V0, dbb: L1[_2680_], dbi: L1[_2681_], dib: L1[_2682_], dii: L1[_2683_], i: L0[_2684_], put: L1[_2685_] -> L0[_2686_] -> L0[_2687_] -> V0
b: L0[], chain: L1[] -> V0 -> V1, dbb: L1[], dbi: L1[], dib: L1[], dii: L1[], i: L0[], put: L1[] -> L0[] -> L0[] -> V0
b: L0[], chain: L1[_2688_] -> V0 -> V1, dbb: L1[_2689_], dbi: L1[_2690_], dib: L1[_2691_], dii: L1[_2692_], i: L0[], put: L1[_2693_] -> L0[] -> L0[] -> V0
b: L0[_2694_], chain: L1[] -> V0 -> V1, dbb: L1[], dbi: L1[], dib: L1[], dii: L1[], i: L0[_2695_], put: L1[] -> L0[_2696_] -> L0[_2697_] -> V0
b: L0[_2698_], chain: L1[_2699_] -> V0 -> V1, dbb: L1[_2700_], dbi: L1[_2701_], dib: L1[_2702_], dii: L1[_2703_], i: L0[_2704_], put: L1[_2705_] -> L0[_2706_] -> L0[_2707_] -> V0
b: L0[], chain: L1[] -> V0 -> V0, dbb: L1[], dbi: L1[], dib: L1[], dii: L1[], i: L0[], put: L1[] -> L0[] -> L0[] -> L1[]
b: L0[], chain: L1[_2708_] -> V0 -> V0, dbb: L1[_2709_], dbi: L1[_2710_], dib: L1[_2711_], dii: L1[_2712_], i: L0[], put: L1[_2713_] -> L0[] -> L0[] -> L1[_2714_]
b: L0[_2715_], chain: L1[] -> V0 -> V0, dbb: L1[], dbi: L1[], dib: L1[], dii: L1[], i: L0[_2716_], put: L1[] -> L0[_2717_] -> L0[_2718_] -> L1[]
b: L0[_2719_], chain: L1[_2720_] -> V0 -> V0, dbb: L1[_2721_], dbi: L1[_2722_], dib: L1[_2723_], dii: L1[_2724_], i: L0[_2725_], put: L1[_2726_] -> L0[_2727_] -> L0[_2728_] -> L1[_2729_]
b: L0[], chain: L1[] -> V0 -> V1, dbb: L1[], dbi: L1[], dib: L1[], dii: L1[], i: L0[], put: L1[] -> L0[] -> L0[] -> L1[]
b: L0[], chain: L1[_2730_] -> V0 -> V1, dbb: L1[_2731_], dbi: L1[_2732_], dib: L1[_2733_], dii: L1[_2734_], i: L0[], put: L1[_2735_] -> L0[] -> L0[] -> L1[_2736_]
b: L0[_2737_], chain: L1[] -> V0 -> V1, dbb: L1[], dbi: L1[], dib: L1[], dii: L1[], i: L0[_2738_], put: L1[] -> L0[_2739_] -> L0[_2740_] -> L1[]
b: L0[_2741_], chain: L1[_2742_] -> V0 -> V1, dbb: L1[_2743_], dbi: L1[_2744_], dib: L1[_2745_], dii: L1[_2746_], i: L0[_2747_], put: L1[_2748_] -> L0[_2749_] -> L0[_2750_] -> L1[_2751_]
b: L0[], chain: L0[] -> V0 -> L0[], dbb: L0[], dbi: L0[], dib: L0[], dii: L0[], i: L0[], put: V0 -> V0 -> V0 -> V0
b: L0[_2752_], chain: L0[_2753_] -> V0 -> L0[_2754_], dbb: L0[_2755_], dbi: L0[_2756_], dib: L0[_2757_], dii: L0[_2758_], i: L0[_2759_], put: V0 -> V0 -> V0 -> V0
b: L0[], chain: L0[] -> V0 -> L0[], dbb: L0[], dbi: L0[], dib: L0[], dii: L0[], i: L0[], put: V0 -> V0 -> V0 -> V1
b: L0[_2760_], chain: L0[_2761_] -> V0 -> L0[_2762_], dbb: L0[_2763_], dbi: L0[_2764_], dib: L0[_2765_], dii: L0[_2766_], i: L0[_2767_], put: V0 -> V0 -> V0 -> V1
b: L0[], chain: L0[] -> V0 -> L0[], dbb: L0[], dbi: L0[], dib: L0[], dii: L0[], i: L0[], put: V0 -> V0 -> V0 -> L0[]
b: L0[_2768_], chain: L0[_2769_] -> V0 -> L0[_2770_], dbb: L0[_2771_], dbi: L0[_2772_], dib: L0[_2773_], dii: L0[_2774_], i: L0[_2775_], put: V0 -> V0 -> V0 -> L0[_2776_]
b: L0[], chain: L0[] -> V0 -> L0[], dbb: L0[], dbi: L0[], dib: L0[], dii: L0[], i: L0[], put: V0 -> V0 -> L0[] -> V0
b: L0[_2777_], chain: L0[_2778_] -> V0 -> L0[_2779_], dbb: L0[_2780_], dbi: L0[_2781_], dib: L0[_2782_], dii: L0[_2783_], i: L0[_2784_], put: V0 -> V0 -> L0[_2785_] -> V0
b: L0[], chain: L0[] -> V0 -> L0[], dbb: L0[], dbi: L0[], dib: L0[], dii: L0[], i: L0[], put: V0 -> V0 -> L0[] -> V1
b: L0[_2786_], chain: L0[_2787_] -> V0 -> L0[_2788_], dbb: L0[_2789_], dbi: L0[_2790_], dib: L0[_2791_], dii: L0[_2792_], i: L0[_2793_], put: V0 -> V0 -> L0[_2794_] -> V1
b: L0[], chain: L0[] -> V0 -> L0[], dbb: L0[], dbi: L0[], dib: L0[], dii: L0[], i: L0[], put: V0 -> V0 -> L0[] -> L0[]
b: L0[_2795_], chain: L0[_2796_] -> V0 -> L0[_2797_], dbb: L0[_2798_], dbi: L0[_2799_], dib: L0[_2800_], dii: L0[_2801_], i: L0[_2802_], put: V0 -> V0 -> L0[_2803_] -> L0[_2804_]
b: L0[], chain: L0[] -> V0 -> L0[], dbb: L0[], dbi: L0[], dib: L0[], dii: L0[], i: L0[], put: V0 -> L0[] -> V0 -> V0
b: L0[_2805_], chain: L0[_2806_] -> V0 -> L0[_2807_], dbb: L0[_2808_], dbi: L0[_2809_], dib: L0[_2810_], dii: L0[_2811_], i: L0[_2812_], put: V0 -> L0[_2813_] -> V0 -> V0
b: L0[], chain: L0[] -> V0 -> L0[], dbb: L0[], dbi: L0[], dib: L0[], dii: L0[], i: L0[], put: V0 -> L0[] -> V0 -> V1
b: L0[_2814_], chain: L0[_2815_] -> V0 -> L0[_2816_], dbb: L0[_2817_], dbi: L0[_2818_], dib: L0[_2819_], dii: L0[_2820_], i: L0[_2821_], put: V0 -> L0[_2822_] -> V0 -> V1
b: L0[], chain: L0[] -> V0 -> L0[], dbb: L0[], dbi: L0[], dib: L0[], dii: L0[], i: L0[], put: V0 -> L0[] -> V0 -> L0[]
b: L0[_2823_], chain: L0[_2824_] -> V0 -> L0[_2825_], dbb: L0[_2826_], dbi: L0[_2827_], dib: L0[_2828_], dii: L0[_2829_], i: L0[_2830_], put: V0 -> L0[_2831_] -> V0 -> L0[_2832_]
b: L0[], chain: L1[] -> V0 -> L1[], dbb: L1[], dbi: L1[], dib: L1[], dii: L1[], i: L0[], put: V0 -> L0[] -> L0[] -> V0
b: L0[], chain: L1[_2833_] -> V0 -> L1[_2834_], dbb: L1[_2835_], dbi: L1[_2836_], dib: L1[_2837_], dii: L1[_2838_], i: L0[], put: V0 -> L0[] -> L0[] -> V0
b: L0[_2839_], chain: L1[] -> V0 -> L1[], dbb: L1[], dbi: L1[], dib: L1[], dii: L1[], i: L0[_2840_], put: V0 -> L0[_2841_] -> L0[_2842_] -> V0
b: L0[_2843_], chain: L1[_2844_] -> V0 -> L1[_2845_], dbb: L1[_2846_], dbi: L1[_2847_], dib: L1[_2848_], dii: L1[_2849_], i: L0[_2850_], put: V0 -> L0[_2851_] -> L0[_2852_] -> V0
b: L0[], chain: L1[] -> V0 -> L1[], dbb: L1[], dbi: L1[], dib: L1[], dii: L1[], i: L0[], put: V0 -> L0[] -> L0[] -> V1
b: L0[], chain: L1[_2853_] -> V0 -> L1[_2854_], dbb: L1[_2855_], dbi: L1[_2856_], dib: L1[_2857_], dii: L1[_2858_], i: L0[], put: V0 -> L0[] -> L0[] -> V1
b: L0[_2859_], chain: L1[] -> V0 -> L1[], dbb: L1[], dbi: L1[], dib: L1[], dii: L1[], i: L0[_2860_], put: V0 -> L0[_2861_] -> L0[_2862_] -> V1
b: L0[_2863_], chain: L1[_2864_] -> V0 -> L1[_2865_], dbb: L1[_2866_], dbi: L1[_2867_], dib: L1[_2868_], dii: L1[_2869_], i: L0[_2870_], put: V0 -> L0[_2871_] -> L0[_2872_] -> V1
b: L0[], chain: L1[] -> V0 -> L1[], dbb: L1[], dbi: L1[], dib: L1[], dii: L1[], i: L0[], put: V0 -> L0[] -> L0[] -> L1[]
b: L0[], chain: L1[_2873_] -> V0 -> L1[_2874_], dbb: L1[_2875_], dbi: L1[_2876_], dib: L1[_2877_], dii: L1[_2878_], i: L0[], put: V0 -> L0[] -> L0[] -> L1[_2879_]
b: L0[_2880_], chain: L1[] -> V0 -> L1[], dbb: L1[], dbi: L1[], dib: L1[], dii: L1[], i: L0[_2881_], put: V0 -> L0[_2882_] -> L0[_2883_] -> L1[]
b: L0[_2884_], chain: L1[_2885_] -> V0 -> L1[_2886_], dbb: L1[_2887_], dbi: L1[_2888_], dib: L1[_2889_], dii: L1[_2890_], i: L0[_2891_], put: V0 -> L0[_2892_] -> L0[_2893_] -> L1[_2894_]
b: L0[], chain: L0[] -> V0 -> L0[], dbb: L0[], dbi: L0[], dib: L0[], dii: L0[], i: L0[], put: L0[] -> V0 -> V0 -> V0
b: L0[_2895_], chain: L0[_2896_] -> V0 -> L0[_2897_], dbb: L0[_2898_], dbi: L0[_2899_], dib: L0[_2900_], dii: L0[_2901_], i: L0[_2902_], put: L0[_2903_] -> V0 -> V0 -> V0
b: L0[], chain: L1[] -> V0 -> L1[], dbb: L1[], dbi: L1[], dib: L1[], dii: L1[], i: L0[], put: L1[] -> V0 -> V0 -> V1
b: L0[], chain: L1[_2904_] -> V0 -> L1[_2905_], dbb: L1[_2906_], dbi: L1[_2907_], dib: L1[_2908_], dii: L1[_2909_], i: L0[], put: L1[_2910_] -> V0 -> V0 -> V1
b: L0[], chain: L0[] -> V0 -> L0[], dbb: L0[], dbi: L0[], dib: L0[], dii: L0[], i: L0[], put: L0[] -> V0 -> V1 -> V0
b: L0[_2911_], chain: L0[_2912_] -> V0 -> L0[_2913_], dbb: L0[_2914_], dbi: L0[_2915_], dib: L0[_2916_], dii: L0[_2917_], i: L0[_2918_], put: L0[_2919_] -> V0 -> V1 -> V0
b: L0[_2920_, _2921_], chain: L0[_2922_, _2923_] -> V0 -> L0[_2924_, _2925_], dbb: L0[_2926_, _2927_], dbi: L0[_2928_, _2929_], dib: L0[_2930_, _2931_], dii: L0[_2932_, _2933_], i: L0[_2934_, _2935_], put: L0[_2936_, _2937_] -> V0 -> V1 -> V0
b: L0[], chain: L0[] -> V0 -> L0[], dbb: L0[], dbi: L0[], dib: L0[], dii: L0[], i: L0[], put: L0[] -> V0 -> V1 -> V1
b: L0[_2938_], chain: L0[_2939_] -> V0 -> L0[_2940_], dbb: L0[_2941_], dbi: L0[_2942_], dib: L0[_2943_], dii: L0[_2944_], i: L0[_2945_], put: L0[_2946_] -> V0 -> V1 -> V1
b: L0[_2947_, _2948_], chain: L0[_2949_, _2950_] -> V0 -> L0[_2951_, _2952_], dbb: L0[_2953_, _2954_], dbi: L0[_2955_, _2956_], dib: L0[_2957_, _2958_], dii: L0[_2959_, _2960_], i: L0[_2961_, _2962_], put: L0[_2963_, _2964_] -> V0 -> V1 -> V1
b: L0[], chain: L1[] -> V0 -> L1[], dbb: L1[], dbi: L1[], dib: L1[], dii: L1[], i: L7[], put: L1[] -> V0 -> V1 -> V2
b: L0[], chain: L1[_2965_] -> V0 -> L1[_2966_], dbb: L1[_2967_], dbi: L1[_2968_], dib: L1[_2969_], dii: L1[_2970_], i: L7[], put: L1[_2971_] -> V0 -> V1 -> V2
b: L0[], chain: L1[_2972_, _2973_] -> V0 -> L1[_2974_, _2975_], dbb: L1[_2976_, _2977_], dbi: L1[_2978_, _2979_], dib: L1[_2980_, _2981_], dii: L1[_2982_, _2983_], i: L7[], put: L1[_2984_, _2985_] -> V0 -> V1 -> V2
b: L0[], chain: L1[] -> V0 -> L1[], dbb: L1[], dbi: L1[], dib: L1[], dii: L1[], i: L0[], put: L1[] -> V0 -> V0 -> L1[]
b: L0[], chain: L1[_2986_] -> V0 -> L1[_2987_], dbb: L1[_2988_], dbi: L1[_2989_], dib: L1[_2990_], dii: L1[_2991_], i: L0[], put: L1[_2992_] -> V0 -> V0 -> L1[_2993_]
b: L0[], chain: L1[] -> V0 -> L1[], dbb: L1[], dbi: L1[], dib: L1[], dii: L1[], i: L7[], put: L1[] -> V0 -> V1 -> L1[]
b: L0[], chain: L1[_2994_] -> V0 -> L1[_2995_], dbb: L1[_2996_], dbi: L1[_2997_], dib: L1[_2998_], dii: L1[_2999_], i: L7[], put: L1[_3000_] -> V0 -> V1 -> L1[_3001_]
b: L0[], chain: L1[_3002_, _3003_] -> V0 -> L1[_3004_, _3005_], dbb: L1[_3006_, _3007_], dbi: L1[_3008_, _3009_], dib: L1[_3010_, _3011_], dii: L1[_3012_, _3013_], i: L7[], put: L1[_3014_, _3015_] -> V0 -> V1 -> L1[_3016_, _3017_]
b: L0[], chain: L0[] -> V0 -> L0[], dbb: L0[], dbi: L0[], dib: L0[], dii: L0[], i: L0[], put: L0[] -> V0 -> L0[] -> V0
b: L0[_3018_], chain: L0[_3019_] -> V0 -> L0[_3020_], dbb: L0[_3021_], dbi: L0[_3022_], dib: L0[_3023_], dii: L0[_3024_], i: L0[_3025_], put: L0[_3026_] -> V0 -> L0[_3027_] -> V0
b: L0[], chain: L1[] -> V0 -> L1[], dbb: L1[], dbi: L1[], dib: L1[], dii: L1[], i: L0[], put: L1[] -> V0 -> L0[] -> V1
b: L0[], chain: L1[_3028_] -> V0 -> L1[_3029_], dbb: L1[_3030_], dbi: L1[_3031_], dib: L1[_3032_], dii: L1[_3033_], i: L0[], put: L1[_3034_] -> V0 -> L0[] -> V1
b: L0[_3035_], chain: L1[] -> V0 -> L1[], dbb: L1[], dbi: L1[], dib: L1[], dii: L1[], i: L0[_3036_], put: L1[] -> V0 -> L0[_3037_] -> V1
b: L0[_3038_], chain: L1[_3039_] -> V0 -> L1[_3040_], dbb: L1[_3041_], dbi: L1[_3042_], dib: L1[_3043_], dii: L1[_3044_], i: L0[_3045_], put: L1[_3046_] -> V0 -> L0[_3047_] -> V1
b: L0[], chain: L1[] -> V0 -> L1[], dbb: L1[], dbi: L1[], dib: L1[], dii: L1[], i: L0[], put: L1[] -> V0 -> L0[] -> L1[]
b: L0[], chain: L1[_3048_] -> V0 -> L1[_3049_], dbb: L1[_3050_], dbi: L1[_3051_], dib: L1[_3052_], dii: L1[_3053_], i: L0[], put: L1[_3054_] -> V0 -> L0[] -> L1[_3055_]
b: L0[_3056_], chain: L1[] -> V0 -> L1[], dbb: L1[], dbi: L1[], dib: L1[], dii: L1[], i: L0[_3057_], put: L1[] -> V0 -> L0[_3058_] -> L1[]
b: L0[_3059_], chain: L1[_3060_] -> V0 -> L1[_3061_], dbb: L1[_3062_], dbi: L1[_3063_], dib: L1[_3064_], dii: L1[_3065_], i: L0[_3066_], put: L1[_3067_] -> V0 -> L0[_3068_] -> L1[_3069_]
b: L0[], chain: L0[] -> V0 -> L0[], dbb: L0[], dbi: L0[], dib: L0[], dii: L0[], i: L0[], put: L0[] -> L0[] -> V0 -> V0
b: L0[_3070_], chain: L0[_3071_] -> V0 -> L0[_3072_], dbb: L0[_3073_], dbi: L0[_3074_], dib: L0[_3075_], dii: L0[_3076_], i: L0[_3077_], put: L0[_3078_] -> L0[_3079_] -> V0 -> V0
b: L0[], chain: L1[] -> V0 -> L1[], dbb: L1[], dbi: L1[], dib: L1[], dii: L1[], i: L0[], put: L1[] -> L0[] -> V0 -> V1
b: L0[], chain: L1[_3080_] -> V0 -> L1[_3081_], dbb: L1[_3082_], dbi: L1[_3083_], dib: L1[_3084_], dii: L1[_3085_], i: L0[], put: L1[_3086_] -> L0[] -> V0 -> V1
b: L0[_3087_], chain: L1[] -> V0 -> L1[], dbb: L1[], dbi: L1[], dib: L1[], dii: L1[], i: L0[_3088_], put: L1[] -> L0[_3089_] -> V0 -> V1
b: L0[_3090_], chain: L1[_3091_] -> V0 -> L1[_3092_], dbb: L1[_3093_], dbi: L1[_3094_], dib: L1[_3095_], dii: L1[_3096_], i: L0[_3097_], put: L1[_3098_] -> L0[_3099_] -> V0 -> V1
b: L0[], chain: L1[] -> V0 -> L1[], dbb: L1[], dbi: L1[], dib: L1[], dii: L1[], i: L0[], put: L1[] -> L0[] -> V0 -> L1[]
b: L0[], chain: L1[_3100_] -> V0 -> L1[_3101_], dbb: L1[_3102_], dbi: L1[_3103_], dib: L1[_3104_], dii: L1[_3105_], i: L0[], put: L1[_3106_] -> L0[] -> V0 -> L1[_3107_]
b: L0[_3108_], chain: L1[] -> V0 -> L1[], dbb: L1[], dbi: L1[], dib: L1[], dii: L1[], i: L0[_3109_], put: L1[] -> L0[_3110_] -> V0 -> L1[]
b: L0[_3111_], chain: L1[_3112_] -> V0 -> L1[_3113_], dbb: L1[_3114_], dbi: L1[_3115_], dib: L1[_3116_], dii: L1[_3117_], i: L0[_3118_], put: L1[_3119_] -> L0[_3120_] -> V0 -> L1[_3121_]
b: L0[], chain: L1[] -> V0 -> L1[], dbb: L1[], dbi: L1[], dib: L1[], dii: L1[], i: L0[], put: L1[] -> L0[] -> L0[] -> V0
b: L0[], chain: L1[_3122_] -> V0 -> L1[_3123_], dbb: L1[_3124_], dbi: L1[_3125_], dib: L1[_3126_], dii: L1[_3127_], i: L0[], put: L1[_3128_] -> L0[] -> L0[] -> V0
b: L0[_3129_], chain: L1[] -> V0 -> L1[], dbb: L1[], dbi: L1[], dib: L1[], dii: L1[], i: L0[_3130_], put: L1[] -> L0[_3131_] -> L0[_3132_] -> V0
b: L0[_3133_], chain: L1[_3134_] -> V0 -> L1[_3135_], dbb: L1[_3136_], dbi: L1[_3137_], dib: L1[_3138_], dii: L1[_3139_], i: L0[_3140_], put: L1[_3141_] -> L0[_3142_] -> L0[_3143_] -> V0
b: L0[], chain: L1[] -> V0 -> L1[], dbb: L1[], dbi: L1[], dib: L1[], dii: L1[], i: L0[], put: L1[] -> L0[] -> L0[] -> L1[]
b: L0[], chain: L1[_3144_] -> V0 -> L1[_3145_], dbb: L1[_3146_], dbi: L1[_3147_], dib: L1[_3148_], dii: L1[_3149_], i: L0[], put: L1[_3150_] -> L0[] -> L0[] -> L1[_3151_]
b: L0[_3152_], chain: L1[] -> V0 -> L1[], dbb: L1[], dbi: L1[], dib: L1[], dii: L1[], i: L0[_3153_], put: L1[] -> L0[_3154_] -> L0[_3155_] -> L1[]
b: L0[_3156_], chain: L1[_3157_] -> V0 -> L1[_3158_], dbb: L1[_3159_], dbi: L1[_3160_], dib: L1[_3161_], dii: L1[_3162_], i: L0[_3163_], put: L1[_3164_] -> L0[_3165_] -> L0[_3166_] -> L1[_3167_]
b: L0[], chain: L0[] -> L0[] -> V0, dbb: L0[], dbi: L0[], dib: L0[], dii: L0[], i: L0[], put: V0 -> V0 -> V0 -> V0
b: L0[_3168_], chain: L0[_3169_] -> L0[_3170_] -> V0, dbb: L0[_3171_], dbi: L0[_3172_], dib: L0[_3173_], dii: L0[_3174_], i: L0[_3175_], put: V0 -> V0 -> V0 -> V0
b: L0[], chain: L0[] -> L0[] -> V0, dbb: L0[], dbi: L0[], dib: L0[], dii: L0[], i: L0[], put: V0 -> V0 -> V0 -> V1
b: L0[_3176_], chain: L0[_3177_] -> L0[_3178_] -> V0, dbb: L0[_3179_], dbi: L0[_3180_], dib: L0[_3181_], dii: L0[_3182_], i: L0[_3183_], put: V0 -> V0 -> V0 -> V1
b: L0[], chain: L0[] -> L0[] -> V0, dbb: L0[], dbi: L0[], dib: L0[], dii: L0[], i: L0[], put: V0 -> V0 -> V0 -> L0[]
b: L0[_3184_], chain: L0[_3185_] -> L0[_3186_] -> V0, dbb: L0[_3187_], dbi: L0[_3188_], dib: L0[_3189_], dii: L0[_3190_], i: L0[_3191_], put: V0 -> V0 -> V0 -> L0[_3192_]
b: L0[], chain: L0[] -> L0[] -> V0, dbb: L0[], dbi: L0[], dib: L0[], dii: L0[], i: L0[], put: V0 -> V0 -> L0[] -> V0
b: L0[_3193_], chain: L0[_3194_] -> L0[_3195_] -> V0, dbb: L0[_3196_], dbi: L0[_3197_], dib: L0[_3198_], dii: L0[_3199_], i: L0[_3200_], put: V0 -> V0 -> L0[_3201_] -> V0
b: L0[], chain: L0[] -> L0[] -> V0, dbb: L0[], dbi: L0[], dib: L0[], dii: L0[], i: L0[], put: V0 -> V0 -> L0[] -> V1
b: L0[_3202_], chain: L0[_3203_] -> L0[_3204_] -> V0, dbb: L0[_3205_], dbi: L0[_3206_], dib: L0[_3207_], dii: L0[_3208_], i: L0[_3209_], put: V0 -> V0 -> L0[_3210_] -> V1
b: L0[], chain: L0[] -> L0[] -> V0, dbb: L0[], dbi: L0[], dib: L0[], dii: L0[], i: L0[], put: V0 -> V0 -> L0[] -> L0[]
b: L0[_3211_], chain: L0[_3212_] -> L0[_3213_] -> V0, dbb: L0[_3214_], dbi: L0[_3215_], dib: L0[_3216_], dii: L0[_3217_], i: L0[_3218_], put: V0 -> V0 -> L0[_3219_] -> L0[_3220_]
b: L0[], chain: L0[] -> L0[] -> V0, dbb: L0[], dbi: L0[], dib: L0[], dii: L0[], i: L0[], put: V0 -> L0[] -> V0 -> V0
b: L0[_3221_], chain: L0[_3222_] -> L0[_3223_] -> V0, dbb: L0[_3224_], dbi: L0[_3225_], dib: L0[_3226_], dii: L0[_3227_], i: L0[_3228_], put: V0 -> L0[_3229_] -> V0 -> V0
b: L0[], chain: L0[] -> L0[] -> V0, dbb: L0[], dbi: L0[], dib: L0[], dii: L0[], i: L0[], put: V0 -> L0[] -> V0 -> V1
b: L0[_3230_], chain: L0[_3231_] -> L0[_3232_] -> V0, dbb: L0[_3233_], dbi: L0[_3234_], dib: L0[_3235_], dii: L0[_3236_], i: L0[_3237_], put: V0 -> L0[_3238_] -> V0 -> V1
b: L0[], chain: L0[] -> L0[] -> V0, dbb: L0[], dbi: L0[], dib: L0[], dii: L0[], i: L0[], put: V0 -> L0[] -> V0 -> L0[]
b: L0[_3239_], chain: L0[_3240_] -> L0[_3241_] -> V0, dbb: L0[_3242_], dbi: L0[_3243_], dib: L0[_3244_], dii: L0[_3245_], i: L0[_3246_], put: V0 -> L0[_3247_] -> V0 -> L0[_3248_]
b: L0[], chain: L1[] -> L1[] -> V0, dbb: L1[], dbi: L1[], dib: L1[], dii: L1[], i: L0[], put: V0 -> L0[] -> L0[] -> V0
b: L0[], chain: L1[_3249_] -> L1[_3250_] -> V0, dbb: L1[_3251_], dbi: L1[_3252_], dib: L1[_3253_], dii: L1[_3254_], i: L0[], put: V0 -> L0[] -> L0[] -> V0
b: L0[_3255_], chain: L1[] -> L1[] -> V0, dbb: L1[], dbi: L1[], dib: L1[], dii: L1[], i: L0[_3256_], put: V0 -> L0[_3257_] -> L0[_3258_] -> V0
b: L0[_3259_], chain: L1[_3260_] -> L1[_3261_] -> V0, dbb: L1[_3262_], dbi: L1[_3263_], dib: L1[_3264_], dii: L1[_3265_], i: L0[_3266_], put: V0 -> L0[_3267_] -> L0[_3268_] -> V0
b: L0[], chain: L1[] -> L1[] -> V0, dbb: L1[], dbi: L1[], dib: L1[], dii: L1[], i: L0[], put: V0 -> L0[] -> L0[] -> V1
b: L0[], chain: L1[_3269_] -> L1[_3270_] -> V0, dbb: L1[_3271_], dbi: L1[_3272_], dib: L1[_3273_], dii: L1[_3274_], i: L0[], put: V0 -> L0[] -> L0[] -> V1
b: L0[_3275_], chain: L1[] -> L1[] -> V0, dbb: L1[], dbi: L1[], dib: L1[], dii: L1[], i: L0[_3276_], put: V0 -> L0[_3277_] -> L0[_3278_] -> V1
b: L0[_3279_], chain: L1[_3280_] -> L1[_3281_] -> V0, dbb: L1[_3282_], dbi: L1[_3283_], dib: L1[_3284_], dii: L1[_3285_], i: L0[_3286_], put: V0 -> L0[_3287_] -> L0[_3288_] -> V1
b: L0[], chain: L1[] -> L1[] -> V0, dbb: L1[], dbi: L1[], dib: L1[], dii: L1[], i: L0[], put: V0 -> L0[] -> L0[] -> L1[]
b: L0[], chain: L1[_3289_] -> L1[_3290_] -> V0, dbb: L1[_3291_], dbi: L1[_3292_], dib: L1[_3293_], dii: L1[_3294_], i: L0[], put: V0 -> L0[] -> L0[] -> L1[_3295_]
b: L0[_3296_], chain: L1[] -> L1[] -> V0, dbb: L1[], dbi: L1[], dib: L1[], dii: L1[], i: L0[_3297_], put: V0 -> L0[_3298_] -> L0[_3299_] -> L1[]
b: L0[_3300_], chain: L1[_3301_] -> L1[_3302_] -> V0, dbb: L1[_3303_], dbi: L1[_3304_], dib: L1[_3305_], dii: L1[_3306_], i: L0[_3307_], put: V0 -> L0[_3308_] -> L0[_3309_] -> L1[_3310_]
b: L0[], chain: L0[] -> L0[] -> V0, dbb: L0[], dbi: L0[], dib: L0[], dii: L0[], i: L0[], put: L0[] -> V0 -> V0 -> V0
b: L0[_3311_], chain: L0[_3312_] -> L0[_3313_] -> V0, dbb: L0[_3314_], dbi: L0[_3315_], dib: L0[_3316_], dii: L0[_3317_], i: L0[_3318_], put: L0[_3319_] -> V0 -> V0 -> V0
b: L0[], chain: L1[] -> L1[] -> V0, dbb: L1[], dbi: L1[], dib: L1[], dii: L1[], i: L0[], put: L1[] -> V0 -> V0 -> V1
b: L0[], chain: L1[_3320_] -> L1[_3321_] -> V0, dbb: L1[_3322_], dbi: L1[_3323_], dib: L1[_3324_], dii: L1[_3325_], i: L0[], put: L1[_3326_] -> V0 -> V0 -> V1
b: L0[], chain: L0[] -> L0[] -> V0, dbb: L0[], dbi: L0[], dib: L0[], dii: L0[], i: L0[], put: L0[] -> V0 -> V1 -> V0
b: L0[_3327_], chain: L0[_3328_] -> L0[_3329_] -> V0, dbb: L0[_3330_], dbi: L0[_3331_], dib: L0[_3332_], dii: L0[_3333_], i: L0[_3334_], put: L0[_3335_] -> V0 -> V1 -> V0
b: L0[_3336_, _3337_], chain: L0[_3338_, _3339_] -> L0[_3340_, _3341_] -> V0, dbb: L0[_3342_, _3343_], dbi: L0[_3344_, _3345_], dib: L0[_3346_, _3347_], dii: L0[_3348_, _3349_], i: L0[_3350_, _3351_], put: L0[_3352_, _3353_] -> V0 -> V1 -> V0
b: L0[], chain: L0[] -> L0[] -> V0, dbb: L0[], dbi: L0[], dib: L0[], dii: L0[], i: L0[], put: L0[] -> V0 -> V1 -> V1
b: L0[_3354_], chain: L0[_3355_] -> L0[_3356_] -> V0, dbb: L0[_3357_], dbi: L0[_3358_], dib: L0[_3359_], dii: L0[_3360_], i: L0[_3361_], put: L0[_3362_] -> V0 -> V1 -> V1
b: L0[_3363_, _3364_], chain: L0[_3365_, _3366_] -> L0[_3367_, _3368_] -> V0, dbb: L0[_3369_, _3370_], dbi: L0[_3371_, _3372_], dib: L0[_3373_, _3374_], dii: L0[_3375_, _3376_], i: L0[_3377_, _3378_], put: L0[_3379_, _3380_] -> V0 -> V1 -> V1
b: L0[], chain: L1[] -> L1[] -> V0, dbb: L1[], dbi: L1[], dib: L1[], dii: L1[], i: L7[], put: L1[] -> V0 -> V1 -> V2
b: L0[], chain: L1[_3381_] -> L1[_3382_] -> V0, dbb: L1[_3383_], dbi: L1[_3384_], dib: L1[_3385_], dii: L1[_3386_], i: L7[], put: L1[_3387_] -> V0 -> V1 -> V2
b: L0[], chain: L1[_3388_, _3389_] -> L1[_3390_, _3391_] -> V0, dbb: L1[_3392_, _3393_], dbi: L1[_3394_, _3395_], dib: L1[_3396_, _3397_], dii: L1[_3398_, _3399_], i: L7[], put: L1[_3400_, _3401_] -> V0 -> V1 -> V2
b: L0[], chain: L1[] -> L1[] -> V0, dbb: L1[], dbi: L1[], dib: L1[], dii: L1[], i: L0[], put: L1[] -> V0 -> V0 -> L1[]
b: L0[], chain: L1[_3402_] -> L1[_3403_] -> V0, dbb: L1[_3404_], dbi: L1[_3405_], dib: L1[_3406_], dii: L1[_3407_], i: L0[], put: L1[_3408_] -> V0 -> V0 -> L1[_3409_]
b: L0[], chain: L1[] -> L1[] -> V0, dbb: L1[], dbi: L1[], dib: L1[], dii: L1[], i: L7[], put: L1[] -> V0 -> V1 -> L1[]
b: L0[], chain: L1[_3410_] -> L1[_3411_] -> V0, dbb: L1[_3412_], dbi: L1[_3413_], dib: L1[_3414_], dii: L1[_3415_], i: L7[], put: L1[_3416_] -> V0 -> V1 -> L1[_3417_]
b: L0[], chain: L1[_3418_, _3419_] -> L1[_3420_, _3421_] -> V0, dbb: L1[_3422_, _3423_], dbi: L1[_3424_, _3425_], dib: L1[_3426_, _3427_], dii: L1[_3428_, _3429_], i: L7[], put: L1[_3430_, _3431_] -> V0 -> V1 -> L1[_3432_, _3433_]
b: L0[], chain: L0[] -> L0[] -> V0, dbb: L0[], dbi: L0[], dib: L0[], dii: L0[], i: L0[], put: L0[] -> V0 -> L0[] -> V0
b: L0[_3434_], chain: L0[_3435_] -> L0[_3436_] -> V0, dbb: L0[_3437_], dbi: L0[_3438_], dib: L0[_3439_], dii: L0[_3440_], i: L0[_3441_], put: L0[_3442_] -> V0 -> L0[_3443_] -> V0
b: L0[], chain: L1[] -> L1[] -> V0, dbb: L1[], dbi: L1[], dib: L1[], dii: L1[], i: L0[], put: L1[] -> V0 -> L0[] -> V1
b: L0[], chain: L1[_3444_] -> L1[_3445_] -> V0, dbb: L1[_3446_], dbi: L1[_3447_], dib: L1[_3448_], dii: L1[_3449_], i: L0[], put: L1[_3450_] -> V0 -> L0[] -> V1
b: L0[_3451_], chain: L1[] -> L1[] -> V0, dbb: L1[], dbi: L1[], dib: L1[], dii: L1[], i: L0[_3452_], put: L1[] -> V0 -> L0[_3453_] -> V1
b: L0[_3454_], chain: L1[_3455_] -> L1[_3456_] -> V0, dbb: L1[_3457_], dbi: L1[_3458_], dib: L1[_3459_], dii: L1[_3460_], i: L0[_3461_], put: L1[_3462_] -> V0 -> L0[_3463_] -> V1
b: L0[], chain: L1[] -> L1[] -> V0, dbb: L1[], dbi: L1[], dib: L1[], dii: L1[], i: L0[], put: L1[] -> V0 -> L0[] -> L1[]
b: L0[], chain: L1[_3464_] -> L1[_3465_] -> V0, dbb: L1[_3466_], dbi: L1[_3467_], dib: L1[_3468_], dii: L1[_3469_], i: L0[], put: L1[_3470_] -> V0 -> L0[] -> L1[_3471_]
b: L0[_3472_], chain: L1[] -> L1[] -> V0, dbb: L1[], dbi: L1[], dib: L1[], dii: L1[], i: L0[_3473_], put: L1[] -> V0 -> L0[_3474_] -> L1[]
b: L0[_3475_], chain: L1[_3476_] -> L1[_3477_] -> V0, dbb: L1[_3478_], dbi: L1[_3479_], dib: L1[_3480_], dii: L1[_3481_], i: L0[_3482_], put: L1[_3483_] -> V0 -> L0[_3484_] -> L1[_3485_]
b: L0[], chain: L0[] -> L0[] -> V0, dbb: L0[], dbi: L0[], dib: L0[], dii: L0[], i: L0[], put: L0[] -> L0[] -> V0 -> V0
b: L0[_3486_], chain: L0[_3487_] -> L0[_3488_] -> V0, dbb: L0[_3489_], dbi: L0[_3490_], dib: L0[_3491_], dii: L0[_3492_], i: L0[_3493_], put: L0[_3494_] -> L0[_3495_] -> V0 -> V0
b: L0[], chain: L1[] -> L1[] -> V0, dbb: L1[], dbi: L1[], dib: L1[], dii: L1[], i: L0[], put: L1[] -> L0[] -> V0 -> V1
b: L0[], chain: L1[_3496_] -> L1[_3497_] -> V0, dbb: L1[_3498_], dbi: L1[_3499_], dib: L1[_3500_], dii: L1[_3501_], i: L0[], put: L1[_3502_] -> L0[] -> V0 -> V1
b: L0[_3503_], chain: L1[] -> L1[] -> V0, dbb: L1[], dbi: L1[], dib: L1[], dii: L1[], i: L0[_3504_], put: L1[] -> L0[_3505_] -> V0 -> V1
b: L0[_3506_], chain: L1[_3507_] -> L1[_3508_] -> V0, dbb: L1[_3509_], dbi: L1[_3510_], dib: L1[_3511_], dii: L1[_3512_], i: L0[_3513_], put: L1[_3514_] -> L0[_3515_] -> V0 -> V1
b: L0[], chain: L1[] -> L1[] -> V0, dbb: L1[], dbi: L1[], dib: L1[], dii: L1[], i: L0[], put: L1[] -> L0[] -> V0 -> L1[]
b: L0[], chain: L1[_3516_] -> L1[_3517_] -> V0, dbb: L1[_3518_], dbi: L1[_3519_], dib: L1[_3520_], dii: L1[_3521_], i: L0[], put: L1[_3522_] -> L0[] -> V0 -> L1[_3523_]
b: L0[_3524_], chain: L1[] -> L1[] -> V0, dbb: L1[], dbi: L1[], dib: L1[], dii: L1[], i: L0[_3525_], put: L1[] -> L0[_3526_] -> V0 -> L1[]
b: L0[_3527_], chain: L1[_3528_] -> L1[_3529_] -> V0, dbb: L1[_3530_], dbi: L1[_3531_], dib: L1[_3532_], dii: L1[_3533_], i: L0[_3534_], put: L1[_3535_] -> L0[_3536_] -> V0 -> L1[_3537_]
b: L0[], chain: L1[] -> L1[] -> V0, dbb: L1[], dbi: L1[], dib: L1[], dii: L1[], i: L0[], put: L1[] -> L0[] -> L0[] -> V0
b: L0[], chain: L1[_3538_] -> L1[_3539_] -> V0, dbb: L1[_3540_], dbi: L1[_3541_], dib: L1[_3542_], dii: L1[_3543_], i: L0[], put: L1[_3544_] -> L0[] -> L0[] -> V0
b: L0[_3545_], chain: L1[] -> L1[] -> V0, dbb: L1[], dbi: L1[], dib: L1[], dii: L1[], i: L0[_3546_], put: L1[] -> L0[_3547_] -> L0[_3548_] -> V0
b: L0[_3549_], chain: L1[_3550_] -> L1[_3551_] -> V0, dbb: L1[_3552_], dbi: L1[_3553_], dib: L1[_3554_], dii: L1[_3555_], i: L0[_3556_], put: L1[_3557_] -> L0[_3558_] -> L0[_3559_] -> V0
b: L0[], chain: L1[] -> L1[] -> V0, dbb: L1[], dbi: L1[], dib: L1[], dii: L1[], i: L0[], put: L1[] -> L0[] -> L0[] -> L1[]
b: L0[], chain: L1[_3560_] -> L1[_3561_] -> V0, dbb: L1[_3562_], dbi: L1[_3563_], dib: L1[_3564_], dii: L1[_3565_], i: L0[], put: L1[_3566_] -> L0[] -> L0[] -> L1[_3567_]
b: L0[_3568_], chain: L1[] -> L1[] -> V0, dbb: L1[], dbi: L1[], dib: L1[], dii: L1[], i: L0[_3569_], put: L1[] -> L0[_3570_] -> L0[_3571_] -> L1[]
b: L0[_3572_], chain: L1[_3573_] -> L1[_3574_] -> V0, dbb: L1[_3575_], dbi: L1[_3576_], dib: L1[_3577_], dii: L1[_3578_], i: L0[_3579_], put: L1[_3580_] -> L0[_3581_] -> L0[_3582_] -> L1[_3583_]
b: L0[], chain: L0[] -> L0[] -> L0[], dbb: L0[], dbi: L0[], dib: L0[], dii: L0[], i: L0[], put: V0 -> V0 -> V0 -> V0
b: L0[_3584_], chain: L0[_3585_] -> L0[_3586_] -> L0[_3587_], dbb: L0[_3588_], dbi: L0[_3589_], dib: L0[_3590_], dii: L0[_3591_], i: L0[_3592_], put: V0 -> V0 -> V0 -> V0
b: L0[], chain: L0[] -> L0[] -> L0[], dbb: L0[], dbi: L0[], dib: L0[], dii: L0[], i: L0[], put: V0 -> V0 -> V0 -> V1
b: L0[_3593_], chain: L0[_3594_] -> L0[_3595_] -> L0[_3596_], dbb: L0[_3597_], dbi: L0[_3598_], dib: L0[_3599_], dii: L0[_3600_], i: L0[_3601_], put: V0 -> V0 -> V0 -> V1
b: L0[], chain: L0[] -> L0[] -> L0[], dbb: L0[], dbi: L0[], dib: L0[], dii: L0[], i: L0[], put: V0 -> V0 -> V0 -> L0[]
b: L0[_3602_], chain: L0[_3603_] -> L0[_3604_] -> L0[_3605_], dbb: L0[_3606_], dbi: L0[_3607_], dib: L0[_3608_], dii: L0[_3609_], i: L0[_3610_], put: V0 -> V0 -> V0 -> L0[_3611_]
b: L0[], chain: L0[] -> L0[] -> L0[], dbb: L0[], dbi: L0[], dib: L0[], dii: L0[], i: L0[], put: V0 -> V0 -> L0[] -> V0
b: L0[_3612_], chain: L0[_3613_] -> L0[_3614_] -> L0[_3615_], dbb: L0[_3616_], dbi: L0[_3617_], dib: L0[_3618_], dii: L0[_3619_], i: L0[_3620_], put: V0 -> V0 -> L0[_3621_] -> V0
b: L0[], chain: L0[] -> L0[] -> L0[], dbb: L0[], dbi: L0[], dib: L0[], dii: L0[], i: L0[], put: V0 -> V0 -> L0[] -> V1
b: L0[_3622_], chain: L0[_3623_] -> L0[_3624_] -> L0[_3625_], dbb: L0[_3626_], dbi: L0[_3627_], dib: L0[_3628_], dii: L0[_3629_], i: L0[_3630_], put: V0 -> V0 -> L0[_3631_] -> V1
b: L0[], chain: L0[] -> L0[] -> L0[], dbb: L0[], dbi: L0[], dib: L0[], dii: L0[], i: L0[], put: V0 -> V0 -> L0[] -> L0[]
b: L0[_3632_], chain: L0[_3633_] -> L0[_3634_] -> L0[_3635_], dbb: L0[_3636_], dbi: L0[_3637_], dib: L0[_3638_], dii: L0[_3639_], i: L0[_3640_], put: V0 -> V0 -> L0[_3641_] -> L0[_3642_]
b: L0[], chain: L0[] -> L0[] -> L0[], dbb: L0[], dbi: L0[], dib: L0[], dii: L0[], i: L0[], put: V0 -> L0[] -> V0 -> V0
b: L0[_3643_], chain: L0[_3644_] -> L0[_3645_] -> L0[_3646_], dbb: L0[_3647_], dbi: L0[_3648_], dib: L0[_3649_], dii: L0[_3650_], i: L0[_3651_], put: V0 -> L0[_3652_] -> V0 -> V0
b: L0[], chain: L0[] -> L0[] -> L0[], dbb: L0[], dbi: L0[], dib: L0[], dii: L0[], i: L0[], put: V0 -> L0[] -> V0 -> V1
b: L0[_3653_], chain: L0[_3654_] -> L0[_3655_] -> L0[_3656_], dbb: L0[_3657_], dbi: L0[_3658_], dib: L0[_3659_], dii: L0[_3660_], i: L0[_3661_], put: V0 -> L0[_3662_] -> V0 -> V1
b: L0[], chain: L0[] -> L0[] -> L0[], dbb: L0[], dbi: L0[], dib: L0[], dii: L0[], i: L0[], put: V0 -> L0[] -> V0 -> L0[]
b: L0[_3663_], chain: L0[_3664_] -> L0[_3665_] -> L0[_3666_], dbb: L0[_3667_], dbi: L0[_3668_], dib: L0[_3669_], dii: L0[_3670_], i: L0[_3671_], put: V0 -> L0[_3672_] -> V0 -> L0[_3673_]
b: L0[], chain: L1[] -> L1[] -> L1[], dbb: L1[], dbi: L1[], dib: L1[], dii: L1[], i: L0[], put: V0 -> L0[] -> L0[] -> V0
b: L0[], chain: L1[_3674_] -> L1[_3675_] -> L1[_3676_], dbb: L1[_3677_], dbi: L1[_3678_], dib: L1[_3679_], dii: L1[_3680_], i: L0[], put: V0 -> L0[] -> L0[] -> V0
b: L0[_3681_], chain: L1[] -> L1[] -> L1[], dbb: L1[], dbi: L1[], dib: L1[], dii: L1[], i: L0[_3682_], put: V0 -> L0[_3683_] -> L0[_3684_] -> V0
b: L0[_3685_], chain: L1[_3686_] -> L1[_3687_] -> L1[_3688_], dbb: L1[_3689_], dbi: L1[_3690_], dib: L1[_3691_], dii: L1[_3692_], i: L0[_3693_], put: V0 -> L0[_3694_] -> L0[_3695_] -> V0
b: L0[], chain: L1[] -> L1[] -> L1[], dbb: L1[], dbi: L1[], dib: L1[], dii: L1[], i: L0[], put: V0 -> L0[] -> L0[] -> V1
b: L0[], chain: L1[_3696_] -> L1[_3697_] -> L1[_3698_], dbb: L1[_3699_], dbi: L1[_3700_], dib: L1[_3701_], dii: L1[_3702_], i: L0[], put: V0 -> L0[] -> L0[] -> V1
b: L0[_3703_], chain: L1[] -> L1[] -> L1[], dbb: L1[], dbi: L1[], dib: L1[], dii: L1[], i: L0[_3704_], put: V0 -> L0[_3705_] -> L0[_3706_] -> V1
b: L0[_3707_], chain: L1[_3708_] -> L1[_3709_] -> L1[_3710_], dbb: L1[_3711_], dbi: L1[_3712_], dib: L1[_3713_], dii: L1[_3714_], i: L0[_3715_], put: V0 -> L0[_3716_] -> L0[_3717_] -> V1
b: L0[], chain: L1[] -> L1[] -> L1[], dbb: L1[], dbi: L1[], dib: L1[], dii: L1[], i: L0[], put: V0 -> L0[] -> L0[] -> L1[]
b: L0[], chain: L1[_3718_] -> L1[_3719_] -> L1[_3720_], dbb: L1[_3721_], dbi: L1[_3722_], dib: L1[_3723_], dii: L1[_3724_], i: L0[], put: V0 -> L0[] -> L0[] -> L1[_3725_]
b: L0[_3726_], chain: L1[] -> L1[] -> L1[], dbb: L1[], dbi: L1[], dib: L1[], dii: L1[], i: L0[_3727_], put: V0 -> L0[_3728_] -> L0[_3729_] -> L1[]
b: L0[_3730_], chain: L1[_3731_] -> L1[_3732_] -> L1[_3733_], dbb: L1[_3734_], dbi: L1[_3735_], dib: L1[_3736_], dii: L1[_3737_], i: L0[_3738_], put: V0 -> L0[_3739_] -> L0[_3740_] -> L1[_3741_]
b: L0[], chain: L0[] -> L0[] -> L0[], dbb: L0[], dbi: L0[], dib: L0[], dii: L0[], i: L0[], put: L0[] -> V0 -> V0 -> V0
b: L0[_3742_], chain: L0[_3743_] -> L0[_3744_] -> L0[_3745_], dbb: L0[_3746_], dbi: L0[_3747_], dib: L0[_3748_], dii: L0[_3749_], i: L0[_3750_], put: L0[_3751_] -> V0 -> V0 -> V0
b: L0[], chain: L1[] -> L1[] -> L1[], dbb: L1[], dbi: L1[], dib: L1[], dii: L1[], i: L0[], put: L1[] -> V0 -> V0 -> V1
b: L0[], chain: L1[_3752_] -> L1[_3753_] -> L1[_3754_], dbb: L1[_3755_], dbi: L1[_3756_], dib: L1[_3757_], dii: L1[_3758_], i: L0[], put: L1[_3759_] -> V0 -> V0 -> V1
b: L0[], chain: L0[] -> L0[] -> L0[], dbb: L0[], dbi: L0[], dib: L0[], dii: L0[], i: L0[], put: L0[] -> V0 -> V1 -> V0
b: L0[_3760_], chain: L0[_3761_] -> L0[_3762_] -> L0[_3763_], dbb: L0[_3764_], dbi: L0[_3765_], dib: L0[_3766_], dii: L0[_3767_], i: L0[_3768_], put: L0[_3769_] -> V0 -> V1 -> V0
b: L0[_3770_, _3771_], chain: L0[_3772_, _3773_] -> L0[_3774_, _3775_] -> L0[_3776_, _3777_], dbb: L0[_3778_, _3779_], dbi: L0[_3780_, _3781_], dib: L0[_3782_, _3783_], dii: L0[_3784_, _3785_], i: L0[_3786_, _3787_], put: L0[_3788_, _3789_] -> V0 -> V1 -> V0
b: L0[], chain: L0[] -> L0[] -> L0[], dbb: L0[], dbi: L0[], dib: L0[], dii: L0[], i: L0[], put: L0[] -> V0 -> V1 -> V1
b: L0[_3790_], chain: L0[_3791_] -> L0[_3792_] -> L0[_3793_], dbb: L0[_3794_], dbi: L0[_3795_], dib: L0[_3796_], dii: L0[_3797_], i: L0[_3798_], put: L0[_3799_] -> V0 -> V1 -> V1
b: L0[_3800_, _3801_], chain: L0[_3802_, _3803_] -> L0[_3804_, _3805_] -> L0[_3806_, _3807_], dbb: L0[_3808_, _3809_], dbi: L0[_3810_, _3811_], dib: L0[_3812_, _3813_], dii: L0[_3814_, _3815_], i: L0[_3816_, _3817_], put: L0[_3818_, _3819_] -> V0 -> V1 -> V1
b: L0[], chain: L1[] -> L1[] -> L1[], dbb: L1[], dbi: L1[], dib: L1[], dii: L1[], i: L8[], put: L1[] -> V0 -> V1 -> V2
b: L0[], chain: L1[_3820_] -> L1[_3821_] -> L1[_3822_], dbb: L1[_3823_], dbi: L1[_3824_], dib: L1[_3825_], dii: L1[_3826_], i: L8[], put: L1[_3827_] -> V0 -> V1 -> V2
b: L0[], chain: L1[_3828_, _3829_] -> L1[_3830_, _3831_] -> L1[_3832_, _3833_], dbb: L1[_3834_, _3835_], dbi: L1[_3836_, _3837_], dib: L1[_3838_, _3839_], dii: L1[_3840_, _3841_], i: L8[], put: L1[_3842_, _3843_] -> V0 -> V1 -> V2
b: L0[], chain: L1[] -> L1[] -> L1[], dbb: L1[], dbi: L1[], dib: L1[], dii: L1[], i: L0[], put: L1[] -> V0 -> V0 -> L1[]
b: L0[], chain: L1[_3844_] -> L1[_3845_] -> L1[_3846_], dbb: L1[_3847_], dbi: L1[_3848_], dib: L1[_3849_], dii: L1[_3850_], i: L0[], put: L1[_3851_] -> V0 -> V0 -> L1[_3852_]
b: L0[], chain: L1[] -> L1[] -> L1[], dbb: L1[], dbi: L1[], dib: L1[], dii: L1[], i: L8[], put: L1[] -> V0 -> V1 -> L1[]
b: L0[], chain: L1[_3853_] -> L1[_3854_] -> L1[_3855_], dbb: L1[_3856_], dbi: L1[_3857_], dib: L1[_3858_], dii: L1[_3859_], i: L8[], put: L1[_3860_] -> V0 -> V1 -> L1[_3861_]
b: L0[], chain: L1[_3862_, _3863_] -> L1[_3864_, _3865_] -> L1[_3866_, _3867_], dbb: L1[_3868_, _3869_], dbi: L1[_3870_, _3871_], dib: L1[_3872_, _3873_], dii: L1[_3874_, _3875_], i: L8[], put: L1[_3876_, _3877_] -> V0 -> V1 -> L1[_3878_, _3879_]
b: L0[], chain: L0[] -> L0[] -> L0[], dbb: L0[], dbi: L0[], dib: L0[], dii: L0[], i: L0[], put: L0[] -> V0 -> L0[] -> V0
b: L0[_3880_], chain: L0[_3881_] -> L0[_3882_] -> L0[_3883_], dbb: L0[_3884_], dbi: L0[_3885_], dib: L0[_3886_], dii: L0[_3887_], i: L0[_3888_], put: L0[_3889_] -> V0 -> L0[_3890_] -> V0
b: L0[], chain: L1[] -> L1[] -> L1[], dbb: L1[], dbi: L1[], dib: L1[], dii: L1[], i: L0[], put: L1[] -> V0 -> L0[] -> V1
b: L0[], chain: L1[_3891_] -> L1[_3892_] -> L1[_3893_], dbb: L1[_3894_], dbi: L1[_3895_], dib: L1[_3896_], dii: L1[_3897_], i: L0[], put: L1[_3898_] -> V0 -> L0[] -> V1
b: L0[_3899_], chain: L1[] -> L1[] -> L1[], dbb: L1[], dbi: L1[], dib: L1[], dii: L1[], i: L0[_3900_], put: L1[] -> V0 -> L0[_3901_] -> V1
b: L0[_3902_], chain: L1[_3903_] -> L1[_3904_] -> L1[_3905_], dbb: L1[_3906_], dbi: L1[_3907_], dib: L1[_3908_], dii: L1[_3909_], i: L0[_3910_], put: L1[_3911_] -> V0 -> L0[_3912_] -> V1
b: L0[], chain: L1[] -> L1[] -> L1[], dbb: L1[], dbi: L1[], dib: L1[], dii: L1[], i: L0[], put: L1[] -> V0 -> L0[] -> L1[]
b: L0[], chain: L1[_3913_] -> L1[_3914_] -> L1[_3915_], dbb: L1[_3916_], dbi: L1[_3917_], dib: L1[_3918_], dii: L1[_3919_], i: L0[], put: L1[_3920_] -> V0 -> L0[] -> L1[_3921_]
b: L0[_3922_], chain: L1[] -> L1[] -> L1[], dbb: L1[], dbi: L1[], dib: L1[], dii: L1[], i: L0[_3923_], put: L1[] -> V0 -> L0[_3924_] -> L1[]
b: L0[_3925_], chain: L1[_3926_] -> L1[_3927_] -> L1[_3928_], dbb: L1[_3929_], dbi: L1[_3930_], dib: L1[_3931_], dii: L1[_3932_], i: L0[_3933_], put: L1[_3934_] -> V0 -> L0[_3935_] -> L1[_3936_]
b: L0[], chain: L0[] -> L0[] -> L0[], dbb: L0[], dbi: L0[], dib: L0[], dii: L0[], i: L0[], put: L0[] -> L0[] -> V0 -> V0
b: L0[_3937_], chain: L0[_3938_] -> L0[_3939_] -> L0[_3940_], dbb: L0[_3941_], dbi: L0[_3942_], dib: L0[_3943_], dii: L0[_3944_], i: L0[_3945_], put: L0[_3946_] -> L0[_3947_] -> V0 -> V0
b: L0[], chain: L1[] -> L1[] -> L1[], dbb: L1[], dbi: L1[], dib: L1[], dii: L1[], i: L0[], put: L1[] -> L0[] -> V0 -> V1
b: L0[], chain: L1[_3948_] -> L1[_3949_] -> L1[_3950_], dbb: L1[_3951_], dbi: L1[_3952_], dib: L1[_3953_], dii: L1[_3954_], i: L0[], put: L1[_3955_] -> L0[] -> V0 -> V1
b: L0[_3956_], chain: L1[] -> L1[] -> L1[], dbb: L1[], dbi: L1[], dib: L1[], dii: L1[], i: L0[_3957_], put: L1[] -> L0[_3958_] -> V0 -> V1
b: L0[_3959_], chain: L1[_3960_] -> L1[_3961_] -> L1[_3962_], dbb: L1[_3963_], dbi: L1[_3964_], dib: L1[_3965_], dii: L1[_3966_], i: L0[_3967_], put: L1[_3968_] -> L0[_3969_] -> V0 -> V1
b: L0[], chain: L1[] -> L1[] -> L1[], dbb: L1[], dbi: L1[], dib: L1[], dii: L1[], i: L0[], put: L1[] -> L0[] -> V0 -> L1[]
b: L0[], chain: L1[_3970_] -> L1[_3971_] -> L1[_3972_], dbb: L1[_3973_], dbi: L1[_3974_], dib: L1[_3975_], dii: L1[_3976_], i: L0[], put: L1[_3977_] -> L0[] -> V0 -> L1[_3978_]
b: L0[_3979_], chain: L1[] -> L1[] -> L1[], dbb: L1[], dbi: L1[], dib: L1[], dii: L1[], i: L0[_3980_], put: L1[] -> L0[_3981_] -> V0 -> L1[]
b: L0[_3982_], chain: L1[_3983_] -> L1[_3984_] -> L1[_3985_], dbb: L1[_3986_], dbi: L1[_3987_], dib: L1[_3988_], dii: L1[_3989_], i: L0[_3990_], put: L1[_3991_] -> L0[_3992_] -> V0 -> L1[_3993_]
b: L0[], chain: L1[] -> L1[] -> L1[], dbb: L1[], dbi: L1[], dib: L1[], dii: L1[], i: L0[], put: L1[] -> L0[] -> L0[] -> V0
b: L0[], chain: L1[_3994_] -> L1[_3995_] -> L1[_3996_], dbb: L1[_3997_], dbi: L1[_3998_], dib: L1[_3999_], dii: L1[_4000_], i: L0[], put: L1[_4001_] -> L0[] -> L0[] -> V0
b: L0[_4002_], chain: L1[] -> L1[] -> L1[], dbb: L1[], dbi: L1[], dib: L1[], dii: L1[], i: L0[_4003_], put: L1[] -> L0[_4004_] -> L0[_4005_] -> V0
b: L0[_4006_], chain: L1[_4007_] -> L1[_4008_] -> L1[_4009_], dbb: L1[_4010_], dbi: L1[_4011_], dib: L1[_4012_], dii: L1[_4013_], i: L0[_4014_], put: L1[_4015_] -> L0[_4016_] -> L0[_4017_] -> V0
b: L0[], chain: L1[] -> L1[] -> L1[], dbb: L1[], dbi: L1[], dib: L1[], dii: L1[], i: L0[], put: L1[] -> L0[] -> L0[] -> L1[]
b: L0[], chain: L1[_4018_] -> L1[_4019_] -> L1[_4020_], dbb: L1[_4021_], dbi: L1[_4022_], dib: L1[_4023_], dii: L1[_4024_], i: L0[], put: L1[_4025_] -> L0[] -> L0[] -> L1[_4026_]
b: L0[_4027_], chain: L1[] -> L1[] -> L1[], dbb: L1[], dbi: L1[], dib: L1[], dii: L1[], i: L0[_4028_], put: L1[] -> L0[_4029_] -> L0[_4030_] -> L1[]
b: L0[_4031_], chain: L1[_4032_] -> L1[_4033_] -> L1[_4034_], dbb: L1[_4035_], dbi: L1[_4036_], dib: L1[_4037_], dii: L1[_4038_], i: L0[_4039_], put: L1[_4040_] -> L0[_4041_] -> L0[_4042_] -> L1[_4043_]
[16:16:34.813278]	BEG Concrete search
[16:16:34.817277]	BEG Depth 2
[16:16:34.817428]	BEG Size 1
[16:16:35.476401]	END Size 1 : 659 ms
[16:16:35.476549]	Counts:
Total candidates=3183
[16:16:35.476599]	Elapsed time: 114677 ms
[16:16:35.476643]	BEG Size 2
[16:16:36.530048]	END Size 2 : 1054 ms
[16:16:36.530148]	Counts:
Total candidates=8659
[16:16:36.530178]	Elapsed time: 115731 ms
[16:16:36.530212]	BEG Size 3
[16:16:38.523550]	END Size 3 : 1993 ms
[16:16:38.523637]	Counts:
Total candidates=21911
[16:16:38.523681]	Elapsed time: 117724 ms
[16:16:38.523716]	BEG Size 4
[16:16:42.532811]	END Size 4 : 4009 ms
[16:16:42.532908]	Counts:
Total candidates=51527
[16:16:42.532950]	Elapsed time: 121733 ms
[16:16:42.532988]	BEG Size 5
[16:16:49.778551]	END Size 5 : 7246 ms
[16:16:49.778648]	Counts:
Total candidates=108229
[16:16:49.778722]	Elapsed time: 128979 ms
[16:16:49.778769]	BEG Size 6
[16:17:14.497983]	END Size 6 : 24719 ms
[16:17:14.498075]	Counts:
Total candidates=254585
[16:17:14.498101]	Elapsed time: 153699 ms
[16:17:14.498126]	BEG Size 7
[16:17:52.089503]	END Size 7 : 37591 ms
[16:17:52.089603]	Counts:
Total candidates=509382
[16:17:52.089648]	Elapsed time: 191290 ms
[16:17:52.089693]	BEG Size 8
[16:20:02.503717]	END Size 8 : 130414 ms
[16:20:02.503827]	Counts:
Total candidates=1125343
[16:20:02.503860]	Elapsed time: 321704 ms
[16:20:02.503889]	BEG Size 9
[16:22:07.111253]	END Size 9 : 124608 ms
[16:22:07.111345]	Counts:
Total candidates=1966048
[16:22:07.111377]	Elapsed time: 446312 ms
[16:22:07.111404]	BEG Size 10
[16:27:02.304137]	END Size 10 : 295193 ms
[16:27:02.304236]	Counts:
Total candidates=3470377
[16:27:02.304277]	Elapsed time: 741505 ms
[16:27:02.304333]	STOPPED AT SIZE 10
[16:27:02.304376]	END Depth 2 : 627487 ms
[16:27:02.304414]	Counts:
Total candidates=3470377
[16:27:02.304449]	Elapsed time: 741505 ms
[16:27:02.304480]	STOPPED AT DEPTH 2
[16:27:02.304526]	END Concrete search : 627491 ms
[16:27:02.304561]	Counts:
Total candidates=3470377
[16:27:02.304595]	Elapsed time: 741505 ms
[16:27:02.304636]	FINAL SOLUTIONS:
[16:27:02.304777]	b: L0[], chain: L1[V0, V1] -> L1[V1, V2] -> L1[V0, V2], dbb: L1[L0[], L0[]], dbi: L1[L0[], L8[]], dib: L1[L8[], L0[]], dii: L1[L8[], L8[]], i: L8[], put: L1[V0, V1] -> V0 -> V1 -> L1[V0, V1]
b: L0[], chain: L1[V0, V1] -> L1[V1, V2] -> L1[V0, V2], dbb: L1[L0[], L0[]], dbi: L1[L0[], L8[]], dib: L1[L8[], L0[]], dii: L1[L8[], L8[]], i: L8[], put: L1[V0, V1] -> V0 -> V1 -> L1[V0, V2]
b: L0[], chain: L1[V0, V1] -> L1[V2, V0] -> L1[V2, V1], dbb: L1[L0[], L0[]], dbi: L1[L8[], L0[]], dib: L1[L0[], L8[]], dii: L1[L8[], L8[]], i: L8[], put: L1[V1, V0] -> V0 -> V1 -> L1[V1, V0]
b: L0[], chain: L1[V0, V1] -> L1[V2, V0] -> L1[V2, V1], dbb: L1[L0[], L0[]], dbi: L1[L8[], L0[]], dib: L1[L0[], L8[]], dii: L1[L8[], L8[]], i: L8[], put: L1[V1, V0] -> V0 -> V1 -> L1[V2, V0]
[16:27:02.304823]	Counts:
Total candidates=3470377
[16:27:02.304850]	Total time: 741505 ms
